visit_id,visit_source_patient_id,patient_name,mobile,village,visit_date,visit_type,facility_id,episode_id,clinical_status,referral_flag
VIS0000003,VIP0000002,Mohan Laxman,9136944279,Bodajanampet,2026-08-20,Follow-up review,FAC004,E0000003,Needs escalation,No
VIS0000005,VIP0000003,Mohan Narsimha,9484336710,Kondamallepally,2026-07-06,Follow-up review,FAC011,E0000004,Needs escalation,No
VIS0000009,VIP0000005,Anitha Narsimha,9474992238,Devarakonda,2026-04-15,Follow-up review,FAC011,E0000007,Stable,Yes
VIS0000011,VIP0000006,Ramesh Begum,9645420540,Kangti,2026-03-03,Follow-up review,FAC020,E0000008,Needs escalation,No
VIS0000013,VIP0000006,Ramesh Begum,+91-96454-20540,Kangti,2026-08-04,Follow-up review,FAC019,E0000009,Needs escalation,No
VIS0000017,VIP0000008,Bhavani Mudiraj,9308761512,Patancheru,2026-05-08,Follow-up review,FAC025,E0000012,Needs escalation,No
VIS0000019,VIP0000008,Bhavani Mudiraj,9308761532,Patancheru,2026-06-17,Follow-up review,FAC025,E0000013,Improved,No
VIS0000021,VIP0000008,Bhavani Mudiraj,9308761512,Patancheru,2026-08-15,Follow-up review,FAC027,E0000014,Stable,No
VIS0000023,VIP0000009,Srinivas Khan,9409240836,Rajapur,2026-04-16,Follow-up review,FAC006,E0000015,Improved,No
VIS0000025,VIP0000010,Naveen Narsimha,9708842628,Nermata,2026-05-13,Follow-up review,FAC015,E0000016,Stable,Yes
VIS0000028,VIP0000011,Ravi Naik,9412818675,Kangti,2026-07-09,Follow-up review,FAC020,E0000018,Stable,Yes
VIS0000030,VIP0000011,Ravi Naik,9412818675,Kangti,2026-08-19,Follow-up review,FAC020,E0000019,Needs escalation,No
VIS0000036,VIP0000015,Mahesh Mallaiah,,Kallepally,2026-08-11,Follow-up review,FAC004,E0000024,Needs escalation,Yes
VIS0000038,VIP0000016,wenkatesh Krishna,9930258785,Donur,2026-02-09,Follow-up review,FAC007,E0000025,Needs escalation,No
VIS0000040,VIP0000016,Venkatesh Krishna,9930258785,Donur,2026-03-15,Follow-up review,FAC009,E0000026,Stable,Yes
VIS0000042,VIP0000017,Nirmala Khan,9981693793,Midjil,2026-08-05,Follow-up review,FAC009,E0000027,Stable,No
VIS0000049,VIP0000022,Suresh Narsimha,9515346534,Mogudampally,2026-07-29,Follow-up review,FAC023,E0000033,Needs escalation,No
VIS0000051,VIP0000022,Suresh Narsimha,9515346534,Mogudampall,2026-08-24,Follow-up review,FAC022,E0000034,Needs escalation,No
VIS0000055,VIP0000025,Sushma Begum,9748917883,Devarakonda,2026-03-28,Follow-up review,FAC011,E0000037,Improved,No
VIS0000057,VIP0000025,Sushma Begum,9748917883,Devarakonda,2026-05-15,Follow-up review,FAC012,E0000038,Needs escalation,Yes
VIS0000060,VIP0000027,Mohan Naik,9799196363,Narayankhed,2026-03-02,Follow-up review,FAC019,E0000040,Stable,No
VIS0000064,VIP0000029,Raju Goud,9915458298,Manoor,2026-06-11,Follow-up review,FAC019,E0000043,Needs escalation,Yes
VIS0000066,VIP0000030,Ramesh Mallaiah,+91-99344-13959,Kummarikunta,2026-03-15,Follow-up review,FAC013,E0000044,Improved,No
VIS0000068,VIP0000030,Ramesh Mallaiah,9934413959,Kummarikunta,2026-09-11,Follow-up review,FAC015,E0000045,Stable,No
VIS0000070,VIP0000031,Lalitha Begum,9911829301,Balanaga,2026-04-05,Follow-up review,FAC006,E0000046,Stable,No
VIS0000072,VIP0000032,Kiran Patel,+91-90759-35742,Gundlapally,2026-07-21,Follow-up review,FAC012,E0000047,Improved,No
VIS0000075,VIP0000033,Anil Chary,9738367208,Bodajanampet,2026-01-08,Follow-up review,FAC005,E0000049,Stable,No
VIS0000077,VIP0000034,Bhavani Mudiraj,9653959646,Peddadinne,2026-03-28,Follow-up review,FAC012,E0000050,Improved,No
VIS0000080,VIP0000035,Sushma Mallaiah,+91-92047-37240,Nermata,2026-03-16,Follow-up review,FAC013,E0000052,Needs escalation,No
VIS0000082,VIP0000036,Mounika Laxman,9003321988,Rajapur,2026-04-14,Follow-up review,FAC006,E0000053,Improved,No
VIS0000086,VIP0000038,Kiran Narsimha,+91-90150-29620,Bangarigadda,2026-04-07,Follow-up review,FAC014,E0000056,Stable,No
VIS0000092,VIP0000042,Anjali Devi,9691832534,Kondamallepally,2026-03-02,Follow-up review,FAC010,E0000061,Improved,No
VIS0000095,VIP0000044,Arun Basha,9455510789,CHANDUR,2026-03-31,Follow-up review,FAC014,E0000063,Needs escalation,No
VIS0000099,VIP0000045,Shankar Jangam,9669555707,Balanagar,2026-07-07,Follow-up review,FAC006,E0000066,Needs escalation,No
VIS0000101,VIP0000046,Kiran Patel,9089031420,Kohir,2026-05-03,Follow-up review,FAC022,E0000067,Improved,Yes
VIS0000104,VIP0000048,Raju Patel,9148658249,Jharasangam,2026-06-25,Follow-up review,FAC022,E0000069,Improved,Yes
VIS0000106,VIP0000049,Harika Khan,9870853389,Nomula,2026-05-02,Follow-up review,FAC017,E0000070,Improved,No
VIS0000108,VIP0000050,Raghav Laxman,9875287515,Badepally,2026-01-26,Follow-up review,FAC003,E0000071,Stable,No
VIS0000110,VIP0000051,Anitha Basha,9444381461,Bhanur,2026-03-07,Follow-up review,FAC025,E0000072,Needs escalation,Yes
VIS0000112,VIP0000052,Kavitha Laxman,9780261502,Badepally,2026-07-11,Follow-up review,FAC003,E0000073,Needs escalation,Yes
VIS0000116,VIP0000054,Harika Das,9123465983,Donur,2026-07-23,Follow-up review,FAC007,E0000076,Improved,No
VIS0000119,VIP0000055,Rani Krishna,9856234226,VEMULA,2026-08-03,Follow-up review,FAC008,E0000078,Needs escalation,No
VIS0000121,VIP0000056,Suresh Laxman,9011664925,MOGUDAMPALLY,2026-01-25,Follow-up review,FAC024,E0000079,Stable,Yes
VIS0000125,VIP0000058,Renuka Rao,9772600865,Midjil,2026-04-25,Follow-up review,FAC008,E0000082,Needs escalation,No
VIS0000127,VIP0000059,Sushma Reddy,9227831042,Chandur,2026-07-12,Follow-up review,FAC015,E0000083,Needs escalation,Yes
VIS0000131,VIP0000061,Santosh Shekar,9248190317,Bangarigadda,2026-02-18,Follow-up review,FAC014,E0000086,Needs escalation,No
VIS0000136,VIP0000064,Praveen Yadav,9520302123,Gangapur,2026-02-18,Follow-up review,FAC002,E0000090,Improved,Yes
VIS0000138,VIP0000065,Sushma Kumar,9761691582,Vemula,2026-01-15,Follow-up review,FAC007,E0000091,Needs escalation,Yes
VIS0000141,VIP0000067,Lakshmi Goud,9121200881,Nakreka,2026-06-07,Follow-up review,FAC018,E0000093,Improved,No
VIS0000143,VIP0000068,Ravi Krishna,9988713034,Manoor,2026-03-12,Follow-up review,FAC021,E0000094,Stable,Yes
VIS0000147,VIP0000071,Raju Krishna,9519899121,Chandur,2026-02-14,Follow-up review,FAC013,E0000097,Improved,No
VIS0000150,VIP0000072,Nveen Patel,9824178781,PEDDADINNE,2026-06-13,Follow-up review,FAC011,E0000099,Needs escalation,No
VIS0000154,VIP0000075,Deepika Jangam,9300346132,Jharasangam,2026-06-23,Follow-up review,FAC022,E0000102,Improved,No
VIS0000156,VIP0000075,Deepika Jangam,9300346832,Jharasanga,2026-08-01,Follow-up review,FAC024,E0000103,Improved,No
VIS0000159,VIP0000076,Mohan Goud,9416057868,Nakrekal,2026-08-15,Follow-up review,FAC018,E0000105,Stable,No
VIS0000164,VIP0000079,Suresh Goud,9337649750,KUMMARIKUNTA,2026-07-19,Follow-up review,FAC014,E0000109,Improved,Yes
VIS0000166,VIP0000080,Nirmala Das,9279660339,Narayankhed,2026-06-03,Follow-up review,FAC019,E0000110,Needs escalation,No
VIS0000168,VIP0000081,Srinivas Naik,+91-97070-39897,Vemula,2026-05-06,Follow-up review,FAC009,E0000111,Needs escalation,Yes
VIS0000170,VIP0000081,Srinivas Naik,9707039897,Vemula,2026-07-08,Follow-up review,FAC008,E0000112,Stable,Yes
VIS0000173,VIP0000082,Srinivas Laxman,+91-96417-22497,Nakreka,2026-03-24,Follow-up review,FAC016,E0000114,Stable,Yes
VIS0000175,VIP0000083,Swathi Mudiraj,9222033108,Midji,2026-02-26,Follow-up review,FAC007,E0000115,Improved,No
VIS0000179,VIP0000084,Naveen Laxman,9558705212,Patancheru,2026-07-10,Follow-up review,FAC025,E0000118,Improved,Yes
VIS0000181,VIP0000085,Rajesh Mallaiah,9558260275,Marrur,2026-01-24,Follow-up review,FAC018,E0000119,Needs escalation,No
VIS0000184,VIP0000086,Vinod Reddy,9112461912,Ameenpur,2026-09-03,Follow-up review,FAC025,E0000121,Improved,No
VIS0000186,VIP0000087,Shnkar Khan,9358250512,Gangapur,2026-07-11,Follow-up review,FAC001,E0000122,Stable,Yes
VIS0000189,VIP0000089,Raju Laxman,9124740742,Peddadinne,2026-08-09,Follow-up review,FAC010,E0000124,Stable,No
VIS0000193,VIP0000091,Raju Kumar,9055666888,MIDJIL,2026-04-14,Follow-up review,FAC009,E0000127,Needs escalation,No
VIS0000197,VIP0000093,Arun Khan,9018785075,Velpula,2026-06-09,Follow-up review,FAC007,E0000130,Improved,Yes
VIS0000200,VIP0000093,Arun Khan,9018785075,Velpula,2026-09-11,Follow-up review,FAC008,E0000132,Stable,No
VIS0000202,VIP0000094,Harika Patel,9024547152,Marrur,2026-07-31,Follow-up review,FAC018,E0000133,Stable,No
VIS0000204,VIP0000095,Kavitha Naik,9637239553,Bhanur,2026-04-25,Follow-up review,FAC026,E0000134,Needs escalation,Yes
VIS0000207,VIP0000096,sobha Shekar,9628924526,Macharam,2026-09-04,Follow-up review,FAC003,E0000136,Needs escalation,Yes
VIS0000209,VIP0000097,Mahesh Mallaiah,9404721485,Midjil,2026-04-01,Follow-up review,FAC009,E0000137,Stable,Yes
VIS0000213,VIP0000100,Lakshmi Mallaiah,+91-95123-51181,Vemula,2026-06-05,Follow-up review,FAC008,E0000140,Needs escalation,Yes
VIS0000215,VIP0000100,Lakshmi Mallaiah,9512351181,Vemula,2026-08-23,Follow-up review,FAC009,E0000141,Improved,Yes
VIS0000218,VIP0000102,Renuka Laxman,9264899486,Bhanur,2026-06-03,Follow-up review,FAC026,E0000143,Needs escalation,No
VIS0000221,VIP0000104,Harika Laxman,+91-98006-92610,Vemul,2026-05-11,Follow-up review,FAC008,E0000145,Improved,Yes
VIS0000223,VIP0000105,Shankar Yadav,9442198767,Macharam,2026-05-18,Follow-up review,FAC001,E0000146,Improved,No
VIS0000225,VIP0000105,Shankar Yadav,9442198767,Macharam,2026-07-02,Follow-up review,FAC001,E0000147,Stable,No
VIS0000229,VIP0000107,Lalitha Das,9856986087,Marrur,2026-07-07,Follow-up review,FAC017,E0000150,Needs escalation,No
VIS0000233,VIP0000110,Shobha Jangam,+91-96027-48783,Marrur,2026-01-14,Follow-up review,FAC018,E0000153,Needs escalation,Yes
VIS0000237,VIP0000111,Shobha Das,,NERMATA,2026-08-31,Follow-up review,FAC015,E0000156,Needs escalation,Yes
VIS0000240,VIP0000113,Anil Patel,9561627782,Donur,2026-03-24,Follow-up review,FAC008,E0000158,Stable,Yes
VIS0000242,VIP0000114,Sriltha Laxman,9582233359,Kalher,2026-03-05,Follow-up review,FAC020,E0000159,Improved,No
VIS0000244,VIP0000115,Shankar Das,9663503494,Balanagar,2026-03-14,Follow-up review,FAC006,E0000160,Stable,No
VIS0000247,VIP0000115,Shankar Das,9663503494,Balanagar,2026-05-22,Follow-up review,FAC004,E0000162,Needs escalation,No
VIS0000251,VIP0000117,Sai Khan,9441381683,Nermata,2026-08-04,Follow-up review,FAC014,E0000165,Needs escalation,No
VIS0000257,VIP0000121,Rajesh Khan,9960417005,Nakrekal,2026-08-08,Follow-up review,FAC018,E0000170,Improved,No
VIS0000259,VIP0000122,Naresh Devi,9826315456,Kallepally,2026-08-03,Follow-up review,FAC006,E0000171,Improved,No
VIS0000261,VIP0000123,Kiran Reddy,9149323216,Kalher,2026-08-05,Follow-up review,FAC020,E0000172,Stable,No
VIS0000263,VIP0000124,Lalitha Begum,9898723895,Nermat,2026-03-11,Follow-up review,FAC014,E0000173,Improved,Yes
VIS0000265,VIP0000125,Santosh Krishna,9745057244,Gundlapally,2026-08-24,Follow-up review,FAC011,E0000174,Stable,Yes
VIS0000267,VIP0000126,Divya Patel,9982601319,Chandur,2026-06-12,Follow-up review,FAC014,E0000175,Improved,Yes
VIS0000271,VIP0000127,Shankar Laxman,9174299050,Gundlapally,2026-07-25,Follow-up review,FAC011,E0000178,Improved,No
VIS0000274,VIP0000128,Santosh Rao,9702187522,Marru,2026-06-20,Follow-up review,FAC016,E0000180,Improved,Yes
VIS0000276,VIP0000129,Srinivas Mallaiah,9968000901,Chandur,2026-02-03,Follow-up review,FAC015,E0000181,Improved,Yes
VIS0000279,VIP0000130,Padma Patel,9091128606,BALANAGAR,2026-06-27,Follow-up review,FAC004,E0000183,Improved,No
VIS0000283,VIP0000132,Vinod Rao,9121639737,Jharasangam,2026-05-12,Follow-up review,FAC024,E0000186,Improved,No
VIS0000285,VIP0000132,Vinod Rao,9121639737,Jharasangam,2026-08-24,Follow-up review,FAC023,E0000187,Improved,No
VIS0000290,VIP0000135,Bhawani Begum,9820525755,Nermata,2026-06-04,Follow-up review,FAC014,E0000191,Improved,No
VIS0000292,VIP0000136,Srinivas Mallaiah,+91-91562-03416,Mogudampally,2026-07-11,Follow-up review,FAC024,E0000192,Improved,Yes
VIS0000295,VIP0000137,Mohan Jangam,9962592192,Gangapur,2026-06-18,Follow-up review,FAC003,E0000194,Improved,Yes
VIS0000298,VIP0000138,Anil Narsimha,9856131825,Rajapur,2026-07-30,Follow-up review,FAC004,E0000196,Needs escalation,No
VIS0000300,VIP0000138,Anil Narsimha,9856131825,Rajapu,2026-08-27,Follow-up review,FAC004,E0000197,Needs escalation,Yes
VIS0000302,VIP0000139,Divya Rao,9420949393,Bangarigadda,2026-07-03,Follow-up review,FAC015,E0000198,Improved,Yes
VIS0000304,VIP0000139,Divya Rao,9420949393,BANGARIGADDA,2026-08-07,Follow-up review,FAC015,E0000199,Stable,Yes
VIS0000308,VIP0000142,Anitha Laxman,,Ameenpur,2026-05-25,Follow-up review,FAC027,E0000202,Improved,Yes
VIS0000310,VIP0000142,Anitha Laxman,9765981233,Ameenpur,2026-07-02,Follow-up review,FAC027,E0000203,Needs escalation,No
VIS0000321,VIP0000150,Swathi Chary,9859285977,Peddadinne,2026-05-19,Follow-up review,FAC011,E0000213,Stable,No
VIS0000323,VIP0000151,Shankar Laxman,9277058216,Badepally,2026-02-20,Follow-up review,FAC003,E0000214,Improved,No
VIS0000325,VIP0000152,Deepika Mallaiah,9462345036,Indresham,2026-06-21,Follow-up review,FAC027,E0000215,Improved,No
VIS0000327,VIP0000152,Deepika Mallaiah,,Indresham,2026-09-03,Follow-up review,FAC026,E0000216,Stable,No
VIS0000329,VIP0000153,Vinod Chary,+91-91888-32273,Badepally,2026-05-21,Follow-up review,FAC002,E0000217,Improved,No
VIS0000331,VIP0000154,Lakshmi Khan,9667296627,Patancheru,2026-05-06,Follow-up review,FAC025,E0000218,Improved,Yes
VIS0000334,VIP0000155,Kavitha Yadav,9398476624,RAJAPUR,2026-07-25,Follow-up review,FAC006,E0000220,Stable,Yes
VIS0000336,VIP0000156,Praveen Naik,9745036054,Ameenpur,2026-06-29,Follow-up review,FAC027,E0000221,Stable,Yes
VIS0000339,VIP0000158,Shobha Naik,9900148815,RAJAPUR,2026-03-01,Follow-up review,FAC004,E0000223,Stable,No
VIS0000342,VIP0000160,Shobha Basha,9960486930,Nakrekal,2026-03-28,Follow-up review,FAC018,E0000225,Improved,Yes
VIS0000345,VIP0000162,Suresh Chary,9597785778,Kohir,2026-08-20,Follow-up review,FAC024,E0000227,Needs escalation,No
VIS0000347,VIP0000163,Arun Devee,+91-98023-61259,Bangarigadda,2026-02-16,Follow-up review,FAC013,E0000228,Improved,Yes
VIS0000349,VIP0000164,Divya Basha,9241725407,Kohir,2026-08-13,Follow-up review,FAC022,E0000229,Improved,Yes
VIS0000352,VIP0000165,Ramesh Reddy,9434084939,Bhanur,2026-08-12,Follow-up review,FAC025,E0000231,Improved,No
VIS0000355,VIP0000167,Kavitha Rao,9934070984,Kangti,2026-01-31,Follow-up review,FAC020,E0000233,Stable,Yes
VIS0000358,VIP0000168,Anita Basha,9444621490,DONUR,2026-04-11,Follow-up review,FAC009,E0000235,Needs escalation,No
VIS0000360,VIP0000168,Anitha,9444621490,Donur,2026-04-26,Follow-up review,FAC009,E0000236,Needs escalation,No
VIS0000362,VIP0000169,Padma Yadav,9585171060,Gangapur,2026-01-31,Follow-up review,FAC003,E0000237,Stable,No
VIS0000364,VIP0000170,Nirmala Shekar,9561345595,Gundlapally,2026-05-15,Follow-up review,FAC010,E0000238,Improved,No
VIS0000372,VIP0000176,Anitha Chary,9072169574,Velpula,2026-06-20,Follow-up review,FAC008,E0000245,Improved,No
VIS0000374,VIP0000177,Mohan Khan,9970836778,Manoor,2026-05-28,Follow-up review,FAC019,E0000246,Improved,No
VIS0000376,VIP0000178,Raghav Basha,9391543146,Rajapur,2026-03-26,Follow-up review,FAC005,E0000247,Stable,Yes
VIS0000381,VIP0000179,Deepeeka Basha,+91-92688-72332,Macharam,2026-05-02,Follow-up review,FAC003,E0000251,Stable,Yes
VIS0000384,VIP0000181,Nirmala Khan,9979531482,Kalher,2026-04-28,Follow-up review,FAC020,E0000253,Needs escalation,Yes
VIS0000389,VIP0000184,Srinivs Rao,9250778858,Chandur,2026-08-20,Follow-up review,FAC013,E0000257,Needs escalation,Yes
VIS0000391,VIP0000185,Ramesh Naik,9942066634,Ameenpur,2026-03-26,Follow-up review,FAC025,E0000258,Improved,No
VIS0000397,VIP0000190,Padma Krishna,9876532621,Badepally,2026-09-08,Follow-up review,FAC001,E0000263,Improved,No
VIS0000399,VIP0000191,Rajesh Jangam,9766639997,Indresham,2026-04-30,Follow-up review,FAC025,E0000264,Stable,Yes
VIS0000403,VIP0000193,Rajesh Kumar,9184247471,Kohir,2026-07-31,Follow-up review,FAC023,E0000267,Improved,Yes
VIS0000405,VIP0000194,Lalitha Reddy,9284296284,Balanagar,2026-06-04,Follow-up review,FAC004,E0000268,Stable,No
VIS0000409,VIP0000196,Santosh,9195002842,Velpula,2026-08-15,Follow-up review,FAC009,E0000271,Stable,No
VIS0000417,VIP0000201,Saritha Jangam,+91-94908-12921,Kallepally,2026-01-28,Follow-up review,FAC004,E0000278,Needs escalation,Yes
VIS0000419,VIP0000202,Rajesh Krishna,9287157096,Mangalapally,2026-04-09,Follow-up review,FAC016,E0000279,Needs escalation,No
VIS0000422,VIP0000203,Saritha Reddy,9617846496,Kondamallepally,2026-06-12,Follow-up review,FAC010,E0000281,Improved,No
VIS0000426,VIP0000205,Renuka Jangam,,Velpula,2026-06-04,Follow-up review,FAC009,E0000284,Needs escalation,No
VIS0000428,VIP0000206,Venkatesh Reddy,9069744993,Marru,2026-04-04,Follow-up review,FAC018,E0000285,Improved,Yes
VIS0000430,VIP0000207,Naveen Krishna,9651349769,Nomula,2026-02-20,Follow-up review,FAC017,E0000286,Stable,Yes
VIS0000432,VIP0000208,Santosh Yadav,9957761850,Vemula,2026-08-09,Follow-up review,FAC007,E0000287,Stable,No
VIS0000435,VIP0000210,Suresh Devi,+91-98348-50835,Macharam,2026-03-16,Follow-up review,FAC002,E0000289,Stable,Yes
VIS0000438,VIP0000212,Vinod Naik,9068838441,Nakrekal,2026-02-24,Follow-up review,FAC017,E0000291,Improved,No
VIS0000440,VIP0000213,Anjali Begum,9356683089,Kangti,2026-03-26,Follow-up review,FAC019,E0000292,Needs escalation,No
VIS0000448,VIP0000218,Deepika Devi,,Ameenpur,2026-02-27,Follow-up review,FAC025,E0000299,Stable,No
VIS0000451,VIP0000219,Ramesh Devi,9057014900,Ameenpur,2026-02-10,Follow-up review,FAC025,E0000301,Improved,Yes
VIS0000454,VIP0000221,Lalitha Khan,9418192442,Macharam,2026-08-07,Follow-up review,FAC001,E0000303,Stable,Yes
VIS0000458,VIP0000224,Divya Mudiraj,9141008732,Indresham,2026-04-04,Follow-up review,FAC027,E0000306,Stable,Yes
VIS0000462,VIP0000226,Mounika Khan,9524543068,Nomul,2026-05-27,Follow-up review,FAC016,E0000309,Improved,No
VIS0000464,VIP0000227,Nresh Mallaiah,9625504089,NERMATA,2026-03-29,Follow-up review,FAC014,E0000310,Stable,No
VIS0000466,VIP0000228,Saritha Narsimha,9249161990,Balanagar,2026-07-28,Follow-up review,FAC006,E0000311,Improved,No
VIS0000468,VIP0000229,Suresh Mallaiah,+91-98945-22020,MOGUDAMPALLY,2026-08-19,Follow-up review,FAC023,E0000312,Stable,No
VIS0000475,VIP0000233,Lakshmi Das,9254180472,Indresham,2026-08-20,Follow-up review,FAC027,E0000318,Stable,No
VIS0000478,VIP0000235,Raju Mallaiah,9360308302,Nomula,2026-02-19,Follow-up review,FAC017,E0000320,Needs escalation,No
VIS0000482,VIP0000238,Harika Jangam,,Kallepally,2026-03-26,Follow-up review,FAC006,E0000323,Improved,Yes
VIS0000485,VIP0000239,Sai Basha,9955877156,Kangti,2026-04-08,Follow-up review,FAC021,E0000325,Improved,No
VIS0000487,VIP0000240,Mohan Das,+91-97012-59940,Donur,2026-04-05,Follow-up review,FAC008,E0000326,Improved,No
VIS0000494,VIP0000243,Saritha Kumar,9978632172,Patancheru,2026-04-02,Follow-up review,FAC025,E0000332,Improved,No
VIS0000496,VIP0000244,Deepika Rao,9392121059,Peddadinne,2026-03-19,Follow-up review,FAC011,E0000333,Improved,No
VIS0000499,VIP0000246,Raju Basha,9070166123,Bhanur,2026-06-11,Follow-up review,FAC027,E0000335,Needs escalation,No
VIS0000501,VIP0000247,winod Mallaiah,+91-95316-35484,Jharasangam,2026-01-30,Follow-up review,FAC022,E0000336,Improved,No
VIS0000503,VIP0000247,Vinod Mallaiah,9531635484,Jharasangam,2026-03-25,Follow-up review,FAC024,E0000337,Needs escalation,Yes
VIS0000505,VIP0000248,Rani,9810099446,JHARASANGAM,2026-06-11,Follow-up review,FAC023,E0000338,Improved,No
VIS0000508,VIP0000249,Ravi Shekar,9405585752,Narayankhed,2026-08-25,Follow-up review,FAC021,E0000340,Improved,No
VIS0000511,VIP0000250,Suresh Basha,9240164478,Rajapur,2026-07-07,Follow-up review,FAC005,E0000342,Stable,Yes
VIS0000517,VIP0000254,Renuka Narsimha,9289635139,Rajapur,2026-08-10,Follow-up review,FAC005,E0000347,Improved,Yes
VIS0000519,VIP0000255,Vinod Goud,9138023290,Kallepally,2026-05-29,Follow-up review,FAC005,E0000348,Needs escalation,No
VIS0000521,VIP0000256,Anitha Devi,9193498002,Kohir,2026-07-08,Follow-up review,FAC023,E0000349,Stable,Yes
VIS0000525,VIP0000258,Saritha Mudiraj,9391188385,Bodajanampet,2026-02-18,Follow-up review,FAC004,E0000352,Stable,Yes
VIS0000527,VIP0000259,Vinod Devi,9303437976,Kangti,2026-09-06,Follow-up review,FAC021,E0000353,Needs escalation,No
VIS0000531,VIP0000261,Srinivas Mudiraj,9766956133,Jharasangam,2026-04-09,Follow-up review,FAC024,E0000356,Improved,Yes
VIS0000533,VIP0000261,Srinivas Mudiraj,9766956103,Jharasangam,2026-05-07,Follow-up review,FAC022,E0000357,Stable,No
VIS0000537,VIP0000263,sobha Basha,9121180513,Manoor,2026-06-14,Follow-up review,FAC019,E0000360,Improved,No
VIS0000541,VIP0000266,Divya Jangam,9684831035,Nakrekal,2026-05-22,Follow-up review,FAC018,E0000363,Stable,No
VIS0000549,VIP0000270,Padma Narsimha,9374880663,Mogudampally,2026-04-08,Follow-up review,FAC024,E0000370,Stable,No
VIS0000552,VIP0000271,Swathi Shekar,9562492079,Kallepally,2026-02-09,Follow-up review,FAC004,E0000372,Needs escalation,No
VIS0000555,VIP0000273,Shobha Jangam,9660771588,Peddadinne,2026-04-20,Follow-up review,FAC010,E0000374,Improved,No
VIS0000560,VIP0000276,Jyothi Reddy,+91-94686-00434,Donur,2026-03-02,Follow-up review,FAC007,E0000378,Stable,No
VIS0000562,VIP0000276,Jyothi Reddy,9468600434,DONUR,2026-03-13,Follow-up review,FAC009,E0000379,Needs escalation,Yes
VIS0000564,VIP0000277,Arun Khan,,Manoor,2026-05-01,Follow-up review,FAC021,E0000380,Stable,Yes
VIS0000566,VIP0000278,Lalitha Narsimha,9533526883,Kondamallepally,2026-02-04,Follow-up review,FAC012,E0000381,Improved,Yes
VIS0000568,VIP0000278,Lalitha Narsimha,,Kondamallepall,2026-04-08,Follow-up review,FAC012,E0000382,Needs escalation,No
VIS0000570,VIP0000278,Lalitha Narsimha,+91-95335-26883,Kondamallepally,2026-05-10,Follow-up review,FAC012,E0000383,Improved,Yes
VIS0000572,VIP0000279,Raju Shekar,9899104472,Badepally,2026-02-16,Follow-up review,FAC001,E0000384,Stable,No
VIS0000574,VIP0000280,Mounika Krishna,9123014780,Kangt,2026-05-15,Follow-up review,FAC020,E0000385,Needs escalation,No
VIS0000576,VIP0000281,Mohan Begum,9500079366,Marrur,2026-05-03,Follow-up review,FAC017,E0000386,Needs escalation,Yes
VIS0000580,VIP0000283,Anjali Yadav,9406213317,Chandur,2026-08-13,Follow-up review,FAC013,E0000389,Needs escalation,No
VIS0000585,VIP0000287,Lakshmi Patel,9185626521,Gundlapally,2026-08-09,Follow-up review,FAC012,E0000393,Stable,No
VIS0000587,VIP0000288,Renuka Chary,9985053811,Rajapur,2026-02-27,Follow-up review,FAC005,E0000394,Stable,No
VIS0000589,VIP0000289,Sushma Narsimha,9941016188,GANGAPUR,2026-07-22,Follow-up review,FAC003,E0000395,Needs escalation,No
VIS0000596,VIP0000294,Kavitha Krishna,9815047890,KOHIR,2026-07-16,Follow-up review,FAC024,E0000401,Stable,No
VIS0000598,VIP0000295,Divya Begum,9060672234,Gangapur,2026-08-26,Follow-up review,FAC001,E0000402,Needs escalation,No
VIS0000602,VIP0000297,Praveen Jangam,9058492289,MARRUR,2026-08-13,Follow-up review,FAC018,E0000405,Stable,No
VIS0000606,VIP0000300,Mounika Rao,,Chandur,2026-03-27,Follow-up review,FAC014,E0000408,Needs escalation,No
VIS0000608,VIP0000301,Renuka Devi,9545261495,Balanagar,2026-06-21,Follow-up review,FAC004,E0000409,Improved,No
VIS0000610,VIP0000301,Renuka Devi,9545261495,Balanagar,2026-08-18,Follow-up review,FAC006,E0000410,Improved,No
VIS0000614,VIP0000304,Deepika Narsimha,9253454521,Kummarikunta,2026-07-22,Follow-up review,FAC015,E0000413,Improved,Yes
VIS0000616,VIP0000305,Kiran Begum,9453813181,Mogudampally,2026-02-16,Follow-up review,FAC024,E0000414,Stable,Yes
VIS0000618,VIP0000306,Anjali Begum,9256593173,KALLEPALLY,2026-03-15,Follow-up review,FAC004,E0000415,Stable,No
VIS0000621,VIP0000307,Mounika Kumar,9508903840,Kangti,2026-05-24,Follow-up review,FAC021,E0000417,Improved,No
VIS0000625,VIP0000309,Swthi Rao,,Kalher,2026-07-22,Follow-up review,FAC021,E0000420,Needs escalation,Yes
VIS0000628,VIP0000310,Sushma Basha,9173503702,Marrur,2026-07-24,Follow-up review,FAC016,E0000422,Stable,No
VIS0000633,VIP0000313,Kiran Krishna,9670022526,Jharasangam,2026-07-14,Follow-up review,FAC023,E0000426,Stable,Yes
VIS0000635,VIP0000314,Venkatesh Krishna,9918628533,Mogudampally,2026-05-02,Follow-up review,FAC023,E0000427,Improved,No
VIS0000638,VIP0000316,Shobha Narsimha,9480796944,Polepalli,2026-05-21,Follow-up review,FAC002,E0000429,Needs escalation,Yes
VIS0000641,VIP0000318,Padma Krishna,9295841079,Peddadinne,2026-08-06,Follow-up review,FAC011,E0000431,Needs escalation,No
VIS0000644,VIP0000320,Anitha Rao,9540875088,Ameenpur,2026-05-15,Follow-up review,FAC026,E0000433,Needs escalation,No
VIS0000648,VIP0000323,Raghav Shekar,9429031280,Kummarikunta,2026-07-25,Follow-up review,FAC013,E0000436,Stable,No
VIS0000650,VIP0000323,Raghav Shekar,9449031280,Kummarikunta,2026-09-08,Follow-up review,FAC013,E0000437,Needs escalation,Yes
VIS0000653,VIP0000325,Kavitha Mudiraj,9276533548,Peddadinne,2026-01-28,Follow-up review,FAC012,E0000439,Needs escalation,Yes
VIS0000656,VIP0000327,Anitha,9800729910,Midjil,2026-08-31,Follow-up review,FAC008,E0000441,Improved,No
VIS0000659,VIP0000329,Srinivas Jangam,9666707373,Kondamallepally,2026-08-07,Follow-up review,FAC012,E0000443,Needs escalation,No
VIS0000663,VIP0000331,Rni Goud,9068925694,Kohir,2026-04-30,Follow-up review,FAC022,E0000446,Needs escalation,Yes
VIS0000665,VIP0000332,Jyothi Mallaiah,9999545946,Marrur,2026-06-13,Follow-up review,FAC016,E0000447,Needs escalation,No
VIS0000667,VIP0000333,Santosh Rao,9045359811,Gangapur,2026-08-22,Follow-up review,FAC002,E0000448,Needs escalation,No
VIS0000669,VIP0000334,Kiran Krisna,9349204263,Patancheru,2026-07-17,Follow-up review,FAC026,E0000449,Needs escalation,Yes
VIS0000672,VIP0000335,Kavitha Kumar,9368427867,Bodajanampet,2026-03-17,Follow-up review,FAC004,E0000451,Needs escalation,Yes
VIS0000674,VIP0000335,Kavitha Kumar,9368427867,Bodajanampet,2026-07-17,Follow-up review,FAC005,E0000452,Needs escalation,Yes
VIS0000679,VIP0000338,Veenod Naik,9446224555,Bhanur,2026-07-04,Follow-up review,FAC026,E0000456,Stable,No
VIS0000682,VIP0000339,Jyothi Goud,9815927753,Ameenpur,2026-06-16,Follow-up review,FAC027,E0000458,Needs escalation,Yes
VIS0000684,VIP0000339,Jyothi Goud,9815927753,Ameenpur,2026-08-14,Follow-up review,FAC025,E0000459,Stable,Yes
VIS0000686,VIP0000340,Srinivas Patel,9267316795,Macharam,2026-06-02,Follow-up review,FAC003,E0000460,Needs escalation,No
VIS0000689,VIP0000342,Anitha Das,9106864080,Vemula,2026-03-31,Follow-up review,FAC007,E0000462,Needs escalation,Yes
VIS0000691,VIP0000343,Sushma Narseemha,+91-96131-87646,Indresham,2026-07-08,Follow-up review,FAC026,E0000463,Stable,Yes
VIS0000693,VIP0000344,Suresh Krishna,9312396771,Vemula,2026-09-04,Follow-up review,FAC009,E0000464,Stable,No
VIS0000695,VIP0000345,Ravi Mallaiah,9836481191,Zaheerabad,2026-02-18,Follow-up review,FAC024,E0000465,Improved,No
VIS0000704,VIP0000351,Santosh Das,9180146400,Ameenpur,2026-07-26,Follow-up review,FAC026,E0000473,Needs escalation,No
VIS0000707,VIP0000353,Ravi Begum,+91-93227-16441,Indresham,2026-08-25,Follow-up review,FAC026,E0000475,Improved,No
VIS0000710,VIP0000355,Deepika Begum,9805957891,Devarakonda,2026-06-03,Follow-up review,FAC012,E0000477,Improved,No
VIS0000712,VIP0000356,Mohan Chary,9007960112,Vemula,2026-06-07,Follow-up review,FAC007,E0000478,Stable,No
VIS0000716,VIP0000358,Nirmala Laxman,9113072751,Nomula,2026-05-26,Follow-up review,FAC016,E0000481,Stable,Yes
VIS0000718,VIP0000359,Vinod Devi,9985762331,Mogudampally,2026-06-17,Follow-up review,FAC022,E0000482,Improved,No
VIS0000720,VIP0000360,Suresh Chary,9351145056,Ameenpur,2026-02-10,Follow-up review,FAC025,E0000483,Improved,No
VIS0000722,VIP0000361,Swati Laxman,+91-91064-81881,Nakrekal,2026-06-26,Follow-up review,FAC018,E0000484,Improved,Yes
VIS0000726,VIP0000363,Ravi Mudiraj,9731273383,Peddadinne,2026-06-27,Follow-up review,FAC010,E0000487,Improved,No
VIS0000728,VIP0000364,Sushma Das,9443777579,Kohir,2026-07-14,Follow-up review,FAC024,E0000488,Needs escalation,Yes
VIS0000730,VIP0000364,Sushma Das,9443777579,Kohir,2026-08-06,Follow-up review,FAC024,E0000489,Stable,No
VIS0000736,VIP0000369,Sai Mallaiah,,Kohir,2026-03-27,Follow-up review,FAC022,E0000494,Stable,No
VIS0000741,VIP0000372,Jyothi Yadav,+91-98357-93200,Polepalli,2026-09-08,Follow-up review,FAC001,E0000498,Improved,Yes
VIS0000743,VIP0000373,Vinod Reddy,9868050931,Mogudampally,2026-03-11,Follow-up review,FAC024,E0000499,Stable,Yes
VIS0000746,VIP0000374,Swathi Jangam,9911841703,Kummarikunta,2026-05-08,Follow-up review,FAC013,E0000501,Needs escalation,No
VIS0000750,VIP0000376,Rni Chary,9365870284,Nakrekal,2026-03-08,Follow-up review,FAC016,E0000504,Improved,Yes
VIS0000752,VIP0000377,Rajesh Mudiraj,9140005385,Velpula,2026-04-23,Follow-up review,FAC009,E0000505,Needs escalation,No
VIS0000754,VIP0000377,Rajesh Mudiraj,9140005385,Velpula,2026-04-21,Follow-up review,FAC008,E0000506,Improved,No
VIS0000758,VIP0000379,Rani Goud,9683995229,Donur,2026-03-10,Follow-up review,FAC009,E0000509,Stable,Yes
VIS0000760,VIP0000379,Rani Goud,+91-96839-95229,Donur,2026-04-23,Follow-up review,FAC008,E0000510,Needs escalation,Yes
VIS0000762,VIP0000379,Rani Goud,9683995229,Donur,2026-05-17,Follow-up review,FAC009,E0000511,Stable,No
VIS0000764,VIP0000380,Naveen Basha,,Indresham,2026-02-28,Follow-up review,FAC025,E0000512,Needs escalation,No
VIS0000767,VIP0000382,Venkatesh Naik,9351309311,Gangapur,2026-07-29,Follow-up review,FAC001,E0000514,Needs escalation,Yes
VIS0000770,VIP0000383,Raghav Mallaiah,9322594547,Nomula,2026-04-21,Follow-up review,FAC016,E0000516,Improved,No
VIS0000772,VIP0000383,Raghav Mallaiah,9322594547,Nomula,2026-05-26,Follow-up review,FAC018,E0000517,Improved,Yes
VIS0000776,VIP0000385,Swathi Rao,9757826930,Manoor,2026-02-14,Follow-up review,FAC021,E0000520,Stable,No
VIS0000780,VIP0000387,Kiran Mallaiah,9326327552,Narayankhed,2026-08-16,Follow-up review,FAC020,E0000523,Needs escalation,No
VIS0000783,VIP0000389,Mounika Goud,9449470513,Kummarikunta,2026-06-17,Follow-up review,FAC015,E0000525,Improved,No
VIS0000787,VIP0000391,Raju Mallaiah,+91-90741-23488,Mogudampally,2026-06-22,Follow-up review,FAC022,E0000528,Needs escalation,No
VIS0000789,VIP0000392,Arun Jangam,9997933254,Bangarigadda,2026-06-13,Follow-up review,FAC015,E0000529,Improved,No
VIS0000792,VIP0000394,Sai Basha,,Kallepally,2026-01-25,Follow-up review,FAC004,E0000531,Stable,No
VIS0000794,VIP0000395,Naveen Reddy,9727728558,Narayankhed,2026-08-24,Follow-up review,FAC021,E0000532,Needs escalation,No
VIS0000800,VIP0000399,Lakshmi Goud,,Kohir,2026-06-07,Follow-up review,FAC022,E0000537,Improved,Yes
VIS0000802,VIP0000400,Rani Shekar,9662507085,Indresham,2026-08-09,Follow-up review,FAC026,E0000538,Improved,Yes
VIS0000804,VIP0000401,Srinivas Goud,9381264022,Marru,2026-08-01,Follow-up review,FAC016,E0000539,Needs escalation,Yes
VIS0000807,VIP0000402,Rjesh Mallaiah,+91-97981-34725,Bhanur,2026-04-30,Follow-up review,FAC027,E0000541,Stable,No
VIS0000809,VIP0000403,Si Laxman,9444028700,Ameenpur,2026-07-30,Follow-up review,FAC025,E0000542,Needs escalation,No
VIS0000817,VIP0000407,Divya Kumar,9768383491,Kummarikunta,2026-04-09,Follow-up review,FAC014,E0000549,Improved,No
VIS0000819,VIP0000408,Naresh Chary,9731816254,Donur,2026-02-20,Follow-up review,FAC008,E0000550,Stable,No
VIS0000821,VIP0000409,Praveen Devi,9139819862,Macharam,2026-05-20,Follow-up review,FAC003,E0000551,Stable,No
VIS0000825,VIP0000412,Saritha,9988563079,Ameenpur,2026-06-14,Follow-up review,FAC026,E0000554,Needs escalation,No
VIS0000831,VIP0000417,Srinivas Jangam,9847071293,Kondamallepally,2026-05-21,Follow-up review,FAC011,E0000559,Improved,No
VIS0000834,VIP0000417,Srinivas Jangam,9847071293,Kondamallepally,2026-07-17,Follow-up review,FAC012,E0000561,Stable,No
VIS0000836,VIP0000418,Renuka Goud,9824016040,Bangarigadda,2026-04-19,Follow-up review,FAC013,E0000562,Stable,No
VIS0000839,VIP0000419,Mahesh Kumar,9212914596,Nakrekal,2026-04-07,Follow-up review,FAC018,E0000564,Stable,No
VIS0000842,VIP0000421,Sushma Begum,,Patancheru,2026-05-05,Follow-up review,FAC027,E0000566,Improved,No
VIS0000844,VIP0000421,Susma Begum,+91-96852-96714,Patancheru,2026-07-03,Follow-up review,FAC027,E0000567,Improved,No
VIS0000846,VIP0000422,Ravi Krishna,9353933438,Nermata,2026-05-17,Follow-up review,FAC014,E0000568,Needs escalation,No
VIS0000849,VIP0000423,Sushma Khan,9037656644,Rajapur,2026-06-10,Follow-up review,FAC006,E0000570,Improved,No
VIS0000851,VIP0000423,Sushma Khan,9037656644,Rajapur,2026-07-01,Follow-up review,FAC005,E0000571,Stable,Yes
VIS0000853,VIP0000424,Divya Devi,9526926523,Narayankhed,2026-02-26,Follow-up review,FAC020,E0000572,Improved,No
VIS0000855,VIP0000425,Srinivas Reddy,9883767927,Narayankhed,2026-03-26,Follow-up review,FAC021,E0000573,Needs escalation,No
VIS0000857,VIP0000426,Srinivas Das,9277501869,Peddadinne,2026-04-26,Follow-up review,FAC012,E0000574,Improved,No
VIS0000861,VIP0000428,Mounika Begum,9130523955,MARRUR,2026-05-27,Follow-up review,FAC018,E0000577,Improved,Yes
VIS0000864,VIP0000430,Kavitha Laxman,9371005584,Jharasangam,2026-04-15,Follow-up review,FAC022,E0000579,Needs escalation,Yes
VIS0000866,VIP0000430,Kavitha Laxman,,Jharasangam,2026-08-10,Follow-up review,FAC024,E0000580,Improved,No
VIS0000870,VIP0000433,Kiran Naik,9098572226,Badepally,2026-07-29,Follow-up review,FAC002,E0000583,Needs escalation,No
VIS0000873,VIP0000434,Deepika Shekar,9444129144,MANOOR,2026-05-26,Follow-up review,FAC021,E0000585,Needs escalation,No
VIS0000877,VIP0000436,Santosh Naik,9655370784,Mogudampally,2026-02-09,Follow-up review,FAC024,E0000588,Needs escalation,No
VIS0000879,VIP0000437,Deepik Begum,9207052447,Devarakonda,2026-09-05,Follow-up review,FAC011,E0000589,Improved,No
VIS0000881,VIP0000438,Ravi Yadav,9404676355,Kondamallepally,2026-04-26,Follow-up review,FAC011,E0000590,Improved,No
VIS0000883,VIP0000439,Sai Basha,9606311853,Gangapur,2026-07-09,Follow-up review,FAC002,E0000591,Needs escalation,No
VIS0000885,VIP0000440,Lalitha Chary,9682364609,Midjil,2026-05-06,Follow-up review,FAC007,E0000592,Improved,No
VIS0000887,VIP0000440,Lalitha Chary,9682364609,Midjil,2026-06-11,Follow-up review,FAC009,E0000593,Needs escalation,No
VIS0000892,VIP0000443,Rani,9109885786,Mogudampally,2026-06-24,Follow-up review,FAC022,E0000597,Improved,No
VIS0000896,VIP0000446,Shobha Narsimha,9399376921,Kallepally,2026-05-25,Follow-up review,FAC004,E0000600,Stable,Yes
VIS0000900,VIP0000449,Sushma Naik,,Kangti,2026-02-05,Follow-up review,FAC021,E0000603,Stable,No
VIS0000905,VIP0000453,Mounika Devi,9959047903,GANGAPUR,2026-03-19,Follow-up review,FAC002,E0000607,Needs escalation,No
VIS0000908,VIP0000455,Sushma Reddy,9608879750,Chandur,2026-03-30,Follow-up review,FAC014,E0000609,Needs escalation,No
VIS0000913,VIP0000458,Anitha Yadav,,Nermata,2026-04-30,Follow-up review,FAC013,E0000613,Improved,Yes
VIS0000915,VIP0000459,Swathi Yadav,9656275094,Kondamallepally,2026-01-15,Follow-up review,FAC012,E0000614,Improved,No
VIS0000918,VIP0000460,Naveen Reddy,9998618496,Patancheru,2026-05-12,Follow-up review,FAC027,E0000616,Stable,No
VIS0000920,VIP0000461,Renuka Reddy,9488692223,Jharasangam,2026-07-03,Follow-up review,FAC023,E0000617,Improved,No
VIS0000924,VIP0000463,Shankar Goud,9611462184,Donur,2026-04-08,Follow-up review,FAC008,E0000620,Needs escalation,Yes
VIS0000927,VIP0000465,Ramesh Begum,9828011670,Chandur,2026-02-14,Follow-up review,FAC013,E0000622,Improved,No
VIS0000930,VIP0000466,Shobha Patel,9405791047,Manoor,2026-07-06,Follow-up review,FAC021,E0000624,Improved,No
VIS0000935,VIP0000470,Srinivas Laxman,,Kangti,2026-06-07,Follow-up review,FAC019,E0000628,Improved,No
VIS0000937,VIP0000471,Mahesh Naik,9317625948,Rajapur,2026-06-21,Follow-up review,FAC004,E0000629,Improved,Yes
VIS0000940,VIP0000473,Rani Reddy,9338736959,Mogudampally,2026-05-16,Follow-up review,FAC022,E0000631,Needs escalation,No
VIS0000942,VIP0000473,Rani Reddy,9338736959,Mogudampally,2026-06-04,Follow-up review,FAC023,E0000632,Needs escalation,No
VIS0000944,VIP0000474,Anil Krishna,9011582924,Manoor,2026-03-31,Follow-up review,FAC020,E0000633,Improved,Yes
VIS0000949,VIP0000477,Mohan Devi,9370919008,Mangalapall,2026-06-07,Follow-up review,FAC016,E0000637,Stable,No
VIS0000952,VIP0000479,Anjali Krisna,9350542235,Bangarigadda,2026-02-27,Follow-up review,FAC013,E0000639,Needs escalation,No
VIS0000954,VIP0000480,Shankar Jangam,9918377859,Mogudampally,2026-08-03,Follow-up review,FAC022,E0000640,Needs escalation,Yes
VIS0000958,VIP0000482,Anil Mallaiah,9063729898,Kangti,2026-02-27,Follow-up review,FAC021,E0000643,Stable,No
VIS0000961,VIP0000483,Anitha Goud,9280079400,Bodajanampet,2026-01-29,Follow-up review,FAC004,E0000645,Improved,No
VIS0000963,VIP0000484,Divya Goud,9836268690,Marrur,2026-01-09,Follow-up review,FAC018,E0000646,Improved,Yes
VIS0000965,VIP0000485,Lakshmee Laxman,9042914348,AMEENPUR,2026-05-14,Follow-up review,FAC025,E0000647,Stable,Yes
VIS0000967,VIP0000486,Mahesh Jangam,9992066428,Narayankhed,2026-06-23,Follow-up review,FAC019,E0000648,Needs escalation,No
VIS0000969,VIP0000487,Lakshmi Basha,9254349436,Midjil,2026-04-08,Follow-up review,FAC008,E0000649,Stable,Yes
VIS0000973,VIP0000488,Bhvani Das,9835170211,Gangapur,2026-07-31,Follow-up review,FAC001,E0000652,Improved,No
VIS0000975,VIP0000489,Bhavani Khan,+91-98849-00585,Balanagar,2026-08-14,Follow-up review,FAC004,E0000653,Needs escalation,No
VIS0000980,VIP0000493,Srilatha Goud,9295580556,Kangti,2026-05-25,Follow-up review,FAC019,E0000657,Improved,No
VIS0000982,VIP0000494,Ravi Narsimha,9966165466,Narayankhed,2026-02-05,Follow-up review,FAC020,E0000658,Improved,Yes
VIS0000987,VIP0000498,Srilatha Krishna,9148366789,Kummarikunta,2026-01-16,Follow-up review,FAC014,E0000662,Improved,No
VIS0000991,VIP0000499,Sai Begum,9382600541,Nomula,2026-04-18,Follow-up review,FAC017,E0000665,Improved,Yes
VIS0000993,VIP0000499,Sai Begum,9382600541,Nomula,2026-05-10,Follow-up review,FAC016,E0000666,Stable,Yes
VIS0000998,VIP0000503,Praveen Laxman,9975602876,Balanagar,2026-08-17,Follow-up review,FAC005,E0000670,Stable,Yes
VIS0001000,VIP0000504,Vinod,9892070656,Narayankhed,2026-04-27,Follow-up review,FAC019,E0000671,Needs escalation,No
VIS0001002,VIP0000505,Bhvani Narsimha,9934077959,Manoor,2026-08-24,Follow-up review,FAC020,E0000672,Improved,No
VIS0001007,VIP0000509,Nirmala,9948110567,Vemula,2026-02-18,Follow-up review,FAC007,E0000676,Improved,No
VIS0001009,VIP0000510,Mounika Chary,9664273598,Marru,2026-04-21,Follow-up review,FAC016,E0000677,Needs escalation,No
VIS0001011,VIP0000510,Mounik Chary,9664273598,MARRUR,2026-08-25,Follow-up review,FAC018,E0000678,Improved,No
VIS0001014,VIP0000512,Rajesh,9177273611,VEMULA,2026-03-09,Follow-up review,FAC009,E0000680,Needs escalation,Yes
VIS0001018,VIP0000514,Lalitha Yadav,+91-98423-54324,Velpula,2026-01-20,Follow-up review,FAC008,E0000683,Improved,No
VIS0001020,VIP0000514,Laleetha Yadav,9812354324,Velpul,2026-05-17,Follow-up review,FAC009,E0000684,Needs escalation,No
VIS0001024,VIP0000516,Santosh Devi,9010177270,Indresham,2026-07-13,Follow-up review,FAC027,E0000687,Needs escalation,No
VIS0001026,VIP0000517,Rajesh,9088078177,Bodajanampet,2026-06-09,Follow-up review,FAC006,E0000688,Improved,Yes
VIS0001030,VIP0000519,Renuka Chary,9952936195,Polepally,2026-08-16,Follow-up review,FAC001,E0000691,Stable,No
VIS0001034,VIP0000522,Saritha Patel,+91-93937-21889,Jharasangam,2026-03-09,Follow-up review,FAC022,E0000694,Stable,No
VIS0001036,VIP0000523,njali Naik,,Nomula,2026-07-13,Follow-up review,FAC016,E0000695,Improved,No
VIS0001039,VIP0000525,Santosh Chary,9934587615,Ameenpur,2026-02-09,Follow-up review,FAC026,E0000697,Needs escalation,No
VIS0001044,VIP0000527,Rajesh Kumar,9219892019,Kohir,2026-07-05,Follow-up review,FAC022,E0000701,Improved,No
VIS0001048,VIP0000530,Mahesh Basha,9950994604,Macharam,2026-02-10,Follow-up review,FAC003,E0000704,Improved,No
VIS0001059,VIP0000538,Shobha,9235423422,Chandur,2026-02-07,Follow-up review,FAC014,E0000714,Improved,No
VIS0001064,VIP0000541,Vinod Begum,9860083392,Devarakonda,2026-04-06,Follow-up review,FAC012,E0000718,Improved,Yes
VIS0001076,VIP0000549,Kaveetha Naik,9691833693,JHARASANGAM,2026-06-02,Follow-up review,FAC023,E0000729,Improved,Yes
VIS0001078,VIP0000550,Bhvani Jangam,9127435162,Donur,2026-07-31,Follow-up review,FAC007,E0000730,Improved,No
VIS0001084,VIP0000555,Anil Krishna,+91-95443-58175,Bodajanampet,2026-05-29,Follow-up review,FAC006,E0000735,Needs escalation,No
VIS0001086,VIP0000556,Rajesh Yadav,9751581636,Chandur,2026-01-18,Follow-up review,FAC013,E0000736,Needs escalation,No
VIS0001088,VIP0000557,Dipika Shekar,9369807752,Manoor,2026-03-19,Follow-up review,FAC021,E0000737,Improved,Yes
VIS0001090,VIP0000557,Deepika Shekar,9369807752,Manoor,2026-05-29,Follow-up review,FAC021,E0000738,Stable,Yes
VIS0001099,VIP0000563,Shankar Narsimha,9397491705,Kallepally,2026-06-10,Follow-up review,FAC004,E0000746,Stable,No
VIS0001101,VIP0000564,Nirmala Patel,9463696738,Ameenpur,2026-05-04,Follow-up review,FAC027,E0000747,Stable,No
VIS0001104,VIP0000565,Ravi Reddy,9954367638,Rajapur,2026-05-18,Follow-up review,FAC006,E0000749,Stable,Yes
VIS0001106,VIP0000566,Shankar Jangam,9261304675,Nermata,2026-01-28,Follow-up review,FAC015,E0000750,Stable,Yes
VIS0001109,VIP0000567,Rajesh Khan,9790105766,Nakrekal,2026-05-09,Follow-up review,FAC018,E0000752,Needs escalation,No
VIS0001111,VIP0000567,Rajesh Khan,9790105766,Nakrekal,2026-06-27,Follow-up review,FAC016,E0000753,Needs escalation,No
VIS0001119,VIP0000573,Shobha Narsimha,,Manoor,2026-03-29,Follow-up review,FAC021,E0000760,Improved,Yes
VIS0001121,VIP0000574,Saritha Kumar,9236254652,Bodajanampet,2026-05-08,Follow-up review,FAC005,E0000761,Improved,No
VIS0001128,VIP0000578,Jyothi Mallaiah,9005726120,Bodajanampet,2026-08-14,Follow-up review,FAC006,E0000767,Needs escalation,No
VIS0001130,VIP0000579,Anjali Laxman,9867080495,Nomula,2026-03-12,Follow-up review,FAC016,E0000768,Stable,No
VIS0001132,VIP0000580,Sushma Jangam,9853087562,Bodajanampet,2026-05-30,Follow-up review,FAC005,E0000769,Improved,No
VIS0001135,VIP0000581,Naveen Begum,9190753361,Polepally,2026-02-15,Follow-up review,FAC001,E0000771,Stable,No
VIS0001137,VIP0000581,Naveen Begum,9190753361,Polepally,2026-05-06,Follow-up review,FAC003,E0000772,Stable,No
VIS0001139,VIP0000582,Sreelatha Das,9101456525,Manoor,2026-09-17,Follow-up review,FAC020,E0000773,Stable,Yes
VIS0001141,VIP0000583,Harika Narsimha,,Jharasangam,2026-06-16,Follow-up review,FAC022,E0000774,Improved,No
VIS0001147,VIP0000588,Ravi Shekar,9178738159,Midjil,2026-07-01,Follow-up review,FAC007,E0000779,Stable,No
VIS0001151,VIP0000590,Raju Narsimha,,Polepally,2026-01-29,Follow-up review,FAC002,E0000782,Improved,No
VIS0001153,VIP0000591,Sai Laxman,9459374986,Kondamallepall,2026-03-16,Follow-up review,FAC011,E0000783,Needs escalation,Yes
VIS0001155,VIP0000592,Jyothi Narsimha,9015881899,Bhanur,2026-04-17,Follow-up review,FAC027,E0000784,Improved,No
VIS0001162,VIP0000597,Kiran Yadav,9676887667,Midjil,2026-04-19,Follow-up review,FAC009,E0000790,Improved,No
VIS0001171,VIP0000604,Shankar Naik,9245484906,Midjil,2026-06-17,Follow-up review,FAC009,E0000798,Improved,No
VIS0001173,VIP0000605,Raju Shekar,9509596375,Bodajanampet,2026-01-30,Follow-up review,FAC005,E0000799,Improved,No
VIS0001175,VIP0000606,Venkates Chary,+91-91560-03892,POLEPALLY,2026-05-14,Follow-up review,FAC003,E0000800,Stable,Yes
VIS0001178,VIP0000608,Naveen Reddy,9406010506,Ameenpur,2026-03-14,Follow-up review,FAC025,E0000802,Improved,Yes
VIS0001182,VIP0000610,Arun Mudiraj,9318211766,Jharasangam,2026-09-01,Follow-up review,FAC024,E0000805,Improved,No
VIS0001184,VIP0000611,Anil Kumar,9250141189,Velpula,2026-07-29,Follow-up review,FAC009,E0000806,Needs escalation,Yes
VIS0001186,VIP0000612,Kiran Mallaiah,9727321799,Gangapur,2026-08-02,Follow-up review,FAC002,E0000807,Needs escalation,Yes
VIS0001188,VIP0000613,Renuka Goud,9333918046,Kalher,2026-08-26,Follow-up review,FAC021,E0000808,Needs escalation,No
VIS0001192,VIP0000616,Rajesh Goud,9104529468,Gundlapall,2026-03-20,Follow-up review,FAC012,E0000811,Stable,No
VIS0001194,VIP0000617,Sai Khan,9034478864,Devarakonda,2026-07-07,Follow-up review,FAC011,E0000812,Needs escalation,No
VIS0001198,VIP0000618,Anjali Shekar,9194403351,Bangarigadda,2026-07-07,Follow-up review,FAC014,E0000815,Improved,No
VIS0001203,VIP0000621,Lakshmi Reddy,9848630279,Kalher,2026-04-07,Follow-up review,FAC020,E0000819,Needs escalation,Yes
VIS0001206,VIP0000622,Ravi Reddy,9412856830,Nomula,2026-08-06,Follow-up review,FAC018,E0000821,Needs escalation,No
VIS0001209,VIP0000624,Rajesh Naik,9044106126,Polepally,2026-06-20,Follow-up review,FAC002,E0000823,Improved,No
VIS0001211,VIP0000625,Raju Chary,9141112523,Nakrekal,2026-08-25,Follow-up review,FAC016,E0000824,Improved,No
VIS0001215,VIP0000628,Arun Reddy,9915055619,Nomul,2026-04-08,Follow-up review,FAC016,E0000827,Stable,No
VIS0001218,VIP0000628,Arun Reddy,,Nomula,2026-07-18,Follow-up review,FAC017,E0000829,Improved,Yes
VIS0001221,VIP0000630,Mohan Reddy,9493216657,Kondamallepally,2026-07-08,Follow-up review,FAC012,E0000831,Stable,No
VIS0001223,VIP0000631,Raju Rao,9445881430,Velpul,2026-05-12,Follow-up review,FAC008,E0000832,Needs escalation,No
VIS0001229,VIP0000636,Mahesh Naik,9454779715,Patancheru,2026-06-04,Follow-up review,FAC027,E0000837,Improved,No
VIS0001232,VIP0000637,Shankar Begum,+91-90504-12217,Jharasangam,2026-07-28,Follow-up review,FAC022,E0000839,Improved,No
VIS0001235,VIP0000639,Divya Mallaiah,9467797866,Bhanur,2026-04-23,Follow-up review,FAC025,E0000841,Stable,No
VIS0001239,VIP0000641,Sreelatha Das,9107154543,Vemula,2026-08-04,Follow-up review,FAC009,E0000844,Needs escalation,No
VIS0001241,VIP0000641,Srilatha Das,+91-91071-54143,Vemula,2026-08-13,Follow-up review,FAC009,E0000845,Stable,No
VIS0001243,VIP0000642,Anitha Jangam,9252789606,Kohir,2026-04-27,Follow-up review,FAC023,E0000846,Stable,No
VIS0001245,VIP0000643,Vinod Basha,9051863059,Mogudampally,2026-03-07,Follow-up review,FAC024,E0000847,Improved,No
VIS0001247,VIP0000644,Praveen Das,+91-91586-25787,Nomula,2026-09-15,Follow-up review,FAC018,E0000848,Improved,No
VIS0001252,VIP0000647,Raghav Basha,9204429656,Velpula,2026-06-25,Follow-up review,FAC007,E0000852,Improved,No
VIS0001254,VIP0000648,Kavitha Rao,+91-96307-15572,Gangapur,2026-01-30,Follow-up review,FAC003,E0000853,Stable,Yes
VIS0001257,VIP0000650,Rani Reddy,9317662625,Balanagar,2026-08-15,Follow-up review,FAC005,E0000855,Improved,No
VIS0001260,VIP0000652,Jyothi Begum,9341332911,Devarakonda,2026-01-31,Follow-up review,FAC012,E0000857,Improved,Yes
VIS0001264,VIP0000655,Nirmla Basha,9844477537,Nermata,2026-03-30,Follow-up review,FAC014,E0000860,Improved,Yes
VIS0001267,VIP0000656,Nirmala Kumar,+91-92356-05302,Nomula,2026-08-06,Follow-up review,FAC018,E0000862,Improved,No
VIS0001269,VIP0000657,Rajesh Devi,9059149277,Chandur,2026-02-14,Follow-up review,FAC015,E0000863,Needs escalation,No
VIS0001272,VIP0000658,Shobha Reddy,9014688088,Bangarigadda,2026-06-27,Follow-up review,FAC014,E0000865,Needs escalation,No
VIS0001274,VIP0000659,Arun Naik,9255670115,Badepally,2026-07-29,Follow-up review,FAC001,E0000866,Improved,Yes
VIS0001277,VIP0000661,Raju Mallaiah,9619767355,Gangapur,2026-06-28,Follow-up review,FAC003,E0000868,Improved,No
VIS0001279,VIP0000661,Raju Mallaiah,9619767355,Gangapur,2026-08-06,Follow-up review,FAC001,E0000869,Needs escalation,Yes
VIS0001281,VIP0000662,Suresh Patel,,Rajapur,2026-08-14,Follow-up review,FAC004,E0000870,Needs escalation,No
VIS0001285,VIP0000665,Raju Naik,9770951132,Bhanur,2026-08-26,Follow-up review,FAC026,E0000873,Needs escalation,Yes
VIS0001287,VIP0000666,Arun Das,9819182522,Midjil,2026-03-17,Follow-up review,FAC007,E0000874,Stable,Yes
VIS0001290,VIP0000668,Sushma Patel,+91-97532-99925,KALHER,2026-03-30,Follow-up review,FAC020,E0000876,Stable,Yes
VIS0001292,VIP0000669,Kavitha Patel,9785108109,Kallepally,2026-06-28,Follow-up review,FAC005,E0000877,Needs escalation,No
VIS0001295,VIP0000671,Nirmala Mudiraj,9467272719,Gundlapally,2026-07-20,Follow-up review,FAC011,E0000879,Improved,No
VIS0001298,VIP0000673,Srinivas Jangam,9571968989,Indresham,2026-08-01,Follow-up review,FAC026,E0000881,Stable,No
VIS0001300,VIP0000674,Naresh Patel,9891790086,Bodajanampet,2026-03-24,Follow-up review,FAC005,E0000882,Stable,No
VIS0001302,VIP0000674,Naresh Patel,,Bodajanampet,2026-05-25,Follow-up review,FAC006,E0000883,Needs escalation,No
VIS0001305,VIP0000676,Renuka Chary,9243646905,Narayankhed,2026-02-25,Follow-up review,FAC020,E0000885,Improved,No
VIS0001310,VIP0000679,Raju Naik,9247686067,Bodajanampet,2026-04-17,Follow-up review,FAC004,E0000889,Needs escalation,No
VIS0001313,VIP0000681,Anjali Yadav,9916919556,Balanagar,2026-02-07,Follow-up review,FAC006,E0000891,Stable,No
VIS0001317,VIP0000683,Anil Laxman,9613404859,Kallepally,2026-08-29,Follow-up review,FAC004,E0000894,Needs escalation,No
VIS0001320,VIP0000685,Anitha Reddy,9947946543,Badepally,2026-08-03,Follow-up review,FAC003,E0000896,Stable,Yes
VIS0001322,VIP0000686,Praveen Shekar,9285009772,Badepally,2026-04-26,Follow-up review,FAC001,E0000897,Stable,No
VIS0001325,VIP0000688,Sushma Jangam,9476750176,Patancheru,2026-02-24,Follow-up review,FAC025,E0000899,Stable,Yes
VIS0001327,VIP0000689,Lakshmi Laxman,9451161523,Kondamallepally,2026-08-25,Follow-up review,FAC010,E0000900,Stable,No
VIS0001330,VIP0000691,Raghav Krishna,9812868833,Nermata,2026-08-14,Follow-up review,FAC013,E0000902,Improved,No
VIS0001332,VIP0000692,Srilatha Patel,9208400373,Nomula,2026-04-16,Follow-up review,FAC018,E0000903,Improved,No
VIS0001337,VIP0000696,Mohan Begum,9426681560,Nakrekal,2026-05-26,Follow-up review,FAC016,E0000907,Improved,No
VIS0001339,VIP0000697,Jyothi Mallaiah,9280436076,Kalher,2026-03-28,Follow-up review,FAC019,E0000908,Improved,No
VIS0001342,VIP0000699,Jyothi Das,+91-99899-80178,Narayankhed,2026-03-19,Follow-up review,FAC021,E0000910,Stable,No
VIS0001345,VIP0000701,Raju Mudiraj,,Nermata,2026-06-15,Follow-up review,FAC015,E0000912,Needs escalation,No
VIS0001349,VIP0000703,Kiran Devi,9783876650,Kangti,2026-03-16,Follow-up review,FAC020,E0000915,Needs escalation,No
VIS0001353,VIP0000706,Praveen Begum,9419539180,GUNDLAPALLY,2026-05-02,Follow-up review,FAC010,E0000918,Improved,Yes
VIS0001355,VIP0000707,Mounika Yadav,9396431237,Gundlapally,2026-05-24,Follow-up review,FAC012,E0000919,Improved,No
VIS0001360,VIP0000710,Suresh Devi,,Bangarigadd,2026-09-17,Follow-up review,FAC014,E0000923,Improved,Yes
VIS0001364,VIP0000712,Santosh Basha,9657926433,Velpula,2026-03-24,Follow-up review,FAC008,E0000926,Needs escalation,Yes
VIS0001369,VIP0000716,Swathi Krishna,9572162906,Devarakonda,2026-04-02,Follow-up review,FAC010,E0000930,Stable,Yes
VIS0001375,VIP0000718,Rani Kumar,9287157984,Kummarikunta,2026-07-18,Follow-up review,FAC013,E0000935,Needs escalation,No
VIS0001377,VIP0000719,Lakshmi Chary,9443966656,Mogudampally,2026-02-05,Follow-up review,FAC022,E0000936,Stable,No
VIS0001379,VIP0000719,Lakshmi Chary,9443966656,Mogudampally,2026-04-11,Follow-up review,FAC022,E0000937,Needs escalation,No
VIS0001384,VIP0000722,Harika Narsimha,9742870590,Peddadinne,2026-07-20,Follow-up review,FAC011,E0000941,Improved,Yes
VIS0001387,VIP0000724,Lalitha Mudiraj,9677047572,Balanagar,2026-06-29,Follow-up review,FAC006,E0000943,Needs escalation,Yes
VIS0001389,VIP0000725,Santosh Narsimha,,Marrur,2026-08-05,Follow-up review,FAC018,E0000944,Needs escalation,No
VIS0001391,VIP0000726,Deepika Rao,9582799464,Nomula,2026-04-13,Follow-up review,FAC016,E0000945,Improved,Yes
VIS0001397,VIP0000730,Arun Begum,9369879329,Indresham,2026-06-28,Follow-up review,FAC025,E0000950,Improved,No
VIS0001402,VIP0000734,Divya Naik,9550883993,Donur,2026-06-16,Follow-up review,FAC008,E0000954,Stable,No
VIS0001407,VIP0000738,Raju Das,,Mogudampally,2026-04-27,Follow-up review,FAC024,E0000958,Improved,No
VIS0001409,VIP0000738,Raju Das,9992545547,Mogudampally,2026-06-01,Follow-up review,FAC022,E0000959,Needs escalation,No
VIS0001411,VIP0000739,Arun Basha,,Indresham,2026-07-20,Follow-up review,FAC026,E0000960,Stable,Yes
VIS0001415,VIP0000741,Anil Mallaiah,9840069828,Patancheru,2026-02-14,Follow-up review,FAC026,E0000963,Stable,Yes
VIS0001418,VIP0000743,Ramesh Basha,9552469357,Patancheru,2026-05-09,Follow-up review,FAC025,E0000965,Improved,Yes
VIS0001420,VIP0000744,Praveen Das,9156414643,Kondamallepally,2026-05-10,Follow-up review,FAC011,E0000966,Stable,No
VIS0001424,VIP0000746,Divya Basha,9287008860,Vemula,2026-05-18,Follow-up review,FAC008,E0000969,Improved,Yes
VIS0001429,VIP0000750,Naresh Mallaiah,9063875907,MARRUR,2026-08-16,Follow-up review,FAC018,E0000973,Needs escalation,No
VIS0001438,VIP0000755,Raghav Das,9421450965,Badepall,2026-06-12,Follow-up review,FAC001,E0000981,Improved,No
VIS0001440,VIP0000756,sobha Krishna,+91-99631-26993,Devarakonda,2026-08-20,Follow-up review,FAC012,E0000982,Improved,No
VIS0001444,VIP0000759,Raju Das,9322406571,Bhanur,2026-08-03,Follow-up review,FAC025,E0000985,Needs escalation,No
VIS0001446,VIP0000760,Bhavani Jangam,9357260389,Devarakonda,2026-06-07,Follow-up review,FAC010,E0000986,Improved,Yes
VIS0001450,VIP0000763,Kiran Kumar,,Manoor,2026-02-04,Follow-up review,FAC021,E0000989,Improved,No
VIS0001452,VIP0000764,Prveen Mallaiah,9046795254,Devarakonda,2026-07-16,Follow-up review,FAC011,E0000990,Improved,No
VIS0001454,VIP0000765,Shankar Reddy,9746811718,Patancheru,2026-07-19,Follow-up review,FAC025,E0000991,Needs escalation,Yes
VIS0001460,VIP0000770,Mounika Patel,9565680973,Manoor,2026-07-27,Follow-up review,FAC019,E0000996,Stable,No
VIS0001463,VIP0000771,Laksmi Mudiraj,+91-91617-85589,Balanagar,2026-03-06,Follow-up review,FAC006,E0000998,Needs escalation,No
VIS0001468,VIP0000775,Mounika Mudiraj,,Devarakonda,2026-07-14,Follow-up review,FAC012,E0001002,Stable,Yes
VIS0001471,VIP0000776,Nirmala Mallaiah,9008450230,Narayankhed,2026-01-25,Follow-up review,FAC020,E0001004,Improved,Yes
VIS0001473,VIP0000777,Sritha Das,9890715899,Bhanur,2026-03-12,Follow-up review,FAC025,E0001005,Stable,No
VIS0001476,VIP0000779,Saritha Mallaiah,9111494849,Donur,2026-07-01,Follow-up review,FAC009,E0001007,Stable,No
VIS0001478,VIP0000780,Ravi Rao,9776038023,Kohir,2026-09-07,Follow-up review,FAC024,E0001008,Stable,No
VIS0001480,VIP0000781,Lakshmi Reddy,9144940220,Kohir,2026-03-27,Follow-up review,FAC022,E0001009,Improved,No
VIS0001488,VIP0000786,Raju Begum,9265820464,Jharasangam,2026-06-29,Follow-up review,FAC024,E0001016,Stable,Yes
VIS0001490,VIP0000787,Saritha Shekar,9734372392,Mogudampally,2026-07-04,Follow-up review,FAC023,E0001017,Improved,No
VIS0001493,VIP0000788,Srilatha Mallaiah,,Kangti,2026-03-21,Follow-up review,FAC019,E0001019,Needs escalation,Yes
VIS0001499,VIP0000792,Vinod Mudiraj,9335123263,Rajapur,2026-05-14,Follow-up review,FAC004,E0001024,Stable,No
VIS0001502,VIP0000793,Mohan Devi,9377640229,Donur,2026-08-11,Follow-up review,FAC008,E0001026,Needs escalation,Yes
VIS0001506,VIP0000795,Harika Jangam,9720980130,Chandur,2026-05-15,Follow-up review,FAC013,E0001029,Improved,No
VIS0001509,VIP0000796,Mohan Khan,9375036247,Chandu,2026-04-05,Follow-up review,FAC014,E0001031,Needs escalation,Yes
VIS0001514,VIP0000800,Rajesh Naik,,Peddadinne,2026-05-19,Follow-up review,FAC011,E0001035,Improved,Yes
VIS0001516,VIP0000801,Raju Kumar,9262499649,ZAHEERABAD,2026-02-28,Follow-up review,FAC023,E0001036,Improved,No
VIS0001518,VIP0000802,Shankar Narsimha,,Donur,2026-07-30,Follow-up review,FAC008,E0001037,Stable,No
VIS0001520,VIP0000803,Shobh Khan,9025234350,Kondamallepally,2026-02-16,Follow-up review,FAC010,E0001038,Improved,No
VIS0001522,VIP0000803,Shobha Khan,9025234350,Kondamallepally,2026-04-05,Follow-up review,FAC011,E0001039,Stable,Yes
VIS0001524,VIP0000804,Srinivas Begum,9320645581,Kalher,2026-01-30,Follow-up review,FAC020,E0001040,Stable,No
VIS0001526,VIP0000804,Srinivas Begum,9320645581,Kalher,2026-04-02,Follow-up review,FAC019,E0001041,Stable,No
VIS0001531,VIP0000808,Divya Basha,9160525051,Bodajanampet,2026-08-13,Follow-up review,FAC006,E0001045,Stable,No
VIS0001533,VIP0000809,Arun Krishna,9964444816,Chandur,2026-07-03,Follow-up review,FAC014,E0001046,Needs escalation,Yes
VIS0001539,VIP0000812,Saritha Khan,,Indresham,2026-01-29,Follow-up review,FAC027,E0001051,Needs escalation,No
VIS0001541,VIP0000813,Nirmala Naik,,Zaheerabad,2026-04-03,Follow-up review,FAC022,E0001052,Stable,No
VIS0001548,VIP0000818,Renuka Devi,9475751452,Kohir,2026-08-30,Follow-up review,FAC022,E0001058,Improved,No
VIS0001550,VIP0000819,Saritha Reddy,9975285591,Narayankhed,2026-01-12,Follow-up review,FAC021,E0001059,Stable,No
VIS0001555,VIP0000822,Naveen Goud,9591198788,Bodajanampet,2026-06-13,Follow-up review,FAC004,E0001063,Stable,Yes
VIS0001558,VIP0000824,Divya Krishna,9004164217,Rajapur,2026-07-16,Follow-up review,FAC005,E0001065,Improved,Yes
VIS0001561,VIP0000826,Mounika Shekar,9372630464,KALHER,2026-06-15,Follow-up review,FAC021,E0001067,Stable,Yes
VIS0001563,VIP0000827,Nirmla Shekar,9825943442,Badepally,2026-09-03,Follow-up review,FAC003,E0001068,Improved,No
VIS0001565,VIP0000828,Anita Krishna,9353312344,Devarakonda,2026-04-21,Follow-up review,FAC011,E0001069,Stable,No
VIS0001567,VIP0000829,Raghav Mallaiah,+91-90209-43332,Nomula,2026-02-20,Follow-up review,FAC017,E0001070,Needs escalation,No
VIS0001569,VIP0000830,Arun Khan,9899244228,Badepally,2026-02-23,Follow-up review,FAC003,E0001071,Improved,No
VIS0001572,VIP0000831,Rajesh Basha,9850227751,Velpula,2026-01-19,Follow-up review,FAC009,E0001073,Needs escalation,No
VIS0001574,VIP0000831,Rajesh Basha,9850827751,Velpula,2026-04-01,Follow-up review,FAC007,E0001074,Improved,No
VIS0001577,VIP0000833,Srilatha Shekar,+91-98493-67176,Kohir,2026-06-07,Follow-up review,FAC022,E0001076,Improved,No
VIS0001580,VIP0000834,Jyothi Rao,9092927870,Rajapur,2026-04-27,Follow-up review,FAC004,E0001078,Improved,Yes
VIS0001583,VIP0000836,Sai Yadav,9943896182,Nomula,2026-06-20,Follow-up review,FAC018,E0001080,Improved,Yes
VIS0001588,VIP0000840,Kiran Kumar,+91-93350-50302,Patancheru,2026-08-11,Follow-up review,FAC027,E0001084,Stable,No
VIS0001595,VIP0000844,Venkatesh Reddy,9765479233,Macharam,2026-08-20,Follow-up review,FAC003,E0001090,Needs escalation,No
VIS0001599,VIP0000847,Arun Devi,9460191952,Devarakonda,2026-04-17,Follow-up review,FAC011,E0001093,Needs escalation,Yes
VIS0001601,VIP0000848,Raghav Reddy,9662755356,Bhanur,2026-03-27,Follow-up review,FAC026,E0001094,Improved,No
VIS0001605,VIP0000850,Nirmala Krishna,9356075796,Midjil,2026-04-28,Follow-up review,FAC008,E0001097,Stable,No
VIS0001609,VIP0000852,Ramesh Goud,9339250042,Gangapur,2026-07-07,Follow-up review,FAC003,E0001100,Needs escalation,No
VIS0001611,VIP0000853,Raghav Mallaiah,9085904791,Manoor,2026-03-04,Follow-up review,FAC020,E0001101,Stable,No
VIS0001614,VIP0000855,Bhavani Krishna,9792358587,Ameenpur,2026-05-17,Follow-up review,FAC025,E0001103,Needs escalation,No
VIS0001616,VIP0000855,Bhavani Krishna,9792358587,Ameenpur,2026-07-06,Follow-up review,FAC025,E0001104,Needs escalation,No
VIS0001620,VIP0000857,Shankar Yadav,9015600728,Kondamallepally,2026-07-10,Follow-up review,FAC012,E0001107,Improved,Yes
VIS0001622,VIP0000857,Shnkar Yadav,9015600728,Kondamallepally,2026-08-30,Follow-up review,FAC011,E0001108,Improved,No
VIS0001628,VIP0000860,Shobha Rao,9510737432,Bodajanampet,2026-07-09,Follow-up review,FAC004,E0001113,Improved,No
VIS0001634,VIP0000864,Lakshmi Laxman,9327234340,MIDJIL,2026-02-19,Follow-up review,FAC009,E0001118,Needs escalation,No
VIS0001640,VIP0000867,Deepika,9071037874,BANGARIGADDA,2026-08-11,Follow-up review,FAC014,E0001123,Improved,Yes
VIS0001642,VIP0000868,Naresh Rao,9850366094,Ameenpur,2026-08-07,Follow-up review,FAC026,E0001124,Stable,Yes
VIS0001644,VIP0000868,Naresh Rao,9850366094,Ameenpur,2026-09-05,Follow-up review,FAC026,E0001125,Improved,Yes
VIS0001648,VIP0000870,Raju Das,9391182718,Nomula,2026-07-13,Follow-up review,FAC017,E0001128,Needs escalation,Yes
VIS0001650,VIP0000871,Ravi Goud,,Badepally,2026-05-30,Follow-up review,FAC003,E0001129,Stable,No
VIS0001652,VIP0000872,Deepika Das,9629056332,Jharasangam,2026-02-16,Follow-up review,FAC024,E0001130,Improved,No
VIS0001654,VIP0000873,Mahesh Shekar,9651093900,Ameenpur,2026-04-22,Follow-up review,FAC026,E0001131,Improved,No
VIS0001657,VIP0000875,Srilatha Khan,9044161775,Balanagar,2026-05-09,Follow-up review,FAC006,E0001133,Stable,No
VIS0001660,VIP0000876,Mohan Basha,9504961404,Velpula,2026-01-23,Follow-up review,FAC008,E0001135,Stable,No
VIS0001662,VIP0000877,Rvi Yadav,9312705168,NARAYANKHED,2026-02-06,Follow-up review,FAC021,E0001136,Improved,No
VIS0001666,VIP0000880,Bhavani Krishna,9990243734,Midjil,2026-07-15,Follow-up review,FAC008,E0001139,Needs escalation,Yes
VIS0001670,VIP0000882,Anjali Patel,,Bhanur,2026-08-08,Follow-up review,FAC026,E0001142,Needs escalation,Yes
VIS0001672,VIP0000883,Saritha Mudiraj,,Gangapur,2026-08-20,Follow-up review,FAC001,E0001143,Needs escalation,No
VIS0001678,VIP0000888,Jyoti Mudiraj,9628342252,Donur,2026-06-18,Follow-up review,FAC007,E0001148,Stable,Yes
VIS0001680,VIP0000889,Shobha Reddy,9087043983,Ameenpur,2026-08-31,Follow-up review,FAC025,E0001149,Improved,No
VIS0001682,VIP0000890,Kavitha Devi,9016381205,Bangarigadda,2026-06-16,Follow-up review,FAC015,E0001150,Improved,No
VIS0001684,VIP0000890,Kavitha Devi,9016381205,Bangarigadda,2026-09-11,Follow-up review,FAC013,E0001151,Improved,No
VIS0001686,VIP0000891,Anitha Mudiraj,+91-93388-15282,PEDDADINNE,2026-03-09,Follow-up review,FAC011,E0001152,Improved,No
VIS0001692,VIP0000893,Sai Goud,9771818114,Peddadinne,2026-04-03,Follow-up review,FAC012,E0001157,Stable,No
VIS0001694,VIP0000893,Sai Goud,9771818114,Peddadinne,2026-05-10,Follow-up review,FAC012,E0001158,Improved,Yes
VIS0001696,VIP0000894,Kiran Yadav,9188927638,Nomula,2026-03-31,Follow-up review,FAC017,E0001159,Improved,No
VIS0001699,VIP0000896,Rajesh Jangam,+91-97331-08104,KANGTI,2026-02-08,Follow-up review,FAC020,E0001161,Improved,No
VIS0001703,VIP0000898,Arun Jangam,9252033626,Velpula,2026-05-30,Follow-up review,FAC007,E0001164,Stable,Yes
VIS0001705,VIP0000898,Arun Jangam,,Velpula,2026-07-18,Follow-up review,FAC007,E0001165,Improved,No
VIS0001708,VIP0000899,Praveen Narsimha,9828608855,Jharasangam,2026-08-01,Follow-up review,FAC024,E0001167,Needs escalation,No
VIS0001710,VIP0000900,Anil Das,9853374904,Rajapur,2026-06-20,Follow-up review,FAC004,E0001168,Improved,No
VIS0001715,VIP0000902,Padma Jangam,9417487283,Velpula,2026-07-26,Follow-up review,FAC008,E0001172,Needs escalation,No
VIS0001721,VIP0000906,Sreelatha Goud,9476802266,Midjil,2026-04-18,Follow-up review,FAC007,E0001177,Stable,No
VIS0001723,VIP0000907,Mahesh Chary,9062099715,Bhanur,2026-07-11,Follow-up review,FAC026,E0001178,Stable,No
VIS0001725,VIP0000907,Mahesh Chary,9063099715,Bhanur,2026-08-17,Follow-up review,FAC027,E0001179,Stable,No
VIS0001729,VIP0000910,Anitha,9136572570,Polepall,2026-04-30,Follow-up review,FAC002,E0001182,Improved,Yes
VIS0001731,VIP0000910,Anitha Naik,9136572570,Polepally,2026-09-08,Follow-up review,FAC003,E0001183,Improved,Yes
VIS0001734,VIP0000912,Santosh Patel,9566516480,Midjil,2026-08-19,Follow-up review,FAC007,E0001185,Stable,No
VIS0001736,VIP0000913,Divya Jangam,9294925385,Kondamallepally,2026-03-23,Follow-up review,FAC011,E0001186,Stable,No
VIS0001739,VIP0000914,Santosh Naik,9266856940,Kondamallepalli,2026-06-06,Follow-up review,FAC010,E0001188,Needs escalation,Yes
VIS0001742,VIP0000916,Divya Laxman,9996796454,Marrur,2026-06-15,Follow-up review,FAC017,E0001190,Improved,No
VIS0001745,VIP0000917,Santos Chary,9161583549,NERMATA,2026-06-09,Follow-up review,FAC013,E0001192,Stable,No
VIS0001749,VIP0000920,Anil Rao,9324019454,KANGTI,2026-04-26,Follow-up review,FAC019,E0001195,Needs escalation,No
VIS0001751,VIP0000921,Ravi Khan,9696409571,Vemula,2026-06-09,Follow-up review,FAC007,E0001196,Stable,Yes
VIS0001753,VIP0000922,Bhavani Mudiraj,9544357546,Polepally,2026-07-19,Follow-up review,FAC001,E0001197,Needs escalation,No
VIS0001759,VIP0000926,Lalitha Begum,,Indresham,2026-07-30,Follow-up review,FAC027,E0001202,Needs escalation,No
VIS0001762,VIP0000928,Anitha Naik,+91-99462-35371,Nomula,2026-07-22,Follow-up review,FAC016,E0001204,Improved,Yes
VIS0001764,VIP0000929,Santosh Reddy,9506823198,Kummarikunta,2026-02-18,Follow-up review,FAC014,E0001205,Improved,Yes
VIS0001768,VIP0000932,Deepika Yadav,+91-95977-13043,Chandur,2026-08-13,Follow-up review,FAC015,E0001208,Improved,Yes
VIS0001772,VIP0000935,Ramesh Reddy,9359811256,Velpula,2026-04-25,Follow-up review,FAC008,E0001211,Stable,No
VIS0001774,VIP0000935,Ramesh Reddy,9359811296,Velpula,2026-08-17,Follow-up review,FAC009,E0001212,Stable,No
VIS0001778,VIP0000938,Renuk Naik,9441293402,Chandur,2026-05-07,Follow-up review,FAC014,E0001215,Improved,Yes
VIS0001781,VIP0000939,Rani Devi,+91-96984-84731,Gundlapally,2026-07-05,Follow-up review,FAC012,E0001217,Improved,No
VIS0001786,VIP0000942,Kiran Laxman,9844534433,KUMMARIKUNTA,2026-02-02,Follow-up review,FAC014,E0001221,Stable,No
VIS0001789,VIP0000943,Mahesh Goud,9719353463,Devarakonda,2026-07-24,Follow-up review,FAC011,E0001223,Improved,No
VIS0001796,VIP0000948,Deepika Shekar,9640693540,Gangapur,2026-02-09,Follow-up review,FAC001,E0001229,Improved,No
VIS0001800,VIP0000949,Raju Rao,9592049116,Manoor,2026-06-29,Follow-up review,FAC021,E0001232,Needs escalation,Yes
VIS0001802,VIP0000949,Raju Rao,9592049116,Manoor,2026-08-12,Follow-up review,FAC020,E0001233,Improved,No
VIS0001804,VIP0000950,Bhavani Rao,9805303900,Kohir,2026-05-18,Follow-up review,FAC022,E0001234,Needs escalation,Yes
VIS0001806,VIP0000951,Diwya Patel,9546790056,Kohir,2026-03-11,Follow-up review,FAC023,E0001235,Improved,No
VIS0001808,VIP0000951,Divya Patel,9546790056,KOHIR,2026-04-04,Follow-up review,FAC024,E0001236,Stable,No
VIS0001811,VIP0000953,Deepika Patel,9677185703,Peddadinne,2026-02-10,Follow-up review,FAC012,E0001238,Needs escalation,Yes
VIS0001813,VIP0000954,Ramesh Patel,9210189189,Kohir,2026-03-28,Follow-up review,FAC024,E0001239,Improved,No
VIS0001817,VIP0000957,Srilatha Shekar,+91-91134-78387,Mangalapally,2026-03-29,Follow-up review,FAC017,E0001242,Improved,No
VIS0001819,VIP0000958,Padma Mudiraj,9584522504,Balanagar,2026-02-22,Follow-up review,FAC006,E0001243,Improved,No
VIS0001821,VIP0000958,Padma Mudiraj,9564522504,Balanagar,2026-06-24,Follow-up review,FAC006,E0001244,Stable,No
VIS0001830,VIP0000966,Shankar Das,9008559985,Kallepally,2026-04-10,Follow-up review,FAC004,E0001252,Stable,No
VIS0001835,VIP0000969,Padma Patel,+91-99314-53237,Mogudampally,2026-04-05,Follow-up review,FAC024,E0001256,Improved,No
VIS0001837,VIP0000970,Lakshmi Jangam,9418467502,Devarakonda,2026-02-15,Follow-up review,FAC010,E0001257,Stable,No
VIS0001841,VIP0000972,Lakshmi Begum,9315170002,Velpula,2026-06-15,Follow-up review,FAC007,E0001260,Needs escalation,No
VIS0001844,VIP0000974,Lalitha Jangam,9913577191,Kangti,2026-08-17,Follow-up review,FAC019,E0001262,Improved,Yes
VIS0001846,VIP0000975,Shankar Basha,,Ameenpur,2026-07-07,Follow-up review,FAC026,E0001263,Needs escalation,No
VIS0001854,VIP0000981,Rani Basha,9366478612,Donur,2026-07-12,Follow-up review,FAC009,E0001270,Improved,Yes
VIS0001856,VIP0000982,Nirmala Laxman,9508142540,Mangalapally,2026-03-17,Follow-up review,FAC016,E0001271,Improved,Yes
VIS0001859,VIP0000984,Divya Laxman,9298553156,Jharasangam,2026-04-29,Follow-up review,FAC022,E0001273,Stable,No
VIS0001861,VIP0000985,Ravi Mallaiah,9446938049,Bangarigadda,2026-02-14,Follow-up review,FAC013,E0001274,Improved,No
VIS0001865,VIP0000988,Swathi Patel,9204443336,Balanaga,2026-05-10,Follow-up review,FAC006,E0001277,Needs escalation,Yes
VIS0001867,VIP0000989,Saritha Khan,9263477885,Macharam,2026-09-04,Follow-up review,FAC003,E0001278,Stable,No
VIS0001871,VIP0000991,Anitha Goud,9864093842,Devarakonda,2026-02-06,Follow-up review,FAC010,E0001281,Needs escalation,No
VIS0001874,VIP0000992,Anjali Shekar,9530256437,Donur,2026-05-14,Follow-up review,FAC008,E0001283,Needs escalation,No
VIS0001877,VIP0000993,Saritha Goud,9221304667,Kohir,2026-05-03,Follow-up review,FAC024,E0001285,Needs escalation,No
VIS0001881,VIP0000995,Bhavani Goud,9048455008,Kondamallepally,2026-04-17,Follow-up review,FAC012,E0001288,Stable,Yes
VIS0001883,VIP0000996,Kawitha Naik,9297228596,Zaheerabad,2026-02-07,Follow-up review,FAC023,E0001289,Needs escalation,No
VIS0001885,VIP0000997,Harika Laxman,9943733103,Kondamallepally,2026-04-04,Follow-up review,FAC012,E0001290,Improved,No
VIS0001893,VIP0001002,Lalitha Goud,9533478392,Devarakonda,2026-03-19,Follow-up review,FAC010,E0001297,Improved,No
VIS0001895,VIP0001003,Naresh Patel,9724463954,Kondamallepally,2026-08-11,Follow-up review,FAC012,E0001298,Needs escalation,Yes
VIS0001897,VIP0001003,Naresh Patel,9724463954,KONDAMALLEPALLY,2026-08-15,Follow-up review,FAC011,E0001299,Improved,Yes
VIS0001899,VIP0001004,Venkatesh Begum,9820257919,Midjil,2026-01-23,Follow-up review,FAC009,E0001300,Improved,No
VIS0001901,VIP0001004,Venkatesh Begum,9820257919,Midjil,2026-03-18,Follow-up review,FAC008,E0001301,Improved,Yes
VIS0001904,VIP0001005,Lakshmi Mallaiah,9363866590,Nomula,2026-05-07,Follow-up review,FAC017,E0001303,Improved,No
VIS0001907,VIP0001007,Raghav Chary,9276499555,Donur,2026-04-06,Follow-up review,FAC007,E0001305,Improved,Yes
VIS0001912,VIP0001010,Nirmala Goud,9301822503,Mangalapally,2026-05-22,Follow-up review,FAC016,E0001309,Improved,Yes
VIS0001915,VIP0001011,Shobha Devee,+91-91344-17757,Peddadinne,2026-05-26,Follow-up review,FAC010,E0001311,Stable,No
VIS0001917,VIP0001012,Anjali Laxman,,KOHIR,2026-08-26,Follow-up review,FAC022,E0001312,Needs escalation,No
VIS0001919,VIP0001013,Raju Naik,9845165865,Manoor,2026-07-27,Follow-up review,FAC019,E0001313,Stable,No
VIS0001921,VIP0001014,Anil Kumar,9321623547,Kalher,2026-08-19,Follow-up review,FAC020,E0001314,Needs escalation,No
VIS0001923,VIP0001015,winod Narsimha,9347975559,Devarakonda,2026-08-13,Follow-up review,FAC012,E0001315,Improved,No
VIS0001927,VIP0001017,Srilatha,9576396449,Donur,2026-09-05,Follow-up review,FAC008,E0001318,Needs escalation,Yes
VIS0001930,VIP0001019,Srilatha Goud,9253053919,Balanagar,2026-04-02,Follow-up review,FAC006,E0001320,Needs escalation,Yes
VIS0001932,VIP0001020,Kiran Rao,,Kangti,2026-04-01,Follow-up review,FAC020,E0001321,Improved,No
VIS0001935,VIP0001021,Suresh Naik,9335547667,Kummarikunta,2026-07-07,Follow-up review,FAC014,E0001323,Needs escalation,No
VIS0001938,VIP0001022,Ravi Jangam,9479082873,Badepally,2026-04-17,Follow-up review,FAC002,E0001325,Needs escalation,No
VIS0001940,VIP0001023,Mahesh Narsimha,9467311237,Polepally,2026-02-18,Follow-up review,FAC002,E0001326,Stable,No
VIS0001942,VIP0001024,Anitha Mudiraj,9535418416,Kangti,2026-05-12,Follow-up review,FAC021,E0001327,Improved,Yes
VIS0001944,VIP0001025,Raghav Rao,9611293768,Gangapur,2026-08-17,Follow-up review,FAC003,E0001328,Improved,No
VIS0001946,VIP0001026,Ravi Patel,9339964358,Bangarigadda,2026-03-20,Follow-up review,FAC013,E0001329,Stable,No
VIS0001951,VIP0001029,Lalitha Khan,9559056670,Midjil,2026-05-29,Follow-up review,FAC008,E0001333,Needs escalation,Yes
VIS0001953,VIP0001030,Vinod Chary,9354564486,KOHIR,2026-06-20,Follow-up review,FAC024,E0001334,Stable,Yes
VIS0001957,VIP0001032,Bhvani Naik,9914093523,Jharasanga,2026-07-23,Follow-up review,FAC022,E0001337,Improved,No
VIS0001960,VIP0001034,Bhavani Mudiraj,9697705490,Narayankhed,2026-07-17,Follow-up review,FAC021,E0001339,Stable,No
VIS0001964,VIP0001035,Mahesh,9770766433,Velpula,2026-04-23,Follow-up review,FAC007,E0001342,Improved,No
VIS0001966,VIP0001036,Srinivas Rao,9218808023,Macharam,2026-07-07,Follow-up review,FAC001,E0001343,Stable,Yes
VIS0001972,VIP0001040,Srilatha Devi,9793917855,Mogudampally,2026-06-21,Follow-up review,FAC022,E0001348,Stable,Yes
VIS0001974,VIP0001040,Srilatha Devi,9793917855,MOGUDAMPALLY,2026-07-17,Follow-up review,FAC023,E0001349,Improved,Yes
VIS0001977,VIP0001041,Deepika Chary,9261224985,Devarakonda,2026-05-10,Follow-up review,FAC011,E0001351,Improved,Yes
VIS0001979,VIP0001041,Deepika Chary,9261424985,Devarakonda,2026-07-30,Follow-up review,FAC011,E0001352,Stable,No
VIS0001981,VIP0001042,Ramesh Mallaiah,9767295621,Peddadinne,2026-04-26,Follow-up review,FAC010,E0001353,Needs escalation,No
VIS0001985,VIP0001045,Arun Khan,+91-97905-06458,Kummarikunta,2026-03-19,Follow-up review,FAC013,E0001356,Improved,No
VIS0001987,VIP0001046,Srilatha Rao,9484713949,Velpula,2026-04-18,Follow-up review,FAC009,E0001357,Stable,Yes
VIS0001990,VIP0001047,Srinivas Mudiraj,9706917346,Nermata,2026-08-27,Follow-up review,FAC015,E0001359,Improved,No
VIS0001996,VIP0001051,Lalitha Mallaiah,9854579507,DONUR,2026-03-04,Follow-up review,FAC009,E0001364,Needs escalation,No
VIS0001998,VIP0001051,Lalitha Mallaiah,9854579507,Donur,2026-08-01,Follow-up review,FAC009,E0001365,Improved,No
VIS0002005,VIP0001056,Suresh Patel,9602241507,Nomula,2026-07-10,Follow-up review,FAC016,E0001371,Improved,Yes
VIS0002007,VIP0001057,Mouneeka Devi,9657629661,Jharasangam,2026-01-21,Follow-up review,FAC022,E0001372,Needs escalation,Yes
VIS0002010,VIP0001059,Padma Naik,,Marrur,2026-07-15,Follow-up review,FAC018,E0001374,Needs escalation,No
VIS0002012,VIP0001060,Lakshmi Reddy,9728944721,Kohir,2026-08-20,Follow-up review,FAC024,E0001375,Improved,No
VIS0002014,VIP0001061,wenkatesh Basha,+91-92032-14288,Kohir,2026-04-08,Follow-up review,FAC022,E0001376,Improved,Yes
VIS0002017,VIP0001063,Swathi Rao,9380763817,Zaheerabad,2026-01-18,Follow-up review,FAC024,E0001378,Stable,No
VIS0002021,VIP0001064,Jyothi Naik,9165228618,Kohir,2026-05-05,Follow-up review,FAC023,E0001381,Stable,Yes
VIS0002023,VIP0001065,Divya Devi,9186440095,Velpula,2026-09-07,Follow-up review,FAC007,E0001382,Improved,No
VIS0002026,VIP0001067,Harika Begum,,Mangalapally,2026-04-07,Follow-up review,FAC016,E0001384,Improved,No
VIS0002028,VIP0001067,Harika Begum,9057894182,Mangalapally,2026-05-17,Follow-up review,FAC016,E0001385,Needs escalation,Yes
VIS0002032,VIP0001069,Renuka Mallaiah,9372409813,Nakrekal,2026-03-27,Follow-up review,FAC017,E0001388,Improved,No
VIS0002034,VIP0001070,Lalitha Devi,9978997648,Bodajanampet,2026-05-11,Follow-up review,FAC005,E0001389,Stable,No
VIS0002037,VIP0001072,Sai Krishna,9910982024,Jharasangam,2026-06-24,Follow-up review,FAC024,E0001391,Improved,Yes
VIS0002039,VIP0001073,Ramesh Goud,+91-98951-73922,Gangapur,2026-05-02,Follow-up review,FAC001,E0001392,Improved,No
VIS0002047,VIP0001080,Raghaw Begum,9919950628,Kohir,2026-04-28,Follow-up review,FAC022,E0001399,Stable,No
VIS0002050,VIP0001081,Shankar Laxman,9895027470,Gundlapally,2026-08-14,Follow-up review,FAC010,E0001401,Improved,No
VIS0002053,VIP0001083,Naveen Mudiraj,9439187489,Manoor,2026-05-17,Follow-up review,FAC019,E0001403,Stable,No
VIS0002055,VIP0001084,Srilatha Kumar,9571846237,Manoor,2026-07-22,Follow-up review,FAC021,E0001404,Needs escalation,No
VIS0002058,VIP0001086,Rajesh Das,9107239919,Patancher,2026-08-27,Follow-up review,FAC025,E0001406,Needs escalation,Yes
VIS0002062,VIP0001088,Padma Naik,9213552463,Velpula,2026-05-05,Follow-up review,FAC009,E0001409,Stable,No
VIS0002065,VIP0001089,Lakshmi Shekar,9840885650,Jharasangam,2026-08-18,Follow-up review,FAC024,E0001411,Improved,No
VIS0002067,VIP0001090,Rajesh Khan,+91-96350-05407,Narayankhed,2026-07-02,Follow-up review,FAC021,E0001412,Improved,No
VIS0002070,VIP0001091,Rani Jangam,9906388378,Midjil,2026-03-22,Follow-up review,FAC007,E0001414,Stable,Yes
VIS0002072,VIP0001092,Padma Rao,9411663876,Nomula,2026-02-22,Follow-up review,FAC018,E0001415,Stable,Yes
VIS0002075,VIP0001093,wenkatesh Mallaiah,,Bhanu,2026-07-05,Follow-up review,FAC025,E0001417,Stable,No
VIS0002081,VIP0001098,Kavitha Das,9719480043,Balanagar,2026-05-06,Follow-up review,FAC006,E0001422,Needs escalation,No
VIS0002084,VIP0001100,Srinivas Begum,9470219679,MANOOR,2026-03-29,Follow-up review,FAC019,E0001424,Stable,Yes
VIS0002086,VIP0001100,Srinivas Begum,9470219679,Manoor,2026-05-05,Follow-up review,FAC021,E0001425,Needs escalation,Yes
VIS0002088,VIP0001100,Srinivas Begum,+91-94702-19679,Manoor,2026-07-06,Follow-up review,FAC020,E0001426,Needs escalation,Yes
VIS0002090,VIP0001101,Mounika Basha,,Gangapur,2026-03-27,Follow-up review,FAC001,E0001427,Needs escalation,Yes
VIS0002097,VIP0001105,Praveen Naik,9719540505,Midjil,2026-03-19,Follow-up review,FAC009,E0001433,Stable,Yes
VIS0002099,VIP0001106,Lalitha Naik,,Indresham,2026-08-28,Follow-up review,FAC026,E0001434,Stable,No
VIS0002103,VIP0001109,Nirmala Mudiraj,9201442909,Polepally,2026-04-10,Follow-up review,FAC002,E0001437,Improved,No
VIS0002108,VIP0001113,Mohan Narsimha,9208098080,Rajapur,2026-04-25,Follow-up review,FAC004,E0001441,Improved,No
VIS0002110,VIP0001114,Venkatesh Patel,9227295226,Mogudampally,2026-07-06,Follow-up review,FAC023,E0001442,Improved,Yes
VIS0002113,VIP0001116,Sai Shekar,,DONUR,2026-07-25,Follow-up review,FAC007,E0001444,Improved,No
VIS0002115,VIP0001117,Santosh Laxman,9250651229,Kondamallepally,2026-07-14,Follow-up review,FAC011,E0001445,Improved,No
VIS0002119,VIP0001119,Lakshmi Naik,9043508505,Gundlapally,2026-08-03,Follow-up review,FAC012,E0001448,Stable,No
VIS0002121,VIP0001120,Rani Reddy,9074226389,VEMULA,2026-02-11,Follow-up review,FAC009,E0001449,Improved,No
VIS0002125,VIP0001122,Raju Yadav,9192520999,Kalher,2026-06-26,Follow-up review,FAC020,E0001452,Needs escalation,Yes
VIS0002130,VIP0001125,Kiran Rao,9077688344,Manoor,2026-03-04,Follow-up review,FAC020,E0001456,Improved,No
VIS0002133,VIP0001126,Saritha Mudiraj,9305627851,Indresham,2026-05-16,Follow-up review,FAC025,E0001458,Needs escalation,No
VIS0002136,VIP0001128,Mahesh Mallaiah,,Midjil,2026-02-13,Follow-up review,FAC008,E0001460,Needs escalation,No
VIS0002139,VIP0001129,Raju Khan,9353665973,Zaheerabad,2026-07-11,Follow-up review,FAC022,E0001462,Improved,Yes
VIS0002141,VIP0001129,Raju Khan,9353665973,Zaheerabad,2026-08-19,Follow-up review,FAC022,E0001463,Needs escalation,No
VIS0002143,VIP0001130,Anjali Goud,9872480717,Nermata,2026-07-20,Follow-up review,FAC015,E0001464,Stable,No
VIS0002145,VIP0001131,Rawi Goud,9584796500,Gangapur,2026-01-22,Follow-up review,FAC003,E0001465,Needs escalation,Yes
VIS0002152,VIP0001135,Rajesh Jangam,9603140612,Kummarikunta,2026-06-14,Follow-up review,FAC015,E0001471,Needs escalation,No
VIS0002154,VIP0001136,Srinivas Shekar,9208771617,NAKREKAL,2026-02-13,Follow-up review,FAC017,E0001472,Stable,Yes
VIS0002159,VIP0001139,Raghav Goud,9423297833,Vemula,2026-02-17,Follow-up review,FAC008,E0001476,Improved,No
VIS0002162,VIP0001140,Divya Narsimha,9026959566,Velpula,2026-05-10,Follow-up review,FAC007,E0001478,Stable,Yes
VIS0002165,VIP0001141,Anjali Shekar,9352235225,Gundlapally,2026-02-25,Follow-up review,FAC012,E0001480,Needs escalation,Yes
VIS0002169,VIP0001142,Bhavanee Naik,,Rajapur,2026-05-11,Follow-up review,FAC006,E0001483,Needs escalation,No
VIS0002172,VIP0001143,Swathi Laxman,9629140581,Polepall,2026-04-25,Follow-up review,FAC001,E0001485,Improved,Yes
VIS0002179,VIP0001147,Bhavani Jangam,9444064650,Badepally,2026-06-26,Follow-up review,FAC001,E0001491,Needs escalation,Yes
VIS0002182,VIP0001149,Bhavani Mallaiah,9186452806,Bhanur,2026-01-22,Follow-up review,FAC025,E0001493,Improved,Yes
VIS0002187,VIP0001153,Mohan Laxman,9558266515,Manoor,2026-07-03,Follow-up review,FAC021,E0001497,Needs escalation,No
VIS0002191,VIP0001155,Arun Narsimha,9768184472,Jharasangam,2026-08-24,Follow-up review,FAC024,E0001500,Improved,No
VIS0002193,VIP0001156,Divya,9435544292,Vemula,2026-03-14,Follow-up review,FAC007,E0001501,Stable,Yes
VIS0002195,VIP0001157,Lalitha Patel,+91-92702-03243,Kangti,2026-07-25,Follow-up review,FAC019,E0001502,Stable,Yes
VIS0002199,VIP0001160,Kiran Patel,9944764534,Nakrekal,2026-06-13,Follow-up review,FAC018,E0001505,Improved,Yes
VIS0002201,VIP0001160,Kiran Patel,9944764534,Nakrekal,2026-07-17,Follow-up review,FAC016,E0001506,Needs escalation,Yes
VIS0002203,VIP0001161,Naveen Mudiraj,9012277846,Macharam,2026-04-24,Follow-up review,FAC001,E0001507,Stable,No
VIS0002205,VIP0001162,Anitha Mallaiah,9677043050,Jharasangam,2026-06-14,Follow-up review,FAC024,E0001508,Improved,No
VIS0002209,VIP0001164,Vinod Basha,,Vemula,2026-06-21,Follow-up review,FAC009,E0001511,Improved,Yes
VIS0002211,VIP0001165,Shobha Begum,9793668729,MANOOR,2026-06-11,Follow-up review,FAC020,E0001512,Needs escalation,No
VIS0002213,VIP0001166,Divya Chary,,Kallepally,2026-03-14,Follow-up review,FAC005,E0001513,Improved,Yes
VIS0002216,VIP0001168,Sai Jangam,+91-98621-35984,Bangarigadda,2026-04-21,Follow-up review,FAC015,E0001515,Improved,No
VIS0002219,VIP0001169,Anil,9626465056,Donur,2026-03-09,Follow-up review,FAC008,E0001517,Needs escalation,No
VIS0002225,VIP0001173,Divya Laxman,9320769240,Zaheerabad,2026-08-11,Follow-up review,FAC024,E0001522,Stable,Yes
VIS0002228,VIP0001175,Rajesh Shekar,9405132792,Kangti,2026-05-19,Follow-up review,FAC019,E0001524,Stable,Yes
VIS0002230,VIP0001175,Rajesh Shekar,,Kangti,2026-07-06,Follow-up review,FAC021,E0001525,Stable,Yes
VIS0002233,VIP0001177,Swathi Rao,+91-98779-17344,Rajapur,2026-07-05,Follow-up review,FAC005,E0001527,Needs escalation,No
VIS0002238,VIP0001181,Nirmala Reddy,9641079442,Badepally,2026-01-31,Follow-up review,FAC002,E0001531,Needs escalation,No
VIS0002240,VIP0001182,Harika Krishna,9744650893,Devarakonda,2026-07-23,Follow-up review,FAC010,E0001532,Needs escalation,Yes
VIS0002242,VIP0001183,Santosh Kumar,9652841185,Ameenpur,2026-08-25,Follow-up review,FAC026,E0001533,Needs escalation,No
VIS0002244,VIP0001184,Suresh Mudiraj,9388283785,Zaheerabad,2026-09-04,Follow-up review,FAC022,E0001534,Needs escalation,Yes
VIS0002249,VIP0001187,Naveen Khan,9207604901,Bangarigadda,2026-01-27,Follow-up review,FAC015,E0001538,Improved,No
VIS0002254,VIP0001189,Ravi Shekar,9061760697,Badepally,2026-07-26,Follow-up review,FAC003,E0001542,Stable,No
VIS0002258,VIP0001191,Lalitha Patel,9831108916,KANGTI,2026-05-26,Follow-up review,FAC021,E0001545,Stable,Yes
VIS0002264,VIP0001194,Hrika Mudiraj,9112732334,Bangarigadd,2026-08-28,Follow-up review,FAC015,E0001550,Stable,No
VIS0002267,VIP0001196,Lalitha Narsimha,9234887888,Velpula,2026-07-16,Follow-up review,FAC007,E0001552,Improved,No
VIS0002269,VIP0001197,Kavitha Jangam,9831883713,Kangti,2026-03-19,Follow-up review,FAC020,E0001553,Needs escalation,Yes
VIS0002272,VIP0001198,Anjalee Rao,9537929411,Kangti,2026-08-09,Follow-up review,FAC020,E0001555,Stable,No
VIS0002275,VIP0001200,Nirmala Mudiraj,9956733509,Midjil,2026-02-23,Follow-up review,FAC007,E0001557,Needs escalation,No
VIS0002277,VIP0001200,Nirmala Mudiraj,,Midjil,2026-05-07,Follow-up review,FAC008,E0001558,Improved,No
VIS0002280,VIP0001202,Ramesh Reddy,9705270486,BADEPALLY,2026-02-25,Follow-up review,FAC003,E0001560,Improved,No
VIS0002291,VIP0001207,Arun Begum,9651934884,Kangti,2026-08-26,Follow-up review,FAC020,E0001570,Needs escalation,No
VIS0002296,VIP0001211,Arun Basha,9794721146,Macharam,2026-07-28,Follow-up review,FAC003,E0001574,Improved,No
VIS0002299,VIP0001212,Renuk Narsimha,9381284730,Kohir,2026-07-20,Follow-up review,FAC022,E0001576,Improved,No
VIS0002301,VIP0001212,Renuka Narsimha,9381214730,Kohir,2026-07-25,Follow-up review,FAC024,E0001577,Improved,No
VIS0002305,VIP0001215,Naveen Patel,9538182112,Macharam,2026-06-11,Follow-up review,FAC001,E0001580,Improved,No
VIS0002309,VIP0001217,Sai Begum,9906705226,Nermata,2026-03-20,Follow-up review,FAC014,E0001583,Improved,No
VIS0002313,VIP0001219,Padma Shekar,9321137035,Nermata,2026-05-31,Follow-up review,FAC014,E0001586,Needs escalation,Yes
VIS0002316,VIP0001221,Raju Patel,9984170071,Vemula,2026-07-07,Follow-up review,FAC009,E0001588,Stable,Yes
VIS0002320,VIP0001224,Kavita Mallaiah,9862772012,Mangalapally,2026-09-03,Follow-up review,FAC016,E0001591,Stable,Yes
VIS0002323,VIP0001226,Lakshmi Basha,9832793903,Mogudampally,2026-01-24,Follow-up review,FAC024,E0001593,Needs escalation,Yes
VIS0002325,VIP0001226,Lakshmi Basha,9832793953,Mogudampally,2026-09-04,Follow-up review,FAC024,E0001594,Needs escalation,Yes
VIS0002328,VIP0001227,Naresh Mudiraj,9345352885,Manoor,2026-07-20,Follow-up review,FAC020,E0001596,Needs escalation,No
VIS0002330,VIP0001228,nil Yadav,9410221978,Mangalapally,2026-02-27,Follow-up review,FAC017,E0001597,Stable,No
VIS0002333,VIP0001230,Lalitha Krishna,9947648391,Nermata,2026-05-07,Follow-up review,FAC014,E0001599,Stable,No
VIS0002335,VIP0001231,Naresh Mudiraj,9373447049,Nomula,2026-03-06,Follow-up review,FAC016,E0001600,Needs escalation,No
VIS0002338,VIP0001233,Vinod Shekar,9706300497,Kalher,2026-04-30,Follow-up review,FAC019,E0001602,Improved,No
VIS0002343,VIP0001236,Venkatesh Mudiraj,9774848248,GUNDLAPALLY,2026-06-29,Follow-up review,FAC011,E0001606,Stable,Yes
VIS0002347,VIP0001239,Srinivas,9651333112,Macharam,2026-08-06,Follow-up review,FAC001,E0001609,Improved,No
VIS0002350,VIP0001241,Sai Patel,9104640596,Balanagar,2026-08-27,Follow-up review,FAC005,E0001611,Stable,No
VIS0002353,VIP0001243,Renuka Jangam,9388920678,Manoor,2026-01-28,Follow-up review,FAC019,E0001613,Needs escalation,No
VIS0002357,VIP0001245,Swathi Yadav,9092692767,Chandur,2026-02-03,Follow-up review,FAC014,E0001616,Improved,No
VIS0002367,VIP0001252,Kavitha Khan,9385083311,Kohir,2026-06-17,Follow-up review,FAC024,E0001625,Stable,Yes
VIS0002369,VIP0001252,Kvitha Khan,9385083311,Kohir,2026-07-09,Follow-up review,FAC022,E0001626,Stable,Yes
VIS0002372,VIP0001254,Mounika Rao,+91-96623-55008,Manoor,2026-05-17,Follow-up review,FAC019,E0001628,Needs escalation,No
VIS0002375,VIP0001255,sobha Patel,9458190833,Chandur,2026-07-19,Follow-up review,FAC014,E0001630,Improved,Yes
VIS0002377,VIP0001255,Shobha Patel,+91-94581-90833,Chandur,2026-08-09,Follow-up review,FAC013,E0001631,Needs escalation,No
VIS0002379,VIP0001256,Praveen Naik,+91-95978-48483,Kohir,2026-05-06,Follow-up review,FAC024,E0001632,Stable,No
VIS0002381,VIP0001256,Praveen Naik,9597848483,Kohir,2026-08-05,Follow-up review,FAC022,E0001633,Improved,Yes
VIS0002385,VIP0001259,Renuka Krishna,9948555194,Patancheru,2026-07-03,Follow-up review,FAC027,E0001636,Improved,No
VIS0002388,VIP0001261,Kavitha Narsimha,9583657505,Nermata,2026-08-09,Follow-up review,FAC013,E0001638,Stable,No
VIS0002393,VIP0001265,Saritha Begum,9013429577,Midjil,2026-07-22,Follow-up review,FAC007,E0001642,Improved,No
VIS0002395,VIP0001266,Divya Khan,9096264208,Balanagar,2026-07-16,Follow-up review,FAC005,E0001643,Improved,Yes
VIS0002397,VIP0001267,Naween Narsimha,9100482864,Kallepally,2026-08-13,Follow-up review,FAC006,E0001644,Improved,No
VIS0002400,VIP0001269,Mohan Devi,9223304574,KOHIR,2026-06-19,Follow-up review,FAC022,E0001646,Needs escalation,No
VIS0002402,VIP0001270,Rmesh Kumar,9987613498,Midjil,2026-07-06,Follow-up review,FAC007,E0001647,Needs escalation,Yes
VIS0002404,VIP0001270,Ramesh Kumar,+91-99876-13498,Midjil,2026-08-13,Follow-up review,FAC007,E0001648,Stable,Yes
VIS0002407,VIP0001272,Vinod Devi,9242249061,Kangti,2026-06-17,Follow-up review,FAC019,E0001650,Stable,No
VIS0002409,VIP0001273,Deepika Khan,9339630005,Jharasangam,2026-02-09,Follow-up review,FAC022,E0001651,Needs escalation,Yes
VIS0002413,VIP0001275,Arun Mallaiah,9834917290,Donur,2026-06-29,Follow-up review,FAC008,E0001654,Stable,Yes
VIS0002415,VIP0001275,Arun Mallaiah,9834917290,Donur,2026-09-12,Follow-up review,FAC009,E0001655,Improved,Yes
VIS0002417,VIP0001276,Renuka Jangam,9098597493,Gangapur,2026-05-10,Follow-up review,FAC003,E0001656,Stable,No
VIS0002420,VIP0001277,Padma Khan,9298599250,Bodajanampet,2026-05-06,Follow-up review,FAC006,E0001658,Needs escalation,No
VIS0002422,VIP0001277,Padma Khan,,BODAJANAMPET,2026-07-05,Follow-up review,FAC004,E0001659,Needs escalation,No
VIS0002424,VIP0001278,Renuka Reddy,9708366095,Patancheru,2026-03-10,Follow-up review,FAC025,E0001660,Improved,Yes
VIS0002426,VIP0001279,Renuka Das,9142037456,Devarakonda,2026-07-01,Follow-up review,FAC012,E0001661,Stable,Yes
VIS0002428,VIP0001280,Bhavani Reddy,9259837291,Kallepally,2026-04-03,Follow-up review,FAC005,E0001662,Needs escalation,No
VIS0002431,VIP0001280,Bhavani Reddy,9259837291,Kallepally,2026-06-29,Follow-up review,FAC006,E0001664,Stable,No
VIS0002433,VIP0001281,Mohan Devi,9376210448,Devarakonda,2026-08-16,Follow-up review,FAC010,E0001665,Needs escalation,No
VIS0002438,VIP0001283,Renuka Mudiraj,9429537549,Kohir,2026-03-02,Follow-up review,FAC023,E0001669,Stable,Yes
VIS0002442,VIP0001286,Sushma Mudiraj,9673959048,Balanagar,2026-05-08,Follow-up review,FAC005,E0001672,Stable,No
VIS0002445,VIP0001287,Nirmala Laxman,,Kummarikunta,2026-05-29,Follow-up review,FAC014,E0001674,Needs escalation,No
VIS0002447,VIP0001288,Rajesh Devi,9808820784,Gundlapally,2026-05-26,Follow-up review,FAC010,E0001675,Needs escalation,No
VIS0002450,VIP0001290,Sai Chary,9560071683,Marrur,2026-02-06,Follow-up review,FAC018,E0001677,Stable,No
VIS0002454,VIP0001292,Padma Reddy,9709612778,Jharasangam,2026-02-23,Follow-up review,FAC024,E0001680,Improved,No
VIS0002456,VIP0001293,Santosh Kumar,+91-98629-28668,Patancheru,2026-02-07,Follow-up review,FAC027,E0001681,Stable,No
VIS0002459,VIP0001295,Ravi Basha,9043513875,Mogudampally,2026-03-09,Follow-up review,FAC024,E0001683,Improved,No
VIS0002461,VIP0001296,Sriniwas Reddy,+91-92872-78807,Indresham,2026-07-26,Follow-up review,FAC025,E0001684,Needs escalation,No
VIS0002464,VIP0001297,Venkatesh Kumar,9750405476,Rajapur,2026-08-29,Follow-up review,FAC006,E0001686,Needs escalation,Yes
VIS0002467,VIP0001299,Naveen Reddy,9702672061,Gangapur,2026-06-28,Follow-up review,FAC003,E0001688,Stable,Yes
VIS0002470,VIP0001301,Suresh Mallaiah,9131050236,Zaheerabad,2026-08-09,Follow-up review,FAC023,E0001690,Improved,No
VIS0002473,VIP0001302,Srilatha Begum,9258343265,Vemula,2026-07-25,Follow-up review,FAC009,E0001692,Improved,Yes
VIS0002475,VIP0001303,Rajesh Naik,9128505082,Nakrekal,2026-08-22,Follow-up review,FAC018,E0001693,Improved,No
VIS0002480,VIP0001307,Srinivas Kumar,9867277259,Bodajanampet,2026-04-06,Follow-up review,FAC006,E0001697,Stable,No
VIS0002482,VIP0001308,Srinivas Krishna,9705445623,Narayankhed,2026-05-31,Follow-up review,FAC020,E0001698,Needs escalation,No
VIS0002484,VIP0001308,Srinivas Krishna,9705445623,Narayankhed,2026-07-13,Follow-up review,FAC019,E0001699,Stable,No
VIS0002486,VIP0001309,Raghav Rao,9179794867,Peddadinne,2026-09-17,Follow-up review,FAC010,E0001700,Stable,No
VIS0002488,VIP0001310,Lakshmee Patel,+91-93488-68408,Mogudampalli,2026-03-25,Follow-up review,FAC023,E0001701,Needs escalation,Yes
VIS0002490,VIP0001311,Saritha Laxman,9840916873,Kallepally,2026-01-25,Follow-up review,FAC004,E0001702,Stable,Yes
VIS0002496,VIP0001315,Praveen Das,9841444664,Bangarigadda,2026-06-26,Follow-up review,FAC015,E0001707,Improved,Yes
VIS0002498,VIP0001315,Praveen Das,9841444664,Bangarigadda,2026-08-27,Follow-up review,FAC015,E0001708,Needs escalation,No
VIS0002500,VIP0001316,Mounika Krishna,9368455355,Indresham,2026-07-01,Follow-up review,FAC025,E0001709,Improved,No
VIS0002502,VIP0001317,Srinivas Naik,9532868642,Jharasangam,2026-04-10,Follow-up review,FAC023,E0001710,Improved,Yes
VIS0002506,VIP0001320,Mounika Chary,9244340107,Nermata,2026-04-20,Follow-up review,FAC013,E0001713,Improved,No
VIS0002509,VIP0001322,Lalitha Devi,9405015204,Gundlapally,2026-03-17,Follow-up review,FAC010,E0001715,Needs escalation,Yes
VIS0002513,VIP0001324,Ravi,9397327139,Mogudampally,2026-03-04,Follow-up review,FAC024,E0001718,Stable,No
VIS0002516,VIP0001325,Swathi Chary,9365163991,Kondamallepalli,2026-07-08,Follow-up review,FAC010,E0001720,Improved,No
VIS0002519,VIP0001326,Santosh,9210592445,Bodajanampet,2026-08-10,Follow-up review,FAC005,E0001722,Needs escalation,Yes
VIS0002522,VIP0001328,Rajesh Yadav,+91-90017-76639,Bodajanampet,2026-03-29,Follow-up review,FAC004,E0001724,Needs escalation,No
VIS0002526,VIP0001330,Ramesh Begum,,Kangti,2026-03-15,Follow-up review,FAC019,E0001727,Improved,No
VIS0002529,VIP0001332,Sriniwas Yadav,9192906442,Nermata,2026-02-15,Follow-up review,FAC013,E0001729,Needs escalation,No
VIS0002534,VIP0001335,Lalitha Basha,+91-99708-10894,Jharasangam,2026-07-15,Follow-up review,FAC024,E0001733,Stable,No
VIS0002537,VIP0001337,Saritha Shekar,9559346913,Mogudampally,2026-02-20,Follow-up review,FAC024,E0001735,Needs escalation,No
VIS0002540,VIP0001338,Sai Reddy,9813257692,Kummarikunta,2026-07-29,Follow-up review,FAC014,E0001737,Needs escalation,No
VIS0002547,VIP0001341,Anil Goud,9479406832,Gangapur,2026-06-12,Follow-up review,FAC002,E0001743,Stable,No
VIS0002549,VIP0001342,Anjali Patel,9954792582,Rajapur,2026-06-18,Follow-up review,FAC005,E0001744,Improved,No
VIS0002558,VIP0001348,Shobha Basha,9670753243,Donur,2026-01-20,Follow-up review,FAC009,E0001752,Stable,No
VIS0002562,VIP0001350,Mahesh Yadaw,9666532345,Badepally,2026-04-03,Follow-up review,FAC003,E0001755,Improved,No
VIS0002569,VIP0001355,Ravi Narsimha,9033751537,Midjil,2026-07-26,Follow-up review,FAC009,E0001761,Stable,No
VIS0002571,VIP0001356,Renuka Basha,9838126054,Kangti,2026-02-23,Follow-up review,FAC020,E0001762,Needs escalation,No
VIS0002574,VIP0001358,Deepika Reddy,9546525028,MARRUR,2026-05-18,Follow-up review,FAC016,E0001764,Improved,Yes
VIS0002577,VIP0001359,Rajesh Laxman,9517097552,Macharam,2026-04-01,Follow-up review,FAC003,E0001766,Improved,No
VIS0002581,VIP0001361,Naveen Krishna,9291739540,Narayankhed,2026-05-12,Follow-up review,FAC021,E0001769,Needs escalation,Yes
VIS0002585,VIP0001363,Ramesh Mallaiah,9816632876,Midjil,2026-07-27,Follow-up review,FAC008,E0001772,Improved,No
VIS0002587,VIP0001364,Kavitha Krishna,9609978082,Manoor,2026-05-21,Follow-up review,FAC020,E0001773,Improved,No
VIS0002589,VIP0001364,Kavitha Krishna,,Manoor,2026-06-24,Follow-up review,FAC021,E0001774,Needs escalation,Yes
VIS0002591,VIP0001365,Padma Mudiraj,9530305523,Bhanur,2026-04-11,Follow-up review,FAC027,E0001775,Needs escalation,No
VIS0002593,VIP0001366,Praveen Begum,9662905690,Donur,2026-08-03,Follow-up review,FAC008,E0001776,Improved,No
VIS0002595,VIP0001367,Naresh Narsimha,9211337500,Bhanur,2026-01-24,Follow-up review,FAC027,E0001777,Needs escalation,No
VIS0002597,VIP0001368,Rani Shekar,9689690913,Kondamallepally,2026-02-11,Follow-up review,FAC011,E0001778,Stable,No
VIS0002600,VIP0001370,Suresh Khan,9944012818,Vemula,2026-05-10,Follow-up review,FAC007,E0001780,Improved,Yes
VIS0002603,VIP0001372,Naresh Mudiraj,9825732604,Indresham,2026-01-15,Follow-up review,FAC027,E0001782,Improved,No
VIS0002605,VIP0001372,Naresh Mudiraj,9825738604,Indresham,2026-05-11,Follow-up review,FAC025,E0001783,Stable,No
VIS0002608,VIP0001374,Anitha Laxman,9993287248,Macharam,2026-03-02,Follow-up review,FAC002,E0001785,Needs escalation,No
VIS0002610,VIP0001375,Anil Rao,9072398106,Midjil,2026-02-20,Follow-up review,FAC008,E0001786,Improved,No
VIS0002614,VIP0001377,Deepika Laxman,9513018310,Patancheru,2026-04-19,Follow-up review,FAC025,E0001789,Needs escalation,No
VIS0002616,VIP0001378,Naveen Basha,9943588428,Nermata,2026-06-29,Follow-up review,FAC015,E0001790,Improved,Yes
VIS0002618,VIP0001379,Renuka Kumar,9299083718,Mangalapally,2026-08-23,Follow-up review,FAC016,E0001791,Needs escalation,No
VIS0002621,VIP0001381,Venkatesh Rao,9453444223,Kohir,2026-03-26,Follow-up review,FAC024,E0001793,Needs escalation,No
VIS0002624,VIP0001382,Kavitha Narsimha,9934873713,Kummarikunta,2026-05-15,Follow-up review,FAC013,E0001795,Needs escalation,Yes
VIS0002626,VIP0001383,Anjali Reddy,9546843700,Kalher,2026-06-21,Follow-up review,FAC020,E0001796,Improved,Yes
VIS0002628,VIP0001384,Nirmala Khan,9812508744,Gundlapalli,2026-07-17,Follow-up review,FAC011,E0001797,Improved,No
VIS0002630,VIP0001385,Srilatha Mallaiah,9345530462,Zaheerabad,2026-04-20,Follow-up review,FAC022,E0001798,Improved,No
VIS0002633,VIP0001386,Praveen Reddy,9891309375,Bodajanampet,2026-04-12,Follow-up review,FAC006,E0001800,Stable,Yes
VIS0002636,VIP0001387,Sai Mallaiah,9253170989,Nomula,2026-04-12,Follow-up review,FAC018,E0001802,Needs escalation,No
VIS0002639,VIP0001388,Shankar Narsimha,9580824373,Narayankhed,2026-02-05,Follow-up review,FAC021,E0001804,Improved,No
VIS0002641,VIP0001389,Ravi Krishna,9771276320,Kalher,2026-03-19,Follow-up review,FAC021,E0001805,Improved,Yes
VIS0002643,VIP0001390,Vinod Narsimha,9972779853,Polepally,2026-03-01,Follow-up review,FAC001,E0001806,Needs escalation,No
VIS0002645,VIP0001390,Vinod Nrsimha,9972779853,Polepally,2026-06-02,Follow-up review,FAC003,E0001807,Stable,Yes
VIS0002647,VIP0001391,Raghav Shekar,9975524749,Gangapur,2026-09-02,Follow-up review,FAC001,E0001808,Needs escalation,No
VIS0002649,VIP0001392,Harika Rao,9015526085,Zaheerabad,2026-08-08,Follow-up review,FAC024,E0001809,Needs escalation,No
VIS0002653,VIP0001394,Mahesh Yadav,9899260332,Macharam,2026-08-09,Follow-up review,FAC003,E0001812,Needs escalation,No
VIS0002656,VIP0001396,Vinod Kumar,9750359927,Indresham,2026-01-26,Follow-up review,FAC025,E0001814,Needs escalation,No
VIS0002663,VIP0001400,Kavitha Jangam,9133168513,Kondamallepally,2026-08-07,Follow-up review,FAC010,E0001820,Improved,No
VIS0002666,VIP0001401,Praveen Patel,9456902653,KOHIR,2026-05-03,Follow-up review,FAC023,E0001822,Needs escalation,No
VIS0002671,VIP0001405,Shankar Laxman,9407511725,Mogudampally,2026-06-23,Follow-up review,FAC024,E0001826,Stable,Yes
VIS0002674,VIP0001406,Srilatha Narsimha,9610086474,Patancheru,2026-05-29,Follow-up review,FAC025,E0001828,Improved,No
VIS0002679,VIP0001408,Sai Mallaiah,9724684314,Mangalapally,2026-09-02,Follow-up review,FAC016,E0001832,Needs escalation,Yes
VIS0002682,VIP0001410,Mahesh Jangam,9407144913,Ameenpur,2026-07-16,Follow-up review,FAC027,E0001834,Stable,Yes
VIS0002685,VIP0001411,Swathi Rao,9271695497,Gangapur,2026-06-18,Follow-up review,FAC001,E0001836,Stable,No
VIS0002688,VIP0001412,Vinod Goud,9002620336,Vemula,2026-05-20,Follow-up review,FAC007,E0001838,Improved,No
VIS0002690,VIP0001412,Vinod Goud,9002620316,VEMULA,2026-08-21,Follow-up review,FAC008,E0001839,Improved,No
VIS0002692,VIP0001413,Shankar Basha,+91-95180-74162,Peddadinne,2026-06-01,Follow-up review,FAC012,E0001840,Stable,Yes
VIS0002696,VIP0001416,Venkatesh Mallaiah,9578186697,Mangalapally,2026-04-29,Follow-up review,FAC018,E0001843,Needs escalation,No
VIS0002701,VIP0001419,Naveen Das,+91-95759-73924,Velpula,2026-08-31,Follow-up review,FAC007,E0001847,Improved,Yes
VIS0002703,VIP0001420,Padma Chary,9640360063,Peddadinne,2026-08-30,Follow-up review,FAC012,E0001848,Stable,No
VIS0002706,VIP0001421,Lakshmi Khan,+91-97371-08022,Kallepall,2026-06-02,Follow-up review,FAC004,E0001850,Improved,No
VIS0002708,VIP0001422,Raghav Laxman,9959345618,Indresham,2026-02-24,Follow-up review,FAC025,E0001851,Improved,No
VIS0002711,VIP0001424,Harika Das,+91-90653-94507,Jharasangam,2026-03-15,Follow-up review,FAC024,E0001853,Stable,Yes
VIS0002713,VIP0001425,Sarita Goud,9213173649,Polepalli,2026-04-09,Follow-up review,FAC001,E0001854,Needs escalation,No
VIS0002715,VIP0001425,Saritha Goud,+91-92131-73649,Polepally,2026-05-09,Follow-up review,FAC003,E0001855,Needs escalation,No
VIS0002718,VIP0001426,Anjali Yadav,9912717659,Chandur,2026-08-26,Follow-up review,FAC014,E0001857,Improved,No
VIS0002723,VIP0001429,Srilatha Rao,9412508794,Narayankhed,2026-06-01,Follow-up review,FAC020,E0001861,Stable,No
VIS0002725,VIP0001430,Sai Jangam,+91-97379-94523,Kangti,2026-06-02,Follow-up review,FAC019,E0001862,Improved,No
VIS0002729,VIP0001432,Sai Chary,9411794633,Balanagar,2026-05-12,Follow-up review,FAC004,E0001865,Improved,Yes
VIS0002739,VIP0001438,Raju Basha,9182746543,Kallepally,2026-04-25,Follow-up review,FAC004,E0001874,Improved,No
VIS0002742,VIP0001439,Lalitha Mallaiah,9714477235,Kalher,2026-07-15,Follow-up review,FAC021,E0001876,Stable,No
VIS0002746,VIP0001440,Mounika Yadav,9338910461,Mogudampally,2026-02-20,Follow-up review,FAC023,E0001879,Stable,Yes
VIS0002748,VIP0001441,Divya Devi,9681947399,Nakrekal,2026-05-30,Follow-up review,FAC018,E0001880,Improved,No
VIS0002750,VIP0001442,Ravi Goud,+91-90827-33944,Kondamallepally,2026-02-06,Follow-up review,FAC010,E0001881,Improved,No
VIS0002752,VIP0001442,Ravi Goud,9082733944,KONDAMALLEPALLY,2026-02-11,Follow-up review,FAC010,E0001882,Stable,Yes
VIS0002761,VIP0001449,Sushma Kumar,9875232726,Vemula,2026-03-26,Follow-up review,FAC009,E0001890,Improved,Yes
VIS0002763,VIP0001449,Sushma Kumar,9875232726,Vemula,2026-08-10,Follow-up review,FAC009,E0001891,Needs escalation,No
VIS0002769,VIP0001453,Swathi Das,9482304627,Nermata,2026-03-17,Follow-up review,FAC015,E0001896,Needs escalation,No
VIS0002771,VIP0001454,Vinod Shekar,9300318449,KOHIR,2026-07-11,Follow-up review,FAC022,E0001897,Improved,No
VIS0002775,VIP0001457,Jyothi Patel,9713684234,Chandur,2026-07-11,Follow-up review,FAC015,E0001900,Needs escalation,No
VIS0002778,VIP0001459,Anitha Mallaiah,9140697979,Zaheerabad,2026-04-05,Follow-up review,FAC022,E0001902,Needs escalation,No
VIS0002781,VIP0001460,Pdma Shekar,9110410815,Mogudampally,2026-03-16,Follow-up review,FAC022,E0001904,Stable,No
VIS0002784,VIP0001462,Arun Shekar,,Devarakonda,2026-09-12,Follow-up review,FAC010,E0001906,Stable,No
VIS0002786,VIP0001463,Jyothi Krishn,9079760007,Narayankhed,2026-04-03,Follow-up review,FAC020,E0001907,Improved,No
VIS0002788,VIP0001464,Venkatesh Khan,,Velpul,2026-07-25,Follow-up review,FAC007,E0001908,Needs escalation,Yes
VIS0002790,VIP0001465,Ravi Basha,9195353324,Kangti,2026-08-09,Follow-up review,FAC020,E0001909,Improved,No
VIS0002792,VIP0001466,Mahesh Chary,,Jharasangam,2026-03-01,Follow-up review,FAC022,E0001910,Stable,No
VIS0002794,VIP0001467,Sushma Das,9304206100,Donur,2026-05-18,Follow-up review,FAC008,E0001911,Needs escalation,No
VIS0002796,VIP0001468,Sriltha Shekar,9712457954,MANGALAPALLY,2026-02-26,Follow-up review,FAC017,E0001912,Needs escalation,No
VIS0002798,VIP0001469,Swathi Jangam,9379409894,Mangalapall,2026-05-29,Follow-up review,FAC016,E0001913,Needs escalation,Yes
VIS0002803,VIP0001472,Kaveetha Krishna,,MOGUDAMPALLY,2026-02-28,Follow-up review,FAC024,E0001917,Stable,No
VIS0002806,VIP0001474,Naveen Shekar,9347863333,Midjil,2026-04-12,Follow-up review,FAC008,E0001919,Stable,Yes
VIS0002809,VIP0001475,Srinivas Basha,9098066550,Ameenpur,2026-07-04,Follow-up review,FAC026,E0001921,Improved,Yes
VIS0002811,VIP0001475,Srinivas Basha,9098066550,Ameenpur,2026-09-02,Follow-up review,FAC027,E0001922,Needs escalation,No
VIS0002813,VIP0001476,Mohan Narsimha,9272987747,Manoor,2026-03-24,Follow-up review,FAC019,E0001923,Improved,No
VIS0002815,VIP0001477,Raghav Basha,9450062912,Kummarikunta,2026-03-31,Follow-up review,FAC014,E0001924,Needs escalation,Yes
VIS0002817,VIP0001478,Raghav Reddy,9877985638,Marrur,2026-04-05,Follow-up review,FAC018,E0001925,Needs escalation,Yes
VIS0002820,VIP0001480,Raju Patel,9716076503,Devarakonda,2026-04-02,Follow-up review,FAC011,E0001927,Improved,No
VIS0002822,VIP0001480,Raju Patel,9716076603,Devarakonda,2026-08-18,Follow-up review,FAC010,E0001928,Stable,Yes
VIS0002824,VIP0001481,Lakshmi Das,9455128796,Bodajanampe,2026-03-20,Follow-up review,FAC005,E0001929,Improved,No
VIS0002826,VIP0001482,Arun Khan,9162143137,Bangarigadda,2026-02-20,Follow-up review,FAC015,E0001930,Needs escalation,No
VIS0002828,VIP0001483,Anjali Mallaiah,9327267570,Kondamallepally,2026-09-04,Follow-up review,FAC012,E0001931,Stable,No
VIS0002830,VIP0001484,Nirmala Krishna,9322532179,POLEPALLY,2026-07-12,Follow-up review,FAC001,E0001932,Needs escalation,No
VIS0002832,VIP0001484,Nirmala Krishna,9322532179,Polepally,2026-08-25,Follow-up review,FAC001,E0001933,Improved,No
VIS0002834,VIP0001485,Jyothi Narsimha,9425029065,Indresham,2026-08-08,Follow-up review,FAC025,E0001934,Needs escalation,Yes
VIS0002836,VIP0001486,Srilatha Rao,9845378837,Nomula,2026-05-07,Follow-up review,FAC018,E0001935,Stable,No
VIS0002838,VIP0001487,Mohan Mudiraj,,Kangti,2026-02-22,Follow-up review,FAC019,E0001936,Stable,No
VIS0002840,VIP0001488,Sushma Yadav,9118710881,Bodajanampet,2026-02-14,Follow-up review,FAC005,E0001937,Improved,No
VIS0002842,VIP0001489,Jyothi Khan,+91-93097-66629,Donur,2026-04-20,Follow-up review,FAC009,E0001938,Improved,No
VIS0002846,VIP0001492,Raghav Devi,9228437024,Kohir,2026-04-09,Follow-up review,FAC022,E0001941,Stable,Yes
VIS0002848,VIP0001493,Shankar Rao,9904483699,Peddadinn,2026-06-24,Follow-up review,FAC012,E0001942,Stable,No
VIS0002851,VIP0001494,Mounika Patel,+91-90305-07140,Jharasangam,2026-07-11,Follow-up review,FAC022,E0001944,Improved,Yes
VIS0002853,VIP0001494,Mounika Patel,9030507140,JHARASANGAM,2026-09-01,Follow-up review,FAC023,E0001945,Needs escalation,No
VIS0002855,VIP0001495,Kiran Jangam,9764073784,Narayankhed,2026-02-18,Follow-up review,FAC021,E0001946,Stable,No
VIS0002857,VIP0001495,Kiran Jangam,9764073784,Narayankhed,2026-04-01,Follow-up review,FAC020,E0001947,Improved,No
VIS0002862,VIP0001499,Kvitha Yadav,9726459561,Bangarigadda,2026-04-29,Follow-up review,FAC014,E0001951,Improved,No
VIS0002870,VIP0001504,Deepika Jangam,9665133916,Bodajanampet,2026-09-02,Follow-up review,FAC006,E0001958,Improved,No
VIS0002872,VIP0001505,Naresh Basha,9007898234,Kalher,2026-03-25,Follow-up review,FAC021,E0001959,Needs escalation,No
VIS0002874,VIP0001506,Shankar Chary,9072718884,Kangti,2026-07-01,Follow-up review,FAC020,E0001960,Needs escalation,No
VIS0002877,VIP0001507,Shankar Das,9103346012,Gundlapally,2026-07-07,Follow-up review,FAC011,E0001962,Stable,No
VIS0002881,VIP0001510,Rani Laxman,9472416875,Kallepally,2026-02-19,Follow-up review,FAC004,E0001965,Needs escalation,No
VIS0002883,VIP0001511,Lakshmi Khan,,Macharam,2026-07-03,Follow-up review,FAC003,E0001966,Stable,Yes
VIS0002885,VIP0001512,Mahesh Goud,9890945962,AMEENPUR,2026-08-25,Follow-up review,FAC025,E0001967,Improved,No
VIS0002891,VIP0001516,Naresh Kumar,9327840926,Devarakonda,2026-07-15,Follow-up review,FAC010,E0001972,Stable,Yes
VIS0002893,VIP0001516,Naresh Kumar,,Devarakonda,2026-08-22,Follow-up review,FAC011,E0001973,Needs escalation,No
VIS0002900,VIP0001521,Lalitha Shekar,9232690454,Kohir,2026-02-01,Follow-up review,FAC022,E0001979,Stable,Yes
VIS0002902,VIP0001521,Lalitha Shekar,9232690454,Kohir,2026-06-15,Follow-up review,FAC022,E0001980,Needs escalation,Yes
VIS0002905,VIP0001523,Raghav,9386376361,Gundlapally,2026-08-13,Follow-up review,FAC012,E0001982,Stable,No
VIS0002910,VIP0001527,Lalitha Basha,9040832527,Jharasangam,2026-06-27,Follow-up review,FAC023,E0001986,Needs escalation,Yes
VIS0002912,VIP0001527,Llitha Basha,9040832527,Jharasangam,2026-07-15,Follow-up review,FAC022,E0001987,Improved,Yes
VIS0002914,VIP0001528,Suresh Mallaiah,9975233640,Peddadinne,2026-02-16,Follow-up review,FAC012,E0001988,Needs escalation,No
VIS0002916,VIP0001529,Nirmala Patel,9465679056,Rajapur,2026-06-30,Follow-up review,FAC004,E0001989,Needs escalation,Yes
VIS0002919,VIP0001531,Sushma Narsimha,9073028124,VELPULA,2026-04-11,Follow-up review,FAC007,E0001991,Improved,Yes
VIS0002921,VIP0001531,Sushma Narsimha,9473028124,Velpula,2026-06-15,Follow-up review,FAC009,E0001992,Stable,Yes
VIS0002923,VIP0001532,Naveen Krishna,9397044695,Gangapur,2026-04-13,Follow-up review,FAC001,E0001993,Stable,No
VIS0002925,VIP0001533,Jyothi Jangam,9423223038,Mangalapally,2026-04-17,Follow-up review,FAC016,E0001994,Stable,Yes
VIS0002927,VIP0001534,Arun Mallaiah,9348370872,Chandur,2026-01-27,Follow-up review,FAC013,E0001995,Improved,No
VIS0002931,VIP0001536,Mahesh Shekar,9213900277,Jharasangam,2026-03-02,Follow-up review,FAC023,E0001998,Needs escalation,No
VIS0002933,VIP0001537,Sai Mallaiah,9985321111,Kalher,2026-07-19,Follow-up review,FAC021,E0001999,Improved,No
VIS0002937,VIP0001539,Srinivas Shekar,9100245798,Gangapur,2026-04-03,Follow-up review,FAC001,E0002002,Stable,No
VIS0002940,VIP0001541,Sushma Basha,+91-95375-06395,Rajapur,2026-04-22,Follow-up review,FAC005,E0002004,Improved,No
VIS0002943,VIP0001541,Sushma Basha,+91-95375-06395,Rajapur,2026-08-03,Follow-up review,FAC004,E0002006,Improved,Yes
VIS0002950,VIP0001547,Mohan Basha,9328435780,Kangti,2026-07-21,Follow-up review,FAC021,E0002012,Improved,No
VIS0002954,VIP0001549,Renuka Devi,9465466629,Vemula,2026-05-02,Follow-up review,FAC009,E0002015,Improved,No
VIS0002956,VIP0001550,Naveen Basha,9617194808,Marrur,2026-01-27,Follow-up review,FAC017,E0002016,Stable,No
VIS0002961,VIP0001554,Santosh Jangam,9817659490,Nomula,2026-03-16,Follow-up review,FAC017,E0002020,Needs escalation,No
VIS0002963,VIP0001554,Santosh Jangam,9817659420,Nomula,2026-04-29,Follow-up review,FAC016,E0002021,Needs escalation,No
VIS0002971,VIP0001558,Divya sekar,9211319425,MOGUDAMPALLY,2026-09-03,Follow-up review,FAC022,E0002028,Improved,No
VIS0002973,VIP0001559,Anitha Naik,9092821388,Narayankhed,2026-07-09,Follow-up review,FAC020,E0002029,Needs escalation,No
VIS0002983,VIP0001566,Ramesh Goud,,Kangti,2026-04-12,Follow-up review,FAC019,E0002038,Needs escalation,Yes
VIS0002985,VIP0001566,Ramesh Goud,+91-96838-01914,Kangti,2026-06-25,Follow-up review,FAC021,E0002039,Needs escalation,No
VIS0002987,VIP0001567,Shankar Mallaiah,9275901507,Kallepally,2026-01-19,Follow-up review,FAC006,E0002040,Needs escalation,Yes
VIS0002989,VIP0001567,Shankar Mallaiah,9275901207,Kallepally,2026-08-18,Follow-up review,FAC004,E0002041,Stable,Yes
VIS0002992,VIP0001569,Venkatesh Mallaiah,9184709457,Gundlapally,2026-03-21,Follow-up review,FAC010,E0002043,Needs escalation,No
VIS0002994,VIP0001569,Venkatesh Mallaiah,9184709457,Gundlapally,2026-07-19,Follow-up review,FAC011,E0002044,Stable,No
VIS0002996,VIP0001570,Renuka Chary,9482451920,Balanagar,2026-08-14,Follow-up review,FAC005,E0002045,Needs escalation,No
VIS0002999,VIP0001571,Anil Reddy,9547531909,Kalher,2026-07-11,Follow-up review,FAC020,E0002047,Improved,Yes
VIS0003001,VIP0001572,Arun Narsimha,9784307616,Midjil,2026-07-13,Follow-up review,FAC007,E0002048,Stable,No
VIS0003005,VIP0001575,Naveen Chary,+91-98943-37161,BHANUR,2026-06-25,Follow-up review,FAC027,E0002051,Needs escalation,No
VIS0003007,VIP0001575,Naveen Chary,9894337161,Bhanur,2026-08-04,Follow-up review,FAC026,E0002052,Needs escalation,No
VIS0003011,VIP0001577,Shankar Naik,9118980196,Jharasangam,2026-07-23,Follow-up review,FAC022,E0002055,Stable,Yes
VIS0003013,VIP0001578,Raju Goud,9974651989,Midjil,2026-06-08,Follow-up review,FAC008,E0002056,Needs escalation,Yes
VIS0003015,VIP0001578,Raju Goud,9974651989,Midjil,2026-07-25,Follow-up review,FAC008,E0002057,Needs escalation,Yes
VIS0003019,VIP0001580,Rajesh Laxman,9593130254,Nermata,2026-06-27,Follow-up review,FAC015,E0002060,Stable,No
VIS0003021,VIP0001581,Shankar Naik,9924199721,Zaheerabad,2026-06-23,Follow-up review,FAC023,E0002061,Stable,Yes
VIS0003023,VIP0001582,Sntosh Mallaiah,9225071166,Bangarigadda,2026-07-20,Follow-up review,FAC015,E0002062,Improved,No
VIS0003025,VIP0001583,Kavitha Jangam,,Vemula,2026-02-18,Follow-up review,FAC007,E0002063,Stable,No
VIS0003030,VIP0001586,Lalitha Narsimha,9229504650,AMEENPUR,2026-05-01,Follow-up review,FAC025,E0002067,Stable,Yes
VIS0003032,VIP0001587,Vinod Begum,9167921527,Devarakonda,2026-05-10,Follow-up review,FAC012,E0002068,Needs escalation,No
VIS0003034,VIP0001587,Vinod Begum,+91-91679-21527,Devarakonda,2026-06-12,Follow-up review,FAC010,E0002069,Improved,No
VIS0003040,VIP0001590,Shankar Yadaw,9410866178,Marrur,2026-08-30,Follow-up review,FAC017,E0002074,Improved,No
VIS0003042,VIP0001591,Mohan Das,9087558979,KONDAMALLEPALLY,2026-03-28,Follow-up review,FAC010,E0002075,Needs escalation,Yes
VIS0003046,VIP0001594,Bhavani Shekar,9638201205,Zaheerabad,2026-03-19,Follow-up review,FAC023,E0002078,Improved,Yes
VIS0003049,VIP0001595,Shobha Jangam,9829411048,Zaheerabad,2026-07-03,Follow-up review,FAC022,E0002080,Needs escalation,Yes
VIS0003053,VIP0001597,Nirmala Reddy,9153883462,Kondamallepally,2026-08-08,Follow-up review,FAC011,E0002083,Stable,No
VIS0003059,VIP0001602,Nirmala Narsimha,+91-92119-81059,Peddadinne,2026-07-14,Follow-up review,FAC010,E0002088,Improved,No
VIS0003062,VIP0001604,Raghav Goud,9920385645,Midjil,2026-07-17,Follow-up review,FAC007,E0002090,Improved,No
VIS0003064,VIP0001605,Kavitha Das,9154078855,Kohir,2026-08-28,Follow-up review,FAC023,E0002091,Needs escalation,No
VIS0003066,VIP0001606,Bhavani Goud,,Patancheru,2026-02-14,Follow-up review,FAC027,E0002092,Needs escalation,No
VIS0003068,VIP0001607,Sushma Kumar,9612172860,Jharasangam,2026-03-23,Follow-up review,FAC023,E0002093,Improved,Yes
VIS0003070,VIP0001608,Anil Kumar,,Ameenpur,2026-06-21,Follow-up review,FAC026,E0002094,Needs escalation,No
VIS0003076,VIP0001611,Harika Begum,9806112308,Narayankhed,2026-07-23,Follow-up review,FAC020,E0002099,Improved,No
VIS0003078,VIP0001611,Harika Begum,9806112308,Narayankhed,2026-08-17,Follow-up review,FAC021,E0002100,Improved,No
VIS0003080,VIP0001612,Anjali Naik,9137366816,Mogudampally,2026-08-04,Follow-up review,FAC024,E0002101,Needs escalation,Yes
VIS0003082,VIP0001613,Venkatesh Begum,9430634879,Balanagar,2026-05-30,Follow-up review,FAC005,E0002102,Stable,Yes
VIS0003084,VIP0001614,Nirmala Basha,9155207775,Nakrekal,2026-07-03,Follow-up review,FAC018,E0002103,Improved,No
VIS0003086,VIP0001615,Rani Yadav,9043103622,Badepally,2026-07-23,Follow-up review,FAC002,E0002104,Needs escalation,Yes
VIS0003088,VIP0001615,Rani Yadav,9043103622,Badepalli,2026-08-19,Follow-up review,FAC003,E0002105,Needs escalation,Yes
VIS0003090,VIP0001616,Srinivas Reddy,9334716469,Bodajanampet,2026-06-01,Follow-up review,FAC005,E0002106,Needs escalation,No
VIS0003095,VIP0001618,Sushma Devi,9766540095,Nomula,2026-02-26,Follow-up review,FAC018,E0002110,Stable,No
VIS0003098,VIP0001619,Sushma Devi,9070583582,Mogudampally,2026-07-20,Follow-up review,FAC023,E0002112,Stable,Yes
VIS0003101,VIP0001621,Mahesh Chary,9837655242,Bhanur,2026-02-10,Follow-up review,FAC026,E0002114,Improved,No
VIS0003103,VIP0001622,Mohan Yadav,+91-92999-11462,Kalher,2026-04-13,Follow-up review,FAC021,E0002115,Improved,Yes
VIS0003105,VIP0001623,Harika Begum,9030353945,Peddadinne,2026-02-04,Follow-up review,FAC012,E0002116,Stable,No
VIS0003108,VIP0001624,Arun Mallaiah,9295746185,Mangalapally,2026-04-07,Follow-up review,FAC016,E0002118,Improved,Yes
VIS0003110,VIP0001624,Arun Mallaiah,9295746185,Mangalapally,2026-06-14,Follow-up review,FAC018,E0002119,Stable,No
VIS0003112,VIP0001625,Shobha Das,9342952848,Mangalapally,2026-03-30,Follow-up review,FAC016,E0002120,Needs escalation,No
VIS0003115,VIP0001627,Shobha Krishna,+91-95536-37908,Rajapur,2026-07-08,Follow-up review,FAC006,E0002122,Stable,Yes
VIS0003121,VIP0001630,Shankar Laxman,+91-92704-24013,Kalher,2026-04-18,Follow-up review,FAC021,E0002127,Improved,No
VIS0003123,VIP0001631,Kavita Begum,9651588727,Kangti,2026-08-31,Follow-up review,FAC020,E0002128,Improved,No
VIS0003125,VIP0001632,Sushma Shekar,9187458532,Bodajanampet,2026-03-26,Follow-up review,FAC005,E0002129,Improved,No
VIS0003127,VIP0001632,Sushma Shekar,,BODAJANAMPET,2026-07-30,Follow-up review,FAC006,E0002130,Needs escalation,Yes
VIS0003131,VIP0001635,Shankar Patel,9107661277,Manoor,2026-07-08,Follow-up review,FAC021,E0002133,Stable,No
VIS0003133,VIP0001636,Mounika Naik,9481872866,Midjil,2026-03-23,Follow-up review,FAC009,E0002134,Needs escalation,No
VIS0003135,VIP0001636,Mounika Naik,9481872866,Midjil,2026-04-25,Follow-up review,FAC007,E0002135,Stable,Yes
VIS0003137,VIP0001637,Anitha Chary,9434179226,Kondamallepally,2026-07-18,Follow-up review,FAC012,E0002136,Improved,No
VIS0003140,VIP0001638,Lalitha Khan,9508767752,Vemul,2026-08-03,Follow-up review,FAC008,E0002138,Needs escalation,Yes
VIS0003144,VIP0001640,Bhavani Krishna,9121716614,Nomul,2026-08-06,Follow-up review,FAC017,E0002141,Needs escalation,Yes
VIS0003150,VIP0001644,Shobha Chary,9838914044,Rajapur,2026-05-27,Follow-up review,FAC005,E0002146,Stable,Yes
VIS0003152,VIP0001644,Shobha Chary,9838914044,Rajapur,2026-06-19,Follow-up review,FAC006,E0002147,Stable,Yes
VIS0003154,VIP0001645,Swathi Yadav,9904551996,PATANCHERU,2026-07-16,Follow-up review,FAC026,E0002148,Needs escalation,No
VIS0003159,VIP0001646,Anitha Basha,9024991642,Kummarikunt,2026-06-10,Follow-up review,FAC013,E0002152,Improved,No
VIS0003161,VIP0001647,Srilatha Yadav,+91-90149-75679,Balanagar,2026-01-17,Follow-up review,FAC006,E0002153,Improved,No
VIS0003163,VIP0001648,Santosh Rao,9829972576,Jharasangam,2026-06-10,Follow-up review,FAC022,E0002154,Improved,No
VIS0003169,VIP0001652,Sai Shekar,9284859767,Ameenpur,2026-05-22,Follow-up review,FAC025,E0002159,Stable,No
VIS0003171,VIP0001652,Sai sekar,9284859767,Ameenpur,2026-08-13,Follow-up review,FAC025,E0002160,Stable,No
VIS0003173,VIP0001653,Rni Naik,9773538096,Kohir,2026-01-21,Follow-up review,FAC023,E0002161,Needs escalation,No
VIS0003175,VIP0001654,Kavita Jangam,9990172095,Kondamallepall,2026-03-18,Follow-up review,FAC010,E0002162,Needs escalation,No
VIS0003177,VIP0001655,Shnkar Jangam,,Mogudampally,2026-03-26,Follow-up review,FAC024,E0002163,Improved,No
VIS0003179,VIP0001656,Jyothi Naik,,Kondamallepally,2026-04-29,Follow-up review,FAC011,E0002164,Improved,No
VIS0003181,VIP0001656,Jyothi Nik,9309652626,Kondamallepally,2026-06-14,Follow-up review,FAC011,E0002165,Improved,No
VIS0003184,VIP0001658,Srinivas Yadav,9423412595,Bhanur,2026-02-20,Follow-up review,FAC026,E0002167,Stable,No
VIS0003187,VIP0001660,Swathi Shekar,9471257788,Jharasangam,2026-04-27,Follow-up review,FAC023,E0002169,Stable,No
VIS0003192,VIP0001663,Arun Begum,9095345693,Marrur,2026-07-05,Follow-up review,FAC018,E0002173,Improved,Yes
VIS0003194,VIP0001663,Arun Begum,9095645693,Marrur,2026-08-13,Follow-up review,FAC016,E0002174,Needs escalation,No
VIS0003197,VIP0001665,Praveen Laxman,9232612625,Bodajanampet,2026-09-01,Follow-up review,FAC006,E0002176,Needs escalation,No
VIS0003199,VIP0001666,Mohan Krishna,9280066072,Midjil,2026-08-19,Follow-up review,FAC007,E0002177,Needs escalation,No
VIS0003201,VIP0001667,Swathi Patel,9418707200,Badepally,2026-05-04,Follow-up review,FAC001,E0002178,Needs escalation,No
VIS0003203,VIP0001668,Deepika Devi,,Nomula,2026-07-29,Follow-up review,FAC018,E0002179,Stable,No
VIS0003205,VIP0001669,Shobha Mallaiah,9543925772,Devarakonda,2026-08-16,Follow-up review,FAC012,E0002180,Improved,No
VIS0003207,VIP0001670,Renuka Devi,9869835123,Polepally,2026-03-15,Follow-up review,FAC002,E0002181,Improved,No
VIS0003212,VIP0001672,Arun Begum,9981224761,Midjil,2026-04-17,Follow-up review,FAC008,E0002185,Improved,Yes
VIS0003216,VIP0001675,Sushma Chary,9266839812,Midjil,2026-04-07,Follow-up review,FAC007,E0002188,Needs escalation,Yes
VIS0003218,VIP0001676,Sushma,9855023497,BHANUR,2026-07-26,Follow-up review,FAC027,E0002189,Improved,No
VIS0003222,VIP0001677,Arun Das,9466043375,Indresha,2026-08-17,Follow-up review,FAC025,E0002192,Stable,No
VIS0003224,VIP0001678,Deevya Mallaiah,9582977712,Peddadinne,2026-07-01,Follow-up review,FAC010,E0002193,Improved,Yes
VIS0003229,VIP0001680,Naresh Kumar,9719178745,Nomula,2026-02-15,Follow-up review,FAC016,E0002197,Needs escalation,No
VIS0003233,VIP0001683,Vinod Reddy,9967027593,Bangarigadda,2026-08-17,Follow-up review,FAC015,E0002200,Stable,No
VIS0003236,VIP0001685,Naveen Reddy,9374326001,Gangapur,2026-06-11,Follow-up review,FAC002,E0002202,Needs escalation,No
VIS0003238,VIP0001686,Srilata Goud,9532169003,Balanagar,2026-07-30,Follow-up review,FAC005,E0002203,Needs escalation,Yes
VIS0003242,VIP0001688,Divya Laxman,9236430401,Kummarikunta,2026-06-23,Follow-up review,FAC014,E0002206,Improved,Yes
VIS0003248,VIP0001693,Rajesh Yadav,9484280544,Bhanu,2026-06-24,Follow-up review,FAC025,E0002211,Improved,Yes
VIS0003252,VIP0001695,Vinod Goud,9668593559,POLEPALLY,2026-03-24,Follow-up review,FAC003,E0002214,Improved,No
VIS0003254,VIP0001696,Ramesh Shekar,9443414914,Bodajanampet,2026-02-10,Follow-up review,FAC006,E0002215,Improved,No
VIS0003260,VIP0001701,Vinod Reddy,9109372582,Chandur,2026-02-11,Follow-up review,FAC013,E0002220,Improved,No
VIS0003267,VIP0001705,Rajesh Das,9975112788,Gangapur,2026-05-19,Follow-up review,FAC003,E0002226,Improved,No
VIS0003269,VIP0001706,Anil Shekar,9254856031,Balanagar,2026-01-22,Follow-up review,FAC005,E0002227,Needs escalation,No
VIS0003271,VIP0001706,Anil Shekar,9254856531,Balanagar,2026-06-15,Follow-up review,FAC005,E0002228,Stable,No
VIS0003274,VIP0001707,Vinod Begum,+91-92943-37626,Bhanur,2026-05-11,Follow-up review,FAC025,E0002230,Needs escalation,No
VIS0003277,VIP0001709,Jyoti Naik,9887241450,Kummarikunta,2026-01-10,Follow-up review,FAC015,E0002232,Stable,Yes
VIS0003288,VIP0001716,Vinod Begum,,MANOOR,2026-05-30,Follow-up review,FAC019,E0002242,Needs escalation,No
VIS0003290,VIP0001717,Jyothi Mudiraj,9625169260,Polepally,2026-09-05,Follow-up review,FAC003,E0002243,Improved,No
VIS0003295,VIP0001721,Srinivas Kumar,9350795900,Manoor,2026-01-17,Follow-up review,FAC019,E0002247,Improved,No
VIS0003298,VIP0001723,Kiran Naik,9256763154,Macharam,2026-02-03,Follow-up review,FAC001,E0002249,Improved,Yes
VIS0003300,VIP0001723,Kiran Naik,9256763154,Macharam,2026-08-21,Follow-up review,FAC001,E0002250,Stable,No
VIS0003303,VIP0001725,Anitha Mallaiah,,Kangti,2026-02-19,Follow-up review,FAC021,E0002252,Stable,No
VIS0003307,VIP0001727,Ramesh Krishna,9485400550,Vemula,2026-08-28,Follow-up review,FAC007,E0002255,Stable,Yes
VIS0003312,VIP0001730,Suresh Khan,9085432750,Chandur,2026-04-28,Follow-up review,FAC014,E0002259,Stable,Yes
VIS0003315,VIP0001732,Srinivas Shekar,9264344402,Donur,2026-07-02,Follow-up review,FAC008,E0002261,Needs escalation,No
VIS0003319,VIP0001734,Naveen Rao,+91-97988-53763,DEVARAKONDA,2026-07-28,Follow-up review,FAC011,E0002264,Needs escalation,Yes
VIS0003322,VIP0001736,Shankar Goud,9136080167,Gangapur,2026-02-23,Follow-up review,FAC001,E0002266,Improved,Yes
VIS0003325,VIP0001737,Arun Das,+91-96489-52000,Zaheerabad,2026-03-18,Follow-up review,FAC022,E0002268,Stable,No
VIS0003327,VIP0001738,Suresh Chary,9784761248,Kallepally,2026-05-25,Follow-up review,FAC006,E0002269,Stable,Yes
VIS0003329,VIP0001739,Saritha Patel,,MACHARAM,2026-04-05,Follow-up review,FAC001,E0002270,Needs escalation,No
VIS0003331,VIP0001739,Saritha Patel,9574070981,Macharam,2026-05-03,Follow-up review,FAC003,E0002271,Improved,No
VIS0003339,VIP0001745,Lalitha Khan,9829887994,Bodajanampet,2026-04-23,Follow-up review,FAC006,E0002278,Stable,No
VIS0003342,VIP0001746,Deepika Patel,9398194212,KONDAMALLEPALLY,2026-05-14,Follow-up review,FAC012,E0002280,Improved,No
VIS0003345,VIP0001747,Llitha Laxman,9427350647,Balanagar,2026-08-20,Follow-up review,FAC006,E0002282,Needs escalation,Yes
VIS0003347,VIP0001748,Shankar Naik,9515733941,Gundlapally,2026-01-27,Follow-up review,FAC012,E0002283,Improved,No
VIS0003352,VIP0001752,Mohan Khan,9396698742,Vemula,2026-07-08,Follow-up review,FAC007,E0002287,Stable,No
VIS0003354,VIP0001753,Jyoti Mallaiah,9815351202,Nermata,2026-04-11,Follow-up review,FAC014,E0002288,Needs escalation,No
VIS0003357,VIP0001754,Praveen Chary,9468506194,Nomula,2026-06-11,Follow-up review,FAC016,E0002290,Needs escalation,No
VIS0003359,VIP0001755,Pdma Basha,9261838969,Gundlapally,2026-03-21,Follow-up review,FAC010,E0002291,Improved,No
VIS0003361,VIP0001756,Deepika Narsimha,9634124056,Balanagar,2026-03-14,Follow-up review,FAC005,E0002292,Improved,No
VIS0003363,VIP0001757,Raju Yadav,9227017335,Devarakonda,2026-07-06,Follow-up review,FAC010,E0002293,Improved,No
VIS0003365,VIP0001758,Rani Krishna,9917320170,Patancheru,2026-07-06,Follow-up review,FAC026,E0002294,Needs escalation,No
VIS0003368,VIP0001760,Padma Kumar,9122946184,MANGALAPALLY,2026-04-10,Follow-up review,FAC017,E0002296,Improved,No
VIS0003371,VIP0001762,Raju Das,9221753417,Nermata,2026-04-24,Follow-up review,FAC015,E0002298,Needs escalation,No
VIS0003374,VIP0001764,Rajesh Chary,+91-96858-58232,Velpula,2026-04-04,Follow-up review,FAC007,E0002300,Stable,No
VIS0003378,VIP0001766,Divya Rao,9647818284,Gangapur,2026-05-11,Follow-up review,FAC003,E0002303,Needs escalation,Yes
VIS0003380,VIP0001767,Shobha Khan,9395607730,Indresham,2026-08-02,Follow-up review,FAC025,E0002304,Stable,No
VIS0003382,VIP0001767,Shobha Khan,9395607730,Indresham,2026-08-16,Follow-up review,FAC025,E0002305,Needs escalation,No
VIS0003385,VIP0001769,Praveen Goud,9782121108,Vemula,2026-02-24,Follow-up review,FAC009,E0002307,Stable,No
VIS0003388,VIP0001771,Venkatesh Patel,+91-98896-07679,Kondamallepally,2026-05-26,Follow-up review,FAC011,E0002309,Needs escalation,No
VIS0003391,VIP0001773,Sushma Mudiraj,9868278564,INDRESHAM,2026-08-17,Follow-up review,FAC025,E0002311,Needs escalation,Yes
VIS0003395,VIP0001776,Swathi Das,9191747527,Donur,2026-07-09,Follow-up review,FAC009,E0002314,Stable,No
VIS0003397,VIP0001777,Jyothi Laxman,9879184857,Gangapur,2026-02-11,Follow-up review,FAC002,E0002315,Needs escalation,Yes
VIS0003400,VIP0001778,Raghav Reddy,9211358359,Nakreka,2026-05-31,Follow-up review,FAC016,E0002317,Needs escalation,No
VIS0003403,VIP0001780,Padma,9348471039,Devarakonda,2026-08-10,Follow-up review,FAC010,E0002319,Stable,No
VIS0003407,VIP0001782,Deepika Rao,9359233962,Velpula,2026-08-22,Follow-up review,FAC009,E0002322,Stable,No
VIS0003411,VIP0001783,Shankar Narsimha,+91-94398-48350,Kummarikunta,2026-06-28,Follow-up review,FAC015,E0002325,Improved,Yes
VIS0003417,VIP0001786,Renuka Yadav,9716403118,Nakrekal,2026-06-25,Follow-up review,FAC017,E0002330,Needs escalation,No
VIS0003422,VIP0001790,Divya Mudiraj,9970597362,Mogudampally,2026-09-06,Follow-up review,FAC024,E0002334,Needs escalation,No
VIS0003426,VIP0001793,Mounika Krishna,9767740406,Bhanur,2026-09-13,Follow-up review,FAC027,E0002337,Improved,Yes
VIS0003430,VIP0001796,Deepika Shekar,9978149600,Gundlapally,2026-05-28,Follow-up review,FAC010,E0002340,Needs escalation,Yes
VIS0003434,VIP0001799,Jyothi Krishna,9448469947,Kallepally,2026-04-13,Follow-up review,FAC004,E0002343,Stable,No
VIS0003436,VIP0001800,Anil Narsimha,9082655002,Manoor,2026-08-25,Follow-up review,FAC021,E0002344,Stable,No
VIS0003442,VIP0001804,Renuka Yadav,9907440307,Chandur,2026-06-03,Follow-up review,FAC015,E0002349,Improved,Yes
VIS0003445,VIP0001806,Ravi,9650981000,Polepally,2026-05-08,Follow-up review,FAC003,E0002351,Improved,No
VIS0003447,VIP0001807,Swathi Narsimha,9749441680,Nermata,2026-07-16,Follow-up review,FAC015,E0002352,Stable,No
VIS0003449,VIP0001807,Swathi Narsimha,9749441680,Nermata,2026-08-27,Follow-up review,FAC013,E0002353,Stable,No
VIS0003451,VIP0001808,Rajesh Begum,9093296866,Kondamallepally,2026-02-28,Follow-up review,FAC012,E0002354,Improved,No
VIS0003455,VIP0001810,Kiran Chary,9648242033,Mogudampally,2026-06-09,Follow-up review,FAC022,E0002357,Improved,Yes
VIS0003459,VIP0001812,Arun Jangam,9292375609,Kummarikunta,2026-06-10,Follow-up review,FAC015,E0002360,Improved,No
VIS0003461,VIP0001813,Shankar Patel,9622739541,Rajapur,2026-03-12,Follow-up review,FAC005,E0002361,Stable,Yes
VIS0003465,VIP0001816,Deepika Patel,+91-99718-48529,Kalher,2026-06-17,Follow-up review,FAC020,E0002364,Needs escalation,Yes
VIS0003467,VIP0001817,Kiran Kumar,9874495138,Kondamallepally,2026-06-13,Follow-up review,FAC012,E0002365,Needs escalation,No
VIS0003470,VIP0001818,Shobha Chary,9406753871,Gundlapally,2026-05-23,Follow-up review,FAC012,E0002367,Improved,No
VIS0003472,VIP0001819,Suresh Krishna,9689786148,KUMMARIKUNTA,2026-02-26,Follow-up review,FAC013,E0002368,Improved,No
VIS0003474,VIP0001820,Rajesh Narsimha,9604518398,Indresham,2026-02-27,Follow-up review,FAC027,E0002369,Stable,No
VIS0003476,VIP0001820,Rajesh Narsimha,9604518398,Indresham,2026-08-14,Follow-up review,FAC025,E0002370,Needs escalation,Yes
VIS0003481,VIP0001823,Rani Kumar,9555501245,Devarakonda,2026-08-14,Follow-up review,FAC011,E0002374,Needs escalation,No
VIS0003485,VIP0001825,Ramesh Reddy,9459868755,Kalher,2026-05-22,Follow-up review,FAC019,E0002377,Stable,No
VIS0003489,VIP0001827,Srinivas Naik,9114960847,Kangti,2026-08-22,Follow-up review,FAC021,E0002380,Stable,No
VIS0003495,VIP0001832,Hareeka Kumar,9285943904,Manoor,2026-02-05,Follow-up review,FAC021,E0002385,Improved,Yes
VIS0003498,VIP0001834,Mounika Yadav,,Zaheerabad,2026-04-27,Follow-up review,FAC023,E0002387,Needs escalation,No
VIS0003500,VIP0001835,Harika Kumar,9965986687,Badepall,2026-06-02,Follow-up review,FAC003,E0002388,Stable,No
VIS0003502,VIP0001835,Harika Kumar,9965986687,Badepally,2026-07-06,Follow-up review,FAC001,E0002389,Stable,No
VIS0003504,VIP0001836,Bhavani Mudiraj,9232811994,Kondamallepalli,2026-03-31,Follow-up review,FAC011,E0002390,Improved,No
VIS0003507,VIP0001837,Venkatesh Naik,+91-94310-07181,Midjil,2026-06-07,Follow-up review,FAC007,E0002392,Improved,No
VIS0003513,VIP0001842,Anitha Begum,9561856889,Balanagar,2026-06-06,Follow-up review,FAC005,E0002397,Improved,Yes
VIS0003515,VIP0001842,Anitha Begum,+91-95618-56889,Balanagar,2026-06-24,Follow-up review,FAC004,E0002398,Needs escalation,No
VIS0003517,VIP0001843,Mohan Jangam,9734374163,Devarakonda,2026-02-16,Follow-up review,FAC012,E0002399,Stable,No
VIS0003519,VIP0001844,Swathi Kumar,,Donur,2026-08-12,Follow-up review,FAC009,E0002400,Improved,No
VIS0003524,VIP0001847,Harika Laxman,9997461555,Vemula,2026-03-29,Follow-up review,FAC007,E0002404,Needs escalation,Yes
VIS0003529,VIP0001851,Mohan Jangam,9736088968,Kondamallepally,2026-06-26,Follow-up review,FAC012,E0002408,Stable,No
VIS0003537,VIP0001856,Naveen Rao,9341585183,Donur,2026-07-11,Follow-up review,FAC007,E0002415,Improved,No
VIS0003541,VIP0001858,Sai Kumar,+91-93991-03286,Bangarigadda,2026-01-25,Follow-up review,FAC013,E0002418,Improved,No
VIS0003544,VIP0001860,Deepika Rao,9062087530,MANOOR,2026-06-16,Follow-up review,FAC021,E0002420,Improved,No
VIS0003546,VIP0001861,Raghav Rao,9110090485,Gundlapally,2026-09-20,Follow-up review,FAC010,E0002421,Stable,No
VIS0003548,VIP0001862,Ravi Kumar,9255178564,Kohir,2026-03-09,Follow-up review,FAC023,E0002422,Improved,No
VIS0003550,VIP0001863,Arun Devi,,Kohir,2026-04-06,Follow-up review,FAC022,E0002423,Needs escalation,Yes
VIS0003553,VIP0001864,Rajesh Mudiraj,9605025130,Bhanur,2026-07-25,Follow-up review,FAC025,E0002425,Improved,Yes
VIS0003561,VIP0001869,Swati Laxman,,Balanagar,2026-08-11,Follow-up review,FAC004,E0002432,Stable,Yes
VIS0003567,VIP0001874,Harika Reddy,9399552949,Macharam,2026-02-10,Follow-up review,FAC002,E0002437,Needs escalation,No
VIS0003569,VIP0001874,Harika Reddy,9399552949,Macharam,2026-06-03,Follow-up review,FAC002,E0002438,Stable,No
VIS0003574,VIP0001876,Padma Patel,9837885399,Bodajanampet,2026-03-15,Follow-up review,FAC004,E0002442,Improved,No
VIS0003576,VIP0001877,Jyothi Khan,9249505551,Indresham,2026-07-09,Follow-up review,FAC026,E0002443,Improved,Yes
VIS0003578,VIP0001878,Kavitha Mallaiah,+91-97059-77010,Kummarikunta,2026-02-26,Follow-up review,FAC014,E0002444,Stable,No
VIS0003580,VIP0001878,Kavita Mallaiah,9705977310,Kummarikunta,2026-06-21,Follow-up review,FAC013,E0002445,Needs escalation,No
VIS0003584,VIP0001880,Srilatha Begum,+91-97356-91843,Patancheru,2026-01-19,Follow-up review,FAC025,E0002448,Improved,No
VIS0003586,VIP0001881,Shankar Mudiraj,9946349178,Nermata,2026-01-27,Follow-up review,FAC014,E0002449,Stable,Yes
VIS0003594,VIP0001885,Rani Khan,,Jharasangam,2026-05-01,Follow-up review,FAC024,E0002456,Stable,Yes
VIS0003596,VIP0001886,Sai Reddy,9583742890,GUNDLAPALLY,2026-05-05,Follow-up review,FAC010,E0002457,Needs escalation,Yes
VIS0003599,VIP0001888,Harika Goud,9014179240,Vemula,2026-02-19,Follow-up review,FAC008,E0002459,Needs escalation,No
VIS0003601,VIP0001888,Harika Goud,9014179240,Vemula,2026-06-19,Follow-up review,FAC007,E0002460,Stable,No
VIS0003603,VIP0001889,Rani Yadav,9176805238,BHANUR,2026-01-30,Follow-up review,FAC026,E0002461,Improved,No
VIS0003605,VIP0001889,Rani Yadav,9176805288,Bhanur,2026-07-25,Follow-up review,FAC025,E0002462,Improved,Yes
VIS0003611,VIP0001893,Srilatha Krishna,9494299548,Nermata,2026-09-01,Follow-up review,FAC015,E0002467,Stable,Yes
VIS0003613,VIP0001894,Nresh Devi,9021445183,Manoor,2026-02-23,Follow-up review,FAC021,E0002468,Stable,Yes
VIS0003616,VIP0001896,Anjali Rao,9809174340,Peddadinne,2026-04-23,Follow-up review,FAC012,E0002470,Improved,Yes
VIS0003619,VIP0001897,Anil Kumar,9197989813,Kummarikunta,2026-08-21,Follow-up review,FAC013,E0002472,Improved,Yes
VIS0003621,VIP0001898,Bhavani Chary,9478592819,Chandur,2026-05-18,Follow-up review,FAC013,E0002473,Stable,No
VIS0003629,VIP0001903,nil Krishna,9957577173,Kallepally,2026-04-14,Follow-up review,FAC004,E0002480,Needs escalation,Yes
VIS0003631,VIP0001904,Sushma Jangam,9927321486,Velpula,2026-04-25,Follow-up review,FAC009,E0002481,Needs escalation,No
VIS0003634,VIP0001906,Nirmala Jangam,9655665123,Bangarigadda,2026-04-28,Follow-up review,FAC015,E0002483,Needs escalation,Yes
VIS0003637,VIP0001907,Suresh Begum,+91-91036-76215,Mogudampalli,2026-09-04,Follow-up review,FAC022,E0002485,Improved,No
VIS0003641,VIP0001910,Mounika Naik,9296749962,Kondamallepally,2026-02-24,Follow-up review,FAC011,E0002488,Improved,No
VIS0003644,VIP0001912,Kawitha Laxman,9007056938,Kummarikunta,2026-06-03,Follow-up review,FAC014,E0002490,Needs escalation,No
VIS0003646,VIP0001912,Kavitha Laxman,9007056938,Kummarikunta,2026-07-02,Follow-up review,FAC015,E0002491,Improved,No
VIS0003652,VIP0001915,Srinivas Narsimha,9477156985,Donur,2026-03-26,Follow-up review,FAC009,E0002496,Needs escalation,No
VIS0003655,VIP0001917,Ramesh Yadaw,9518124924,Manoor,2026-01-23,Follow-up review,FAC021,E0002498,Needs escalation,Yes
VIS0003658,VIP0001919,run Narsimha,9783946473,Peddadinne,2026-05-02,Follow-up review,FAC010,E0002500,Needs escalation,No
VIS0003660,VIP0001920,Divya Rao,+91-93539-47916,Kallepally,2026-07-09,Follow-up review,FAC004,E0002501,Stable,Yes
VIS0003663,VIP0001922,Naveen Mallaiah,9439359379,Devarakonda,2026-06-30,Follow-up review,FAC011,E0002503,Improved,No
VIS0003665,VIP0001923,Lalitha Yadav,9051706774,Kondamallepally,2026-05-17,Follow-up review,FAC010,E0002504,Stable,No
VIS0003668,VIP0001924,Lakshmi Chary,9867957517,Polepally,2026-02-11,Follow-up review,FAC001,E0002506,Stable,No
VIS0003671,VIP0001925,Renuka Goud,+91-91575-94842,Kohir,2026-04-23,Follow-up review,FAC023,E0002508,Stable,No
VIS0003673,VIP0001926,Raju Naik,9625093774,Kummarikunta,2026-04-08,Follow-up review,FAC015,E0002509,Stable,No
VIS0003675,VIP0001926,Raju Naik,,Kummarikunta,2026-06-17,Follow-up review,FAC015,E0002510,Needs escalation,Yes
VIS0003677,VIP0001927,Praween Kumar,9139002356,Kummarikunta,2026-03-05,Follow-up review,FAC014,E0002511,Improved,No
VIS0003682,VIP0001929,Aneetha Basha,,Donur,2026-05-19,Follow-up review,FAC007,E0002515,Needs escalation,Yes
VIS0003690,VIP0001935,Mohan Chary,9184493245,Donur,2026-03-11,Follow-up review,FAC008,E0002522,Needs escalation,No
VIS0003692,VIP0001936,Naresh Begum,9923204686,VELPULA,2026-01-23,Follow-up review,FAC007,E0002523,Stable,No
VIS0003694,VIP0001936,Naresh Begum,9923204686,Velpula,2026-06-09,Follow-up review,FAC009,E0002524,Improved,No
VIS0003696,VIP0001936,Naresh Begum,9923204686,Velpula,2026-07-28,Follow-up review,FAC007,E0002525,Needs escalation,No
VIS0003700,VIP0001938,Jyothi Krishna,,Kummarikunta,2026-06-23,Follow-up review,FAC015,E0002528,Needs escalation,No
VIS0003702,VIP0001938,Jyothi Krishna,+91-99976-50993,Kummarikunta,2026-07-24,Follow-up review,FAC013,E0002529,Stable,No
VIS0003705,VIP0001940,Swathi Chary,9657466137,Chandur,2026-04-10,Follow-up review,FAC013,E0002531,Stable,No
VIS0003707,VIP0001940,Swathi Chary,9657466137,Chandur,2026-05-30,Follow-up review,FAC014,E0002532,Stable,Yes
VIS0003709,VIP0001941,Rani Devi,9053801529,Nomul,2026-08-30,Follow-up review,FAC016,E0002533,Stable,Yes
VIS0003713,VIP0001944,Rani Reddy,9085504412,Nakreka,2026-02-06,Follow-up review,FAC017,E0002536,Needs escalation,No
VIS0003717,VIP0001947,Padma Jangam,9647076971,Marrur,2026-03-04,Follow-up review,FAC018,E0002539,Improved,No
VIS0003719,VIP0001947,Padma Jangam,9647076971,Marrur,2026-04-13,Follow-up review,FAC018,E0002540,Needs escalation,Yes
VIS0003721,VIP0001948,Prveen Naik,9355450585,Mogudampally,2026-04-15,Follow-up review,FAC023,E0002541,Needs escalation,Yes
VIS0003725,VIP0001950,Anitha Naik,9273598038,Kondamallepally,2026-07-10,Follow-up review,FAC012,E0002544,Improved,Yes
VIS0003727,VIP0001951,Raghav Basha,9859422354,MANGALAPALLY,2026-03-12,Follow-up review,FAC017,E0002545,Improved,Yes
VIS0003729,VIP0001951,Raghav Basha,,Mangalapally,2026-05-08,Follow-up review,FAC016,E0002546,Improved,No
VIS0003737,VIP0001955,Rajesh Reddy,9488253047,Nakrekal,2026-07-29,Follow-up review,FAC018,E0002553,Needs escalation,Yes
VIS0003740,VIP0001956,Santosh,9016458621,NAKREKAL,2026-03-18,Follow-up review,FAC016,E0002555,Improved,Yes
VIS0003744,VIP0001958,Naveen Goud,,Zaheerabad,2026-07-15,Follow-up review,FAC023,E0002558,Improved,No
VIS0003746,VIP0001959,Kiran Laxman,9194039697,Jharasangam,2026-09-11,Follow-up review,FAC024,E0002559,Improved,No
VIS0003750,VIP0001961,Anitha Narsimha,+91-97419-90946,Gangapur,2026-08-04,Follow-up review,FAC003,E0002562,Needs escalation,No
VIS0003752,VIP0001962,Naresh Laxman,9910029254,Indresham,2026-05-20,Follow-up review,FAC027,E0002563,Needs escalation,No
VIS0003756,VIP0001965,Shankar Reddy,9430166656,Zaheerabad,2026-05-22,Follow-up review,FAC023,E0002566,Stable,No
VIS0003758,VIP0001966,Rajesh Das,+91-94039-96976,Indresham,2026-06-07,Follow-up review,FAC025,E0002567,Improved,Yes
VIS0003762,VIP0001969,Ravi Yadav,9221255653,Ameenpu,2026-01-20,Follow-up review,FAC027,E0002570,Needs escalation,No
VIS0003764,VIP0001969,Ravi Yadav,9221255653,Ameenpur,2026-07-27,Follow-up review,FAC026,E0002571,Stable,No
VIS0003766,VIP0001970,Raghav Narsimha,9805616096,Rajapur,2026-01-22,Follow-up review,FAC006,E0002572,Needs escalation,Yes
VIS0003772,VIP0001975,Kiran Mallaiah,9529773381,Patancheru,2026-03-08,Follow-up review,FAC027,E0002577,Improved,No
VIS0003774,VIP0001976,Rani Narsimha,,Mangalapally,2026-01-18,Follow-up review,FAC016,E0002578,Stable,No
VIS0003776,VIP0001976,Rani Narsimha,+91-93356-68839,Mangalapally,2026-08-30,Follow-up review,FAC018,E0002579,Needs escalation,Yes
VIS0003782,VIP0001980,Padma,9391647127,Marrur,2026-02-14,Follow-up review,FAC018,E0002584,Improved,Yes
VIS0003784,VIP0001981,Rani Begum,9088863979,Patancheru,2026-04-20,Follow-up review,FAC026,E0002585,Needs escalation,Yes
VIS0003786,VIP0001981,Rani Begum,9088863979,Patancheru,2026-06-04,Follow-up review,FAC027,E0002586,Improved,No
VIS0003791,VIP0001985,Shankar Yadav,9052561907,AMEENPUR,2026-07-22,Follow-up review,FAC026,E0002590,Stable,No
VIS0003793,VIP0001986,Kiran Laxman,9543017670,Gundlapally,2026-05-21,Follow-up review,FAC010,E0002591,Improved,No
VIS0003796,VIP0001988,Sushma Jangam,9492369274,Bangarigadda,2026-01-16,Follow-up review,FAC013,E0002593,Needs escalation,No
VIS0003798,VIP0001989,Lalitha Shekar,9758456161,Peddadinne,2026-05-03,Follow-up review,FAC010,E0002594,Stable,Yes
VIS0003801,VIP0001991,Rajesh Narsimha,9866641347,Macharam,2026-03-09,Follow-up review,FAC003,E0002596,Needs escalation,Yes
VIS0003804,VIP0001992,Rani Rao,9296565384,Mangalapally,2026-07-03,Follow-up review,FAC016,E0002598,Stable,No
VIS0003806,VIP0001993,Rajesh Naik,9189621813,Narayankhed,2026-07-22,Follow-up review,FAC020,E0002599,Stable,No
VIS0003809,VIP0001994,Suresh Yadav,+91-90976-45158,Indresham,2026-05-10,Follow-up review,FAC027,E0002601,Needs escalation,No
VIS0003814,VIP0001997,Ramesh Naik,9251060036,Kalher,2026-05-28,Follow-up review,FAC020,E0002605,Needs escalation,No
VIS0003816,VIP0001998,Swathi Devi,9925709782,Indresham,2026-04-08,Follow-up review,FAC027,E0002606,Needs escalation,No
VIS0003818,VIP0001998,Swathi Devi,9925709782,Indresham,2026-05-30,Follow-up review,FAC025,E0002607,Improved,No
VIS0003820,VIP0001999,Srilatha Das,9559277549,Mogudampally,2026-02-10,Follow-up review,FAC024,E0002608,Improved,Yes
VIS0003822,VIP0002000,Dipika Goud,9483545180,Mogudampall,2026-01-20,Follow-up review,FAC023,E0002609,Needs escalation,No
VIS0003824,VIP0002000,Deepika Goud,,Mogudampally,2026-05-10,Follow-up review,FAC024,E0002610,Stable,Yes
VIS0003827,VIP0002002,Swathi Jangam,9874307260,Devarakonda,2026-04-08,Follow-up review,FAC012,E0002612,Improved,No
VIS0003829,VIP0002003,Nirmala Chary,9899347010,Ameenpu,2026-02-23,Follow-up review,FAC027,E0002613,Improved,No
VIS0003831,VIP0002003,Nirmala Chary,9899347010,Ameenpur,2026-07-18,Follow-up review,FAC026,E0002614,Needs escalation,Yes
VIS0003835,VIP0002005,Srilatha Mallaiah,9573407402,Zaheerabad,2026-06-07,Follow-up review,FAC023,E0002617,Improved,No
VIS0003844,VIP0002012,Sai Goud,9398905679,Donur,2026-04-22,Follow-up review,FAC008,E0002625,Needs escalation,Yes
VIS0003848,VIP0002015,Kawitha Mallaiah,9895010708,Mogudampally,2026-04-04,Follow-up review,FAC022,E0002628,Stable,Yes
VIS0003850,VIP0002016,Naresh Khan,9309744349,Gangapur,2026-07-30,Follow-up review,FAC002,E0002629,Stable,No
VIS0003854,VIP0002019,Nirmala Patel,9222043140,Mangalapally,2026-02-09,Follow-up review,FAC016,E0002632,Needs escalation,No
VIS0003859,VIP0002021,Rajesh Narsimha,9323813858,Kangti,2026-02-16,Follow-up review,FAC020,E0002636,Improved,No
VIS0003861,VIP0002022,Lalitha Mallaiah,,Vemula,2026-09-05,Follow-up review,FAC008,E0002637,Stable,Yes
VIS0003865,VIP0002025,Anil Basha,9348278588,Kummarikunta,2026-05-05,Follow-up review,FAC015,E0002640,Needs escalation,Yes
VIS0003870,VIP0002029,Vinod Jangam,9632629461,Marrur,2026-05-04,Follow-up review,FAC016,E0002644,Needs escalation,No
VIS0003872,VIP0002030,Srinivas Patel,9404452825,Peddadinne,2026-07-24,Follow-up review,FAC012,E0002645,Stable,No
VIS0003875,VIP0002031,Anitha Yadav,9866733628,Chandu,2026-05-07,Follow-up review,FAC013,E0002647,Needs escalation,No
VIS0003877,VIP0002032,Suresh Kumar,9352170233,Nomula,2026-06-21,Follow-up review,FAC017,E0002648,Stable,No
VIS0003879,VIP0002032,Suresh Kumar,9352170233,Nomul,2026-07-20,Follow-up review,FAC017,E0002649,Needs escalation,No
VIS0003881,VIP0002033,Saritha Yadav,9728275128,Kallepally,2026-05-06,Follow-up review,FAC006,E0002650,Stable,No
VIS0003886,VIP0002035,Mounika Jangam,9374350277,Velpula,2026-07-07,Follow-up review,FAC008,E0002654,Needs escalation,No
VIS0003888,VIP0002036,Mounika Rao,9208036488,Bodajanampet,2026-04-06,Follow-up review,FAC006,E0002655,Improved,No
VIS0003893,VIP0002039,Ravi Goud,9609605858,Badepally,2026-06-08,Follow-up review,FAC001,E0002659,Stable,Yes
VIS0003895,VIP0002040,Lakshmi Laxman,9201508422,Zaheerabad,2026-06-26,Follow-up review,FAC024,E0002660,Improved,No
VIS0003898,VIP0002041,Kiran Devi,9288841441,Kallepally,2026-04-07,Follow-up review,FAC004,E0002662,Stable,Yes
VIS0003900,VIP0002041,Kiran Devi,9288841441,Kallepally,2026-05-21,Follow-up review,FAC005,E0002663,Needs escalation,No
VIS0003902,VIP0002042,Sushma Jangam,+91-92824-49570,INDRESHAM,2026-03-31,Follow-up review,FAC026,E0002664,Stable,No
VIS0003904,VIP0002043,Srilatha Begum,9933796314,Bangarigadda,2026-03-30,Follow-up review,FAC015,E0002665,Stable,No
VIS0003907,VIP0002045,Harika Mallaiah,9718635499,Jharasangam,2026-04-23,Follow-up review,FAC022,E0002667,Improved,Yes
VIS0003909,VIP0002045,Harika Mallaiah,9718635499,Jharasangam,2026-06-05,Follow-up review,FAC023,E0002668,Needs escalation,Yes
VIS0003911,VIP0002046,Shankar,9544419457,KONDAMALLEPALLY,2026-08-15,Follow-up review,FAC010,E0002669,Needs escalation,No
VIS0003913,VIP0002047,Harika Naik,9415180567,Manoo,2026-06-23,Follow-up review,FAC020,E0002670,Improved,No
VIS0003915,VIP0002048,Srilatha Das,9670697671,Zaheerabad,2026-04-15,Follow-up review,FAC023,E0002671,Improved,No
VIS0003917,VIP0002048,Srilatha Das,9670697671,Zaheerabad,2026-07-09,Follow-up review,FAC022,E0002672,Needs escalation,Yes
VIS0003920,VIP0002050,Mounika Basha,9973386785,Balanaga,2026-04-27,Follow-up review,FAC004,E0002674,Improved,No
VIS0003922,VIP0002050,Mounika Basha,+91-99733-86785,Balanagar,2026-05-02,Follow-up review,FAC004,E0002675,Stable,No
VIS0003926,VIP0002052,Srilatha Khan,9831091231,Vemula,2026-05-23,Follow-up review,FAC009,E0002678,Stable,No
VIS0003930,VIP0002054,Saritha Basha,9776785898,Jharasangam,2026-03-16,Follow-up review,FAC024,E0002681,Needs escalation,No
VIS0003932,VIP0002055,Ravi Khan,9388143086,Gundlapally,2026-05-08,Follow-up review,FAC010,E0002682,Stable,Yes
VIS0003936,VIP0002057,Santosh Begum,9159222291,BHANUR,2026-07-26,Follow-up review,FAC026,E0002685,Improved,No
VIS0003940,VIP0002059,Kiran Naik,+91-95247-66046,Polepally,2026-06-14,Follow-up review,FAC002,E0002688,Improved,No
VIS0003943,VIP0002060,Lalitha Das,9153584548,Patancheru,2026-07-09,Follow-up review,FAC027,E0002690,Needs escalation,No
VIS0003947,VIP0002063,Anil Naik,9062048866,Kalher,2026-04-24,Follow-up review,FAC019,E0002693,Improved,No
VIS0003949,VIP0002064,Ravi Kumar,,Nakrekal,2026-06-08,Follow-up review,FAC018,E0002694,Stable,No
VIS0003951,VIP0002065,Swathi Devi,9667663620,Chandur,2026-03-18,Follow-up review,FAC014,E0002695,Improved,No
VIS0003953,VIP0002065,Swathi Dewi,9667663690,Chandur,2026-05-16,Follow-up review,FAC014,E0002696,Improved,Yes
VIS0003959,VIP0002070,Mahesh Khan,9762196558,Gundlapally,2026-06-10,Follow-up review,FAC010,E0002701,Needs escalation,No
VIS0003961,VIP0002071,Laleetha Jangam,9788543538,PATANCHERU,2026-04-25,Follow-up review,FAC025,E0002702,Stable,No
VIS0003965,VIP0002074,Raju Chary,9178479393,BANGARIGADDA,2026-02-05,Follow-up review,FAC015,E0002705,Improved,No
VIS0003967,VIP0002074,Raju Chary,9178479393,Bangarigadda,2026-03-23,Follow-up review,FAC013,E0002706,Stable,No
VIS0003971,VIP0002076,Swathi Naik,+91-99655-45638,Badepally,2026-08-16,Follow-up review,FAC003,E0002709,Needs escalation,Yes
VIS0003976,VIP0002079,Santosh Rao,9203458947,Kallepally,2026-07-27,Follow-up review,FAC004,E0002713,Stable,Yes
VIS0003978,VIP0002080,Anil Khan,+91-90578-67674,Nakrekal,2026-08-26,Follow-up review,FAC018,E0002714,Needs escalation,No
VIS0003980,VIP0002081,Swathi Krishna,9440949274,Indresham,2026-03-31,Follow-up review,FAC027,E0002715,Stable,No
VIS0003983,VIP0002082,Srilatha Das,9841177417,Mangalapally,2026-03-01,Follow-up review,FAC017,E0002717,Needs escalation,No
VIS0003994,VIP0002088,Suresh Devi,,Bodajanampet,2026-03-01,Follow-up review,FAC006,E0002727,Stable,No
VIS0003996,VIP0002089,Rajesh Yadav,9702905868,PEDDADINNE,2026-06-11,Follow-up review,FAC012,E0002728,Stable,No
VIS0003998,VIP0002090,Renuka Goud,,GUNDLAPALLY,2026-06-23,Follow-up review,FAC012,E0002729,Needs escalation,No
VIS0004003,VIP0002094,Pdma Shekar,9913821707,Peddadinne,2026-07-24,Follow-up review,FAC012,E0002733,Needs escalation,Yes
VIS0004005,VIP0002094,Padma Shekar,9913821707,Peddadinne,2026-08-29,Follow-up review,FAC012,E0002734,Needs escalation,No
VIS0004007,VIP0002095,Harika Basha,9743883157,Mangalapally,2026-04-17,Follow-up review,FAC016,E0002735,Needs escalation,No
VIS0004013,VIP0002099,Deepika Shekar,9670845875,Gangapur,2026-03-26,Follow-up review,FAC003,E0002740,Stable,No
VIS0004015,VIP0002100,Mohan Jangam,9520732655,Kallepally,2026-01-14,Follow-up review,FAC005,E0002741,Needs escalation,Yes
VIS0004017,VIP0002101,Rajesh Das,9501536819,Ameenpur,2026-03-27,Follow-up review,FAC025,E0002742,Improved,No
VIS0004020,VIP0002103,Llitha Khan,9800944541,Devarakonda,2026-08-20,Follow-up review,FAC010,E0002744,Stable,No
VIS0004023,VIP0002104,Sai Jangam,9065285196,Marrur,2026-07-21,Follow-up review,FAC017,E0002746,Improved,No
VIS0004026,VIP0002105,Venkatesh Devi,9761163004,Gangapur,2026-06-10,Follow-up review,FAC001,E0002748,Stable,No
VIS0004028,VIP0002105,Venkatesh Devi,+91-97611-63004,Gangapur,2026-07-03,Follow-up review,FAC001,E0002749,Stable,Yes
VIS0004032,VIP0002107,Aneel Das,9659097835,Kummarikunta,2026-05-06,Follow-up review,FAC013,E0002752,Improved,Yes
VIS0004036,VIP0002109,Bhavani Das,+91-97561-25248,Bodajanampet,2026-07-21,Follow-up review,FAC005,E0002755,Improved,No
VIS0004038,VIP0002110,Lalitha Mudiraj,9746543889,Kallepalli,2026-02-25,Follow-up review,FAC006,E0002756,Improved,No
VIS0004041,VIP0002111,Santosh Krishna,9697474264,Kummarikunta,2026-03-05,Follow-up review,FAC015,E0002758,Needs escalation,No
VIS0004044,VIP0002113,Anitha Chary,9924850312,Nakrekal,2026-08-01,Follow-up review,FAC017,E0002760,Improved,Yes
VIS0004048,VIP0002115,Padma Jangam,9365438417,MANGALAPALLY,2026-07-24,Follow-up review,FAC017,E0002763,Stable,No
VIS0004051,VIP0002117,Kiran Laxman,9711049971,KANGTI,2026-01-16,Follow-up review,FAC021,E0002765,Improved,No
VIS0004056,VIP0002121,Bhavani Khan,9887032310,INDRESHAM,2026-05-27,Follow-up review,FAC026,E0002769,Stable,No
VIS0004063,VIP0002126,Shankar Jangam,9263541795,Bhanur,2026-05-13,Follow-up review,FAC025,E0002775,Stable,No
VIS0004065,VIP0002127,Kirn Goud,9555584602,Gangapur,2026-07-30,Follow-up review,FAC002,E0002776,Stable,No
VIS0004067,VIP0002128,Raghav Shekar,9090460652,BADEPALLY,2026-06-29,Follow-up review,FAC001,E0002777,Stable,No
VIS0004069,VIP0002129,Arun,9508251829,Polepally,2026-07-02,Follow-up review,FAC002,E0002778,Stable,Yes
VIS0004071,VIP0002129,run Mudiraj,9508251829,Polepally,2026-08-21,Follow-up review,FAC003,E0002779,Stable,No
VIS0004073,VIP0002130,Swthi Yadav,9153136477,Kondamallepally,2026-06-20,Follow-up review,FAC011,E0002780,Improved,No
VIS0004076,VIP0002132,Kiran Mallaiah,9967990871,Manoor,2026-02-18,Follow-up review,FAC020,E0002782,Improved,No
VIS0004079,VIP0002134,Jyothi Patel,9786574001,Midjil,2026-01-24,Follow-up review,FAC009,E0002784,Improved,No
VIS0004081,VIP0002135,Rvi Mudiraj,9972051411,Kondamallepally,2026-09-10,Follow-up review,FAC011,E0002785,Needs escalation,Yes
VIS0004084,VIP0002137,Sushma Mudiraj,9254938508,Jharasangam,2026-04-10,Follow-up review,FAC022,E0002787,Needs escalation,Yes
VIS0004087,VIP0002139,Mounika Kumar,9130640530,Macharam,2026-08-23,Follow-up review,FAC001,E0002789,Needs escalation,No
VIS0004089,VIP0002140,Sushma Begum,9494639191,PATANCHERU,2026-01-20,Follow-up review,FAC027,E0002790,Improved,No
VIS0004091,VIP0002140,Sushma Begum,9494639191,Patancheru,2026-06-04,Follow-up review,FAC027,E0002791,Needs escalation,No
VIS0004093,VIP0002140,Sushma Begum,9494639191,Patancheru,2026-06-14,Follow-up review,FAC027,E0002792,Improved,No
VIS0004096,VIP0002142,Santosh Mallaiah,9192124666,Marrur,2026-03-14,Follow-up review,FAC018,E0002794,Stable,No
VIS0004102,VIP0002146,Lalitha Kumar,,Balanagar,2026-03-05,Follow-up review,FAC005,E0002799,Improved,Yes
VIS0004104,VIP0002146,Laleetha Kumar,9268963331,Balanagar,2026-05-12,Follow-up review,FAC006,E0002800,Needs escalation,No
VIS0004107,VIP0002148,Deepika Krishna,9515567858,Rajapur,2026-07-21,Follow-up review,FAC005,E0002802,Improved,No
VIS0004109,VIP0002149,Raghav Naik,9942285976,Balanagar,2026-02-26,Follow-up review,FAC004,E0002803,Needs escalation,Yes
VIS0004112,VIP0002151,Deepika Basha,9483432679,Ameenpur,2026-03-21,Follow-up review,FAC025,E0002805,Improved,Yes
VIS0004114,VIP0002152,Lalitha Devi,9766269466,Rajapur,2026-05-13,Follow-up review,FAC005,E0002806,Stable,Yes
VIS0004116,VIP0002152,Lalitha Devi,,Rajapur,2026-07-01,Follow-up review,FAC005,E0002807,Stable,No
VIS0004118,VIP0002153,Sushma Naik,9451391522,Marrur,2026-02-04,Follow-up review,FAC016,E0002808,Improved,Yes
VIS0004121,VIP0002154,Deepika Chary,9563346728,Macharam,2026-07-01,Follow-up review,FAC002,E0002810,Stable,Yes
VIS0004127,VIP0002158,Lakshmi Mudiraj,9692791983,Nakrekal,2026-05-16,Follow-up review,FAC016,E0002815,Improved,Yes
VIS0004129,VIP0002158,Lakshmi Mudiraj,9692791983,Nakrekal,2026-05-20,Follow-up review,FAC017,E0002816,Stable,Yes
VIS0004131,VIP0002159,Nirmala Goud,9145191890,Mogudampally,2026-08-18,Follow-up review,FAC022,E0002817,Needs escalation,Yes
VIS0004134,VIP0002160,Divya Laxman,9728647225,Kangti,2026-08-07,Follow-up review,FAC020,E0002819,Stable,Yes
VIS0004138,VIP0002163,Srinivas,,Devarakonda,2026-06-10,Follow-up review,FAC011,E0002822,Stable,No
VIS0004149,VIP0002171,Swathi Chary,9123456020,BHANUR,2026-03-11,Follow-up review,FAC025,E0002832,Improved,No
VIS0004151,VIP0002172,Deepeeka Reddy,9424502629,Midjil,2026-04-25,Follow-up review,FAC009,E0002833,Improved,No
VIS0004153,VIP0002173,Mohan Rao,9050161170,Mangalapally,2026-04-28,Follow-up review,FAC017,E0002834,Needs escalation,No
VIS0004156,VIP0002174,Vinod Yadav,9888082691,Macharam,2026-07-18,Follow-up review,FAC002,E0002836,Needs escalation,No
VIS0004165,VIP0002179,Lakshmi Rao,9985678594,Kallepally,2026-05-27,Follow-up review,FAC005,E0002844,Stable,Yes
VIS0004167,VIP0002179,Lakshmi Rao,9985678594,Kallepalli,2026-08-23,Follow-up review,FAC004,E0002845,Stable,Yes
VIS0004169,VIP0002180,Srinivas Shekar,9889613563,Kummarikunta,2026-06-10,Follow-up review,FAC015,E0002846,Needs escalation,Yes
VIS0004171,VIP0002181,Lakshmi Goud,9500435078,ZAHEERABAD,2026-06-29,Follow-up review,FAC022,E0002847,Stable,No
VIS0004174,VIP0002182,Naveen Chary,9217359434,Manoor,2026-05-11,Follow-up review,FAC021,E0002849,Stable,No
VIS0004177,VIP0002184,Rajesh Basha,9881195641,Kummarikunta,2026-04-22,Follow-up review,FAC013,E0002851,Needs escalation,Yes
VIS0004182,VIP0002187,Harika Mudiraj,9809848577,Donur,2026-04-11,Follow-up review,FAC007,E0002855,Improved,No
VIS0004184,VIP0002187,Harika Mudiraj,+91-98098-48577,DONUR,2026-05-01,Follow-up review,FAC009,E0002856,Needs escalation,Yes
VIS0004187,VIP0002189,Deepika Kumar,9037071359,Velpula,2026-08-25,Follow-up review,FAC008,E0002858,Needs escalation,Yes
VIS0004190,VIP0002191,Anjali Krishna,9651485845,Kangti,2026-02-16,Follow-up review,FAC021,E0002860,Needs escalation,No
VIS0004196,VIP0002194,Kavitha Das,9236194702,KALHER,2026-02-24,Follow-up review,FAC021,E0002865,Improved,No
VIS0004198,VIP0002194,Kavitha Das,9236194702,Kalher,2026-05-22,Follow-up review,FAC020,E0002866,Stable,Yes
VIS0004205,VIP0002200,Mounika Yadav,9386625510,Balanagar,2026-03-17,Follow-up review,FAC005,E0002872,Stable,Yes
VIS0004209,VIP0002203,Kavitha Reddy,9977186041,Nermata,2026-05-26,Follow-up review,FAC014,E0002875,Stable,No
VIS0004214,VIP0002205,Rajesh Jangam,9344008328,Badepally,2026-07-02,Follow-up review,FAC003,E0002879,Improved,No
VIS0004217,VIP0002206,Lalitha Yadav,+91-98079-99725,Bangarigadda,2026-03-20,Follow-up review,FAC015,E0002881,Improved,Yes
VIS0004221,VIP0002209,Anil Das,9503203867,VEMULA,2026-07-28,Follow-up review,FAC009,E0002884,Stable,No
VIS0004225,VIP0002212,Ravi Goud,9767133673,Bangarigadda,2026-06-30,Follow-up review,FAC015,E0002887,Improved,No
VIS0004228,VIP0002214,Mounika Yadav,9948983623,Midjil,2026-02-22,Follow-up review,FAC009,E0002889,Needs escalation,Yes
VIS0004230,VIP0002214,Mounika Yadav,+91-99489-83623,Midjil,2026-04-20,Follow-up review,FAC009,E0002890,Stable,No
VIS0004232,VIP0002214,Mouneeka Yadav,9948983623,Midjil,2026-07-22,Follow-up review,FAC007,E0002891,Needs escalation,Yes
VIS0004236,VIP0002217,Deepika Rao,9294334840,Donur,2026-03-05,Follow-up review,FAC009,E0002894,Improved,No
VIS0004239,VIP0002218,Bhavani Das,9154814883,BHANUR,2026-05-30,Follow-up review,FAC025,E0002896,Stable,No
VIS0004241,VIP0002218,Bhavani Das,9154814883,Bhanur,2026-07-25,Follow-up review,FAC025,E0002897,Improved,Yes
VIS0004246,VIP0002221,Vinod Mallaiah,,Bangarigadda,2026-07-29,Follow-up review,FAC013,E0002901,Stable,No
VIS0004250,VIP0002223,Venkatesh Laxman,+91-94520-42903,KOHIR,2026-03-07,Follow-up review,FAC024,E0002904,Stable,No
VIS0004252,VIP0002223,Venkatesh Laxman,9452042103,Kohir,2026-08-05,Follow-up review,FAC024,E0002905,Improved,Yes
VIS0004257,VIP0002227,Ravi Rao,9140401787,Kohir,2026-06-09,Follow-up review,FAC023,E0002909,Stable,Yes
VIS0004259,VIP0002227,Ravi Rao,9140401787,KOHIR,2026-07-24,Follow-up review,FAC022,E0002910,Stable,Yes
VIS0004261,VIP0002228,Shankar Das,9962516112,Kondamallepalli,2026-05-28,Follow-up review,FAC012,E0002911,Stable,Yes
VIS0004263,VIP0002229,Mounika Das,9698671179,Kallepally,2026-04-29,Follow-up review,FAC006,E0002912,Stable,No
VIS0004268,VIP0002231,Shobha Naik,9463856681,Kummarikunta,2026-06-08,Follow-up review,FAC013,E0002916,Needs escalation,No
VIS0004272,VIP0002234,Rani Goud,,Kalhe,2026-09-08,Follow-up review,FAC019,E0002919,Stable,No
VIS0004274,VIP0002235,Praveen Goud,,Manoor,2026-07-04,Follow-up review,FAC019,E0002920,Stable,Yes
VIS0004276,VIP0002235,Praveen Goud,9399049202,Manoor,2026-08-28,Follow-up review,FAC021,E0002921,Needs escalation,Yes
VIS0004278,VIP0002236,Ravi Patel,9734523695,Kallepally,2026-06-02,Follow-up review,FAC006,E0002922,Needs escalation,Yes
VIS0004280,VIP0002236,Ravi Patel,+91-97345-23695,Kallepally,2026-07-15,Follow-up review,FAC004,E0002923,Stable,No
VIS0004283,VIP0002238,Santosh Begum,9676984357,Vemula,2026-07-26,Follow-up review,FAC007,E0002925,Improved,No
VIS0004287,VIP0002240,Kiran Patel,9542491781,Badepally,2026-08-02,Follow-up review,FAC003,E0002928,Improved,No
VIS0004289,VIP0002241,Hrika Reddy,9146287548,Kangti,2026-06-08,Follow-up review,FAC021,E0002929,Stable,No
VIS0004295,VIP0002244,Anil Chary,9339180808,Bodajanampet,2026-05-10,Follow-up review,FAC005,E0002934,Needs escalation,No
VIS0004298,VIP0002246,Anil Devi,9179583618,Velpul,2026-02-07,Follow-up review,FAC009,E0002936,Improved,No
VIS0004300,VIP0002247,Naresh Reddy,9652879128,Indresham,2026-04-09,Follow-up review,FAC026,E0002937,Stable,No
VIS0004303,VIP0002249,Saritha Yadav,,Macharam,2026-02-19,Follow-up review,FAC003,E0002939,Needs escalation,Yes
VIS0004305,VIP0002250,Sushma Jangam,9712644486,Kondamallepalli,2026-05-13,Follow-up review,FAC010,E0002940,Needs escalation,No
VIS0004307,VIP0002251,Saee Rao,9405401261,Polepally,2026-06-07,Follow-up review,FAC003,E0002941,Stable,Yes
VIS0004309,VIP0002251,Sai Rao,+91-94054-01261,Polepally,2026-07-15,Follow-up review,FAC001,E0002942,Needs escalation,No
VIS0004314,VIP0002253,Harika Yadav,9969705732,KANGTI,2026-07-18,Follow-up review,FAC020,E0002946,Improved,No
VIS0004320,VIP0002256,Sushma Rao,9138312577,Polepally,2026-07-30,Follow-up review,FAC001,E0002951,Stable,Yes
VIS0004322,VIP0002257,Naveen Basha,,Marrur,2026-06-01,Follow-up review,FAC016,E0002952,Stable,No
VIS0004325,VIP0002259,Lalitha Reddy,+91-94894-95301,VELPULA,2026-08-03,Follow-up review,FAC008,E0002954,Stable,No
VIS0004327,VIP0002260,Rajesh Shekar,9014213441,Kallepally,2026-03-29,Follow-up review,FAC005,E0002955,Stable,Yes
VIS0004332,VIP0002264,Bhavani Mudiraj,9236935024,BADEPALLY,2026-08-14,Follow-up review,FAC001,E0002959,Stable,No
VIS0004334,VIP0002265,Mahesh Patel,9696866320,Midjil,2026-03-13,Follow-up review,FAC008,E0002960,Stable,No
VIS0004337,VIP0002266,Sai Reddy,9299402677,Bangarigadda,2026-06-24,Follow-up review,FAC014,E0002962,Stable,No
VIS0004340,VIP0002268,Suresh Rao,9861412860,Nomula,2026-03-15,Follow-up review,FAC017,E0002964,Needs escalation,No
VIS0004345,VIP0002271,Harika Basha,9714096769,Polepally,2026-04-04,Follow-up review,FAC001,E0002968,Needs escalation,Yes
VIS0004353,VIP0002277,Jyothi Mallaiah,9852848897,Macharam,2026-01-29,Follow-up review,FAC003,E0002975,Needs escalation,No
VIS0004355,VIP0002278,Ravi Khan,9190695626,Midjil,2026-03-01,Follow-up review,FAC007,E0002976,Needs escalation,Yes
VIS0004357,VIP0002279,Venkatesh Narsimha,9196718598,Kummarikunta,2026-08-25,Follow-up review,FAC014,E0002977,Needs escalation,Yes
VIS0004360,VIP0002281,Rani Reddy,9706324434,Gangapur,2026-07-31,Follow-up review,FAC003,E0002979,Needs escalation,No
VIS0004362,VIP0002282,Naveen Laxman,9827649411,Kondamallepally,2026-09-09,Follow-up review,FAC011,E0002980,Needs escalation,Yes
VIS0004365,VIP0002284,Sushma Kumar,9227281999,Narayankhed,2026-06-27,Follow-up review,FAC021,E0002982,Improved,No
VIS0004369,VIP0002287,Suresh Kumar,9010172856,Narayankhed,2026-03-07,Follow-up review,FAC020,E0002985,Improved,No
VIS0004371,VIP0002288,Raghav Begum,9313594245,MIDJIL,2026-04-08,Follow-up review,FAC009,E0002986,Stable,No
VIS0004374,VIP0002290,Srilatha Basha,9805048100,Chandur,2026-08-08,Follow-up review,FAC015,E0002988,Needs escalation,No
VIS0004378,VIP0002292,Jyothi Rao,9452409160,Nermat,2026-05-24,Follow-up review,FAC014,E0002991,Improved,Yes
VIS0004381,VIP0002293,Nirmala Kumar,9673559401,Kalher,2026-04-06,Follow-up review,FAC019,E0002993,Stable,Yes
VIS0004384,VIP0002295,Jyothi Krishna,9093973785,JHARASANGAM,2026-06-30,Follow-up review,FAC024,E0002995,Improved,Yes
VIS0004387,VIP0002296,Praveen Laxman,9382651983,Kondamallepally,2026-02-10,Follow-up review,FAC010,E0002997,Stable,Yes
VIS0004392,VIP0002298,Suresh Goud,9200514342,Macharam,2026-05-15,Follow-up review,FAC003,E0003001,Stable,No
VIS0004394,VIP0002298,Suresh Goud,9200514342,Macharam,2026-05-13,Follow-up review,FAC001,E0003002,Improved,No
VIS0004396,VIP0002299,Rajesh,+91-93323-68684,Bhanu,2026-08-11,Follow-up review,FAC027,E0003003,Improved,Yes
VIS0004400,VIP0002301,Rani Das,9963682083,Gangapur,2026-08-29,Follow-up review,FAC003,E0003006,Stable,No
VIS0004402,VIP0002302,Sai Mallaiah,9904342728,Bodajanampet,2026-03-03,Follow-up review,FAC006,E0003007,Stable,No
VIS0004404,VIP0002303,Santosh Patel,+91-96856-41415,Midjil,2026-08-28,Follow-up review,FAC007,E0003008,Stable,Yes
VIS0004406,VIP0002304,Santosh Reddy,9578065571,Macharam,2026-07-25,Follow-up review,FAC001,E0003009,Stable,No
VIS0004408,VIP0002304,Santosh Reddy,,Macharam,2026-09-04,Follow-up review,FAC002,E0003010,Improved,Yes
VIS0004410,VIP0002305,Ramesh,9244801362,Marrur,2026-08-20,Follow-up review,FAC018,E0003011,Stable,No
VIS0004413,VIP0002307,Renuka Devee,9246731416,Kummarikunta,2026-03-29,Follow-up review,FAC014,E0003013,Needs escalation,Yes
VIS0004417,VIP0002309,Kavita Rao,9648647225,Balanagar,2026-04-09,Follow-up review,FAC006,E0003016,Improved,No
VIS0004425,VIP0002315,Rani Mudiraj,9302373807,Narayankhed,2026-04-27,Follow-up review,FAC021,E0003023,Needs escalation,No
VIS0004428,VIP0002316,Sai Laxman,9888498698,Mangalapally,2026-07-21,Follow-up review,FAC017,E0003025,Needs escalation,No
VIS0004432,VIP0002317,Mohan Begum,9429526515,Nermata,2026-06-06,Follow-up review,FAC014,E0003028,Stable,Yes
VIS0004437,VIP0002320,Naveen,+91-90158-86477,Chandur,2026-01-19,Follow-up review,FAC014,E0003032,Improved,No
VIS0004444,VIP0002325,Naresh Mallaiah,9251727880,Chandur,2026-07-17,Follow-up review,FAC014,E0003038,Stable,No
VIS0004448,VIP0002327,Anita Mallaiah,9167998071,Nermata,2026-06-24,Follow-up review,FAC015,E0003041,Needs escalation,No
VIS0004450,VIP0002328,Naveen Yadav,9425423601,Midjil,2026-02-05,Follow-up review,FAC009,E0003042,Needs escalation,No
VIS0004453,VIP0002329,Lakshmi Krishna,9363072599,Jharasangam,2026-07-27,Follow-up review,FAC024,E0003044,Improved,No
VIS0004455,VIP0002330,Rani Naik,9452698553,BHANUR,2026-03-10,Follow-up review,FAC026,E0003045,Needs escalation,No
VIS0004457,VIP0002331,Saritha Krishna,,Manoor,2026-02-13,Follow-up review,FAC021,E0003046,Improved,Yes
VIS0004462,VIP0002334,Raghav Jangam,9265751878,Gundlapally,2026-01-29,Follow-up review,FAC010,E0003050,Needs escalation,No
VIS0004464,VIP0002335,Rajesh Yadav,9340084886,Patancheru,2026-02-11,Follow-up review,FAC027,E0003051,Stable,No
VIS0004468,VIP0002338,Raju Devi,9587411409,Polepally,2026-04-18,Follow-up review,FAC001,E0003054,Needs escalation,Yes
VIS0004471,VIP0002339,Renuka Reddy,9967548434,Balanagar,2026-05-19,Follow-up review,FAC006,E0003056,Improved,Yes
VIS0004474,VIP0002339,Renuka Reddy,9967548434,Balanagar,2026-07-04,Follow-up review,FAC005,E0003058,Needs escalation,No
VIS0004478,VIP0002342,Swathi Shekar,9850457588,Kummarikunt,2026-06-30,Follow-up review,FAC015,E0003061,Needs escalation,No
VIS0004480,VIP0002343,Swathi Reddy,,Polepally,2026-02-08,Follow-up review,FAC001,E0003062,Needs escalation,No
VIS0004482,VIP0002344,Harika Yadav,9557192500,Patancheru,2026-01-31,Follow-up review,FAC026,E0003063,Needs escalation,No
VIS0004484,VIP0002345,Lalitha Krishna,,KALLEPALLY,2026-08-18,Follow-up review,FAC006,E0003064,Stable,No
VIS0004486,VIP0002346,Srilatha Rao,9488690481,Velpula,2026-04-07,Follow-up review,FAC009,E0003065,Needs escalation,Yes
VIS0004490,VIP0002349,Venkatesh Naik,9832415859,Kohir,2026-05-18,Follow-up review,FAC024,E0003068,Needs escalation,Yes
VIS0004493,VIP0002351,Padma Basha,9645290283,Kohir,2026-08-16,Follow-up review,FAC023,E0003070,Improved,No
VIS0004495,VIP0002352,Renuka Begum,,Kohir,2026-08-17,Follow-up review,FAC023,E0003071,Stable,No
VIS0004499,VIP0002354,Mounika Narsimha,9221234079,Polepally,2026-08-05,Follow-up review,FAC003,E0003074,Improved,Yes
VIS0004505,VIP0002358,Arun Khan,9162936302,Kangti,2026-04-23,Follow-up review,FAC021,E0003079,Stable,No
VIS0004507,VIP0002359,Kiran Rao,9861264518,BALANAGAR,2026-02-28,Follow-up review,FAC005,E0003080,Needs escalation,No
VIS0004509,VIP0002359,Kiran Rao,9811264518,Balanagar,2026-05-13,Follow-up review,FAC004,E0003081,Stable,Yes
VIS0004515,VIP0002363,Rani Patel,9521509037,Manoor,2026-05-09,Follow-up review,FAC020,E0003086,Improved,No
VIS0004519,VIP0002365,Padma Yadav,+91-92087-03169,Manoo,2026-02-13,Follow-up review,FAC020,E0003089,Improved,Yes
VIS0004522,VIP0002366,Venkatesh Jangam,9037000551,Kalher,2026-02-28,Follow-up review,FAC019,E0003091,Improved,Yes
VIS0004524,VIP0002367,Mohan Laxman,9771652289,Bangarigadda,2026-03-02,Follow-up review,FAC015,E0003092,Improved,Yes
VIS0004526,VIP0002368,Sai,,BALANAGAR,2026-01-28,Follow-up review,FAC006,E0003093,Improved,No
VIS0004528,VIP0002368,Sai Laxman,+91-94242-14381,Balanagar,2026-06-12,Follow-up review,FAC006,E0003094,Stable,Yes
VIS0004530,VIP0002369,Shankar,9153822753,Bangarigadd,2026-03-27,Follow-up review,FAC013,E0003095,Stable,No
VIS0004532,VIP0002369,Shankar Begum,9153822753,Bangarigadda,2026-08-03,Follow-up review,FAC013,E0003096,Improved,Yes
VIS0004535,VIP0002371,Jyothi Devi,9607809576,Kohir,2026-05-17,Follow-up review,FAC023,E0003098,Stable,No
VIS0004538,VIP0002373,Mounika Patel,9118751007,Badepally,2026-05-16,Follow-up review,FAC001,E0003100,Needs escalation,Yes
VIS0004540,VIP0002374,Rajesh Patel,9416708343,Kohir,2026-08-27,Follow-up review,FAC024,E0003101,Needs escalation,No
VIS0004543,VIP0002375,Praveen Begum,9338294409,Ameenpur,2026-07-25,Follow-up review,FAC027,E0003103,Improved,No
VIS0004545,VIP0002376,Vinod Narsimha,,Marrur,2026-03-09,Follow-up review,FAC018,E0003104,Stable,No
VIS0004547,VIP0002377,Kavitha Rao,9077813710,RAJAPUR,2026-03-23,Follow-up review,FAC006,E0003105,Needs escalation,No
VIS0004549,VIP0002378,Anil Kumar,9969699075,Kalher,2026-05-28,Follow-up review,FAC019,E0003106,Needs escalation,Yes
VIS0004553,VIP0002381,Padma Devi,+91-95782-57904,Velpula,2026-08-19,Follow-up review,FAC008,E0003109,Stable,No
VIS0004556,VIP0002382,Shobha Patel,,Midjil,2026-07-31,Follow-up review,FAC007,E0003111,Improved,No
VIS0004558,VIP0002382,sobha Patel,9048660123,Midjil,2026-08-27,Follow-up review,FAC008,E0003112,Improved,No
VIS0004560,VIP0002383,Padma Begum,9665348683,Donur,2026-02-12,Follow-up review,FAC009,E0003113,Stable,No
VIS0004562,VIP0002383,Padma Begum,9665348683,Donur,2026-08-27,Follow-up review,FAC007,E0003114,Stable,No
VIS0004565,VIP0002384,Suresh Mallaiah,9338079065,Vemula,2026-08-21,Follow-up review,FAC007,E0003116,Improved,Yes
VIS0004568,VIP0002386,Kiran Goud,9004816081,Bhanur,2026-04-27,Follow-up review,FAC025,E0003118,Improved,Yes
VIS0004570,VIP0002386,Kiran Goud,9004816081,Bhanur,2026-06-07,Follow-up review,FAC025,E0003119,Stable,No
VIS0004572,VIP0002387,Deepika Khan,,Indresham,2026-03-06,Follow-up review,FAC025,E0003120,Stable,Yes
VIS0004577,VIP0002389,Mounika Yadav,9916431584,Macharam,2026-04-15,Follow-up review,FAC001,E0003124,Stable,No
VIS0004580,VIP0002390,Shankar Khan,9050827800,Mogudampally,2026-08-14,Follow-up review,FAC022,E0003126,Improved,No
VIS0004582,VIP0002391,Bhavani Das,9119077268,Kummarikunta,2026-07-06,Follow-up review,FAC015,E0003127,Needs escalation,No
VIS0004587,VIP0002393,Raju,+91-91762-73611,Marrur,2026-03-18,Follow-up review,FAC018,E0003131,Needs escalation,Yes
VIS0004590,VIP0002393,Raju Basha,9176273611,Marrur,2026-08-07,Follow-up review,FAC016,E0003133,Improved,No
VIS0004594,VIP0002396,Mahesh Khan,9825091003,Balanagar,2026-02-15,Follow-up review,FAC005,E0003136,Needs escalation,No
VIS0004596,VIP0002396,Mahesh Khan,9825391003,Balanagar,2026-07-08,Follow-up review,FAC006,E0003137,Needs escalation,No
VIS0004599,VIP0002398,Jyothi Krishna,9217988405,Nomula,2026-03-12,Follow-up review,FAC018,E0003139,Needs escalation,Yes
VIS0004601,VIP0002399,Bhavani Rao,9773652213,Ameenpur,2026-09-03,Follow-up review,FAC025,E0003140,Stable,No
VIS0004603,VIP0002400,Praveen Naik,9019967458,Kummarikunta,2026-07-13,Follow-up review,FAC015,E0003141,Improved,No
VIS0004606,VIP0002401,Raghav,9966848732,Gundlapally,2026-01-14,Follow-up review,FAC011,E0003143,Needs escalation,No
VIS0004608,VIP0002402,Anitha Kumar,9070548185,Donur,2026-08-11,Follow-up review,FAC007,E0003144,Stable,No
VIS0004610,VIP0002402,Anita Kumar,9070548185,Donur,2026-08-25,Follow-up review,FAC008,E0003145,Improved,No
VIS0004613,VIP0002404,Raju Kumar,9821237558,Zaheerabad,2026-01-19,Follow-up review,FAC023,E0003147,Stable,No
VIS0004616,VIP0002406,Srinivas Mudiraj,9416757325,GANGAPUR,2026-02-11,Follow-up review,FAC001,E0003149,Needs escalation,Yes
VIS0004621,VIP0002408,Anjali Reddy,9037699536,Rajapur,2026-06-07,Follow-up review,FAC004,E0003153,Needs escalation,No
VIS0004626,VIP0002412,Renuka Narsimha,+91-97639-68081,Badepally,2026-03-12,Follow-up review,FAC001,E0003157,Needs escalation,No
VIS0004628,VIP0002413,Nirmala Mallaiah,9992164248,Jharasangam,2026-04-10,Follow-up review,FAC022,E0003158,Improved,Yes
VIS0004631,VIP0002415,Raju Patel,,Nermata,2026-07-18,Follow-up review,FAC014,E0003160,Improved,Yes
VIS0004635,VIP0002417,Lalitha Devi,9599579276,Bodajanampet,2026-03-24,Follow-up review,FAC005,E0003163,Improved,No
VIS0004637,VIP0002418,Mohan Laxman,9715963258,Jharasangam,2026-04-01,Follow-up review,FAC024,E0003164,Needs escalation,No
VIS0004640,VIP0002420,Srilatha Goud,9956598789,Patancheru,2026-01-23,Follow-up review,FAC027,E0003166,Needs escalation,Yes
VIS0004642,VIP0002421,Arun Begum,9841124373,Nermata,2026-02-01,Follow-up review,FAC015,E0003167,Needs escalation,No
VIS0004646,VIP0002422,Srilatha Das,,Macharam,2026-05-15,Follow-up review,FAC002,E0003170,Needs escalation,Yes
VIS0004648,VIP0002423,Vinod Devi,9867292044,Bodajanampet,2026-05-04,Follow-up review,FAC004,E0003171,Needs escalation,No
VIS0004650,VIP0002424,Rajesh Shekar,9712687236,Polepalli,2026-07-07,Follow-up review,FAC003,E0003172,Improved,No
VIS0004652,VIP0002425,Naveen Basha,,Peddadinne,2026-06-01,Follow-up review,FAC012,E0003173,Improved,No
VIS0004660,VIP0002430,Lalitha Laxman,9625113075,Midjil,2026-05-25,Follow-up review,FAC009,E0003180,Improved,Yes
VIS0004665,VIP0002433,Deepika Goud,9713952246,Gangapur,2026-07-18,Follow-up review,FAC001,E0003184,Improved,No
VIS0004667,VIP0002434,Mahes Krishna,9569131546,Kondamallepally,2026-08-02,Follow-up review,FAC010,E0003185,Improved,Yes
VIS0004670,VIP0002435,Arun Jangam,9383753842,Vemula,2026-09-03,Follow-up review,FAC008,E0003187,Improved,Yes
VIS0004672,VIP0002436,Nirmala Begum,9645860360,Macharam,2026-01-24,Follow-up review,FAC003,E0003188,Needs escalation,No
VIS0004675,VIP0002437,Shobha Yadav,9826281138,Indresham,2026-08-25,Follow-up review,FAC026,E0003190,Stable,Yes
VIS0004677,VIP0002438,Swathi Mallaiah,9635149354,Peddadinne,2026-07-21,Follow-up review,FAC012,E0003191,Improved,Yes
VIS0004682,VIP0002440,Rani Chary,9216996861,Midjil,2026-06-09,Follow-up review,FAC009,E0003195,Needs escalation,No
VIS0004684,VIP0002441,Jyothi Khan,9931492735,Devarakonda,2026-06-26,Follow-up review,FAC011,E0003196,Needs escalation,Yes
VIS0004687,VIP0002442,Rajesh Reddy,9056252173,Kummarikunta,2026-05-18,Follow-up review,FAC014,E0003198,Needs escalation,No
VIS0004692,VIP0002446,Sushma Laxman,+91-99595-59435,Bhanur,2026-06-23,Follow-up review,FAC025,E0003202,Stable,No
VIS0004694,VIP0002447,Venkatesh Krishna,9724723008,Mogudampally,2026-07-09,Follow-up review,FAC023,E0003203,Improved,No
VIS0004697,VIP0002449,Renuka Mallaiah,9142342205,Donur,2026-06-19,Follow-up review,FAC009,E0003205,Stable,No
VIS0004702,VIP0002452,Swati Krishna,9123412301,Patancheru,2026-05-17,Follow-up review,FAC025,E0003209,Needs escalation,No
VIS0004706,VIP0002454,Arun Chary,9695432468,Nermata,2026-08-14,Follow-up review,FAC015,E0003212,Improved,Yes
VIS0004708,VIP0002455,Sushma Begum,9999845975,Velpula,2026-04-11,Follow-up review,FAC009,E0003213,Needs escalation,No
VIS0004710,VIP0002455,Sushma Begum,9999845975,VELPULA,2026-08-08,Follow-up review,FAC007,E0003214,Stable,Yes
VIS0004712,VIP0002456,Swathi Das,9384838041,Patancheru,2026-04-07,Follow-up review,FAC026,E0003215,Improved,No
VIS0004714,VIP0002457,Renuka Shekar,9226965521,Kalher,2026-06-04,Follow-up review,FAC020,E0003216,Stable,No
VIS0004716,VIP0002457,Renuka Shekar,9226965521,Kalher,2026-07-31,Follow-up review,FAC021,E0003217,Stable,No
VIS0004719,VIP0002459,Suresh,,MARRUR,2026-07-18,Follow-up review,FAC016,E0003219,Stable,No
VIS0004724,VIP0002461,Divya Yadav,9679326117,Vemul,2026-07-21,Follow-up review,FAC008,E0003223,Needs escalation,Yes
VIS0004728,VIP0002463,Jyothi Yadav,9167484325,Kondamallepalli,2026-08-17,Follow-up review,FAC011,E0003226,Improved,No
VIS0004732,VIP0002465,Venkatesh Begum,9503312418,Marrur,2026-08-14,Follow-up review,FAC018,E0003229,Stable,Yes
VIS0004736,VIP0002467,Sareetha Chary,9506557855,Nomula,2026-07-03,Follow-up review,FAC018,E0003232,Needs escalation,No
VIS0004738,VIP0002467,Saritha Chary,9506557855,Nomula,2026-07-18,Follow-up review,FAC018,E0003233,Stable,Yes
VIS0004741,VIP0002469,Raghav Basha,+91-91011-15832,Manoor,2026-06-18,Follow-up review,FAC021,E0003235,Improved,No
VIS0004743,VIP0002470,Kawitha Jangam,9859724655,MACHARAM,2026-07-09,Follow-up review,FAC002,E0003236,Needs escalation,Yes
VIS0004747,VIP0002472,Ramesh Khan,9949723633,Manoor,2026-07-30,Follow-up review,FAC020,E0003239,Needs escalation,No
VIS0004755,VIP0002479,Anitha Chary,9588005039,Rajapur,2026-08-30,Follow-up review,FAC004,E0003246,Improved,Yes
VIS0004759,VIP0002482,Mohan Shekar,9151439610,Badepally,2026-06-30,Follow-up review,FAC003,E0003249,Improved,No
VIS0004763,VIP0002483,Deepika Jangam,9414359716,Kummarikunta,2026-07-21,Follow-up review,FAC014,E0003252,Needs escalation,No
VIS0004766,VIP0002485,Rani Reddy,9022374548,Bhanur,2026-03-09,Follow-up review,FAC026,E0003254,Stable,Yes
VIS0004769,VIP0002486,Mahesh Jangam,9598898528,Balanagar,2026-07-09,Follow-up review,FAC004,E0003256,Improved,No
VIS0004772,VIP0002488,Shobha Yadav,9517657662,Narayankhed,2026-06-14,Follow-up review,FAC019,E0003258,Needs escalation,Yes
VIS0004775,VIP0002490,Lakshmee Patel,,Devarakonda,2026-08-10,Follow-up review,FAC012,E0003260,Improved,No
VIS0004785,VIP0002498,Rani Basha,9350479857,Indresha,2026-02-02,Follow-up review,FAC025,E0003269,Stable,No
VIS0004787,VIP0002498,Rani Basha,,Indresham,2026-04-01,Follow-up review,FAC026,E0003270,Needs escalation,No
VIS0004790,VIP0002499,Mahesh Mudiraj,+91-96498-56641,Bhanur,2026-05-27,Follow-up review,FAC026,E0003272,Needs escalation,Yes
VIS0004794,VIP0002501,Srinivas Yadav,9768802683,Badepally,2026-06-14,Follow-up review,FAC001,E0003275,Improved,No
VIS0004796,VIP0002502,Padma Naik,,Kohir,2026-08-14,Follow-up review,FAC022,E0003276,Improved,No
VIS0004800,VIP0002505,Rames Basha,9394807899,Bodajanampet,2026-05-07,Follow-up review,FAC005,E0003279,Needs escalation,Yes
VIS0004803,VIP0002507,Naresh Yadav,9912696854,Jharasangam,2026-08-15,Follow-up review,FAC022,E0003281,Improved,No
VIS0004811,VIP0002512,Venkatesh Mallaiah,9854763615,VEMULA,2026-04-17,Follow-up review,FAC008,E0003288,Needs escalation,No
VIS0004813,VIP0002513,Shankar Narsimha,9292410609,Patancheru,2026-04-03,Follow-up review,FAC026,E0003289,Needs escalation,Yes
VIS0004816,VIP0002514,Rajesh Dewi,9966919168,Bodajanampet,2026-05-03,Follow-up review,FAC005,E0003291,Improved,Yes
VIS0004818,VIP0002515,Anjali,9084469773,Mogudampally,2026-06-29,Follow-up review,FAC022,E0003292,Needs escalation,No
VIS0004821,VIP0002516,Divy Rao,9300208034,Peddadinne,2026-05-17,Follow-up review,FAC012,E0003294,Improved,Yes
VIS0004823,VIP0002517,Santosh Goud,+91-90147-82384,Midjil,2026-07-26,Follow-up review,FAC008,E0003295,Needs escalation,No
VIS0004825,VIP0002518,Anjali Chary,+91-94362-88422,Indresham,2026-06-27,Follow-up review,FAC027,E0003296,Improved,No
VIS0004829,VIP0002520,Sushma Laxman,9296290746,Kohir,2026-08-22,Follow-up review,FAC023,E0003299,Needs escalation,Yes
VIS0004832,VIP0002521,Kavitha Goud,9269446327,Nomula,2026-05-12,Follow-up review,FAC018,E0003301,Stable,No
VIS0004834,VIP0002522,Anitha Begum,9625204727,Balanagar,2026-05-18,Follow-up review,FAC006,E0003302,Improved,Yes
VIS0004836,VIP0002523,Anjali Basha,9368455465,Midjil,2026-03-28,Follow-up review,FAC007,E0003303,Stable,No
VIS0004839,VIP0002525,Santosh Naik,9787975447,Bhanur,2026-08-05,Follow-up review,FAC027,E0003305,Improved,No
VIS0004844,VIP0002528,Venkatesh Mallaiah,9123891852,Jharasangam,2026-08-20,Follow-up review,FAC022,E0003309,Stable,Yes
VIS0004848,VIP0002530,Vinod Shekar,9847029561,Bhanu,2026-06-25,Follow-up review,FAC025,E0003312,Improved,No
VIS0004850,VIP0002531,Ravi Basha,9959522578,Marrur,2026-08-30,Follow-up review,FAC017,E0003313,Needs escalation,No
VIS0004853,VIP0002533,Mohan Laxman,9982017312,Bodajanampet,2026-05-24,Follow-up review,FAC005,E0003315,Stable,No
VIS0004856,VIP0002534,Veenod Das,9810272226,Nomula,2026-05-30,Follow-up review,FAC016,E0003317,Improved,Yes
VIS0004859,VIP0002536,Srilatha Shekar,9819968863,Ameenpur,2026-07-07,Follow-up review,FAC025,E0003319,Improved,Yes
VIS0004861,VIP0002537,Naresh Shekar,+91-99523-08229,Velpul,2026-07-07,Follow-up review,FAC009,E0003320,Needs escalation,No
VIS0004863,VIP0002537,Nresh Shekar,9952308229,Velpula,2026-07-30,Follow-up review,FAC008,E0003321,Improved,No
VIS0004865,VIP0002538,Arun Shekar,,Jharasangam,2026-04-30,Follow-up review,FAC023,E0003322,Improved,No
VIS0004870,VIP0002541,Nveen Das,9446467678,Gangapur,2026-02-05,Follow-up review,FAC001,E0003326,Stable,No
VIS0004872,VIP0002542,Bhavani Naik,+91-94888-32527,Manoor,2026-07-26,Follow-up review,FAC019,E0003327,Needs escalation,No
VIS0004877,VIP0002545,Praveen Begum,9881208665,Ameenpur,2026-02-09,Follow-up review,FAC027,E0003331,Needs escalation,Yes
VIS0004882,VIP0002548,Rajesh Mudiraj,9595362352,Bhanur,2026-08-15,Follow-up review,FAC025,E0003335,Needs escalation,No
VIS0004886,VIP0002551,Padma Rao,9356447579,Narayankhed,2026-01-25,Follow-up review,FAC021,E0003338,Stable,Yes
VIS0004888,VIP0002552,Ravi Devi,9937571760,RAJAPUR,2026-03-17,Follow-up review,FAC004,E0003339,Needs escalation,No
VIS0004894,VIP0002557,Shobha Narsimha,9859469681,Peddadinne,2026-06-29,Follow-up review,FAC010,E0003344,Needs escalation,Yes
VIS0004898,VIP0002560,Ravi Naik,9054933070,Vemula,2026-02-10,Follow-up review,FAC009,E0003347,Stable,Yes
VIS0004900,VIP0002560,Ravi Naik,9054933070,Vemula,2026-04-11,Follow-up review,FAC007,E0003348,Improved,Yes
VIS0004902,VIP0002561,Lalitha Krishna,9635602547,Bodajanampet,2026-02-11,Follow-up review,FAC005,E0003349,Stable,Yes
VIS0004907,VIP0002564,Vinod Laxman,9355012279,Kohir,2026-05-23,Follow-up review,FAC023,E0003353,Stable,No
VIS0004911,VIP0002567,Srinivas Das,9806460499,Devarakonda,2026-05-17,Follow-up review,FAC012,E0003356,Improved,Yes
VIS0004915,VIP0002570,Divya Rao,9849785862,Velpula,2026-04-03,Follow-up review,FAC007,E0003359,Improved,Yes
VIS0004917,VIP0002570,Divya Rao,9849785862,Velpul,2026-09-11,Follow-up review,FAC007,E0003360,Improved,No
VIS0004920,VIP0002572,Saritha Shekar,+91-95166-29132,Bhanur,2026-08-21,Follow-up review,FAC026,E0003362,Needs escalation,Yes
VIS0004924,VIP0002575,Padma Rao,9971600739,Bhanur,2026-08-30,Follow-up review,FAC026,E0003365,Stable,No
VIS0004926,VIP0002576,Sushma Rao,+91-96241-36217,Jharasangam,2026-08-25,Follow-up review,FAC024,E0003366,Stable,No
VIS0004935,VIP0002582,Srilatha Reddy,+91-90249-64598,Mogudampally,2026-08-02,Follow-up review,FAC024,E0003374,Improved,No
VIS0004937,VIP0002583,Harika Mudiraj,9043168994,Gundlapally,2026-03-11,Follow-up review,FAC012,E0003375,Needs escalation,No
VIS0004941,VIP0002585,Hareeka Goud,9899004095,Balanagar,2026-08-10,Follow-up review,FAC005,E0003378,Stable,No
VIS0004943,VIP0002586,Jyothi Naik,9103721879,Kallepally,2026-04-07,Follow-up review,FAC004,E0003379,Stable,Yes
VIS0004945,VIP0002586,Jyothi Naik,9103721879,Kallepally,2026-08-03,Follow-up review,FAC006,E0003380,Stable,No
VIS0004947,VIP0002587,Naveen Jangam,9002740837,GANGAPUR,2026-08-28,Follow-up review,FAC002,E0003381,Stable,No
VIS0004950,VIP0002589,Mohan Narsimha,,AMEENPUR,2026-04-24,Follow-up review,FAC025,E0003383,Stable,No
VIS0004953,VIP0002590,Pdma Yadav,9049147106,Kalher,2026-07-31,Follow-up review,FAC019,E0003385,Improved,No
VIS0004956,VIP0002592,Anitha Goud,9267769480,Bodajanampet,2026-06-13,Follow-up review,FAC005,E0003387,Improved,No
VIS0004961,VIP0002595,Mounika Patel,9607587864,Kummarikunta,2026-04-07,Follow-up review,FAC013,E0003391,Needs escalation,Yes
VIS0004965,VIP0002598,Kiran Mallaiah,9427969698,Midjil,2026-03-09,Follow-up review,FAC009,E0003394,Stable,No
VIS0004967,VIP0002598,Kiran Mallaiah,9427969698,Midjil,2026-05-13,Follow-up review,FAC007,E0003395,Improved,Yes
VIS0004970,VIP0002600,Santosh Jangam,9035232030,Indresha,2026-05-15,Follow-up review,FAC026,E0003397,Needs escalation,Yes
VIS0004972,VIP0002601,Vinod Shekar,9876766616,Mogudampally,2026-08-08,Follow-up review,FAC023,E0003398,Stable,No
VIS0004975,VIP0002603,Sushma Khan,9116093725,Balanaga,2026-03-27,Follow-up review,FAC006,E0003400,Stable,Yes
VIS0004977,VIP0002603,Sushma Khan,9116093725,Balanagar,2026-09-12,Follow-up review,FAC006,E0003401,Needs escalation,No
VIS0004981,VIP0002605,Srinivas Goud,9785707491,Nakrekal,2026-06-28,Follow-up review,FAC016,E0003404,Needs escalation,No
VIS0004984,VIP0002606,Kavitha Mallaiah,9564982607,Marrur,2026-04-07,Follow-up review,FAC016,E0003406,Stable,Yes
VIS0004987,VIP0002607,Rani Das,,Polepally,2026-07-01,Follow-up review,FAC001,E0003408,Improved,No
VIS0004991,VIP0002610,Lalitha Das,9726037877,Ameenpur,2026-04-26,Follow-up review,FAC026,E0003411,Needs escalation,No
VIS0004997,VIP0002612,Saritha Krishna,,Gangapu,2026-07-03,Follow-up review,FAC003,E0003416,Improved,No
VIS0005000,VIP0002614,Mohan Krishna,+91-91066-05668,Rajapur,2026-08-14,Follow-up review,FAC005,E0003418,Improved,No
VIS0005002,VIP0002615,Nirmala Khan,9243683966,Peddadinne,2026-06-13,Follow-up review,FAC012,E0003419,Stable,No
VIS0005004,VIP0002615,Nirmala Khan,9243683966,Peddadinne,2026-07-13,Follow-up review,FAC011,E0003420,Stable,No
VIS0005008,VIP0002618,Sai Krishna,9486130155,Mogudampally,2026-05-16,Follow-up review,FAC023,E0003423,Improved,No
VIS0005012,VIP0002621,Divya,,Midjil,2026-03-08,Follow-up review,FAC007,E0003426,Needs escalation,Yes
VIS0005014,VIP0002622,Padma Kumar,9157960408,Macharam,2026-02-28,Follow-up review,FAC003,E0003427,Improved,No
VIS0005024,VIP0002629,Sai Basha,,MIDJIL,2026-07-12,Follow-up review,FAC007,E0003436,Needs escalation,No
VIS0005026,VIP0002630,Nirmala Naik,9156343266,Polepally,2026-01-26,Follow-up review,FAC001,E0003437,Needs escalation,No
VIS0005029,VIP0002632,Raju,9800001578,Midjil,2026-04-11,Follow-up review,FAC008,E0003439,Needs escalation,No
VIS0005031,VIP0002632,Raju Shekar,9800001578,MIDJIL,2026-05-06,Follow-up review,FAC009,E0003440,Improved,No
VIS0005033,VIP0002633,Saritha Begum,9480936847,Kummarikunta,2026-07-25,Follow-up review,FAC015,E0003441,Improved,No
VIS0005035,VIP0002634,Lalitha Reddy,9281614440,Mangalapally,2026-08-06,Follow-up review,FAC016,E0003442,Stable,No
VIS0005037,VIP0002635,Ravi Chary,+91-99922-99561,Mangalapally,2026-06-13,Follow-up review,FAC017,E0003443,Improved,No
VIS0005041,VIP0002636,Arun Goud,9328627190,Midjil,2026-08-09,Follow-up review,FAC007,E0003446,Needs escalation,No
VIS0005043,VIP0002637,Mohn Narsimha,9859938460,Devarakonda,2026-02-26,Follow-up review,FAC011,E0003447,Needs escalation,No
VIS0005045,VIP0002637,Mohan Narsimha,9859938460,Devarakonda,2026-02-23,Follow-up review,FAC010,E0003448,Improved,Yes
VIS0005048,VIP0002639,Anil Naik,9786147410,Jharasangam,2026-03-24,Follow-up review,FAC024,E0003450,Needs escalation,No
VIS0005050,VIP0002640,Srilatha Naik,9040882644,Nomula,2026-02-23,Follow-up review,FAC017,E0003451,Stable,Yes
VIS0005053,VIP0002641,Naresh Jangam,+91-91071-37269,Bodajanampet,2026-07-31,Follow-up review,FAC006,E0003453,Stable,No
VIS0005055,VIP0002642,Anjali Narsimha,9364524839,Kondamallepalli,2026-04-23,Follow-up review,FAC010,E0003454,Improved,Yes
VIS0005057,VIP0002643,Naveen Devi,9843176926,Kummarikunta,2026-04-19,Follow-up review,FAC015,E0003455,Needs escalation,No
VIS0005059,VIP0002644,Harika Shekar,9450022670,Nomula,2026-02-15,Follow-up review,FAC017,E0003456,Improved,No
VIS0005061,VIP0002645,Mounika Goud,9788014213,Vemula,2026-02-12,Follow-up review,FAC009,E0003457,Improved,No
VIS0005064,VIP0002647,Lakshmi Patel,9750516410,Kohir,2026-05-02,Follow-up review,FAC022,E0003459,Improved,No
VIS0005066,VIP0002647,Lakshmi Patel,9750516410,Kohir,2026-06-08,Follow-up review,FAC022,E0003460,Improved,Yes
VIS0005068,VIP0002647,Lakshmi Patel,9750516410,Kohir,2026-07-18,Follow-up review,FAC024,E0003461,Improved,No
VIS0005070,VIP0002648,Shankar Rao,9152910444,Gundlapally,2026-04-19,Follow-up review,FAC012,E0003462,Needs escalation,Yes
VIS0005073,VIP0002650,Vinod Shekar,9961420877,Indresha,2026-04-14,Follow-up review,FAC026,E0003464,Stable,Yes
VIS0005075,VIP0002651,Anitha Naik,9399084570,Devarakonda,2026-02-12,Follow-up review,FAC012,E0003465,Improved,No
VIS0005078,VIP0002653,Sntosh Patel,9790132964,Polepally,2026-02-16,Follow-up review,FAC003,E0003467,Needs escalation,No
VIS0005080,VIP0002654,Nirmala Khan,9433123670,Velpula,2026-07-19,Follow-up review,FAC008,E0003468,Improved,No
VIS0005084,VIP0002656,Naresh Naik,9471112849,Macharam,2026-08-30,Follow-up review,FAC001,E0003471,Stable,No
VIS0005087,VIP0002658,Divya Patel,9269010941,Donur,2026-08-12,Follow-up review,FAC009,E0003473,Improved,No
VIS0005091,VIP0002660,Rames Yadav,9859482311,Kangti,2026-06-26,Follow-up review,FAC020,E0003476,Stable,No
VIS0005093,VIP0002661,Srilatha Devi,9691787427,Midjil,2026-02-07,Follow-up review,FAC008,E0003477,Stable,No
VIS0005096,VIP0002662,Kiran Rao,9487099608,Nomula,2026-07-27,Follow-up review,FAC018,E0003479,Needs escalation,No
VIS0005098,VIP0002663,Bhavani Basha,9086240000,Kummarikunta,2026-07-04,Follow-up review,FAC013,E0003480,Needs escalation,No
VIS0005102,VIP0002664,Kiran Chary,9672619426,Indresham,2026-03-21,Follow-up review,FAC025,E0003483,Improved,No
VIS0005104,VIP0002665,Raju Begum,+91-95356-21142,Jharasangam,2026-05-11,Follow-up review,FAC023,E0003484,Improved,No
VIS0005107,VIP0002667,Naresh Patel,9931250173,Balanagar,2026-04-14,Follow-up review,FAC006,E0003486,Stable,No
VIS0005112,VIP0002670,Anil Patel,9912239051,Kummarikunta,2026-01-26,Follow-up review,FAC014,E0003490,Needs escalation,Yes
VIS0005114,VIP0002670,Anil Patel,9912239051,Kummarikunta,2026-07-31,Follow-up review,FAC013,E0003491,Stable,Yes
VIS0005116,VIP0002671,Srinivas,9448214077,Donur,2026-08-01,Follow-up review,FAC009,E0003492,Improved,No
VIS0005118,VIP0002672,Naresh Krishna,9077817191,Polepally,2026-09-11,Follow-up review,FAC003,E0003493,Improved,No
VIS0005120,VIP0002673,Saritha Shekar,9485740661,Vemula,2026-04-08,Follow-up review,FAC009,E0003494,Needs escalation,Yes
VIS0005126,VIP0002677,Padma,9093738393,ZAHEERABAD,2026-04-06,Follow-up review,FAC023,E0003499,Improved,Yes
VIS0005128,VIP0002678,Mohan Mudeeraj,9414408228,Zaheerabad,2026-06-21,Follow-up review,FAC023,E0003500,Needs escalation,No
VIS0005131,VIP0002680,Renuka Kumar,9245691687,Nomula,2026-08-29,Follow-up review,FAC016,E0003502,Improved,No
VIS0005133,VIP0002681,Rajesh Chary,9324513780,Bodajanampet,2026-06-16,Follow-up review,FAC006,E0003503,Improved,Yes
VIS0005137,VIP0002682,Renuka Krishna,9122085144,Kallepally,2026-07-11,Follow-up review,FAC006,E0003506,Improved,No
VIS0005140,VIP0002683,Bhavani Laxman,9000201012,Badepally,2026-07-07,Follow-up review,FAC003,E0003508,Needs escalation,Yes
VIS0005142,VIP0002684,Swathi Begum,9070321759,Midjil,2026-06-17,Follow-up review,FAC007,E0003509,Stable,Yes
VIS0005144,VIP0002685,Mounika Kumar,,Kangti,2026-08-28,Follow-up review,FAC020,E0003510,Needs escalation,Yes
VIS0005146,VIP0002686,Mounika Khan,9773231491,Zaheerabad,2026-05-07,Follow-up review,FAC023,E0003511,Needs escalation,Yes
VIS0005148,VIP0002687,Vinod Begum,9740333255,Nakrekal,2026-03-17,Follow-up review,FAC017,E0003512,Needs escalation,No
VIS0005154,VIP0002692,Suresh Patel,9456811195,Rajapur,2026-06-05,Follow-up review,FAC004,E0003517,Needs escalation,No
VIS0005157,VIP0002693,Anjali Patel,9497972181,KALHER,2026-07-08,Follow-up review,FAC020,E0003519,Improved,Yes
VIS0005161,VIP0002695,Saritha Das,+91-94253-03045,Velpula,2026-06-03,Follow-up review,FAC007,E0003522,Stable,No
VIS0005165,VIP0002697,Naveen Mallaiah,+91-98232-81547,Chandur,2026-03-29,Follow-up review,FAC015,E0003525,Stable,No
VIS0005173,VIP0002702,Anitha Yadav,9965109342,Chandur,2026-07-22,Follow-up review,FAC014,E0003532,Improved,No
VIS0005178,VIP0002706,Naveen Khan,9794174726,Devarakonda,2026-03-30,Follow-up review,FAC012,E0003536,Needs escalation,No
VIS0005181,VIP0002708,Anjali Reddy,,Donur,2026-06-03,Follow-up review,FAC007,E0003538,Improved,No
VIS0005185,VIP0002711,Srilatha Begum,9866801354,Gundlapally,2026-03-27,Follow-up review,FAC010,E0003541,Needs escalation,No
VIS0005190,VIP0002714,Deepika Naik,9444905707,Devarakonda,2026-08-20,Follow-up review,FAC011,E0003545,Improved,Yes
VIS0005194,VIP0002716,Jyothi Begum,9919348454,Velpula,2026-08-04,Follow-up review,FAC009,E0003548,Stable,Yes
VIS0005198,VIP0002719,Lakshmi Yadav,9270170476,Badepally,2026-09-03,Follow-up review,FAC003,E0003551,Improved,No
VIS0005200,VIP0002720,Santosh Kumar,9410106449,Vemula,2026-08-02,Follow-up review,FAC007,E0003552,Improved,No
VIS0005205,VIP0002722,Deepika Basha,9578131320,ZAHEERABAD,2026-05-29,Follow-up review,FAC024,E0003556,Needs escalation,No
VIS0005209,VIP0002725,Mahesh Goud,9637732777,Nomula,2026-03-04,Follow-up review,FAC016,E0003559,Needs escalation,No
VIS0005213,VIP0002727,Ramesh Rao,+91-94415-05041,Nomula,2026-02-01,Follow-up review,FAC017,E0003562,Stable,No
VIS0005215,VIP0002728,Sushma Krishna,9008391076,Nakrekal,2026-07-04,Follow-up review,FAC017,E0003563,Needs escalation,No
VIS0005223,VIP0002733,Nirmala Basha,9969900837,DEVARAKONDA,2026-02-23,Follow-up review,FAC011,E0003570,Stable,No
VIS0005226,VIP0002735,Renuka Mallaiah,9952797675,Nakrekal,2026-08-23,Follow-up review,FAC017,E0003572,Needs escalation,Yes
VIS0005228,VIP0002736,Praveen Yadav,9693504870,Chandur,2026-05-19,Follow-up review,FAC014,E0003573,Needs escalation,Yes
VIS0005230,VIP0002737,Naresh Reddy,9785532634,Rajapur,2026-02-14,Follow-up review,FAC005,E0003574,Needs escalation,No
VIS0005234,VIP0002739,Kiran Krishna,9408678754,Bangarigadda,2026-07-10,Follow-up review,FAC015,E0003577,Needs escalation,No
VIS0005237,VIP0002740,Renuka Shekar,9570004573,NOMULA,2026-08-02,Follow-up review,FAC016,E0003579,Improved,Yes
VIS0005240,VIP0002742,Swathee Mudiraj,9350700964,Nakrekal,2026-04-07,Follow-up review,FAC017,E0003581,Improved,Yes
VIS0005242,VIP0002743,Raju Goud,,GANGAPUR,2026-02-08,Follow-up review,FAC002,E0003582,Needs escalation,No
VIS0005246,VIP0002746,Lakshmi Das,9930383589,Bangarigadda,2026-02-02,Follow-up review,FAC013,E0003585,Improved,No
VIS0005248,VIP0002747,Rajesh Goud,9314417711,Indresham,2026-07-19,Follow-up review,FAC026,E0003586,Needs escalation,No
VIS0005250,VIP0002748,Jyothi Chary,9708808939,Vemula,2026-06-15,Follow-up review,FAC007,E0003587,Needs escalation,Yes
VIS0005252,VIP0002749,Susma Shekar,9912328757,Marrur,2026-06-05,Follow-up review,FAC017,E0003588,Stable,No
VIS0005254,VIP0002750,Raghav Krishna,9540982927,Patancheru,2026-05-18,Follow-up review,FAC025,E0003589,Improved,No
VIS0005257,VIP0002751,Sushma,9567026534,Gangapur,2026-02-14,Follow-up review,FAC002,E0003591,Improved,No
VIS0005260,VIP0002753,Jyothee Mallaiah,9962083632,Badepally,2026-07-01,Follow-up review,FAC001,E0003593,Improved,No
VIS0005262,VIP0002754,Lakshmi Chary,9486063709,Velpula,2026-03-23,Follow-up review,FAC007,E0003594,Needs escalation,No
VIS0005265,VIP0002756,Ravi Reddy,9179596684,Balanagar,2026-05-22,Follow-up review,FAC006,E0003596,Needs escalation,No
VIS0005267,VIP0002757,Sai Yadav,,Kohir,2026-04-22,Follow-up review,FAC024,E0003597,Needs escalation,No
VIS0005270,VIP0002759,Shankar Das,9027970594,Gundlapally,2026-05-23,Follow-up review,FAC010,E0003599,Needs escalation,No
VIS0005272,VIP0002760,sankar Yadav,9035241121,Jharasangam,2026-06-10,Follow-up review,FAC023,E0003600,Needs escalation,No
VIS0005275,VIP0002761,Mohan Mallaiah,9763556361,Kummarikunta,2026-08-18,Follow-up review,FAC013,E0003602,Improved,No
VIS0005277,VIP0002762,Harika Mudiraj,9159995321,Velpula,2026-01-17,Follow-up review,FAC008,E0003603,Needs escalation,Yes
VIS0005279,VIP0002762,Harika Mudiraj,9159995621,VELPULA,2026-07-27,Follow-up review,FAC009,E0003604,Stable,No
VIS0005281,VIP0002762,Harika Mudiraj,9159995621,Velpula,2026-09-07,Follow-up review,FAC008,E0003605,Improved,No
VIS0005283,VIP0002763,Raju Shekar,+91-90296-33494,Velpula,2026-04-11,Follow-up review,FAC008,E0003606,Improved,Yes
VIS0005285,VIP0002764,Harika,9487854530,Rajapur,2026-08-07,Follow-up review,FAC006,E0003607,Needs escalation,No
VIS0005289,VIP0002767,Deepika Goud,9808564940,Zaheerabad,2026-02-08,Follow-up review,FAC023,E0003610,Improved,No
VIS0005291,VIP0002768,Srilatha Narsimha,9548418189,Macharam,2026-02-21,Follow-up review,FAC003,E0003611,Needs escalation,No
VIS0005294,VIP0002770,Anitha Krishna,9377847486,Vemul,2026-07-04,Follow-up review,FAC008,E0003613,Stable,No
VIS0005296,VIP0002771,Bhawani Reddy,9088588155,Chandur,2026-08-04,Follow-up review,FAC015,E0003614,Improved,No
VIS0005298,VIP0002772,Shobha Kumar,9104947427,Kallepally,2026-06-04,Follow-up review,FAC005,E0003615,Improved,No
VIS0005304,VIP0002775,Anil Basha,,Kalher,2026-09-01,Follow-up review,FAC019,E0003620,Needs escalation,No
VIS0005307,VIP0002776,Nirmala Khan,,Kangti,2026-06-17,Follow-up review,FAC020,E0003622,Stable,Yes
VIS0005309,VIP0002777,Praveen Narsimha,9704629243,Kangti,2026-06-09,Follow-up review,FAC021,E0003623,Improved,No
VIS0005311,VIP0002778,Ravi Begum,9473806494,Chandu,2026-03-01,Follow-up review,FAC014,E0003624,Needs escalation,Yes
VIS0005313,VIP0002779,Srilatha Jangam,9198643252,Mogudampally,2026-02-26,Follow-up review,FAC024,E0003625,Improved,No
VIS0005316,VIP0002781,Raju Das,9953128815,Kalher,2026-03-22,Follow-up review,FAC021,E0003627,Improved,No
VIS0005319,VIP0002782,Arun,+91-90049-20151,Kummarikunta,2026-08-20,Follow-up review,FAC013,E0003629,Stable,No
VIS0005322,VIP0002784,Shankar Begum,9762803291,Kummarikunta,2026-03-11,Follow-up review,FAC013,E0003631,Stable,No
VIS0005326,VIP0002787,Lakshmi Shekar,9546552811,CHANDUR,2026-01-21,Follow-up review,FAC013,E0003634,Stable,Yes
VIS0005330,VIP0002789,Laksmi Devi,9350030733,Bodajanampe,2026-03-08,Follow-up review,FAC004,E0003637,Stable,Yes
VIS0005332,VIP0002790,Anjali Basha,9301230799,BADEPALLY,2026-03-19,Follow-up review,FAC002,E0003638,Improved,No
VIS0005334,VIP0002791,Swathi Shekar,9959024121,Nomula,2026-03-21,Follow-up review,FAC018,E0003639,Improved,No
VIS0005337,VIP0002793,Mounika Narsimha,9926807654,Polepally,2026-07-23,Follow-up review,FAC001,E0003641,Improved,No
VIS0005339,VIP0002794,Padma Naik,9506694803,Midji,2026-08-31,Follow-up review,FAC009,E0003642,Needs escalation,No
VIS0005341,VIP0002795,Mohn Basha,9869513461,BANGARIGADDA,2026-04-28,Follow-up review,FAC014,E0003643,Improved,Yes
VIS0005345,VIP0002796,Mahesh Yadav,9420355556,Bhanur,2026-07-20,Follow-up review,FAC025,E0003646,Stable,No
VIS0005361,VIP0002806,Arun Chary,9428066552,Rajapur,2026-04-25,Follow-up review,FAC004,E0003661,Stable,No
VIS0005366,VIP0002808,Shobha Naik,9382368613,Jharasanga,2026-05-27,Follow-up review,FAC023,E0003665,Stable,No
VIS0005368,VIP0002808,Shobha Naik,9382368613,Jharasangam,2026-07-23,Follow-up review,FAC024,E0003666,Needs escalation,No
VIS0005371,VIP0002809,Suresh Khan,9994746281,Ameenpur,2026-05-13,Follow-up review,FAC026,E0003668,Stable,Yes
VIS0005374,VIP0002811,Kawitha Mudiraj,9868618712,Polepally,2026-03-17,Follow-up review,FAC003,E0003670,Needs escalation,Yes
VIS0005377,VIP0002812,Divya Das,+91-92083-74505,Badepally,2026-08-12,Follow-up review,FAC003,E0003672,Needs escalation,Yes
VIS0005387,VIP0002818,Vinod Kumar,9649855296,Gangapur,2026-07-30,Follow-up review,FAC001,E0003681,Improved,No
VIS0005389,VIP0002819,Raghav Basha,9432304726,Rajapur,2026-04-05,Follow-up review,FAC006,E0003682,Improved,No
VIS0005394,VIP0002823,Sai Yadav,9501440558,Bangarigadda,2026-04-01,Follow-up review,FAC013,E0003686,Improved,No
VIS0005396,VIP0002823,Sai,9501440558,Bangarigadda,2026-05-26,Follow-up review,FAC015,E0003687,Needs escalation,No
VIS0005400,VIP0002826,Bhavani Basha,9850540365,Nakrekal,2026-06-13,Follow-up review,FAC016,E0003690,Stable,Yes
VIS0005402,VIP0002827,Anitha Yadav,9296658031,Kallepally,2026-05-24,Follow-up review,FAC005,E0003691,Stable,No
VIS0005404,VIP0002828,Suresh Begum,9725840205,Devarakonda,2026-07-29,Follow-up review,FAC011,E0003692,Needs escalation,Yes
VIS0005413,VIP0002834,Harika Mallaiah,,Nomula,2026-04-04,Follow-up review,FAC017,E0003700,Stable,No
VIS0005415,VIP0002835,Ravi Kumar,+91-93613-96399,Gundlapally,2026-01-30,Follow-up review,FAC011,E0003701,Stable,No
VIS0005417,VIP0002836,Swathi Kumar,9787827773,Peddadinne,2026-07-03,Follow-up review,FAC012,E0003702,Improved,Yes
VIS0005420,VIP0002838,Renuka Begum,9577383410,Marrur,2026-03-25,Follow-up review,FAC017,E0003704,Improved,No
VIS0005426,VIP0002842,Mohan Kumar,,Nermata,2026-02-12,Follow-up review,FAC015,E0003709,Improved,Yes
VIS0005429,VIP0002843,Divya Yadav,9072217960,Bhanur,2026-05-19,Follow-up review,FAC025,E0003711,Needs escalation,Yes
VIS0005431,VIP0002844,Srilatha Khan,+91-98751-35625,Chandur,2026-07-13,Follow-up review,FAC013,E0003712,Stable,Yes
VIS0005433,VIP0002845,Srilatha Mudiraj,9306782036,Patancheru,2026-07-27,Follow-up review,FAC025,E0003713,Stable,No
VIS0005435,VIP0002846,Anjali Laxman,9754502174,Nermata,2026-06-08,Follow-up review,FAC013,E0003714,Improved,No
VIS0005437,VIP0002847,Kirn Mallaiah,9275352621,Kallepally,2026-03-01,Follow-up review,FAC004,E0003715,Stable,Yes
VIS0005443,VIP0002852,Sritha Devi,9751028573,Nakrekal,2026-03-22,Follow-up review,FAC017,E0003720,Needs escalation,No
VIS0005445,VIP0002853,Raghav Das,+91-98477-55972,Nermata,2026-09-03,Follow-up review,FAC013,E0003721,Needs escalation,Yes
VIS0005447,VIP0002854,Vinod Laxman,9145677475,KONDAMALLEPALLY,2026-05-20,Follow-up review,FAC012,E0003722,Needs escalation,No
VIS0005452,VIP0002858,Anil Reddy,9196705280,Gundlapally,2026-03-05,Follow-up review,FAC011,E0003726,Stable,No
VIS0005455,VIP0002859,Nirmala Begum,9584181325,Peddadinne,2026-04-12,Follow-up review,FAC012,E0003728,Improved,No
VIS0005461,VIP0002862,Anjali Mallaiah,9863587141,Balanagar,2026-05-14,Follow-up review,FAC004,E0003733,Stable,No
VIS0005463,VIP0002862,Anjali Mallaiah,9863587141,Balanagar,2026-05-21,Follow-up review,FAC006,E0003734,Needs escalation,No
VIS0005466,VIP0002864,nitha Devi,9301959193,Peddadinne,2026-02-15,Follow-up review,FAC012,E0003736,Needs escalation,No
VIS0005468,VIP0002865,Jyothi Laxman,9222089388,Kondamallepally,2026-03-16,Follow-up review,FAC012,E0003737,Stable,Yes
VIS0005471,VIP0002865,Jyothi Laxman,9222089388,Kondamallepally,2026-07-23,Follow-up review,FAC010,E0003739,Improved,No
VIS0005473,VIP0002866,Santosh Patel,+91-99231-12427,Zaheerabad,2026-02-02,Follow-up review,FAC022,E0003740,Stable,Yes
VIS0005475,VIP0002867,Venkatesh Yadav,9954194336,Peddadinne,2026-08-02,Follow-up review,FAC010,E0003741,Needs escalation,No
VIS0005477,VIP0002868,Ravi Patel,9196009790,Velpula,2026-04-02,Follow-up review,FAC009,E0003742,Improved,Yes
VIS0005479,VIP0002869,Mounika Jangam,9903884276,Mangalapally,2026-06-17,Follow-up review,FAC016,E0003743,Improved,Yes
VIS0005481,VIP0002870,Harika Shekar,+91-94587-60471,Macharam,2026-04-17,Follow-up review,FAC003,E0003744,Needs escalation,No
VIS0005484,VIP0002871,Raghav Laxman,9347015672,Donur,2026-08-13,Follow-up review,FAC008,E0003746,Improved,No
VIS0005486,VIP0002872,Anjali Narsimha,9023580050,Kondamallepally,2026-01-21,Follow-up review,FAC010,E0003747,Stable,No
VIS0005488,VIP0002873,Deepika Rao,9547667155,Chandur,2026-08-30,Follow-up review,FAC014,E0003748,Improved,No
VIS0005491,VIP0002875,Shankar Mudiraj,9010315418,Bangarigadda,2026-04-23,Follow-up review,FAC015,E0003750,Stable,No
VIS0005495,VIP0002877,Lakshmi Khan,9797843406,Jharasangam,2026-08-31,Follow-up review,FAC023,E0003753,Needs escalation,Yes
VIS0005498,VIP0002879,Deepika Laxman,9801205985,Kallepally,2026-08-26,Follow-up review,FAC005,E0003755,Improved,No
VIS0005500,VIP0002880,Swathi Mallaiah,9192620505,Balanagar,2026-03-31,Follow-up review,FAC005,E0003756,Needs escalation,Yes
VIS0005503,VIP0002882,Kiran Kumar,9249168765,Donur,2026-08-01,Follow-up review,FAC008,E0003758,Stable,Yes
VIS0005505,VIP0002883,Srinivas Rao,9452473297,Bodajanampet,2026-05-09,Follow-up review,FAC006,E0003759,Improved,No
VIS0005510,VIP0002886,Rani Begum,9280674104,Donur,2026-08-11,Follow-up review,FAC007,E0003763,Needs escalation,No
VIS0005514,VIP0002889,Praveen Goud,9343942214,VEMULA,2026-04-19,Follow-up review,FAC007,E0003766,Stable,No
VIS0005516,VIP0002890,Anil Rao,9702698933,Chandur,2026-05-26,Follow-up review,FAC015,E0003767,Needs escalation,No
VIS0005518,VIP0002891,Suresh Mudiraj,+91-92709-51129,GANGAPUR,2026-06-22,Follow-up review,FAC003,E0003768,Needs escalation,No
VIS0005520,VIP0002891,Suresh Mudiraj,,Gangapur,2026-08-19,Follow-up review,FAC001,E0003769,Improved,No
VIS0005522,VIP0002892,Naveen Narsimha,9660345090,Kummarikunta,2026-07-07,Follow-up review,FAC013,E0003770,Needs escalation,Yes
VIS0005524,VIP0002893,Mohan Jangam,9819686266,Velpula,2026-08-08,Follow-up review,FAC009,E0003771,Needs escalation,Yes
VIS0005528,VIP0002895,Anil Naik,9067446628,KONDAMALLEPALLY,2026-08-02,Follow-up review,FAC010,E0003774,Stable,No
VIS0005531,VIP0002897,Srinivas Das,9992525601,Bangarigadda,2026-07-03,Follow-up review,FAC015,E0003776,Needs escalation,No
VIS0005533,VIP0002897,Srinivas Das,9992525601,Bangarigadda,2026-08-10,Follow-up review,FAC015,E0003777,Stable,Yes
VIS0005537,VIP0002899,Deepika Yadav,,Kummarikunta,2026-08-01,Follow-up review,FAC015,E0003780,Improved,No
VIS0005539,VIP0002900,Anjali Chary,9485258317,CHANDUR,2026-03-05,Follow-up review,FAC013,E0003781,Needs escalation,No
VIS0005542,VIP0002901,Rajesh Kumar,9384490392,Bhanur,2026-02-09,Follow-up review,FAC025,E0003783,Needs escalation,No
VIS0005545,VIP0002903,Mounika Khan,9688056746,Ameenpur,2026-08-18,Follow-up review,FAC025,E0003785,Stable,No
VIS0005549,VIP0002906,Santosh Mudiraj,,Nomula,2026-08-10,Follow-up review,FAC016,E0003788,Improved,No
VIS0005551,VIP0002907,Shankar Basha,9290488474,Velpula,2026-04-13,Follow-up review,FAC008,E0003789,Needs escalation,Yes
VIS0005553,VIP0002908,Saritha Yadav,9477774933,KOHIR,2026-07-18,Follow-up review,FAC022,E0003790,Stable,No
VIS0005555,VIP0002908,Saritha Yadav,9477774933,KOHIR,2026-09-13,Follow-up review,FAC023,E0003791,Needs escalation,No
VIS0005557,VIP0002909,Nirmala,9630651591,Kalher,2026-01-17,Follow-up review,FAC019,E0003792,Needs escalation,No
VIS0005559,VIP0002910,Arun Narsimha,9333580336,Vemula,2026-03-18,Follow-up review,FAC009,E0003793,Needs escalation,No
VIS0005561,VIP0002911,Lalitha Yadav,9086914955,NOMULA,2026-06-25,Follow-up review,FAC017,E0003794,Needs escalation,No
VIS0005564,VIP0002913,Praween Kumar,9272916678,MACHARAM,2026-07-01,Follow-up review,FAC002,E0003796,Stable,No
VIS0005566,VIP0002914,Raghav Chary,9188224827,Marrur,2026-08-07,Follow-up review,FAC017,E0003797,Needs escalation,No
VIS0005572,VIP0002919,Srilatha Basha,9509937648,Nakrekal,2026-02-05,Follow-up review,FAC018,E0003802,Needs escalation,No
VIS0005576,VIP0002922,Bhavani,,Vemula,2026-08-03,Follow-up review,FAC008,E0003805,Needs escalation,No
VIS0005580,VIP0002925,Vinod Krishna,9691886176,NOMULA,2026-07-11,Follow-up review,FAC017,E0003808,Stable,Yes
VIS0005584,VIP0002928,Lakshmi Das,9102779083,Polepally,2026-02-02,Follow-up review,FAC002,E0003811,Needs escalation,Yes
VIS0005586,VIP0002929,Lakshmi Kumar,9356498898,Kohir,2026-08-14,Follow-up review,FAC024,E0003812,Needs escalation,No
VIS0005589,VIP0002931,Naveen Naik,9221049631,Polepally,2026-05-12,Follow-up review,FAC002,E0003814,Improved,Yes
VIS0005595,VIP0002935,Praveen Laxman,9469658958,Rajapu,2026-08-09,Follow-up review,FAC005,E0003819,Needs escalation,No
VIS0005597,VIP0002936,Rajesh Yadav,9456443591,Polepally,2026-06-01,Follow-up review,FAC001,E0003820,Stable,Yes
VIS0005599,VIP0002937,Rani Mallaiah,9186578174,Jharasangam,2026-02-14,Follow-up review,FAC024,E0003821,Stable,No
VIS0005601,VIP0002937,Rani Mallaiah,9186578174,Jharasangam,2026-04-05,Follow-up review,FAC024,E0003822,Stable,No
VIS0005603,VIP0002937,Rani Mallaiah,+91-91865-78174,Jharasangam,2026-06-09,Follow-up review,FAC024,E0003823,Needs escalation,No
VIS0005606,VIP0002939,Srinivas Kumar,9452454766,Bangarigadda,2026-08-11,Follow-up review,FAC015,E0003825,Needs escalation,Yes
VIS0005608,VIP0002940,Kavitha Reddy,9529664468,Kangti,2026-03-02,Follow-up review,FAC019,E0003826,Improved,No
VIS0005611,VIP0002941,Harika Krishna,9417124556,Badepally,2026-03-28,Follow-up review,FAC002,E0003828,Stable,No
VIS0005614,VIP0002942,Rajesh Yadav,9884563261,Nermata,2026-03-11,Follow-up review,FAC014,E0003830,Needs escalation,No
VIS0005616,VIP0002942,Rajesh Yadaw,9884563261,Nermata,2026-03-28,Follow-up review,FAC015,E0003831,Stable,No
VIS0005620,VIP0002945,Rajesh Laxman,9771465286,Peddadinne,2026-03-15,Follow-up review,FAC012,E0003834,Stable,No
VIS0005623,VIP0002946,Naveen Naik,+91-94971-19645,Narayankhed,2026-03-07,Follow-up review,FAC019,E0003836,Needs escalation,Yes
VIS0005625,VIP0002947,Ravi Basha,9190570345,Polepally,2026-01-27,Follow-up review,FAC001,E0003837,Needs escalation,No
VIS0005629,VIP0002949,Mohan Kumar,9825745585,Rajapur,2026-03-04,Follow-up review,FAC004,E0003840,Stable,No
VIS0005632,VIP0002949,Mohan Kumar,9825745585,Rajapur,2026-08-31,Follow-up review,FAC004,E0003842,Needs escalation,Yes
VIS0005634,VIP0002950,Swthi Devi,9507879357,Bodajanampet,2026-07-04,Follow-up review,FAC006,E0003843,Improved,No
VIS0005636,VIP0002951,Suresh Mudiraj,9419876602,Balanagar,2026-03-03,Follow-up review,FAC004,E0003844,Needs escalation,No
VIS0005638,VIP0002952,Shobha Mallaiah,9955258019,Balanagar,2026-02-08,Follow-up review,FAC006,E0003845,Improved,No
VIS0005642,VIP0002954,Srinivas Basha,9359010069,Kohir,2026-06-29,Follow-up review,FAC023,E0003848,Improved,No
VIS0005646,VIP0002956,Mahesh Kumar,9890823751,Vemula,2026-07-31,Follow-up review,FAC008,E0003851,Improved,No
VIS0005649,VIP0002958,Santosh Shekar,9182234483,Zaheerabad,2026-04-01,Follow-up review,FAC023,E0003853,Needs escalation,No
VIS0005651,VIP0002959,Harika Jangam,9025773326,Bhanur,2026-07-19,Follow-up review,FAC026,E0003854,Needs escalation,No
VIS0005653,VIP0002959,Harika Jangam,9025773326,Bhanur,2026-09-18,Follow-up review,FAC026,E0003855,Improved,No
VIS0005655,VIP0002960,Lakshmi Reddy,9221863562,Bangarigadda,2026-07-06,Follow-up review,FAC014,E0003856,Stable,No
VIS0005657,VIP0002960,Lakshmi Reddy,9221863562,Bangarigadda,2026-07-31,Follow-up review,FAC015,E0003857,Needs escalation,Yes
VIS0005659,VIP0002961,Naveen Begum,9412185334,Kalher,2026-07-21,Follow-up review,FAC019,E0003858,Stable,No
VIS0005661,VIP0002962,Ramesh Jangam,9532268141,Gangapur,2026-07-23,Follow-up review,FAC003,E0003859,Improved,No
VIS0005665,VIP0002964,Srilatha Jangam,9518310457,Marrur,2026-03-24,Follow-up review,FAC016,E0003862,Improved,Yes
VIS0005667,VIP0002965,Lakshmi Basha,9786083231,Kohir,2026-05-06,Follow-up review,FAC022,E0003863,Stable,No
VIS0005669,VIP0002965,Lakshmi Basha,9786083631,Kohir,2026-06-24,Follow-up review,FAC022,E0003864,Stable,No
VIS0005672,VIP0002967,Harika Naik,9702051485,BANGARIGADDA,2026-06-20,Follow-up review,FAC014,E0003866,Needs escalation,No
VIS0005675,VIP0002968,Arun Mallaiah,9062484242,Jharasangam,2026-02-16,Follow-up review,FAC023,E0003868,Improved,No
VIS0005677,VIP0002969,Mounika Devi,9912292699,Midjil,2026-05-05,Follow-up review,FAC007,E0003869,Needs escalation,No
VIS0005680,VIP0002970,Divya Yadav,9470981657,Kohir,2026-07-29,Follow-up review,FAC024,E0003871,Improved,Yes
VIS0005682,VIP0002971,Arun Jangam,9509567752,Narayankhed,2026-03-02,Follow-up review,FAC019,E0003872,Stable,Yes
VIS0005686,VIP0002973,Mahesh Devi,9268319311,Ameenpur,2026-06-11,Follow-up review,FAC026,E0003875,Improved,No
VIS0005688,VIP0002974,Rajesh Jangam,9991810797,Kohir,2026-08-03,Follow-up review,FAC023,E0003876,Stable,No
VIS0005690,VIP0002975,Raju Laxman,+91-92040-28601,Bangarigadda,2026-08-07,Follow-up review,FAC014,E0003877,Stable,No
VIS0005693,VIP0002976,Kiran Devi,9604147892,Nermata,2026-08-04,Follow-up review,FAC013,E0003879,Stable,No
VIS0005698,VIP0002979,Lakshmi Laxman,9678943042,Narayankhed,2026-06-29,Follow-up review,FAC020,E0003883,Stable,Yes
VIS0005704,VIP0002982,Ravi Reddy,9551630939,Chandur,2026-03-27,Follow-up review,FAC015,E0003888,Improved,No
VIS0005707,VIP0002984,Anitha Yadav,+91-99650-35311,Velpula,2026-01-28,Follow-up review,FAC009,E0003890,Needs escalation,Yes
VIS0005711,VIP0002987,Suresh Begum,9414468441,Kangti,2026-03-20,Follow-up review,FAC020,E0003893,Improved,No
VIS0005715,VIP0002990,Arun Reddy,9194112619,Kangt,2026-09-19,Follow-up review,FAC020,E0003896,Stable,Yes
VIS0005720,VIP0002994,Swathi Narsimha,9322344162,Gundlapally,2026-06-19,Follow-up review,FAC012,E0003900,Improved,No
VIS0005722,VIP0002995,Srilatha Laxman,+91-92806-13467,Kallepally,2026-07-25,Follow-up review,FAC006,E0003901,Improved,No
VIS0005725,VIP0002997,Harika Kumar,9941244383,Balanagar,2026-01-26,Follow-up review,FAC006,E0003903,Improved,No
VIS0005727,VIP0002997,Harika Kumar,9941244383,Balanagar,2026-04-05,Follow-up review,FAC006,E0003904,Stable,No
VIS0005729,VIP0002998,Bhavani Patel,,Bhanur,2026-06-20,Follow-up review,FAC025,E0003905,Stable,No
VIS0005731,VIP0002999,Mahesh Shekar,+91-99035-42344,Zaheerabad,2026-07-25,Follow-up review,FAC024,E0003906,Needs escalation,Yes
VIS0005733,VIP0003000,Sushma Basha,9898083071,Indresham,2026-08-07,Follow-up review,FAC025,E0003907,Stable,Yes
VIS0005735,VIP0003001,Anjali Narsimha,+91-91728-16392,NARAYANKHED,2026-08-12,Follow-up review,FAC020,E0003908,Needs escalation,No
VIS0005737,VIP0003002,Rani Goud,9146367114,Kalher,2026-03-04,Follow-up review,FAC019,E0003909,Stable,No
VIS0005739,VIP0003003,Santosh Reddy,9819404647,Rajapur,2026-04-27,Follow-up review,FAC006,E0003910,Improved,No
VIS0005741,VIP0003004,Anitha Laxman,9891959313,Mogudampally,2026-02-15,Follow-up review,FAC024,E0003911,Needs escalation,Yes
VIS0005744,VIP0003006,Divya Yadav,9494934690,Indresham,2026-04-04,Follow-up review,FAC025,E0003913,Needs escalation,Yes
VIS0005746,VIP0003006,Divya Yadav,9494934690,Indresham,2026-06-23,Follow-up review,FAC027,E0003914,Needs escalation,No
VIS0005750,VIP0003008,Rajesh Laxman,9147096912,PEDDADINNE,2026-05-07,Follow-up review,FAC010,E0003917,Improved,Yes
VIS0005752,VIP0003009,Kiran Krishna,9303016489,Mogudampally,2026-06-28,Follow-up review,FAC022,E0003918,Improved,No
VIS0005754,VIP0003010,Harika Kumar,9475782099,Gundlapally,2026-04-26,Follow-up review,FAC011,E0003919,Needs escalation,Yes
VIS0005756,VIP0003010,Harika Kumar,9475789099,Gundlapally,2026-06-10,Follow-up review,FAC011,E0003920,Needs escalation,No
VIS0005758,VIP0003011,Srilatha Narsimha,9617246373,Rajapur,2026-05-22,Follow-up review,FAC006,E0003921,Stable,No
VIS0005763,VIP0003013,Divya Reddy,9014806737,Patancheru,2026-04-17,Follow-up review,FAC025,E0003925,Improved,Yes
VIS0005767,VIP0003015,Raghav Rao,9326046964,Gangapur,2026-03-06,Follow-up review,FAC002,E0003928,Improved,No
VIS0005770,VIP0003016,Harika Yadav,9963918487,Badepall,2026-08-15,Follow-up review,FAC002,E0003930,Improved,No
VIS0005773,VIP0003018,Mohan Begum,+91-95791-46943,Kondamallepally,2026-07-09,Follow-up review,FAC010,E0003932,Needs escalation,No
VIS0005778,VIP0003021,Anitha Patel,9887742168,Nermat,2026-02-11,Follow-up review,FAC015,E0003936,Needs escalation,No
VIS0005781,VIP0003022,Kiran Kumar,9197164000,Mogudampalli,2026-07-31,Follow-up review,FAC024,E0003938,Needs escalation,No
VIS0005789,VIP0003028,Jyothi Patel,9736999579,Marrur,2026-05-20,Follow-up review,FAC016,E0003945,Improved,Yes
VIS0005793,VIP0003030,Raju Begum,9149102191,Polepally,2026-07-16,Follow-up review,FAC002,E0003948,Improved,No
VIS0005798,VIP0003033,Saritha Begum,9000743763,Narayankhe,2026-02-26,Follow-up review,FAC019,E0003952,Needs escalation,Yes
VIS0005802,VIP0003035,Saritha Devi,9443067818,Chandur,2026-04-30,Follow-up review,FAC013,E0003955,Stable,Yes
VIS0005804,VIP0003036,Srilatha Kumar,9422496309,Patancheru,2026-06-19,Follow-up review,FAC026,E0003956,Needs escalation,Yes
VIS0005807,VIP0003037,Naveen Patel,,Midjil,2026-08-11,Follow-up review,FAC009,E0003958,Improved,Yes
VIS0005811,VIP0003039,Santos Devi,9155005938,Kangti,2026-05-23,Follow-up review,FAC019,E0003961,Stable,No
VIS0005815,VIP0003041,Raghav Narsimha,9252878355,Balanagar,2026-08-21,Follow-up review,FAC006,E0003964,Improved,Yes
VIS0005817,VIP0003042,Raju Shekar,9889869438,Velpula,2026-08-17,Follow-up review,FAC008,E0003965,Stable,No
VIS0005819,VIP0003043,Divya Das,9038444421,Gundlapall,2026-06-10,Follow-up review,FAC012,E0003966,Improved,No
VIS0005825,VIP0003048,Mounika Mudiraj,9197710245,Bodajanampet,2026-07-14,Follow-up review,FAC006,E0003971,Improved,No
VIS0005828,VIP0003050,Deepika,9564294457,Badepally,2026-07-08,Follow-up review,FAC003,E0003973,Stable,No
VIS0005830,VIP0003050,Deepika Reddy,,Badepally,2026-09-09,Follow-up review,FAC003,E0003974,Stable,No
VIS0005833,VIP0003052,Kavitha Rao,+91-96082-36639,Rajapur,2026-04-04,Follow-up review,FAC004,E0003976,Improved,No
VIS0005836,VIP0003053,Arun Rao,9459139565,Narayankhe,2026-06-08,Follow-up review,FAC021,E0003978,Improved,Yes
VIS0005838,VIP0003054,Vinod Narsimha,9672172399,Gundlapally,2026-04-30,Follow-up review,FAC011,E0003979,Improved,No
VIS0005840,VIP0003054,Vinod Narsimha,9672177399,Gundlapally,2026-06-13,Follow-up review,FAC011,E0003980,Needs escalation,Yes
VIS0005842,VIP0003055,Anjali Mudiraj,9236760691,Balanagar,2026-07-09,Follow-up review,FAC006,E0003981,Improved,Yes
VIS0005846,VIP0003058,Shankar Yadav,9735548167,Nomula,2026-08-29,Follow-up review,FAC016,E0003984,Stable,No
VIS0005848,VIP0003059,Suresh Goud,9717101300,Macharam,2026-06-26,Follow-up review,FAC003,E0003985,Improved,Yes
VIS0005855,VIP0003063,Saritha Laxman,9678080865,Velpula,2026-03-21,Follow-up review,FAC008,E0003991,Improved,No
VIS0005858,VIP0003064,Saritha Rao,+91-91680-76336,Badepall,2026-02-06,Follow-up review,FAC003,E0003993,Needs escalation,Yes
VIS0005860,VIP0003064,Saritha Rao,9168076336,Badepally,2026-02-09,Follow-up review,FAC002,E0003994,Needs escalation,No
VIS0005862,VIP0003065,Srinivas Narsimha,9546259815,Zaheerabad,2026-05-22,Follow-up review,FAC023,E0003995,Stable,Yes
VIS0005866,VIP0003068,Shankar Chary,9347203000,Badepally,2026-06-23,Follow-up review,FAC003,E0003998,Needs escalation,No
VIS0005872,VIP0003073,Lakshmi Rao,+91-96471-26093,Peddadinne,2026-06-19,Follow-up review,FAC011,E0004003,Stable,No
VIS0005874,VIP0003073,Lakshmi Rao,9647126093,Peddadinne,2026-08-03,Follow-up review,FAC012,E0004004,Improved,Yes
VIS0005877,VIP0003074,Saritha Das,9942558011,Rajapur,2026-08-11,Follow-up review,FAC004,E0004006,Needs escalation,No
VIS0005880,VIP0003076,Naveen Goud,+91-95550-40192,Ameenpur,2026-04-30,Follow-up review,FAC025,E0004008,Needs escalation,No
VIS0005883,VIP0003077,Bhavani Rao,+91-90334-86724,Chandur,2026-07-13,Follow-up review,FAC013,E0004010,Stable,Yes
VIS0005889,VIP0003082,Bhavani Chary,9249944468,Mogudampally,2026-08-27,Follow-up review,FAC024,E0004015,Improved,Yes
VIS0005891,VIP0003083,Kavitha Narsimha,9739396566,Nakrekal,2026-06-19,Follow-up review,FAC016,E0004016,Needs escalation,No
VIS0005896,VIP0003085,Anitha Mallaiah,9188980923,Bangarigadda,2026-08-19,Follow-up review,FAC013,E0004020,Needs escalation,No
VIS0005900,VIP0003087,Kavitha Kumar,9487443716,Polepally,2026-02-17,Follow-up review,FAC001,E0004023,Improved,Yes
VIS0005904,VIP0003090,Suresh Goud,9523595012,Nomul,2026-01-21,Follow-up review,FAC018,E0004026,Needs escalation,No
VIS0005908,VIP0003092,Sushma Yadav,9761939946,Marrur,2026-02-12,Follow-up review,FAC017,E0004029,Stable,Yes
VIS0005910,VIP0003092,Sushma Yadav,9761939946,Marrur,2026-02-12,Follow-up review,FAC017,E0004030,Improved,No
VIS0005912,VIP0003092,Sushma Yadav,9761939946,Marrur,2026-03-29,Follow-up review,FAC018,E0004031,Stable,No
VIS0005916,VIP0003095,Mohan Krishna,9505982323,Kondamallepally,2026-04-08,Follow-up review,FAC012,E0004034,Improved,No
VIS0005919,VIP0003097,Rani Krishna,,Manoor,2026-08-03,Follow-up review,FAC019,E0004036,Improved,No
VIS0005922,VIP0003099,Mahesh Naik,+91-95804-78942,Bhanur,2026-01-28,Follow-up review,FAC026,E0004038,Needs escalation,No
VIS0005927,VIP0003102,Swathi Mallaiah,9057833432,Kummarikunta,2026-09-13,Follow-up review,FAC014,E0004042,Stable,Yes
VIS0005929,VIP0003103,Srilatha Chary,9116065762,Donur,2026-07-15,Follow-up review,FAC007,E0004043,Needs escalation,Yes
VIS0005933,VIP0003105,Nirmala Yadav,9568592262,Zaheerabad,2026-03-17,Follow-up review,FAC023,E0004046,Needs escalation,No
VIS0005939,VIP0003108,Anitha,,Narayankhed,2026-06-20,Follow-up review,FAC020,E0004051,Improved,Yes
VIS0005943,VIP0003110,Divya Narsimha,9577474230,Balanagar,2026-07-17,Follow-up review,FAC004,E0004054,Needs escalation,No
VIS0005947,VIP0003113,Nirmala Khan,9243432663,Mogudampally,2026-05-12,Follow-up review,FAC024,E0004057,Needs escalation,No
VIS0005949,VIP0003114,Mohan Begum,9386980747,Kangti,2026-07-09,Follow-up review,FAC021,E0004058,Stable,No
VIS0005954,VIP0003117,Divya,9746645280,Marru,2026-03-23,Follow-up review,FAC017,E0004062,Needs escalation,No
VIS0005957,VIP0003119,Sushma Naik,9680353714,Kalher,2026-01-27,Follow-up review,FAC021,E0004064,Needs escalation,Yes
VIS0005959,VIP0003119,Sushma Naik,9680353714,Kalher,2026-05-31,Follow-up review,FAC019,E0004065,Stable,No
VIS0005962,VIP0003121,Rni Jangam,9538787087,Kummarikunta,2026-07-20,Follow-up review,FAC013,E0004067,Improved,No
VIS0005964,VIP0003122,Sushma Kumar,9420598098,Gangapur,2026-03-14,Follow-up review,FAC002,E0004068,Stable,Yes
VIS0005967,VIP0003124,Naveen Kumar,9412244258,Jharasangam,2026-07-06,Follow-up review,FAC023,E0004070,Needs escalation,No
VIS0005970,VIP0003126,Pravin Reddy,9240258292,Narayankhed,2026-03-20,Follow-up review,FAC020,E0004072,Stable,No
VIS0005973,VIP0003128,Anjali Laxman,9045083465,Jharasangam,2026-09-19,Follow-up review,FAC022,E0004074,Stable,No
VIS0005975,VIP0003129,Harika Mudiraj,9691944158,Rajapur,2026-07-09,Follow-up review,FAC005,E0004075,Stable,No
VIS0005980,VIP0003130,Praveen Laxman,9633419399,Mangalapally,2026-08-08,Follow-up review,FAC018,E0004079,Needs escalation,Yes
VIS0005984,VIP0003133,Vinod Shekar,9024564479,Patancheru,2026-01-26,Follow-up review,FAC026,E0004082,Needs escalation,No
VIS0005987,VIP0003134,Kavitha Kumar,+91-94252-84706,Bhanur,2026-03-05,Follow-up review,FAC026,E0004084,Needs escalation,No
VIS0005989,VIP0003134,Kavitha Kumar,9425284706,Bhanur,2026-07-26,Follow-up review,FAC026,E0004085,Stable,Yes
VIS0005991,VIP0003135,Rajesh Devi,9187155000,Macharam,2026-07-30,Follow-up review,FAC003,E0004086,Stable,Yes
VIS0005998,VIP0003139,Ravi Patel,9460215346,Bhanur,2026-07-07,Follow-up review,FAC026,E0004092,Needs escalation,No
VIS0006001,VIP0003141,Praveen Rao,9360501849,Midjil,2026-06-17,Follow-up review,FAC009,E0004094,Needs escalation,Yes
VIS0006005,VIP0003142,Renuka Laxman,+91-93682-98459,Patancheru,2026-06-21,Follow-up review,FAC026,E0004097,Improved,Yes
VIS0006009,VIP0003144,Bhavani Begum,9197010349,Manoor,2026-05-08,Follow-up review,FAC021,E0004100,Improved,No
VIS0006013,VIP0003146,Srilatha Khan,9671036697,Bodajanampet,2026-06-27,Follow-up review,FAC006,E0004103,Needs escalation,No
VIS0006017,VIP0003148,Lakshmi Naik,9612701716,Chandur,2026-04-21,Follow-up review,FAC015,E0004106,Stable,No
VIS0006019,VIP0003148,Lakshmi Naik,9612701716,Chandur,2026-06-10,Follow-up review,FAC014,E0004107,Needs escalation,No
VIS0006025,VIP0003151,Ramesh Rao,9879901797,Rajapu,2026-01-25,Follow-up review,FAC006,E0004112,Improved,Yes
VIS0006028,VIP0003153,Santosh,9715815042,Gundlapally,2026-07-04,Follow-up review,FAC010,E0004114,Needs escalation,No
VIS0006032,VIP0003156,Shobha Shekar,+91-92735-44600,Devarakonda,2026-06-03,Follow-up review,FAC011,E0004117,Improved,No
VIS0006036,VIP0003158,Anitha Begum,+91-92340-06706,Ameenpur,2026-09-06,Follow-up review,FAC025,E0004120,Improved,No
VIS0006043,VIP0003163,Sushma Rao,9123044399,Kondamallepally,2026-05-12,Follow-up review,FAC012,E0004126,Stable,No
VIS0006047,VIP0003166,Ravi Mudiraj,9767316429,Indresham,2026-06-01,Follow-up review,FAC027,E0004129,Stable,Yes
VIS0006049,VIP0003166,Ravi Mudiraj,9767316429,Indresham,2026-07-04,Follow-up review,FAC027,E0004130,Improved,No
VIS0006053,VIP0003168,Deepika Devi,9453571170,Peddadinne,2026-05-14,Follow-up review,FAC010,E0004133,Needs escalation,Yes
VIS0006055,VIP0003169,Mahesh Goud,9030477639,Badepally,2026-02-26,Follow-up review,FAC002,E0004134,Needs escalation,Yes
VIS0006059,VIP0003171,Anjali,9842022814,Vemula,2026-03-03,Follow-up review,FAC009,E0004137,Improved,No
VIS0006064,VIP0003174,Suresh Laxman,9373078255,Kalher,2026-07-04,Follow-up review,FAC021,E0004141,Improved,Yes
VIS0006067,VIP0003176,Jyothi Khan,9957322966,Kallepally,2026-08-25,Follow-up review,FAC004,E0004143,Stable,Yes
VIS0006069,VIP0003177,Lalitha Chary,9485331469,Midji,2026-03-28,Follow-up review,FAC008,E0004144,Improved,No
VIS0006071,VIP0003178,Lakshmi Yadav,9220906721,Mogudampally,2026-07-09,Follow-up review,FAC023,E0004145,Improved,No
VIS0006075,VIP0003180,Jyothi Krishna,+91-94376-79655,Badepall,2026-05-07,Follow-up review,FAC002,E0004148,Needs escalation,No
VIS0006079,VIP0003182,Vinod Kumar,9368943860,Peddadinne,2026-07-29,Follow-up review,FAC012,E0004151,Stable,No
VIS0006081,VIP0003182,Vinod Kumar,+91-93689-43860,Peddadinne,2026-08-26,Follow-up review,FAC010,E0004152,Improved,No
VIS0006083,VIP0003183,Saritha Krishna,9229487353,Bodajanampet,2026-05-18,Follow-up review,FAC005,E0004153,Needs escalation,No
VIS0006085,VIP0003184,Anil Krishna,9106285709,Patancheru,2026-03-24,Follow-up review,FAC026,E0004154,Needs escalation,No
VIS0006089,VIP0003186,Srinivas Reddy,9377631098,Bhanur,2026-03-11,Follow-up review,FAC026,E0004157,Stable,Yes
VIS0006091,VIP0003187,Bhavani Rao,+91-90868-30607,Ameenpur,2026-05-27,Follow-up review,FAC027,E0004158,Stable,No
VIS0006093,VIP0003188,Mohan Devi,9733681652,Velpula,2026-01-29,Follow-up review,FAC008,E0004159,Stable,No
VIS0006097,VIP0003190,Mounika Begum,9568671156,Nomula,2026-02-15,Follow-up review,FAC017,E0004162,Improved,No
VIS0006101,VIP0003192,Kiran Laxman,,Velpula,2026-07-05,Follow-up review,FAC007,E0004165,Improved,No
VIS0006108,VIP0003196,Anjali Basha,+91-94021-44775,Ameenpur,2026-08-14,Follow-up review,FAC025,E0004171,Improved,No
VIS0006110,VIP0003197,Srinivas Begum,9070860472,Velpula,2026-07-25,Follow-up review,FAC008,E0004172,Improved,No
VIS0006112,VIP0003198,Harika Mudiraj,9270143647,Nomula,2026-04-04,Follow-up review,FAC016,E0004173,Needs escalation,Yes
VIS0006114,VIP0003198,Harika Mudiraj,9270143647,Nomula,2026-07-14,Follow-up review,FAC018,E0004174,Improved,No
VIS0006116,VIP0003199,Sai Narsimha,9780542365,Patancheru,2026-05-23,Follow-up review,FAC026,E0004175,Improved,No
VIS0006118,VIP0003199,Sai Narsimha,9780542365,PATANCHERU,2026-07-18,Follow-up review,FAC025,E0004176,Needs escalation,No
VIS0006120,VIP0003200,Lalitha Goud,+91-98394-35722,Narayankhed,2026-01-31,Follow-up review,FAC021,E0004177,Needs escalation,No
VIS0006125,VIP0003203,Mahesh Khan,9379672719,Nomula,2026-06-21,Follow-up review,FAC016,E0004181,Needs escalation,Yes
VIS0006130,VIP0003205,Mahesh Devi,9870167270,Nermata,2026-04-01,Follow-up review,FAC013,E0004185,Stable,Yes
VIS0006133,VIP0003206,Kavitha Goud,9218830086,Kangti,2026-04-12,Follow-up review,FAC019,E0004187,Stable,No
VIS0006135,VIP0003207,Anil Laxman,9831553747,Patancheru,2026-05-14,Follow-up review,FAC025,E0004188,Stable,No
VIS0006138,VIP0003209,Deepika Begum,,GUNDLAPALLY,2026-01-23,Follow-up review,FAC011,E0004190,Stable,Yes
VIS0006142,VIP0003212,Kawitha Kumar,+91-95124-77092,Mogudampally,2026-06-26,Follow-up review,FAC024,E0004193,Improved,No
VIS0006145,VIP0003213,Sai Mudiraj,9242317111,Kohir,2026-05-25,Follow-up review,FAC022,E0004195,Needs escalation,No
VIS0006147,VIP0003214,Lakshmi Begum,+91-90015-72246,Kohir,2026-06-09,Follow-up review,FAC024,E0004196,Needs escalation,No
VIS0006149,VIP0003214,Lakshmi Begum,9001572246,Kohir,2026-08-04,Follow-up review,FAC024,E0004197,Needs escalation,No
VIS0006152,VIP0003216,Sai Reddy,9350651486,Velpula,2026-07-29,Follow-up review,FAC007,E0004199,Needs escalation,No
VIS0006156,VIP0003219,Arun Reddy,9683695001,Rajapur,2026-01-27,Follow-up review,FAC006,E0004202,Needs escalation,No
VIS0006162,VIP0003223,Padma Das,9046387130,Jharasangam,2026-09-08,Follow-up review,FAC022,E0004207,Needs escalation,No
VIS0006169,VIP0003229,Naresh Das,9263636709,Gangapur,2026-08-12,Follow-up review,FAC002,E0004213,Stable,No
VIS0006171,VIP0003229,Naresh Das,9263636709,Gangapur,2026-09-09,Follow-up review,FAC002,E0004214,Stable,No
VIS0006173,VIP0003230,Venkatesh Das,9751305370,Mangalapally,2026-04-14,Follow-up review,FAC017,E0004215,Improved,No
VIS0006182,VIP0003235,Swathi Reddy,+91-90937-92131,Donur,2026-05-30,Follow-up review,FAC008,E0004223,Stable,No
VIS0006184,VIP0003236,Mahesh Jangam,9111777801,Kummarikunta,2026-06-15,Follow-up review,FAC014,E0004224,Stable,No
VIS0006186,VIP0003237,Mounika Narsimha,,Kalher,2026-06-27,Follow-up review,FAC020,E0004225,Needs escalation,Yes
VIS0006189,VIP0003238,Naveen Chary,9140464239,Manoor,2026-08-24,Follow-up review,FAC019,E0004227,Stable,No
VIS0006192,VIP0003240,Ravi Naik,9284180873,Manoor,2026-02-21,Follow-up review,FAC020,E0004229,Improved,No
VIS0006195,VIP0003242,Arun Devi,9197081212,Marrur,2026-05-10,Follow-up review,FAC018,E0004231,Stable,Yes
VIS0006207,VIP0003250,Raju Devi,9815627436,Kondamallepally,2026-09-02,Follow-up review,FAC012,E0004242,Needs escalation,No
VIS0006213,VIP0003255,Lakshmi Begum,9765643440,Jharasangam,2026-07-19,Follow-up review,FAC022,E0004247,Improved,No
VIS0006215,VIP0003255,Lakshmi Begum,9765643440,Jharasangam,2026-08-06,Follow-up review,FAC024,E0004248,Stable,No
VIS0006218,VIP0003256,Divya Laxman,9547622932,Macharam,2026-03-23,Follow-up review,FAC001,E0004250,Needs escalation,No
VIS0006221,VIP0003258,Rani Kumar,+91-93556-18410,KANGTI,2026-06-26,Follow-up review,FAC019,E0004252,Needs escalation,No
VIS0006224,VIP0003259,Arun Khan,9964243804,Kummarikunta,2026-07-09,Follow-up review,FAC013,E0004254,Stable,No
VIS0006228,VIP0003261,Sushma Rao,9261772045,Mogudampally,2026-03-21,Follow-up review,FAC024,E0004257,Needs escalation,No
VIS0006231,VIP0003263,Kvitha Krishna,9354460084,Kohir,2026-06-20,Follow-up review,FAC022,E0004259,Improved,No
VIS0006235,VIP0003266,Praveen Krishna,9641752992,Midjil,2026-07-10,Follow-up review,FAC009,E0004262,Needs escalation,Yes
VIS0006238,VIP0003267,Anil Laxman,,Donur,2026-06-12,Follow-up review,FAC008,E0004264,Needs escalation,No
VIS0006241,VIP0003269,Mohan Das,9666062166,Nermata,2026-02-12,Follow-up review,FAC014,E0004266,Improved,Yes
VIS0006245,VIP0003271,Swathi Laxman,9085994861,Bhanur,2026-08-15,Follow-up review,FAC027,E0004269,Stable,Yes
VIS0006247,VIP0003272,Saritha Shekar,9262364561,Nermata,2026-07-02,Follow-up review,FAC014,E0004270,Improved,Yes
VIS0006250,VIP0003273,Rani Basha,9274044220,Devarakonda,2026-07-11,Follow-up review,FAC010,E0004272,Improved,No
VIS0006253,VIP0003275,Vinod Yadav,9418106374,Badepalli,2026-02-14,Follow-up review,FAC002,E0004274,Needs escalation,Yes
VIS0006257,VIP0003277,Ravi Mallaiah,9682898840,Bangarigadd,2026-08-16,Follow-up review,FAC015,E0004277,Improved,No
VIS0006260,VIP0003279,Saritha Naik,9904072241,Nakrekal,2026-03-15,Follow-up review,FAC016,E0004279,Needs escalation,No
VIS0006263,VIP0003280,Anitha Kumar,9800686239,Bodajanampe,2026-07-22,Follow-up review,FAC005,E0004281,Improved,No
VIS0006265,VIP0003281,Raju Naik,,Bhanur,2026-08-10,Follow-up review,FAC026,E0004282,Needs escalation,No
VIS0006267,VIP0003282,Jyothi Rao,9742454425,Donur,2026-01-24,Follow-up review,FAC007,E0004283,Improved,Yes
VIS0006272,VIP0003284,Rani Reddy,9380076893,Jharasangam,2026-06-29,Follow-up review,FAC022,E0004287,Stable,No
VIS0006274,VIP0003284,Rani Reddy,9380076893,Jharasangam,2026-09-21,Follow-up review,FAC022,E0004288,Needs escalation,No
VIS0006277,VIP0003285,Naveen Das,+91-98811-30236,KUMMARIKUNTA,2026-07-20,Follow-up review,FAC013,E0004290,Needs escalation,No
VIS0006279,VIP0003286,Shankar Goud,9806141528,Ameenpur,2026-06-28,Follow-up review,FAC026,E0004291,Stable,No
VIS0006281,VIP0003287,Srilatha Khan,9792990619,Peddadinne,2026-06-25,Follow-up review,FAC010,E0004292,Improved,Yes
VIS0006285,VIP0003289,Mohan Jangam,9841492414,Balanagar,2026-06-09,Follow-up review,FAC005,E0004295,Stable,No
VIS0006292,VIP0003293,Kiran Das,,Midjil,2026-07-23,Follow-up review,FAC007,E0004301,Needs escalation,Yes
VIS0006294,VIP0003294,Bhavani Begum,9774800046,KALHER,2026-07-14,Follow-up review,FAC021,E0004302,Improved,No
VIS0006297,VIP0003295,Raju Das,9843269348,Donur,2026-07-21,Follow-up review,FAC009,E0004304,Stable,No
VIS0006301,VIP0003298,Kavitha Mudiraj,9955113509,Velpula,2026-07-19,Follow-up review,FAC009,E0004307,Needs escalation,Yes
VIS0006304,VIP0003299,Venkatesh Devi,9788805462,Kangti,2026-09-19,Follow-up review,FAC020,E0004309,Improved,Yes
VIS0006307,VIP0003301,Renuka Mudiraj,9224932139,Jharasangam,2026-07-11,Follow-up review,FAC023,E0004311,Stable,No
VIS0006309,VIP0003302,Deepika Das,9069263591,Bodajanampet,2026-03-24,Follow-up review,FAC006,E0004312,Improved,No
VIS0006311,VIP0003303,Mohan Krishna,9907979482,Bodajanampet,2026-08-14,Follow-up review,FAC005,E0004313,Stable,Yes
VIS0006316,VIP0003306,Bhavani Khan,9042377291,Patancheru,2026-06-15,Follow-up review,FAC027,E0004317,Improved,No
VIS0006324,VIP0003311,Lakshmi Mudiraj,9935460954,Kangti,2026-05-27,Follow-up review,FAC020,E0004324,Improved,Yes
VIS0006327,VIP0003312,Santosh Rao,,Donur,2026-06-26,Follow-up review,FAC007,E0004326,Improved,No
VIS0006329,VIP0003313,Sai Reddy,+91-93317-91134,Bhanur,2026-04-03,Follow-up review,FAC027,E0004327,Stable,Yes
VIS0006333,VIP0003314,Mounika Jangam,9785057111,Velpula,2026-03-17,Follow-up review,FAC008,E0004330,Improved,No
VIS0006341,VIP0003320,Lalitha Khan,9737662710,NAKREKAL,2026-02-04,Follow-up review,FAC018,E0004337,Needs escalation,No
VIS0006343,VIP0003321,Lalitha Kumar,9824951142,Kangti,2026-07-16,Follow-up review,FAC019,E0004338,Improved,No
VIS0006346,VIP0003322,Santosh Mudiraj,9436474469,Kalher,2026-08-02,Follow-up review,FAC020,E0004340,Stable,Yes
VIS0006349,VIP0003324,Bhavani Krishna,9862309893,Vemula,2026-07-31,Follow-up review,FAC009,E0004342,Improved,No
VIS0006351,VIP0003325,Swathi Reddy,+91-95235-34339,Kallepally,2026-02-26,Follow-up review,FAC005,E0004343,Needs escalation,No
VIS0006354,VIP0003325,Swathi Reddy,9523534339,Kallepally,2026-07-17,Follow-up review,FAC004,E0004345,Needs escalation,No
VIS0006357,VIP0003326,Padma Basha,9768879911,Velpula,2026-07-01,Follow-up review,FAC008,E0004347,Stable,Yes
VIS0006359,VIP0003326,Padma Basha,9768879911,Velpula,2026-08-02,Follow-up review,FAC007,E0004348,Needs escalation,No
VIS0006362,VIP0003328,Harika Begum,9182595932,Midjil,2026-02-08,Follow-up review,FAC009,E0004350,Improved,No
VIS0006364,VIP0003329,Kiran Reddy,9522589864,Kalher,2026-03-26,Follow-up review,FAC021,E0004351,Stable,No
VIS0006368,VIP0003331,Shobha Basha,9801561314,Bodajanampet,2026-07-19,Follow-up review,FAC005,E0004354,Stable,Yes
VIS0006370,VIP0003332,Bhavani Narsimha,9071789659,Badepally,2026-08-29,Follow-up review,FAC002,E0004355,Stable,Yes
VIS0006372,VIP0003333,Sai Goud,9861548712,Macharam,2026-03-15,Follow-up review,FAC003,E0004356,Stable,No
VIS0006377,VIP0003335,Vinod Jangam,9894654521,Chandur,2026-04-11,Follow-up review,FAC014,E0004360,Needs escalation,No
VIS0006382,VIP0003338,Shobha Chary,9770988763,Devarakonda,2026-05-18,Follow-up review,FAC011,E0004364,Improved,Yes
VIS0006386,VIP0003341,Srinivas Goud,9958060367,Patancheru,2026-06-18,Follow-up review,FAC026,E0004367,Improved,No
VIS0006389,VIP0003342,Sushma Patel,9869683958,Kondamallepally,2026-06-23,Follow-up review,FAC010,E0004369,Needs escalation,No
VIS0006391,VIP0003343,Lakshmi Krishna,9247018003,Balanagar,2026-07-04,Follow-up review,FAC004,E0004370,Stable,Yes
VIS0006394,VIP0003345,Swathi Reddy,9466652103,CHANDUR,2026-06-27,Follow-up review,FAC014,E0004372,Needs escalation,No
VIS0006396,VIP0003346,Harika Goud,9547284673,Kangti,2026-03-29,Follow-up review,FAC020,E0004373,Needs escalation,Yes
VIS0006398,VIP0003347,Anil,9217005752,Nakrekal,2026-07-26,Follow-up review,FAC016,E0004374,Stable,No
VIS0006403,VIP0003350,Praveen Das,9998296810,Ameenpur,2026-08-22,Follow-up review,FAC025,E0004378,Needs escalation,Yes
VIS0006405,VIP0003351,Naveen Yadav,9276229116,Macharam,2026-02-24,Follow-up review,FAC003,E0004379,Needs escalation,No
VIS0006409,VIP0003353,Ramesh Das,9564127182,Bodajanampet,2026-01-14,Follow-up review,FAC004,E0004382,Stable,Yes
VIS0006414,VIP0003355,Praveen Mallaiah,9765088123,Gangapur,2026-08-30,Follow-up review,FAC003,E0004386,Stable,Yes
VIS0006417,VIP0003357,Praveen Khan,+91-95738-20235,Kondamallepally,2026-04-23,Follow-up review,FAC010,E0004388,Improved,Yes
VIS0006422,VIP0003360,Renuka Begum,9723109376,Macharam,2026-07-13,Follow-up review,FAC003,E0004392,Needs escalation,No
VIS0006424,VIP0003361,Ramesh Mudiraj,+91-99921-65716,Balanagar,2026-04-18,Follow-up review,FAC006,E0004393,Stable,Yes
VIS0006427,VIP0003363,Jyothi Kumar,9284272833,Polepally,2026-05-03,Follow-up review,FAC003,E0004395,Improved,No
VIS0006429,VIP0003364,Naveen Yadav,9549984153,Macharam,2026-07-01,Follow-up review,FAC002,E0004396,Stable,Yes
VIS0006434,VIP0003367,Lakshmi Narsimha,9146702530,Indresham,2026-08-04,Follow-up review,FAC025,E0004400,Stable,No
VIS0006437,VIP0003369,Mohan Chary,9638424372,Zaheerabad,2026-03-03,Follow-up review,FAC022,E0004402,Improved,No
VIS0006439,VIP0003370,Shankar Khan,9877386660,Jharasangam,2026-08-20,Follow-up review,FAC023,E0004403,Improved,No
VIS0006441,VIP0003371,Arun Das,9022776242,Midjil,2026-05-17,Follow-up review,FAC007,E0004404,Improved,No
VIS0006445,VIP0003373,Mounika Yadav,9553339554,Jharasangam,2026-04-15,Follow-up review,FAC023,E0004407,Stable,No
VIS0006447,VIP0003374,Raju Krishna,9907627489,Bhanur,2026-07-28,Follow-up review,FAC027,E0004408,Needs escalation,No
VIS0006454,VIP0003378,Praveen Reddy,9108833148,Kangti,2026-04-10,Follow-up review,FAC020,E0004414,Stable,Yes
VIS0006456,VIP0003378,Praween Reddy,9108833148,Kangti,2026-08-26,Follow-up review,FAC021,E0004415,Improved,No
VIS0006459,VIP0003380,Renuka Begum,9820423001,Ameenpur,2026-06-08,Follow-up review,FAC026,E0004417,Improved,Yes
VIS0006463,VIP0003382,Bhavani Jangam,9137878572,Peddadinne,2026-07-03,Follow-up review,FAC010,E0004420,Improved,No
VIS0006466,VIP0003384,Saritha Mudiraj,9574483321,Devarakonda,2026-03-09,Follow-up review,FAC012,E0004422,Improved,No
VIS0006468,VIP0003385,Renuka Das,9106488043,Donur,2026-03-19,Follow-up review,FAC008,E0004423,Needs escalation,Yes
VIS0006470,VIP0003385,Renuka Das,9106488043,Donur,2026-07-29,Follow-up review,FAC009,E0004424,Needs escalation,No
VIS0006472,VIP0003385,Renuka Das,9106488043,Donur,2026-08-28,Follow-up review,FAC008,E0004425,Needs escalation,Yes
VIS0006475,VIP0003387,Jyothi Begum,9221803798,KONDAMALLEPALLY,2026-04-15,Follow-up review,FAC011,E0004427,Improved,Yes
VIS0006477,VIP0003388,Nirmala Narsimha,9551291892,Kondamallepalli,2026-05-31,Follow-up review,FAC010,E0004428,Improved,No
VIS0006479,VIP0003389,Deepika Mudiraj,9216468828,Velpula,2026-09-06,Follow-up review,FAC007,E0004429,Improved,No
VIS0006488,VIP0003395,Arun Begum,9345864578,Mogudampally,2026-02-10,Follow-up review,FAC024,E0004437,Improved,No
VIS0006492,VIP0003398,Mahesh Khan,9661793035,Chandur,2026-02-27,Follow-up review,FAC015,E0004440,Stable,Yes
VIS0006497,VIP0003401,Mahesh Begum,9602903581,Nomula,2026-03-03,Follow-up review,FAC016,E0004444,Stable,No
VIS0006499,VIP0003402,Rawi Chary,9218314071,Zaheerabad,2026-06-02,Follow-up review,FAC023,E0004445,Stable,No
VIS0006501,VIP0003403,Deepika Kumar,9482625981,Nomula,2026-07-19,Follow-up review,FAC018,E0004446,Improved,No
VIS0006504,VIP0003404,Lakshmi Naik,9032475778,Vemula,2026-04-12,Follow-up review,FAC009,E0004448,Needs escalation,Yes
VIS0006506,VIP0003405,Rajesh Mudiraj,9863956024,Zaheerabad,2026-08-02,Follow-up review,FAC022,E0004449,Improved,Yes
VIS0006509,VIP0003407,Shobha Basha,9645903261,Bhanur,2026-04-09,Follow-up review,FAC025,E0004451,Stable,No
VIS0006511,VIP0003408,Sreelatha Naik,9963111872,Macharam,2026-02-24,Follow-up review,FAC003,E0004452,Stable,No
VIS0006513,VIP0003409,Kavitha Khan,9991793499,Gangapur,2026-02-24,Follow-up review,FAC003,E0004453,Improved,Yes
VIS0006518,VIP0003412,Srinivas Patel,9554517568,Bangarigadda,2026-08-10,Follow-up review,FAC013,E0004457,Improved,Yes
VIS0006520,VIP0003413,Swathi Das,,Nakrekal,2026-04-11,Follow-up review,FAC017,E0004458,Needs escalation,No
VIS0006522,VIP0003414,Kavitha Laxman,9187260291,Midjil,2026-07-15,Follow-up review,FAC007,E0004459,Stable,No
VIS0006524,VIP0003414,Kavitha Laxman,9187260291,Midjil,2026-08-14,Follow-up review,FAC007,E0004460,Needs escalation,No
VIS0006526,VIP0003415,Ramesh Goud,9397333879,Mangalapally,2026-02-08,Follow-up review,FAC017,E0004461,Improved,Yes
VIS0006528,VIP0003416,Arun Yadav,+91-96816-65832,Ameenpur,2026-02-20,Follow-up review,FAC026,E0004462,Improved,Yes
VIS0006531,VIP0003417,Anjali Reddy,9081384105,Manoor,2026-02-02,Follow-up review,FAC021,E0004464,Stable,Yes
VIS0006535,VIP0003420,Renuka Patel,9903574891,Indresham,2026-08-19,Follow-up review,FAC027,E0004467,Improved,No
VIS0006538,VIP0003421,Sai Kumar,9216403192,Velpula,2026-08-25,Follow-up review,FAC008,E0004469,Stable,Yes
VIS0006540,VIP0003422,Naresh Khan,9913831602,Marrur,2026-05-22,Follow-up review,FAC016,E0004470,Needs escalation,No
VIS0006547,VIP0003426,Anitha Goud,9783905467,Nermata,2026-09-17,Follow-up review,FAC013,E0004476,Needs escalation,No
VIS0006552,VIP0003429,Divya Khan,9486426332,Patancheru,2026-05-13,Follow-up review,FAC027,E0004480,Needs escalation,Yes
VIS0006557,VIP0003433,Anil Rao,+91-97955-33676,Kohir,2026-05-30,Follow-up review,FAC023,E0004484,Needs escalation,Yes
VIS0006561,VIP0003435,Harika Rao,9291392148,Bhanur,2026-05-05,Follow-up review,FAC027,E0004487,Stable,Yes
VIS0006563,VIP0003435,Harika Rao,+91-92913-92148,BHANUR,2026-08-22,Follow-up review,FAC025,E0004488,Needs escalation,Yes
VIS0006565,VIP0003436,Rani Yadav,9827267344,Gangapur,2026-02-26,Follow-up review,FAC001,E0004489,Improved,Yes
VIS0006567,VIP0003437,Raghav Naik,9350170748,BALANAGAR,2026-06-14,Follow-up review,FAC006,E0004490,Needs escalation,Yes
VIS0006569,VIP0003438,Venkatesh Jangam,+91-90445-73032,Badepally,2026-03-23,Follow-up review,FAC003,E0004491,Stable,No
VIS0006572,VIP0003439,Srinivs Narsimha,9141359711,Manoor,2026-03-11,Follow-up review,FAC019,E0004493,Needs escalation,No
VIS0006575,VIP0003440,Mahesh Laxman,9958937863,Indresham,2026-05-13,Follow-up review,FAC026,E0004495,Needs escalation,No
VIS0006581,VIP0003445,Sai Das,9685815992,Gangapur,2026-01-14,Follow-up review,FAC001,E0004500,Needs escalation,No
VIS0006587,VIP0003448,Saritha Narsimha,9787919392,Patancheru,2026-04-20,Follow-up review,FAC025,E0004505,Stable,No
VIS0006589,VIP0003449,Kiran Jangam,9103510073,Kallepally,2026-03-22,Follow-up review,FAC006,E0004506,Improved,No
VIS0006591,VIP0003450,Srilatha Yadav,+91-97059-73572,Macharam,2026-04-16,Follow-up review,FAC003,E0004507,Improved,No
VIS0006593,VIP0003450,Srilatha Yadaw,9705973572,Macharam,2026-08-18,Follow-up review,FAC001,E0004508,Improved,No
VIS0006597,VIP0003452,Lakshmi Basha,9022215240,Kalher,2026-05-15,Follow-up review,FAC019,E0004511,Improved,No
VIS0006600,VIP0003454,Divya Begum,9747635311,Ameenpur,2026-06-16,Follow-up review,FAC025,E0004513,Improved,Yes
VIS0006603,VIP0003455,Sai Goud,,Kohir,2026-06-06,Follow-up review,FAC022,E0004515,Improved,Yes
VIS0006610,VIP0003460,Praveen Mudiraj,9192364388,Rajapur,2026-09-01,Follow-up review,FAC004,E0004521,Improved,Yes
VIS0006612,VIP0003461,Venkatesh Jangam,9252988562,Vemul,2026-02-13,Follow-up review,FAC007,E0004522,Stable,No
VIS0006614,VIP0003461,Venkatesh Jangam,9252988562,Vemul,2026-02-20,Follow-up review,FAC007,E0004523,Improved,Yes
VIS0006617,VIP0003462,Lalitha Kumar,+91-93374-07069,Kohir,2026-03-11,Follow-up review,FAC022,E0004525,Needs escalation,Yes
VIS0006619,VIP0003463,Vinod,9252497124,Midjil,2026-05-21,Follow-up review,FAC007,E0004526,Stable,Yes
VIS0006621,VIP0003464,Raju Reddy,9397540270,Kangti,2026-02-25,Follow-up review,FAC020,E0004527,Stable,Yes
VIS0006623,VIP0003465,Kavitha Devi,9155486372,Nakrekal,2026-05-25,Follow-up review,FAC018,E0004528,Improved,No
VIS0006628,VIP0003467,Ravi Mudiraj,9965144743,Kangt,2026-03-29,Follow-up review,FAC020,E0004532,Needs escalation,No
VIS0006630,VIP0003467,Ravi Mudiraj,9965144743,Kangti,2026-08-23,Follow-up review,FAC019,E0004533,Stable,No
VIS0006633,VIP0003469,Raghav Shekar,9516846366,Macharam,2026-08-31,Follow-up review,FAC001,E0004535,Improved,No
VIS0006636,VIP0003470,Rmesh Laxman,9103347492,Nakrekal,2026-06-04,Follow-up review,FAC017,E0004537,Stable,Yes
VIS0006638,VIP0003471,Praveen Khan,9495993984,DEVARAKONDA,2026-07-09,Follow-up review,FAC012,E0004538,Improved,No
VIS0006640,VIP0003472,Raghav Chary,9213869571,Kangti,2026-02-24,Follow-up review,FAC020,E0004539,Improved,Yes
VIS0006642,VIP0003473,Ravi Krishna,9929909082,Bodajanampet,2026-02-24,Follow-up review,FAC004,E0004540,Needs escalation,No
VIS0006645,VIP0003474,Mahesh Khan,9014891493,Kallepally,2026-01-08,Follow-up review,FAC005,E0004542,Stable,No
VIS0006649,VIP0003477,Anil Yadav,9620410046,Devarakonda,2026-07-30,Follow-up review,FAC011,E0004545,Needs escalation,No
VIS0006651,VIP0003478,Mounika Jangam,,Badepally,2026-04-28,Follow-up review,FAC003,E0004546,Stable,No
VIS0006653,VIP0003479,Kiran Kumar,,PEDDADINNE,2026-07-25,Follow-up review,FAC010,E0004547,Needs escalation,Yes
VIS0006655,VIP0003480,Ramesh Patel,9608649782,Ameenpu,2026-02-01,Follow-up review,FAC025,E0004548,Needs escalation,Yes
VIS0006657,VIP0003481,Naresh Naik,9620007609,Midjil,2026-07-10,Follow-up review,FAC008,E0004549,Stable,No
VIS0006661,VIP0003483,Lakshmi,9145839160,Kondamallepally,2026-08-17,Follow-up review,FAC011,E0004552,Stable,No
VIS0006663,VIP0003484,Suresh Das,9384140567,Devarakonda,2026-07-07,Follow-up review,FAC011,E0004553,Stable,No
VIS0006665,VIP0003485,Kiran Khan,9942943985,Bodajanampet,2026-01-28,Follow-up review,FAC004,E0004554,Improved,Yes
VIS0006670,VIP0003488,Shobha Khan,9848006014,Indresham,2026-04-11,Follow-up review,FAC026,E0004558,Stable,Yes
VIS0006672,VIP0003489,Anitha Naik,9566184104,Zaheerabad,2026-06-14,Follow-up review,FAC022,E0004559,Improved,No
VIS0006674,VIP0003490,Srilatha Das,9598865909,Bangarigadda,2026-05-28,Follow-up review,FAC015,E0004560,Needs escalation,No
VIS0006676,VIP0003490,Srilatha Das,+91-95988-65909,Bangarigadda,2026-07-26,Follow-up review,FAC013,E0004561,Improved,No
VIS0006679,VIP0003492,Anitha Khan,9829359948,Narayankhed,2026-01-21,Follow-up review,FAC021,E0004563,Stable,Yes
VIS0006681,VIP0003493,Nirmala Khan,9102385415,BADEPALLY,2026-07-08,Follow-up review,FAC003,E0004564,Improved,No
VIS0006683,VIP0003494,Kvitha Krishna,9482547296,Kohir,2026-04-13,Follow-up review,FAC022,E0004565,Improved,No
VIS0006685,VIP0003494,Kavitha Krishna,,Kohir,2026-06-07,Follow-up review,FAC024,E0004566,Improved,No
VIS0006687,VIP0003495,Nirmala Goud,9748581672,Kallepally,2026-07-17,Follow-up review,FAC004,E0004567,Improved,Yes
VIS0006690,VIP0003496,Renuka Devi,9093589520,Zaheerabad,2026-08-14,Follow-up review,FAC022,E0004569,Needs escalation,No
VIS0006692,VIP0003497,Ravi Yadav,9718119957,Patancheru,2026-04-04,Follow-up review,FAC027,E0004570,Stable,No
VIS0006695,VIP0003499,Jyothi Laxman,9201182448,Patancheru,2026-08-12,Follow-up review,FAC026,E0004572,Needs escalation,Yes
VIS0006698,VIP0003501,Jyothi Basha,9518921269,Marrur,2026-03-21,Follow-up review,FAC017,E0004574,Needs escalation,Yes
VIS0006700,VIP0003502,Sai Begum,+91-97922-92628,Badepally,2026-07-21,Follow-up review,FAC002,E0004575,Stable,No
VIS0006703,VIP0003503,Kiran Devi,9584527928,Velpula,2026-07-26,Follow-up review,FAC009,E0004577,Stable,No
VIS0006705,VIP0003504,Sai Reddy,+91-98400-91938,Mogudampally,2026-05-01,Follow-up review,FAC023,E0004578,Improved,No
VIS0006709,VIP0003506,Saritha Basha,,Patancheru,2026-06-15,Follow-up review,FAC026,E0004581,Stable,No
VIS0006714,VIP0003510,Mounika Mallaiah,+91-94921-56181,Vemula,2026-04-17,Follow-up review,FAC007,E0004585,Improved,Yes
VIS0006716,VIP0003511,Jyothi Devi,9412003319,Rajapur,2026-02-24,Follow-up review,FAC004,E0004586,Improved,Yes
VIS0006719,VIP0003512,Nirmala Jangam,9106011091,NAKREKAL,2026-04-16,Follow-up review,FAC018,E0004588,Needs escalation,Yes
VIS0006723,VIP0003514,Mounika sekar,9508052427,Nermata,2026-05-19,Follow-up review,FAC015,E0004591,Stable,No
VIS0006726,VIP0003516,Nirmala Yadav,9062786652,Marrur,2026-08-20,Follow-up review,FAC016,E0004593,Improved,No
VIS0006731,VIP0003519,Vinod Jangam,9747737478,Machara,2026-04-27,Follow-up review,FAC002,E0004597,Improved,No
VIS0006734,VIP0003521,Divya Mudiraj,9231310143,Balanagar,2026-07-07,Follow-up review,FAC006,E0004599,Improved,No
VIS0006736,VIP0003521,Divya Mudiraj,9231310143,Balanagar,2026-08-26,Follow-up review,FAC006,E0004600,Stable,Yes
VIS0006740,VIP0003524,Srinivas Reddy,,Bangarigadda,2026-07-03,Follow-up review,FAC015,E0004603,Stable,No
VIS0006743,VIP0003525,Saritha Chary,9884093659,Bodajanampet,2026-09-14,Follow-up review,FAC005,E0004605,Needs escalation,Yes
VIS0006746,VIP0003527,Divya Basha,9676778351,VELPULA,2026-03-20,Follow-up review,FAC009,E0004607,Improved,No
VIS0006749,VIP0003528,Praveen Patel,9279585553,Kummarikunta,2026-05-01,Follow-up review,FAC013,E0004609,Stable,Yes
VIS0006751,VIP0003528,Pravin Patel,9279585553,Kummarikunta,2026-05-21,Follow-up review,FAC014,E0004610,Needs escalation,Yes
VIS0006753,VIP0003529,Anil Basha,9150937525,Devarakonda,2026-02-25,Follow-up review,FAC012,E0004611,Improved,No
VIS0006755,VIP0003530,Suresh Jangam,+91-99093-16513,Midjil,2026-06-17,Follow-up review,FAC008,E0004612,Needs escalation,No
VIS0006760,VIP0003532,Padma Devi,9386569590,Midjil,2026-09-01,Follow-up review,FAC007,E0004616,Stable,No
VIS0006762,VIP0003533,sankar Begum,9636333933,Narayankhed,2026-05-21,Follow-up review,FAC020,E0004617,Improved,No
VIS0006766,VIP0003535,Anitha Khan,9278580233,Bhanur,2026-05-15,Follow-up review,FAC025,E0004620,Improved,No
VIS0006768,VIP0003536,Mounika Jangam,9197790400,Zaheerabad,2026-02-26,Follow-up review,FAC024,E0004621,Improved,No
VIS0006772,VIP0003537,Ravi Kumar,9244880546,Narayankhed,2026-08-18,Follow-up review,FAC020,E0004624,Needs escalation,Yes
VIS0006776,VIP0003540,Shankar Kumar,9549830619,Nakrekal,2026-09-03,Follow-up review,FAC016,E0004627,Stable,No
VIS0006778,VIP0003541,Mahesh Shekar,9456990147,Rajapur,2026-03-05,Follow-up review,FAC006,E0004628,Needs escalation,No
VIS0006780,VIP0003541,Mahesh Shekar,9406990147,Rajapur,2026-08-07,Follow-up review,FAC006,E0004629,Improved,No
VIS0006784,VIP0003544,Divya Jangam,9574409740,Bangarigadda,2026-02-27,Follow-up review,FAC014,E0004632,Stable,Yes
VIS0006787,VIP0003545,Mounika Rao,9381278659,Marrur,2026-07-01,Follow-up review,FAC017,E0004634,Stable,No
VIS0006794,VIP0003550,Ramesh Reddy,9839515822,Balanagar,2026-03-15,Follow-up review,FAC006,E0004640,Needs escalation,No
VIS0006796,VIP0003551,Naresh Basha,9486807742,Velpula,2026-04-28,Follow-up review,FAC009,E0004641,Improved,No
VIS0006800,VIP0003554,Rajesh Laxman,9548617278,Devarakonda,2026-02-04,Follow-up review,FAC012,E0004644,Stable,Yes
VIS0006806,VIP0003557,Praveen Jangam,9367143256,Ameenpur,2026-07-06,Follow-up review,FAC026,E0004649,Improved,No
VIS0006809,VIP0003559,Raghav Patel,9068783259,Macharam,2026-05-12,Follow-up review,FAC002,E0004651,Needs escalation,No
VIS0006811,VIP0003560,Anjali Reddy,9393639946,Polepally,2026-06-26,Follow-up review,FAC002,E0004652,Improved,No
VIS0006813,VIP0003561,Santosh Basha,9954205520,Kohir,2026-06-17,Follow-up review,FAC022,E0004653,Improved,No
VIS0006816,VIP0003562,Venkatesh Krishna,9738673515,Devarakonda,2026-04-18,Follow-up review,FAC011,E0004655,Stable,No
VIS0006818,VIP0003563,Santos Mudiraj,9376663040,Mangalapally,2026-06-14,Follow-up review,FAC016,E0004656,Needs escalation,No
VIS0006820,VIP0003563,Santosh Mudiraj,9376663040,Mangalapally,2026-07-28,Follow-up review,FAC018,E0004657,Needs escalation,No
VIS0006822,VIP0003564,Lalitha Laxman,9702223125,Bangarigadda,2026-06-20,Follow-up review,FAC015,E0004658,Improved,No
VIS0006824,VIP0003564,Lalitha Laxman,9709223125,Bangarigadda,2026-07-27,Follow-up review,FAC015,E0004659,Improved,No
VIS0006827,VIP0003565,Bhavani Das,9034906060,Kondamallepally,2026-03-18,Follow-up review,FAC011,E0004661,Needs escalation,Yes
VIS0006830,VIP0003567,Renuka Narsimha,+91-97392-91185,Devarakonda,2026-07-13,Follow-up review,FAC011,E0004663,Needs escalation,No
VIS0006833,VIP0003568,Arun Basha,9152315414,Gangapur,2026-03-14,Follow-up review,FAC003,E0004665,Needs escalation,No
VIS0006835,VIP0003569,Anil Rao,9554730180,BHANUR,2026-03-01,Follow-up review,FAC026,E0004666,Improved,No
VIS0006846,VIP0003575,Nirmala Shekar,9205088656,Chandur,2026-04-22,Follow-up review,FAC014,E0004676,Needs escalation,No
VIS0006848,VIP0003576,Kirn Goud,9416272297,Bangarigadda,2026-02-04,Follow-up review,FAC013,E0004677,Needs escalation,No
VIS0006852,VIP0003577,Santosh Narsimha,9307913966,Macharam,2026-07-16,Follow-up review,FAC001,E0004680,Needs escalation,Yes
VIS0006854,VIP0003578,Sushma Shekar,9441234174,Bangarigadda,2026-08-06,Follow-up review,FAC013,E0004681,Stable,No
VIS0006857,VIP0003579,Swathi Goud,9840843828,Manoor,2026-06-12,Follow-up review,FAC021,E0004683,Improved,No
VIS0006862,VIP0003583,Venkatesh Patel,9564054134,Bangarigadda,2026-06-16,Follow-up review,FAC015,E0004687,Improved,No
VIS0006865,VIP0003585,Shobha Shekar,9499792440,Jharasangam,2026-04-05,Follow-up review,FAC023,E0004689,Improved,No
VIS0006867,VIP0003586,Kiran Patel,9630236715,Manoor,2026-07-30,Follow-up review,FAC019,E0004690,Stable,No
VIS0006869,VIP0003587,Srilatha Naik,+91-90714-16832,Vemula,2026-02-12,Follow-up review,FAC008,E0004691,Improved,No
VIS0006871,VIP0003588,Renuka Yadav,9830975114,Mangalapally,2026-07-03,Follow-up review,FAC016,E0004692,Stable,No
VIS0006875,VIP0003591,Deepika Narsimha,9772578213,Kallepally,2026-04-24,Follow-up review,FAC004,E0004695,Improved,Yes
VIS0006879,VIP0003593,Kiran Mallaiah,9340232698,Nakrekal,2026-02-11,Follow-up review,FAC016,E0004698,Needs escalation,No
VIS0006886,VIP0003598,Arun Laxman,9400303942,Nakrekal,2026-02-11,Follow-up review,FAC018,E0004704,Stable,No
VIS0006890,VIP0003601,Praveen Patel,9757792573,Patancheru,2026-05-07,Follow-up review,FAC026,E0004707,Needs escalation,No
VIS0006896,VIP0003603,Ramesh Laxman,9296225174,Macharam,2026-07-29,Follow-up review,FAC001,E0004712,Stable,No
VIS0006903,VIP0003609,Arun Yadav,9711913815,Indresham,2026-08-31,Follow-up review,FAC027,E0004718,Stable,Yes
VIS0006906,VIP0003610,Rani Yadav,9765418298,Peddadinne,2026-08-27,Follow-up review,FAC010,E0004720,Needs escalation,No
VIS0006908,VIP0003611,Raju Mallaiah,9132472300,Bhanur,2026-06-03,Follow-up review,FAC027,E0004721,Needs escalation,Yes
VIS0006910,VIP0003611,Raju Mallaiah,9432472300,Bhanur,2026-07-01,Follow-up review,FAC026,E0004722,Needs escalation,No
VIS0006917,VIP0003617,Lakshmi Mallaiah,9734095602,ZAHEERABAD,2026-07-19,Follow-up review,FAC024,E0004728,Improved,No
VIS0006919,VIP0003618,Nirmala Devi,9070785592,Nomula,2026-07-24,Follow-up review,FAC018,E0004729,Improved,Yes
VIS0006922,VIP0003620,winod Yadav,+91-92494-46010,Badepally,2026-08-19,Follow-up review,FAC001,E0004731,Improved,No
VIS0006927,VIP0003623,Ramesh Shekar,9419794753,Jharasangam,2026-07-18,Follow-up review,FAC023,E0004735,Improved,Yes
VIS0006931,VIP0003626,Divya Begum,9490771578,Midjil,2026-04-30,Follow-up review,FAC007,E0004738,Needs escalation,No
VIS0006933,VIP0003627,Saritha Reddy,9598340632,Bhanur,2026-02-09,Follow-up review,FAC026,E0004739,Needs escalation,Yes
VIS0006935,VIP0003628,Renuka Begum,+91-99774-39906,Kummarikunta,2026-08-07,Follow-up review,FAC014,E0004740,Improved,No
VIS0006939,VIP0003631,Anjali Khan,9762029828,Gundlapally,2026-02-09,Follow-up review,FAC012,E0004743,Improved,Yes
VIS0006941,VIP0003632,Mahesh Mallaiah,9861075854,Mangalapally,2026-05-16,Follow-up review,FAC017,E0004744,Stable,No
VIS0006945,VIP0003634,Mohan Khan,9806587297,Indresham,2026-08-11,Follow-up review,FAC027,E0004747,Improved,No
VIS0006947,VIP0003635,Renuka Das,9447204253,Kondamallepally,2026-05-05,Follow-up review,FAC010,E0004748,Stable,No
VIS0006949,VIP0003636,Padma Narsimha,9021645332,Macharam,2026-05-01,Follow-up review,FAC001,E0004749,Improved,No
VIS0006951,VIP0003636,Padma Narsimha,+91-90216-45332,Macharam,2026-05-05,Follow-up review,FAC003,E0004750,Improved,No
VIS0006958,VIP0003641,Ravi Narsimha,9094517292,BADEPALLY,2026-02-24,Follow-up review,FAC001,E0004756,Stable,No
VIS0006960,VIP0003642,Raju Mallaiah,9671851570,Manoor,2026-01-17,Follow-up review,FAC021,E0004757,Stable,Yes
VIS0006962,VIP0003642,Raju Mallaiah,9671851570,Manoor,2026-07-12,Follow-up review,FAC021,E0004758,Improved,No
VIS0006966,VIP0003644,Nirmala Krishna,,Kohir,2026-07-04,Follow-up review,FAC024,E0004761,Stable,Yes
VIS0006970,VIP0003646,Mohan Goud,9801975838,Gangapur,2026-07-29,Follow-up review,FAC003,E0004764,Stable,No
VIS0006972,VIP0003647,Renuka Goud,9104866595,Mogudampalli,2026-07-21,Follow-up review,FAC024,E0004765,Stable,Yes
VIS0006974,VIP0003647,Renuka Goud,9184866595,Mogudampally,2026-07-24,Follow-up review,FAC022,E0004766,Needs escalation,No
VIS0006976,VIP0003648,Harika Basha,9772738969,Donur,2026-05-03,Follow-up review,FAC007,E0004767,Needs escalation,No
VIS0006980,VIP0003651,Harika Laxman,9554147233,Gundlapally,2026-08-05,Follow-up review,FAC011,E0004770,Stable,No
VIS0006984,VIP0003653,Arun Begum,9630863135,Vemula,2026-09-16,Follow-up review,FAC008,E0004773,Stable,Yes
VIS0006986,VIP0003654,Kavitha Patel,9873325121,Balanagar,2026-04-01,Follow-up review,FAC005,E0004774,Improved,No
VIS0006988,VIP0003655,Santosh Mallaiah,9540516481,Nomula,2026-02-24,Follow-up review,FAC017,E0004775,Stable,No
VIS0006990,VIP0003656,Rani Khan,,Zaheerabad,2026-08-01,Follow-up review,FAC024,E0004776,Stable,No
VIS0006994,VIP0003659,Padma Devi,9960003499,BADEPALLY,2026-04-08,Follow-up review,FAC001,E0004779,Needs escalation,No
VIS0006999,VIP0003662,Raju Reddy,9919820763,BADEPALLY,2026-06-15,Follow-up review,FAC002,E0004783,Needs escalation,No
VIS0007001,VIP0003662,Raju Reddy,9919820763,Badepally,2026-07-28,Follow-up review,FAC003,E0004784,Needs escalation,No
VIS0007008,VIP0003667,Lalitha Krishna,9490705211,Mogudampalli,2026-03-14,Follow-up review,FAC024,E0004790,Stable,Yes
VIS0007010,VIP0003668,Santosh Reddy,9881280215,Devarakonda,2026-07-28,Follow-up review,FAC011,E0004791,Stable,Yes
VIS0007013,VIP0003669,Divya Naik,9571124315,Nakrekal,2026-06-15,Follow-up review,FAC017,E0004793,Stable,Yes
VIS0007015,VIP0003669,Divya Naik,9571124315,Nakrekal,2026-08-28,Follow-up review,FAC016,E0004794,Improved,No
VIS0007019,VIP0003671,Nirmala Rao,9053706762,MIDJIL,2026-04-30,Follow-up review,FAC008,E0004797,Improved,Yes
VIS0007021,VIP0003672,Santosh Mallaiah,9387140422,Nakrekal,2026-01-30,Follow-up review,FAC016,E0004798,Improved,Yes
VIS0007024,VIP0003674,Lalitha Devi,9984819338,Velpula,2026-02-17,Follow-up review,FAC008,E0004800,Stable,Yes
VIS0007028,VIP0003677,Santosh Laxman,9955035057,Badepalli,2026-05-02,Follow-up review,FAC002,E0004803,Stable,Yes
VIS0007030,VIP0003677,Santos Laxman,9955035857,Badepally,2026-06-07,Follow-up review,FAC002,E0004804,Improved,Yes
VIS0007035,VIP0003681,Santosh Mudiraj,9374884890,Nermata,2026-07-08,Follow-up review,FAC013,E0004808,Improved,Yes
VIS0007041,VIP0003684,Nveen Goud,+91-98147-04274,Narayankhed,2026-02-16,Follow-up review,FAC019,E0004813,Improved,Yes
VIS0007043,VIP0003685,Deepika Narsimha,9770176615,Kondamallepally,2026-07-03,Follow-up review,FAC010,E0004814,Needs escalation,Yes
VIS0007048,VIP0003687,Suresh Basha,9005872719,Mangalapally,2026-08-02,Follow-up review,FAC017,E0004818,Improved,No
VIS0007052,VIP0003690,Arun Devi,9595124534,Donur,2026-04-12,Follow-up review,FAC007,E0004821,Stable,No
VIS0007054,VIP0003690,Arun Devi,9595124534,Donur,2026-07-31,Follow-up review,FAC008,E0004822,Stable,No
VIS0007059,VIP0003693,Raghav Begum,9565377517,Kalher,2026-07-25,Follow-up review,FAC020,E0004826,Needs escalation,Yes
VIS0007063,VIP0003696,Praveen Yadav,9159114598,Kummarikunt,2026-08-04,Follow-up review,FAC013,E0004829,Improved,No
VIS0007066,VIP0003698,Srinivas Devi,9930646748,Chandur,2026-05-30,Follow-up review,FAC013,E0004831,Improved,Yes
VIS0007068,VIP0003699,Naresh Mudiraj,9016129347,Midjil,2026-04-07,Follow-up review,FAC008,E0004832,Needs escalation,No
VIS0007070,VIP0003700,Jyothi Krishna,9528864259,Peddadinne,2026-07-04,Follow-up review,FAC012,E0004833,Improved,No
VIS0007073,VIP0003700,Jyothee Krishna,9528864219,Peddadinne,2026-09-05,Follow-up review,FAC012,E0004835,Improved,Yes
VIS0007080,VIP0003704,Suresh Yadav,9173673901,Velpula,2026-06-30,Follow-up review,FAC007,E0004841,Stable,No
VIS0007083,VIP0003706,Anil Kumar,9676927717,Donur,2026-07-03,Follow-up review,FAC008,E0004843,Improved,No
VIS0007085,VIP0003707,Shobha Kreeshna,+91-95668-85929,Kalher,2026-09-04,Follow-up review,FAC021,E0004844,Needs escalation,No
VIS0007089,VIP0003709,Arun Khan,9287746277,Bangarigadda,2026-04-08,Follow-up review,FAC015,E0004847,Needs escalation,No
VIS0007092,VIP0003710,Mahesh Basha,9548265412,Kondamallepally,2026-05-15,Follow-up review,FAC012,E0004849,Needs escalation,No
VIS0007095,VIP0003712,Vinod Das,9929216224,Gangapur,2026-03-15,Follow-up review,FAC001,E0004851,Needs escalation,No
VIS0007099,VIP0003714,Sushma Khan,9278971795,Mogudampally,2026-05-08,Follow-up review,FAC024,E0004854,Needs escalation,Yes
VIS0007101,VIP0003715,Divya Krishna,9379473715,Nermata,2026-06-30,Follow-up review,FAC014,E0004855,Stable,No
VIS0007104,VIP0003717,Bhavani Rao,,Chandur,2026-01-28,Follow-up review,FAC014,E0004857,Improved,Yes
VIS0007109,VIP0003720,Anil Jangam,9284666014,Manoor,2026-05-02,Follow-up review,FAC019,E0004861,Stable,No
VIS0007111,VIP0003721,Mounika Patel,9418181372,Rajapur,2026-01-20,Follow-up review,FAC005,E0004862,Needs escalation,No
VIS0007114,VIP0003722,Vinod Narsimha,9262573754,Bhanur,2026-02-16,Follow-up review,FAC026,E0004864,Needs escalation,No
VIS0007116,VIP0003723,Padma Basha,9266808170,Chandur,2026-02-02,Follow-up review,FAC014,E0004865,Improved,Yes
VIS0007118,VIP0003724,Divya Yadav,9767171326,Donur,2026-05-25,Follow-up review,FAC009,E0004866,Needs escalation,Yes
VIS0007121,VIP0003726,Raju,,Nomula,2026-03-19,Follow-up review,FAC016,E0004868,Improved,No
VIS0007123,VIP0003727,Shankar Yadav,+91-93237-43309,Nakrekal,2026-03-26,Follow-up review,FAC017,E0004869,Stable,No
VIS0007125,VIP0003728,Mohan Naik,9179302042,Balanagar,2026-02-03,Follow-up review,FAC005,E0004870,Needs escalation,Yes
VIS0007127,VIP0003729,Venkatesh Basha,9936890397,Gundlapally,2026-05-25,Follow-up review,FAC012,E0004871,Needs escalation,Yes
VIS0007129,VIP0003729,Venkatesh Basha,9936890397,Gundlapally,2026-08-17,Follow-up review,FAC012,E0004872,Improved,No
VIS0007131,VIP0003730,Deepika Begum,9939871007,Rajapur,2026-05-05,Follow-up review,FAC005,E0004873,Improved,Yes
VIS0007134,VIP0003731,Kavitha Shekar,9449972569,Kummarikunta,2026-07-22,Follow-up review,FAC013,E0004875,Needs escalation,Yes
VIS0007136,VIP0003732,Kaveetha Das,9533203113,Nomula,2026-06-15,Follow-up review,FAC017,E0004876,Stable,No
VIS0007139,VIP0003733,Mohan Das,9106446008,Gundlapally,2026-02-17,Follow-up review,FAC010,E0004878,Needs escalation,No
VIS0007141,VIP0003734,Rajesh Laxman,9985736910,Bhanur,2026-02-26,Follow-up review,FAC025,E0004879,Stable,No
VIS0007147,VIP0003737,Anjali,9995546707,VELPULA,2026-03-24,Follow-up review,FAC007,E0004884,Stable,No
VIS0007149,VIP0003738,Kavitha Mallaiah,9428059364,Polepally,2026-09-16,Follow-up review,FAC001,E0004885,Needs escalation,No
VIS0007151,VIP0003739,Raghav Naik,9931745669,Velpula,2026-05-13,Follow-up review,FAC008,E0004886,Needs escalation,No
VIS0007153,VIP0003740,Mohan Yadav,+91-91728-04404,RAJAPUR,2026-03-09,Follow-up review,FAC004,E0004887,Stable,No
VIS0007155,VIP0003741,Jyothi Kumar,9614660556,Nakrekal,2026-02-24,Follow-up review,FAC016,E0004888,Needs escalation,No
VIS0007157,VIP0003741,Jyothi Kumar,9614660556,Nakrekal,2026-06-18,Follow-up review,FAC018,E0004889,Needs escalation,Yes
VIS0007163,VIP0003744,Saritha Patel,9213316470,Kangti,2026-05-30,Follow-up review,FAC020,E0004894,Improved,No
VIS0007166,VIP0003745,Rani Goud,9614142741,Manoor,2026-09-04,Follow-up review,FAC019,E0004896,Needs escalation,No
VIS0007168,VIP0003746,Praveen Laxman,+91-94589-70118,Nomula,2026-04-09,Follow-up review,FAC018,E0004897,Needs escalation,No
VIS0007170,VIP0003747,Mounika Khan,,Narayankhed,2026-03-17,Follow-up review,FAC019,E0004898,Needs escalation,No
VIS0007172,VIP0003748,Padma Mudiraj,9636168051,Gangapu,2026-08-11,Follow-up review,FAC002,E0004899,Improved,No
VIS0007174,VIP0003749,Mounika Khan,9257136007,Manoor,2026-02-21,Follow-up review,FAC021,E0004900,Improved,Yes
VIS0007177,VIP0003751,Mahesh,9378280996,Mangalapally,2026-06-25,Follow-up review,FAC016,E0004902,Improved,No
VIS0007180,VIP0003752,Arun Goud,9023730305,Kallepally,2026-06-19,Follow-up review,FAC005,E0004904,Stable,No
VIS0007183,VIP0003753,Praveen Shekar,9639206656,Narayankhed,2026-07-20,Follow-up review,FAC019,E0004906,Stable,Yes
VIS0007185,VIP0003753,Praveen sekar,9639206656,Narayankhed,2026-08-19,Follow-up review,FAC021,E0004907,Improved,No
VIS0007187,VIP0003754,Sriniwas Yadav,,Balanagar,2026-08-26,Follow-up review,FAC004,E0004908,Stable,No
VIS0007190,VIP0003756,Kawitha Mallaiah,9888555189,Rajapur,2026-07-04,Follow-up review,FAC006,E0004910,Stable,No
VIS0007192,VIP0003757,Harika Chary,9168553854,Peddadinne,2026-04-23,Follow-up review,FAC010,E0004911,Stable,No
VIS0007194,VIP0003758,Raju Reddy,9286107551,Rajapur,2026-02-19,Follow-up review,FAC006,E0004912,Improved,No
VIS0007196,VIP0003758,Raju Reddy,9286107551,Rajapur,2026-07-18,Follow-up review,FAC006,E0004913,Stable,No
VIS0007199,VIP0003760,Ravee Mudiraj,9242060988,Vemula,2026-03-16,Follow-up review,FAC007,E0004915,Needs escalation,Yes
VIS0007201,VIP0003761,Kavitha Basha,9108210701,BALANAGAR,2026-07-28,Follow-up review,FAC005,E0004916,Needs escalation,Yes
VIS0007205,VIP0003763,Naveen Kumar,9344791612,Gundlapally,2026-01-27,Follow-up review,FAC011,E0004919,Stable,No
VIS0007209,VIP0003765,Deepika Naik,9654013388,Kohir,2026-01-17,Follow-up review,FAC022,E0004922,Stable,Yes
VIS0007213,VIP0003768,Lakshmi Jangam,,Kummarikunta,2026-04-05,Follow-up review,FAC013,E0004925,Needs escalation,Yes
VIS0007215,VIP0003768,Lakshmi Jangam,+91-91329-43716,Kummarikunta,2026-04-15,Follow-up review,FAC015,E0004926,Improved,No
VIS0007218,VIP0003770,Anitha,9909140504,Vemula,2026-02-06,Follow-up review,FAC007,E0004928,Stable,No
VIS0007220,VIP0003771,Vinod Narsimha,9929621253,Manoor,2026-06-22,Follow-up review,FAC021,E0004929,Improved,No
VIS0007222,VIP0003771,Vinod Narsimha,9629621253,Manoor,2026-07-24,Follow-up review,FAC021,E0004930,Improved,No
VIS0007224,VIP0003772,Rjesh Yadav,9848157893,Rajapur,2026-02-26,Follow-up review,FAC004,E0004931,Stable,Yes
VIS0007228,VIP0003774,Srilatha Kumar,+91-94558-69893,Kalher,2026-08-15,Follow-up review,FAC020,E0004934,Needs escalation,No
VIS0007232,VIP0003777,Bhavani Chary,9973447623,Bodajanampet,2026-06-27,Follow-up review,FAC006,E0004937,Needs escalation,No
VIS0007239,VIP0003780,Anjali Basha,9205473708,Bhanur,2026-05-12,Follow-up review,FAC025,E0004943,Improved,No
VIS0007241,VIP0003781,Renuka Das,9558931999,Zaheerabad,2026-05-19,Follow-up review,FAC023,E0004944,Stable,Yes
VIS0007244,VIP0003782,Bhavani Jangam,9429827349,Kangti,2026-02-25,Follow-up review,FAC020,E0004946,Improved,Yes
VIS0007251,VIP0003785,Lalitha Jangam,9360788291,PEDDADINNE,2026-05-11,Follow-up review,FAC012,E0004952,Stable,No
VIS0007253,VIP0003786,Anjali Shekar,+91-92901-87533,Kondamallepally,2026-02-19,Follow-up review,FAC010,E0004953,Needs escalation,No
VIS0007255,VIP0003786,Anjali Shekar,9290187533,Kondamallepally,2026-04-23,Follow-up review,FAC012,E0004954,Improved,No
VIS0007257,VIP0003787,Sai Naik,9581364398,Velpula,2026-08-04,Follow-up review,FAC008,E0004955,Improved,Yes
VIS0007260,VIP0003789,Renuka Reddy,9139507354,Mogudampally,2026-02-15,Follow-up review,FAC024,E0004957,Stable,Yes
VIS0007262,VIP0003789,Renuka Reddy,9139502354,Mogudampally,2026-05-24,Follow-up review,FAC024,E0004958,Needs escalation,No
VIS0007264,VIP0003790,Anil Jangam,9870040252,Jharasangam,2026-05-13,Follow-up review,FAC023,E0004959,Improved,No
VIS0007267,VIP0003792,Lalitha Krishna,9009003720,Rajapur,2026-05-25,Follow-up review,FAC005,E0004961,Needs escalation,No
VIS0007273,VIP0003796,Naresh Narsimha,9694693365,Gundlapally,2026-06-05,Follow-up review,FAC011,E0004966,Improved,No
VIS0007276,VIP0003798,Praveen Laxman,9866510603,Midjil,2026-01-29,Follow-up review,FAC007,E0004968,Needs escalation,No
VIS0007279,VIP0003799,Naveen Reddy,9256756193,Kallepally,2026-08-18,Follow-up review,FAC006,E0004970,Improved,No
VIS0007281,VIP0003800,Padma Devi,9562264542,Indresham,2026-05-16,Follow-up review,FAC027,E0004971,Needs escalation,Yes
VIS0007283,VIP0003801,Rajesh Mallaiah,9402940959,RAJAPUR,2026-03-27,Follow-up review,FAC005,E0004972,Improved,Yes
VIS0007285,VIP0003802,Anitha Naik,9518273686,Jharasangam,2026-05-28,Follow-up review,FAC023,E0004973,Stable,Yes
VIS0007287,VIP0003803,Kiran Yadav,9206689255,Bhanur,2026-03-04,Follow-up review,FAC025,E0004974,Improved,No
VIS0007289,VIP0003803,Kiran Yadav,9206689255,Bhanur,2026-04-09,Follow-up review,FAC026,E0004975,Stable,No
VIS0007291,VIP0003804,Santosh Kumar,9570565587,DONUR,2026-07-17,Follow-up review,FAC007,E0004976,Needs escalation,Yes
VIS0007294,VIP0003806,Kavitha Mudiraj,9492231334,Jharasangam,2026-07-18,Follow-up review,FAC023,E0004978,Needs escalation,No
VIS0007296,VIP0003806,Kavitha Mudiraj,9492231334,Jharasangam,2026-08-25,Follow-up review,FAC023,E0004979,Needs escalation,No
VIS0007300,VIP0003809,Rani Laxman,9723803999,Nomula,2026-03-29,Follow-up review,FAC016,E0004982,Improved,Yes
VIS0007302,VIP0003810,Deepika Basha,9686180123,Indresham,2026-09-02,Follow-up review,FAC026,E0004983,Improved,Yes
VIS0007304,VIP0003811,Arun Mallaiah,9119127850,Kohir,2026-07-07,Follow-up review,FAC024,E0004984,Improved,No
VIS0007309,VIP0003814,Sai Shekar,9646267546,Kummarikunta,2026-01-28,Follow-up review,FAC014,E0004988,Improved,Yes
VIS0007313,VIP0003816,Nirmla Devi,,Ameenpur,2026-07-27,Follow-up review,FAC025,E0004991,Stable,Yes
VIS0007315,VIP0003817,Harika Narsimha,9826156756,Kalher,2026-07-07,Follow-up review,FAC019,E0004992,Needs escalation,No
VIS0007318,VIP0003817,Harika Narsimha,9826156756,Kalher,2026-09-10,Follow-up review,FAC021,E0004994,Improved,No
VIS0007320,VIP0003818,Rajesh Reddy,9911869858,Balanagar,2026-07-26,Follow-up review,FAC006,E0004995,Improved,Yes
VIS0007322,VIP0003818,Rajesh Reddy,9911869858,Balanagar,2026-08-27,Follow-up review,FAC004,E0004996,Improved,No
VIS0007325,VIP0003819,Suresh Chary,,Kohir,2026-08-11,Follow-up review,FAC023,E0004998,Needs escalation,Yes
VIS0007327,VIP0003820,Raju Devi,9367611169,Ameenpur,2026-07-19,Follow-up review,FAC025,E0004999,Stable,No
VIS0007329,VIP0003821,Nirmala Reddy,,Devarakonda,2026-04-06,Follow-up review,FAC010,E0005000,Improved,No
VIS0007331,VIP0003822,Divya Das,9846717024,Nomula,2026-08-20,Follow-up review,FAC018,E0005001,Needs escalation,No
VIS0007334,VIP0003824,Divya Devi,9272979944,Bodajanampet,2026-04-01,Follow-up review,FAC006,E0005003,Stable,No
VIS0007341,VIP0003829,Ravi Rao,+91-92769-70865,Midjil,2026-03-21,Follow-up review,FAC007,E0005009,Improved,No
VIS0007343,VIP0003830,Srilatha Reddy,9080908811,Kalher,2026-03-16,Follow-up review,FAC021,E0005010,Needs escalation,Yes
VIS0007345,VIP0003831,Ravi Mudiraj,+91-97048-19828,Balanagar,2026-07-05,Follow-up review,FAC005,E0005011,Needs escalation,Yes
VIS0007347,VIP0003832,Kiran Naik,9921953039,Bhanur,2026-04-29,Follow-up review,FAC025,E0005012,Stable,No
VIS0007349,VIP0003833,Ravi Chary,9293609433,Badepally,2026-08-21,Follow-up review,FAC003,E0005013,Stable,Yes
VIS0007351,VIP0003834,Rni Patel,9300210020,Mogudampally,2026-04-28,Follow-up review,FAC022,E0005014,Stable,No
VIS0007357,VIP0003838,Mahesh Kumar,9015310440,Gundlapally,2026-04-16,Follow-up review,FAC010,E0005019,Needs escalation,No
VIS0007361,VIP0003840,Sushma Kumar,9000145139,Rajapur,2026-05-21,Follow-up review,FAC006,E0005022,Stable,No
VIS0007364,VIP0003842,Arun Rao,9802119130,Kummarikunta,2026-06-28,Follow-up review,FAC015,E0005024,Improved,Yes
VIS0007367,VIP0003843,Raghaw Rao,9633300728,Kohir,2026-08-12,Follow-up review,FAC023,E0005026,Stable,No
VIS0007370,VIP0003845,Mohan Khan,9360700989,Bhanu,2026-06-06,Follow-up review,FAC026,E0005028,Stable,No
VIS0007373,VIP0003846,Venkatesh Devi,9228959902,Badepally,2026-08-13,Follow-up review,FAC002,E0005030,Improved,No
VIS0007377,VIP0003848,Saritha Das,,Peddadinne,2026-04-16,Follow-up review,FAC010,E0005033,Stable,Yes
VIS0007384,VIP0003853,Jyothi Krishna,9763322869,Midjil,2026-07-26,Follow-up review,FAC007,E0005039,Improved,No
VIS0007387,VIP0003855,Vinod Das,9978637807,Ameenpu,2026-02-19,Follow-up review,FAC027,E0005041,Needs escalation,No
VIS0007389,VIP0003856,Kiran Das,9822006158,Balanagar,2026-07-24,Follow-up review,FAC005,E0005042,Needs escalation,No
VIS0007391,VIP0003857,Anjali Laxman,9902504218,Gangapur,2026-03-05,Follow-up review,FAC002,E0005043,Improved,No
VIS0007395,VIP0003860,Padma Yadav,9242860625,Patancheru,2026-02-18,Follow-up review,FAC026,E0005046,Improved,Yes
VIS0007397,VIP0003860,Padma Yadav,9242860625,PATANCHERU,2026-05-25,Follow-up review,FAC026,E0005047,Needs escalation,Yes
VIS0007401,VIP0003863,Shobha Reddy,9709794281,Devarakonda,2026-08-25,Follow-up review,FAC010,E0005050,Stable,No
VIS0007404,VIP0003865,Venkatesh Mudiraj,9064945114,Gundlapally,2026-05-27,Follow-up review,FAC011,E0005052,Stable,No
VIS0007406,VIP0003865,Venkatesh Mudiraj,9664945114,Gundlapally,2026-07-03,Follow-up review,FAC012,E0005053,Improved,No
VIS0007409,VIP0003866,Bhavani Devi,+91-94430-43012,Manoor,2026-04-27,Follow-up review,FAC020,E0005055,Needs escalation,No
VIS0007414,VIP0003868,Anil Naik,9913295664,DONUR,2026-07-20,Follow-up review,FAC009,E0005059,Stable,No
VIS0007416,VIP0003869,Anil Reddy,9914486961,Chandur,2026-08-22,Follow-up review,FAC015,E0005060,Needs escalation,No
VIS0007419,VIP0003871,Padma Mallaiah,9559690796,Zaheerabad,2026-07-15,Follow-up review,FAC022,E0005062,Stable,Yes
VIS0007421,VIP0003872,Anita Naik,9566092025,Kangti,2026-03-28,Follow-up review,FAC021,E0005063,Stable,No
VIS0007424,VIP0003873,Swathi Mudiraj,9971275654,Machara,2026-07-11,Follow-up review,FAC003,E0005065,Needs escalation,No
VIS0007426,VIP0003874,Anil Mallaiah,,Manoor,2026-06-14,Follow-up review,FAC019,E0005066,Needs escalation,No
VIS0007428,VIP0003875,Mohan Begum,9424173862,Kangti,2026-05-03,Follow-up review,FAC019,E0005067,Improved,No
VIS0007430,VIP0003876,Sushma Reddy,9890943448,Kallepalli,2026-04-20,Follow-up review,FAC006,E0005068,Stable,Yes
VIS0007433,VIP0003876,Sushma Reddy,9890943448,Kallepalli,2026-08-05,Follow-up review,FAC004,E0005070,Improved,No
VIS0007435,VIP0003877,Ravi Basha,9977555027,NARAYANKHED,2026-08-05,Follow-up review,FAC021,E0005071,Stable,No
VIS0007438,VIP0003878,Mohan Jangam,9826001972,Mangalapally,2026-05-31,Follow-up review,FAC016,E0005073,Improved,Yes
VIS0007440,VIP0003878,Mohan Jangam,,Mangalapally,2026-06-07,Follow-up review,FAC016,E0005074,Improved,No
VIS0007444,VIP0003881,Swathi Devi,9874036671,Nermata,2026-08-10,Follow-up review,FAC013,E0005077,Needs escalation,Yes
VIS0007447,VIP0003883,Harika Narsimha,9160640205,Mangalapally,2026-09-06,Follow-up review,FAC016,E0005079,Improved,Yes
VIS0007449,VIP0003884,Lalitha Khan,9148265036,VELPULA,2026-08-12,Follow-up review,FAC007,E0005080,Improved,Yes
VIS0007452,VIP0003886,Srilatha Rao,9602716053,Zaheerabad,2026-01-24,Follow-up review,FAC023,E0005082,Improved,Yes
VIS0007457,VIP0003889,Bhvani Kumar,9655905818,Bhanur,2026-02-04,Follow-up review,FAC027,E0005086,Stable,No
VIS0007460,VIP0003891,Padma Goud,9722056774,Bangarigadda,2026-09-12,Follow-up review,FAC013,E0005088,Needs escalation,No
VIS0007464,VIP0003893,Shankar Shekar,9183259127,Bangarigadda,2026-07-30,Follow-up review,FAC014,E0005091,Stable,No
VIS0007468,VIP0003896,Shobha Krishna,9567395926,Vemula,2026-02-01,Follow-up review,FAC007,E0005094,Improved,Yes
VIS0007470,VIP0003897,Deepika Devi,9277694510,Velpula,2026-07-15,Follow-up review,FAC009,E0005095,Needs escalation,No
VIS0007473,VIP0003899,Kavitha Patel,+91-98450-49632,Midjil,2026-08-09,Follow-up review,FAC007,E0005097,Stable,No
VIS0007475,VIP0003900,Anitha Patel,9273009268,PATANCHERU,2026-07-26,Follow-up review,FAC027,E0005098,Improved,No
VIS0007477,VIP0003901,Divya Das,9440082891,Indresham,2026-04-21,Follow-up review,FAC027,E0005099,Needs escalation,No
VIS0007480,VIP0003903,Suresh Naik,9608462196,Bhanur,2026-01-19,Follow-up review,FAC025,E0005101,Improved,Yes
VIS0007482,VIP0003904,Swathi Mallaiah,+91-93790-95882,Midjil,2026-03-04,Follow-up review,FAC008,E0005102,Needs escalation,No
VIS0007485,VIP0003906,Shankar Patel,9487308759,Kallepally,2026-05-22,Follow-up review,FAC004,E0005104,Improved,No
VIS0007490,VIP0003910,Shankar Chary,+91-96655-90742,Zaheerabad,2026-09-13,Follow-up review,FAC022,E0005108,Improved,No
VIS0007492,VIP0003911,Venkatesh Narsimha,9335924259,Vemula,2026-06-20,Follow-up review,FAC009,E0005109,Needs escalation,No
VIS0007494,VIP0003911,Venkatesh Narseemha,9335924259,Vemula,2026-08-11,Follow-up review,FAC009,E0005110,Needs escalation,Yes
VIS0007496,VIP0003912,Mounika Basha,9616853650,Kummarikunta,2026-08-24,Follow-up review,FAC013,E0005111,Improved,No
VIS0007498,VIP0003913,Divya Khan,9139056576,Peddadinne,2026-01-24,Follow-up review,FAC011,E0005112,Stable,No
VIS0007503,VIP0003915,Srinivas Krishna,9370047975,Midjil,2026-05-31,Follow-up review,FAC008,E0005116,Stable,No
VIS0007506,VIP0003917,Deepika Patel,9432421958,Chandur,2026-01-20,Follow-up review,FAC014,E0005118,Improved,Yes
VIS0007508,VIP0003917,Deepika Patel,,Chandur,2026-08-17,Follow-up review,FAC013,E0005119,Stable,No
VIS0007510,VIP0003918,Srinivas Kumar,9630323576,Nomula,2026-07-06,Follow-up review,FAC017,E0005120,Stable,No
VIS0007513,VIP0003920,Naresh Mallaiah,9386286923,Nomula,2026-08-19,Follow-up review,FAC016,E0005122,Needs escalation,Yes
VIS0007515,VIP0003921,Raju Yadav,9700513065,Kohir,2026-04-05,Follow-up review,FAC023,E0005123,Improved,No
VIS0007517,VIP0003922,Nirmala Mudiraj,9058840954,Mangalapally,2026-07-12,Follow-up review,FAC017,E0005124,Stable,No
VIS0007522,VIP0003926,Sushma Shekar,9646952331,Bhanur,2026-04-14,Follow-up review,FAC025,E0005128,Needs escalation,No
VIS0007524,VIP0003926,Sushm Shekar,9646952331,Bhanu,2026-06-16,Follow-up review,FAC027,E0005129,Needs escalation,No
VIS0007526,VIP0003927,Raju Rao,9042015846,Chandur,2026-08-06,Follow-up review,FAC014,E0005130,Needs escalation,No
VIS0007528,VIP0003928,Raghav Naik,9976487286,Jharasangam,2026-02-05,Follow-up review,FAC022,E0005131,Needs escalation,Yes
VIS0007530,VIP0003929,Naveen Devi,9997005995,Jharasangam,2026-05-15,Follow-up review,FAC023,E0005132,Needs escalation,No
VIS0007532,VIP0003930,Saritha Jangam,9288593005,Bangarigadda,2026-03-24,Follow-up review,FAC015,E0005133,Stable,No
VIS0007535,VIP0003932,Naresh Devi,9221477164,Rajapur,2026-06-18,Follow-up review,FAC005,E0005135,Stable,No
VIS0007537,VIP0003933,Venkatesh Begum,9412953620,Kummarikunta,2026-02-04,Follow-up review,FAC013,E0005136,Needs escalation,No
VIS0007539,VIP0003933,Venkates Begum,9412953620,KUMMARIKUNTA,2026-07-23,Follow-up review,FAC013,E0005137,Needs escalation,No
VIS0007541,VIP0003934,Venkatesh Reddy,,Bhanur,2026-07-12,Follow-up review,FAC025,E0005138,Improved,Yes
VIS0007543,VIP0003935,Shobha Mallaiah,+91-98809-42383,Kallepally,2026-06-18,Follow-up review,FAC005,E0005139,Needs escalation,Yes
VIS0007546,VIP0003936,Lakshmi Jangam,9898508470,Velpula,2026-08-23,Follow-up review,FAC008,E0005141,Stable,No
VIS0007550,VIP0003938,Mahesh Reddy,9597552440,MANOOR,2026-01-19,Follow-up review,FAC019,E0005144,Stable,Yes
VIS0007552,VIP0003939,Mohan Kumar,9658784281,Midjil,2026-06-21,Follow-up review,FAC008,E0005145,Improved,No
VIS0007554,VIP0003939,Mohan Kumar,9658784281,Midjil,2026-08-18,Follow-up review,FAC009,E0005146,Needs escalation,Yes
VIS0007556,VIP0003940,Mounika Shekar,,Midjil,2026-07-15,Follow-up review,FAC008,E0005147,Stable,No
VIS0007560,VIP0003943,Srilatha Devi,9357379580,Zaheerabad,2026-08-09,Follow-up review,FAC022,E0005150,Stable,No
VIS0007566,VIP0003947,Saritha Begum,9804005094,Kohir,2026-03-10,Follow-up review,FAC024,E0005155,Needs escalation,No
VIS0007569,VIP0003949,Rghav Shekar,9985643570,Indresham,2026-06-02,Follow-up review,FAC026,E0005157,Needs escalation,No
VIS0007571,VIP0003950,Padma Kumar,,Kangti,2026-04-17,Follow-up review,FAC019,E0005158,Improved,No
VIS0007574,VIP0003952,Anil Yadav,9852702916,Peddadinne,2026-07-02,Follow-up review,FAC011,E0005160,Stable,No
VIS0007577,VIP0003954,Sushma Mallaiah,9810812751,Jharasangam,2026-03-16,Follow-up review,FAC022,E0005162,Improved,No
VIS0007579,VIP0003954,Sushma Mallaiah,9810812751,Jharasangam,2026-05-01,Follow-up review,FAC023,E0005163,Needs escalation,No
VIS0007584,VIP0003958,Vinod Chary,9947532649,Kummarikunta,2026-06-29,Follow-up review,FAC013,E0005167,Stable,Yes
VIS0007586,VIP0003959,Kiran Goud,9929356322,Marrur,2026-06-11,Follow-up review,FAC018,E0005168,Improved,No
VIS0007588,VIP0003960,Naresh Laxman,9865087448,NOMULA,2026-08-08,Follow-up review,FAC018,E0005169,Improved,No
VIS0007590,VIP0003961,Srilatha Goud,9722744459,Badepally,2026-04-02,Follow-up review,FAC001,E0005170,Needs escalation,No
VIS0007592,VIP0003962,Mohan Begum,+91-94862-04405,Badepally,2026-08-16,Follow-up review,FAC001,E0005171,Stable,No
VIS0007595,VIP0003964,Naveen Patel,9389411320,Kohir,2026-07-02,Follow-up review,FAC023,E0005173,Needs escalation,Yes
VIS0007600,VIP0003968,Rani Mallaiah,9293670493,Kalher,2026-03-01,Follow-up review,FAC021,E0005177,Needs escalation,No
VIS0007602,VIP0003968,Rani Mallaiah,9293670493,Kalher,2026-05-18,Follow-up review,FAC021,E0005178,Improved,No
VIS0007610,VIP0003974,Deepika Yadav,9833938900,Velpula,2026-06-04,Follow-up review,FAC008,E0005185,Stable,No
VIS0007615,VIP0003976,Raghav Goud,9679735833,Marrur,2026-07-17,Follow-up review,FAC016,E0005189,Improved,No
VIS0007619,VIP0003978,Srinivas Yadav,9926641307,Ameenpur,2026-08-27,Follow-up review,FAC027,E0005192,Stable,Yes
VIS0007623,VIP0003981,Ravi Jangam,9808389430,Chandur,2026-05-24,Follow-up review,FAC013,E0005195,Improved,No
VIS0007626,VIP0003982,Lalitha Chary,9410120185,VELPULA,2026-09-05,Follow-up review,FAC009,E0005197,Needs escalation,No
VIS0007628,VIP0003983,Saritha Devi,9345593356,Gundlapally,2026-03-23,Follow-up review,FAC011,E0005198,Improved,Yes
VIS0007630,VIP0003984,Bhavani Das,9803239259,Rajapur,2026-07-17,Follow-up review,FAC005,E0005199,Needs escalation,No
VIS0007635,VIP0003986,Renuka Shekar,,Macharam,2026-09-14,Follow-up review,FAC003,E0005203,Stable,Yes
VIS0007637,VIP0003987,Shobha Khan,9467653672,Balanagar,2026-08-21,Follow-up review,FAC005,E0005204,Improved,Yes
VIS0007640,VIP0003989,Venkatesh Das,,Mangalapally,2026-02-12,Follow-up review,FAC017,E0005206,Needs escalation,Yes
VIS0007642,VIP0003990,Susma Reddy,9509168266,Rajapur,2026-08-22,Follow-up review,FAC004,E0005207,Improved,No
VIS0007649,VIP0003995,Divya Jangam,9766289737,Zaheerabad,2026-03-31,Follow-up review,FAC024,E0005213,Improved,No
VIS0007651,VIP0003995,Divya Jangam,9766289737,Zaheerabad,2026-04-10,Follow-up review,FAC023,E0005214,Stable,Yes
VIS0007653,VIP0003996,Saritha Chary,9567368101,Mangalapally,2026-05-23,Follow-up review,FAC016,E0005215,Needs escalation,No
VIS0007658,VIP0004000,Srilata Devi,9538126322,Devarakonda,2026-08-10,Follow-up review,FAC011,E0005219,Needs escalation,Yes
VIS0007662,VIP0004002,Rani Naik,9314360614,Manoor,2026-08-17,Follow-up review,FAC021,E0005222,Needs escalation,Yes
VIS0007666,VIP0004005,Sai Jangam,9629713899,Manoor,2026-06-07,Follow-up review,FAC020,E0005225,Improved,Yes
VIS0007668,VIP0004006,Kavitha Mallaiah,9750184249,Indresham,2026-06-12,Follow-up review,FAC027,E0005226,Stable,No
VIS0007673,VIP0004008,Deepika Laxman,9656201031,Rajapur,2026-08-18,Follow-up review,FAC006,E0005230,Improved,No
VIS0007676,VIP0004009,Pdma Patel,9322550124,Manoor,2026-06-12,Follow-up review,FAC021,E0005232,Stable,Yes
VIS0007679,VIP0004011,Praveen Rao,9365883330,Bodajanampet,2026-02-03,Follow-up review,FAC006,E0005234,Needs escalation,No
VIS0007681,VIP0004012,Santosh Laxman,9998893359,Mogudampally,2026-04-16,Follow-up review,FAC024,E0005235,Improved,Yes
VIS0007683,VIP0004013,Santosh Mudiraj,9915405993,Peddadinn,2026-05-01,Follow-up review,FAC010,E0005236,Improved,Yes
VIS0007686,VIP0004014,Mounika Naik,+91-97314-99115,Patancheru,2026-02-20,Follow-up review,FAC026,E0005238,Needs escalation,Yes
VIS0007688,VIP0004014,Mounika Naik,+91-97314-99115,Patancher,2026-08-27,Follow-up review,FAC026,E0005239,Needs escalation,Yes
VIS0007697,VIP0004021,Shobha Khan,9343728476,Kangti,2026-06-01,Follow-up review,FAC021,E0005247,Improved,No
VIS0007699,VIP0004021,Shobha Khan,9343728476,Kangti,2026-07-02,Follow-up review,FAC021,E0005248,Needs escalation,No
VIS0007701,VIP0004022,Suresh Jangam,9796357551,CHANDUR,2026-04-14,Follow-up review,FAC013,E0005249,Needs escalation,Yes
VIS0007703,VIP0004023,Lalitha Krishna,9803794543,Vemula,2026-07-26,Follow-up review,FAC009,E0005250,Improved,No
VIS0007705,VIP0004024,Shankar Kumar,9090175317,Gundlapally,2026-05-07,Follow-up review,FAC012,E0005251,Improved,No
VIS0007708,VIP0004026,Arun Yadav,9316073034,Mogudampally,2026-03-31,Follow-up review,FAC023,E0005253,Needs escalation,No
VIS0007711,VIP0004028,Anitha Yadav,9776328910,Macharam,2026-08-04,Follow-up review,FAC003,E0005255,Stable,Yes
VIS0007714,VIP0004030,Santosh Laxman,,Kummarikunta,2026-03-31,Follow-up review,FAC015,E0005257,Stable,Yes
VIS0007717,VIP0004031,Srilata Yadav,9254087288,Chandur,2026-08-02,Follow-up review,FAC014,E0005259,Stable,No
VIS0007720,VIP0004033,Kavitha Krishna,9262080910,Kallepally,2026-08-31,Follow-up review,FAC006,E0005261,Improved,Yes
VIS0007722,VIP0004034,Raju Kumar,9338028564,Nomula,2026-04-20,Follow-up review,FAC018,E0005262,Improved,No
VIS0007725,VIP0004036,Saritha Goud,9700729259,Kohir,2026-05-12,Follow-up review,FAC024,E0005264,Improved,Yes
VIS0007727,VIP0004037,Rani Das,9298649644,Jharasangam,2026-05-21,Follow-up review,FAC024,E0005265,Needs escalation,No
VIS0007731,VIP0004040,Ramesh Naik,9191715191,Donur,2026-06-10,Follow-up review,FAC008,E0005268,Needs escalation,No
VIS0007735,VIP0004043,Sritha Krishna,+91-96451-26463,Zaheerabad,2026-05-26,Follow-up review,FAC023,E0005271,Stable,No
VIS0007738,VIP0004044,Srilatha Naik,9640951275,Manoor,2026-06-24,Follow-up review,FAC019,E0005273,Stable,Yes
VIS0007740,VIP0004044,Srilatha Naik,+91-96409-51275,MANOOR,2026-08-20,Follow-up review,FAC021,E0005274,Needs escalation,No
VIS0007744,VIP0004046,Lalitha Krishna,9201884535,RAJAPUR,2026-02-11,Follow-up review,FAC005,E0005277,Improved,No
VIS0007751,VIP0004051,Padma Jangam,,Bodajanampet,2026-07-01,Follow-up review,FAC004,E0005283,Improved,Yes
VIS0007758,VIP0004055,Anjali Reddy,9932526394,Peddadinne,2026-06-24,Follow-up review,FAC010,E0005289,Needs escalation,No
VIS0007760,VIP0004056,Ramesh Chary,+91-97637-33174,POLEPALLY,2026-07-12,Follow-up review,FAC002,E0005290,Needs escalation,Yes
VIS0007762,VIP0004057,Padma Das,9037814593,Nomula,2026-06-29,Follow-up review,FAC018,E0005291,Stable,No
VIS0007764,VIP0004058,Lalitha Mudiraj,9072596374,Gundlapally,2026-06-26,Follow-up review,FAC012,E0005292,Needs escalation,No
VIS0007766,VIP0004059,Harika Naik,9463034721,Gundlapally,2026-02-18,Follow-up review,FAC011,E0005293,Improved,No
VIS0007769,VIP0004060,Lakshmi Jangam,9360806159,Kohir,2026-03-01,Follow-up review,FAC024,E0005295,Improved,No
VIS0007771,VIP0004060,Lakshmi Jangam,+91-93608-06159,Kohir,2026-05-30,Follow-up review,FAC022,E0005296,Stable,No
VIS0007774,VIP0004062,Nirmala Begum,9767063347,Vemula,2026-03-05,Follow-up review,FAC008,E0005298,Stable,Yes
VIS0007776,VIP0004063,Bhavani,+91-98912-86726,Chandur,2026-07-17,Follow-up review,FAC014,E0005299,Improved,No
VIS0007778,VIP0004063,Bhawani Mudiraj,9891286726,Chandur,2026-08-26,Follow-up review,FAC014,E0005300,Improved,No
VIS0007780,VIP0004064,Ravi Das,9462254190,Gundlapally,2026-04-26,Follow-up review,FAC011,E0005301,Improved,No
VIS0007784,VIP0004066,Nirmala Devi,9554267983,Mogudampally,2026-07-07,Follow-up review,FAC022,E0005304,Improved,No
VIS0007786,VIP0004067,Anil Begum,9667385000,Rajapur,2026-07-22,Follow-up review,FAC004,E0005305,Stable,No
VIS0007791,VIP0004069,Rani Patel,9106904063,Zaheerabad,2026-03-28,Follow-up review,FAC023,E0005309,Stable,No
VIS0007793,VIP0004070,Divya Jangam,9370637569,Macharam,2026-04-23,Follow-up review,FAC003,E0005310,Stable,Yes
VIS0007796,VIP0004072,Naveen Khan,9759420311,Kallepally,2026-06-08,Follow-up review,FAC004,E0005312,Needs escalation,Yes
VIS0007801,VIP0004075,Mahesh Naik,9717220141,Balanagar,2026-04-25,Follow-up review,FAC006,E0005316,Needs escalation,No
VIS0007803,VIP0004075,Mahes Naik,9714220141,Balanagar,2026-05-23,Follow-up review,FAC005,E0005317,Needs escalation,No
VIS0007806,VIP0004077,Lalitha Krishna,9333913589,Patancheru,2026-05-17,Follow-up review,FAC025,E0005319,Needs escalation,No
VIS0007808,VIP0004077,Lalitha Krishna,9333913589,Patancheru,2026-07-05,Follow-up review,FAC027,E0005320,Stable,No
VIS0007810,VIP0004078,Divya Jangam,9921322270,Patancheru,2026-08-05,Follow-up review,FAC025,E0005321,Stable,Yes
VIS0007817,VIP0004084,Harika Basha,+91-98568-92290,Rajapur,2026-08-27,Follow-up review,FAC005,E0005327,Improved,No
VIS0007819,VIP0004085,Anjali Chary,9712962879,Peddadinn,2026-02-13,Follow-up review,FAC011,E0005328,Stable,Yes
VIS0007821,VIP0004086,Kavita Shekar,9335512882,Nermata,2026-08-20,Follow-up review,FAC015,E0005329,Needs escalation,No
VIS0007823,VIP0004087,Jyothi Basha,9974749673,Devarakonda,2026-06-23,Follow-up review,FAC010,E0005330,Improved,No
VIS0007825,VIP0004088,Mounika Shekar,9955631143,Polepally,2026-07-18,Follow-up review,FAC003,E0005331,Needs escalation,No
VIS0007828,VIP0004090,Shankar Narsimha,9031886662,POLEPALLY,2026-06-13,Follow-up review,FAC002,E0005333,Improved,No
VIS0007830,VIP0004091,Santosh Kumar,9015910269,Peddadinne,2026-07-15,Follow-up review,FAC011,E0005334,Stable,No
VIS0007832,VIP0004091,Santosh Kumar,,Peddadinne,2026-08-11,Follow-up review,FAC010,E0005335,Needs escalation,No
VIS0007835,VIP0004093,Sriniwas Laxman,9558904041,Velpula,2026-07-23,Follow-up review,FAC009,E0005337,Stable,Yes
VIS0007843,VIP0004098,Sushma Rao,9042709864,Bhanur,2026-03-12,Follow-up review,FAC025,E0005344,Improved,No
VIS0007848,VIP0004100,Kavitha Mudiraj,9755392834,ZAHEERABAD,2026-08-22,Follow-up review,FAC022,E0005348,Improved,No
VIS0007851,VIP0004102,Kiran Laxman,9198161605,Kondamallepally,2026-07-20,Follow-up review,FAC011,E0005350,Needs escalation,Yes
VIS0007855,VIP0004105,Mahesh Devi,9296398546,Ameenpur,2026-07-10,Follow-up review,FAC026,E0005353,Needs escalation,No
VIS0007858,VIP0004106,Dipika Jangam,9826421940,Nakrekal,2026-08-25,Follow-up review,FAC018,E0005355,Stable,No
VIS0007862,VIP0004109,Harika Mudiraj,9519189681,Nomula,2026-04-25,Follow-up review,FAC018,E0005358,Stable,No
VIS0007866,VIP0004112,Venkatesh Rao,9510198973,Kohir,2026-03-25,Follow-up review,FAC023,E0005361,Stable,Yes
VIS0007869,VIP0004114,Santosh Rao,9373854472,Mogudampally,2026-08-23,Follow-up review,FAC024,E0005363,Improved,No
VIS0007872,VIP0004115,Shankar Reddy,9217065755,Devarakonda,2026-09-19,Follow-up review,FAC012,E0005365,Improved,No
VIS0007876,VIP0004117,Deepika Goud,9907713939,Midjil,2026-06-07,Follow-up review,FAC008,E0005368,Improved,No
VIS0007879,VIP0004119,Sai Patel,+91-98748-64358,Mogudampally,2026-06-06,Follow-up review,FAC023,E0005370,Stable,No
VIS0007884,VIP0004123,Srilatha Khan,9653313963,Devarakonda,2026-01-25,Follow-up review,FAC012,E0005374,Needs escalation,No
VIS0007886,VIP0004124,Suresh Das,9893627488,Marrur,2026-06-29,Follow-up review,FAC018,E0005375,Stable,No
VIS0007893,VIP0004129,Shankar Kumar,9520917054,Vemula,2026-06-08,Follow-up review,FAC007,E0005381,Improved,No
VIS0007895,VIP0004130,Divya Mallaiah,9682334171,Gangapur,2026-04-22,Follow-up review,FAC003,E0005382,Improved,No
VIS0007897,VIP0004130,Divya Mallaiah,9682334171,Gangapur,2026-07-01,Follow-up review,FAC003,E0005383,Needs escalation,Yes
VIS0007899,VIP0004131,Mounika Reddy,9646870332,Gundlapally,2026-04-16,Follow-up review,FAC011,E0005384,Needs escalation,No
VIS0007903,VIP0004133,Sai Chary,9199157442,Bhanur,2026-09-10,Follow-up review,FAC026,E0005387,Stable,Yes
VIS0007905,VIP0004134,Srilatha Reddy,9547701797,Gundlapally,2026-02-11,Follow-up review,FAC010,E0005388,Improved,No
VIS0007907,VIP0004135,Naveen Laxman,9825130292,Kondamallepally,2026-03-07,Follow-up review,FAC012,E0005389,Needs escalation,Yes
VIS0007910,VIP0004136,Ramesh Krishna,9498321660,Bhanur,2026-09-01,Follow-up review,FAC027,E0005391,Stable,No
VIS0007913,VIP0004137,Kavitha Khan,9978489165,Peddadinne,2026-02-18,Follow-up review,FAC011,E0005393,Improved,Yes
VIS0007916,VIP0004138,Lalitha Begum,,Ameenpur,2026-04-18,Follow-up review,FAC026,E0005395,Needs escalation,Yes
VIS0007919,VIP0004139,Mounika Naik,9884894836,Gundlapally,2026-08-11,Follow-up review,FAC012,E0005397,Stable,Yes
VIS0007921,VIP0004140,Divya Goud,9005497585,Polepally,2026-07-25,Follow-up review,FAC003,E0005398,Stable,No
VIS0007924,VIP0004141,Sriltha Jangam,9503589303,Indresham,2026-06-30,Follow-up review,FAC026,E0005400,Needs escalation,Yes
VIS0007926,VIP0004142,Suresh Narsimha,9923639459,VELPULA,2026-01-15,Follow-up review,FAC009,E0005401,Improved,No
VIS0007930,VIP0004144,Jyothi Narsimha,9644525203,Indresha,2026-08-15,Follow-up review,FAC027,E0005404,Needs escalation,No
VIS0007933,VIP0004146,Divya Goud,9861937998,Kohir,2026-04-11,Follow-up review,FAC022,E0005406,Needs escalation,No
VIS0007935,VIP0004147,Renuka Goud,9439358420,Devarakonda,2026-09-04,Follow-up review,FAC012,E0005407,Stable,No
VIS0007939,VIP0004150,Praveen Krishna,9114923740,JHARASANGAM,2026-06-29,Follow-up review,FAC022,E0005410,Needs escalation,Yes
VIS0007941,VIP0004151,Renuka Patel,9590177156,Polepally,2026-06-06,Follow-up review,FAC003,E0005411,Stable,Yes
VIS0007945,VIP0004154,Ramesh Narsimha,9522201824,Kondamallepally,2026-07-10,Follow-up review,FAC011,E0005414,Needs escalation,No
VIS0007947,VIP0004154,Ramesh Narsimha,9522201824,Kondamallepally,2026-08-15,Follow-up review,FAC010,E0005415,Stable,No
VIS0007949,VIP0004155,Padma Yadav,9396191495,Kondamallepally,2026-06-15,Follow-up review,FAC010,E0005416,Improved,No
VIS0007952,VIP0004156,Bhavani,9912782456,KUMMARIKUNTA,2026-08-08,Follow-up review,FAC015,E0005418,Improved,Yes
VIS0007954,VIP0004157,Naresh Devi,9392968907,Kondamallepally,2026-03-29,Follow-up review,FAC010,E0005419,Needs escalation,No
VIS0007959,VIP0004161,Rani Goud,9102236761,Chandur,2026-06-18,Follow-up review,FAC014,E0005423,Stable,No
VIS0007961,VIP0004162,Rghav Chary,9494961217,Balanagar,2026-05-10,Follow-up review,FAC006,E0005424,Needs escalation,No
VIS0007963,VIP0004162,Raghaw Chary,9494961217,BALANAGAR,2026-05-31,Follow-up review,FAC006,E0005425,Stable,Yes
VIS0007965,VIP0004163,Padma,9560036443,Devarakonda,2026-03-10,Follow-up review,FAC011,E0005426,Needs escalation,No
VIS0007967,VIP0004164,Susma Chary,9419290967,Indresham,2026-08-22,Follow-up review,FAC025,E0005427,Improved,Yes
VIS0007970,VIP0004166,Naveen Goud,9415383159,Mogudampally,2026-04-20,Follow-up review,FAC024,E0005429,Improved,Yes
VIS0007976,VIP0004170,Naresh Kumar,9702020481,Rajapur,2026-08-02,Follow-up review,FAC004,E0005434,Stable,Yes
VIS0007978,VIP0004171,Suresh Das,9068888349,Midjil,2026-02-20,Follow-up review,FAC008,E0005435,Improved,No
VIS0007981,VIP0004172,Renuk Shekar,9562067064,Devarakonda,2026-07-20,Follow-up review,FAC011,E0005437,Needs escalation,No
VIS0007983,VIP0004172,Renuka Shekar,9562067064,Devarakonda,2026-08-13,Follow-up review,FAC012,E0005438,Improved,No
VIS0007985,VIP0004173,Lalitha Patel,9398355872,Velpula,2026-08-06,Follow-up review,FAC008,E0005439,Improved,Yes
VIS0007990,VIP0004176,Rghav Naik,9575332550,Marrur,2026-05-06,Follow-up review,FAC018,E0005443,Needs escalation,No
VIS0007992,VIP0004176,Raghav Naik,9575332550,Marrur,2026-07-31,Follow-up review,FAC017,E0005444,Needs escalation,Yes
VIS0007996,VIP0004179,Deepika Narsimha,9549596363,Mogudampally,2026-07-28,Follow-up review,FAC022,E0005447,Improved,No
VIS0007998,VIP0004180,Naresh Mallaiah,9154018507,Polepally,2026-07-19,Follow-up review,FAC002,E0005448,Improved,No
VIS0008001,VIP0004181,Arun Basha,+91-91684-04922,Zaheerabad,2026-04-28,Follow-up review,FAC024,E0005450,Stable,No
VIS0008005,VIP0004183,Rames Das,,Kohir,2026-09-02,Follow-up review,FAC024,E0005453,Improved,No
VIS0008008,VIP0004185,Ravi Naik,9341776266,Nomula,2026-04-21,Follow-up review,FAC016,E0005455,Needs escalation,No
VIS0008015,VIP0004189,Nirmala Narsimha,9940265625,Nermata,2026-04-16,Follow-up review,FAC014,E0005461,Improved,No
VIS0008017,VIP0004189,Neermala Narsimha,9940865625,Nermata,2026-06-03,Follow-up review,FAC015,E0005462,Improved,No
VIS0008019,VIP0004189,Nirmala Narsimha,9940865625,Nermata,2026-06-27,Follow-up review,FAC014,E0005463,Stable,Yes
VIS0008022,VIP0004191,Venkatesh Yadav,9048076017,Midji,2026-09-01,Follow-up review,FAC007,E0005465,Improved,No
VIS0008031,VIP0004198,Anitha Narsimha,,Midjil,2026-07-01,Follow-up review,FAC009,E0005473,Needs escalation,No
VIS0008034,VIP0004200,Shobha Yadav,9685969669,Velpula,2026-07-02,Follow-up review,FAC007,E0005475,Stable,No
VIS0008036,VIP0004201,Kavitha Goud,9212790938,Nakrekal,2026-08-06,Follow-up review,FAC016,E0005476,Improved,Yes
VIS0008040,VIP0004203,Lakshmi Mallaiah,9006356170,Devarakonda,2026-08-14,Follow-up review,FAC010,E0005479,Stable,No
VIS0008042,VIP0004204,Bhavani Kumar,9939117840,Bodajanampet,2026-09-01,Follow-up review,FAC005,E0005480,Needs escalation,Yes
VIS0008052,VIP0004212,Anitha Reddy,9262831838,Bangarigadda,2026-05-31,Follow-up review,FAC015,E0005489,Improved,No
VIS0008056,VIP0004214,Divya Mudiraj,9230715229,Gangapur,2026-09-19,Follow-up review,FAC002,E0005492,Improved,Yes
VIS0008060,VIP0004216,Arun Goud,9476883978,Midjil,2026-02-05,Follow-up review,FAC008,E0005495,Stable,No
VIS0008066,VIP0004219,Anjali Basha,9055310237,Macharam,2026-05-27,Follow-up review,FAC003,E0005500,Needs escalation,Yes
VIS0008070,VIP0004221,Sai Chary,9649399174,Midjil,2026-07-14,Follow-up review,FAC008,E0005503,Needs escalation,Yes
VIS0008072,VIP0004222,Bhavani Patel,9624689365,Donur,2026-02-20,Follow-up review,FAC007,E0005504,Needs escalation,Yes
VIS0008074,VIP0004223,Shankar,9518580885,Kohir,2026-07-22,Follow-up review,FAC022,E0005505,Stable,No
VIS0008076,VIP0004224,Saritha Krishna,9562982653,Bodajanampet,2026-01-22,Follow-up review,FAC004,E0005506,Needs escalation,No
VIS0008078,VIP0004225,Swathi Reddy,9792523475,Mangalapally,2026-04-20,Follow-up review,FAC018,E0005507,Needs escalation,No
VIS0008080,VIP0004225,Swathi Reddy,9792523475,Mangalapally,2026-06-04,Follow-up review,FAC016,E0005508,Needs escalation,No
VIS0008082,VIP0004226,Mahesh Das,9037056547,GUNDLAPALLY,2026-03-30,Follow-up review,FAC012,E0005509,Stable,Yes
VIS0008088,VIP0004230,Shankar Krishna,9272931494,Narayankhed,2026-04-08,Follow-up review,FAC020,E0005514,Needs escalation,No
