dispense_id,pharm_source_patient_id,patient_name,mobile,village,dispense_date,prescription_id,medicine_name,prescribed_qty_proxy,dispensed_qty,partial_fill,stockout_flag,facility_id,dispense_status
DSP0000001,PHP0000001,Mohan Basha,9983609751,Chandur,2026-05-19,RX0000001,Cetirizine,5,15,0,0,FAC015,Dispensed
DSP0000002,PHP0000002,Mohan Narsimha,9484336710,Kondamallepally,2026-06-04,RX0000002,Amlodipine,30,30,0,0,FAC011,Dispensed
DSP0000003,PHP0000003,Anitha Narsimha,9474992238,Devarakonda,2026-02-26,RX0000004,Amlodipine,30,15,1,0,FAC011,Partially dispensed
DSP0000004,PHP0000003,Anitha Narsimha,9474992238,Devarakonda,2026-03-01,RX0000004,Metformin,30,30,0,0,FAC011,Dispensed
DSP0000005,PHP0000004,Ramesh Begum,9645420540,Kangti,2026-02-07,RX0000008,Pantoprazole,10,30,0,0,FAC020,Dispensed
DSP0000006,PHP0000004,Ramesh Begum,9645420540,KANGTI,2026-07-21,RX0000009,Amoxicillin,5,15,0,0,FAC019,Dispensed
DSP0000007,PHP0000005,Suresh Reddy,,Chandur,2026-03-25,RX0000010,Amlodipine,30,15,1,0,FAC015,Partially dispensed
DSP0000008,PHP0000005,Sures Reddy,9480282019,Chandur,2026-03-23,RX0000010,Metformin,30,30,0,0,FAC015,Dispensed
DSP0000009,PHP0000006,Bhavani Mudiraj,9308761512,Patancheru,2026-04-03,RX0000012,Amoxicillin,5,15,0,0,FAC025,Dispensed
DSP0000010,PHP0000006,Bhavani Mudiraj,9308761512,Patancheru,2026-04-01,RX0000012,Paracetamol,3,30,0,0,FAC025,Dispensed
DSP0000011,PHP0000006,Bhavani Mudiraj,9308761512,PATANCHERU,2026-05-30,RX0000014,Cetirizine,5,30,0,0,FAC025,Dispensed
DSP0000012,PHP0000006,Bhavani Mudiraj,,Patancheru,2026-07-17,RX0000015,Amoxicillin,5,15,0,0,FAC027,Dispensed
DSP0000013,PHP0000007,Srinivas Khan,9409240836,Rajapur,2026-04-04,RX0000016,Amlodipine,30,15,1,0,FAC006,Partially dispensed
DSP0000014,PHP0000008,Ravi,,Kangti,2026-07-01,RX0000018,Amlodipine,30,30,0,0,FAC020,Dispensed
DSP0000015,PHP0000009,Sriniwas Shekar,9632977212,Polepally,2026-06-29,RX0000019,Paracetamol,5,15,0,0,FAC001,Dispensed
DSP0000016,PHP0000010,Sai Das,9299169424,Bhanur,2026-08-15,RX0000020,Metformin,30,30,0,0,FAC027,Dispensed
DSP0000017,PHP0000011,Venkates Krishna,9930258785,Donur,2026-02-20,RX0000022,Amlodipine,30,15,1,0,FAC009,Partially dispensed
DSP0000018,PHP0000012,wenkatesh Mudiraj,,Badepally,2026-05-26,RX0000023,Amoxicillin,5,15,0,0,FAC002,Dispensed
DSP0000019,PHP0000012,Venkatesh Mudiraj,9678658261,Badepall,2026-07-29,RX0000024,Amoxicillin,5,30,0,0,FAC003,Dispensed
DSP0000020,PHP0000013,Srilatha Rao,9362646185,Kangti,2026-04-29,RX0000025,Paracetamol,5,15,0,0,FAC019,Dispensed
DSP0000021,PHP0000014,Suresh Narsimha,+91-95153-46534,Mogudampally,2026-07-08,RX0000027,Paracetamol,3,30,0,0,FAC023,Dispensed
DSP0000022,PHP0000014,Suresh Narsimha,,Mogudampally,2026-08-01,RX0000029,Pantoprazole,10,30,0,0,FAC022,Dispensed
DSP0000023,PHP0000015,Mounika Reddy,9789954295,Jharasangam,2026-03-31,RX0000030,Pantoprazole,10,30,0,0,FAC024,Dispensed
DSP0000024,PHP0000016,Kavitha Begum,+91-99792-86688,Peddadinne,2026-03-12,RX0000031,Pantoprazole,10,30,0,0,FAC011,Dispensed
DSP0000025,PHP0000017,Mahesh Goud,9725511916,Manoor,2026-01-12,RX0000033,Paracetamol,5,30,0,0,FAC019,Dispensed
DSP0000026,PHP0000018,Shankar Devi,9675486654,Kondamallepally,2026-01-13,RX0000034,Amlodipine,30,15,1,0,FAC010,Partially dispensed
DSP0000027,PHP0000019,Raju Goud,9915458298,Manoor,2026-03-04,RX0000035,Amoxicillin,5,15,0,0,FAC021,Dispensed
DSP0000028,PHP0000020,Lalitha Begum,9911829301,Balanagar,2026-03-26,RX0000037,Amoxicillin,5,15,0,0,FAC006,Dispensed
DSP0000029,PHP0000021,nil Chary,9738367208,Bodajanampet,2026-01-07,RX0000039,Metformin,30,30,0,0,FAC005,Dispensed
DSP0000030,PHP0000022,Bhavani Mudiraj,9653959646,Peddadinne,2026-07-08,RX0000040,Cetirizine,5,30,0,0,FAC012,Dispensed
DSP0000031,PHP0000023,Mounika Laxman,9003321988,Rajapur,2026-04-03,RX0000042,Paracetamol,5,15,0,0,FAC006,Dispensed
DSP0000032,PHP0000024,Anil Naik,9283069210,Gundlapalli,2026-06-16,RX0000043,Amoxicillin,5,15,0,0,FAC011,Dispensed
DSP0000033,PHP0000025,Anjali Patel,+91-97090-38798,Devarakonda,2026-03-18,RX0000045,Amlodipine,30,30,0,0,FAC010,Dispensed
DSP0000034,PHP0000026,Anil Reddy,9346458420,Bodajanampet,2026-04-25,RX0000046,Paracetamol,3,15,0,0,FAC004,Dispensed
DSP0000035,PHP0000027,Swati Patel,9664868595,Zaheerabad,2026-08-04,RX0000048,Metformin,30,15,1,0,FAC023,Partially dispensed
DSP0000036,PHP0000028,Anjali Devi,,Kondamallepally,2026-02-28,RX0000050,Amoxicillin,5,15,0,0,FAC010,Dispensed
DSP0000037,PHP0000029,Lakshmi Krishna,9000582847,Kallepally,2026-05-17,RX0000051,Paracetamol,5,30,0,0,FAC004,Dispensed
DSP0000038,PHP0000030,Raju Patel,9148658249,Jharasangam,2026-06-02,RX0000054,Cetirizine,5,15,0,0,FAC022,Dispensed
DSP0000039,PHP0000031,Raghav Laxman,9875287515,Badepally,2026-01-21,RX0000057,Amlodipine,30,30,0,0,FAC003,Dispensed
DSP0000040,PHP0000032,Anitha,9444381461,BHANUR,2026-02-02,RX0000058,Cetirizine,5,15,0,0,FAC025,Dispensed
DSP0000041,PHP0000033,Kavitha Laxman,9780261502,Badepally,2026-07-08,RX0000059,Amlodipine,30,30,0,0,FAC003,Dispensed
DSP0000042,PHP0000033,Kavitha Laxman,9780261502,Badepally,2026-07-09,RX0000059,Metformin,30,30,0,0,FAC003,Dispensed
DSP0000043,PHP0000034,Arun Narsimha,9718826752,Kondamallepally,2026-05-26,RX0000061,Paracetamol,5,15,0,0,FAC012,Dispensed
DSP0000044,PHP0000035,Harika Das,9123465983,Donur,2026-05-17,RX0000062,Amlodipine,30,30,0,0,FAC008,Dispensed
DSP0000045,PHP0000036,Rani Krishna,9856234226,Vemula,2026-07-03,RX0000064,Paracetamol,5,15,0,0,FAC007,Dispensed
DSP0000046,PHP0000037,Suresh Laxman,+91-90116-64925,Mogudampally,2026-01-17,RX0000066,Amoxicillin,5,15,0,0,FAC024,Dispensed
DSP0000047,PHP0000038,Padma Shekar,+91-99484-63267,Kangti,2026-05-25,RX0000067,Cetirizine,5,15,0,0,FAC019,Dispensed
DSP0000048,PHP0000039,Renuka Rao,9772600865,Midjil,2026-04-02,RX0000070,Paracetamol,5,30,0,0,FAC008,Dispensed
DSP0000049,PHP0000040,Sushma Reddy,+91-92278-21042,Chandur,2026-07-01,RX0000071,Amlodipine,30,30,0,0,FAC015,Dispensed
DSP0000050,PHP0000040,Sushma Reddy,9227821042,Chandur,2026-07-01,RX0000071,Metformin,30,15,1,0,FAC015,Partially dispensed
DSP0000051,PHP0000041,Rani Das,9408982079,Zaheerabad,2026-05-22,RX0000073,Paracetamol,3,30,0,0,FAC022,Dispensed
DSP0000052,PHP0000042,Santosh Shekar,9248190317,Bangarigadda,2026-02-02,RX0000075,Metformin,30,30,0,0,FAC014,Dispensed
DSP0000053,PHP0000043,Padma Chary,9818513664,Ameenpur,2026-07-05,RX0000076,Metformin,30,30,0,0,FAC026,Dispensed
DSP0000054,PHP0000044,Lalitha Mudiraj,9396042708,GANGAPUR,2026-08-06,RX0000077,Amlodipine,30,30,0,0,FAC003,Dispensed
DSP0000055,PHP0000045,Ravi Krishna,9988713034,Manoor,2026-02-26,RX0000078,Paracetamol,5,15,0,0,FAC021,Dispensed
DSP0000056,PHP0000046,Kavitha Shekar,9531337589,Nomula,2026-08-09,RX0000080,Paracetamol,5,30,0,0,FAC016,Dispensed
DSP0000057,PHP0000047,Raju Krishna,9519899121,Chandur,2026-08-14,RX0000083,Amoxicillin,5,15,0,0,FAC014,Dispensed
DSP0000058,PHP0000048,Naveen Patel,9824178781,Peddadinne,2026-05-09,RX0000084,Metformin,30,0,0,1,FAC011,Not dispensed due to stock
DSP0000059,PHP0000049,Sushma Goud,9538357964,Vemula,2026-06-18,RX0000086,Pantoprazole,10,30,0,0,FAC009,Dispensed
DSP0000060,PHP0000049,Susma Goud,9538357964,Vemula,2026-06-21,RX0000086,Paracetamol,3,30,0,0,FAC009,Dispensed
DSP0000061,PHP0000050,Renuka Mallaiah,+91-92870-25334,Midjil,2026-02-13,RX0000088,Pantoprazole,10,15,0,0,FAC009,Dispensed
DSP0000062,PHP0000050,Renuka Mallaiah,9287025334,Midjil,2026-02-15,RX0000088,Paracetamol,3,15,0,0,FAC009,Dispensed
DSP0000063,PHP0000051,Deepika Jangam,9300346832,Jharasangam,2026-05-23,RX0000090,Cetirizine,5,30,0,0,FAC022,Dispensed
DSP0000064,PHP0000051,Deepik Jangam,9300346832,Jharasangam,2026-05-25,RX0000090,Paracetamol,3,30,0,0,FAC022,Dispensed
DSP0000065,PHP0000051,Deepika Jangam,9300346832,Jharasangam,2026-07-13,RX0000092,Pantoprazole,10,15,0,0,FAC024,Dispensed
DSP0000066,PHP0000052,Renuka Krishna,+91-91512-54866,MOGUDAMPALLY,2026-08-10,RX0000094,Metformin,30,30,0,0,FAC022,Dispensed
DSP0000067,PHP0000053,Srinivas Jangam,9400987444,Nakrekal,2026-08-08,RX0000095,Amlodipine,30,15,1,0,FAC016,Partially dispensed
DSP0000068,PHP0000054,Nirmala Das,9279660339,Narayankhed,2026-05-06,RX0000098,Amlodipine,30,15,1,0,FAC019,Partially dispensed
DSP0000069,PHP0000055,Srinivas Naik,+91-97070-39897,VEMULA,2026-04-28,RX0000099,Paracetamol,5,30,0,0,FAC009,Dispensed
DSP0000070,PHP0000055,Srinivas Naik,9707039897,Vemul,2026-06-14,RX0000100,Amlodipine,30,15,1,0,FAC008,Partially dispensed
DSP0000071,PHP0000055,Srinivas Naik,9707039897,Vemula,2026-07-22,RX0000101,Amlodipine,30,30,0,0,FAC008,Dispensed
DSP0000072,PHP0000056,Sreenivas Laxman,9641722497,Nakrekal,2026-02-26,RX0000102,Amlodipine,30,30,0,0,FAC016,Dispensed
DSP0000073,PHP0000057,Swathi Mudiraj,9222033108,Midjil,2026-01-31,RX0000104,Metformin,30,30,0,0,FAC007,Dispensed
DSP0000074,PHP0000057,Swathi Mudiraj,9222033108,Midjil,2026-03-08,RX0000105,Paracetamol,3,15,0,0,FAC009,Dispensed
DSP0000075,PHP0000058,Vinod Reddy,9112461912,AMEENPUR,2026-08-07,RX0000109,Paracetamol,5,15,0,0,FAC025,Dispensed
DSP0000076,PHP0000059,Deepika Mudiraj,9643344837,Mogudampally,2026-02-23,RX0000110,Amlodipine,30,30,0,0,FAC024,Dispensed
DSP0000077,PHP0000059,Deepika Mudiraj,,Mogudampally,2026-02-22,RX0000110,Metformin,30,30,0,0,FAC024,Dispensed
DSP0000078,PHP0000060,Raju Laxman,9124740742,Peddadinne,2026-07-21,RX0000112,Cetirizine,5,15,0,0,FAC010,Dispensed
DSP0000079,PHP0000061,Arun Khan,9018785075,Velpula,2026-07-06,RX0000116,Amoxicillin,5,15,0,0,FAC009,Dispensed
DSP0000080,PHP0000061,Arun Khan,9018785075,Velpula,2026-08-16,RX0000117,Amoxicillin,5,30,0,0,FAC008,Dispensed
DSP0000081,PHP0000062,Harika Patel,9024547152,Marru,2026-07-11,RX0000118,Paracetamol,5,30,0,0,FAC018,Dispensed
DSP0000082,PHP0000063,Kavitha Naik,9837239553,Bhanu,2026-04-09,RX0000119,Metformin,30,15,1,0,FAC026,Partially dispensed
DSP0000083,PHP0000064,Shobha Shekar,9628924526,Macharam,2026-08-17,RX0000121,Metformin,30,30,0,0,FAC003,Dispensed
DSP0000084,PHP0000065,Saritha Goud,9388695792,KALLEPALLY,2026-01-26,RX0000123,Metformin,30,15,1,0,FAC005,Partially dispensed
DSP0000085,PHP0000066,Lakshmi Mallaiah,9512351181,Vemula,2026-05-16,RX0000125,Pantoprazole,10,15,0,0,FAC008,Dispensed
DSP0000086,PHP0000067,Renuka Laxman,9264899486,Bhanur,2026-05-10,RX0000127,Amlodipine,30,30,0,0,FAC026,Dispensed
DSP0000087,PHP0000067,Renuka Laxman,,Bhanur,2026-05-10,RX0000127,Metformin,30,30,0,0,FAC026,Dispensed
DSP0000088,PHP0000068,Ravi Shekar,9513815152,Manoor,2026-05-26,RX0000129,Cetirizine,5,15,0,0,FAC020,Dispensed
DSP0000089,PHP0000068,Ravi Shekar,9513815152,Manoor,2026-05-24,RX0000129,Paracetamol,3,15,0,0,FAC020,Dispensed
DSP0000090,PHP0000069,Shankar Yadav,9442198767,Machara,2026-04-22,RX0000131,Amlodipine,30,15,1,0,FAC001,Partially dispensed
DSP0000091,PHP0000069,Shankar Yadav,9442198767,Macharam,2026-04-22,RX0000131,Paracetamol,3,15,0,0,FAC001,Dispensed
DSP0000092,PHP0000069,Shankar Yadav,9442198767,Macharam,2026-06-10,RX0000133,Amlodipine,30,30,0,0,FAC001,Dispensed
DSP0000093,PHP0000069,Shankar Yadav,9442198767,Macharam,2026-07-20,RX0000134,Amlodipine,30,30,0,0,FAC002,Dispensed
DSP0000094,PHP0000070,Shobha Basha,9147130106,Devarakonda,2026-07-06,RX0000135,Paracetamol,5,30,0,0,FAC010,Dispensed
DSP0000095,PHP0000071,Lalitha Das,9856986087,Marrur,2026-06-10,RX0000136,Amlodipine,30,15,1,0,FAC017,Partially dispensed
DSP0000096,PHP0000072,Raghav Begum,9784315349,Bhanur,2026-03-22,RX0000137,Amoxicillin,5,15,0,0,FAC026,Dispensed
DSP0000097,PHP0000073,Sntosh Patel,9408145703,Kummarikunta,2026-01-19,RX0000138,Amoxicillin,5,15,0,0,FAC013,Dispensed
DSP0000098,PHP0000073,Santosh Patel,9408145703,Kummarikunta,2026-01-19,RX0000138,Paracetamol,3,0,0,1,FAC013,Not dispensed due to stock
DSP0000099,PHP0000074,Shobha Jangam,+91-96027-48783,Marrur,2026-01-03,RX0000140,Metformin,30,15,1,0,FAC018,Partially dispensed
DSP0000100,PHP0000075,Shobha Das,9723136367,Nermata,2026-06-25,RX0000141,Paracetamol,5,30,0,0,FAC015,Dispensed
DSP0000101,PHP0000076,Naveen Das,9556185715,Nakrekal,2026-05-03,RX0000142,Metformin,30,30,0,0,FAC018,Dispensed
DSP0000102,PHP0000077,Srilatha Laxman,9582233359,Kalher,2026-02-25,RX0000143,Cetirizine,5,30,0,0,FAC020,Dispensed
DSP0000103,PHP0000078,Kiran Rao,9041602242,Devarakonda,2026-05-24,RX0000144,Amlodipine,30,15,1,0,FAC011,Partially dispensed
DSP0000104,PHP0000079,Sai Khan,9441381683,Nermata,2026-07-16,RX0000146,Amoxicillin,5,30,0,0,FAC014,Dispensed
DSP0000105,PHP0000080,Raju Shekar,9945349662,Chandur,2026-08-17,RX0000147,Amlodipine,30,30,0,0,FAC015,Dispensed
DSP0000106,PHP0000081,Raghav Reddy,9146717210,Indresham,2026-04-16,RX0000148,Amlodipine,30,30,0,0,FAC025,Dispensed
DSP0000107,PHP0000081,Raghav Reddy,+91-91467-17110,INDRESHAM,2026-04-22,RX0000150,Metformin,30,15,1,0,FAC025,Partially dispensed
DSP0000108,PHP0000082,Rajesh Khan,9960417005,Nakrekal,2026-07-26,RX0000153,Cetirizine,5,30,0,0,FAC018,Dispensed
DSP0000109,PHP0000083,Naresh Devi,9826315456,Kallepally,2026-07-28,RX0000154,Cetirizine,5,15,0,0,FAC006,Dispensed
DSP0000110,PHP0000084,Kiran Reddy,9149323216,Kalher,2026-07-10,RX0000155,Amoxicillin,5,30,0,0,FAC020,Dispensed
DSP0000111,PHP0000085,Lalitha Begum,9898723895,Nermata,2026-02-23,RX0000156,Cetirizine,5,30,0,0,FAC014,Dispensed
DSP0000112,PHP0000086,Divya Patel,9982601319,Chandur,2026-05-14,RX0000157,Cetirizine,5,15,0,0,FAC014,Dispensed
DSP0000113,PHP0000086,Divya Patel,9982601319,Chandur,2026-08-08,RX0000158,Amoxicillin,5,30,0,0,FAC013,Dispensed
DSP0000114,PHP0000087,Shankar Laxman,9174299050,Gundlapally,2026-08-05,RX0000160,Pantoprazole,10,15,0,0,FAC012,Dispensed
DSP0000115,PHP0000088,Srinivas Mallaiah,+91-99680-00901,Chandur,2026-01-12,RX0000162,Amlodipine,30,15,1,0,FAC015,Partially dispensed
DSP0000116,PHP0000089,Padma Patel,9091128606,Balanagar,2026-06-18,RX0000164,Amoxicillin,5,30,0,0,FAC004,Dispensed
DSP0000117,PHP0000089,Padma Patel,9091128606,Balanagar,2026-06-20,RX0000164,Paracetamol,3,30,0,0,FAC004,Dispensed
DSP0000118,PHP0000090,Anitha Yadav,+91-98559-30078,Vemula,2026-06-01,RX0000166,Pantoprazole,10,30,0,0,FAC009,Dispensed
DSP0000119,PHP0000091,Vinod Rao,9121639737,Jharasangam,2026-04-27,RX0000169,Amlodipine,30,30,0,0,FAC024,Dispensed
DSP0000120,PHP0000092,Srilatha Krishna,,Gangapur,2026-07-06,RX0000170,Paracetamol,5,30,0,0,FAC001,Dispensed
DSP0000121,PHP0000093,Srinivas Mallaiah,9156203416,Mogudampalli,2026-06-19,RX0000172,Metformin,30,15,1,0,FAC024,Partially dispensed
DSP0000122,PHP0000094,Mohan Jangam,9962592192,Gangapu,2026-04-14,RX0000173,Amoxicillin,5,30,0,0,FAC002,Dispensed
DSP0000123,PHP0000094,Mohan Jangam,9962592192,Gangapur,2026-04-13,RX0000173,Paracetamol,3,30,0,0,FAC002,Dispensed
DSP0000124,PHP0000094,Mohan Jangam,9962592192,Gangapur,2026-06-04,RX0000175,Pantoprazole,10,15,0,0,FAC003,Dispensed
DSP0000125,PHP0000094,Mohan Jangam,9962592192,Gangapur,2026-06-07,RX0000175,Paracetamol,3,30,0,0,FAC003,Dispensed
DSP0000126,PHP0000094,Mohan Jangam,9962592192,Gangapur,2026-06-10,RX0000177,Amoxicillin,5,30,0,0,FAC001,Dispensed
DSP0000127,PHP0000094,Mohan Jangam,9962592192,Gangapur,2026-06-13,RX0000177,Paracetamol,3,30,0,0,FAC001,Dispensed
DSP0000128,PHP0000095,Anil Narsimha,9856131825,Rajapur,2026-06-29,RX0000179,Pantoprazole,10,15,0,0,FAC004,Dispensed
DSP0000129,PHP0000096,Divya Rao,9420949393,Bangarigadda,2026-06-24,RX0000180,Cetirizine,5,15,0,0,FAC015,Dispensed
DSP0000130,PHP0000097,Shankar Goud,9324769823,Nomula,2026-07-05,RX0000181,Paracetamol,5,30,0,0,FAC016,Dispensed
DSP0000131,PHP0000098,Ravi Shekar,+91-96571-63104,Macharam,2026-07-06,RX0000182,Paracetamol,5,15,0,0,FAC003,Dispensed
DSP0000132,PHP0000099,Anitha Laxman,9765981233,Ameenpur,2026-04-28,RX0000183,Cetirizine,5,30,0,0,FAC027,Dispensed
DSP0000133,PHP0000099,Anitha Laxman,9765981233,Ameenpur,2026-06-12,RX0000184,Cetirizine,5,15,0,0,FAC026,Dispensed
DSP0000134,PHP0000100,Mahesh Reddy,9949381762,Zaheerabad,2026-04-07,RX0000185,Paracetamol,5,15,0,0,FAC022,Dispensed
DSP0000135,PHP0000101,Naveen Shekar,9035857839,Mogudampally,2026-04-05,RX0000186,Amlodipine,30,30,0,0,FAC022,Dispensed
DSP0000136,PHP0000102,Srilatha Goud,9133201896,Nomula,2026-03-02,RX0000187,Amlodipine,30,30,0,0,FAC016,Dispensed
DSP0000137,PHP0000103,Ramesh Mudiraj,9734917936,BANGARIGADDA,2026-01-22,RX0000188,Cetirizine,5,15,0,0,FAC013,Dispensed
DSP0000138,PHP0000103,Ramesh Mudiraj,9734917936,Bangarigadda,2026-03-22,RX0000190,Amlodipine,30,30,0,0,FAC013,Dispensed
DSP0000139,PHP0000103,Ramesh Mudeeraj,9734917936,Bangarigadda,2026-03-22,RX0000190,Metformin,30,0,0,1,FAC013,Not dispensed due to stock
DSP0000140,PHP0000104,Jyothi Mudiraj,9443736930,JHARASANGAM,2026-01-17,RX0000193,Pantoprazole,10,15,0,0,FAC023,Dispensed
DSP0000141,PHP0000105,Swathi Chary,9859285977,Peddadinne,2026-05-08,RX0000194,Metformin,30,0,0,1,FAC011,Not dispensed due to stock
DSP0000142,PHP0000106,Shankar Laxman,9277058216,BADEPALLY,2026-02-16,RX0000195,Pantoprazole,10,15,0,0,FAC003,Dispensed
DSP0000143,PHP0000107,Vinod Chary,9188832273,Badepally,2026-04-23,RX0000196,Paracetamol,5,15,0,0,FAC002,Dispensed
DSP0000144,PHP0000108,Kavitha Yadav,9398476624,Rajapur,2026-06-12,RX0000198,Amoxicillin,5,30,0,0,FAC005,Dispensed
DSP0000145,PHP0000108,Kavitha Yadav,9198476624,Rajapur,2026-07-16,RX0000199,Amoxicillin,5,30,0,0,FAC006,Dispensed
DSP0000146,PHP0000109,Shobha Basha,9960486930,Nakrekal,2026-03-02,RX0000201,Pantoprazole,10,15,1,1,FAC018,Partially dispensed
DSP0000147,PHP0000110,Venkatesh Shekar,9226605085,Nakrekal,2026-04-30,RX0000202,Pantoprazole,10,15,0,0,FAC017,Dispensed
DSP0000148,PHP0000111,Suresh Chary,9597715778,Kohir,2026-08-05,RX0000203,Amlodipine,30,15,1,0,FAC024,Partially dispensed
DSP0000149,PHP0000112,Arun Devi,9802361259,Bangarigadda,2026-01-24,RX0000205,Amlodipine,30,30,0,0,FAC013,Dispensed
DSP0000150,PHP0000112,Arun Devi,9802361259,BANGARIGADDA,2026-01-27,RX0000205,Metformin,30,30,0,0,FAC013,Dispensed
DSP0000151,PHP0000113,Divya Basha,9221725407,Kohir,2026-07-26,RX0000207,Amoxicillin,5,15,0,0,FAC022,Dispensed
DSP0000152,PHP0000113,Divya,,Kohir,2026-07-24,RX0000207,Paracetamol,3,15,0,0,FAC022,Dispensed
DSP0000153,PHP0000114,Ramesh Reddy,9434084939,Bhanur,2026-08-04,RX0000210,Pantoprazole,10,30,0,0,FAC025,Dispensed
DSP0000154,PHP0000115,nitha Basha,9444621490,Donur,2026-02-23,RX0000211,Amoxicillin,5,30,0,0,FAC007,Dispensed
DSP0000155,PHP0000115,Anita Basha,9444621490,DONUR,2026-04-04,RX0000212,Cetirizine,5,15,0,0,FAC009,Dispensed
DSP0000156,PHP0000116,Padma Yadav,9585171060,Gangapur,2026-01-13,RX0000214,Amlodipine,30,15,1,0,FAC003,Partially dispensed
DSP0000157,PHP0000117,Nirmala Shekar,,Gundlapally,2026-05-10,RX0000215,Amoxicillin,5,15,0,0,FAC010,Dispensed
DSP0000158,PHP0000117,Nirmala Shekar,9561345595,GUNDLAPALLY,2026-08-01,RX0000216,Pantoprazole,10,30,0,0,FAC010,Dispensed
DSP0000159,PHP0000118,Padma Goud,+91-94189-00099,Balanagar,2026-05-16,RX0000217,Metformin,30,15,1,0,FAC005,Partially dispensed
DSP0000160,PHP0000118,Padma Goud,9418900099,Balanagar,2026-05-19,RX0000217,Paracetamol,3,15,0,0,FAC005,Dispensed
DSP0000161,PHP0000119,Deepika Das,9989487308,Gundlapally,2026-05-12,RX0000219,Amoxicillin,5,30,0,0,FAC012,Dispensed
DSP0000162,PHP0000120,Rajesh Jangam,+91-92856-79163,Velpula,2026-06-18,RX0000221,Paracetamol,5,30,0,0,FAC009,Dispensed
DSP0000163,PHP0000121,Shobha Chary,9991244115,Kohir,2026-08-15,RX0000222,Amlodipine,30,0,0,1,FAC023,Not dispensed due to stock
DSP0000164,PHP0000121,Shobha Chary,9991244115,Kohir,2026-08-15,RX0000222,Paracetamol,3,15,0,0,FAC023,Dispensed
DSP0000165,PHP0000122,Anitha Chary,9072169574,Velpula,2026-06-08,RX0000224,Amoxicillin,5,30,0,0,FAC008,Dispensed
DSP0000166,PHP0000122,Anitha Chary,9072169574,Velpula,2026-06-09,RX0000224,Paracetamol,3,30,0,0,FAC008,Dispensed
DSP0000167,PHP0000123,Mohan Khan,9970836778,Manoor,2026-05-03,RX0000226,Paracetamol,5,15,1,1,FAC019,Partially dispensed
DSP0000168,PHP0000124,Raghav Basha,9391543146,Rajapur,2026-03-13,RX0000227,Pantoprazole,10,30,0,0,FAC005,Dispensed
DSP0000169,PHP0000124,Raghav Basha,9391543146,Rajapur,2026-04-06,RX0000228,Amoxicillin,5,30,0,0,FAC004,Dispensed
DSP0000170,PHP0000125,Deepik Basha,9268872332,MACHARAM,2026-04-09,RX0000229,Amlodipine,30,30,0,0,FAC002,Dispensed
DSP0000171,PHP0000125,Deepika Basha,9268872332,Macharam,2026-04-06,RX0000229,Metformin,30,15,1,0,FAC002,Partially dispensed
DSP0000172,PHP0000125,Deepika,9268872332,Macharam,2026-04-26,RX0000231,Amlodipine,30,15,1,0,FAC003,Partially dispensed
DSP0000173,PHP0000126,Anil Khan,9605164134,Polepally,2026-01-31,RX0000232,Paracetamol,5,15,0,0,FAC001,Dispensed
DSP0000174,PHP0000126,Anil Khan,9605164114,Polepally,2026-01-29,RX0000232,Paracetamol,3,15,0,0,FAC001,Dispensed
DSP0000175,PHP0000127,Naresh Kumar,,Indresham,2026-04-15,RX0000235,Pantoprazole,10,30,0,0,FAC025,Dispensed
DSP0000176,PHP0000128,Lakshmi Reddy,9810994726,Marrur,2026-03-01,RX0000236,Metformin,30,30,0,0,FAC017,Dispensed
DSP0000177,PHP0000129,Srinivas Rao,9250778858,CHANDUR,2026-06-22,RX0000238,Cetirizine,5,30,0,0,FAC015,Dispensed
DSP0000178,PHP0000130,Ramesh Naik,9942066634,Ameenpur,2026-03-09,RX0000240,Pantoprazole,10,15,0,0,FAC025,Dispensed
DSP0000179,PHP0000130,Ramesh Naik,9942066634,Ameenpur,2026-03-12,RX0000240,Paracetamol,3,15,0,0,FAC025,Dispensed
DSP0000180,PHP0000131,Ravi Shekar,9934428113,Kummarikunta,2026-01-29,RX0000243,Amlodipine,30,15,1,0,FAC013,Partially dispensed
DSP0000181,PHP0000132,Raghav Shekar,9019678210,Marrur,2026-03-18,RX0000245,Cetirizine,5,15,0,0,FAC017,Dispensed
DSP0000182,PHP0000133,Padma Krishna,9876532621,Badepally,2026-08-08,RX0000247,Pantoprazole,10,15,0,0,FAC001,Dispensed
DSP0000183,PHP0000134,Vinod Mudiraj,9096000610,Kangti,2026-05-25,RX0000249,Metformin,30,15,1,0,FAC019,Partially dispensed
DSP0000184,PHP0000135,Llitha Reddy,9284296284,Balanagar,2026-05-24,RX0000250,Metformin,30,15,1,0,FAC004,Partially dispensed
DSP0000185,PHP0000136,Rni Mallaiah,9464142371,Gundlapally,2026-06-12,RX0000251,Cetirizine,5,30,1,1,FAC011,Partially dispensed
DSP0000186,PHP0000137,Santosh Mudiraj,9115302842,Velpula,2026-07-03,RX0000252,Pantoprazole,10,15,0,0,FAC009,Dispensed
DSP0000187,PHP0000138,Lakshmi Reddy,,Donur,2026-04-18,RX0000253,Amlodipine,30,30,0,0,FAC008,Dispensed
DSP0000188,PHP0000139,Naveen Jangam,9641012366,Marrur,2026-06-15,RX0000255,Metformin,30,15,1,0,FAC016,Partially dispensed
DSP0000189,PHP0000140,Rajesh Krishna,9267157096,Mangalapally,2026-07-11,RX0000256,Pantoprazole,10,15,0,0,FAC018,Dispensed
DSP0000190,PHP0000141,Saritha Reddy,9617846496,Kondamallepally,2026-05-11,RX0000257,Metformin,30,15,1,0,FAC010,Partially dispensed
DSP0000191,PHP0000142,Rajesh Narsimha,9133144928,Bangarigadda,2026-01-14,RX0000258,Paracetamol,3,30,0,0,FAC014,Dispensed
DSP0000192,PHP0000142,Rajesh Narsimha,9133144928,Bangarigadd,2026-03-11,RX0000260,Cetirizine,5,30,0,0,FAC015,Dispensed
DSP0000193,PHP0000143,Santosh Yadav,9957761850,Vemula,2026-07-13,RX0000262,Pantoprazole,10,30,0,0,FAC007,Dispensed
DSP0000194,PHP0000144,Suresh Devi,9834850835,Macharam,2026-02-10,RX0000263,Amoxicillin,5,15,0,0,FAC002,Dispensed
DSP0000195,PHP0000145,Raghav Devi,+91-93763-37352,Bodajanampet,2026-05-10,RX0000265,Cetirizine,5,30,0,0,FAC006,Dispensed
DSP0000196,PHP0000146,Anil Patel,,Macharam,2026-04-05,RX0000266,Pantoprazole,10,30,0,0,FAC002,Dispensed
DSP0000197,PHP0000146,Anil Patel,9784244449,Macharam,2026-06-08,RX0000267,Cetirizine,5,30,0,0,FAC001,Dispensed
DSP0000198,PHP0000147,Ramesh Reddy,9473674827,INDRESHAM,2026-02-09,RX0000269,Amlodipine,30,15,1,0,FAC025,Partially dispensed
DSP0000199,PHP0000148,Deepika Devi,9105836363,Ameenpur,2026-02-13,RX0000271,Amlodipine,30,15,1,0,FAC025,Partially dispensed
DSP0000200,PHP0000148,Deepika Devi,9105836363,Ameenpur,2026-02-11,RX0000271,Paracetamol,3,15,0,0,FAC025,Dispensed
DSP0000201,PHP0000148,Deepika Devi,9105836363,Ameenpur,2026-03-21,RX0000273,Amoxicillin,5,30,0,0,FAC027,Dispensed
DSP0000202,PHP0000149,Rani Begum,9087768182,Nakrekal,2026-07-29,RX0000275,Amlodipine,30,15,1,0,FAC018,Partially dispensed
DSP0000203,PHP0000150,Lalitha Khan,9418192442,Macharam,2026-07-25,RX0000276,Amlodipine,30,15,1,0,FAC001,Partially dispensed
DSP0000204,PHP0000151,Shankar Das,,Nakrekal,2026-04-09,RX0000277,Cetirizine,5,15,0,0,FAC017,Dispensed
DSP0000205,PHP0000152,Deevya Mudiraj,9141008732,INDRESHAM,2026-02-28,RX0000278,Amoxicillin,5,15,0,0,FAC027,Dispensed
DSP0000206,PHP0000152,Divya Mudiraj,9141008732,Indresham,2026-03-03,RX0000278,Paracetamol,3,30,0,0,FAC027,Dispensed
DSP0000207,PHP0000153,Lalita Devi,9366083816,Kummarikunta,2026-01-13,RX0000280,Paracetamol,5,15,0,0,FAC014,Dispensed
DSP0000208,PHP0000154,Mounika Khan,9524543068,Nomula,2026-04-21,RX0000281,Amoxicillin,5,0,0,1,FAC016,Not dispensed due to stock
DSP0000209,PHP0000155,Nresh Mallaiah,9625504089,Nermata,2026-03-24,RX0000282,Paracetamol,5,15,0,0,FAC014,Dispensed
DSP0000210,PHP0000156,Saritha Narsimha,9249161990,Balanagar,2026-07-27,RX0000283,Amoxicillin,5,30,0,0,FAC006,Dispensed
DSP0000211,PHP0000157,Srinivas Begum,9753129253,Rajapur,2026-05-22,RX0000286,Amlodipine,30,30,0,0,FAC004,Dispensed
DSP0000212,PHP0000157,Sreenivas Begum,9753129253,Rajapur,2026-07-25,RX0000287,Pantoprazole,10,15,0,0,FAC005,Dispensed
DSP0000213,PHP0000157,Srinivas Begum,9753129253,Rajapu,2026-07-24,RX0000287,Paracetamol,3,15,0,0,FAC005,Dispensed
DSP0000214,PHP0000158,Shankar Mudiraj,9047193117,Kohir,2026-07-26,RX0000289,Amlodipine,30,15,1,0,FAC022,Partially dispensed
DSP0000215,PHP0000159,Anil Naik,9150622306,Nomula,2026-04-26,RX0000292,Amoxicillin,5,30,0,0,FAC017,Dispensed
DSP0000216,PHP0000160,Raju Mallaiah,+91-93603-08302,Nomula,2026-01-31,RX0000293,Amlodipine,30,30,0,0,FAC017,Dispensed
DSP0000217,PHP0000161,Anitha Mallaiah,9274231520,Manoor,2026-06-23,RX0000294,Amlodipine,30,30,0,0,FAC020,Dispensed
DSP0000218,PHP0000161,Anitha Mallaiah,9274231520,Manoor,2026-06-25,RX0000294,Metformin,30,15,1,0,FAC020,Partially dispensed
DSP0000219,PHP0000162,Mounika Shekar,9437852710,Ameenpur,2026-02-11,RX0000296,Amlodipine,30,30,0,0,FAC026,Dispensed
DSP0000220,PHP0000163,Harika Jangam,9056066677,Kallepalli,2026-05-02,RX0000297,Cetirizine,5,15,0,0,FAC005,Dispensed
DSP0000221,PHP0000164,Si Basha,9995877156,Kangti,2026-03-30,RX0000298,Paracetamol,3,15,0,0,FAC021,Dispensed
DSP0000222,PHP0000165,Mohan Das,9701259940,DONUR,2026-03-07,RX0000300,Paracetamol,5,15,0,0,FAC008,Dispensed
DSP0000223,PHP0000165,Mohan Das,+91-97012-59940,DONUR,2026-07-20,RX0000301,Pantoprazole,10,30,0,0,FAC008,Dispensed
DSP0000224,PHP0000166,Shobha Shekar,9260845882,Marrur,2026-01-18,RX0000302,Amlodipine,30,15,1,0,FAC016,Partially dispensed
DSP0000225,PHP0000167,Deepik Rao,9392121059,Peddadinne,2026-03-07,RX0000303,Amlodipine,30,15,1,0,FAC011,Partially dispensed
DSP0000226,PHP0000168,Swathi Goud,9471091907,Chandur,2026-01-15,RX0000304,Cetirizine,5,30,0,0,FAC015,Dispensed
DSP0000227,PHP0000169,Raju Basha,9070166123,Bhanur,2026-06-11,RX0000305,Paracetamol,5,30,0,0,FAC027,Dispensed
DSP0000228,PHP0000169,Raju Basha,9070166123,Bhanur,2026-06-09,RX0000305,Paracetamol,3,30,0,0,FAC027,Dispensed
DSP0000229,PHP0000170,Vinod Mallaiah,9531635484,Jharasangam,2026-01-23,RX0000307,Cetirizine,5,30,0,0,FAC022,Dispensed
DSP0000230,PHP0000170,winod Mallaiah,,Jharasangam,2026-03-16,RX0000309,Paracetamol,5,30,0,0,FAC024,Dispensed
DSP0000231,PHP0000171,Suresh Basha,9240164478,Rajapur,2026-06-27,RX0000312,Cetirizine,5,15,0,0,FAC005,Dispensed
DSP0000232,PHP0000171,Suresh Basha,9240164478,RAJAPUR,2026-06-28,RX0000312,Paracetamol,3,15,0,0,FAC005,Dispensed
DSP0000233,PHP0000172,Deepika Khan,9190990586,Mogudampally,2026-02-05,RX0000314,Metformin,30,15,1,0,FAC023,Partially dispensed
DSP0000234,PHP0000172,Deepika Khan,+91-91909-90586,Mogudampally,2026-02-10,RX0000314,Paracetamol,3,15,0,0,FAC023,Dispensed
DSP0000235,PHP0000173,Kavitha Das,9796638908,Macharam,2026-03-03,RX0000317,Pantoprazole,10,15,0,0,FAC001,Dispensed
DSP0000236,PHP0000174,Renuka Narsimha,9289635139,Rajapur,2026-06-24,RX0000318,Amlodipine,30,15,1,0,FAC004,Partially dispensed
DSP0000237,PHP0000174,Renuka Narseemha,9289635139,Rajapur,2026-06-25,RX0000318,Paracetamol,3,30,0,0,FAC004,Dispensed
DSP0000238,PHP0000174,Renuka Narsimha,9289635139,Rajapur,2026-08-03,RX0000320,Cetirizine,5,15,0,0,FAC005,Dispensed
DSP0000239,PHP0000175,Vinod Goud,9138023290,Kallepally,2026-05-26,RX0000321,Pantoprazole,10,15,0,0,FAC005,Dispensed
DSP0000240,PHP0000176,Sai Dewi,+91-95126-01292,Chandur,2026-01-13,RX0000322,Metformin,30,15,1,1,FAC015,Partially dispensed
DSP0000241,PHP0000177,Vinod Devi,9303437976,KANGTI,2026-08-12,RX0000325,Amoxicillin,5,30,0,0,FAC021,Dispensed
DSP0000242,PHP0000178,Mounika Yadav,9079130848,Marrur,2026-06-30,RX0000326,Pantoprazole,10,15,0,0,FAC018,Dispensed
DSP0000243,PHP0000178,Mounika Yadav,9079130808,Marrur,2026-07-30,RX0000327,Paracetamol,5,15,0,0,FAC016,Dispensed
DSP0000244,PHP0000179,Srinivas Mudiraj,9766956133,Jharasangam,2026-03-28,RX0000328,Metformin,30,0,0,1,FAC024,Not dispensed due to stock
DSP0000245,PHP0000179,Srinivas Mudiraj,9766916133,Jharasangam,2026-03-27,RX0000328,Paracetamol,3,30,0,0,FAC024,Dispensed
DSP0000246,PHP0000179,Srinivas Mudiraj,9766956133,JHARASANGAM,2026-04-26,RX0000330,Metformin,30,30,0,0,FAC022,Dispensed
DSP0000247,PHP0000180,Kavitha Kumar,,MOGUDAMPALLY,2026-06-03,RX0000331,Paracetamol,3,30,0,0,FAC023,Dispensed
DSP0000248,PHP0000181,Shobha Basha,+91-91211-80513,Manoor,2026-04-01,RX0000333,Amlodipine,30,30,0,0,FAC019,Dispensed
DSP0000249,PHP0000181,Shobha Basha,9121180513,Manoor,2026-05-19,RX0000334,Amlodipine,30,30,0,0,FAC019,Dispensed
DSP0000250,PHP0000182,Harika Basha,9118406588,Kummarikunta,2026-04-12,RX0000335,Metformin,30,30,0,0,FAC015,Dispensed
DSP0000251,PHP0000183,Divya Jangam,+91-96848-31035,Nakrekal,2026-07-28,RX0000337,Amoxicillin,5,30,0,0,FAC018,Dispensed
DSP0000252,PHP0000183,Divya Jangam,9684831035,Nakrekal,2026-08-17,RX0000338,Cetirizine,5,15,0,0,FAC017,Dispensed
DSP0000253,PHP0000184,Ravi Devi,9674914413,Kondamallepally,2026-05-29,RX0000339,Amlodipine,30,30,0,0,FAC012,Dispensed
DSP0000254,PHP0000185,Renuka Rao,9758862481,Kalher,2026-07-10,RX0000340,Cetirizine,5,30,0,0,FAC019,Dispensed
DSP0000255,PHP0000186,Shankar Kreeshna,9631046164,Ameenpur,2026-05-03,RX0000341,Pantoprazole,10,15,0,0,FAC026,Dispensed
DSP0000256,PHP0000187,Padma Narsimha,9374880663,Mogudampally,2026-03-04,RX0000342,Cetirizine,5,30,0,0,FAC024,Dispensed
DSP0000257,PHP0000187,Padma Narsimha,9374880663,Mogudampalli,2026-03-09,RX0000342,Paracetamol,3,15,0,0,FAC024,Dispensed
DSP0000258,PHP0000187,Padma Narsimha,9374880663,Mogudampally,2026-03-25,RX0000344,Paracetamol,5,30,0,0,FAC023,Dispensed
DSP0000259,PHP0000188,Swathi Shekar,9562492079,Kallepally,2026-01-14,RX0000345,Paracetamol,5,15,0,0,FAC004,Dispensed
DSP0000260,PHP0000189,Shobha Jangam,9660771588,Peddadinne,2026-04-18,RX0000346,Paracetamol,5,15,0,0,FAC010,Dispensed
DSP0000261,PHP0000189,Shobha Jangam,9760771588,Peddadinne,2026-05-21,RX0000347,Amlodipine,30,30,0,0,FAC011,Dispensed
DSP0000262,PHP0000190,Ravi Chary,9251814027,Kummarikunta,2026-05-08,RX0000348,Metformin,30,15,1,0,FAC013,Partially dispensed
DSP0000263,PHP0000191,Jyoti Reddy,9468600434,Donur,2026-02-23,RX0000349,Amoxicillin,5,30,0,0,FAC007,Dispensed
DSP0000264,PHP0000192,Arun Khan,9568041291,Manoor,2026-04-14,RX0000351,Cetirizine,5,30,0,0,FAC021,Dispensed
DSP0000265,PHP0000193,Lalitha Narsimha,9533526883,Kondamallepally,2026-01-22,RX0000352,Amoxicillin,5,15,0,0,FAC012,Dispensed
DSP0000266,PHP0000193,Lalitha Narsimha,9533526883,Kondamallepally,2026-03-12,RX0000353,Pantoprazole,10,15,0,0,FAC012,Dispensed
DSP0000267,PHP0000193,Laleetha Narsimha,9533526883,KONDAMALLEPALLY,2026-04-30,RX0000354,Amoxicillin,5,15,0,0,FAC012,Dispensed
DSP0000268,PHP0000194,Raju Shekar,9899104472,Badepally,2026-02-14,RX0000355,Metformin,30,15,1,0,FAC001,Partially dispensed
DSP0000269,PHP0000195,Mounika Krishna,9123014780,Kangti,2026-04-26,RX0000356,Metformin,30,30,0,0,FAC020,Dispensed
DSP0000270,PHP0000196,Jyothi Goud,9032873757,Devarakonda,2026-05-13,RX0000358,Paracetamol,5,30,0,0,FAC010,Dispensed
DSP0000271,PHP0000197,njali Yadav,9406211317,Chandur,2026-07-30,RX0000359,Paracetamol,5,30,0,0,FAC013,Dispensed
DSP0000272,PHP0000197,Anjali,+91-94062-13317,Chandur,2026-08-01,RX0000359,Paracetamol,3,15,0,0,FAC013,Dispensed
DSP0000273,PHP0000198,Kiran Mudiraj,9389409255,Patancheru,2026-03-15,RX0000361,Cetirizine,5,30,0,0,FAC026,Dispensed
DSP0000274,PHP0000199,Mounika Shekar,+91-98435-31693,Peddadinne,2026-04-25,RX0000366,Metformin,30,15,1,0,FAC010,Partially dispensed
DSP0000275,PHP0000200,Suresh Reddy,9769600009,Jharasangam,2026-07-27,RX0000367,Amoxicillin,5,30,0,0,FAC023,Dispensed
DSP0000276,PHP0000201,Arun Basha,9337767067,ZAHEERABAD,2026-04-01,RX0000368,Paracetamol,3,30,0,0,FAC023,Dispensed
DSP0000277,PHP0000202,Kavitha Laxman,9611604457,Mangalapally,2026-06-16,RX0000370,Amoxicillin,5,15,0,0,FAC018,Dispensed
DSP0000278,PHP0000203,Kavitha Krishna,9815047890,Kohir,2026-05-21,RX0000371,Metformin,30,30,0,0,FAC022,Dispensed
DSP0000279,PHP0000203,Kavitha Krishna,9815047890,Kohir,2026-06-25,RX0000372,Paracetamol,5,30,0,0,FAC024,Dispensed
DSP0000280,PHP0000204,Swathi Devi,9425885882,Kondamallepally,2026-01-19,RX0000374,Pantoprazole,10,15,0,0,FAC010,Dispensed
DSP0000281,PHP0000205,Praveen Jangam,9058492289,Marrur,2026-07-12,RX0000375,Metformin,30,30,0,0,FAC018,Dispensed
DSP0000282,PHP0000205,Praveen Jangam,,Marrur,2026-07-18,RX0000376,Paracetamol,5,15,0,0,FAC018,Dispensed
DSP0000283,PHP0000206,Harika Narsimha,+91-90662-29866,Gundlapally,2026-02-01,RX0000377,Metformin,30,30,0,0,FAC011,Dispensed
DSP0000284,PHP0000207,Naresh Reddy,,Nomula,2026-01-19,RX0000378,Amoxicillin,5,30,0,0,FAC018,Dispensed
DSP0000285,PHP0000207,Naresh Reddy,9006199806,Nomula,2026-01-21,RX0000378,Paracetamol,3,15,0,0,FAC018,Dispensed
DSP0000286,PHP0000208,Mounika Rao,+91-90611-12422,Chandur,2026-03-07,RX0000380,Metformin,30,30,0,0,FAC014,Dispensed
DSP0000287,PHP0000209,Raju Shekar,9354734303,BANGARIGADDA,2026-07-18,RX0000381,Metformin,30,15,1,0,FAC014,Partially dispensed
DSP0000288,PHP0000210,Kiran Begum,,Mogudampally,2026-01-11,RX0000382,Amlodipine,30,30,0,0,FAC024,Dispensed
DSP0000289,PHP0000211,Anjali Begum,9256593173,Kallepally,2026-03-10,RX0000384,Pantoprazole,10,15,0,0,FAC005,Dispensed
DSP0000290,PHP0000212,Jyoti Basha,9061771299,Bodajanampet,2026-07-07,RX0000387,Paracetamol,3,30,0,0,FAC005,Dispensed
DSP0000291,PHP0000213,Swathi Rao,9115414412,Kalher,2026-07-25,RX0000390,Amoxicillin,5,15,0,0,FAC020,Dispensed
DSP0000292,PHP0000214,Sushma,9173503702,Marrur,2026-07-16,RX0000391,Amoxicillin,5,15,0,0,FAC016,Dispensed
DSP0000293,PHP0000215,Arun Shekar,,Marrur,2026-08-06,RX0000392,Paracetamol,5,15,0,0,FAC016,Dispensed
DSP0000294,PHP0000216,Kiran Krishna,9670022526,Jharasangam,2026-02-10,RX0000394,Cetirizine,5,15,0,0,FAC023,Dispensed
DSP0000295,PHP0000217,Rani Begum,9883674033,Kallepally,2026-02-25,RX0000400,Cetirizine,5,30,0,0,FAC004,Dispensed
DSP0000296,PHP0000218,Swathi Das,9823815263,Bodajanampet,2026-01-31,RX0000402,Pantoprazole,10,15,0,0,FAC005,Dispensed
DSP0000297,PHP0000219,Ramesh Jangam,9526437861,Rajapur,2026-03-20,RX0000403,Paracetamol,5,15,0,0,FAC005,Dispensed
DSP0000298,PHP0000220,Raghav,9429031280,Kummarikunta,2026-08-15,RX0000404,Pantoprazole,10,15,0,0,FAC013,Dispensed
DSP0000299,PHP0000221,Suresh Laxman,9473160081,Nermata,2026-07-15,RX0000405,Amlodipine,30,0,0,1,FAC014,Not dispensed due to stock
DSP0000300,PHP0000222,Kavitha Mudiraj,9676533548,Peddadinne,2026-01-17,RX0000406,Amoxicillin,5,15,0,0,FAC012,Dispensed
DSP0000301,PHP0000223,Anitha Shekar,9800729910,Midjil,2026-08-08,RX0000407,Paracetamol,5,30,0,0,FAC008,Dispensed
DSP0000302,PHP0000224,Srinivas Jangam,,Kondamallepally,2026-07-20,RX0000409,Pantoprazole,10,15,0,0,FAC012,Dispensed
DSP0000303,PHP0000225,Suresh Chary,,Kondamallepally,2026-03-01,RX0000410,Amlodipine,30,30,0,0,FAC011,Dispensed
DSP0000304,PHP0000226,Rani Goud,9068925694,Kohir,2026-01-28,RX0000411,Pantoprazole,10,15,0,0,FAC024,Dispensed
DSP0000305,PHP0000226,Rani Goud,9068925694,Kohir,2026-04-12,RX0000412,Cetirizine,5,15,0,0,FAC022,Dispensed
DSP0000306,PHP0000226,Rani Goud,9068925694,Kohir,2026-04-15,RX0000412,Paracetamol,3,15,0,0,FAC022,Dispensed
DSP0000307,PHP0000227,Jyothi Mallaiah,9999545946,Marrur,2026-05-30,RX0000414,Metformin,30,30,0,0,FAC016,Dispensed
DSP0000308,PHP0000228,Kavitha Kumar,9368427867,Bodajanampe,2026-07-04,RX0000416,Amoxicillin,5,15,0,0,FAC005,Dispensed
DSP0000309,PHP0000229,Deepika Kumar,,Kalher,2026-07-05,RX0000417,Paracetamol,5,15,0,0,FAC021,Dispensed
DSP0000310,PHP0000229,Deepika Kumar,9362525875,Kalhe,2026-07-27,RX0000418,Paracetamol,5,30,0,0,FAC019,Dispensed
DSP0000311,PHP0000230,Srilatha Basha,9613682020,Narayankhed,2026-04-20,RX0000419,Amoxicillin,5,30,0,0,FAC019,Dispensed
DSP0000312,PHP0000231,Jyothi Goud,9815927753,Ameenpur,2026-03-06,RX0000421,Amlodipine,30,30,0,0,FAC025,Dispensed
DSP0000313,PHP0000231,Jyothi Goud,9815927753,Ameenpur,2026-07-16,RX0000422,Amlodipine,30,30,0,0,FAC025,Dispensed
DSP0000314,PHP0000232,Anitha Das,9106764080,Vemula,2026-03-10,RX0000423,Metformin,30,15,1,0,FAC007,Partially dispensed
DSP0000315,PHP0000233,Neermala Mudiraj,9516063923,Nakrekal,2026-05-20,RX0000424,Paracetamol,5,30,0,0,FAC017,Dispensed
DSP0000316,PHP0000234,Santosh Reddy,,Bodajanampet,2026-07-14,RX0000426,Metformin,30,30,0,0,FAC006,Dispensed
DSP0000317,PHP0000235,Rani Mudiraj,9143523158,Kalher,2026-02-17,RX0000427,Amlodipine,30,15,1,0,FAC019,Partially dispensed
DSP0000318,PHP0000235,Rani Mudiraj,9143523158,Kalher,2026-02-15,RX0000427,Paracetamol,3,30,0,0,FAC019,Dispensed
DSP0000319,PHP0000236,Santosh Das,9180846400,Ameenpur,2026-01-31,RX0000432,Amlodipine,30,15,1,0,FAC025,Partially dispensed
DSP0000320,PHP0000236,Santosh Das,9180846400,Ameenpur,2026-01-26,RX0000432,Metformin,30,30,0,0,FAC025,Dispensed
DSP0000321,PHP0000236,Santosh Das,9180846400,Ameenpur,2026-07-12,RX0000434,Amlodipine,30,15,1,0,FAC026,Partially dispensed
DSP0000322,PHP0000236,Santosh Das,9180846400,Ameenpu,2026-07-16,RX0000434,Metformin,30,30,0,0,FAC026,Dispensed
DSP0000323,PHP0000237,Ravi Begum,9322716441,Indresham,2026-08-14,RX0000436,Cetirizine,5,30,0,0,FAC026,Dispensed
DSP0000324,PHP0000238,Deepika Begum,,Devarakonda,2026-05-26,RX0000437,Amlodipine,30,15,1,0,FAC012,Partially dispensed
DSP0000325,PHP0000239,Mohan Chary,9007960112,Vemula,2026-05-11,RX0000438,Pantoprazole,10,15,0,0,FAC007,Dispensed
DSP0000326,PHP0000240,Sai Naik,9933356525,Nermata,2026-03-22,RX0000439,Metformin,30,15,1,0,FAC015,Partially dispensed
DSP0000327,PHP0000241,Nirmala Laxman,,Nomula,2026-02-05,RX0000440,Cetirizine,5,15,0,0,FAC017,Dispensed
DSP0000328,PHP0000242,Sures Chary,,Ameenpur,2026-01-21,RX0000442,Amoxicillin,5,15,0,0,FAC025,Dispensed
DSP0000329,PHP0000243,Saritha Narsimha,9384789896,Bangarigadda,2026-04-06,RX0000444,Amlodipine,30,15,1,0,FAC014,Partially dispensed
DSP0000330,PHP0000244,Ravi Mudiraj,+91-97312-72383,Peddadinne,2026-04-27,RX0000445,Pantoprazole,10,15,0,0,FAC011,Dispensed
DSP0000331,PHP0000244,Ravee Mudiraj,9731272383,PEDDADINNE,2026-06-05,RX0000446,Amlodipine,30,0,0,1,FAC010,Not dispensed due to stock
DSP0000332,PHP0000244,Ravi Mudiraj,9731272383,Peddadinne,2026-06-05,RX0000446,Paracetamol,3,30,0,0,FAC010,Dispensed
DSP0000333,PHP0000245,Sushma Das,9443777579,Kohir,2026-06-21,RX0000448,Amoxicillin,5,15,0,0,FAC024,Dispensed
DSP0000334,PHP0000246,Raghav Das,9858439779,Bangarigadda,2026-04-11,RX0000449,Metformin,30,15,1,0,FAC015,Partially dispensed
DSP0000335,PHP0000247,Swathi Devi,9580202128,Jharasangam,2026-03-14,RX0000450,Amoxicillin,5,15,0,0,FAC024,Dispensed
DSP0000336,PHP0000248,Anil Mallaiah,9936933267,Nomula,2026-07-02,RX0000451,Amlodipine,30,30,0,0,FAC017,Dispensed
DSP0000337,PHP0000249,Naresh Devi,+91-96643-79472,Gangapur,2026-06-15,RX0000452,Paracetamol,5,15,0,0,FAC002,Dispensed
DSP0000338,PHP0000250,Sai Mallaiah,9781486012,Kohir,2026-03-18,RX0000453,Cetirizine,5,30,0,0,FAC022,Dispensed
DSP0000339,PHP0000251,Nirmala Laxman,9147839241,Bangarigadda,2026-06-18,RX0000454,Amoxicillin,5,15,0,0,FAC013,Dispensed
DSP0000340,PHP0000252,Praveen Devi,9620878104,Kangti,2026-01-23,RX0000455,Pantoprazole,10,30,0,0,FAC019,Dispensed
DSP0000341,PHP0000253,Jyothi Yadav,9835793200,Polepally,2026-06-24,RX0000456,Amlodipine,30,30,0,0,FAC003,Dispensed
DSP0000342,PHP0000253,Jyothi Yadav,,Polepally,2026-06-21,RX0000456,Metformin,30,0,0,1,FAC003,Not dispensed due to stock
DSP0000343,PHP0000253,Jyothi Yadav,9805793200,Polepally,2026-08-16,RX0000458,Metformin,30,15,1,0,FAC001,Partially dispensed
DSP0000344,PHP0000253,Jyothi Yadav,9835793200,Polepally,2026-08-15,RX0000458,Paracetamol,3,30,0,0,FAC001,Dispensed
DSP0000345,PHP0000254,Vinod Reddy,9868050931,Mogudampally,2026-03-08,RX0000462,Cetirizine,5,30,0,0,FAC023,Dispensed
DSP0000346,PHP0000255,Swathi Jangam,9911841703,Kummarikunta,2026-06-04,RX0000464,Amoxicillin,5,30,0,0,FAC013,Dispensed
DSP0000347,PHP0000256,Rani Chary,9367870284,Nakrekal,2026-02-16,RX0000465,Pantoprazole,10,30,0,0,FAC016,Dispensed
DSP0000348,PHP0000256,Rani Chary,9367870284,Nakrekal,2026-02-18,RX0000465,Paracetamol,3,30,0,0,FAC016,Dispensed
DSP0000349,PHP0000257,Rajesh Mudiraj,9140005385,Velpula,2026-04-06,RX0000467,Cetirizine,5,30,0,0,FAC009,Dispensed
DSP0000350,PHP0000257,Rajesh Mudiraj,9140005385,Velpula,2026-04-11,RX0000468,Metformin,30,0,0,1,FAC008,Not dispensed due to stock
DSP0000351,PHP0000257,Rajesh Mudiraj,9140005385,Velpula,2026-04-10,RX0000468,Paracetamol,3,15,0,0,FAC008,Dispensed
DSP0000352,PHP0000258,Anil Mallaiah,9984343562,Jharasangam,2026-03-02,RX0000470,Cetirizine,5,15,0,0,FAC024,Dispensed
DSP0000353,PHP0000258,Anil Mallaiah,9964343562,Jharasangam,2026-03-04,RX0000470,Paracetamol,3,15,0,0,FAC024,Dispensed
DSP0000354,PHP0000259,Rani Goud,9683995229,Donur,2026-03-05,RX0000472,Amlodipine,30,30,0,0,FAC009,Dispensed
DSP0000355,PHP0000260,Naveen Basha,9738774172,Indresham,2026-02-18,RX0000474,Cetirizine,5,15,0,0,FAC025,Dispensed
DSP0000356,PHP0000260,Naveen Basha,9738774172,Indresham,2026-02-14,RX0000474,Paracetamol,3,30,0,0,FAC025,Dispensed
DSP0000357,PHP0000261,Venkatesh Naik,9351309311,Gangapur,2026-08-02,RX0000476,Amlodipine,30,30,0,0,FAC002,Dispensed
DSP0000358,PHP0000261,Venkatesh Naik,9351309311,Gangapur,2026-08-06,RX0000476,Metformin,30,15,1,0,FAC002,Partially dispensed
DSP0000359,PHP0000262,Ramesh Begum,9152199367,Devarakond,2026-07-04,RX0000481,Cetirizine,5,30,0,0,FAC010,Dispensed
DSP0000360,PHP0000262,Ramesh Begum,9352199367,Devarakonda,2026-07-03,RX0000481,Paracetamol,3,15,0,0,FAC010,Dispensed
DSP0000361,PHP0000262,Ramesh Begum,9352199367,Devarakonda,2026-08-09,RX0000483,Amoxicillin,5,30,0,0,FAC011,Dispensed
DSP0000362,PHP0000262,Ramesh Begum,+91-93521-99367,Devarakonda,2026-08-12,RX0000483,Paracetamol,3,15,0,0,FAC011,Dispensed
DSP0000363,PHP0000263,Naveen Mudiraj,,Kalher,2026-04-25,RX0000485,Paracetamol,5,15,0,0,FAC020,Dispensed
DSP0000364,PHP0000263,Naveen Mudiraj,9223634273,Kalher,2026-04-25,RX0000485,Paracetamol,3,15,0,0,FAC020,Dispensed
DSP0000365,PHP0000264,Kiran Mallaiah,9326327552,Narayankhed,2026-08-08,RX0000488,Cetirizine,5,15,0,0,FAC020,Dispensed
DSP0000366,PHP0000265,Raju Mallaiah,9074123488,Mogudampally,2026-06-13,RX0000491,Amlodipine,30,15,1,0,FAC022,Partially dispensed
DSP0000367,PHP0000266,Arun Jangam,9997933254,Bangarigadda,2026-05-18,RX0000492,Cetirizine,5,30,0,0,FAC015,Dispensed
DSP0000368,PHP0000267,Sai Basha,,Kallepally,2026-01-14,RX0000493,Amoxicillin,5,30,0,0,FAC004,Dispensed
DSP0000369,PHP0000268,Naveen Reddy,9727728558,Narayankhed,2026-07-27,RX0000494,Amoxicillin,5,15,0,0,FAC021,Dispensed
DSP0000370,PHP0000269,Ramesh Krishna,9943871901,Devarakonda,2026-08-06,RX0000496,Pantoprazole,10,30,0,0,FAC010,Dispensed
DSP0000371,PHP0000270,Harika Goud,9677945685,Midjil,2026-07-12,RX0000497,Paracetamol,5,15,0,0,FAC007,Dispensed
DSP0000372,PHP0000271,Lakshmi Goud,9886784070,KOHIR,2026-05-19,RX0000498,Pantoprazole,10,15,0,0,FAC022,Dispensed
DSP0000373,PHP0000271,Lakshmi Goud,9886784070,Kohir,2026-05-21,RX0000498,Paracetamol,3,15,0,0,FAC022,Dispensed
DSP0000374,PHP0000272,Rani Shekar,9662507085,Indresham,2026-07-28,RX0000500,Amlodipine,30,30,0,0,FAC026,Dispensed
DSP0000375,PHP0000273,Srinivas Goud,9381264022,Marrur,2026-07-24,RX0000501,Amlodipine,30,30,0,0,FAC016,Dispensed
DSP0000376,PHP0000274,Rajesh Mallaiah,9798134725,BHANUR,2026-04-03,RX0000502,Pantoprazole,10,30,0,0,FAC027,Dispensed
DSP0000377,PHP0000275,Sai Laxman,9444028700,Ameenpur,2026-06-30,RX0000503,Cetirizine,5,30,0,0,FAC025,Dispensed
DSP0000378,PHP0000276,Lalitha Kumar,+91-95112-04338,Zaheeraba,2026-06-14,RX0000504,Paracetamol,5,15,0,0,FAC024,Dispensed
DSP0000379,PHP0000277,Rani Yadaw,9217656058,Nomula,2026-06-10,RX0000505,Paracetamol,5,15,0,0,FAC018,Dispensed
DSP0000380,PHP0000277,Rani Yadav,9217656058,NOMULA,2026-07-30,RX0000506,Cetirizine,5,15,0,0,FAC018,Dispensed
DSP0000381,PHP0000278,Sures Kumar,,MOGUDAMPALLY,2026-05-09,RX0000507,Metformin,30,30,0,0,FAC024,Dispensed
DSP0000382,PHP0000279,Naresh Chary,,Donur,2026-02-03,RX0000509,Amoxicillin,5,30,0,0,FAC008,Dispensed
DSP0000383,PHP0000280,Praveen Devi,9139819862,Macharam,2026-04-21,RX0000510,Cetirizine,5,30,0,0,FAC003,Dispensed
DSP0000384,PHP0000281,Rajesh Mallaiah,9753069027,Devarakonda,2026-08-19,RX0000513,Paracetamol,5,15,0,0,FAC011,Dispensed
DSP0000385,PHP0000282,Lakshmi Yadav,9507459876,Patancheru,2026-01-30,RX0000514,Metformin,30,30,0,0,FAC027,Dispensed
DSP0000386,PHP0000283,Srinivas Jangam,,Kondamallepally,2026-04-23,RX0000515,Paracetamol,5,15,0,0,FAC011,Dispensed
DSP0000387,PHP0000283,Srinivas Jangam,+91-98470-71293,Kondamallepally,2026-06-05,RX0000516,Pantoprazole,10,15,0,0,FAC010,Dispensed
DSP0000388,PHP0000283,Srinivas Jangam,9847071293,Kondamallepally,2026-07-14,RX0000517,Amoxicillin,5,15,0,0,FAC012,Dispensed
DSP0000389,PHP0000284,Sushma Begum,9685296714,Patancheru,2026-04-30,RX0000520,Metformin,30,30,0,0,FAC027,Dispensed
DSP0000390,PHP0000284,Sushma Begum,9685296714,Patancheru,2026-04-29,RX0000520,Paracetamol,3,15,0,0,FAC027,Dispensed
DSP0000391,PHP0000285,Ravi Krishna,9353933438,Nermata,2026-05-07,RX0000522,Pantoprazole,10,15,0,0,FAC014,Dispensed
DSP0000392,PHP0000285,Ravi Krishna,9353933438,NERMATA,2026-05-16,RX0000523,Cetirizine,5,30,0,0,FAC014,Dispensed
DSP0000393,PHP0000285,Ravi Krishna,+91-93539-33438,Nermata,2026-05-16,RX0000523,Paracetamol,3,30,0,0,FAC014,Dispensed
DSP0000394,PHP0000286,Sushma Khan,9037656644,Rajapur,2026-05-13,RX0000525,Amoxicillin,5,15,0,0,FAC006,Dispensed
DSP0000395,PHP0000286,Sushma,9037656644,Rajapur,2026-06-09,RX0000526,Amlodipine,30,30,0,0,FAC005,Dispensed
DSP0000396,PHP0000286,Sushma Khan,9037656644,Rajapur,2026-06-08,RX0000526,Metformin,30,30,0,0,FAC005,Dispensed
DSP0000397,PHP0000287,Srinivs Reddy,9883767927,Narayankhed,2026-03-14,RX0000529,Metformin,30,15,1,0,FAC021,Partially dispensed
DSP0000398,PHP0000288,Mounika Begum,+91-91305-23955,Marrur,2026-05-18,RX0000531,Cetirizine,5,15,0,0,FAC018,Dispensed
DSP0000399,PHP0000289,Divya Laxman,9436474390,Kallepally,2026-08-09,RX0000532,Metformin,30,30,0,0,FAC006,Dispensed
DSP0000400,PHP0000290,Kavitha Laxman,,Jharasangam,2026-03-11,RX0000533,Paracetamol,5,30,0,0,FAC022,Dispensed
DSP0000401,PHP0000290,Kavitha Laxman,9371005584,JHARASANGAM,2026-07-21,RX0000534,Amoxicillin,5,30,0,0,FAC024,Dispensed
DSP0000402,PHP0000291,Shankar Shekar,9780778237,Mangalapally,2026-02-11,RX0000535,Amlodipine,30,30,0,0,FAC017,Dispensed
DSP0000403,PHP0000291,Shankar Shekar,9780778237,Mangalapally,2026-02-10,RX0000535,Metformin,30,15,1,0,FAC017,Partially dispensed
DSP0000404,PHP0000292,Deepika Shekar,9444129144,MANOOR,2026-03-02,RX0000538,Amoxicillin,5,15,1,1,FAC020,Partially dispensed
DSP0000405,PHP0000292,Deepika Shekar,9444129144,Manoor,2026-05-13,RX0000540,Amoxicillin,5,30,0,0,FAC021,Dispensed
DSP0000406,PHP0000293,Raju Mudiraj,9866642705,Gangapur,2026-06-09,RX0000541,Amlodipine,30,15,1,0,FAC002,Partially dispensed
DSP0000407,PHP0000293,Raju Mudeeraj,9866642705,Gangapur,2026-07-21,RX0000543,Metformin,30,15,1,0,FAC003,Partially dispensed
DSP0000408,PHP0000294,Santosh Naik,9055370784,Mogudampally,2026-01-17,RX0000545,Cetirizine,5,30,0,0,FAC024,Dispensed
DSP0000409,PHP0000294,Santosh Naik,9655370784,Mogudampally,2026-01-18,RX0000545,Paracetamol,3,15,0,0,FAC024,Dispensed
DSP0000410,PHP0000295,Saee Basha,,Gangapur,2026-06-04,RX0000548,Paracetamol,5,15,0,0,FAC002,Dispensed
DSP0000411,PHP0000296,Lalitha Chary,9682364609,Midjil,2026-04-26,RX0000549,Amoxicillin,5,30,0,0,FAC007,Dispensed
DSP0000412,PHP0000296,Lalitha Chary,9682364609,Midjil,2026-05-31,RX0000550,Amoxicillin,5,15,0,0,FAC009,Dispensed
DSP0000413,PHP0000297,Sushma Das,9615714001,Indresham,2026-03-22,RX0000551,Amlodipine,30,30,0,0,FAC025,Dispensed
DSP0000414,PHP0000297,Sushma Das,9615714001,Indresham,2026-03-27,RX0000551,Paracetamol,3,30,0,0,FAC025,Dispensed
DSP0000415,PHP0000297,Sushma Das,9615714001,Indresham,2026-05-02,RX0000553,Paracetamol,5,15,0,0,FAC027,Dispensed
DSP0000416,PHP0000298,Anitha Laxman,9532421146,Badepally,2026-05-22,RX0000554,Paracetamol,5,30,0,0,FAC001,Dispensed
DSP0000417,PHP0000299,Rani Kumar,9109885786,Mogudampally,2026-06-02,RX0000555,Paracetamol,5,15,0,0,FAC022,Dispensed
DSP0000418,PHP0000300,Kiran,9946674118,Patancheru,2026-01-13,RX0000556,Metformin,30,15,1,0,FAC027,Partially dispensed
DSP0000419,PHP0000301,Suresh Das,9309217797,Kummarikunta,2026-07-30,RX0000557,Amlodipine,30,30,0,0,FAC015,Dispensed
DSP0000420,PHP0000302,Shobha Narsimha,9399376921,Kallepally,2026-04-20,RX0000559,Amlodipine,30,30,0,0,FAC004,Dispensed
DSP0000421,PHP0000302,Shobha Narsimha,9399376921,Kallepally,2026-04-22,RX0000559,Metformin,30,30,0,0,FAC004,Dispensed
DSP0000422,PHP0000303,Divya Yadav,9665504020,Vemula,2026-06-03,RX0000561,Amlodipine,30,15,1,0,FAC008,Partially dispensed
DSP0000423,PHP0000304,Sushma Laxman,9074053367,Gangapur,2026-07-16,RX0000562,Pantoprazole,10,30,0,0,FAC003,Dispensed
DSP0000424,PHP0000304,Sushma Laxman,9074053367,Gangapur,2026-07-17,RX0000562,Paracetamol,3,30,0,0,FAC003,Dispensed
DSP0000425,PHP0000305,Sushma Naik,9664380368,Kangti,2026-01-18,RX0000564,Metformin,30,30,0,0,FAC021,Dispensed
DSP0000426,PHP0000306,Bhavani Narsimha,9268082763,Gundlapally,2026-05-18,RX0000565,Pantoprazole,10,30,0,0,FAC012,Dispensed
DSP0000427,PHP0000307,Mounik Devi,9959047903,Gangapur,2026-02-19,RX0000566,Amoxicillin,5,30,0,0,FAC002,Dispensed
DSP0000428,PHP0000308,Aneel Naik,9525147507,Jharasangam,2026-04-15,RX0000568,Cetirizine,5,30,0,0,FAC022,Dispensed
DSP0000429,PHP0000309,Swathi Yadav,9656275094,KONDAMALLEPALLY,2026-01-05,RX0000569,Metformin,30,15,1,0,FAC012,Partially dispensed
DSP0000430,PHP0000309,Swathi,9656275094,Kondamallepalli,2026-01-04,RX0000569,Paracetamol,3,15,0,0,FAC012,Dispensed
DSP0000431,PHP0000309,Swathi Yadav,9656275094,Kondamallepally,2026-03-09,RX0000571,Amoxicillin,5,30,0,0,FAC012,Dispensed
DSP0000432,PHP0000309,Swathi Yadav,9656275094,KONDAMALLEPALLY,2026-03-08,RX0000571,Paracetamol,3,15,0,0,FAC012,Dispensed
DSP0000433,PHP0000310,Renuka Reddy,9488692223,Jharasangam,2026-05-28,RX0000573,Cetirizine,5,30,0,0,FAC023,Dispensed
DSP0000434,PHP0000311,Venkatesh Das,9978510531,Bodajanampet,2026-06-18,RX0000574,Amlodipine,30,15,1,0,FAC005,Partially dispensed
DSP0000435,PHP0000312,Shankar Goud,9611462184,Donur,2026-03-06,RX0000575,Cetirizine,5,15,0,0,FAC008,Dispensed
DSP0000436,PHP0000312,Shankar Goud,,Donur,2026-03-09,RX0000576,Paracetamol,5,30,0,0,FAC008,Dispensed
DSP0000437,PHP0000313,Kavitha Narsimha,9222956025,Velpula,2026-08-10,RX0000577,Pantoprazole,10,30,0,0,FAC009,Dispensed
DSP0000438,PHP0000314,Ramesh Begum,9828011670,Chandur,2026-01-29,RX0000578,Amoxicillin,5,15,0,0,FAC013,Dispensed
DSP0000439,PHP0000314,Ramesh Begum,9828011670,Chandur,2026-02-24,RX0000579,Metformin,30,30,0,0,FAC014,Dispensed
DSP0000440,PHP0000315,Shobha Patel,9405791047,Manoor,2026-06-24,RX0000580,Metformin,30,15,1,0,FAC021,Partially dispensed
DSP0000441,PHP0000316,Bhavani Das,+91-97699-28342,Peddadinne,2026-06-13,RX0000581,Paracetamol,5,30,0,0,FAC010,Dispensed
DSP0000442,PHP0000317,Lakshmi Kumar,9428012094,Mogudampally,2026-04-19,RX0000582,Pantoprazole,10,15,0,0,FAC024,Dispensed
DSP0000443,PHP0000318,Sriniwas Laxman,9119265340,KANGTI,2026-05-30,RX0000584,Amlodipine,30,15,1,0,FAC019,Partially dispensed
DSP0000444,PHP0000319,Mahesh Naik,9317625948,Rajapur,2026-06-05,RX0000585,Cetirizine,5,30,0,0,FAC004,Dispensed
DSP0000445,PHP0000320,Rni Reddy,9338736959,Mogudampally,2026-04-20,RX0000586,Pantoprazole,10,30,0,0,FAC022,Dispensed
DSP0000446,PHP0000320,Rani Reddy,9338736959,Mogudampall,2026-04-23,RX0000586,Paracetamol,3,15,0,0,FAC022,Dispensed
DSP0000447,PHP0000321,Mohan Devi,9370919008,Mangalapalli,2026-06-07,RX0000590,Metformin,30,15,1,0,FAC016,Partially dispensed
DSP0000448,PHP0000322,Anjali Krishna,9350542235,BANGARIGADDA,2026-02-09,RX0000593,Pantoprazole,10,15,0,0,FAC013,Dispensed
DSP0000449,PHP0000323,Kiran Shekar,9414748619,Nermata,2026-05-12,RX0000595,Amoxicillin,5,0,0,1,FAC014,Not dispensed due to stock
DSP0000450,PHP0000324,Anil Mallaiah,9063729898,Kangti,2026-07-18,RX0000597,Paracetamol,5,15,0,0,FAC020,Dispensed
DSP0000451,PHP0000325,Anitha Goud,9280079400,Bodajanampet,2026-01-10,RX0000598,Metformin,30,30,0,0,FAC004,Dispensed
DSP0000452,PHP0000326,Divya Goud,9836268690,Marrur,2026-01-01,RX0000600,Amlodipine,30,15,1,0,FAC018,Partially dispensed
DSP0000453,PHP0000327,Lakshmi Laxman,9042914348,Ameenpur,2026-05-03,RX0000602,Metformin,30,30,0,0,FAC025,Dispensed
DSP0000454,PHP0000328,Mahesh Jangam,9992066428,Narayankhed,2026-06-20,RX0000603,Metformin,30,30,0,0,FAC019,Dispensed
DSP0000455,PHP0000328,Mahesh Jangam,9992066428,Narayankhed,2026-06-17,RX0000603,Paracetamol,3,15,0,0,FAC019,Dispensed
DSP0000456,PHP0000329,Lakshmi Basha,9254349436,MIDJIL,2026-04-04,RX0000605,Cetirizine,5,15,0,0,FAC008,Dispensed
DSP0000457,PHP0000330,Bhavani Das,9835170211,Gangapur,2026-04-11,RX0000606,Paracetamol,5,15,0,0,FAC002,Dispensed
DSP0000458,PHP0000330,Bhavani Das,9835170211,Gangapur,2026-04-17,RX0000607,Paracetamol,5,30,0,0,FAC001,Dispensed
DSP0000459,PHP0000331,Venkatesh Laxman,9637666199,Jharasangam,2026-03-09,RX0000609,Amlodipine,30,15,1,0,FAC023,Partially dispensed
DSP0000460,PHP0000332,Shobh Laxman,,Kohir,2026-07-16,RX0000610,Cetirizine,5,30,0,0,FAC024,Dispensed
DSP0000461,PHP0000332,Shobha Laxman,9866213339,Kohir,2026-07-17,RX0000610,Paracetamol,3,30,0,0,FAC024,Dispensed
DSP0000462,PHP0000333,Srilatha Goud,9295580556,Kangti,2026-05-02,RX0000612,Amlodipine,30,30,0,0,FAC019,Dispensed
DSP0000463,PHP0000334,Rvi Kumar,9188316365,Ameenpur,2026-07-12,RX0000614,Paracetamol,5,15,0,0,FAC026,Dispensed
DSP0000464,PHP0000335,Suresh Narsimha,9512060880,Balanagar,2026-05-23,RX0000615,Cetirizine,5,30,0,0,FAC006,Dispensed
DSP0000465,PHP0000336,Anitha Krishna,9416153267,Badepally,2026-07-29,RX0000616,Metformin,30,15,1,0,FAC002,Partially dispensed
DSP0000466,PHP0000337,Srilatha Krishna,9148366789,Kummarikunta,2026-01-07,RX0000617,Paracetamol,5,30,0,0,FAC014,Dispensed
DSP0000467,PHP0000337,Srilatha Krishna,9148366789,Kummarikunta,2026-02-21,RX0000618,Cetirizine,5,15,0,0,FAC014,Dispensed
DSP0000468,PHP0000338,Sai Begum,+91-93826-00541,Nomula,2026-04-03,RX0000619,Amoxicillin,5,15,0,0,FAC017,Dispensed
DSP0000469,PHP0000338,Sai Begum,9382600541,Nomula,2026-04-28,RX0000620,Amlodipine,30,15,1,0,FAC016,Partially dispensed
DSP0000470,PHP0000339,Vinod Narsimha,9526867885,Velpula,2026-05-23,RX0000621,Amlodipine,30,15,1,0,FAC008,Partially dispensed
DSP0000471,PHP0000339,Vinod Narsimha,9526867885,Velpula,2026-05-26,RX0000621,Paracetamol,3,15,0,0,FAC008,Dispensed
DSP0000472,PHP0000340,Praveen Laxman,9975602876,Balanagar,2026-07-27,RX0000624,Amlodipine,30,15,1,0,FAC005,Partially dispensed
DSP0000473,PHP0000341,Vinod Shekar,,Narayankhed,2026-03-25,RX0000625,Amoxicillin,5,15,0,0,FAC019,Dispensed
DSP0000474,PHP0000341,Vinod sekar,+91-98920-70656,Narayankhed,2026-03-25,RX0000625,Paracetamol,3,30,0,0,FAC019,Dispensed
DSP0000475,PHP0000342,Bhavani,9934077959,Manoor,2026-07-24,RX0000627,Paracetamol,3,15,0,0,FAC020,Dispensed
DSP0000476,PHP0000343,Raju Das,9483934233,Kallepally,2026-07-10,RX0000629,Cetirizine,5,30,0,0,FAC006,Dispensed
DSP0000477,PHP0000344,Suresh Naik,9983672453,Nomula,2026-01-17,RX0000630,Amoxicillin,5,30,0,0,FAC018,Dispensed
DSP0000478,PHP0000345,Neermala Reddy,9948110567,Vemula,2026-02-11,RX0000631,Amlodipine,30,15,1,0,FAC007,Partially dispensed
DSP0000479,PHP0000346,Mounika Chary,9664273598,Marrur,2026-04-13,RX0000632,Amoxicillin,5,0,0,1,FAC016,Not dispensed due to stock
DSP0000480,PHP0000346,Mounika Chary,+91-96642-73598,Marrur,2026-07-27,RX0000633,Paracetamol,5,30,0,0,FAC018,Dispensed
DSP0000481,PHP0000347,Rajesh Goud,9570831025,Patancheru,2026-05-01,RX0000634,Pantoprazole,10,15,0,0,FAC027,Dispensed
DSP0000482,PHP0000348,Rajesh Mallaiah,9177273611,Vemula,2026-02-19,RX0000635,Amlodipine,30,15,1,0,FAC009,Partially dispensed
DSP0000483,PHP0000348,Rajesh Mallaiah,9177273611,Vemula,2026-07-15,RX0000636,Amlodipine,30,30,0,0,FAC008,Dispensed
DSP0000484,PHP0000349,Lalitha Yadav,9842354324,Velpula,2026-01-11,RX0000638,Amlodipine,30,15,1,0,FAC008,Partially dispensed
DSP0000485,PHP0000350,Raghav Laxman,,Peddadinne,2026-08-08,RX0000640,Paracetamol,5,15,0,0,FAC012,Dispensed
DSP0000486,PHP0000351,Santosh,9010177270,Indresham,2026-03-06,RX0000641,Amlodipine,30,30,0,0,FAC027,Dispensed
DSP0000487,PHP0000352,Mounika Das,9252131756,Jharasangam,2026-04-15,RX0000645,Amlodipine,30,30,0,0,FAC022,Dispensed
DSP0000488,PHP0000353,Santosh Chary,9934587615,Ameenpur,2026-02-08,RX0000647,Paracetamol,5,15,0,0,FAC026,Dispensed
DSP0000489,PHP0000354,Santosh Goud,9539205170,Kondamallepally,2026-07-23,RX0000650,Paracetamol,5,15,0,0,FAC010,Dispensed
DSP0000490,PHP0000355,Mahesh Basha,9950994604,Macharam,2026-01-14,RX0000651,Metformin,30,30,0,0,FAC003,Dispensed
DSP0000491,PHP0000355,Mahesh Basha,9950994604,Machara,2026-07-19,RX0000652,Metformin,30,15,1,0,FAC001,Partially dispensed
DSP0000492,PHP0000356,Naveen Chary,9808878605,Chandur,2026-02-10,RX0000653,Amlodipine,30,15,1,0,FAC014,Partially dispensed
DSP0000493,PHP0000356,Naveen Chary,9808878605,Chandur,2026-05-05,RX0000654,Amlodipine,30,15,1,0,FAC014,Partially dispensed
DSP0000494,PHP0000357,Sai Narsimha,9569012001,Nomula,2026-05-17,RX0000655,Metformin,30,15,1,0,FAC017,Partially dispensed
DSP0000495,PHP0000358,Suresh,9187048205,Bangarigadda,2026-03-18,RX0000658,Amoxicillin,5,15,0,0,FAC013,Dispensed
DSP0000496,PHP0000359,Divy Reddy,+91-90510-85952,Jharasangam,2026-07-01,RX0000659,Amoxicillin,5,0,0,1,FAC023,Not dispensed due to stock
DSP0000497,PHP0000360,Vinod Begum,9860083392,Devarakonda,2026-03-28,RX0000661,Paracetamol,5,30,0,0,FAC012,Dispensed
DSP0000498,PHP0000361,Bhavani Narsimha,,Gangapur,2026-03-10,RX0000662,Amoxicillin,5,0,0,1,FAC003,Not dispensed due to stock
DSP0000499,PHP0000361,Bhavani Narsimha,,Gangapur,2026-08-16,RX0000663,Pantoprazole,10,15,0,0,FAC003,Dispensed
DSP0000500,PHP0000362,Lakshmi Krishna,9728894311,Patancheru,2026-01-04,RX0000664,Amlodipine,30,15,1,0,FAC027,Partially dispensed
DSP0000501,PHP0000362,Lakshmi Krishna,9728894311,PATANCHERU,2026-01-01,RX0000664,Metformin,30,30,0,0,FAC027,Dispensed
DSP0000502,PHP0000363,Deepika Patel,9334042762,Bhanur,2026-05-03,RX0000667,Paracetamol,3,30,0,0,FAC025,Dispensed
DSP0000503,PHP0000364,Rani Chary,9890261674,Bhanur,2026-07-10,RX0000670,Paracetamol,3,15,0,0,FAC025,Dispensed
DSP0000504,PHP0000365,Kavitha Naik,9691833693,Jharasangam,2026-05-13,RX0000672,Pantoprazole,10,30,0,0,FAC023,Dispensed
DSP0000505,PHP0000365,Kavitha Naik,+91-96918-33693,Jharasangam,2026-05-13,RX0000672,Paracetamol,3,30,0,0,FAC023,Dispensed
DSP0000506,PHP0000366,Shobha Mudiraj,9743339280,Bangarigadda,2026-04-21,RX0000674,Amlodipine,30,15,1,0,FAC015,Partially dispensed
DSP0000507,PHP0000366,Shobha Mudiraj,9743339280,Bangarigadda,2026-04-20,RX0000674,Metformin,30,30,0,0,FAC015,Dispensed
DSP0000508,PHP0000367,Kiran Naik,9361612446,Polepally,2026-01-12,RX0000676,Pantoprazole,10,30,0,0,FAC002,Dispensed
DSP0000509,PHP0000368,Naresh Das,9443153181,Kallepally,2026-01-27,RX0000678,Cetirizine,5,0,0,1,FAC005,Not dispensed due to stock
DSP0000510,PHP0000369,Rajesh Yadav,9751581636,Chandur,2026-01-10,RX0000679,Paracetamol,5,0,0,1,FAC013,Not dispensed due to stock
DSP0000511,PHP0000370,Deepika sekar,9309807752,Manoor,2026-02-11,RX0000680,Amlodipine,30,30,0,0,FAC021,Dispensed
DSP0000512,PHP0000370,Dipika Shekar,+91-93698-07752,Manoor,2026-06-24,RX0000681,Paracetamol,5,15,0,0,FAC020,Dispensed
DSP0000513,PHP0000371,Lakshmi Begum,9593860965,Narayankhed,2026-07-12,RX0000683,Cetirizine,5,30,0,0,FAC021,Dispensed
DSP0000514,PHP0000372,Raju Krishna,9361373635,Rajapur,2026-06-28,RX0000684,Metformin,30,15,1,0,FAC005,Partially dispensed
DSP0000515,PHP0000373,Anitha Laxman,9841990135,Bodajanampe,2026-07-23,RX0000685,Pantoprazole,10,15,0,0,FAC005,Dispensed
DSP0000516,PHP0000374,Arun Jangam,,Balanagar,2026-05-01,RX0000686,Pantoprazole,10,15,0,0,FAC004,Dispensed
DSP0000517,PHP0000375,Ravi Reddy,9954367638,Rajapur,2026-03-14,RX0000690,Paracetamol,5,15,0,0,FAC006,Dispensed
DSP0000518,PHP0000376,Rajesh Khan,9790105766,Nakrekal,2026-04-25,RX0000693,Paracetamol,5,30,0,0,FAC018,Dispensed
DSP0000519,PHP0000377,Lakshmi Reddy,9769570943,Donur,2026-03-06,RX0000695,Pantoprazole,10,15,0,0,FAC007,Dispensed
DSP0000520,PHP0000378,Shobha Kumar,9160589954,Macharam,2026-06-05,RX0000697,Cetirizine,5,15,0,0,FAC001,Dispensed
DSP0000521,PHP0000379,Ravi Khan,9711943747,Marrur,2026-06-13,RX0000698,Amoxicillin,5,15,0,0,FAC017,Dispensed
DSP0000522,PHP0000380,Anjali Begum,9819644940,Marrur,2026-04-06,RX0000699,Amoxicillin,5,30,0,0,FAC017,Dispensed
DSP0000523,PHP0000381,Shobha Narsimha,9993865775,Manoor,2026-03-24,RX0000700,Amoxicillin,5,30,0,0,FAC021,Dispensed
DSP0000524,PHP0000382,Saritha Kumar,9236254652,Bodajanampet,2026-04-12,RX0000701,Cetirizine,5,15,0,0,FAC005,Dispensed
DSP0000525,PHP0000383,Praveen Begum,9340869502,Vemula,2026-03-11,RX0000702,Cetirizine,5,15,0,0,FAC009,Dispensed
DSP0000526,PHP0000384,Bhavani Khan,9603339343,PEDDADINNE,2026-01-26,RX0000703,Cetirizine,5,15,0,0,FAC012,Dispensed
DSP0000527,PHP0000385,Jyothi Mallaiah,+91-90057-26120,Bodajanampet,2026-06-07,RX0000704,Pantoprazole,10,30,0,0,FAC006,Dispensed
DSP0000528,PHP0000385,Jyothi Mallaiah,9005726120,Bodajanampet,2026-08-07,RX0000705,Paracetamol,3,15,0,0,FAC006,Dispensed
DSP0000529,PHP0000386,Sushma Jangam,9853087562,Bodajanampet,2026-05-11,RX0000707,Metformin,30,15,1,0,FAC005,Partially dispensed
DSP0000530,PHP0000386,Sushma Jangam,9853087562,Bodajanampet,2026-06-25,RX0000708,Metformin,30,15,1,0,FAC006,Partially dispensed
DSP0000531,PHP0000387,Naveen Begum,+91-91907-53361,Polepally,2026-04-17,RX0000709,Amoxicillin,5,30,0,0,FAC003,Dispensed
DSP0000532,PHP0000388,Harika Narsimha,+91-94202-45074,Jharasangam,2026-06-06,RX0000710,Pantoprazole,10,30,0,0,FAC022,Dispensed
DSP0000533,PHP0000389,Mounika Devi,9165828885,Jharasangam,2026-01-16,RX0000712,Amlodipine,30,15,1,0,FAC024,Partially dispensed
DSP0000534,PHP0000390,Naresh Naeek,+91-90302-84446,Ameenpur,2026-03-29,RX0000714,Amoxicillin,5,15,0,0,FAC026,Dispensed
DSP0000535,PHP0000391,Dipika Basha,,Badepally,2026-01-11,RX0000715,Pantoprazole,10,30,0,0,FAC003,Dispensed
DSP0000536,PHP0000391,Deepika Basha,9859717843,Badepally,2026-01-11,RX0000715,Paracetamol,3,15,0,0,FAC003,Dispensed
DSP0000537,PHP0000391,Deepika Basha,9859717843,Badepally,2026-05-31,RX0000717,Paracetamol,5,15,0,0,FAC002,Dispensed
DSP0000538,PHP0000392,Sai Laxman,9459374986,Kondamallepally,2026-02-16,RX0000718,Amlodipine,30,15,1,0,FAC011,Partially dispensed
DSP0000539,PHP0000393,Jyothi Narsimha,9015861899,Bhanur,2026-04-09,RX0000719,Amlodipine,30,30,0,0,FAC027,Dispensed
DSP0000540,PHP0000394,Nirmala Basa,9767491998,Mogudampally,2026-05-10,RX0000720,Pantoprazole,10,30,0,0,FAC022,Dispensed
DSP0000541,PHP0000395,Divya Khan,9919290227,Manoor,2026-06-04,RX0000721,Paracetamol,5,30,0,0,FAC021,Dispensed
DSP0000542,PHP0000396,Ramesh Shekar,9005609967,Vemula,2026-06-07,RX0000722,Cetirizine,5,30,0,0,FAC009,Dispensed
DSP0000543,PHP0000397,Shankar Shekar,9305929544,Nermata,2026-04-11,RX0000725,Metformin,30,30,0,0,FAC015,Dispensed
DSP0000544,PHP0000398,Kiran Yadaw,+91-96768-87667,Midjil,2026-03-19,RX0000726,Metformin,30,30,0,0,FAC009,Dispensed
DSP0000545,PHP0000399,Praveen Mallaiah,9580921797,Devarakonda,2026-06-16,RX0000728,Amlodipine,30,15,1,0,FAC012,Partially dispensed
DSP0000546,PHP0000399,Praveen Mallaiah,9780921747,Devarakonda,2026-06-15,RX0000728,Metformin,30,30,0,0,FAC012,Dispensed
DSP0000547,PHP0000400,Naveen Das,9819699281,Indresham,2026-03-04,RX0000731,Amoxicillin,5,15,0,0,FAC026,Dispensed
DSP0000548,PHP0000401,Divya,9761634285,Kummarikunta,2026-04-19,RX0000733,Amoxicillin,5,15,0,0,FAC014,Dispensed
DSP0000549,PHP0000402,Shankar Naeek,+91-92454-84906,Midji,2026-05-21,RX0000735,Amlodipine,30,30,0,0,FAC009,Dispensed
DSP0000550,PHP0000402,Shankar Naik,9245484906,Midjil,2026-05-20,RX0000735,Metformin,30,15,1,0,FAC009,Partially dispensed
DSP0000551,PHP0000403,Shankar Narsimha,,Polepall,2026-04-23,RX0000739,Metformin,30,30,0,0,FAC001,Dispensed
DSP0000552,PHP0000404,Renuka Goud,+91-93339-18046,KALHER,2026-08-09,RX0000742,Paracetamol,5,30,0,0,FAC021,Dispensed
DSP0000553,PHP0000405,Saee Patel,9134818725,Macharam,2026-06-30,RX0000743,Pantoprazole,10,30,0,0,FAC002,Dispensed
DSP0000554,PHP0000406,Sai Khan,9034474864,Devarakonda,2026-06-30,RX0000745,Metformin,30,30,0,0,FAC011,Dispensed
DSP0000555,PHP0000406,Sai Khan,9034478864,Devarakonda,2026-07-01,RX0000745,Paracetamol,3,15,0,0,FAC011,Dispensed
DSP0000556,PHP0000406,Sai Khan,9034478864,Devarakonda,2026-07-26,RX0000747,Cetirizine,5,15,0,0,FAC011,Dispensed
DSP0000557,PHP0000406,Sai Khan,9034478864,Devarakonda,2026-08-14,RX0000748,Metformin,30,30,0,0,FAC010,Dispensed
DSP0000558,PHP0000407,Keeran Devi,+91-94395-64699,Kalher,2026-01-15,RX0000750,Pantoprazole,10,15,0,0,FAC020,Dispensed
DSP0000559,PHP0000408,Lakshmi Reddy,9848630079,Kalher,2026-03-22,RX0000752,Paracetamol,5,30,0,0,FAC020,Dispensed
DSP0000560,PHP0000409,Ravi Reddy,9412856830,Nomula,2026-04-28,RX0000753,Metformin,30,30,0,0,FAC018,Dispensed
DSP0000561,PHP0000409,Ravee Reddy,9412856830,Nomula,2026-07-23,RX0000754,Metformin,30,30,0,0,FAC018,Dispensed
DSP0000562,PHP0000410,Arun Chary,+91-90236-44796,Marrur,2026-02-17,RX0000755,Paracetamol,3,30,0,0,FAC016,Dispensed
DSP0000563,PHP0000411,Kavitha Mudiraj,9001056374,Balanagar,2026-08-02,RX0000757,Metformin,30,30,0,0,FAC006,Dispensed
DSP0000564,PHP0000412,Arun Reddy,9915055619,Nomula,2026-04-13,RX0000759,Pantoprazole,10,15,0,0,FAC018,Dispensed
DSP0000565,PHP0000413,Mohan Reddy,9493216657,Kondamallepally,2026-06-17,RX0000761,Amoxicillin,5,15,0,0,FAC012,Dispensed
DSP0000566,PHP0000414,Raju Rao,9445889430,Velpul,2026-04-07,RX0000762,Pantoprazole,10,15,0,0,FAC008,Dispensed
DSP0000567,PHP0000414,Raju Rao,+91-94458-89430,Velpula,2026-04-08,RX0000762,Paracetamol,3,15,0,0,FAC008,Dispensed
DSP0000568,PHP0000415,Naveen Laxman,9401843808,ZAHEERABAD,2026-08-10,RX0000764,Amoxicillin,5,30,0,0,FAC023,Dispensed
DSP0000569,PHP0000415,Naveen Laxman,9401843808,Zaheerabad,2026-08-10,RX0000764,Paracetamol,3,30,0,0,FAC023,Dispensed
DSP0000570,PHP0000416,Mahesh Naik,+91-94547-79715,Patancheru,2026-05-27,RX0000767,Metformin,30,30,0,0,FAC027,Dispensed
DSP0000571,PHP0000416,Mahesh Naik,9454779715,Patancheru,2026-05-27,RX0000767,Paracetamol,3,30,0,0,FAC027,Dispensed
DSP0000572,PHP0000417,Shankar Begum,9050412217,JHARASANGAM,2026-07-26,RX0000769,Amlodipine,30,30,0,0,FAC022,Dispensed
DSP0000573,PHP0000418,Vinod Narsimha,9359667147,Marrur,2026-04-20,RX0000773,Amlodipine,30,30,0,0,FAC018,Dispensed
DSP0000574,PHP0000418,Vinod Narsimha,9359667147,Marrur,2026-04-21,RX0000773,Metformin,30,15,1,0,FAC018,Partially dispensed
DSP0000575,PHP0000419,Srilatha Das,,Vemula,2026-07-10,RX0000775,Paracetamol,5,15,0,0,FAC009,Dispensed
DSP0000576,PHP0000419,Srilatha Das,+91-91071-54143,Vemula,2026-08-06,RX0000776,Paracetamol,5,30,0,0,FAC009,Dispensed
DSP0000577,PHP0000420,Vinod Basha,9051863059,Mogudampally,2026-03-04,RX0000778,Pantoprazole,10,15,0,0,FAC024,Dispensed
DSP0000578,PHP0000421,Praveen Das,9158625787,Nomul,2026-08-20,RX0000779,Cetirizine,5,30,0,0,FAC018,Dispensed
DSP0000579,PHP0000422,Harika Naik,,Velpula,2026-01-03,RX0000780,Metformin,30,15,1,0,FAC007,Partially dispensed
DSP0000580,PHP0000423,Bhavani Rao,9854028216,Narayankhed,2026-06-27,RX0000782,Pantoprazole,10,15,0,0,FAC020,Dispensed
DSP0000581,PHP0000423,Bhavani Rao,,Narayankhed,2026-07-31,RX0000783,Amoxicillin,5,30,0,0,FAC021,Dispensed
DSP0000582,PHP0000424,Raghav Basha,9204429656,Velpula,2026-06-02,RX0000784,Amlodipine,30,30,0,0,FAC007,Dispensed
DSP0000583,PHP0000424,Raghav Basha,9204429656,Velpula,2026-06-02,RX0000784,Paracetamol,3,30,0,0,FAC007,Dispensed
DSP0000584,PHP0000425,Praveen Rao,9311144660,Rajapur,2026-02-24,RX0000786,Amlodipine,30,15,1,0,FAC005,Partially dispensed
DSP0000585,PHP0000426,Rani Reddy,9317662625,Balanaga,2026-08-09,RX0000787,Amlodipine,30,15,1,0,FAC005,Partially dispensed
DSP0000586,PHP0000426,Rani Reddy,9317662625,BALANAGAR,2026-08-04,RX0000787,Metformin,30,15,1,0,FAC005,Partially dispensed
DSP0000587,PHP0000427,Nirmala Kumar,+91-92356-05302,Nomula,2026-07-18,RX0000793,Amoxicillin,5,15,0,0,FAC018,Dispensed
DSP0000588,PHP0000428,Raju Mallaiah,9619767355,Gangapur,2026-06-20,RX0000795,Paracetamol,5,15,0,0,FAC003,Dispensed
DSP0000589,PHP0000428,Raju Mallaiah,9619767355,Gangapur,2026-06-15,RX0000795,Paracetamol,3,15,0,0,FAC003,Dispensed
DSP0000590,PHP0000428,Raju Mallaiah,+91-96197-67355,Gangapu,2026-07-28,RX0000797,Pantoprazole,10,0,0,1,FAC001,Not dispensed due to stock
DSP0000591,PHP0000429,Suresh Patel,9693074304,Rajapur,2026-07-14,RX0000798,Amlodipine,30,15,1,0,FAC004,Partially dispensed
DSP0000592,PHP0000430,Rajesh Chary,9408801700,Nakrekal,2026-03-22,RX0000802,Paracetamol,5,15,0,0,FAC018,Dispensed
DSP0000593,PHP0000431,Sushma Patel,9753299925,Kalher,2026-03-01,RX0000803,Paracetamol,5,15,0,0,FAC020,Dispensed
DSP0000594,PHP0000432,Kawitha Patel,9785108109,Kallepalli,2026-06-12,RX0000804,Pantoprazole,10,30,0,0,FAC005,Dispensed
DSP0000595,PHP0000433,Ramesh Reddy,9075067381,Polepally,2026-05-31,RX0000805,Amoxicillin,5,15,0,0,FAC002,Dispensed
DSP0000596,PHP0000433,Ramesh Reddy,9075067381,Polepally,2026-05-31,RX0000805,Paracetamol,3,15,0,0,FAC002,Dispensed
DSP0000597,PHP0000434,Kavitha Jangam,,Rajapur,2026-06-22,RX0000808,Cetirizine,5,30,0,0,FAC005,Dispensed
DSP0000598,PHP0000435,Srinivas Jangam,9571968989,Indresham,2026-07-23,RX0000809,Amoxicillin,5,15,0,0,FAC026,Dispensed
DSP0000599,PHP0000436,Kiran Rao,9863221216,Bangarigadda,2026-06-24,RX0000811,Pantoprazole,10,15,0,0,FAC014,Dispensed
DSP0000600,PHP0000437,Renuka Chary,9243646905,Narayankhed,2026-02-01,RX0000812,Pantoprazole,10,30,0,0,FAC020,Dispensed
DSP0000601,PHP0000438,Rajesh Naik,9228159672,Kalher,2026-05-30,RX0000813,Cetirizine,5,30,0,0,FAC021,Dispensed
DSP0000602,PHP0000439,Rju Naik,+91-92476-86067,Bodajanampet,2026-03-28,RX0000814,Metformin,30,15,1,0,FAC004,Partially dispensed
DSP0000603,PHP0000440,Anjali Yadav,9916919556,Balanagar,2026-01-27,RX0000815,Metformin,30,15,1,0,FAC006,Partially dispensed
DSP0000604,PHP0000440,Anjali Yadav,9916919556,Balanagar,2026-01-31,RX0000815,Paracetamol,3,15,0,0,FAC006,Dispensed
DSP0000605,PHP0000441,Anitha Reddy,9947946543,Badepally,2026-08-03,RX0000819,Amlodipine,30,30,0,0,FAC003,Dispensed
DSP0000606,PHP0000441,Anitha Reddy,,Badepalli,2026-07-29,RX0000819,Paracetamol,3,15,0,0,FAC003,Dispensed
DSP0000607,PHP0000442,Rjesh Krishna,9190517729,Peddadinne,2026-02-09,RX0000824,Pantoprazole,10,30,0,0,FAC012,Dispensed
DSP0000608,PHP0000443,Ramesh Mudiraj,,Kummarikunta,2026-03-31,RX0000825,Paracetamol,5,30,0,0,FAC015,Dispensed
DSP0000609,PHP0000444,Suresh Devi,9660008739,Bhanur,2026-04-05,RX0000826,Pantoprazole,10,30,0,0,FAC027,Dispensed
DSP0000610,PHP0000445,Jyothi Mallaiah,9280436076,Kalher,2026-03-22,RX0000828,Amlodipine,30,15,1,0,FAC019,Partially dispensed
DSP0000611,PHP0000445,Jyothi Mallaiah,9280436076,Kalher,2026-03-19,RX0000828,Paracetamol,3,15,0,0,FAC019,Dispensed
DSP0000612,PHP0000446,Jyothi,+91-99899-80178,Narayankhed,2026-02-28,RX0000831,Paracetamol,3,30,0,0,FAC021,Dispensed
DSP0000613,PHP0000447,Raju Mudiraj,,Nermata,2026-06-11,RX0000835,Amoxicillin,5,30,0,0,FAC015,Dispensed
DSP0000614,PHP0000448,Sriniwas Das,9446869155,Patancheru,2026-02-28,RX0000837,Paracetamol,5,30,0,0,FAC027,Dispensed
DSP0000615,PHP0000449,Sushma Naik,9036439755,Velpul,2026-07-17,RX0000838,Cetirizine,5,30,0,0,FAC007,Dispensed
DSP0000616,PHP0000449,Sushma Naik,,VELPULA,2026-07-17,RX0000838,Paracetamol,3,30,0,0,FAC007,Dispensed
DSP0000617,PHP0000450,Prveen Begum,9419539180,Gundlapally,2026-04-07,RX0000840,Paracetamol,5,30,0,0,FAC010,Dispensed
DSP0000618,PHP0000451,Shobha Yadav,9799094801,Peddadinne,2026-02-18,RX0000841,Cetirizine,5,30,0,0,FAC012,Dispensed
DSP0000619,PHP0000451,Shobha Yadav,9799094801,Peddadinne,2026-03-23,RX0000842,Amoxicillin,5,15,0,0,FAC010,Dispensed
DSP0000620,PHP0000452,Mahesh Chary,9676078781,Mangalapally,2026-03-14,RX0000844,Amoxicillin,5,15,0,0,FAC016,Dispensed
DSP0000621,PHP0000453,Suresh Dewi,9308071770,Bangarigadd,2026-08-12,RX0000845,Paracetamol,5,30,0,0,FAC014,Dispensed
DSP0000622,PHP0000454,Srilatha Goud,9202027108,Polepally,2026-02-26,RX0000846,Amlodipine,30,15,1,0,FAC001,Partially dispensed
DSP0000623,PHP0000454,Srilatha Goud,,Polepally,2026-07-21,RX0000847,Amoxicillin,5,15,0,0,FAC002,Dispensed
DSP0000624,PHP0000455,Deepika Begum,+91-96432-94613,Kalher,2026-04-12,RX0000848,Amlodipine,30,30,0,0,FAC021,Dispensed
DSP0000625,PHP0000456,Rani Patel,9954457480,Bodajanampet,2026-08-06,RX0000849,Amoxicillin,5,15,0,0,FAC006,Dispensed
DSP0000626,PHP0000457,Swathi Krishna,+91-95721-62906,Devarakonda,2026-03-18,RX0000850,Amoxicillin,5,30,0,0,FAC010,Dispensed
DSP0000627,PHP0000458,Padma Kumar,9009425619,Kallepall,2026-05-26,RX0000852,Metformin,30,15,1,0,FAC006,Partially dispensed
DSP0000628,PHP0000458,Padma Kumar,,Kallepally,2026-07-03,RX0000853,Pantoprazole,10,30,0,0,FAC004,Dispensed
DSP0000629,PHP0000459,Rani Kumar,9287157984,Kummarikunta,2026-06-30,RX0000854,Amoxicillin,5,15,0,0,FAC013,Dispensed
DSP0000630,PHP0000460,Lakshmi Chary,9443966656,Mogudampally,2026-01-16,RX0000855,Amoxicillin,5,15,0,0,FAC022,Dispensed
DSP0000631,PHP0000460,Lakshmi Chary,+91-94439-66656,MOGUDAMPALLY,2026-03-21,RX0000856,Cetirizine,5,30,0,0,FAC022,Dispensed
DSP0000632,PHP0000460,Lakshmi Chary,9443966656,Mogudampally,2026-06-08,RX0000857,Cetirizine,5,15,0,0,FAC022,Dispensed
DSP0000633,PHP0000460,Lakshmi Chary,9443266656,Mogudampally,2026-06-11,RX0000857,Paracetamol,3,30,0,0,FAC022,Dispensed
DSP0000634,PHP0000461,Swathi Kumar,9608056139,Kallepally,2026-06-08,RX0000859,Metformin,30,15,1,0,FAC006,Partially dispensed
DSP0000635,PHP0000462,Renuka Das,+91-91501-16785,Kummarikunta,2026-02-23,RX0000860,Cetirizine,5,15,0,0,FAC014,Dispensed
DSP0000636,PHP0000463,Harika Narsimha,9742870590,Peddadinne,2026-07-17,RX0000861,Metformin,30,15,1,0,FAC011,Partially dispensed
DSP0000637,PHP0000464,Nirmala Laxman,9181034060,Kummarikunta,2026-04-16,RX0000862,Paracetamol,5,30,0,0,FAC013,Dispensed
DSP0000638,PHP0000465,Lalitha Mudiraj,9677047572,Balanagar,2026-06-14,RX0000863,Metformin,30,15,1,0,FAC006,Partially dispensed
DSP0000639,PHP0000466,Santosh Narsimha,9348706070,Marrur,2026-07-27,RX0000864,Metformin,30,15,1,0,FAC018,Partially dispensed
DSP0000640,PHP0000467,Praveen Mallaiah,9112000361,Gangapu,2026-05-15,RX0000866,Amoxicillin,5,15,0,0,FAC001,Dispensed
DSP0000641,PHP0000468,Arun Begum,9369879329,Indresham,2026-06-22,RX0000870,Amoxicillin,5,0,0,1,FAC025,Not dispensed due to stock
DSP0000642,PHP0000469,Mahesh Patel,9878218247,Mogudampally,2026-04-15,RX0000871,Amlodipine,30,30,0,0,FAC023,Dispensed
DSP0000643,PHP0000469,Mahesh Patel,9878218247,Mogudampally,2026-04-16,RX0000871,Paracetamol,3,30,0,0,FAC023,Dispensed
DSP0000644,PHP0000470,Mahesh Basha,9428068305,Polepally,2026-03-01,RX0000874,Pantoprazole,10,30,0,0,FAC003,Dispensed
DSP0000645,PHP0000471,Swathi Basha,9363003316,Mangalapally,2026-02-05,RX0000875,Metformin,30,15,1,0,FAC017,Partially dispensed
DSP0000646,PHP0000472,Lalitha Rao,9556774012,Indresham,2026-04-14,RX0000876,Metformin,30,30,0,0,FAC027,Dispensed
DSP0000647,PHP0000472,Lalitha Rao,+91-95567-77012,Indresham,2026-04-15,RX0000876,Paracetamol,3,15,0,0,FAC027,Dispensed
DSP0000648,PHP0000473,Rju Das,9992545547,Mogudampally,2026-05-23,RX0000878,Amoxicillin,5,30,0,0,FAC022,Dispensed
DSP0000649,PHP0000474,Arun Basha,+91-93339-73021,Indresham,2026-06-23,RX0000879,Cetirizine,5,15,0,0,FAC026,Dispensed
DSP0000650,PHP0000475,Swathi Mudiraj,9228863038,Nakrekal,2026-07-25,RX0000880,Pantoprazole,10,15,0,0,FAC017,Dispensed
DSP0000651,PHP0000475,Swathi Mudiraj,9228863038,Nakrekal,2026-07-22,RX0000880,Paracetamol,3,30,0,0,FAC017,Dispensed
DSP0000652,PHP0000476,Anil Mallaiah,+91-98400-69828,Patancheru,2026-02-03,RX0000882,Cetirizine,5,30,0,0,FAC026,Dispensed
DSP0000653,PHP0000477,Praveen Das,9156414643,Kondamallepally,2026-04-14,RX0000883,Pantoprazole,10,30,0,0,FAC011,Dispensed
DSP0000654,PHP0000478,Ravi Chary,9502766618,Mangalapally,2026-05-24,RX0000884,Amlodipine,30,30,0,0,FAC018,Dispensed
DSP0000655,PHP0000479,Lalitha Kumar,9767377625,Gangapur,2026-08-06,RX0000885,Amlodipine,30,30,0,0,FAC001,Dispensed
DSP0000656,PHP0000479,Lalita Kumar,9761377625,Gangapur,2026-08-08,RX0000885,Paracetamol,3,30,0,0,FAC001,Dispensed
DSP0000657,PHP0000480,Mohan Rao,9379912059,Polepally,2026-05-27,RX0000887,Amoxicillin,5,15,0,0,FAC003,Dispensed
DSP0000658,PHP0000481,Naresh Mallaiah,9063875907,Marru,2026-08-11,RX0000888,Amlodipine,30,15,1,0,FAC018,Partially dispensed
DSP0000659,PHP0000482,Harika Basha,9271155219,Nomula,2026-03-08,RX0000890,Metformin,30,30,0,0,FAC017,Dispensed
DSP0000660,PHP0000482,Harika Basha,9271115219,Nomula,2026-03-08,RX0000890,Paracetamol,3,30,0,0,FAC017,Dispensed
DSP0000661,PHP0000483,Shobha Reddy,+91-95527-12047,Kohir,2026-01-27,RX0000894,Pantoprazole,10,15,0,0,FAC022,Dispensed
DSP0000662,PHP0000484,Rajesh Jangam,9776193704,Bodajanampet,2026-08-18,RX0000896,Amlodipine,30,15,1,0,FAC006,Partially dispensed
DSP0000663,PHP0000485,Raghav Das,9481450965,Badepall,2026-05-23,RX0000898,Amoxicillin,5,30,0,0,FAC001,Dispensed
DSP0000664,PHP0000485,Raghav Das,9421450965,Badepally,2026-05-21,RX0000898,Paracetamol,3,15,0,0,FAC001,Dispensed
DSP0000665,PHP0000486,Nirmala Kumar,9879468487,Bhanur,2026-08-07,RX0000900,Metformin,30,15,1,0,FAC026,Partially dispensed
DSP0000666,PHP0000487,Anitha Mallaiah,9148523938,Indresham,2026-02-02,RX0000901,Amoxicillin,5,15,0,0,FAC025,Dispensed
DSP0000667,PHP0000488,Anil Mallaiah,9885562053,Chandur,2026-07-26,RX0000902,Metformin,30,15,1,0,FAC014,Partially dispensed
DSP0000668,PHP0000488,Aneel Mallaiah,9885562053,Chandur,2026-07-27,RX0000902,Paracetamol,3,15,0,0,FAC014,Dispensed
DSP0000669,PHP0000489,Kiran Kumar,,Manoor,2026-01-12,RX0000905,Pantoprazole,10,15,0,0,FAC021,Dispensed
DSP0000670,PHP0000490,Praveen Mallaiah,9046795254,Devarakonda,2026-07-02,RX0000906,Pantoprazole,10,15,0,0,FAC011,Dispensed
DSP0000671,PHP0000490,Praveen Mallaiah,9047795254,Devarakonda,2026-06-29,RX0000906,Paracetamol,3,15,0,0,FAC011,Dispensed
DSP0000672,PHP0000491,Jyothi Naik,9611809120,Kondamallepally,2026-04-21,RX0000908,Metformin,30,30,0,0,FAC011,Dispensed
DSP0000673,PHP0000492,Raghav Naik,,Kohir,2026-05-31,RX0000909,Amlodipine,30,30,0,0,FAC023,Dispensed
DSP0000674,PHP0000493,Ranee Jangam,9147064102,Mangalapally,2026-02-10,RX0000910,Paracetamol,5,30,0,0,FAC016,Dispensed
DSP0000675,PHP0000494,Jyothi Devi,9217906721,PATANCHERU,2026-05-30,RX0000911,Paracetamol,5,30,0,0,FAC027,Dispensed
DSP0000676,PHP0000495,Lakshmi Mudiraj,9161785589,Balanagar,2026-02-01,RX0000912,Metformin,30,30,0,0,FAC006,Dispensed
DSP0000677,PHP0000496,Ramesh Khan,+91-92770-88466,Bodajanampet,2026-06-10,RX0000913,Cetirizine,5,30,0,0,FAC004,Dispensed
DSP0000678,PHP0000497,Padma Narsimha,9124147936,Polepally,2026-03-19,RX0000914,Pantoprazole,10,15,0,0,FAC002,Dispensed
DSP0000679,PHP0000498,Mounika Mudiraj,9145237902,Devarakonda,2026-08-18,RX0000916,Amoxicillin,5,30,0,0,FAC012,Dispensed
DSP0000680,PHP0000499,Nirmala Mallaiah,9008450230,Narayankhed,2026-01-16,RX0000917,Amoxicillin,5,15,0,0,FAC020,Dispensed
DSP0000681,PHP0000500,Hareeka Jangam,,Gangapur,2026-08-09,RX0000918,Amoxicillin,5,30,0,0,FAC002,Dispensed
DSP0000682,PHP0000501,Santosh Reddy,9150384839,Vemul,2026-06-08,RX0000921,Paracetamol,5,30,0,0,FAC009,Dispensed
DSP0000683,PHP0000502,Sreelatha Shekar,9572115103,Nermata,2026-07-20,RX0000922,Cetirizine,5,30,0,0,FAC013,Dispensed
DSP0000684,PHP0000503,Raju Begum,9265820464,Jharasangam,2026-06-26,RX0000924,Metformin,30,30,0,0,FAC024,Dispensed
DSP0000685,PHP0000503,Raju Begum,,Jharasanga,2026-06-24,RX0000924,Paracetamol,3,30,0,0,FAC024,Dispensed
DSP0000686,PHP0000504,Saritha Shekar,9734372392,Mogudampally,2026-08-06,RX0000927,Amlodipine,30,15,1,0,FAC024,Partially dispensed
DSP0000687,PHP0000505,Srilatha Mallaiah,9166713167,Kangti,2026-03-15,RX0000928,Metformin,30,15,1,0,FAC019,Partially dispensed
DSP0000688,PHP0000506,Shobha Reddy,9331882097,Nakrekal,2026-07-10,RX0000930,Paracetamol,5,30,0,0,FAC016,Dispensed
DSP0000689,PHP0000507,Mohan Devi,9377640229,Donur,2026-03-22,RX0000931,Paracetamol,5,15,0,0,FAC008,Dispensed
DSP0000690,PHP0000507,Mohan,,Donur,2026-07-30,RX0000932,Amlodipine,30,15,1,0,FAC008,Partially dispensed
DSP0000691,PHP0000508,Sushma Mallaiah,9178219811,Bangarigadda,2026-02-21,RX0000933,Paracetamol,5,15,0,0,FAC013,Dispensed
DSP0000692,PHP0000509,Harika Jangam,9720980130,Chandur,2026-01-28,RX0000934,Cetirizine,5,30,0,0,FAC013,Dispensed
DSP0000693,PHP0000509,Harika Jangam,+91-97209-80130,Chandur,2026-01-29,RX0000934,Paracetamol,3,0,0,1,FAC013,Not dispensed due to stock
DSP0000694,PHP0000510,Mohan Khan,9375036247,Chandur,2026-03-07,RX0000936,Amlodipine,30,15,1,0,FAC015,Partially dispensed
DSP0000695,PHP0000510,Mohan Khan,9375036247,Chandur,2026-03-09,RX0000936,Metformin,30,15,1,0,FAC015,Partially dispensed
DSP0000696,PHP0000511,Rjesh Reddy,9805761883,Polepally,2026-03-31,RX0000939,Cetirizine,5,30,0,0,FAC002,Dispensed
DSP0000697,PHP0000512,Bhavani Shekar,9956337808,Narayankhed,2026-06-15,RX0000940,Amoxicillin,5,30,0,0,FAC020,Dispensed
DSP0000698,PHP0000513,Rajesh Naik,9735704438,Peddadinne,2026-04-30,RX0000941,Cetirizine,5,15,0,0,FAC011,Dispensed
DSP0000699,PHP0000514,Raju Kumar,9262499649,Zaheerabad,2026-02-03,RX0000942,Paracetamol,5,15,0,0,FAC023,Dispensed
DSP0000700,PHP0000515,Shankar Narsimha,9246506618,Donur,2026-07-02,RX0000943,Cetirizine,5,30,0,0,FAC008,Dispensed
DSP0000701,PHP0000516,Shobha Khan,9025234350,Kondamallepalli,2026-01-12,RX0000944,Pantoprazole,10,30,0,0,FAC010,Dispensed
DSP0000702,PHP0000517,Renuka Begum,9661203139,CHANDUR,2026-02-23,RX0000946,Paracetamol,3,30,0,0,FAC015,Dispensed
DSP0000703,PHP0000518,Harika Das,9204211806,Mogudampally,2026-07-11,RX0000948,Amlodipine,30,30,0,0,FAC024,Dispensed
DSP0000704,PHP0000519,Kavitha Das,,Bodajanampet,2026-07-01,RX0000949,Paracetamol,5,15,0,0,FAC006,Dispensed
DSP0000705,PHP0000520,Divya Basha,9160525051,Bodajanampet,2026-07-29,RX0000950,Cetirizine,5,15,0,0,FAC006,Dispensed
DSP0000706,PHP0000521,Arun Krishna,9964441816,Chandur,2026-06-11,RX0000951,Paracetamol,5,30,0,0,FAC014,Dispensed
DSP0000707,PHP0000522,Mohan Naik,9547570370,Polepally,2026-08-14,RX0000954,Amlodipine,30,30,0,0,FAC002,Dispensed
DSP0000708,PHP0000523,Saritha Khan,9381937736,Indresham,2026-01-18,RX0000956,Amoxicillin,5,30,0,0,FAC027,Dispensed
DSP0000709,PHP0000524,Nirmala Naik,9928783233,Zaheerabad,2026-03-09,RX0000957,Cetirizine,5,15,0,0,FAC022,Dispensed
DSP0000710,PHP0000525,Saritha sekar,9212027063,Badepally,2026-05-13,RX0000958,Cetirizine,5,15,0,0,FAC002,Dispensed
DSP0000711,PHP0000526,Sai Mallaiah,9710918174,Bodajanampet,2026-04-15,RX0000959,Metformin,30,15,1,0,FAC006,Partially dispensed
DSP0000712,PHP0000527,Vinod Laxman,+91-95939-92645,Manoor,2026-04-03,RX0000962,Amlodipine,30,15,1,0,FAC020,Partially dispensed
DSP0000713,PHP0000528,Renuka Devi,9475751452,Kohir,2026-08-12,RX0000963,Metformin,30,30,0,0,FAC022,Dispensed
DSP0000714,PHP0000529,Saritha Reddy,9975285511,Narayankhed,2026-01-09,RX0000964,Cetirizine,5,15,0,0,FAC021,Dispensed
DSP0000715,PHP0000529,Saritha Reddy,,Narayankhed,2026-01-09,RX0000964,Paracetamol,3,30,0,0,FAC021,Dispensed
DSP0000716,PHP0000530,Sushma Patel,9326997540,Ameenpur,2026-03-04,RX0000966,Pantoprazole,10,30,0,0,FAC027,Dispensed
DSP0000717,PHP0000531,Srinivas,9329034391,Bodajanampet,2026-07-28,RX0000968,Amoxicillin,5,30,0,0,FAC006,Dispensed
DSP0000718,PHP0000532,Divya Krishna,+91-90041-64217,Rajapur,2026-06-24,RX0000969,Amoxicillin,5,15,0,0,FAC005,Dispensed
DSP0000719,PHP0000533,Naresh Begum,9571902459,Patancheru,2026-04-28,RX0000970,Amlodipine,30,30,0,0,FAC025,Dispensed
DSP0000720,PHP0000534,Mounika Shekar,9372630464,Kalher,2026-05-16,RX0000971,Metformin,30,15,1,0,FAC021,Partially dispensed
DSP0000721,PHP0000535,Nirmala sekar,9025943442,Badepally,2026-08-18,RX0000972,Amoxicillin,5,30,0,0,FAC003,Dispensed
DSP0000722,PHP0000536,Anitha Krishna,+91-93533-12344,Devarakonda,2026-04-10,RX0000973,Cetirizine,5,15,0,0,FAC011,Dispensed
DSP0000723,PHP0000537,Raghav Mallaiah,9020943332,Nomula,2026-02-08,RX0000974,Paracetamol,5,15,0,0,FAC017,Dispensed
DSP0000724,PHP0000538,Arun Khan,9899244228,BADEPALLY,2026-05-10,RX0000975,Amoxicillin,5,15,0,0,FAC002,Dispensed
DSP0000725,PHP0000539,Rajesh Basha,9850827751,VELPULA,2026-03-20,RX0000976,Pantoprazole,10,30,0,0,FAC007,Dispensed
DSP0000726,PHP0000540,Srilatha Shekar,9849360176,KOHIR,2026-05-12,RX0000977,Paracetamol,5,30,0,0,FAC022,Dispensed
DSP0000727,PHP0000541,Ramesh Yadav,9876016715,Kummarikunta,2026-06-30,RX0000980,Paracetamol,3,15,0,0,FAC013,Dispensed
DSP0000728,PHP0000542,Kiran Kumar,9335050302,Patancheru,2026-07-19,RX0000982,Metformin,30,30,0,0,FAC027,Dispensed
DSP0000729,PHP0000543,Deepika Naik,9037436964,Polepally,2026-03-26,RX0000983,Pantoprazole,10,15,0,0,FAC001,Dispensed
DSP0000730,PHP0000544,Venkatesh Reddy,9765474233,Macharam,2026-08-03,RX0000984,Paracetamol,5,30,0,0,FAC003,Dispensed
DSP0000731,PHP0000545,Arun Devi,,Devarakonda,2026-03-17,RX0000987,Amlodipine,30,15,1,0,FAC011,Partially dispensed
DSP0000732,PHP0000546,Raghav Reddy,9662755356,Bhanur,2026-03-19,RX0000988,Amlodipine,30,30,0,0,FAC026,Dispensed
DSP0000733,PHP0000547,Arun Kumar,9679354651,Mogudampally,2026-05-11,RX0000990,Cetirizine,5,30,0,0,FAC023,Dispensed
DSP0000734,PHP0000548,Naveen Narsimha,9708093916,GANGAPUR,2026-02-06,RX0000992,Paracetamol,5,30,0,0,FAC001,Dispensed
DSP0000735,PHP0000548,Naveen Narsimha,9708093916,Gangapur,2026-02-04,RX0000992,Paracetamol,3,30,0,0,FAC001,Dispensed
DSP0000736,PHP0000548,Naveen Narseemha,9708093916,GANGAPUR,2026-02-10,RX0000994,Amoxicillin,5,15,0,0,FAC003,Dispensed
DSP0000737,PHP0000549,Ramesh Goud,9339250042,Gangapu,2026-06-21,RX0000995,Amlodipine,30,30,0,0,FAC003,Dispensed
DSP0000738,PHP0000549,Ramesh Goud,9339250042,Gangapur,2026-06-26,RX0000995,Metformin,30,15,1,1,FAC003,Partially dispensed
DSP0000739,PHP0000550,Ramesh Mudiraj,9570294949,Mogudampally,2026-05-21,RX0000997,Pantoprazole,10,30,0,0,FAC024,Dispensed
DSP0000740,PHP0000551,Bhavani Krishna,9792358587,Ameenpur,2026-05-05,RX0000998,Amoxicillin,5,15,0,0,FAC025,Dispensed
DSP0000741,PHP0000551,Bhavani Krishna,,AMEENPUR,2026-06-14,RX0000999,Paracetamol,5,15,0,0,FAC025,Dispensed
DSP0000742,PHP0000552,Lalitha Patel,,Mangalapally,2026-02-21,RX0001001,Amoxicillin,5,30,0,0,FAC017,Dispensed
DSP0000743,PHP0000553,sankar Yadav,9015600728,Kondamallepally,2026-06-27,RX0001002,Amoxicillin,5,30,0,0,FAC012,Dispensed
DSP0000744,PHP0000553,Shankar Yadav,9015600728,Kondamallepally,2026-08-16,RX0001003,Pantoprazole,10,15,0,0,FAC011,Dispensed
DSP0000745,PHP0000554,Santosh Das,9435961147,Kalher,2026-03-16,RX0001004,Amlodipine,30,0,0,1,FAC021,Not dispensed due to stock
DSP0000746,PHP0000555,Santosh Krishna,9974086589,Velpula,2026-07-06,RX0001007,Amlodipine,30,15,1,0,FAC008,Partially dispensed
DSP0000747,PHP0000556,Suresh Khan,9206377733,Peddadinne,2026-04-13,RX0001008,Amlodipine,30,0,0,1,FAC011,Not dispensed due to stock
DSP0000748,PHP0000557,Jyothi Basha,9608293977,Marrur,2026-04-23,RX0001009,Paracetamol,5,15,0,0,FAC018,Dispensed
DSP0000749,PHP0000558,Lakshmi Laxman,9327234340,Midjil,2026-01-23,RX0001010,Pantoprazole,10,30,0,0,FAC009,Dispensed
DSP0000750,PHP0000559,Shobha Naik,9123238178,Kummarikunta,2026-03-08,RX0001011,Amoxicillin,5,15,0,0,FAC013,Dispensed
DSP0000751,PHP0000560,Naresh Rao,9850366094,Ameenpur,2026-07-20,RX0001013,Amlodipine,30,15,1,0,FAC026,Partially dispensed
DSP0000752,PHP0000561,Kavitha Yadav,9112299730,Gundlapally,2026-05-11,RX0001015,Amlodipine,30,15,1,0,FAC012,Partially dispensed
DSP0000753,PHP0000562,Raju Das,,Nomula,2026-06-30,RX0001016,Cetirizine,5,30,0,0,FAC017,Dispensed
DSP0000754,PHP0000563,Renuka Reddy,9681377960,Nomula,2026-02-07,RX0001017,Amlodipine,30,15,1,0,FAC017,Partially dispensed
DSP0000755,PHP0000564,Srilatha Khan,9044161775,Balanaga,2026-05-03,RX0001018,Pantoprazole,10,0,0,1,FAC006,Not dispensed due to stock
DSP0000756,PHP0000564,Srilatha Khan,9044161775,Balanagar,2026-08-13,RX0001019,Paracetamol,5,15,0,0,FAC006,Dispensed
DSP0000757,PHP0000565,Ravi Yadav,9312705168,Narayankhed,2026-01-16,RX0001021,Pantoprazole,10,30,0,0,FAC021,Dispensed
DSP0000758,PHP0000566,Renuka Reddy,9658496753,Velpula,2026-02-20,RX0001022,Pantoprazole,10,15,0,0,FAC007,Dispensed
DSP0000759,PHP0000567,Bhvani Krishna,9990243734,Midjil,2026-07-07,RX0001023,Paracetamol,5,30,0,0,FAC008,Dispensed
DSP0000760,PHP0000568,Sai Basha,9599454433,Marrur,2026-04-28,RX0001025,Amoxicillin,5,0,0,1,FAC016,Not dispensed due to stock
DSP0000761,PHP0000569,Anjali Patel,9998344628,Bhanur,2026-07-16,RX0001026,Pantoprazole,10,30,0,0,FAC026,Dispensed
DSP0000762,PHP0000570,Santosh Reddy,9243876008,Narayankhed,2026-02-20,RX0001029,Pantoprazole,10,30,0,0,FAC020,Dispensed
DSP0000763,PHP0000571,Venkatesh Krishna,9915173950,GANGAPUR,2026-02-14,RX0001030,Amlodipine,30,15,1,0,FAC003,Partially dispensed
DSP0000764,PHP0000572,Kavitha Narsimha,9339102716,Kummarikunta,2026-02-17,RX0001031,Paracetamol,3,30,0,0,FAC015,Dispensed
DSP0000765,PHP0000573,Jyothi Mudiraj,9628342252,Donur,2026-05-31,RX0001033,Cetirizine,5,30,0,0,FAC007,Dispensed
DSP0000766,PHP0000574,Shobha Reddy,,Ameenpur,2026-08-11,RX0001034,Amoxicillin,5,30,0,0,FAC025,Dispensed
DSP0000767,PHP0000575,Kavitha Devi,9019381205,Bangarigadda,2026-06-12,RX0001035,Amlodipine,30,15,1,0,FAC015,Partially dispensed
DSP0000768,PHP0000575,Kavitha Devi,9016381205,BANGARIGADDA,2026-06-14,RX0001035,Paracetamol,3,15,0,0,FAC015,Dispensed
DSP0000769,PHP0000576,Anitha Mudiraj,9338815282,Peddadinne,2026-07-22,RX0001038,Amlodipine,30,15,1,0,FAC010,Partially dispensed
DSP0000770,PHP0000576,Anitha Mudiraj,,PEDDADINNE,2026-07-23,RX0001038,Metformin,30,15,1,0,FAC010,Partially dispensed
DSP0000771,PHP0000577,Harika Naik,+91-98186-13847,Peddadinne,2026-04-22,RX0001040,Paracetamol,5,15,0,0,FAC010,Dispensed
DSP0000772,PHP0000578,Sai Goud,+91-97718-18114,Peddadinne,2026-03-29,RX0001041,Cetirizine,5,15,0,0,FAC010,Dispensed
DSP0000773,PHP0000578,Si Goud,9771818114,Peddadinne,2026-03-31,RX0001042,Cetirizine,5,15,0,0,FAC012,Dispensed
DSP0000774,PHP0000578,Sai Goud,9771818114,Peddadinne,2026-03-29,RX0001042,Paracetamol,3,15,0,0,FAC012,Dispensed
DSP0000775,PHP0000578,Sai Goud,+91-97718-18114,Peddadinne,2026-04-24,RX0001044,Amoxicillin,5,15,0,0,FAC012,Dispensed
DSP0000776,PHP0000579,Swathee Naik,9061812674,Vemula,2026-02-20,RX0001046,Pantoprazole,10,30,0,0,FAC009,Dispensed
DSP0000777,PHP0000580,Rajesh Jangam,9733108104,Kangti,2026-02-05,RX0001047,Pantoprazole,10,15,0,0,FAC020,Dispensed
DSP0000778,PHP0000580,Rajesh Jangam,9733108104,KANGTI,2026-02-03,RX0001047,Paracetamol,3,30,0,0,FAC020,Dispensed
DSP0000779,PHP0000580,Rajesh Jangam,9733108104,Kangti,2026-03-19,RX0001049,Amoxicillin,5,30,0,0,FAC019,Dispensed
DSP0000780,PHP0000581,Ramesh Jangam,9627265403,Chandur,2026-07-02,RX0001050,Pantoprazole,10,15,0,0,FAC013,Dispensed
DSP0000781,PHP0000581,Ramesh Jangam,9627265403,Chandur,2026-06-28,RX0001050,Paracetamol,3,15,0,0,FAC013,Dispensed
DSP0000782,PHP0000582,Arun Jangam,9252033626,Velpula,2026-08-14,RX0001052,Amlodipine,30,15,1,0,FAC007,Partially dispensed
DSP0000783,PHP0000582,Arun Jangam,9252033626,Velpula,2026-08-09,RX0001052,Paracetamol,3,15,0,0,FAC007,Dispensed
DSP0000784,PHP0000583,Anil Das,+91-98533-74904,Rajapur,2026-05-25,RX0001054,Cetirizine,5,30,0,0,FAC004,Dispensed
DSP0000785,PHP0000584,Anitha Patel,9685783573,Macharam,2026-04-10,RX0001055,Cetirizine,5,15,0,0,FAC003,Dispensed
DSP0000786,PHP0000585,Padma Jangam,9417487283,Velpula,2026-05-18,RX0001056,Amoxicillin,5,15,0,0,FAC008,Dispensed
DSP0000787,PHP0000586,Deepika Jangam,9816879925,Manoor,2026-07-21,RX0001058,Amlodipine,30,30,0,0,FAC021,Dispensed
DSP0000788,PHP0000587,Kiran Rao,9685341704,Chandur,2026-04-23,RX0001059,Amlodipine,30,15,1,0,FAC013,Partially dispensed
DSP0000789,PHP0000587,Kiran Rao,9685341704,Chandur,2026-05-07,RX0001060,Cetirizine,5,15,0,0,FAC013,Dispensed
DSP0000790,PHP0000588,Mahesh Chary,9062099715,Bhanur,2026-06-07,RX0001061,Metformin,30,30,0,0,FAC026,Dispensed
DSP0000791,PHP0000588,Mahesh Chary,9062099715,Bhanur,2026-08-04,RX0001062,Metformin,30,15,1,0,FAC027,Partially dispensed
DSP0000792,PHP0000589,Anitha Naik,,Polepally,2026-04-10,RX0001065,Metformin,30,30,0,0,FAC002,Dispensed
DSP0000793,PHP0000590,Santos Patel,9566516480,Midjil,2026-08-01,RX0001066,Paracetamol,5,30,0,0,FAC007,Dispensed
DSP0000794,PHP0000591,Divya Jangam,9294925385,Kondamallepally,2026-02-23,RX0001067,Amoxicillin,5,15,0,0,FAC011,Dispensed
DSP0000795,PHP0000591,Divya Jangam,9294925385,Kondamallepally,2026-02-19,RX0001067,Paracetamol,3,30,0,0,FAC011,Dispensed
DSP0000796,PHP0000591,Divya Jangam,9294925385,Kondamallepalli,2026-03-10,RX0001069,Amoxicillin,5,15,0,0,FAC010,Dispensed
DSP0000797,PHP0000592,Srilatha Das,9876861278,Badepalli,2026-04-20,RX0001071,Amlodipine,30,30,0,0,FAC003,Dispensed
DSP0000798,PHP0000592,Srilatha Das,9876861278,Badepally,2026-04-19,RX0001071,Metformin,30,30,0,0,FAC003,Dispensed
DSP0000799,PHP0000592,Srilatha Das,+91-98768-61278,Badepally,2026-04-19,RX0001071,Paracetamol,3,15,0,0,FAC003,Dispensed
DSP0000800,PHP0000593,Divya Laxman,9996796454,Marrur,2026-05-23,RX0001074,Metformin,30,30,0,0,FAC017,Dispensed
DSP0000801,PHP0000594,Santosh Chary,,Nermata,2026-03-26,RX0001075,Amlodipine,30,30,0,0,FAC014,Dispensed
DSP0000802,PHP0000595,Anil Krishna,,Donur,2026-04-04,RX0001076,Metformin,30,15,1,0,FAC007,Partially dispensed
DSP0000803,PHP0000596,Ravi Narsimha,9554480676,Velpul,2026-07-08,RX0001077,Paracetamol,5,15,0,0,FAC009,Dispensed
DSP0000804,PHP0000596,Ravi Narsimha,9554480676,VELPULA,2026-07-08,RX0001077,Paracetamol,3,30,0,0,FAC009,Dispensed
DSP0000805,PHP0000597,Anil Rao,9324019454,Kangti,2026-03-25,RX0001079,Amlodipine,30,30,0,0,FAC019,Dispensed
DSP0000806,PHP0000597,Anil Rao,9324019454,Kangti,2026-03-21,RX0001079,Metformin,30,30,0,0,FAC019,Dispensed
DSP0000807,PHP0000597,Anil Rao,9364019454,Kangti,2026-03-23,RX0001079,Paracetamol,3,15,0,0,FAC019,Dispensed
DSP0000808,PHP0000598,Ravi Khan,9696409571,Vemula,2026-05-30,RX0001082,Amoxicillin,5,15,0,0,FAC007,Dispensed
DSP0000809,PHP0000599,Bhavani Mudiraj,9544357546,Polepally,2026-07-11,RX0001083,Pantoprazole,10,0,0,1,FAC001,Not dispensed due to stock
DSP0000810,PHP0000600,Srinivas Rao,9194575139,Balanagar,2026-06-02,RX0001084,Paracetamol,5,15,0,0,FAC006,Dispensed
DSP0000811,PHP0000601,Lalitha Begum,9157688286,Indresham,2026-05-02,RX0001087,Metformin,30,15,1,0,FAC025,Partially dispensed
DSP0000812,PHP0000602,Anitha Naik,+91-99462-35371,Nomula,2026-07-06,RX0001088,Pantoprazole,10,30,0,0,FAC016,Dispensed
DSP0000813,PHP0000603,Santosh Reddy,9506823198,Kummarikunta,2026-02-12,RX0001089,Pantoprazole,10,15,0,0,FAC014,Dispensed
DSP0000814,PHP0000604,Lalitha Krishna,9572347417,PATANCHERU,2026-05-05,RX0001090,Amoxicillin,5,15,0,0,FAC025,Dispensed
DSP0000815,PHP0000604,Lalitha Krisna,9572347417,Patancheru,2026-05-06,RX0001090,Paracetamol,3,15,0,0,FAC025,Dispensed
DSP0000816,PHP0000605,Swathi Laxman,+91-99402-11282,Nakrekal,2026-06-10,RX0001092,Cetirizine,5,15,0,0,FAC018,Dispensed
DSP0000817,PHP0000606,Ramesh Reddy,9359811256,Velpula,2026-04-19,RX0001093,Amlodipine,30,15,1,0,FAC008,Partially dispensed
DSP0000818,PHP0000606,Ramesh Reddy,9359811256,Velpula,2026-07-14,RX0001094,Amoxicillin,5,30,0,0,FAC009,Dispensed
DSP0000819,PHP0000607,Swathi Shekar,9134885011,Kummarikunta,2026-06-11,RX0001095,Amlodipine,30,30,0,0,FAC015,Dispensed
DSP0000820,PHP0000608,Raghav Begum,9733991383,Velpula,2026-01-05,RX0001096,Metformin,30,15,1,0,FAC009,Partially dispensed
DSP0000821,PHP0000609,Rani Devi,+91-96984-84731,Gundlapally,2026-04-25,RX0001097,Pantoprazole,10,30,0,0,FAC010,Dispensed
DSP0000822,PHP0000610,Deepika Rao,9479331172,Nermata,2026-05-16,RX0001099,Amlodipine,30,30,0,0,FAC013,Dispensed
DSP0000823,PHP0000611,Raju Khan,9914693624,Manoor,2026-01-07,RX0001100,Cetirizine,5,15,0,0,FAC021,Dispensed
DSP0000824,PHP0000612,Kiran Laxman,9844534433,Kummarikunta,2026-01-09,RX0001102,Cetirizine,5,15,0,0,FAC014,Dispensed
DSP0000825,PHP0000612,Kiran Laxman,9844534433,Kummarikunta,2026-08-10,RX0001103,Pantoprazole,10,15,0,0,FAC013,Dispensed
DSP0000826,PHP0000613,Mhesh Goud,9719353463,Devarakonda,2026-08-06,RX0001105,Metformin,30,15,1,0,FAC010,Partially dispensed
DSP0000827,PHP0000614,Deepika Yadav,+91-95006-84393,Patancheru,2026-06-27,RX0001106,Amoxicillin,5,0,0,1,FAC025,Not dispensed due to stock
DSP0000828,PHP0000615,Anil Goud,9152354788,Badepally,2026-02-03,RX0001108,Amoxicillin,5,15,0,0,FAC001,Dispensed
DSP0000829,PHP0000616,Deepika Shekar,+91-96406-93540,Gangapu,2026-02-06,RX0001109,Paracetamol,5,15,0,0,FAC003,Dispensed
DSP0000830,PHP0000616,Deepika Shekar,,Gangapur,2026-02-08,RX0001109,Paracetamol,3,15,0,0,FAC003,Dispensed
DSP0000831,PHP0000617,Raju,9592049116,Manoor,2026-07-10,RX0001111,Amlodipine,30,30,0,0,FAC020,Dispensed
DSP0000832,PHP0000618,Bhavani Rao,9805303900,Kohir,2026-05-05,RX0001112,Cetirizine,5,30,0,0,FAC022,Dispensed
DSP0000833,PHP0000618,Bhavani Rao,9805303900,KOHIR,2026-05-05,RX0001112,Paracetamol,3,15,0,0,FAC022,Dispensed
DSP0000834,PHP0000619,Divya Patel,9546790056,Kohir,2026-03-15,RX0001115,Cetirizine,5,30,0,0,FAC024,Dispensed
DSP0000835,PHP0000620,Shobha Shekar,9705531285,Midjil,2026-01-15,RX0001116,Pantoprazole,10,15,0,0,FAC008,Dispensed
DSP0000836,PHP0000621,Dipika Patel,9677185703,Peddadinne,2026-02-04,RX0001117,Amlodipine,30,30,0,0,FAC012,Dispensed
DSP0000837,PHP0000622,Naveen Khan,9274014166,Narayankhed,2026-04-08,RX0001118,Pantoprazole,10,15,0,0,FAC020,Dispensed
DSP0000838,PHP0000623,Srilatha Shekar,+91-91134-78387,Mangalapalli,2026-03-11,RX0001119,Paracetamol,5,15,0,0,FAC017,Dispensed
DSP0000839,PHP0000624,Padma Mudiraj,9584522504,BALANAGAR,2026-02-08,RX0001120,Paracetamol,5,15,0,0,FAC006,Dispensed
DSP0000840,PHP0000625,Mahesh,9875001308,Bodajanampet,2026-03-29,RX0001121,Metformin,30,15,1,0,FAC006,Partially dispensed
DSP0000841,PHP0000626,Mohan Patel,9661469499,Kallepally,2026-06-16,RX0001122,Metformin,30,15,1,0,FAC004,Partially dispensed
DSP0000842,PHP0000627,Kavitha Mudiraj,,Indresham,2026-05-20,RX0001125,Amlodipine,30,15,1,0,FAC027,Partially dispensed
DSP0000843,PHP0000628,Shankar Das,9008559985,Kallepally,2026-03-09,RX0001126,Amlodipine,30,15,1,0,FAC004,Partially dispensed
DSP0000844,PHP0000629,Padma Patel,9931453237,Mogudampally,2026-03-07,RX0001128,Cetirizine,5,15,0,0,FAC024,Dispensed
DSP0000845,PHP0000630,Lalitha Jangam,9513577191,Kangti,2026-07-19,RX0001131,Pantoprazole,10,15,0,0,FAC019,Dispensed
DSP0000846,PHP0000631,Shankar Basha,9293004077,Ameenpur,2026-06-09,RX0001133,Amlodipine,30,30,0,0,FAC026,Dispensed
DSP0000847,PHP0000632,Rani Jangam,9185249637,Macharam,2026-08-17,RX0001134,Pantoprazole,10,30,0,0,FAC003,Dispensed
DSP0000848,PHP0000633,Vinod Das,9597632931,Kangti,2026-06-16,RX0001135,Amoxicillin,5,30,0,0,FAC020,Dispensed
DSP0000849,PHP0000634,Deepika Jangam,9919202706,Zaheeraba,2026-05-24,RX0001136,Paracetamol,5,15,0,0,FAC022,Dispensed
DSP0000850,PHP0000635,Harika Das,,Kummarikunta,2026-04-29,RX0001138,Amlodipine,30,30,0,0,FAC015,Dispensed
DSP0000851,PHP0000635,Hrika Das,9896106817,Kummarikunta,2026-05-03,RX0001138,Metformin,30,30,0,0,FAC015,Dispensed
DSP0000852,PHP0000636,Nirmala Laxman,9508142540,MANGALAPALLY,2026-02-13,RX0001140,Pantoprazole,10,30,0,0,FAC016,Dispensed
DSP0000853,PHP0000637,Praveen Chary,9829848981,Macharam,2026-04-29,RX0001141,Cetirizine,5,30,0,0,FAC003,Dispensed
DSP0000854,PHP0000638,njali Shekar,9013637809,Polepally,2026-05-06,RX0001142,Amoxicillin,5,15,0,0,FAC003,Dispensed
DSP0000855,PHP0000639,Swathi Patel,9204443336,Balanagar,2026-04-13,RX0001143,Metformin,30,30,0,0,FAC006,Dispensed
DSP0000856,PHP0000640,Saritha Khan,9263477885,Macharam,2026-08-01,RX0001144,Pantoprazole,10,15,0,0,FAC003,Dispensed
DSP0000857,PHP0000640,Saritha Khan,9263477885,Macharam,2026-08-04,RX0001144,Paracetamol,3,15,0,0,FAC003,Dispensed
DSP0000858,PHP0000641,Harika Jangam,9694841735,Kallepally,2026-05-23,RX0001146,Cetirizine,5,30,0,0,FAC006,Dispensed
DSP0000859,PHP0000641,Harika Jangam,+91-96948-41735,Kallepally,2026-06-24,RX0001147,Paracetamol,3,30,0,0,FAC006,Dispensed
DSP0000860,PHP0000642,Anitha Goud,9864093842,Devarakonda,2026-01-19,RX0001149,Amlodipine,30,15,1,0,FAC010,Partially dispensed
DSP0000861,PHP0000642,nitha Goud,9864093842,Devarakonda,2026-03-02,RX0001151,Amlodipine,30,15,1,0,FAC010,Partially dispensed
DSP0000862,PHP0000643,Anjali Shekar,9530256437,Donur,2026-05-02,RX0001152,Pantoprazole,10,30,0,0,FAC008,Dispensed
DSP0000863,PHP0000644,Saritha Goud,9221304667,Kohir,2026-03-25,RX0001153,Paracetamol,3,30,0,0,FAC023,Dispensed
DSP0000864,PHP0000644,Saritha Goud,9221304667,Kohir,2026-04-07,RX0001155,Paracetamol,5,15,0,0,FAC024,Dispensed
DSP0000865,PHP0000645,Bhavani Goud,9048455008,Kondamallepally,2026-03-17,RX0001156,Metformin,30,15,1,0,FAC012,Partially dispensed
DSP0000866,PHP0000646,Kavitha Naik,9297228596,Zaheerabad,2026-01-17,RX0001157,Amlodipine,30,30,0,0,FAC023,Dispensed
DSP0000867,PHP0000646,Kavitha Naik,9297228596,Zaheerabad,2026-01-22,RX0001157,Paracetamol,3,15,0,0,FAC023,Dispensed
DSP0000868,PHP0000647,Hrika Laxman,9943733103,Kondamallepally,2026-03-09,RX0001159,Paracetamol,5,15,0,0,FAC012,Dispensed
DSP0000869,PHP0000647,Harika Laxman,9943733103,Kondamallepally,2026-08-09,RX0001160,Cetirizine,5,15,0,0,FAC012,Dispensed
DSP0000870,PHP0000648,Swathee Goud,9720393259,Marrur,2026-07-10,RX0001162,Pantoprazole,10,30,0,0,FAC017,Dispensed
DSP0000871,PHP0000648,Swathi Goud,9720393259,Marrur,2026-08-12,RX0001163,Pantoprazole,10,15,0,0,FAC018,Dispensed
DSP0000872,PHP0000649,Padma Narsimha,9120520615,Midjil,2026-05-17,RX0001164,Amoxicillin,5,15,0,0,FAC008,Dispensed
DSP0000873,PHP0000650,Shobha Das,9982998273,Kalher,2026-05-18,RX0001165,Paracetamol,5,30,1,1,FAC019,Partially dispensed
DSP0000874,PHP0000651,Venkatesh Begum,9820257919,Midjil,2026-01-12,RX0001167,Pantoprazole,10,30,0,0,FAC009,Dispensed
DSP0000875,PHP0000651,Venkatesh Begum,9820257919,Midjil,2026-03-10,RX0001168,Amlodipine,30,15,1,0,FAC008,Partially dispensed
DSP0000876,PHP0000652,Lakshmi Mallaiah,,Nomula,2026-04-18,RX0001169,Amlodipine,30,15,1,0,FAC017,Partially dispensed
DSP0000877,PHP0000652,Lakshmi Mallaiah,9363866590,Nomula,2026-04-14,RX0001169,Metformin,30,15,1,0,FAC017,Partially dispensed
DSP0000878,PHP0000653,Jyothi Jangam,9172004667,Macharam,2026-04-08,RX0001171,Paracetamol,5,30,0,0,FAC003,Dispensed
DSP0000879,PHP0000654,Raghav Chary,9276499555,Donur,2026-03-21,RX0001172,Cetirizine,5,15,0,0,FAC007,Dispensed
DSP0000880,PHP0000655,Aneetha Devi,9607140129,Nermata,2026-03-25,RX0001173,Amoxicillin,5,30,0,0,FAC014,Dispensed
DSP0000881,PHP0000655,Anitha Devi,9607140129,Nermata,2026-04-17,RX0001174,Cetirizine,5,15,0,0,FAC013,Dispensed
DSP0000882,PHP0000656,Nirmala,9301822503,Mangalapall,2026-05-17,RX0001176,Metformin,30,30,0,0,FAC016,Dispensed
DSP0000883,PHP0000657,Shobh Devi,,Peddadinne,2026-04-07,RX0001177,Paracetamol,5,30,0,0,FAC012,Dispensed
DSP0000884,PHP0000657,Shobha Devi,9134417757,Peddadinne,2026-05-09,RX0001178,Cetirizine,5,15,0,0,FAC010,Dispensed
DSP0000885,PHP0000658,Vinod Narsimha,9347979559,Devarakonda,2026-08-02,RX0001181,Paracetamol,5,30,0,0,FAC012,Dispensed
DSP0000886,PHP0000659,Kawitha Begum,+91-91217-25730,Gundlapally,2026-05-08,RX0001182,Pantoprazole,10,30,0,0,FAC010,Dispensed
DSP0000887,PHP0000660,Srilatha Laxman,9576396449,Donur,2026-08-18,RX0001184,Paracetamol,3,15,0,0,FAC008,Dispensed
DSP0000888,PHP0000661,Venkatesh Das,9328539316,Indresham,2026-01-12,RX0001186,Paracetamol,5,15,0,0,FAC027,Dispensed
DSP0000889,PHP0000662,Srilatha Goud,9253053919,Balanagar,2026-03-26,RX0001187,Amlodipine,30,15,1,0,FAC006,Partially dispensed
DSP0000890,PHP0000663,Suresh Naik,9335547667,Kummarikunta,2026-07-01,RX0001190,Paracetamol,5,30,0,0,FAC014,Dispensed
DSP0000891,PHP0000663,Sures Naik,9335547667,Kummarikunta,2026-08-11,RX0001191,Cetirizine,5,30,0,0,FAC015,Dispensed
DSP0000892,PHP0000664,Raghaw Rao,9611293768,Gangapur,2026-07-30,RX0001193,Pantoprazole,10,30,0,0,FAC003,Dispensed
DSP0000893,PHP0000665,Ravi Patel,9339964358,Bangarigadda,2026-02-25,RX0001194,Paracetamol,3,15,0,0,FAC013,Dispensed
DSP0000894,PHP0000665,Ravi Patel,9339964358,Bangarigadda,2026-05-25,RX0001196,Metformin,30,15,1,0,FAC015,Partially dispensed
DSP0000895,PHP0000666,Nirmala Kumar,,Gangapur,2026-02-22,RX0001197,Pantoprazole,10,30,0,0,FAC001,Dispensed
DSP0000896,PHP0000666,Nirmala Kumar,9554650127,Gangapur,2026-02-20,RX0001197,Paracetamol,3,30,0,0,FAC001,Dispensed
DSP0000897,PHP0000667,Vinod,9354564486,Kohir,2026-06-01,RX0001201,Amoxicillin,5,30,0,0,FAC024,Dispensed
DSP0000898,PHP0000667,Vinod Chary,9354564486,Kohir,2026-07-22,RX0001202,Cetirizine,5,30,0,0,FAC022,Dispensed
DSP0000899,PHP0000668,Hareeka Mudiraj,9157066813,Bhanur,2026-08-05,RX0001203,Pantoprazole,10,15,0,0,FAC025,Dispensed
DSP0000900,PHP0000668,Harika Mudiraj,9157066813,BHANUR,2026-08-09,RX0001203,Paracetamol,3,15,0,0,FAC025,Dispensed
DSP0000901,PHP0000669,Bhavani Naik,9914093523,Jharasanga,2026-07-06,RX0001205,Cetirizine,5,30,0,0,FAC022,Dispensed
DSP0000902,PHP0000670,Bhavani Devi,9307094516,Kohir,2026-05-01,RX0001206,Metformin,30,15,1,0,FAC022,Partially dispensed
DSP0000903,PHP0000671,Bhavani Mudiraj,9697705490,NARAYANKHED,2026-07-02,RX0001207,Metformin,30,15,1,0,FAC021,Partially dispensed
DSP0000904,PHP0000671,Bhavani Mudiraj,9697705490,Narayankhed,2026-06-29,RX0001207,Paracetamol,3,30,0,0,FAC021,Dispensed
DSP0000905,PHP0000671,Bhavani Mudiraj,+91-96977-05490,Narayankhed,2026-08-17,RX0001209,Metformin,30,15,1,1,FAC019,Partially dispensed
DSP0000906,PHP0000672,Mahesh Chary,,Velpula,2026-03-21,RX0001210,Cetirizine,5,15,0,0,FAC009,Dispensed
DSP0000907,PHP0000672,Mahesh Chary,+91-97707-66433,Velpula,2026-04-13,RX0001211,Cetirizine,5,15,0,0,FAC007,Dispensed
DSP0000908,PHP0000673,Srinivas Rao,9218808523,Macharam,2026-06-21,RX0001212,Paracetamol,5,15,0,0,FAC001,Dispensed
DSP0000909,PHP0000673,Srinivas Rao,9218808523,Macharam,2026-06-21,RX0001212,Paracetamol,3,15,0,0,FAC001,Dispensed
DSP0000910,PHP0000674,Bhavani Mallaiah,9243518598,Jharasangam,2026-05-21,RX0001214,Paracetamol,5,15,0,0,FAC024,Dispensed
DSP0000911,PHP0000675,Renuka Laxman,9150531279,Kallepally,2026-05-21,RX0001215,Cetirizine,5,30,0,0,FAC004,Dispensed
DSP0000912,PHP0000676,Naveen Narsimha,,Rajapur,2026-07-10,RX0001218,Cetirizine,5,15,0,0,FAC004,Dispensed
DSP0000913,PHP0000677,Mounika Mallaiah,,Nakrekal,2026-05-13,RX0001219,Paracetamol,3,30,0,0,FAC018,Dispensed
DSP0000914,PHP0000677,Mounika Mallaiah,9587633967,Nakrekal,2026-06-14,RX0001221,Amlodipine,30,15,1,1,FAC018,Partially dispensed
DSP0000915,PHP0000678,Sushma Laxman,9367042220,Rajapur,2026-04-12,RX0001222,Paracetamol,5,30,0,0,FAC004,Dispensed
DSP0000916,PHP0000679,Lalitha Mallaiah,,Donur,2026-07-30,RX0001226,Cetirizine,5,30,0,0,FAC007,Dispensed
DSP0000917,PHP0000679,Lalitha Mallaiah,9854579507,Donur,2026-07-27,RX0001226,Paracetamol,3,30,0,0,FAC007,Dispensed
DSP0000918,PHP0000680,Naresh Naik,+91-93625-76187,Rajapur,2026-03-08,RX0001228,Paracetamol,5,15,0,0,FAC005,Dispensed
DSP0000919,PHP0000681,Shobh Reddy,9986846502,Velpula,2026-04-25,RX0001229,Amoxicillin,5,15,0,0,FAC009,Dispensed
DSP0000920,PHP0000682,Ramesh Reddy,9023450959,Kangti,2026-03-09,RX0001230,Amoxicillin,5,30,0,0,FAC020,Dispensed
DSP0000921,PHP0000683,Mounika Devi,9657629661,Jharasangam,2026-01-14,RX0001232,Pantoprazole,10,15,0,0,FAC022,Dispensed
DSP0000922,PHP0000684,Saritha Goud,9918995398,Nomula,2026-07-16,RX0001233,Amoxicillin,5,15,0,0,FAC017,Dispensed
DSP0000923,PHP0000685,Lakshmi Reddy,9728944721,Kohir,2026-07-21,RX0001235,Paracetamol,5,15,0,0,FAC024,Dispensed
DSP0000924,PHP0000686,Ravee Naik,9118475589,Nermata,2026-08-05,RX0001238,Pantoprazole,10,15,0,0,FAC014,Dispensed
DSP0000925,PHP0000687,Swthi Rao,9380763817,Zaheerabad,2026-01-13,RX0001239,Cetirizine,5,15,0,0,FAC024,Dispensed
DSP0000926,PHP0000688,Jyothi Naik,9165228618,Kohir,2026-04-17,RX0001241,Amlodipine,30,30,0,0,FAC023,Dispensed
DSP0000927,PHP0000689,Harika Begum,+91-90578-94182,Mangalapally,2026-03-31,RX0001242,Amoxicillin,5,15,0,0,FAC016,Dispensed
DSP0000928,PHP0000689,Harika Begum,9057894182,Mangalapally,2026-05-12,RX0001243,Paracetamol,5,15,0,0,FAC016,Dispensed
DSP0000929,PHP0000689,Harika Begum,9057894182,Mangalapally,2026-07-08,RX0001244,Cetirizine,5,15,0,0,FAC017,Dispensed
DSP0000930,PHP0000690,Vinod Das,9908347790,Kangti,2026-01-23,RX0001245,Metformin,30,30,0,0,FAC021,Dispensed
DSP0000931,PHP0000691,Renuka Mallaiah,9372409813,Nakrekal,2026-02-28,RX0001246,Amlodipine,30,30,0,0,FAC017,Dispensed
DSP0000932,PHP0000692,Lalitha Devi,9978997648,Bodajanampet,2026-04-15,RX0001247,Metformin,30,0,0,1,FAC005,Not dispensed due to stock
DSP0000933,PHP0000693,Sai Krishna,9910982024,Jharasangam,2026-05-25,RX0001249,Amlodipine,30,30,0,0,FAC024,Dispensed
DSP0000934,PHP0000693,Sai Krishna,9910982024,Jharasangam,2026-05-25,RX0001249,Metformin,30,15,1,0,FAC024,Partially dispensed
DSP0000935,PHP0000694,Ramesh Goud,9895173922,Gangapur,2026-04-24,RX0001251,Amoxicillin,5,15,0,0,FAC001,Dispensed
DSP0000936,PHP0000695,Sushma Rao,9438607884,Nomul,2026-02-27,RX0001252,Paracetamol,3,30,0,0,FAC017,Dispensed
DSP0000937,PHP0000696,Srinivas Das,9782313558,Kallepally,2026-06-17,RX0001255,Paracetamol,5,15,0,0,FAC005,Dispensed
DSP0000938,PHP0000697,Raghav Begum,9919950028,Kohir,2026-03-23,RX0001256,Amoxicillin,5,30,0,0,FAC022,Dispensed
DSP0000939,PHP0000697,Raghav Begum,9919950028,Kohir,2026-07-21,RX0001257,Paracetamol,5,15,0,0,FAC022,Dispensed
DSP0000940,PHP0000698,Sushma Jangam,9295949462,Gundlapally,2026-02-17,RX0001260,Paracetamol,5,30,0,0,FAC012,Dispensed
DSP0000941,PHP0000699,Srilatha Kumar,9571846237,Manoor,2026-07-03,RX0001262,Amlodipine,30,30,0,0,FAC021,Dispensed
DSP0000942,PHP0000699,Srilatha Kumar,9571846237,Manoor,2026-06-28,RX0001262,Metformin,30,15,1,0,FAC021,Partially dispensed
DSP0000943,PHP0000700,Lalitha Laxman,9224868718,Chandur,2026-04-12,RX0001264,Amoxicillin,5,30,0,0,FAC015,Dispensed
DSP0000944,PHP0000701,Rajesh Das,9107239919,Patancheru,2026-08-15,RX0001266,Paracetamol,5,30,0,0,FAC025,Dispensed
DSP0000945,PHP0000702,Raghav Goud,9276514449,Manoor,2026-06-10,RX0001267,Amlodipine,30,30,0,0,FAC020,Dispensed
DSP0000946,PHP0000702,Raghav Goud,9276514449,Manoor,2026-06-10,RX0001267,Metformin,30,15,1,0,FAC020,Partially dispensed
DSP0000947,PHP0000702,Raghav Goud,,Manoor,2026-08-07,RX0001269,Amlodipine,30,30,0,0,FAC019,Dispensed
DSP0000948,PHP0000703,Padma Naik,9213552463,Velpula,2026-04-19,RX0001270,Paracetamol,5,15,0,0,FAC009,Dispensed
DSP0000949,PHP0000704,Rajesh Khan,9635005407,Narayankhed,2026-06-14,RX0001271,Metformin,30,15,1,0,FAC021,Partially dispensed
DSP0000950,PHP0000704,Rajesh Khan,9635005407,Narayankhed,2026-08-09,RX0001272,Paracetamol,3,30,0,0,FAC020,Dispensed
DSP0000951,PHP0000705,Padma Rao,9411613876,Nomula,2026-01-30,RX0001274,Amlodipine,30,30,0,0,FAC018,Dispensed
DSP0000952,PHP0000705,Padma Rao,9411663876,Nomula,2026-02-02,RX0001274,Metformin,30,30,0,0,FAC018,Dispensed
DSP0000953,PHP0000706,Venkatesh,9225285316,Bhanur,2026-07-01,RX0001277,Pantoprazole,10,30,0,0,FAC025,Dispensed
DSP0000954,PHP0000707,Srinivas Goud,9023013447,INDRESHAM,2026-05-08,RX0001279,Amlodipine,30,15,1,0,FAC026,Partially dispensed
DSP0000955,PHP0000708,Mohan Jangam,9428302184,Gundlapally,2026-01-24,RX0001280,Paracetamol,5,15,0,0,FAC012,Dispensed
DSP0000956,PHP0000709,Deepika Naik,9839875649,Devarakonda,2026-03-08,RX0001281,Cetirizine,5,30,0,0,FAC011,Dispensed
DSP0000957,PHP0000710,Kavitha Das,9719480043,Balanagar,2026-04-29,RX0001282,Amlodipine,30,15,1,0,FAC006,Partially dispensed
DSP0000958,PHP0000711,Bhavani Mallaiah,9345058375,GANGAPUR,2026-04-07,RX0001283,Amlodipine,30,30,0,0,FAC002,Dispensed
DSP0000959,PHP0000712,Srinivas Begum,9470219679,Manoor,2026-04-16,RX0001285,Metformin,30,30,0,0,FAC021,Dispensed
DSP0000960,PHP0000713,Mounika Basha,9651509753,Gangapur,2026-02-26,RX0001286,Pantoprazole,10,15,0,0,FAC001,Dispensed
DSP0000961,PHP0000714,Praveen Goud,9060644742,Polepally,2026-02-23,RX0001287,Amlodipine,30,30,0,0,FAC002,Dispensed
DSP0000962,PHP0000714,Pravin Goud,,Polepally,2026-03-26,RX0001288,Amoxicillin,5,30,0,0,FAC001,Dispensed
DSP0000963,PHP0000715,Aneetha Narsimha,+91-97589-99402,Ameenpur,2026-03-07,RX0001289,Cetirizine,5,15,0,0,FAC026,Dispensed
DSP0000964,PHP0000716,Renuka Basha,9201876366,Bangarigadda,2026-04-22,RX0001292,Paracetamol,5,30,0,0,FAC013,Dispensed
DSP0000965,PHP0000717,Sushma Krishna,9759933240,Bodajanampet,2026-08-07,RX0001293,Pantoprazole,10,15,0,0,FAC005,Dispensed
DSP0000966,PHP0000718,Nirmala Mudiraj,9201442909,Polepally,2026-03-08,RX0001294,Paracetamol,5,30,0,0,FAC002,Dispensed
DSP0000967,PHP0000719,Ravi Rao,9154284270,Zaheerabad,2026-02-16,RX0001295,Amlodipine,30,30,0,0,FAC022,Dispensed
DSP0000968,PHP0000720,Srinivas Mallaiah,9347774201,MACHARAM,2026-02-22,RX0001296,Amlodipine,30,30,0,0,FAC003,Dispensed
DSP0000969,PHP0000720,Srinivas Mallaiah,9347774201,Macharam,2026-02-22,RX0001296,Paracetamol,3,15,0,0,FAC003,Dispensed
DSP0000970,PHP0000721,Mohan Narsimha,9208098080,Rajapur,2026-04-15,RX0001299,Paracetamol,5,15,0,0,FAC004,Dispensed
DSP0000971,PHP0000721,Mohan Narsimha,9208098080,Rajapur,2026-04-13,RX0001299,Paracetamol,3,30,0,0,FAC004,Dispensed
DSP0000972,PHP0000722,Venkatesh Patel,9227295226,Mogudampally,2026-06-13,RX0001301,Paracetamol,5,30,0,0,FAC023,Dispensed
DSP0000973,PHP0000723,Si Shekar,9328241990,Donur,2026-07-09,RX0001302,Amoxicillin,5,30,0,0,FAC007,Dispensed
DSP0000974,PHP0000724,Lakshmi Naik,9043508505,Gundlapally,2026-07-15,RX0001305,Amlodipine,30,15,1,0,FAC012,Partially dispensed
DSP0000975,PHP0000725,Nveen Shekar,9966229154,Jharasangam,2026-06-25,RX0001307,Amlodipine,30,30,0,0,FAC023,Dispensed
DSP0000976,PHP0000725,Naveen Shekar,9966229154,Jharasangam,2026-06-27,RX0001307,Metformin,30,30,0,0,FAC023,Dispensed
DSP0000977,PHP0000725,Naveen Shekar,9966229154,JHARASANGAM,2026-06-27,RX0001307,Paracetamol,3,15,0,0,FAC023,Dispensed
DSP0000978,PHP0000725,Naveen Shekar,9966229154,Jharasanga,2026-08-03,RX0001310,Amlodipine,30,30,0,0,FAC022,Dispensed
DSP0000979,PHP0000725,Naveen Shekar,9966229154,Jharasangam,2026-07-31,RX0001310,Metformin,30,15,1,0,FAC022,Partially dispensed
DSP0000980,PHP0000726,Raju Yadaw,,KALHER,2026-07-08,RX0001313,Amlodipine,30,30,0,0,FAC021,Dispensed
DSP0000981,PHP0000726,Raju Yadav,9192520999,Kalher,2026-07-09,RX0001313,Paracetamol,3,15,0,0,FAC021,Dispensed
DSP0000982,PHP0000727,Rajesh Basha,9901617924,Nermata,2026-07-14,RX0001315,Cetirizine,5,15,0,0,FAC015,Dispensed
DSP0000983,PHP0000728,Srinivas Mudiraj,,Macharam,2026-01-15,RX0001316,Cetirizine,5,15,0,0,FAC002,Dispensed
DSP0000984,PHP0000729,Kiran Rao,9077688344,Manoor,2026-02-06,RX0001317,Amlodipine,30,30,0,0,FAC020,Dispensed
DSP0000985,PHP0000729,Kiran Rao,9077688344,Manoor,2026-02-02,RX0001317,Metformin,30,15,1,0,FAC020,Partially dispensed
DSP0000986,PHP0000730,Saritha Mudiraj,9305627851,Indresham,2026-04-23,RX0001320,Amoxicillin,5,15,0,0,FAC025,Dispensed
DSP0000987,PHP0000731,Raghav Shekar,9747177837,BADEPALLY,2026-05-28,RX0001321,Metformin,30,15,1,0,FAC003,Partially dispensed
DSP0000988,PHP0000732,Mahesh Mallaiah,9933034972,Midjil,2026-03-04,RX0001322,Amlodipine,30,30,1,1,FAC007,Partially dispensed
DSP0000989,PHP0000733,Raju,9353665973,Zaheerabad,2026-06-29,RX0001323,Amlodipine,30,30,0,0,FAC022,Dispensed
DSP0000990,PHP0000734,Anjali Goud,9872480717,Nermata,2026-06-27,RX0001325,Pantoprazole,10,30,0,0,FAC015,Dispensed
DSP0000991,PHP0000735,Ravi Goud,9584796500,Gangapur,2026-01-15,RX0001326,Paracetamol,5,30,0,0,FAC003,Dispensed
DSP0000992,PHP0000736,Harika Basha,9592059044,Polepally,2026-01-26,RX0001328,Cetirizine,5,30,0,0,FAC003,Dispensed
DSP0000993,PHP0000737,Rajesh Jangam,9603140612,Kummarikunta,2026-02-09,RX0001330,Amoxicillin,5,30,0,0,FAC014,Dispensed
DSP0000994,PHP0000737,Rajesh Jangam,,Kummarikunta,2026-05-31,RX0001331,Cetirizine,5,30,0,0,FAC015,Dispensed
DSP0000995,PHP0000738,Raghav Devi,+91-99962-92520,KUMMARIKUNTA,2026-06-03,RX0001334,Amoxicillin,5,30,0,0,FAC014,Dispensed
DSP0000996,PHP0000738,Raghav Devee,9996292520,Kummarikunta,2026-07-31,RX0001335,Amlodipine,30,15,1,0,FAC015,Partially dispensed
DSP0000997,PHP0000739,Bhavani Yadav,9524599155,Polepally,2026-05-20,RX0001336,Amlodipine,30,15,1,0,FAC001,Partially dispensed
DSP0000998,PHP0000740,Raghav Goud,9423257833,Vemula,2026-01-28,RX0001337,Paracetamol,5,15,0,0,FAC008,Dispensed
DSP0000999,PHP0000741,Divya Narsimha,9426959566,Velpula,2026-04-29,RX0001339,Amlodipine,30,30,0,0,FAC007,Dispensed
DSP0001000,PHP0000741,Divya Narsimha,9426959566,Velpula,2026-04-25,RX0001339,Metformin,30,15,1,0,FAC007,Partially dispensed
DSP0001001,PHP0000741,Divya Narsimha,9426959566,Velpula,2026-05-17,RX0001341,Amlodipine,30,15,1,0,FAC008,Partially dispensed
DSP0001002,PHP0000741,Divya Narsimha,,Velpula,2026-05-20,RX0001341,Metformin,30,15,1,0,FAC008,Partially dispensed
DSP0001003,PHP0000742,Anjali,9352235225,Gundlapally,2026-02-07,RX0001343,Paracetamol,3,15,0,0,FAC012,Dispensed
DSP0001004,PHP0000742,Anjali Shekar,9352235225,GUNDLAPALLY,2026-08-08,RX0001345,Amlodipine,30,15,1,0,FAC012,Partially dispensed
DSP0001005,PHP0000743,Bhavani Naik,9920198947,Rajapur,2026-04-06,RX0001346,Amlodipine,30,15,1,0,FAC006,Partially dispensed
DSP0001006,PHP0000743,Bhavani Naik,9920198947,Rajapur,2026-04-17,RX0001347,Amlodipine,30,30,0,0,FAC006,Dispensed
DSP0001007,PHP0000744,Swathi Laxman,9629140581,Polepally,2026-04-13,RX0001348,Amlodipine,30,30,0,0,FAC001,Dispensed
DSP0001008,PHP0000745,Lakshmi Krishna,,Polepally,2026-05-12,RX0001350,Metformin,30,15,1,0,FAC002,Partially dispensed
DSP0001009,PHP0000746,Bhavani Jangam,9444064650,Badepally,2026-05-02,RX0001351,Paracetamol,5,15,0,0,FAC002,Dispensed
DSP0001010,PHP0000746,Bhvani Jangam,9444064650,Badepally,2026-06-17,RX0001352,Amlodipine,30,30,0,0,FAC001,Dispensed
DSP0001011,PHP0000747,Rajesh Narsimha,9688036156,Zaheerabad,2026-08-10,RX0001354,Amoxicillin,5,30,0,0,FAC024,Dispensed
DSP0001012,PHP0000748,Naresh Kumar,9572166731,Marrur,2026-02-15,RX0001355,Amlodipine,30,30,0,0,FAC017,Dispensed
DSP0001013,PHP0000749,Arun Khan,9248867407,Bangarigadda,2026-06-02,RX0001357,Amlodipine,30,15,1,0,FAC014,Partially dispensed
DSP0001014,PHP0000750,Venkatesh Narsimha,9767109611,Ameenpur,2026-06-19,RX0001358,Amlodipine,30,15,1,0,FAC027,Partially dispensed
DSP0001015,PHP0000750,Venkatesh Narsimha,9767109611,Ameenpur,2026-06-24,RX0001358,Metformin,30,15,1,0,FAC027,Partially dispensed
DSP0001016,PHP0000751,Arun,9768184472,Jharasangam,2026-06-23,RX0001360,Amlodipine,30,30,0,0,FAC022,Dispensed
DSP0001017,PHP0000752,Lalitha Patel,9270203243,Kangti,2026-07-03,RX0001362,Pantoprazole,10,15,0,0,FAC019,Dispensed
DSP0001018,PHP0000753,Rajes Mudiraj,+91-90754-65815,Midjil,2026-01-12,RX0001363,Pantoprazole,10,15,0,0,FAC009,Dispensed
DSP0001019,PHP0000754,Naveen Mudiraj,,Macharam,2026-03-27,RX0001365,Amoxicillin,5,30,0,0,FAC001,Dispensed
DSP0001020,PHP0000755,Anitha Mallaiah,9677043050,Jharasangam,2026-05-18,RX0001366,Metformin,30,15,1,0,FAC024,Partially dispensed
DSP0001021,PHP0000756,Vinod Basha,,Vemula,2026-05-25,RX0001369,Amlodipine,30,15,1,0,FAC009,Partially dispensed
DSP0001022,PHP0000756,Vinod Basha,9925919303,Vemula,2026-05-20,RX0001369,Metformin,30,30,0,0,FAC009,Dispensed
DSP0001023,PHP0000757,Sai Jangam,,Bangarigadda,2026-05-19,RX0001374,Amlodipine,30,30,0,0,FAC015,Dispensed
DSP0001024,PHP0000758,Anil Reddy,9646465056,Donur,2026-02-17,RX0001375,Pantoprazole,10,15,0,0,FAC008,Dispensed
DSP0001025,PHP0000758,Anil Reddy,9626465056,Donur,2026-04-17,RX0001376,Amlodipine,30,15,1,0,FAC008,Partially dispensed
DSP0001026,PHP0000759,Santosh Krishna,9355087103,Peddadinne,2026-02-03,RX0001377,Pantoprazole,10,15,0,0,FAC010,Dispensed
DSP0001027,PHP0000759,Santosh Krishna,9355087103,Peddadinne,2026-02-04,RX0001377,Paracetamol,3,15,0,0,FAC010,Dispensed
DSP0001028,PHP0000760,Sushma Kumar,9399397127,Patancheru,2026-01-15,RX0001379,Pantoprazole,10,15,0,0,FAC025,Dispensed
DSP0001029,PHP0000761,Diwya Laxman,9320769240,ZAHEERABAD,2026-07-28,RX0001380,Pantoprazole,10,15,0,0,FAC024,Dispensed
DSP0001030,PHP0000762,Mounika Patel,9477003980,Badepally,2026-02-09,RX0001381,Pantoprazole,10,15,0,0,FAC002,Dispensed
DSP0001031,PHP0000763,Rajesh Shekar,9405132792,Kangti,2026-05-05,RX0001382,Cetirizine,5,15,0,0,FAC019,Dispensed
DSP0001032,PHP0000763,Rajesh Shekar,9405132792,Kangti,2026-06-25,RX0001383,Cetirizine,5,30,0,0,FAC021,Dispensed
DSP0001033,PHP0000763,Rajesh Shekar,9405132792,Kangti,2026-06-30,RX0001383,Paracetamol,3,15,0,0,FAC021,Dispensed
DSP0001034,PHP0000764,Saritha Naik,9193581771,Jharasangam,2026-06-10,RX0001385,Amoxicillin,5,15,0,0,FAC022,Dispensed
DSP0001035,PHP0000765,Anil Kumar,9327947902,Vemula,2026-03-23,RX0001386,Paracetamol,5,30,0,0,FAC007,Dispensed
DSP0001036,PHP0000766,Mahesh Khan,9897065929,Marrur,2026-08-04,RX0001389,Amlodipine,30,30,0,0,FAC016,Dispensed
DSP0001037,PHP0000767,Nirmala Reddy,9641079442,Badepally,2026-01-24,RX0001390,Amlodipine,30,15,1,0,FAC002,Partially dispensed
DSP0001038,PHP0000767,Nirmla Reddy,9641079442,Badepalli,2026-01-20,RX0001390,Metformin,30,30,0,0,FAC002,Dispensed
DSP0001039,PHP0000768,Harika Krishna,9744630893,Devarakonda,2026-07-11,RX0001392,Amlodipine,30,15,1,0,FAC010,Partially dispensed
DSP0001040,PHP0000769,Santosh Kumar,9652841185,Ameenpur,2026-08-05,RX0001393,Paracetamol,3,30,0,0,FAC026,Dispensed
DSP0001041,PHP0000770,Rajesh Reddy,9088053010,Devarakonda,2026-01-27,RX0001396,Paracetamol,3,15,0,0,FAC011,Dispensed
DSP0001042,PHP0000771,Rajesh Yadav,9257282823,VELPULA,2026-06-18,RX0001398,Paracetamol,5,30,0,0,FAC009,Dispensed
DSP0001043,PHP0000772,Naveen Khan,9207604901,Bangarigadda,2026-01-09,RX0001399,Metformin,30,0,0,1,FAC015,Not dispensed due to stock
DSP0001044,PHP0000772,Naveen Khan,+91-92076-04901,Bangarigadda,2026-01-11,RX0001399,Paracetamol,3,15,0,0,FAC015,Dispensed
DSP0001045,PHP0000772,Naveen Khan,9207604901,Bangarigadda,2026-06-22,RX0001401,Metformin,30,30,0,0,FAC014,Dispensed
DSP0001046,PHP0000773,Deepika Mudiraj,9289005439,Kondamallepally,2026-05-15,RX0001402,Pantoprazole,10,30,0,0,FAC010,Dispensed
DSP0001047,PHP0000773,Deepika Mudiraj,9289005439,Kondamallepally,2026-05-17,RX0001402,Paracetamol,3,15,0,0,FAC010,Dispensed
DSP0001048,PHP0000774,Ravee Shekar,9066760697,Badepally,2026-07-03,RX0001404,Cetirizine,5,15,0,0,FAC003,Dispensed
DSP0001049,PHP0000774,Ravi Shekar,9061760697,Badepall,2026-07-03,RX0001404,Paracetamol,3,15,0,0,FAC003,Dispensed
DSP0001050,PHP0000775,Sushma Jangam,+91-96671-86164,Velpula,2026-05-19,RX0001408,Paracetamol,5,15,0,0,FAC008,Dispensed
DSP0001051,PHP0000775,Sushma Jangam,9667186164,Velpula,2026-05-28,RX0001409,Amoxicillin,5,30,0,0,FAC009,Dispensed
DSP0001052,PHP0000776,Harika Mudiraj,9112732334,Bangarigadda,2026-06-18,RX0001411,Amoxicillin,5,30,0,0,FAC014,Dispensed
DSP0001053,PHP0000777,Santosh Patel,9699807040,Balanagar,2026-02-10,RX0001412,Paracetamol,5,15,0,0,FAC005,Dispensed
DSP0001054,PHP0000778,Lalitha Narsimha,9234887808,Velpula,2026-06-18,RX0001413,Pantoprazole,10,15,0,0,FAC007,Dispensed
DSP0001055,PHP0000779,Kavitha Jangam,9831881713,Kangti,2026-03-06,RX0001415,Amoxicillin,5,15,0,0,FAC020,Dispensed
DSP0001056,PHP0000780,Anjali Rao,9537929411,Kangti,2026-02-11,RX0001416,Cetirizine,5,30,0,0,FAC019,Dispensed
DSP0001057,PHP0000780,Anjali Rao,9537929411,Kangti,2026-07-18,RX0001417,Paracetamol,5,15,0,0,FAC020,Dispensed
DSP0001058,PHP0000780,Anjali Rao,9537929411,Kangti,2026-07-14,RX0001417,Paracetamol,3,30,0,0,FAC020,Dispensed
DSP0001059,PHP0000781,Nirmala Mudiraj,,Midjil,2026-01-31,RX0001419,Amlodipine,30,30,0,0,FAC007,Dispensed
DSP0001060,PHP0000781,Nirmala Mudiraj,9956733009,Midji,2026-04-22,RX0001420,Amlodipine,30,15,1,0,FAC008,Partially dispensed
DSP0001061,PHP0000781,Nirmala Mudiraj,9956733509,Midjil,2026-04-25,RX0001420,Paracetamol,3,30,0,0,FAC008,Dispensed
DSP0001062,PHP0000782,Rajesh Mallaiah,9347395187,Velpula,2026-04-07,RX0001422,Pantoprazole,10,30,0,0,FAC008,Dispensed
DSP0001063,PHP0000783,Ramesh Reddy,9705270486,Badepally,2026-02-08,RX0001423,Paracetamol,5,30,0,0,FAC003,Dispensed
DSP0001064,PHP0000783,Ramesh Reddy,9705270486,Badepally,2026-03-01,RX0001424,Paracetamol,5,15,0,0,FAC002,Dispensed
DSP0001065,PHP0000784,Venkatesh Mudiraj,9144624626,Gangapur,2026-08-03,RX0001427,Pantoprazole,10,0,0,1,FAC001,Not dispensed due to stock
DSP0001066,PHP0000785,Mahesh Basha,9626176666,Nomula,2026-03-21,RX0001428,Amoxicillin,5,30,0,0,FAC016,Dispensed
DSP0001067,PHP0000786,Kvitha Das,9456627767,Kangti,2026-01-27,RX0001429,Paracetamol,3,15,0,0,FAC021,Dispensed
DSP0001068,PHP0000787,Arun Begum,9651934184,Kangti,2026-04-22,RX0001431,Paracetamol,3,15,0,0,FAC019,Dispensed
DSP0001069,PHP0000787,Arun Begum,9671934184,Kangti,2026-08-04,RX0001433,Cetirizine,5,15,0,0,FAC020,Dispensed
DSP0001070,PHP0000788,Santosh Chary,+91-99520-23742,Macharam,2026-01-22,RX0001434,Amlodipine,30,30,0,0,FAC002,Dispensed
DSP0001071,PHP0000789,Arun Basha,9794721146,Macharam,2026-07-08,RX0001437,Pantoprazole,10,15,0,0,FAC003,Dispensed
DSP0001072,PHP0000789,Arun Basha,9794721146,Macharam,2026-07-04,RX0001437,Paracetamol,3,30,0,0,FAC003,Dispensed
DSP0001073,PHP0000790,Renuka Narsimha,9381214730,Kohir,2026-06-11,RX0001439,Amlodipine,30,15,1,0,FAC023,Partially dispensed
DSP0001074,PHP0000790,Renuka Narsimha,9381214730,Kohir,2026-06-10,RX0001439,Paracetamol,3,30,0,0,FAC023,Dispensed
DSP0001075,PHP0000790,Renuka Narsimha,9381214730,Kohir,2026-07-16,RX0001441,Amlodipine,30,30,0,0,FAC022,Dispensed
DSP0001076,PHP0000791,Shobha Rao,9027405213,ZAHEERABAD,2026-03-22,RX0001442,Amlodipine,30,15,1,0,FAC022,Partially dispensed
DSP0001077,PHP0000791,Shobh Rao,9027805213,ZAHEERABAD,2026-03-20,RX0001442,Metformin,30,30,0,0,FAC022,Dispensed
DSP0001078,PHP0000792,Naveen Patel,9538182112,Machara,2026-05-22,RX0001444,Paracetamol,5,30,0,0,FAC001,Dispensed
DSP0001079,PHP0000792,Naween Patel,9538182112,Macharam,2026-06-10,RX0001445,Paracetamol,5,30,0,0,FAC002,Dispensed
DSP0001080,PHP0000792,Naveen Patel,9538182112,Macharam,2026-06-12,RX0001445,Paracetamol,3,30,0,0,FAC002,Dispensed
DSP0001081,PHP0000793,Sai Begum,,Nermata,2026-03-02,RX0001447,Amlodipine,30,15,1,0,FAC014,Partially dispensed
DSP0001082,PHP0000794,Venkatesh Reddy,9489688435,Vemula,2026-01-10,RX0001448,Cetirizine,5,0,0,1,FAC009,Not dispensed due to stock
DSP0001083,PHP0000795,Padma Shekar,+91-93211-37035,Nermata,2026-01-16,RX0001449,Amlodipine,30,30,0,0,FAC015,Dispensed
DSP0001084,PHP0000795,Padma Shekar,+91-93211-37035,Nermat,2026-05-07,RX0001450,Amlodipine,30,30,0,0,FAC014,Dispensed
DSP0001085,PHP0000796,Raju Patel,9984170071,VEMULA,2026-06-28,RX0001452,Metformin,30,30,0,0,FAC009,Dispensed
DSP0001086,PHP0000797,Srilata Reddy,9564901185,MACHARAM,2026-07-24,RX0001453,Amlodipine,30,15,1,0,FAC001,Partially dispensed
DSP0001087,PHP0000798,Deepika Shekar,9196928623,Kalher,2026-01-13,RX0001454,Amlodipine,30,15,1,0,FAC020,Partially dispensed
DSP0001088,PHP0000799,Kvitha Mallaiah,9862772012,Mangalapally,2026-08-13,RX0001455,Amlodipine,30,30,0,0,FAC016,Dispensed
DSP0001089,PHP0000800,Lakshmi,9126633660,Vemula,2026-07-27,RX0001456,Cetirizine,5,15,0,0,FAC009,Dispensed
DSP0001090,PHP0000801,Lakshmi Basha,,Mogudampally,2026-01-12,RX0001457,Amoxicillin,5,30,0,0,FAC024,Dispensed
DSP0001091,PHP0000802,Naresh Mudiraj,9345352885,MANOOR,2026-03-27,RX0001460,Paracetamol,5,15,0,0,FAC020,Dispensed
DSP0001092,PHP0000803,Srinivas Naik,9959470861,Polepally,2026-01-28,RX0001462,Metformin,30,15,1,0,FAC002,Partially dispensed
DSP0001093,PHP0000804,Lalitha Krishna,,Nermata,2026-05-03,RX0001463,Metformin,30,15,1,0,FAC014,Partially dispensed
DSP0001094,PHP0000805,Naresh Mudiraj,9373447049,NOMULA,2026-02-03,RX0001465,Amoxicillin,5,15,0,0,FAC016,Dispensed
DSP0001095,PHP0000806,Rajesh Shekar,9670626498,Vemula,2026-05-07,RX0001466,Amoxicillin,5,15,0,0,FAC009,Dispensed
DSP0001096,PHP0000807,Vinod Shekar,9706900497,Kalher,2026-04-13,RX0001467,Paracetamol,5,30,0,0,FAC019,Dispensed
DSP0001097,PHP0000808,Mounika Yadav,9990858115,Gangapur,2026-05-22,RX0001468,Amlodipine,30,30,0,0,FAC001,Dispensed
DSP0001098,PHP0000809,Rajesh Khan,9920408308,Gundlapally,2026-06-20,RX0001469,Amlodipine,30,30,0,0,FAC011,Dispensed
DSP0001099,PHP0000810,Venkatesh Mudiraj,9774848248,Gundlapally,2026-05-08,RX0001471,Amlodipine,30,30,0,0,FAC012,Dispensed
DSP0001100,PHP0000810,Venkatesh Mudiraj,9774848248,Gundlapally,2026-05-30,RX0001472,Amlodipine,30,30,0,0,FAC011,Dispensed
DSP0001101,PHP0000810,Venkatesh Mudiraj,9774848248,Gundlapally,2026-05-28,RX0001472,Paracetamol,3,30,0,0,FAC011,Dispensed
DSP0001102,PHP0000811,Mahesh,9079903393,INDRESHAM,2026-03-09,RX0001474,Paracetamol,5,15,0,0,FAC027,Dispensed
DSP0001103,PHP0000812,Srinivas Chary,9651333112,Macharam,2026-07-17,RX0001475,Paracetamol,5,15,0,0,FAC001,Dispensed
DSP0001104,PHP0000812,Srinivas Chary,9651333112,Macharam,2026-07-22,RX0001475,Paracetamol,3,15,0,0,FAC001,Dispensed
DSP0001105,PHP0000813,Sai Patel,9776345366,Kummarikunta,2026-03-09,RX0001477,Amlodipine,30,30,0,0,FAC013,Dispensed
DSP0001106,PHP0000814,Sai Patel,9104640596,BALANAGAR,2026-07-30,RX0001478,Amlodipine,30,15,1,0,FAC005,Partially dispensed
DSP0001107,PHP0000815,Anjali Goud,9204878227,Bhanur,2026-01-16,RX0001481,Pantoprazole,10,30,0,0,FAC026,Dispensed
DSP0001108,PHP0000816,Srilatha Laxman,,Polepally,2026-05-28,RX0001482,Amlodipine,30,30,0,0,FAC003,Dispensed
DSP0001109,PHP0000817,Rani Krishna,9928359125,Balanagar,2026-04-17,RX0001483,Pantoprazole,10,15,0,0,FAC005,Dispensed
DSP0001110,PHP0000818,Anjali Chary,9812558149,PATANCHERU,2026-06-25,RX0001484,Paracetamol,5,15,0,0,FAC027,Dispensed
DSP0001111,PHP0000819,Kavitha,9385083311,Kohir,2026-05-15,RX0001485,Cetirizine,5,30,0,0,FAC024,Dispensed
DSP0001112,PHP0000819,Kavitha Khan,+91-93850-83311,Kohir,2026-06-26,RX0001486,Pantoprazole,10,15,0,0,FAC022,Dispensed
DSP0001113,PHP0000820,Mounika Rao,9662355008,Manoor,2026-05-06,RX0001488,Amoxicillin,5,30,0,0,FAC019,Dispensed
DSP0001114,PHP0000821,Shobha Patel,9458190833,CHANDUR,2026-02-11,RX0001489,Pantoprazole,10,30,0,0,FAC013,Dispensed
DSP0001115,PHP0000821,Shobha Patel,9458190833,Chandur,2026-06-24,RX0001490,Amlodipine,30,15,1,0,FAC014,Partially dispensed
DSP0001116,PHP0000822,Pravin Naik,9597848483,Kohir,2026-04-21,RX0001491,Paracetamol,5,30,0,0,FAC024,Dispensed
DSP0001117,PHP0000822,Praveen Naik,9597848483,Kohir,2026-07-22,RX0001492,Amlodipine,30,15,1,0,FAC022,Partially dispensed
DSP0001118,PHP0000823,Mounika Mudiraj,9241884268,Bhanur,2026-08-13,RX0001493,Paracetamol,3,15,0,0,FAC026,Dispensed
DSP0001119,PHP0000824,Arun Yadav,9398933132,Indresham,2026-06-30,RX0001496,Amlodipine,30,30,0,0,FAC025,Dispensed
DSP0001120,PHP0000824,Arun Yadav,9398933132,Indresham,2026-07-03,RX0001496,Paracetamol,3,15,0,0,FAC025,Dispensed
DSP0001121,PHP0000825,Kavitha Narsimha,9583657505,Nermata,2026-07-18,RX0001498,Amlodipine,30,15,1,0,FAC013,Partially dispensed
DSP0001122,PHP0000826,Raju Begum,9041894651,Nomula,2026-05-18,RX0001500,Amoxicillin,5,15,0,0,FAC017,Dispensed
DSP0001123,PHP0000827,Padma Chary,9996878585,Ameenpur,2026-04-04,RX0001501,Pantoprazole,10,15,0,0,FAC025,Dispensed
DSP0001124,PHP0000828,Divya Khan,+91-90962-64208,Balanagar,2026-06-18,RX0001502,Cetirizine,5,15,0,0,FAC005,Dispensed
DSP0001125,PHP0000829,Naveen Narsimha,9100482864,Kallepally,2026-08-04,RX0001503,Amlodipine,30,15,1,0,FAC006,Partially dispensed
DSP0001126,PHP0000830,Suresh Shekar,9199864424,Kohir,2026-07-12,RX0001504,Paracetamol,5,15,0,0,FAC022,Dispensed
DSP0001127,PHP0000830,Suresh Shekar,,Kohir,2026-07-10,RX0001504,Paracetamol,3,30,0,0,FAC022,Dispensed
DSP0001128,PHP0000831,Mohan Devi,9223304574,Kohir,2026-06-13,RX0001506,Metformin,30,15,1,0,FAC022,Partially dispensed
DSP0001129,PHP0000832,Ramesh Kumar,9987613498,Midjil,2026-07-16,RX0001508,Amlodipine,30,30,0,0,FAC007,Dispensed
DSP0001130,PHP0000833,Vinod Devi,+91-92422-49061,Kangti,2026-06-06,RX0001511,Paracetamol,5,15,0,0,FAC019,Dispensed
DSP0001131,PHP0000834,Deepika Khan,9339630005,Jharasangam,2026-02-04,RX0001512,Amoxicillin,5,30,0,0,FAC022,Dispensed
DSP0001132,PHP0000835,Naresh Reddy,,Kummarikunt,2026-03-14,RX0001513,Amlodipine,30,30,0,0,FAC014,Dispensed
DSP0001133,PHP0000835,Naresh Reddy,9739158447,Kummarikunta,2026-03-14,RX0001513,Paracetamol,3,15,0,0,FAC014,Dispensed
DSP0001134,PHP0000835,Naresh Reddy,9739158447,Kummarikunta,2026-08-15,RX0001515,Amlodipine,30,30,0,0,FAC014,Dispensed
DSP0001135,PHP0000836,Arun Mallaiah,9834917290,Donur,2026-06-13,RX0001516,Paracetamol,5,15,0,0,FAC008,Dispensed
DSP0001136,PHP0000836,Arun Mallaiah,9834917290,Donur,2026-06-11,RX0001516,Paracetamol,3,15,0,0,FAC008,Dispensed
DSP0001137,PHP0000836,Arun Mallaiah,9834917290,Donur,2026-08-14,RX0001518,Paracetamol,5,15,0,0,FAC009,Dispensed
DSP0001138,PHP0000837,Renuka Jangam,9098597493,Gangapu,2026-04-27,RX0001519,Paracetamol,5,15,0,0,FAC003,Dispensed
DSP0001139,PHP0000838,Padma Khan,9298599250,Bodajanampet,2026-06-02,RX0001520,Pantoprazole,10,30,0,0,FAC004,Dispensed
DSP0001140,PHP0000839,Renuka Das,9142037456,Devarakonda,2026-06-11,RX0001521,Amlodipine,30,15,1,0,FAC012,Partially dispensed
DSP0001141,PHP0000839,Renuka Das,9142037456,Devarakond,2026-06-13,RX0001521,Metformin,30,30,0,0,FAC012,Dispensed
DSP0001142,PHP0000839,Renuka Das,9142037456,Devarakonda,2026-06-13,RX0001521,Paracetamol,3,15,0,0,FAC012,Dispensed
DSP0001143,PHP0000840,Bhavani Reddy,9259837291,Kallepalli,2026-03-07,RX0001524,Cetirizine,5,30,0,0,FAC005,Dispensed
DSP0001144,PHP0000841,Mohn Devi,9976210448,Devarakonda,2026-08-02,RX0001527,Amoxicillin,5,15,1,1,FAC010,Partially dispensed
DSP0001145,PHP0000842,Nirmala Kumar,9112332653,Nermata,2026-02-19,RX0001528,Metformin,30,15,1,0,FAC013,Partially dispensed
DSP0001146,PHP0000842,Nirmala Kumar,9112332653,Nermata,2026-07-03,RX0001530,Amlodipine,30,30,0,0,FAC015,Dispensed
DSP0001147,PHP0000842,Neermala Kumar,9112337653,Nermata,2026-07-05,RX0001530,Paracetamol,3,30,0,0,FAC015,Dispensed
DSP0001148,PHP0000843,Renuka Mudiraj,9429537549,Kohir,2026-02-04,RX0001532,Pantoprazole,10,15,0,0,FAC023,Dispensed
DSP0001149,PHP0000843,Renuka Mudiraj,9429537549,Kohir,2026-02-14,RX0001533,Pantoprazole,10,15,0,0,FAC023,Dispensed
DSP0001150,PHP0000843,Renuka Mudiraj,9429537549,Kohir,2026-02-12,RX0001533,Paracetamol,3,30,0,0,FAC023,Dispensed
DSP0001151,PHP0000844,Sushma Mudiraj,9673759048,Balanagar,2026-06-03,RX0001537,Amlodipine,30,30,0,0,FAC005,Dispensed
DSP0001152,PHP0000845,Nirmala Laxman,9098648796,Kummarikunta,2026-05-16,RX0001538,Pantoprazole,10,15,0,0,FAC014,Dispensed
DSP0001153,PHP0000846,Sai Chary,9560071683,Marrur,2026-01-17,RX0001541,Paracetamol,5,15,0,0,FAC017,Dispensed
DSP0001154,PHP0000847,Srilatha Reddy,9338090114,Midjil,2026-06-19,RX0001542,Amlodipine,30,30,0,0,FAC009,Dispensed
DSP0001155,PHP0000848,Padma Reddy,+91-97098-12778,Jharasangam,2026-02-15,RX0001544,Amoxicillin,5,30,0,0,FAC024,Dispensed
DSP0001156,PHP0000849,Santosh Kumar,9862928668,Patancheru,2026-01-24,RX0001545,Amlodipine,30,15,1,0,FAC027,Partially dispensed
DSP0001157,PHP0000850,Srinivas Reddy,9287278807,Indresham,2026-06-27,RX0001546,Pantoprazole,10,30,0,0,FAC025,Dispensed
DSP0001158,PHP0000851,Venkatesh Kumar,9750405476,Rajapur,2026-07-18,RX0001547,Paracetamol,5,15,0,0,FAC005,Dispensed
DSP0001159,PHP0000851,Venkatesh Kumar,9750405476,Rajapur,2026-07-22,RX0001547,Paracetamol,3,30,0,0,FAC005,Dispensed
DSP0001160,PHP0000851,Venkatesh,,Rajapur,2026-08-12,RX0001549,Amlodipine,30,30,0,0,FAC006,Dispensed
DSP0001161,PHP0000852,Suresh Reddy,9469594937,Nermata,2026-07-19,RX0001550,Pantoprazole,10,15,0,0,FAC014,Dispensed
DSP0001162,PHP0000853,Suresh Mallaiah,9131070236,Zaheerabad,2026-08-05,RX0001552,Cetirizine,5,30,0,0,FAC022,Dispensed
DSP0001163,PHP0000853,Suresh Mallaiah,,Zaheerabad,2026-08-04,RX0001552,Paracetamol,3,15,0,0,FAC022,Dispensed
DSP0001164,PHP0000854,Ramesh Kumar,9459590482,Mogudampally,2026-03-01,RX0001554,Paracetamol,3,15,0,0,FAC024,Dispensed
DSP0001165,PHP0000855,Raghav Narsimha,9522803205,Indresha,2026-01-29,RX0001556,Paracetamol,5,15,0,0,FAC026,Dispensed
DSP0001166,PHP0000856,Jyothi Yadav,,NAKREKAL,2026-07-25,RX0001558,Amoxicillin,5,15,0,0,FAC016,Dispensed
DSP0001167,PHP0000857,Srinivas Krishna,+91-97054-45623,Narayankhed,2026-06-20,RX0001560,Amlodipine,30,30,0,0,FAC019,Dispensed
DSP0001168,PHP0000858,Kvitha Das,9516463440,Kummarikunt,2026-01-30,RX0001562,Metformin,30,30,0,0,FAC013,Dispensed
DSP0001169,PHP0000859,Naresh Rao,9613534083,Bhanur,2026-03-10,RX0001563,Amlodipine,30,15,1,0,FAC027,Partially dispensed
DSP0001170,PHP0000860,Praveen Das,9841444664,Bangarigadda,2026-06-14,RX0001564,Amlodipine,30,30,0,0,FAC015,Dispensed
DSP0001171,PHP0000860,Praveen Das,9841444664,Bangarigadda,2026-08-11,RX0001565,Pantoprazole,10,30,0,0,FAC015,Dispensed
DSP0001172,PHP0000861,Mounika Krishna,9368455355,Indresham,2026-06-07,RX0001566,Amlodipine,30,15,1,0,FAC025,Partially dispensed
DSP0001173,PHP0000862,Srinivas Naik,9532868642,Jharasangam,2026-03-19,RX0001567,Paracetamol,5,15,0,0,FAC023,Dispensed
DSP0001174,PHP0000863,Shobha Patel,+91-93194-14135,Manoor,2026-05-03,RX0001568,Pantoprazole,10,30,0,0,FAC020,Dispensed
DSP0001175,PHP0000864,Mounika Chary,9244340107,Nermata,2026-04-06,RX0001569,Amoxicillin,5,30,0,0,FAC013,Dispensed
DSP0001176,PHP0000865,Lalitha Devi,9405015204,Gundlapall,2026-04-20,RX0001572,Pantoprazole,10,30,0,0,FAC010,Dispensed
DSP0001177,PHP0000866,Ravi Basha,9397327139,MOGUDAMPALLY,2026-02-11,RX0001573,Paracetamol,5,15,0,0,FAC024,Dispensed
DSP0001178,PHP0000867,Swathi Chary,9365163991,Kondamallepally,2026-06-27,RX0001574,Amoxicillin,5,30,0,0,FAC010,Dispensed
DSP0001179,PHP0000868,Santosh Devi,9210592445,Bodajanampet,2026-05-05,RX0001575,Paracetamol,5,15,0,0,FAC004,Dispensed
DSP0001180,PHP0000869,Rjesh Yadav,9001776639,Bodajanampet,2026-03-10,RX0001576,Cetirizine,5,15,0,0,FAC004,Dispensed
DSP0001181,PHP0000869,Rajesh Yadav,9001776639,Bodajanampe,2026-03-06,RX0001576,Paracetamol,3,15,0,0,FAC004,Dispensed
DSP0001182,PHP0000870,Padma Basha,,Marrur,2026-04-12,RX0001578,Metformin,30,15,1,0,FAC018,Partially dispensed
DSP0001183,PHP0000871,Ramesh Begum,9180937355,Kangti,2026-03-05,RX0001580,Metformin,30,30,0,0,FAC019,Dispensed
DSP0001184,PHP0000872,Suresh Rao,+91-92663-59852,Zaheerabad,2026-04-30,RX0001581,Cetirizine,5,15,0,0,FAC022,Dispensed
DSP0001185,PHP0000873,Srinivas Yadav,9196906442,Nermat,2026-01-27,RX0001582,Paracetamol,3,0,0,1,FAC013,Not dispensed due to stock
DSP0001186,PHP0000874,Shobha Chary,9588047007,Balanagar,2026-05-31,RX0001585,Pantoprazole,10,15,0,0,FAC004,Dispensed
DSP0001187,PHP0000875,Lalitha Basha,9970810894,Jharasangam,2026-06-28,RX0001588,Paracetamol,5,15,0,0,FAC024,Dispensed
DSP0001188,PHP0000876,Naresh Begum,9872183605,Bodajanampet,2026-05-08,RX0001590,Amlodipine,30,30,0,0,FAC004,Dispensed
DSP0001189,PHP0000877,Saritha,+91-95593-49913,Mogudampally,2026-02-06,RX0001591,Amlodipine,30,30,0,0,FAC024,Dispensed
DSP0001190,PHP0000877,Saritha Shekar,9559349913,Mogudampally,2026-02-10,RX0001591,Paracetamol,3,30,0,0,FAC024,Dispensed
DSP0001191,PHP0000877,Saritha Shekar,9559349913,Mogudampally,2026-04-05,RX0001593,Amoxicillin,5,30,0,0,FAC024,Dispensed
DSP0001192,PHP0000878,Sai Reddy,9813257692,Kummarikunta,2026-06-28,RX0001595,Metformin,30,30,0,0,FAC014,Dispensed
DSP0001193,PHP0000879,Ravi Laxman,9830177445,Kallepally,2026-01-24,RX0001597,Metformin,30,15,1,0,FAC006,Partially dispensed
DSP0001194,PHP0000879,Ravee Laxman,,Kallepally,2026-03-17,RX0001600,Metformin,30,15,1,0,FAC006,Partially dispensed
DSP0001195,PHP0000880,Suresh Patel,9790656676,GUNDLAPALLY,2026-08-02,RX0001602,Pantoprazole,10,30,0,0,FAC010,Dispensed
DSP0001196,PHP0000881,nil Goud,+91-94794-06832,Gangapur,2026-05-24,RX0001603,Cetirizine,5,15,0,0,FAC002,Dispensed
DSP0001197,PHP0000882,Anjali Patel,9954792582,Rajapur,2026-06-09,RX0001604,Paracetamol,5,15,0,0,FAC005,Dispensed
DSP0001198,PHP0000883,Anjali Begum,9248529644,Jharasangam,2026-03-18,RX0001605,Amlodipine,30,15,1,0,FAC024,Partially dispensed
DSP0001199,PHP0000884,Ramesh Dewi,9736910956,Rajapur,2026-03-04,RX0001606,Cetirizine,5,0,0,1,FAC006,Not dispensed due to stock
DSP0001200,PHP0000885,Deepeeka Devi,9002851011,Zaheerabad,2026-02-18,RX0001607,Paracetamol,3,15,0,0,FAC024,Dispensed
DSP0001201,PHP0000885,Deepika Devi,9002851011,Zaheerabad,2026-04-20,RX0001609,Amoxicillin,5,30,0,0,FAC023,Dispensed
DSP0001202,PHP0000885,Deepika Devi,9002851011,Zaheerabad,2026-07-18,RX0001610,Pantoprazole,10,30,0,0,FAC023,Dispensed
DSP0001203,PHP0000886,Bhavani Begum,9776107678,Bodajanampet,2026-06-09,RX0001611,Metformin,30,15,1,0,FAC005,Partially dispensed
DSP0001204,PHP0000886,Bhavani Begum,9776107648,Bodajanampet,2026-08-11,RX0001612,Paracetamol,3,15,0,0,FAC006,Dispensed
DSP0001205,PHP0000887,Renuka Naik,+91-94783-41632,JHARASANGAM,2026-07-03,RX0001614,Cetirizine,5,15,0,0,FAC022,Dispensed
DSP0001206,PHP0000887,Renuka Naik,9478341632,Jharasangam,2026-07-02,RX0001614,Paracetamol,3,30,0,0,FAC022,Dispensed
DSP0001207,PHP0000888,Suresh Narsimha,9522728346,Kummarikunta,2026-08-08,RX0001617,Cetirizine,5,15,0,0,FAC015,Dispensed
DSP0001208,PHP0000889,Rawi Narsimha,9633751537,Midjil,2026-07-05,RX0001618,Amlodipine,30,30,0,0,FAC009,Dispensed
DSP0001209,PHP0000890,Renuka Basha,9858126054,Kangti,2026-02-13,RX0001619,Amoxicillin,5,30,1,1,FAC020,Partially dispensed
DSP0001210,PHP0000891,Deepika Reddy,+91-95465-25028,Marrur,2026-06-07,RX0001621,Pantoprazole,10,15,0,0,FAC016,Dispensed
DSP0001211,PHP0000892,Rajesh Laxman,9517097552,Macharam,2026-03-04,RX0001622,Paracetamol,5,15,0,0,FAC003,Dispensed
DSP0001212,PHP0000893,Divy Reddy,9630196600,Donur,2026-02-25,RX0001623,Amlodipine,30,15,1,0,FAC009,Partially dispensed
DSP0001213,PHP0000894,Naveen Krishna,9291739540,Narayankhed,2026-02-12,RX0001624,Pantoprazole,10,30,0,0,FAC019,Dispensed
DSP0001214,PHP0000894,Naveen Krishna,,Narayankhed,2026-04-13,RX0001625,Amlodipine,30,30,0,0,FAC021,Dispensed
DSP0001215,PHP0000894,Naween Krishna,9291739540,Narayankhed,2026-04-16,RX0001625,Metformin,30,15,1,0,FAC021,Partially dispensed
DSP0001216,PHP0000895,Deepika Devi,9955353219,KANGTI,2026-06-07,RX0001627,Pantoprazole,10,15,0,0,FAC020,Dispensed
DSP0001217,PHP0000896,Ramesh,9816632876,Midjil,2026-02-11,RX0001628,Paracetamol,5,30,0,0,FAC007,Dispensed
DSP0001218,PHP0000897,Kavitha Krishna,,Manoor,2026-05-08,RX0001629,Cetirizine,5,30,0,0,FAC020,Dispensed
DSP0001219,PHP0000897,Kavitha Krishna,9609978082,Manoor,2026-05-25,RX0001630,Metformin,30,15,1,0,FAC021,Partially dispensed
DSP0001220,PHP0000898,Praveen,+91-96629-05690,Donur,2026-07-18,RX0001631,Cetirizine,5,30,0,0,FAC008,Dispensed
DSP0001221,PHP0000899,Naresh Narsimha,9211337500,Bhanur,2026-01-06,RX0001632,Amlodipine,30,15,1,0,FAC027,Partially dispensed
DSP0001222,PHP0000900,Naresh Yadav,9348976864,Jharasangam,2026-01-27,RX0001634,Pantoprazole,10,30,0,0,FAC024,Dispensed
DSP0001223,PHP0000901,Naresh Mudiraj,9825738604,Indresham,2026-01-03,RX0001636,Pantoprazole,10,15,0,0,FAC027,Dispensed
DSP0001224,PHP0000901,Naresh Mudiraj,9825738604,Indresham,2026-04-23,RX0001637,Metformin,30,30,0,0,FAC025,Dispensed
DSP0001225,PHP0000902,Anitha Laxman,9993287248,Machara,2026-01-26,RX0001640,Paracetamol,5,15,0,0,FAC002,Dispensed
DSP0001226,PHP0000903,Aneel Rao,9072398106,Midjil,2026-04-27,RX0001642,Amlodipine,30,15,1,0,FAC008,Partially dispensed
DSP0001227,PHP0000904,Renuka Kumar,9299083718,Mangalapally,2026-07-27,RX0001644,Cetirizine,5,30,0,0,FAC016,Dispensed
DSP0001228,PHP0000905,Kavitha Narsimha,9534873713,Kummarikunta,2026-02-03,RX0001646,Pantoprazole,10,30,0,0,FAC013,Dispensed
DSP0001229,PHP0000905,Kavitha Narsimha,9934873713,Kummarikunta,2026-04-27,RX0001647,Cetirizine,5,30,0,0,FAC013,Dispensed
DSP0001230,PHP0000905,Kavitha Narsimha,9934873713,Kummarikunta,2026-04-22,RX0001647,Paracetamol,3,15,0,0,FAC013,Dispensed
DSP0001231,PHP0000906,Praveen Reddy,9891309375,Bodajanampet,2026-05-31,RX0001651,Amlodipine,30,30,0,0,FAC004,Dispensed
DSP0001232,PHP0000907,Sai Mallaiah,9253170989,Nomula,2026-03-26,RX0001652,Pantoprazole,10,0,0,1,FAC018,Not dispensed due to stock
DSP0001233,PHP0000907,Sai Mallaiah,9253170989,NOMULA,2026-04-13,RX0001653,Amlodipine,30,30,0,0,FAC018,Dispensed
DSP0001234,PHP0000908,Shankar Narseemha,9580820373,Narayankhed,2026-01-23,RX0001654,Cetirizine,5,15,0,0,FAC021,Dispensed
DSP0001235,PHP0000909,Ravi Krishna,9771276320,Kalher,2026-03-08,RX0001655,Metformin,30,30,0,0,FAC021,Dispensed
DSP0001236,PHP0000910,Rghav Shekar,9975544749,Gangapur,2026-08-18,RX0001658,Cetirizine,5,15,0,0,FAC001,Dispensed
DSP0001237,PHP0000911,Harika Rao,9015526085,Zaheerabad,2026-07-09,RX0001659,Amlodipine,30,30,0,0,FAC024,Dispensed
DSP0001238,PHP0000912,Anjali Rao,+91-90033-92391,Donur,2026-04-22,RX0001662,Paracetamol,5,30,0,0,FAC007,Dispensed
DSP0001239,PHP0000913,Saritha Basha,9384846159,ZAHEERABAD,2026-05-03,RX0001664,Cetirizine,5,30,0,0,FAC022,Dispensed
DSP0001240,PHP0000914,Vinod Kumar,9750359927,Indresham,2026-01-26,RX0001665,Cetirizine,5,15,0,0,FAC025,Dispensed
DSP0001241,PHP0000915,Jyothi Basha,9106931113,Bodajanampet,2026-06-01,RX0001666,Cetirizine,5,30,0,0,FAC006,Dispensed
DSP0001242,PHP0000916,Mohan Narsimha,9160095083,JHARASANGAM,2026-03-29,RX0001667,Cetirizine,5,15,0,0,FAC022,Dispensed
DSP0001243,PHP0000917,Raju Naik,9410839214,Kalher,2026-05-25,RX0001668,Amlodipine,30,30,0,0,FAC019,Dispensed
DSP0001244,PHP0000918,Kavitha Jangam,9133168513,Kondamallepally,2026-03-11,RX0001671,Amlodipine,30,15,1,0,FAC011,Partially dispensed
DSP0001245,PHP0000918,Kavitha Jangam,9133168513,Kondamallepall,2026-06-03,RX0001673,Amlodipine,30,0,0,1,FAC010,Not dispensed due to stock
DSP0001246,PHP0000918,Kavitha Jangam,9133168513,Kondamallepally,2026-07-24,RX0001675,Amlodipine,30,15,1,0,FAC010,Partially dispensed
DSP0001247,PHP0000919,Praveen Patel,9456902653,Kohir,2026-04-16,RX0001677,Pantoprazole,10,30,0,0,FAC023,Dispensed
DSP0001248,PHP0000920,Anita Narsimha,9040247420,Balanagar,2026-05-19,RX0001679,Paracetamol,5,30,0,0,FAC005,Dispensed
DSP0001249,PHP0000921,Swathi Shekar,9848143330,Nomula,2026-08-02,RX0001680,Metformin,30,30,0,0,FAC017,Dispensed
DSP0001250,PHP0000922,Shankar,9407511725,Mogudampalli,2026-07-12,RX0001681,Metformin,30,30,0,0,FAC022,Dispensed
DSP0001251,PHP0000923,Srilatha Narsimha,9610086474,Patancheru,2026-05-19,RX0001682,Paracetamol,5,30,0,0,FAC025,Dispensed
DSP0001252,PHP0000924,Shobha Mudiraj,9793502995,Badepally,2026-04-30,RX0001683,Metformin,30,15,1,0,FAC003,Partially dispensed
DSP0001253,PHP0000924,Shobha Mudeeraj,9793502995,Badepally,2026-07-16,RX0001684,Cetirizine,5,30,0,0,FAC001,Dispensed
DSP0001254,PHP0000925,Srilatha Laxman,+91-94000-58453,Nomul,2026-06-17,RX0001686,Amlodipine,30,15,1,0,FAC016,Partially dispensed
DSP0001255,PHP0000925,Srilatha Laxman,9400058453,NOMULA,2026-06-15,RX0001686,Paracetamol,3,30,0,0,FAC016,Dispensed
DSP0001256,PHP0000926,Mahesh Jangam,9407144913,Ameenpur,2026-07-06,RX0001688,Paracetamol,5,30,0,0,FAC027,Dispensed
DSP0001257,PHP0000927,Swathi Rao,+91-92716-95497,Gangapur,2026-03-21,RX0001689,Metformin,30,15,1,0,FAC003,Partially dispensed
DSP0001258,PHP0000927,Swathi Rao,9271695497,Gangapur,2026-05-31,RX0001690,Metformin,30,15,1,0,FAC001,Partially dispensed
DSP0001259,PHP0000928,Swathi Naik,9686932604,KOHIR,2026-08-03,RX0001693,Amlodipine,30,15,1,1,FAC023,Partially dispensed
DSP0001260,PHP0000929,Raghav Basha,9572779547,Velpula,2026-04-18,RX0001694,Metformin,30,0,0,1,FAC008,Not dispensed due to stock
DSP0001261,PHP0000929,Raghav Basha,9572779547,Velpula,2026-05-05,RX0001695,Pantoprazole,10,30,0,0,FAC007,Dispensed
DSP0001262,PHP0000930,Padma Chary,,Peddadinne,2026-08-13,RX0001696,Pantoprazole,10,30,0,0,FAC012,Dispensed
DSP0001263,PHP0000931,Lakshmi Khan,,Kallepally,2026-05-14,RX0001697,Metformin,30,15,1,0,FAC004,Partially dispensed
DSP0001264,PHP0000932,Raghav Laxman,9959345698,INDRESHAM,2026-02-15,RX0001698,Amlodipine,30,15,1,0,FAC025,Partially dispensed
DSP0001265,PHP0000932,Raghav Laxman,+91-99593-45618,Indresham,2026-02-12,RX0001698,Metformin,30,15,1,0,FAC025,Partially dispensed
DSP0001266,PHP0000933,Jyothi Goud,9752457299,Bhanur,2026-07-12,RX0001700,Paracetamol,5,30,0,0,FAC025,Dispensed
DSP0001267,PHP0000934,Harika Das,9065394507,JHARASANGAM,2026-02-20,RX0001701,Amlodipine,30,30,0,0,FAC024,Dispensed
DSP0001268,PHP0000934,Harika Das,9065394507,Jharasangam,2026-02-20,RX0001701,Paracetamol,3,30,0,0,FAC024,Dispensed
DSP0001269,PHP0000935,Saritha Goud,9213173649,Polepalli,2026-03-25,RX0001703,Amlodipine,30,30,0,0,FAC001,Dispensed
DSP0001270,PHP0000936,Anjali Yadav,9912717659,CHANDUR,2026-07-11,RX0001708,Metformin,30,15,1,0,FAC013,Partially dispensed
DSP0001271,PHP0000937,Venkatesh Das,9228627378,Gundlapally,2026-06-02,RX0001709,Pantoprazole,10,15,0,0,FAC012,Dispensed
DSP0001272,PHP0000938,Vinod,9410452274,Gundlapally,2026-06-03,RX0001710,Paracetamol,3,30,0,0,FAC011,Dispensed
DSP0001273,PHP0000938,Vinod Basha,9410452274,Gundlapally,2026-07-02,RX0001712,Amlodipine,30,30,0,0,FAC012,Dispensed
DSP0001274,PHP0000939,Sai Jangam,9737994523,Kangti,2026-05-25,RX0001713,Pantoprazole,10,30,1,1,FAC019,Partially dispensed
DSP0001275,PHP0000940,Nirmala Krishna,9322828517,Rajapur,2026-02-10,RX0001714,Metformin,30,15,1,0,FAC004,Partially dispensed
DSP0001276,PHP0000940,Nirmala Krishna,+91-93228-28517,RAJAPUR,2026-02-08,RX0001714,Paracetamol,3,15,0,0,FAC004,Dispensed
DSP0001277,PHP0000941,Deepika Goud,9184933758,Kallepally,2026-08-02,RX0001717,Metformin,30,30,0,0,FAC004,Dispensed
DSP0001278,PHP0000942,Anil Yadav,+91-94988-36636,KOHIR,2026-05-07,RX0001718,Pantoprazole,10,15,0,0,FAC024,Dispensed
DSP0001279,PHP0000943,Shobha Reddy,9581518910,Nakrekal,2026-06-20,RX0001720,Amlodipine,30,15,1,0,FAC017,Partially dispensed
DSP0001280,PHP0000943,Shobha Reddy,9581518910,Nakrekal,2026-06-21,RX0001720,Paracetamol,3,15,0,0,FAC017,Dispensed
DSP0001281,PHP0000944,Venkatesh Mudiraj,9437075587,BODAJANAMPET,2026-07-23,RX0001723,Pantoprazole,10,30,0,0,FAC005,Dispensed
DSP0001282,PHP0000944,Venkatesh Mudiraj,9437075587,BODAJANAMPET,2026-07-19,RX0001723,Paracetamol,3,30,0,0,FAC005,Dispensed
DSP0001283,PHP0000945,Lalitha Mallaiah,,Kalher,2026-01-21,RX0001725,Pantoprazole,10,30,0,0,FAC021,Dispensed
DSP0001284,PHP0000945,Lalitha Mallaiah,9714474235,Kalher,2026-06-09,RX0001726,Paracetamol,5,15,0,0,FAC021,Dispensed
DSP0001285,PHP0000945,Lalitha Mallaiah,9714477235,Kalher,2026-07-12,RX0001727,Amoxicillin,5,30,0,0,FAC021,Dispensed
DSP0001286,PHP0000946,Mounika Yadav,9338910461,Mogudampally,2026-01-25,RX0001728,Cetirizine,5,15,0,0,FAC023,Dispensed
DSP0001287,PHP0000947,Divya Devi,9681947399,Nakrekal,2026-05-29,RX0001729,Amoxicillin,5,15,0,0,FAC018,Dispensed
DSP0001288,PHP0000948,Ravi Goud,9082733944,Kondamallepally,2026-01-19,RX0001730,Paracetamol,5,15,0,0,FAC010,Dispensed
DSP0001289,PHP0000948,Ravi Goud,9082733944,Kondamallepally,2026-01-28,RX0001731,Amoxicillin,5,15,0,0,FAC010,Dispensed
DSP0001290,PHP0000949,Sushma Yadav,,NERMATA,2026-03-19,RX0001732,Paracetamol,5,30,0,0,FAC015,Dispensed
DSP0001291,PHP0000950,Naveen Chary,9247348749,Kohir,2026-07-01,RX0001733,Amoxicillin,5,15,0,0,FAC022,Dispensed
DSP0001292,PHP0000951,Padma Begum,9181077713,Mogudampally,2026-08-12,RX0001734,Amlodipine,30,0,0,1,FAC023,Not dispensed due to stock
DSP0001293,PHP0000952,Sushm Kumar,9875236726,Vemula,2026-07-10,RX0001735,Cetirizine,5,15,0,0,FAC009,Dispensed
DSP0001294,PHP0000953,Swathi Das,9482304627,Nermata,2026-03-05,RX0001740,Paracetamol,3,30,0,0,FAC015,Dispensed
DSP0001295,PHP0000954,Vinod Shekar,9300318479,Kohir,2026-06-07,RX0001742,Amlodipine,30,30,0,0,FAC022,Dispensed
DSP0001296,PHP0000955,Shankar Chary,+91-98626-81062,Bangarigadda,2026-07-31,RX0001743,Cetirizine,5,30,0,0,FAC013,Dispensed
DSP0001297,PHP0000956,Raju Jangam,,Mangalapalli,2026-06-27,RX0001744,Amlodipine,30,15,1,0,FAC017,Partially dispensed
DSP0001298,PHP0000956,Raju Jangam,9327505163,Mangalapally,2026-07-02,RX0001744,Metformin,30,30,0,0,FAC017,Dispensed
DSP0001299,PHP0000957,Anitha Mallaiah,9140697979,Zaheerabad,2026-03-25,RX0001747,Amlodipine,30,30,0,0,FAC022,Dispensed
DSP0001300,PHP0000958,Padma Shekar,9110410815,Mogudampally,2026-01-14,RX0001748,Metformin,30,15,1,0,FAC024,Partially dispensed
DSP0001301,PHP0000958,Padma Shekar,9110410815,Mogudampally,2026-01-18,RX0001748,Paracetamol,3,15,0,0,FAC024,Dispensed
DSP0001302,PHP0000959,Arun Shekar,9778230026,Devarakonda,2026-08-15,RX0001752,Amoxicillin,5,15,0,0,FAC010,Dispensed
DSP0001303,PHP0000960,Jyoti Krishna,9079760007,Narayankhed,2026-02-28,RX0001753,Amlodipine,30,15,1,0,FAC020,Partially dispensed
DSP0001304,PHP0000961,Venkatesh Khan,9802598768,Velpula,2026-07-18,RX0001755,Amoxicillin,5,30,0,0,FAC007,Dispensed
DSP0001305,PHP0000962,Ravi Basha,9195353324,Kangti,2026-08-02,RX0001756,Pantoprazole,10,15,0,0,FAC020,Dispensed
DSP0001306,PHP0000963,Sushma,,Donur,2026-05-10,RX0001758,Amlodipine,30,30,0,0,FAC008,Dispensed
DSP0001307,PHP0000963,Sushma Das,9304206100,Donur,2026-05-06,RX0001758,Metformin,30,15,1,0,FAC008,Partially dispensed
DSP0001308,PHP0000964,Swathi Jangam,9379409894,MANGALAPALLY,2026-05-08,RX0001761,Amlodipine,30,15,1,0,FAC016,Partially dispensed
DSP0001309,PHP0000965,Suresh Patel,9274284774,AMEENPUR,2026-01-18,RX0001763,Paracetamol,5,30,0,0,FAC027,Dispensed
DSP0001310,PHP0000965,Suresh Patel,9274284774,AMEENPUR,2026-01-14,RX0001763,Paracetamol,3,15,0,0,FAC027,Dispensed
DSP0001311,PHP0000966,Shnkar Rao,9012898009,MANOOR,2026-07-23,RX0001767,Metformin,30,15,1,0,FAC021,Partially dispensed
DSP0001312,PHP0000967,Naveen Shekar,+91-93478-63333,MIDJIL,2026-04-03,RX0001768,Pantoprazole,10,15,0,0,FAC008,Dispensed
DSP0001313,PHP0000967,Naveen Shekar,9347863333,Midji,2026-04-03,RX0001768,Paracetamol,3,15,0,0,FAC008,Dispensed
DSP0001314,PHP0000968,Srinivas Basha,9098066550,AMEENPUR,2026-06-25,RX0001770,Pantoprazole,10,15,0,0,FAC026,Dispensed
DSP0001315,PHP0000968,Srinivas Basha,9098066550,Ameenpur,2026-06-27,RX0001770,Paracetamol,3,15,0,0,FAC026,Dispensed
DSP0001316,PHP0000968,Srinivas Basha,,Ameenpur,2026-07-30,RX0001772,Amoxicillin,5,30,0,0,FAC027,Dispensed
DSP0001317,PHP0000969,Mohan Narsimha,9272987747,MANOOR,2026-03-04,RX0001773,Pantoprazole,10,15,0,0,FAC019,Dispensed
DSP0001318,PHP0000969,Mohan Narsimha,9270987747,Manoor,2026-03-05,RX0001773,Paracetamol,3,30,0,0,FAC019,Dispensed
DSP0001319,PHP0000970,Raghav Reddy,9877985638,Marrur,2026-03-17,RX0001776,Metformin,30,30,0,0,FAC018,Dispensed
DSP0001320,PHP0000971,Santosh Patel,,Bodajanampet,2026-01-23,RX0001777,Amlodipine,30,30,0,0,FAC005,Dispensed
DSP0001321,PHP0000972,Raju Patel,+91-97160-76503,Devarakonda,2026-03-15,RX0001779,Paracetamol,5,30,0,0,FAC011,Dispensed
DSP0001322,PHP0000972,Raju Patel,9716076503,Devarakonda,2026-08-10,RX0001780,Paracetamol,5,30,0,0,FAC010,Dispensed
DSP0001323,PHP0000972,Raju Patel,,Devarakonda,2026-08-08,RX0001780,Paracetamol,3,15,0,0,FAC010,Dispensed
DSP0001324,PHP0000973,Arun Khan,9162143137,Bangarigadda,2026-01-28,RX0001783,Cetirizine,5,15,0,0,FAC015,Dispensed
DSP0001325,PHP0000974,Nirmala Krishna,9322532179,Polepally,2026-07-02,RX0001784,Paracetamol,3,30,0,0,FAC001,Dispensed
DSP0001326,PHP0000974,Nirmala Krishna,9322532179,Polepalli,2026-08-09,RX0001786,Amoxicillin,5,15,0,0,FAC001,Dispensed
DSP0001327,PHP0000975,Srilatha Rao,9845378837,Nomul,2026-04-13,RX0001787,Pantoprazole,10,30,0,0,FAC018,Dispensed
DSP0001328,PHP0000975,Srilatha Rao,9845378837,Nomula,2026-04-10,RX0001787,Paracetamol,3,15,0,0,FAC018,Dispensed
DSP0001329,PHP0000976,Mohn Mudiraj,9428955748,Kangti,2026-02-08,RX0001789,Cetirizine,5,15,0,0,FAC019,Dispensed
DSP0001330,PHP0000977,Sushma Yadav,9118710881,Bodajanampet,2026-01-28,RX0001790,Cetirizine,5,0,0,1,FAC005,Not dispensed due to stock
DSP0001331,PHP0000978,Jyothi Khan,+91-93097-66629,DONUR,2026-03-24,RX0001791,Pantoprazole,10,15,0,0,FAC009,Dispensed
DSP0001332,PHP0000979,Padma Mudiraj,9033441239,Kondamallepally,2026-07-10,RX0001792,Paracetamol,5,15,0,0,FAC012,Dispensed
DSP0001333,PHP0000979,Pdma Mudiraj,9033441239,Kondamallepally,2026-07-09,RX0001792,Paracetamol,3,15,0,0,FAC012,Dispensed
DSP0001334,PHP0000980,Mounika Khan,,Indresham,2026-07-21,RX0001794,Cetirizine,5,30,0,0,FAC025,Dispensed
DSP0001335,PHP0000981,Raghaw Devi,+91-92284-37024,Kohir,2026-03-12,RX0001795,Amlodipine,30,15,1,0,FAC022,Partially dispensed
DSP0001336,PHP0000982,Shnkar Rao,9904483699,Peddadinne,2026-06-10,RX0001796,Pantoprazole,10,15,0,0,FAC012,Dispensed
DSP0001337,PHP0000982,Shankar Rao,+91-99044-83699,PEDDADINNE,2026-06-30,RX0001797,Amoxicillin,5,15,0,0,FAC012,Dispensed
DSP0001338,PHP0000983,Mounika Patel,9030507140,Jharasangam,2026-07-02,RX0001798,Amoxicillin,5,30,0,0,FAC022,Dispensed
DSP0001339,PHP0000983,Mounika Patel,9030507140,Jharasangam,2026-07-28,RX0001799,Cetirizine,5,15,0,0,FAC023,Dispensed
DSP0001340,PHP0000984,Kiran Jangam,9764073784,Narayankhed,2026-02-11,RX0001800,Cetirizine,5,30,0,0,FAC021,Dispensed
DSP0001341,PHP0000985,Divya Devi,9852126279,Donur,2026-05-03,RX0001802,Amlodipine,30,30,0,0,FAC008,Dispensed
DSP0001342,PHP0000986,Kawitha Yadav,9726459561,Bangarigadda,2026-04-08,RX0001803,Paracetamol,5,30,0,0,FAC014,Dispensed
DSP0001343,PHP0000986,Kavitha Yadav,9726459561,Bangarigadda,2026-05-21,RX0001804,Amoxicillin,5,15,0,0,FAC013,Dispensed
DSP0001344,PHP0000987,Rames Mallaiah,9138134826,Jharasangam,2026-06-30,RX0001808,Pantoprazole,10,30,0,0,FAC023,Dispensed
DSP0001345,PHP0000988,Shankar Das,9103346012,Gundlapally,2026-05-10,RX0001811,Paracetamol,5,30,0,0,FAC011,Dispensed
DSP0001346,PHP0000988,Shankar Das,+91-91033-46012,Gundlapally,2026-06-15,RX0001812,Amlodipine,30,15,1,0,FAC011,Partially dispensed
DSP0001347,PHP0000989,Harika Chary,9924168551,Kummarikunta,2026-01-30,RX0001813,Amoxicillin,5,15,0,0,FAC013,Dispensed
DSP0001348,PHP0000990,Lakshmi Khan,9918561063,Macharam,2026-06-25,RX0001814,Paracetamol,5,30,0,0,FAC003,Dispensed
DSP0001349,PHP0000991,Mahesh Goud,9890945962,Ameenpu,2026-08-01,RX0001815,Cetirizine,5,30,0,0,FAC025,Dispensed
DSP0001350,PHP0000992,Srinivas Mallaiah,9549718065,Ameenpur,2026-07-13,RX0001816,Paracetamol,3,30,0,0,FAC025,Dispensed
DSP0001351,PHP0000993,Raju Khan,9296041174,Donur,2026-02-13,RX0001818,Pantoprazole,10,30,0,0,FAC008,Dispensed
DSP0001352,PHP0000994,Anil Reddy,+91-98037-83009,Bhanur,2026-05-28,RX0001819,Paracetamol,5,30,0,0,FAC027,Dispensed
DSP0001353,PHP0000995,Naresh Kumar,9327840926,Devarakonda,2026-07-07,RX0001822,Pantoprazole,10,30,0,0,FAC010,Dispensed
DSP0001354,PHP0000996,Anitha Narsimha,9935358729,Devarakonda,2026-05-23,RX0001823,Metformin,30,15,1,1,FAC011,Partially dispensed
DSP0001355,PHP0000997,Divya Krishna,9495782619,Bodajanampe,2026-02-23,RX0001824,Paracetamol,5,15,0,0,FAC005,Dispensed
DSP0001356,PHP0000998,Praveen Mudiraj,9686408712,Chandur,2026-05-25,RX0001825,Pantoprazole,10,30,0,0,FAC015,Dispensed
DSP0001357,PHP0000998,Praveen Mudiraj,9686408712,Chandur,2026-05-24,RX0001825,Paracetamol,3,15,0,0,FAC015,Dispensed
DSP0001358,PHP0000998,Praveen Mudiraj,9686408712,Chandur,2026-06-06,RX0001827,Amoxicillin,5,30,0,0,FAC015,Dispensed
DSP0001359,PHP0000999,Jyothi Das,9561063376,Kohir,2026-05-24,RX0001828,Cetirizine,5,15,0,0,FAC024,Dispensed
DSP0001360,PHP0001000,Lalitha Shekar,9232690454,Kohir,2026-06-12,RX0001829,Pantoprazole,10,15,0,0,FAC022,Dispensed
DSP0001361,PHP0001001,Bhavani Krishna,9629089232,Gangapur,2026-02-24,RX0001830,Cetirizine,5,30,0,0,FAC002,Dispensed
DSP0001362,PHP0001002,Suresh Mallaiah,9975233640,Peddadinne,2026-02-03,RX0001832,Amlodipine,30,30,0,0,FAC012,Dispensed
DSP0001363,PHP0001002,Suresh Mallaiah,+91-99752-33640,Peddadinne,2026-02-02,RX0001832,Metformin,30,30,0,0,FAC012,Dispensed
DSP0001364,PHP0001003,Nirmala Patel,9465679056,Rajapur,2026-05-24,RX0001834,Paracetamol,3,15,0,0,FAC004,Dispensed
DSP0001365,PHP0001004,Anil Reddy,9508499051,Kangti,2026-05-06,RX0001836,Pantoprazole,10,15,1,1,FAC021,Partially dispensed
DSP0001366,PHP0001005,Sushma Narsimha,9473028124,Velpula,2026-03-24,RX0001837,Amlodipine,30,0,0,1,FAC007,Not dispensed due to stock
DSP0001367,PHP0001005,Sushma Narsimha,9473028124,Velpula,2026-03-22,RX0001837,Paracetamol,3,30,0,0,FAC007,Dispensed
DSP0001368,PHP0001005,Sushma Narsimha,9473028124,Velpula,2026-06-01,RX0001839,Amlodipine,30,30,0,0,FAC009,Dispensed
DSP0001369,PHP0001006,Naveen Krishna,+91-93970-44695,Gangapur,2026-04-04,RX0001840,Cetirizine,5,30,0,0,FAC001,Dispensed
DSP0001370,PHP0001007,Jyothi Jangam,9423223038,Mangalapally,2026-03-29,RX0001841,Amoxicillin,5,15,0,0,FAC016,Dispensed
DSP0001371,PHP0001008,Raghav Reddy,9337639963,Bodajanampet,2026-02-02,RX0001842,Paracetamol,5,30,0,0,FAC004,Dispensed
DSP0001372,PHP0001009,Mahesh Shekar,,Jharasangam,2026-02-12,RX0001843,Pantoprazole,10,15,0,0,FAC023,Dispensed
DSP0001373,PHP0001010,Swthi Laxman,9195043572,Kalher,2026-05-09,RX0001844,Amoxicillin,5,30,0,0,FAC019,Dispensed
DSP0001374,PHP0001010,Swathi,9195043572,Kalher,2026-05-28,RX0001845,Paracetamol,5,30,0,0,FAC021,Dispensed
DSP0001375,PHP0001011,Bhavani Patel,9188339364,BALANAGAR,2026-08-18,RX0001847,Amlodipine,30,30,0,0,FAC005,Dispensed
DSP0001376,PHP0001012,Sushma Basha,9537506395,Rajapur,2026-06-01,RX0001849,Amoxicillin,5,15,0,0,FAC005,Dispensed
DSP0001377,PHP0001013,Renuka Basha,9401683029,Nakrekal,2026-05-16,RX0001850,Amlodipine,30,30,0,0,FAC018,Dispensed
DSP0001378,PHP0001014,Vinod Narsimha,9252266381,Marrur,2026-05-30,RX0001851,Cetirizine,5,15,0,0,FAC018,Dispensed
DSP0001379,PHP0001015,Anil Shekar,9826717877,Marrur,2026-07-16,RX0001852,Amlodipine,30,30,0,0,FAC016,Dispensed
DSP0001380,PHP0001016,Naveen Krishna,9681896279,AMEENPUR,2026-05-09,RX0001854,Metformin,30,30,0,0,FAC025,Dispensed
DSP0001381,PHP0001017,Mohan Basha,9325435780,Kangt,2026-08-10,RX0001856,Metformin,30,30,0,0,FAC020,Dispensed
DSP0001382,PHP0001018,Divya Krishna,9542904177,Ameenpur,2026-05-25,RX0001857,Pantoprazole,10,15,0,0,FAC025,Dispensed
DSP0001383,PHP0001019,Naveen Basha,9617194808,Marrur,2026-01-18,RX0001858,Cetirizine,5,15,0,0,FAC017,Dispensed
DSP0001384,PHP0001019,Naveen Basha,9617194808,Marrur,2026-01-22,RX0001858,Paracetamol,3,15,0,0,FAC017,Dispensed
DSP0001385,PHP0001020,Vinod Chary,9004914155,Peddadinne,2026-05-16,RX0001861,Paracetamol,5,30,0,0,FAC010,Dispensed
DSP0001386,PHP0001020,Vinod Chary,9004914155,Peddadinne,2026-05-17,RX0001861,Paracetamol,3,15,0,0,FAC010,Dispensed
DSP0001387,PHP0001021,Santosh Jangam,9817659420,Nomula,2026-04-22,RX0001865,Cetirizine,5,30,0,0,FAC016,Dispensed
DSP0001388,PHP0001021,Santosh Jangam,9817659420,Nomula,2026-04-22,RX0001865,Paracetamol,3,30,0,0,FAC016,Dispensed
DSP0001389,PHP0001022,Divya Patel,9254722218,Jharasangam,2026-07-13,RX0001867,Paracetamol,5,15,0,0,FAC022,Dispensed
DSP0001390,PHP0001023,Raghav Laxman,9787953995,Velpula,2026-07-05,RX0001868,Amoxicillin,5,30,0,0,FAC008,Dispensed
DSP0001391,PHP0001024,Divya Shekar,9211319425,Mogudampall,2026-04-23,RX0001869,Amlodipine,30,15,1,0,FAC022,Partially dispensed
DSP0001392,PHP0001024,Divya Shekar,9211319425,MOGUDAMPALLY,2026-04-23,RX0001869,Metformin,30,30,0,0,FAC022,Dispensed
DSP0001393,PHP0001024,Divya Shekar,9211319425,Mogudampally,2026-08-12,RX0001871,Metformin,30,30,0,0,FAC022,Dispensed
DSP0001394,PHP0001025,Llitha Mallaiah,9853806803,Kalher,2026-05-06,RX0001874,Amoxicillin,5,30,0,0,FAC019,Dispensed
DSP0001395,PHP0001026,njali Reddy,9395492076,Indresham,2026-02-03,RX0001875,Metformin,30,30,0,0,FAC026,Dispensed
DSP0001396,PHP0001027,Bhavani Das,9559987509,Nakrekal,2026-05-28,RX0001878,Paracetamol,5,30,0,0,FAC017,Dispensed
DSP0001397,PHP0001028,Lalitha Laxman,9989716949,Kohir,2026-02-06,RX0001879,Amoxicillin,5,30,0,0,FAC023,Dispensed
DSP0001398,PHP0001029,Ramesh Patel,9396861221,Nomula,2026-04-27,RX0001880,Pantoprazole,10,15,0,0,FAC018,Dispensed
DSP0001399,PHP0001030,Rames Goud,9683801914,Kangti,2026-04-01,RX0001881,Pantoprazole,10,15,0,0,FAC019,Dispensed
DSP0001400,PHP0001030,Ramesh Goud,9683801914,Kangti,2026-06-18,RX0001882,Pantoprazole,10,30,0,0,FAC021,Dispensed
DSP0001401,PHP0001031,Saritha Shekar,+91-97275-19024,Kummarikunta,2026-04-26,RX0001885,Cetirizine,5,30,0,0,FAC015,Dispensed
DSP0001402,PHP0001032,Venkatesh Mallaeeah,9184709457,Gundlapally,2026-03-01,RX0001886,Amoxicillin,5,30,0,0,FAC010,Dispensed
DSP0001403,PHP0001033,Renuka Chary,9486451920,Balanagar,2026-07-18,RX0001887,Pantoprazole,10,30,0,0,FAC005,Dispensed
DSP0001404,PHP0001034,Anil Reddy,9947531909,Kalher,2026-05-21,RX0001888,Amlodipine,30,15,1,0,FAC019,Partially dispensed
DSP0001405,PHP0001034,Anil Reddy,9947531909,Kalher,2026-06-25,RX0001890,Paracetamol,3,30,0,0,FAC020,Dispensed
DSP0001406,PHP0001035,Arun Narsimha,9784307616,Midjil,2026-06-24,RX0001892,Amlodipine,30,0,0,1,FAC007,Not dispensed due to stock
DSP0001407,PHP0001036,Naveen Chary,9894337161,Bhanur,2026-06-16,RX0001893,Metformin,30,30,0,0,FAC027,Dispensed
DSP0001408,PHP0001037,Shankar Naik,,Jharasangam,2026-06-26,RX0001895,Amlodipine,30,30,0,0,FAC022,Dispensed
DSP0001409,PHP0001037,Shankar Naik,9118980196,Jharasangam,2026-06-30,RX0001895,Metformin,30,15,1,0,FAC022,Partially dispensed
DSP0001410,PHP0001038,Raju Goud,9974651989,Midjil,2026-05-25,RX0001897,Amlodipine,30,15,1,0,FAC008,Partially dispensed
DSP0001411,PHP0001038,Raju Goud,9974651989,Midjil,2026-07-19,RX0001898,Amlodipine,30,30,0,0,FAC008,Dispensed
DSP0001412,PHP0001039,Raghav Reddy,9828580080,Kondamallepally,2026-07-05,RX0001899,Pantoprazole,10,30,0,0,FAC010,Dispensed
DSP0001413,PHP0001039,Raghav Reddy,9428580080,Kondamallepally,2026-07-02,RX0001899,Paracetamol,3,30,0,0,FAC010,Dispensed
DSP0001414,PHP0001040,Rajesh Laxman,9593130254,Nermata,2026-02-13,RX0001901,Cetirizine,5,15,0,0,FAC015,Dispensed
DSP0001415,PHP0001041,Santosh Mallaiah,,Bangarigadda,2026-06-13,RX0001902,Amoxicillin,5,30,0,0,FAC015,Dispensed
DSP0001416,PHP0001042,Anitha Reddy,+91-92926-42347,Mangalapally,2026-06-12,RX0001904,Amlodipine,30,30,0,0,FAC017,Dispensed
DSP0001417,PHP0001043,Rajesh Kumar,9657670621,Gundlapally,2026-08-07,RX0001905,Paracetamol,5,30,0,0,FAC011,Dispensed
DSP0001418,PHP0001044,Vinod Begum,9167921527,Devarakonda,2026-04-12,RX0001906,Metformin,30,30,0,0,FAC012,Dispensed
DSP0001419,PHP0001044,Vinod Begum,,Devarakonda,2026-05-19,RX0001907,Pantoprazole,10,15,0,0,FAC010,Dispensed
DSP0001420,PHP0001045,Anil Goud,9980437841,Peddadinne,2026-08-13,RX0001908,Pantoprazole,10,15,0,0,FAC010,Dispensed
DSP0001421,PHP0001046,Shankar Yadav,9410866178,Marrur,2026-04-21,RX0001909,Pantoprazole,10,15,0,0,FAC016,Dispensed
DSP0001422,PHP0001046,Shankar Yadav,9410866178,Marrur,2026-06-16,RX0001910,Cetirizine,5,30,0,0,FAC018,Dispensed
DSP0001423,PHP0001047,Mohan Das,9087458979,Kondamallepally,2026-03-23,RX0001911,Pantoprazole,10,15,0,0,FAC010,Dispensed
DSP0001424,PHP0001048,Bhavani Shekar,+91-96382-01205,Zaheerabad,2026-08-05,RX0001915,Paracetamol,5,15,0,0,FAC022,Dispensed
DSP0001425,PHP0001049,Nirmala Reddy,9153883462,Kondamallepally,2026-07-26,RX0001917,Amlodipine,30,30,0,0,FAC011,Dispensed
DSP0001426,PHP0001050,Anil Krishna,9562089587,PATANCHERU,2026-07-06,RX0001919,Paracetamol,5,30,0,0,FAC025,Dispensed
DSP0001427,PHP0001051,Bhavani Mudiraj,9535001822,Mogudampally,2026-01-28,RX0001920,Pantoprazole,10,15,0,0,FAC023,Dispensed
DSP0001428,PHP0001052,Nirmala Narsimha,,Peddadinne,2026-06-26,RX0001921,Pantoprazole,10,30,0,0,FAC010,Dispensed
DSP0001429,PHP0001053,Jyothi Reddy,+91-92745-53174,Bangarigadda,2026-03-16,RX0001922,Amlodipine,30,15,1,0,FAC013,Partially dispensed
DSP0001430,PHP0001054,Raghav Goud,9920385645,Midji,2026-06-20,RX0001923,Pantoprazole,10,30,0,0,FAC007,Dispensed
DSP0001431,PHP0001055,Kavitha Das,9154078855,Kohir,2026-07-25,RX0001924,Pantoprazole,10,30,0,0,FAC023,Dispensed
DSP0001432,PHP0001056,Sushma Kumar,9612172860,Jharasangam,2026-03-17,RX0001925,Paracetamol,3,15,0,0,FAC023,Dispensed
DSP0001433,PHP0001057,Anil Kumar,9632100173,Ameenpur,2026-06-02,RX0001927,Pantoprazole,10,15,0,0,FAC026,Dispensed
DSP0001434,PHP0001058,Deepika Shekar,9509940109,Zaheerabad,2026-06-27,RX0001929,Cetirizine,5,30,0,0,FAC023,Dispensed
DSP0001435,PHP0001058,Deepika Shekar,9509940109,Zaheerabad,2026-08-11,RX0001930,Paracetamol,5,15,0,0,FAC023,Dispensed
DSP0001436,PHP0001059,Sushma Patel,9750856238,Nomula,2026-04-21,RX0001931,Amoxicillin,5,15,0,0,FAC017,Dispensed
DSP0001437,PHP0001060,Harika Begum,9806112308,Narayankhed,2026-07-22,RX0001932,Paracetamol,5,30,0,0,FAC021,Dispensed
DSP0001438,PHP0001061,Venkatesh Begum,9430634879,Balanagar,2026-05-20,RX0001934,Paracetamol,3,15,0,0,FAC005,Dispensed
DSP0001439,PHP0001062,Nirmala Basha,9155207775,Nakrekal,2026-06-02,RX0001936,Cetirizine,5,30,0,0,FAC018,Dispensed
DSP0001440,PHP0001063,Rani Yadav,9043103622,Badepally,2026-08-13,RX0001938,Pantoprazole,10,30,0,0,FAC003,Dispensed
DSP0001441,PHP0001064,Sriniwas Reddy,9334716469,Bodajanampet,2026-04-30,RX0001939,Amoxicillin,5,30,0,0,FAC005,Dispensed
DSP0001442,PHP0001065,Santosh Basha,+91-99004-95716,Kangti,2026-02-22,RX0001941,Amlodipine,30,15,1,0,FAC019,Partially dispensed
DSP0001443,PHP0001065,Santosh Basha,9900495716,Kangti,2026-08-15,RX0001942,Amlodipine,30,30,0,0,FAC019,Dispensed
DSP0001444,PHP0001066,Sushma Devi,9766940095,NOMULA,2026-08-08,RX0001943,Amoxicillin,5,30,0,0,FAC017,Dispensed
DSP0001445,PHP0001067,Ramesh Chary,9056745751,Bangarigadda,2026-08-03,RX0001945,Amlodipine,30,0,0,1,FAC014,Not dispensed due to stock
DSP0001446,PHP0001067,Ramesh Chary,9056745751,Bangarigadda,2026-07-29,RX0001945,Metformin,30,30,0,0,FAC014,Dispensed
DSP0001447,PHP0001068,Mahesh,9837655242,Bhanur,2026-01-08,RX0001947,Amoxicillin,5,15,0,0,FAC026,Dispensed
DSP0001448,PHP0001069,Hareeka Begum,9030353945,Peddadinne,2026-01-04,RX0001949,Amoxicillin,5,15,0,0,FAC012,Dispensed
DSP0001449,PHP0001070,Arun Mallaiah,9295746185,Mangalapally,2026-01-12,RX0001950,Paracetamol,5,15,0,0,FAC017,Dispensed
DSP0001450,PHP0001070,Arun Mallaiah,,MANGALAPALLY,2026-04-01,RX0001951,Pantoprazole,10,30,0,0,FAC016,Dispensed
DSP0001451,PHP0001071,Shobha Krishna,9553637908,Rajapur,2026-06-04,RX0001953,Pantoprazole,10,30,0,0,FAC006,Dispensed
DSP0001452,PHP0001072,Anjali Khan,9068536933,Patancheru,2026-03-10,RX0001954,Paracetamol,5,30,0,0,FAC025,Dispensed
DSP0001453,PHP0001072,Anjalee Khan,9068536933,Patancheru,2026-05-12,RX0001955,Amoxicillin,5,30,0,0,FAC027,Dispensed
DSP0001454,PHP0001073,Shankar Laxman,9270424013,KALHER,2026-03-26,RX0001957,Paracetamol,3,15,0,0,FAC021,Dispensed
DSP0001455,PHP0001074,Kavitha Begum,9651588727,Kangti,2026-08-16,RX0001959,Metformin,30,15,1,0,FAC020,Partially dispensed
DSP0001456,PHP0001075,Sushma Shekar,9887458532,BODAJANAMPET,2026-03-10,RX0001960,Cetirizine,5,15,0,0,FAC005,Dispensed
DSP0001457,PHP0001075,Sushma Shekar,9887458532,Bodajanampet,2026-07-21,RX0001961,Amoxicillin,5,15,0,0,FAC006,Dispensed
DSP0001458,PHP0001076,Deepika Begum,9320464977,Zaheerabad,2026-06-08,RX0001962,Amlodipine,30,15,1,0,FAC024,Partially dispensed
DSP0001459,PHP0001077,Suresh Mallaiah,9784964902,Gundlapally,2026-06-06,RX0001963,Amlodipine,30,30,0,0,FAC012,Dispensed
DSP0001460,PHP0001077,Suresh,9784964902,Gundlapall,2026-06-08,RX0001963,Paracetamol,3,30,0,0,FAC012,Dispensed
DSP0001461,PHP0001078,Shankar Patel,9107661277,Manoor,2026-06-08,RX0001965,Paracetamol,5,30,0,0,FAC021,Dispensed
DSP0001462,PHP0001079,Mounika Naik,,Midjil,2026-03-09,RX0001966,Amoxicillin,5,30,0,0,FAC009,Dispensed
DSP0001463,PHP0001079,Mouneeka Naik,9481872866,Midjil,2026-04-08,RX0001967,Paracetamol,5,15,0,0,FAC007,Dispensed
DSP0001464,PHP0001080,Anitha Chary,9432179826,Kondamallepally,2026-07-07,RX0001968,Cetirizine,5,30,0,0,FAC012,Dispensed
DSP0001465,PHP0001081,Lalitha Khan,9508767752,Vemul,2026-05-27,RX0001969,Amoxicillin,5,15,0,0,FAC007,Dispensed
DSP0001466,PHP0001081,Lalitha Khan,9508767752,VEMULA,2026-07-08,RX0001970,Cetirizine,5,30,0,0,FAC008,Dispensed
DSP0001467,PHP0001082,Deepika Begum,9301650092,Patancheru,2026-07-06,RX0001972,Paracetamol,5,30,0,0,FAC026,Dispensed
DSP0001468,PHP0001083,Bhavani Krishna,9121716614,Nomula,2026-07-11,RX0001973,Amlodipine,30,15,1,0,FAC017,Partially dispensed
DSP0001469,PHP0001083,Bhawani Krishna,+91-91217-16614,NOMULA,2026-07-10,RX0001973,Metformin,30,15,1,0,FAC017,Partially dispensed
DSP0001470,PHP0001084,Harika Naik,9413255299,Mangalapalli,2026-05-08,RX0001976,Amlodipine,30,15,1,0,FAC016,Partially dispensed
DSP0001471,PHP0001085,Divya Devi,9057080332,Kondamallepally,2026-08-02,RX0001977,Metformin,30,30,0,0,FAC012,Dispensed
DSP0001472,PHP0001086,Anjali Mallaiah,9420053218,Mangalapally,2026-04-09,RX0001978,Metformin,30,15,1,0,FAC017,Partially dispensed
DSP0001473,PHP0001087,Shobha Chary,9838914044,RAJAPUR,2026-05-01,RX0001979,Cetirizine,5,30,0,0,FAC005,Dispensed
DSP0001474,PHP0001087,Shobha Chary,,Rajapur,2026-06-12,RX0001980,Amoxicillin,5,15,0,0,FAC006,Dispensed
DSP0001475,PHP0001088,Swathi Yadav,+91-99045-51996,Patancheru,2026-06-28,RX0001981,Pantoprazole,10,15,0,0,FAC026,Dispensed
DSP0001476,PHP0001089,Santosh Rao,9829972576,Jharasangam,2026-05-08,RX0001985,Amlodipine,30,15,1,0,FAC022,Partially dispensed
DSP0001477,PHP0001090,Raju Mudiraj,9497345952,Jharasangam,2026-08-09,RX0001986,Amlodipine,30,30,0,0,FAC022,Dispensed
DSP0001478,PHP0001091,Santosh Naik,9407196018,Kohir,2026-03-08,RX0001987,Paracetamol,3,15,0,0,FAC023,Dispensed
DSP0001479,PHP0001092,Mohan Patel,,Mangalapally,2026-06-27,RX0001989,Pantoprazole,10,15,0,0,FAC017,Dispensed
DSP0001480,PHP0001092,Mohan Patel,,Mangalapall,2026-08-13,RX0001990,Cetirizine,5,15,0,0,FAC016,Dispensed
DSP0001481,PHP0001093,Sai Shekar,9284859767,Ameenpur,2026-04-23,RX0001991,Cetirizine,5,30,0,0,FAC025,Dispensed
DSP0001482,PHP0001093,Sai,9284859767,Ameenpur,2026-07-21,RX0001992,Cetirizine,5,15,0,0,FAC025,Dispensed
DSP0001483,PHP0001094,Rani Naik,9773538096,Kohir,2026-01-13,RX0001993,Metformin,30,30,0,0,FAC023,Dispensed
DSP0001484,PHP0001095,Kavitha Jangam,9990172095,Kondamallepally,2026-03-03,RX0001994,Paracetamol,5,30,0,0,FAC010,Dispensed
DSP0001485,PHP0001096,Shankar Jangam,,Mogudampally,2026-03-10,RX0001995,Paracetamol,3,30,0,0,FAC024,Dispensed
DSP0001486,PHP0001097,Jyothi Naik,,Kondamallepalli,2026-04-09,RX0001997,Amoxicillin,5,30,0,0,FAC011,Dispensed
DSP0001487,PHP0001097,Jyothi Naik,9309652626,Kondamallepally,2026-04-04,RX0001997,Paracetamol,3,30,0,0,FAC011,Dispensed
DSP0001488,PHP0001097,Jyothi Naik,9309652626,Kondamallepally,2026-05-31,RX0001999,Paracetamol,5,30,0,0,FAC011,Dispensed
DSP0001489,PHP0001097,Jyothi Naik,9309652626,Kondamallepally,2026-05-29,RX0001999,Paracetamol,3,30,0,0,FAC011,Dispensed
DSP0001490,PHP0001098,Srinivas Yadav,9423412595,Bhanur,2026-02-07,RX0002001,Amlodipine,30,15,1,0,FAC026,Partially dispensed
DSP0001491,PHP0001098,Srinivas Yadav,9423412595,Bhanur,2026-02-02,RX0002001,Paracetamol,3,15,0,0,FAC026,Dispensed
DSP0001492,PHP0001099,Anil Naik,+91-95657-15229,Bodajanampet,2026-02-28,RX0002004,Pantoprazole,10,30,0,0,FAC006,Dispensed
DSP0001493,PHP0001100,Arun Begum,9095645693,Marrur,2026-06-05,RX0002006,Metformin,30,30,0,0,FAC018,Dispensed
DSP0001494,PHP0001100,Arun Begum,,Marrur,2026-08-02,RX0002007,Metformin,30,15,1,0,FAC016,Partially dispensed
DSP0001495,PHP0001101,Srilatha Laxman,9085796829,Nermat,2026-04-01,RX0002008,Amlodipine,30,30,0,0,FAC013,Dispensed
DSP0001496,PHP0001102,Mohan Krishna,9280066072,Midjil,2026-08-07,RX0002010,Cetirizine,5,15,0,0,FAC007,Dispensed
DSP0001497,PHP0001103,Shobh Mallaiah,9543925772,Devarakonda,2026-08-14,RX0002011,Amlodipine,30,30,0,0,FAC012,Dispensed
DSP0001498,PHP0001104,Kaveetha Devi,9777043586,Macharam,2026-03-24,RX0002013,Paracetamol,3,30,0,0,FAC003,Dispensed
DSP0001499,PHP0001105,Arun Begum,9981224761,Midjil,2026-04-07,RX0002015,Amlodipine,30,15,1,0,FAC008,Partially dispensed
DSP0001500,PHP0001105,Arun Begum,9981224761,MIDJIL,2026-04-10,RX0002015,Paracetamol,3,15,0,0,FAC008,Dispensed
DSP0001501,PHP0001106,Srilatha Kumar,9829063441,Kondamallepally,2026-02-03,RX0002017,Metformin,30,30,0,0,FAC012,Dispensed
DSP0001502,PHP0001107,Srinivas Narsimha,9071797365,Peddadinne,2026-08-13,RX0002018,Amlodipine,30,30,0,0,FAC010,Dispensed
DSP0001503,PHP0001108,Sushma Chary,9266839812,Midjil,2026-04-03,RX0002019,Amlodipine,30,15,1,0,FAC007,Partially dispensed
DSP0001504,PHP0001109,Sushma Goud,,Bhanur,2026-07-05,RX0002020,Metformin,30,30,0,0,FAC027,Dispensed
DSP0001505,PHP0001109,Sushma Goud,9355023497,Bhanur,2026-07-10,RX0002020,Paracetamol,3,30,0,0,FAC027,Dispensed
DSP0001506,PHP0001109,Sushma Goud,9355023497,Bhanur,2026-07-31,RX0002022,Paracetamol,5,30,0,0,FAC025,Dispensed
DSP0001507,PHP0001110,Arun Das,9466043375,Indresham,2026-06-30,RX0002024,Amlodipine,30,30,0,0,FAC025,Dispensed
DSP0001508,PHP0001110,Arun Das,9466043375,Indresham,2026-07-22,RX0002025,Amlodipine,30,30,0,0,FAC025,Dispensed
DSP0001509,PHP0001111,Divya Mallaiah,9542997712,Peddadinn,2026-06-17,RX0002026,Metformin,30,30,0,0,FAC010,Dispensed
DSP0001510,PHP0001112,Anil Yadav,9692974574,Devarakonda,2026-02-20,RX0002027,Amlodipine,30,15,1,0,FAC012,Partially dispensed
DSP0001511,PHP0001112,Anil Yadav,,Devarakonda,2026-03-10,RX0002029,Amlodipine,30,30,0,0,FAC010,Dispensed
DSP0001512,PHP0001112,nil Yadav,9692974574,Devarakonda,2026-03-08,RX0002029,Metformin,30,15,1,0,FAC010,Partially dispensed
DSP0001513,PHP0001113,Shobha Shekar,9845652289,Jharasangam,2026-07-27,RX0002032,Paracetamol,3,30,0,0,FAC023,Dispensed
DSP0001514,PHP0001114,Vinod,9967027393,Bangarigadda,2026-08-06,RX0002035,Amlodipine,30,30,0,0,FAC015,Dispensed
DSP0001515,PHP0001114,Vinod Reddy,9967027093,Bangarigadda,2026-08-06,RX0002035,Metformin,30,15,1,0,FAC015,Partially dispensed
DSP0001516,PHP0001115,Naveen Reddy,9374326001,Gangapur,2026-05-23,RX0002038,Paracetamol,5,30,0,0,FAC002,Dispensed
DSP0001517,PHP0001116,Srilatha Goud,9532169003,Balanagar,2026-07-05,RX0002039,Pantoprazole,10,15,0,0,FAC005,Dispensed
DSP0001518,PHP0001117,Divya Laxman,9206430401,KUMMARIKUNTA,2026-01-18,RX0002040,Paracetamol,3,15,0,0,FAC015,Dispensed
DSP0001519,PHP0001117,Divya Laxman,9236430401,Kummarikunta,2026-05-25,RX0002042,Amlodipine,30,30,0,0,FAC014,Dispensed
DSP0001520,PHP0001118,Lalitha Begum,9547696255,Gundlapally,2026-05-23,RX0002043,Pantoprazole,10,30,0,0,FAC011,Dispensed
DSP0001521,PHP0001118,Lalitha Begum,,Gundlapally,2026-05-22,RX0002043,Paracetamol,3,15,0,0,FAC011,Dispensed
DSP0001522,PHP0001119,Harika Shekar,9195861169,Bodajanampet,2026-06-07,RX0002045,Cetirizine,5,30,0,0,FAC004,Dispensed
DSP0001523,PHP0001120,Divya Laxman,9575801982,Manoor,2026-06-22,RX0002047,Amoxicillin,5,30,0,0,FAC019,Dispensed
DSP0001524,PHP0001121,Rajesh Yadav,+91-94842-80544,Bhanur,2026-07-02,RX0002049,Paracetamol,3,30,0,0,FAC026,Dispensed
DSP0001525,PHP0001122,Vinod Goud,+91-96685-93559,Polepally,2026-02-26,RX0002053,Pantoprazole,10,15,0,0,FAC003,Dispensed
DSP0001526,PHP0001123,Srilatha Khan,9351434732,Bangarigadda,2026-08-16,RX0002054,Pantoprazole,10,30,0,0,FAC014,Dispensed
DSP0001527,PHP0001124,Kiran Rao,9543155254,Polepally,2026-03-03,RX0002055,Paracetamol,5,15,0,0,FAC003,Dispensed
DSP0001528,PHP0001125,Aneel Mudiraj,9945164303,Mogudampall,2026-03-13,RX0002057,Cetirizine,5,15,0,0,FAC023,Dispensed
DSP0001529,PHP0001125,Anil Mudiraj,9945164303,Mogudampall,2026-03-11,RX0002057,Paracetamol,3,15,0,0,FAC023,Dispensed
DSP0001530,PHP0001126,Vinod Reddy,+91-91073-72582,Chandur,2026-07-28,RX0002060,Amlodipine,30,30,1,1,FAC014,Partially dispensed
DSP0001531,PHP0001127,Divya Naik,9244434646,Zaheerabad,2026-05-19,RX0002062,Paracetamol,5,30,0,0,FAC023,Dispensed
DSP0001532,PHP0001127,Divya Naik,9244434646,Zaheeraba,2026-06-08,RX0002063,Paracetamol,5,30,0,0,FAC023,Dispensed
DSP0001533,PHP0001128,Rajesh Das,9979112788,GANGAPUR,2026-04-18,RX0002064,Amlodipine,30,15,1,0,FAC003,Partially dispensed
DSP0001534,PHP0001129,Anil Shekar,9254856531,Balanagar,2026-01-12,RX0002065,Paracetamol,5,30,0,0,FAC005,Dispensed
DSP0001535,PHP0001130,Vinod Begum,9294337626,Bhanur,2026-04-17,RX0002067,Paracetamol,5,30,0,0,FAC025,Dispensed
DSP0001536,PHP0001131,Mounika Yadav,+91-95521-77909,Manoor,2026-08-18,RX0002068,Pantoprazole,10,30,0,0,FAC020,Dispensed
DSP0001537,PHP0001132,Jyothi Naik,9887241450,Kummarikunta,2026-04-05,RX0002070,Amlodipine,30,30,0,0,FAC014,Dispensed
DSP0001538,PHP0001132,Jyothi Naik,9887241450,Kummarikunta,2026-04-10,RX0002070,Paracetamol,3,15,0,0,FAC014,Dispensed
DSP0001539,PHP0001133,Padma Reddy,,Balanagar,2026-03-13,RX0002073,Pantoprazole,10,15,0,0,FAC006,Dispensed
DSP0001540,PHP0001134,Mohan Chary,9282489018,Patancheru,2026-08-07,RX0002074,Metformin,30,30,0,0,FAC027,Dispensed
DSP0001541,PHP0001135,Venkatesh Laxman,9397645564,Vemula,2026-07-09,RX0002075,Amlodipine,30,30,0,0,FAC007,Dispensed
DSP0001542,PHP0001135,Venkatesh Laxman,9397645564,Vemula,2026-07-10,RX0002075,Paracetamol,3,30,0,0,FAC007,Dispensed
DSP0001543,PHP0001136,Jyothee Mudiraj,9625169260,Polepally,2026-08-18,RX0002078,Paracetamol,5,30,0,0,FAC003,Dispensed
DSP0001544,PHP0001137,Harika Krishna,+91-98728-18320,Kangti,2026-05-28,RX0002079,Pantoprazole,10,0,0,1,FAC019,Not dispensed due to stock
DSP0001545,PHP0001138,Renuka Laxman,9426858170,Jharasangam,2026-08-02,RX0002080,Cetirizine,5,15,0,0,FAC023,Dispensed
DSP0001546,PHP0001139,Srinivas Kumar,9350795900,Manoor,2026-01-01,RX0002081,Amlodipine,30,15,1,0,FAC019,Partially dispensed
DSP0001547,PHP0001140,Divya Kumar,9159204605,Nakrekal,2026-04-28,RX0002082,Amoxicillin,5,15,0,0,FAC018,Dispensed
DSP0001548,PHP0001141,Kiran Naik,9256763154,MACHARAM,2026-01-22,RX0002083,Cetirizine,5,30,0,0,FAC001,Dispensed
DSP0001549,PHP0001141,Kiran Naik,9256763154,Machara,2026-01-23,RX0002083,Paracetamol,3,15,0,0,FAC001,Dispensed
DSP0001550,PHP0001141,Kiran,9256763154,Macharam,2026-07-20,RX0002085,Amoxicillin,5,30,0,0,FAC001,Dispensed
DSP0001551,PHP0001142,Kiran Basha,9210128856,Kummarikunt,2026-01-20,RX0002086,Amoxicillin,5,30,0,0,FAC013,Dispensed
DSP0001552,PHP0001143,Anitha Mallaiah,9659256557,Kangti,2026-02-03,RX0002087,Cetirizine,5,15,0,0,FAC021,Dispensed
DSP0001553,PHP0001144,Kiran Krishna,,Badepally,2026-02-23,RX0002088,Metformin,30,30,0,0,FAC001,Dispensed
DSP0001554,PHP0001145,Ramesh Krishna,,Vemula,2026-08-02,RX0002089,Cetirizine,5,30,0,0,FAC007,Dispensed
DSP0001555,PHP0001145,Ramesh Krishna,9485400570,Vemula,2026-08-05,RX0002089,Paracetamol,3,30,0,0,FAC007,Dispensed
DSP0001556,PHP0001146,Vinod Shekar,9373045803,Kallepally,2026-05-24,RX0002091,Paracetamol,3,30,0,0,FAC005,Dispensed
DSP0001557,PHP0001147,Harika,9194588474,Nakrekal,2026-08-09,RX0002095,Metformin,30,30,0,0,FAC016,Dispensed
DSP0001558,PHP0001148,Naveen Rao,9798853763,DEVARAKONDA,2026-05-23,RX0002098,Amoxicillin,5,15,0,0,FAC011,Dispensed
DSP0001559,PHP0001148,Naveen Rao,+91-97988-53763,Devarakonda,2026-07-14,RX0002099,Paracetamol,5,30,0,0,FAC011,Dispensed
DSP0001560,PHP0001149,Rmesh Begum,9162835345,Devarakonda,2026-01-25,RX0002100,Cetirizine,5,30,0,0,FAC010,Dispensed
DSP0001561,PHP0001150,Shankar Goud,+91-91360-80167,Gangapur,2026-02-15,RX0002101,Pantoprazole,10,15,0,0,FAC001,Dispensed
DSP0001562,PHP0001151,Suresh Chary,9784761248,Kallepally,2026-05-15,RX0002105,Pantoprazole,10,0,0,1,FAC006,Not dispensed due to stock
DSP0001563,PHP0001152,Saritha Patel,9574070981,Macharam,2026-03-28,RX0002106,Amlodipine,30,30,0,0,FAC001,Dispensed
DSP0001564,PHP0001152,Saritha Patel,9574070981,Macharam,2026-04-27,RX0002107,Amlodipine,30,15,1,0,FAC003,Partially dispensed
DSP0001565,PHP0001152,Saritha Patel,9574070981,Machara,2026-04-24,RX0002107,Paracetamol,3,15,0,0,FAC003,Dispensed
DSP0001566,PHP0001153,Anjali Laxman,9498376396,Macharam,2026-06-14,RX0002110,Amlodipine,30,15,1,0,FAC002,Partially dispensed
DSP0001567,PHP0001154,Rajesh Goud,9896095998,Nermata,2026-04-06,RX0002111,Paracetamol,3,30,0,0,FAC013,Dispensed
DSP0001568,PHP0001155,Naveen Krishna,9074755026,Vemula,2026-02-08,RX0002113,Paracetamol,5,30,0,0,FAC009,Dispensed
DSP0001569,PHP0001156,Divya Naik,9267868408,GUNDLAPALLY,2026-07-13,RX0002114,Cetirizine,5,15,0,0,FAC011,Dispensed
DSP0001570,PHP0001157,Srinivas Basha,+91-97511-81896,Devarakonda,2026-02-09,RX0002115,Paracetamol,5,15,0,0,FAC011,Dispensed
DSP0001571,PHP0001158,Lalitha Khan,9829887994,Bodajanampet,2026-03-30,RX0002117,Paracetamol,5,15,0,0,FAC006,Dispensed
DSP0001572,PHP0001158,Lalitha Khan,,Bodajanampet,2026-07-09,RX0002118,Metformin,30,30,0,0,FAC005,Dispensed
DSP0001573,PHP0001159,Deepika Patel,9398192212,Kondamallepalli,2026-06-05,RX0002120,Metformin,30,15,1,0,FAC010,Partially dispensed
DSP0001574,PHP0001160,Lalitha Laxman,9427350647,Balanagar,2026-08-05,RX0002121,Metformin,30,30,0,0,FAC006,Dispensed
DSP0001575,PHP0001161,Swati Krishna,9796557127,Kangti,2026-04-11,RX0002124,Amlodipine,30,30,0,0,FAC019,Dispensed
DSP0001576,PHP0001161,Swathi Krishna,9796557127,Kangti,2026-04-09,RX0002124,Paracetamol,3,15,0,0,FAC019,Dispensed
DSP0001577,PHP0001162,Jyothi Mallaiah,9815351202,Nermata,2026-04-02,RX0002126,Cetirizine,5,15,0,0,FAC014,Dispensed
DSP0001578,PHP0001162,Jyothi Mallaiah,+91-98153-51202,Nermata,2026-06-20,RX0002127,Amoxicillin,5,30,0,0,FAC013,Dispensed
DSP0001579,PHP0001163,Praveen Chary,9468506124,NOMULA,2026-06-02,RX0002128,Cetirizine,5,15,0,0,FAC016,Dispensed
DSP0001580,PHP0001164,Deepika Narsimha,9634124056,Balanagar,2026-03-04,RX0002130,Metformin,30,15,1,0,FAC005,Partially dispensed
DSP0001581,PHP0001165,Raju Yadav,9227017335,Devarakonda,2026-06-21,RX0002131,Amlodipine,30,30,1,1,FAC010,Partially dispensed
DSP0001582,PHP0001166,Rani Krisna,9917320170,Patancheru,2026-06-26,RX0002132,Metformin,30,30,0,0,FAC026,Dispensed
DSP0001583,PHP0001167,Saritha Patel,+91-92870-78159,Vemula,2026-07-03,RX0002133,Metformin,30,15,1,0,FAC007,Partially dispensed
DSP0001584,PHP0001168,Padma Kumar,9122946184,Mangalapalli,2026-03-24,RX0002134,Amlodipine,30,15,1,0,FAC017,Partially dispensed
DSP0001585,PHP0001168,Padma Kumar,9122946184,Mangalapally,2026-03-24,RX0002134,Metformin,30,30,0,0,FAC017,Dispensed
DSP0001586,PHP0001168,Padma Kumar,9122946184,Mangalapally,2026-03-22,RX0002134,Paracetamol,3,15,0,0,FAC017,Dispensed
DSP0001587,PHP0001169,Raghav Mallaiah,9507893335,Kangti,2026-03-23,RX0002137,Paracetamol,5,15,0,0,FAC020,Dispensed
DSP0001588,PHP0001170,Jyothi Kumar,9293736083,Narayankhed,2026-03-19,RX0002139,Metformin,30,15,1,0,FAC020,Partially dispensed
DSP0001589,PHP0001171,Divya,9647818884,Gangapur,2026-04-26,RX0002140,Amlodipine,30,30,0,0,FAC003,Dispensed
DSP0001590,PHP0001172,Shobha Khan,9395607730,Indresham,2026-08-07,RX0002141,Cetirizine,5,15,0,0,FAC025,Dispensed
DSP0001591,PHP0001173,Anjali Begum,9053700145,Nomul,2026-02-12,RX0002142,Amlodipine,30,30,0,0,FAC018,Dispensed
DSP0001592,PHP0001174,Venkatesh Patel,+91-98896-07679,Kondamallepally,2026-05-20,RX0002145,Metformin,30,0,0,1,FAC011,Not dispensed due to stock
DSP0001593,PHP0001175,Vinod Krishna,9183845053,Ameenpur,2026-03-26,RX0002146,Amoxicillin,5,15,0,0,FAC027,Dispensed
DSP0001594,PHP0001176,Renuka Mudiraj,9100513611,Kalher,2026-02-15,RX0002147,Cetirizine,5,30,0,0,FAC020,Dispensed
DSP0001595,PHP0001177,Swathi Das,9191747527,DONUR,2026-06-08,RX0002149,Amlodipine,30,30,0,0,FAC009,Dispensed
DSP0001596,PHP0001178,Jyothi Laxman,9879184857,Gangapur,2026-02-03,RX0002150,Amoxicillin,5,30,0,0,FAC002,Dispensed
DSP0001597,PHP0001179,Raghav Reddy,9211358359,Nakrekal,2026-04-29,RX0002151,Amoxicillin,5,0,0,1,FAC016,Not dispensed due to stock
DSP0001598,PHP0001180,Arun Khan,9468237595,Nomula,2026-02-20,RX0002152,Amoxicillin,5,15,0,0,FAC018,Dispensed
DSP0001599,PHP0001180,run Khan,9468237595,Nomula,2026-02-17,RX0002152,Paracetamol,3,15,0,0,FAC018,Dispensed
DSP0001600,PHP0001181,Deepika Rao,+91-92592-33962,Velpula,2026-07-16,RX0002154,Cetirizine,5,30,0,0,FAC008,Dispensed
DSP0001601,PHP0001182,Shankar Narsimha,9439848350,Kummarikunta,2026-03-10,RX0002155,Amoxicillin,5,15,0,0,FAC015,Dispensed
DSP0001602,PHP0001182,Shankar Narsimha,9439848350,Kummarikunta,2026-04-21,RX0002156,Paracetamol,5,15,0,0,FAC014,Dispensed
DSP0001603,PHP0001183,Sai Mallaiah,9798240077,Kummarikunta,2026-06-29,RX0002159,Cetirizine,5,15,0,0,FAC014,Dispensed
DSP0001604,PHP0001184,Lalitha Mallaiah,9042464896,Kohir,2026-02-06,RX0002163,Pantoprazole,10,30,0,0,FAC023,Dispensed
DSP0001605,PHP0001185,Naresh Naeek,9863742798,Macharam,2026-05-11,RX0002165,Amlodipine,30,30,0,0,FAC001,Dispensed
DSP0001606,PHP0001186,Arun Mudiraj,9471614839,Kummarikunta,2026-01-23,RX0002167,Amlodipine,30,30,0,0,FAC013,Dispensed
DSP0001607,PHP0001187,Deepika,9970149600,Gundlapally,2026-05-08,RX0002168,Cetirizine,5,30,0,0,FAC010,Dispensed
DSP0001608,PHP0001188,Renuka Laxman,9510165202,Polepally,2026-06-11,RX0002169,Pantoprazole,10,30,0,0,FAC002,Dispensed
DSP0001609,PHP0001189,Suresh Naik,9987354870,Nakrekal,2026-01-03,RX0002170,Metformin,30,15,1,0,FAC016,Partially dispensed
DSP0001610,PHP0001190,Jyothi Krishna,9448469947,Kallepally,2026-03-19,RX0002171,Metformin,30,30,0,0,FAC004,Dispensed
DSP0001611,PHP0001190,Jyothi Krishna,,Kallepally,2026-03-18,RX0002171,Paracetamol,3,30,0,0,FAC004,Dispensed
DSP0001612,PHP0001191,Raghav Begum,9944748566,Midjil,2026-06-19,RX0002174,Cetirizine,5,30,0,0,FAC009,Dispensed
DSP0001613,PHP0001192,Kiran Das,9616543723,Mogudampally,2026-06-28,RX0002175,Amoxicillin,5,30,0,0,FAC022,Dispensed
DSP0001614,PHP0001192,Kiran Das,9616543723,Mogudampally,2026-06-29,RX0002175,Paracetamol,3,30,0,0,FAC022,Dispensed
DSP0001615,PHP0001193,Lalitha Kumar,+91-98046-54795,Macharam,2026-01-16,RX0002178,Amlodipine,30,15,1,0,FAC003,Partially dispensed
DSP0001616,PHP0001194,Ravi Narsimha,9650981000,Polepalli,2026-05-04,RX0002179,Paracetamol,5,30,0,0,FAC003,Dispensed
DSP0001617,PHP0001195,Swathi,,Nermata,2026-06-11,RX0002180,Amoxicillin,5,30,0,0,FAC015,Dispensed
DSP0001618,PHP0001196,Rajesh Begum,9093296866,Kondamallepally,2026-02-12,RX0002182,Amlodipine,30,30,0,0,FAC012,Dispensed
DSP0001619,PHP0001196,Rajesh Begum,9093296866,Kondamallepalli,2026-02-16,RX0002182,Metformin,30,30,0,0,FAC012,Dispensed
DSP0001620,PHP0001196,Rajesh Begum,9093296866,Kondamallepally,2026-02-11,RX0002182,Paracetamol,3,15,0,0,FAC012,Dispensed
DSP0001621,PHP0001197,Anitha Chary,9016977261,Nakrekal,2026-02-21,RX0002185,Amlodipine,30,30,0,0,FAC016,Dispensed
DSP0001622,PHP0001198,Kiran Chary,9648242033,Mogudampally,2026-06-07,RX0002186,Amlodipine,30,30,0,0,FAC022,Dispensed
DSP0001623,PHP0001198,Keeran Chary,9648242033,Mogudampally,2026-06-04,RX0002186,Metformin,30,15,1,0,FAC022,Partially dispensed
DSP0001624,PHP0001199,Jyothee Rao,9012441852,Indresham,2026-01-29,RX0002188,Cetirizine,5,15,0,0,FAC026,Dispensed
DSP0001625,PHP0001200,Arun Jangam,9292375609,Kummarikunta,2026-05-07,RX0002189,Amlodipine,30,15,1,0,FAC015,Partially dispensed
DSP0001626,PHP0001201,Shankar Patel,9622739511,Rajapur,2026-02-24,RX0002191,Amlodipine,30,15,1,0,FAC005,Partially dispensed
DSP0001627,PHP0001202,Saritha Rao,9068538778,Donur,2026-04-19,RX0002194,Amlodipine,30,15,1,0,FAC009,Partially dispensed
DSP0001628,PHP0001202,Saritha Rao,9068538778,Donur,2026-04-17,RX0002194,Metformin,30,15,1,0,FAC009,Partially dispensed
DSP0001629,PHP0001203,Rajesh Narsimha,9604518398,Indresham,2026-02-16,RX0002198,Metformin,30,30,0,0,FAC027,Dispensed
DSP0001630,PHP0001203,Rajesh Narsimha,,Indresham,2026-08-03,RX0002199,Metformin,30,15,1,0,FAC025,Partially dispensed
DSP0001631,PHP0001204,Saee Krishna,9216885257,Marrur,2026-06-28,RX0002200,Amoxicillin,5,30,0,0,FAC017,Dispensed
DSP0001632,PHP0001204,Sai Krishna,9216885257,Marrur,2026-06-29,RX0002200,Paracetamol,3,15,0,0,FAC017,Dispensed
DSP0001633,PHP0001205,Rani Kumar,9555501245,Devarakonda,2026-07-28,RX0002202,Amoxicillin,5,15,0,0,FAC011,Dispensed
DSP0001634,PHP0001206,Ramesh Reddy,+91-94598-68755,Kalher,2026-05-12,RX0002204,Cetirizine,5,15,0,0,FAC019,Dispensed
DSP0001635,PHP0001207,Srinivas Naik,9114960847,Kangti,2026-08-01,RX0002205,Pantoprazole,10,30,0,0,FAC021,Dispensed
DSP0001636,PHP0001207,Srinivas Naik,9114960847,Kangti,2026-07-31,RX0002205,Paracetamol,3,15,0,0,FAC021,Dispensed
DSP0001637,PHP0001208,Shankar Narsimha,9921513294,Bhanur,2026-02-25,RX0002207,Cetirizine,5,30,0,0,FAC025,Dispensed
DSP0001638,PHP0001209,Harika Kumar,+91-92859-43904,Manoor,2026-01-16,RX0002208,Amoxicillin,5,15,0,0,FAC021,Dispensed
DSP0001639,PHP0001210,Renuka Rao,9867505313,Patancheru,2026-04-20,RX0002209,Metformin,30,30,0,0,FAC026,Dispensed
DSP0001640,PHP0001211,Mounika Yadav,,Zaheerabad,2026-04-08,RX0002210,Amlodipine,30,15,1,0,FAC023,Partially dispensed
DSP0001641,PHP0001212,Harika Kumar,9965986687,Badepally,2026-05-14,RX0002212,Cetirizine,5,30,0,0,FAC003,Dispensed
DSP0001642,PHP0001213,Bhavani Mudiraj,9232811994,Kondamallepally,2026-03-10,RX0002213,Amlodipine,30,30,0,0,FAC011,Dispensed
DSP0001643,PHP0001213,Bhavani Mudiraj,9232811994,Kondamallepally,2026-07-26,RX0002214,Amlodipine,30,30,0,0,FAC012,Dispensed
DSP0001644,PHP0001214,Arun Jangam,9898296203,Manoor,2026-05-09,RX0002217,Pantoprazole,10,15,1,1,FAC021,Partially dispensed
DSP0001645,PHP0001214,Arun Jangam,9898296203,Manoor,2026-05-09,RX0002217,Paracetamol,3,15,0,0,FAC021,Dispensed
DSP0001646,PHP0001215,Sushma Khan,9678509069,Velpula,2026-02-23,RX0002220,Amlodipine,30,15,1,0,FAC007,Partially dispensed
DSP0001647,PHP0001216,Anitha Begum,9561856889,BALANAGAR,2026-06-20,RX0002221,Cetirizine,5,15,0,0,FAC004,Dispensed
DSP0001648,PHP0001217,Mohan Jangam,9734374163,Devarakonda,2026-01-14,RX0002222,Paracetamol,5,30,0,0,FAC012,Dispensed
DSP0001649,PHP0001218,Sushma Yadav,9367436512,Jharasangam,2026-07-10,RX0002223,Paracetamol,5,30,0,0,FAC024,Dispensed
DSP0001650,PHP0001218,Sushma Yadav,9367436512,Jharasangam,2026-07-09,RX0002223,Paracetamol,3,15,0,0,FAC024,Dispensed
DSP0001651,PHP0001218,Sushma Yadav,9367436512,Jharasangam,2026-08-05,RX0002225,Pantoprazole,10,30,0,0,FAC022,Dispensed
DSP0001652,PHP0001219,Harika Laxman,,Vemula,2026-03-11,RX0002226,Paracetamol,5,30,0,0,FAC007,Dispensed
DSP0001653,PHP0001220,Saee Krishna,9214120414,Balanagar,2026-08-02,RX0002227,Amlodipine,30,15,1,0,FAC006,Partially dispensed
DSP0001654,PHP0001221,Navin Goud,9905343502,Kondamallepally,2026-02-26,RX0002228,Amlodipine,30,30,0,0,FAC011,Dispensed
DSP0001655,PHP0001222,Mohan Jangam,9736088968,Kondamallepally,2026-06-01,RX0002229,Amlodipine,30,30,0,0,FAC012,Dispensed
DSP0001656,PHP0001223,Praveen Begum,+91-97477-87143,Jharasangam,2026-01-09,RX0002230,Amlodipine,30,15,1,0,FAC022,Partially dispensed
DSP0001657,PHP0001223,Praveen Begum,+91-97477-87143,Jharasangam,2026-03-27,RX0002231,Pantoprazole,10,30,0,0,FAC024,Dispensed
DSP0001658,PHP0001224,Anitha Mallaiah,9485312576,PEDDADINNE,2026-03-22,RX0002232,Amlodipine,30,15,1,0,FAC012,Partially dispensed
DSP0001659,PHP0001225,Anil Reddy,9222230000,Badepally,2026-08-13,RX0002235,Amoxicillin,5,30,0,0,FAC002,Dispensed
DSP0001660,PHP0001226,Deepika Rao,9062887530,Manoor,2026-05-30,RX0002236,Paracetamol,5,30,0,0,FAC021,Dispensed
DSP0001661,PHP0001226,Deepika,9062887530,Manoor,2026-05-26,RX0002236,Paracetamol,3,30,0,0,FAC021,Dispensed
DSP0001662,PHP0001227,Ravi Kumar,9255178564,Kohir,2026-02-02,RX0002239,Pantoprazole,10,30,0,0,FAC023,Dispensed
DSP0001663,PHP0001228,Arun Devi,9745476295,Kohir,2026-03-29,RX0002240,Metformin,30,30,0,0,FAC022,Dispensed
DSP0001664,PHP0001229,Rajesh Mudiraj,9605025130,Bhanur,2026-01-07,RX0002241,Amlodipine,30,0,0,1,FAC026,Not dispensed due to stock
DSP0001665,PHP0001229,Rajes Mudiraj,,Bhanur,2026-07-06,RX0002243,Paracetamol,3,15,0,0,FAC025,Dispensed
DSP0001666,PHP0001230,Swathi Khan,9650359852,Zaheerabad,2026-04-06,RX0002245,Amlodipine,30,30,0,0,FAC023,Dispensed
DSP0001667,PHP0001231,Raghav Khan,9104197758,Kondamallepally,2026-05-14,RX0002248,Paracetamol,5,15,0,0,FAC011,Dispensed
DSP0001668,PHP0001232,Swathi Laxman,9332304552,BALANAGAR,2026-06-10,RX0002249,Cetirizine,5,30,0,0,FAC004,Dispensed
DSP0001669,PHP0001232,Swathi Laxman,9332304552,Balanagar,2026-07-21,RX0002250,Cetirizine,5,15,0,0,FAC004,Dispensed
DSP0001670,PHP0001233,Kavitha Mudiraj,9362862012,Kangti,2026-01-12,RX0002252,Pantoprazole,10,15,0,0,FAC021,Dispensed
DSP0001671,PHP0001234,Srilatha Patel,9601154907,MANGALAPALLY,2026-05-07,RX0002253,Paracetamol,3,15,0,0,FAC016,Dispensed
DSP0001672,PHP0001235,Harika Reddy,9399552949,Machara,2026-05-01,RX0002256,Paracetamol,5,15,0,0,FAC001,Dispensed
DSP0001673,PHP0001236,Swathi Yadaw,,Mangalapally,2026-02-17,RX0002257,Paracetamol,3,15,0,0,FAC016,Dispensed
DSP0001674,PHP0001237,Jyothi Khan,9249505551,Indresham,2026-06-10,RX0002260,Metformin,30,15,1,0,FAC026,Partially dispensed
DSP0001675,PHP0001238,Kavitha Mallaiah,9705977010,Kummarikunta,2026-06-09,RX0002261,Amoxicillin,5,30,0,0,FAC013,Dispensed
DSP0001676,PHP0001239,Srilatha Krishna,9397599867,Patancheru,2026-05-29,RX0002262,Pantoprazole,10,30,0,0,FAC027,Dispensed
DSP0001677,PHP0001239,Srilatha Krishna,9397599967,Patancheru,2026-07-09,RX0002263,Paracetamol,5,30,0,0,FAC026,Dispensed
DSP0001678,PHP0001240,Shankar Mudiraj,9946349178,Nermata,2026-01-17,RX0002265,Pantoprazole,10,30,0,0,FAC014,Dispensed
DSP0001679,PHP0001241,Anitha,9209423134,Mangalapally,2026-02-14,RX0002266,Amlodipine,30,30,0,0,FAC016,Dispensed
DSP0001680,PHP0001242,Anjali Krishna,9262675857,Badepally,2026-02-14,RX0002267,Amoxicillin,5,15,0,0,FAC001,Dispensed
DSP0001681,PHP0001242,Anjali Krishna,9262675857,Badepally,2026-07-16,RX0002268,Cetirizine,5,30,0,0,FAC001,Dispensed
DSP0001682,PHP0001243,Rni Khan,9909398782,Jharasangam,2026-03-05,RX0002269,Cetirizine,5,30,0,0,FAC024,Dispensed
DSP0001683,PHP0001243,Rani Khan,9909398782,Jharasangam,2026-03-31,RX0002270,Paracetamol,5,30,0,0,FAC024,Dispensed
DSP0001684,PHP0001244,Sai Reddy,9583742890,Gundlapalli,2026-04-10,RX0002271,Amlodipine,30,30,0,0,FAC010,Dispensed
DSP0001685,PHP0001245,Sai Laxman,9480527078,Ameenpur,2026-04-28,RX0002272,Amlodipine,30,15,1,0,FAC026,Partially dispensed
DSP0001686,PHP0001246,Hrika Goud,,Vemula,2026-01-20,RX0002273,Amlodipine,30,30,0,0,FAC008,Dispensed
DSP0001687,PHP0001246,Harika Goud,9014179240,Vemula,2026-01-20,RX0002273,Metformin,30,30,0,0,FAC008,Dispensed
DSP0001688,PHP0001246,Hareeka Goud,,Vemula,2026-06-12,RX0002276,Amlodipine,30,15,1,1,FAC007,Partially dispensed
DSP0001689,PHP0001247,Rani Yadav,9176805238,Bhanur,2026-01-18,RX0002278,Amlodipine,30,0,0,1,FAC026,Not dispensed due to stock
DSP0001690,PHP0001248,Padma Kumar,9826799196,Vemula,2026-02-14,RX0002279,Amlodipine,30,30,0,0,FAC007,Dispensed
DSP0001691,PHP0001249,Raju Yadav,,Balanagar,2026-04-23,RX0002281,Amlodipine,30,0,0,1,FAC005,Not dispensed due to stock
DSP0001692,PHP0001250,Raghav Basha,9170317322,Badepally,2026-04-07,RX0002284,Metformin,30,30,0,0,FAC002,Dispensed
DSP0001693,PHP0001251,Anjali Rao,9809174340,Peddadinne,2026-03-23,RX0002285,Cetirizine,5,30,0,0,FAC012,Dispensed
DSP0001694,PHP0001251,Anjali Rao,9809174340,Peddadinne,2026-03-23,RX0002285,Paracetamol,3,15,0,0,FAC012,Dispensed
DSP0001695,PHP0001252,Anil Kumar,9197989813,Kummarikunta,2026-07-19,RX0002288,Paracetamol,5,15,0,0,FAC013,Dispensed
DSP0001696,PHP0001253,Bhavani Chary,9478592819,Chandur,2026-04-25,RX0002289,Cetirizine,5,15,0,0,FAC013,Dispensed
DSP0001697,PHP0001254,Santosh Narsimha,9594985890,Devarakonda,2026-04-13,RX0002291,Cetirizine,5,30,1,1,FAC010,Partially dispensed
DSP0001698,PHP0001254,Santosh Narsimha,9594985890,Devarakonda,2026-08-09,RX0002292,Pantoprazole,10,30,0,0,FAC011,Dispensed
DSP0001699,PHP0001255,Harika Narsimha,+91-99134-58981,Kondamallepally,2026-05-07,RX0002294,Cetirizine,5,30,0,0,FAC011,Dispensed
DSP0001700,PHP0001256,Anitha Reddy,9059911390,Narayankhed,2026-06-08,RX0002295,Amoxicillin,5,15,0,0,FAC019,Dispensed
DSP0001701,PHP0001257,Anil Krishna,9957577173,Kallepally,2026-03-19,RX0002296,Amlodipine,30,30,0,0,FAC004,Dispensed
DSP0001702,PHP0001258,Sushma Jangam,9427321486,Velpula,2026-03-26,RX0002297,Pantoprazole,10,15,0,0,FAC009,Dispensed
DSP0001703,PHP0001259,Mounika Kumar,9175316649,Kalher,2026-07-21,RX0002298,Amlodipine,30,30,0,0,FAC020,Dispensed
DSP0001704,PHP0001260,Nirmala Jangam,+91-96556-65123,Bangarigadda,2026-03-29,RX0002300,Pantoprazole,10,30,0,0,FAC015,Dispensed
DSP0001705,PHP0001261,Suresh Begum,9103676215,Mogudampally,2026-01-22,RX0002301,Amlodipine,30,30,0,0,FAC023,Dispensed
DSP0001706,PHP0001261,Suresh Begum,9103676215,Mogudampally,2026-08-09,RX0002302,Amlodipine,30,15,1,0,FAC022,Partially dispensed
DSP0001707,PHP0001262,Ramesh Mudiraj,9116578156,Kummarikunta,2026-05-23,RX0002303,Cetirizine,5,15,0,0,FAC013,Dispensed
DSP0001708,PHP0001263,Nirmala Yadav,9474389704,Gangapur,2026-06-07,RX0002304,Amlodipine,30,30,0,0,FAC001,Dispensed
DSP0001709,PHP0001264,Kavitha Laxman,9007056978,Kummarikunta,2026-05-14,RX0002306,Paracetamol,5,15,0,0,FAC014,Dispensed
DSP0001710,PHP0001265,Kirn Rao,9539802961,Kummarikunt,2026-05-11,RX0002308,Pantoprazole,10,30,0,0,FAC013,Dispensed
DSP0001711,PHP0001265,Kiran Rao,9539802961,Kummarikunta,2026-07-10,RX0002309,Amoxicillin,5,15,0,0,FAC015,Dispensed
DSP0001712,PHP0001266,Naresh Khan,9673191100,Narayankhed,2026-05-23,RX0002311,Paracetamol,5,0,0,1,FAC019,Not dispensed due to stock
DSP0001713,PHP0001267,Ramesh Yadav,9518124924,Manoor,2026-01-04,RX0002312,Metformin,30,15,1,0,FAC021,Partially dispensed
DSP0001714,PHP0001268,Jyothi Shekar,9380773719,Velpul,2026-05-04,RX0002313,Pantoprazole,10,15,0,0,FAC007,Dispensed
DSP0001715,PHP0001268,Jyothi Shekar,9380773719,Velpula,2026-04-29,RX0002313,Paracetamol,3,15,0,0,FAC007,Dispensed
DSP0001716,PHP0001269,Arun Narsimha,9783946473,Peddadinne,2026-04-06,RX0002315,Paracetamol,5,15,0,0,FAC010,Dispensed
DSP0001717,PHP0001269,Arun Narsimha,9783946473,Peddadinne,2026-04-04,RX0002315,Paracetamol,3,15,0,0,FAC010,Dispensed
DSP0001718,PHP0001270,Llitha Yadav,+91-90017-06774,Kondamallepall,2026-04-18,RX0002318,Amoxicillin,5,15,0,0,FAC010,Dispensed
DSP0001719,PHP0001271,Lakshmi Chary,9867957517,Polepally,2026-01-29,RX0002319,Cetirizine,5,30,0,0,FAC001,Dispensed
DSP0001720,PHP0001271,Lakshmi Chary,9867957517,Polepally,2026-07-09,RX0002320,Cetirizine,5,30,0,0,FAC003,Dispensed
DSP0001721,PHP0001272,Renuka Goud,9157594842,Kohir,2026-04-03,RX0002321,Pantoprazole,10,30,0,0,FAC023,Dispensed
DSP0001722,PHP0001273,Raju Naik,9625093774,Kummarikunta,2026-03-31,RX0002322,Pantoprazole,10,30,0,0,FAC015,Dispensed
DSP0001723,PHP0001273,Raju Naik,9625093774,KUMMARIKUNTA,2026-05-20,RX0002323,Amlodipine,30,30,0,0,FAC015,Dispensed
DSP0001724,PHP0001273,Raju Naik,,Kummarikunta,2026-05-15,RX0002323,Paracetamol,3,30,0,0,FAC015,Dispensed
DSP0001725,PHP0001274,Pravin Kumar,9139002356,Kummarikunta,2026-02-26,RX0002326,Metformin,30,15,1,0,FAC014,Partially dispensed
DSP0001726,PHP0001275,Swathi Basha,9241639612,GANGAPUR,2026-03-04,RX0002329,Amlodipine,30,15,1,0,FAC001,Partially dispensed
DSP0001727,PHP0001275,Swathee Basha,+91-92416-39612,Gangapur,2026-03-07,RX0002329,Metformin,30,15,1,0,FAC001,Partially dispensed
DSP0001728,PHP0001275,Swathi,9241639612,Gangapur,2026-03-07,RX0002329,Paracetamol,3,30,0,0,FAC001,Dispensed
DSP0001729,PHP0001276,Bhavani Patel,9337440382,Bodajanampet,2026-02-28,RX0002333,Pantoprazole,10,30,0,0,FAC006,Dispensed
DSP0001730,PHP0001277,Naveen Patel,9478867802,Rajapur,2026-04-08,RX0002334,Metformin,30,30,0,0,FAC004,Dispensed
DSP0001731,PHP0001277,Naveen Patel,9478867802,Rajapur,2026-04-08,RX0002334,Paracetamol,3,30,0,0,FAC004,Dispensed
DSP0001732,PHP0001278,Santosh Begum,+91-95723-08160,Polepall,2026-02-14,RX0002336,Paracetamol,5,15,0,0,FAC003,Dispensed
DSP0001733,PHP0001279,Suresh Basha,9409462910,Kondamallepally,2026-04-20,RX0002337,Amoxicillin,5,30,0,0,FAC012,Dispensed
DSP0001734,PHP0001280,Mohan Chary,,Donur,2026-02-20,RX0002338,Cetirizine,5,30,0,0,FAC008,Dispensed
DSP0001735,PHP0001281,Naresh Begum,9923204686,VELPULA,2026-01-07,RX0002339,Metformin,30,30,0,0,FAC007,Dispensed
DSP0001736,PHP0001281,Naresh Begum,9923204686,Velpula,2026-01-09,RX0002339,Paracetamol,3,30,0,0,FAC007,Dispensed
DSP0001737,PHP0001281,Naresh Begum,9923204686,Velpula,2026-05-21,RX0002341,Metformin,30,30,0,0,FAC009,Dispensed
DSP0001738,PHP0001281,Naresh Begum,9923204686,Velpula,2026-07-06,RX0002342,Metformin,30,30,0,0,FAC007,Dispensed
DSP0001739,PHP0001282,Jyothi Krishna,9797650993,Kummarikunta,2026-06-16,RX0002344,Cetirizine,5,30,0,0,FAC015,Dispensed
DSP0001740,PHP0001282,Jyothi Krishna,9997650993,Kummarikunta,2026-06-26,RX0002346,Amlodipine,30,15,1,1,FAC013,Partially dispensed
DSP0001741,PHP0001283,Mahesh Yadaw,,Mangalapally,2026-02-02,RX0002347,Cetirizine,5,30,0,0,FAC017,Dispensed
DSP0001742,PHP0001284,Swathi Chary,9657466137,CHANDUR,2026-03-19,RX0002348,Paracetamol,5,30,0,0,FAC013,Dispensed
DSP0001743,PHP0001285,Kirn Shekar,9169310525,Gangapur,2026-02-11,RX0002350,Amlodipine,30,15,1,0,FAC002,Partially dispensed
DSP0001744,PHP0001286,Nirmala Jangam,9630276255,Midjil,2026-01-13,RX0002353,Paracetamol,5,15,0,0,FAC008,Dispensed
DSP0001745,PHP0001287,Padma Jangam,,Marrur,2026-02-25,RX0002354,Metformin,30,15,1,0,FAC018,Partially dispensed
DSP0001746,PHP0001287,Padma Jangam,+91-96470-76971,Marrur,2026-03-14,RX0002355,Amoxicillin,5,15,0,0,FAC018,Dispensed
DSP0001747,PHP0001288,Praveen Naik,9355450585,Mogudampally,2026-04-02,RX0002356,Amoxicillin,5,30,0,0,FAC023,Dispensed
DSP0001748,PHP0001289,Lalitha Rao,9721701545,Velpula,2026-04-30,RX0002357,Paracetamol,5,30,0,0,FAC008,Dispensed
DSP0001749,PHP0001290,Raghav Basa,9859422354,Mangalapally,2026-04-09,RX0002360,Cetirizine,5,30,0,0,FAC016,Dispensed
DSP0001750,PHP0001291,Rajesh Narsimha,9836894080,Peddadinne,2026-02-11,RX0002361,Amoxicillin,5,15,0,0,FAC011,Dispensed
DSP0001751,PHP0001292,Vinod Yadav,,KALHER,2026-01-15,RX0002362,Amlodipine,30,30,0,0,FAC020,Dispensed
DSP0001752,PHP0001292,winod Yadav,,Kalher,2026-01-26,RX0002365,Metformin,30,15,1,0,FAC019,Partially dispensed
DSP0001753,PHP0001292,Vinod Yadav,9658115375,KALHER,2026-01-25,RX0002365,Paracetamol,3,30,0,0,FAC019,Dispensed
DSP0001754,PHP0001293,Venkatesh Reddy,9272651321,Bangarigadda,2026-01-25,RX0002367,Amlodipine,30,30,0,0,FAC013,Dispensed
DSP0001755,PHP0001293,Venkatesh Reddy,9272651321,Bangarigadda,2026-01-28,RX0002367,Paracetamol,3,0,0,1,FAC013,Not dispensed due to stock
DSP0001756,PHP0001294,Santosh Khan,9016458621,Nakrekal,2026-02-23,RX0002370,Cetirizine,5,30,0,0,FAC016,Dispensed
DSP0001757,PHP0001294,Santosh Khan,9016458621,Nakrekal,2026-02-20,RX0002370,Paracetamol,3,15,0,0,FAC016,Dispensed
DSP0001758,PHP0001295,Naween Goud,9351274013,Zaheerabad,2026-07-08,RX0002373,Amoxicillin,5,15,0,0,FAC023,Dispensed
DSP0001759,PHP0001296,Kiran Laxman,9194039697,JHARASANGAM,2026-08-10,RX0002374,Amlodipine,30,15,1,0,FAC024,Partially dispensed
DSP0001760,PHP0001297,Rajesh Reddy,,Bodajanampe,2026-03-05,RX0002376,Amlodipine,30,30,0,0,FAC004,Dispensed
DSP0001761,PHP0001298,Anitha Narsimha,9741990946,Gangapur,2026-07-17,RX0002377,Amoxicillin,5,30,0,0,FAC003,Dispensed
DSP0001762,PHP0001299,Nirmala Mudiraj,9976919513,Peddadinne,2026-06-30,RX0002379,Cetirizine,5,0,0,1,FAC011,Not dispensed due to stock
DSP0001763,PHP0001300,Shankar Reddy,+91-94301-66656,Zaheerabad,2026-05-05,RX0002380,Amlodipine,30,15,1,0,FAC023,Partially dispensed
DSP0001764,PHP0001300,Shankar Reddy,9430166656,Zaheerabad,2026-05-02,RX0002380,Paracetamol,3,15,0,0,FAC023,Dispensed
DSP0001765,PHP0001301,Rajesh Das,9403996976,Indresham,2026-06-02,RX0002382,Amoxicillin,5,0,0,1,FAC025,Not dispensed due to stock
DSP0001766,PHP0001302,Mounika Krishna,9577813583,Indresham,2026-04-30,RX0002385,Cetirizine,5,30,0,0,FAC026,Dispensed
DSP0001767,PHP0001303,Kavitha Mudiraj,+91-93039-74622,Bodajanampet,2026-01-10,RX0002387,Paracetamol,5,15,0,0,FAC005,Dispensed
DSP0001768,PHP0001304,Raghav Basha,9197931289,MARRUR,2026-03-19,RX0002388,Cetirizine,5,15,0,0,FAC017,Dispensed
DSP0001769,PHP0001305,Diwya Rao,,PATANCHERU,2026-04-19,RX0002389,Amlodipine,30,30,0,0,FAC025,Dispensed
DSP0001770,PHP0001306,Nirmala Devi,9211253361,Indresham,2026-02-07,RX0002392,Paracetamol,5,15,0,0,FAC026,Dispensed
DSP0001771,PHP0001307,Rajesh Jangam,9677531605,Marrur,2026-07-19,RX0002393,Metformin,30,15,1,0,FAC017,Partially dispensed
DSP0001772,PHP0001308,Padma Goud,9391647127,Marrur,2026-01-15,RX0002395,Amoxicillin,5,15,0,0,FAC018,Dispensed
DSP0001773,PHP0001309,Rani Begum,9088963979,Patancheru,2026-03-24,RX0002396,Amlodipine,30,30,0,0,FAC026,Dispensed
DSP0001774,PHP0001309,Rani Begum,9088863979,Patancheru,2026-03-21,RX0002396,Metformin,30,15,1,0,FAC026,Partially dispensed
DSP0001775,PHP0001310,Rju Begum,9516395999,Gangapur,2026-05-28,RX0002398,Amlodipine,30,30,0,0,FAC003,Dispensed
DSP0001776,PHP0001310,Raju Begum,+91-95163-95999,Gangapur,2026-05-27,RX0002398,Metformin,30,30,0,0,FAC003,Dispensed
DSP0001777,PHP0001311,Shobha Narsimha,9212433724,Bangarigadda,2026-06-03,RX0002400,Paracetamol,5,30,0,0,FAC014,Dispensed
DSP0001778,PHP0001312,Shankar Yadav,9052561907,Ameenpur,2026-06-18,RX0002401,Metformin,30,15,1,0,FAC026,Partially dispensed
DSP0001779,PHP0001313,Kavitha Khan,9524618040,Kondamallepally,2026-06-06,RX0002402,Amlodipine,30,15,1,0,FAC011,Partially dispensed
DSP0001780,PHP0001314,Sushma Jangam,9492369274,Bangarigadda,2026-01-01,RX0002403,Cetirizine,5,15,0,0,FAC013,Dispensed
DSP0001781,PHP0001315,Lalitha Shekar,+91-97584-56161,Peddadinne,2026-04-17,RX0002404,Pantoprazole,10,15,0,0,FAC010,Dispensed
DSP0001782,PHP0001316,Rajesh Narsimha,9866641347,Macharam,2026-02-23,RX0002406,Amlodipine,30,30,0,0,FAC003,Dispensed
DSP0001783,PHP0001316,Rajesh Narsimha,9866641347,Macharam,2026-03-14,RX0002407,Amlodipine,30,30,0,0,FAC001,Dispensed
DSP0001784,PHP0001317,Rani Rao,9296515384,Mangalapally,2026-05-28,RX0002408,Amoxicillin,5,15,0,0,FAC016,Dispensed
DSP0001785,PHP0001318,Rajesh Naik,9189621813,NARAYANKHED,2026-07-30,RX0002409,Cetirizine,5,15,0,0,FAC020,Dispensed
DSP0001786,PHP0001319,Suresh Yadav,9097645158,Indresham,2026-04-14,RX0002410,Amoxicillin,5,15,0,0,FAC027,Dispensed
DSP0001787,PHP0001319,Suresh Yadav,9097645158,Indresham,2026-07-05,RX0002411,Amoxicillin,5,30,0,0,FAC026,Dispensed
DSP0001788,PHP0001320,Arun Krishna,+91-90677-27379,Nomula,2026-07-15,RX0002412,Metformin,30,15,1,0,FAC017,Partially dispensed
DSP0001789,PHP0001321,Ramesh Naik,,Kalher,2026-04-24,RX0002414,Pantoprazole,10,30,0,0,FAC020,Dispensed
DSP0001790,PHP0001322,Swathi Devi,9925709782,Indresham,2026-03-07,RX0002415,Cetirizine,5,15,0,0,FAC027,Dispensed
DSP0001791,PHP0001322,Swathi Devi,9925709782,INDRESHAM,2026-05-28,RX0002416,Cetirizine,5,15,0,0,FAC025,Dispensed
DSP0001792,PHP0001323,Srilatha Das,9559207549,Mogudampally,2026-01-05,RX0002417,Cetirizine,5,15,0,0,FAC024,Dispensed
DSP0001793,PHP0001324,Deepika Goud,9483545180,Mogudampalli,2026-01-11,RX0002418,Paracetamol,5,15,0,0,FAC023,Dispensed
DSP0001794,PHP0001324,Deepika Goud,,Mogudampally,2026-04-18,RX0002419,Amoxicillin,5,30,0,0,FAC024,Dispensed
DSP0001795,PHP0001325,Arun Mudiraj,9540948265,Kummarikunta,2026-07-24,RX0002420,Amlodipine,30,15,1,0,FAC015,Partially dispensed
DSP0001796,PHP0001326,Nirmala Chary,9899347010,Ameenpur,2026-07-08,RX0002423,Cetirizine,5,30,0,0,FAC026,Dispensed
DSP0001797,PHP0001326,Nirmala,9899347010,Ameenpur,2026-07-06,RX0002423,Paracetamol,3,15,0,0,FAC026,Dispensed
DSP0001798,PHP0001327,Naresh Khan,9635081129,Mogudampally,2026-06-05,RX0002428,Metformin,30,30,0,0,FAC022,Dispensed
DSP0001799,PHP0001327,Naresh Khan,9635081129,Mogudampally,2026-07-27,RX0002429,Metformin,30,15,1,0,FAC023,Partially dispensed
DSP0001800,PHP0001327,Naresh,,Mogudampalli,2026-07-27,RX0002429,Paracetamol,3,15,0,0,FAC023,Dispensed
DSP0001801,PHP0001328,Si Laxman,9868349808,Donur,2026-08-02,RX0002431,Amoxicillin,5,15,0,0,FAC009,Dispensed
DSP0001802,PHP0001328,Sai Laxman,9868349808,Donur,2026-07-28,RX0002431,Paracetamol,3,30,0,0,FAC009,Dispensed
DSP0001803,PHP0001329,Nirmala Das,9329122673,Gundlapally,2026-03-08,RX0002433,Amoxicillin,5,15,0,0,FAC012,Dispensed
DSP0001804,PHP0001330,Mouneeka Laxman,+91-98192-44434,Balanagar,2026-05-08,RX0002435,Paracetamol,5,30,0,0,FAC006,Dispensed
DSP0001805,PHP0001331,Santosh Rao,+91-93393-44209,Gundlapally,2026-03-18,RX0002436,Paracetamol,5,30,0,0,FAC011,Dispensed
DSP0001806,PHP0001332,Saee Goud,9398205679,Donur,2026-04-17,RX0002437,Paracetamol,3,15,0,0,FAC008,Dispensed
DSP0001807,PHP0001333,Jyothi Basha,9084289814,Manoor,2026-05-14,RX0002439,Cetirizine,5,30,0,0,FAC020,Dispensed
DSP0001808,PHP0001334,Naresh Khan,+91-93097-44349,Gangapur,2026-07-28,RX0002440,Amlodipine,30,15,1,0,FAC002,Partially dispensed
DSP0001809,PHP0001335,Suresh Yadav,9308246024,Jharasangam,2026-05-10,RX0002442,Paracetamol,5,15,0,0,FAC023,Dispensed
DSP0001810,PHP0001336,Naresh Narsimha,9117704091,INDRESHAM,2026-07-22,RX0002443,Pantoprazole,10,30,0,0,FAC025,Dispensed
DSP0001811,PHP0001337,Nirmala Patel,9222043140,MANGALAPALLY,2026-06-11,RX0002444,Paracetamol,3,15,0,0,FAC016,Dispensed
DSP0001812,PHP0001338,Rajesh Narsimha,9323813858,Kangti,2026-01-23,RX0002446,Cetirizine,5,15,0,0,FAC020,Dispensed
DSP0001813,PHP0001339,Lalitha Mallaiah,9405430982,Vemula,2026-08-10,RX0002447,Paracetamol,5,30,0,0,FAC008,Dispensed
DSP0001814,PHP0001340,Swathi Narsimha,9164814695,Chandur,2026-06-26,RX0002448,Amoxicillin,5,15,0,0,FAC015,Dispensed
DSP0001815,PHP0001341,Saritha Rao,9192715856,Rajapur,2026-07-24,RX0002449,Cetirizine,5,15,0,0,FAC005,Dispensed
DSP0001816,PHP0001342,Anil Basha,9347278588,Kummarikunta,2026-04-17,RX0002450,Cetirizine,5,30,0,0,FAC015,Dispensed
DSP0001817,PHP0001343,Venkatesh Khan,9661983745,Peddadinne,2026-06-23,RX0002451,Pantoprazole,10,30,0,0,FAC010,Dispensed
DSP0001818,PHP0001344,Anitha Yadav,9866733628,Chandur,2026-04-11,RX0002456,Amoxicillin,5,15,0,0,FAC013,Dispensed
DSP0001819,PHP0001345,Saritha Yadav,9728275128,Kallepally,2026-04-18,RX0002458,Pantoprazole,10,15,0,0,FAC006,Dispensed
DSP0001820,PHP0001346,Mounika Jangam,9374350277,Velpula,2026-06-22,RX0002460,Paracetamol,5,30,0,0,FAC008,Dispensed
DSP0001821,PHP0001347,Ravi Goud,9609605858,Badepally,2026-05-01,RX0002463,Pantoprazole,10,30,0,0,FAC002,Dispensed
DSP0001822,PHP0001347,Ravi Goud,,Badepally,2026-05-25,RX0002464,Paracetamol,5,30,0,0,FAC001,Dispensed
DSP0001823,PHP0001348,Lakshmi Laxman,9201508422,Zaheerabad,2026-06-14,RX0002465,Pantoprazole,10,15,0,0,FAC024,Dispensed
DSP0001824,PHP0001348,Laksmi Laxman,9201508422,Zaheerabad,2026-06-21,RX0002466,Amoxicillin,5,15,0,0,FAC024,Dispensed
DSP0001825,PHP0001349,Kiran Devi,9288841441,Kallepall,2026-03-29,RX0002467,Metformin,30,30,0,0,FAC004,Dispensed
DSP0001826,PHP0001350,Mounika,9970923427,Devarakond,2026-03-31,RX0002469,Amoxicillin,5,30,0,0,FAC012,Dispensed
DSP0001827,PHP0001351,Harika Mallaiah,9718635499,Jharasangam,2026-05-07,RX0002471,Metformin,30,30,0,0,FAC023,Dispensed
DSP0001828,PHP0001352,Harika Naik,9415180567,MANOOR,2026-06-09,RX0002472,Paracetamol,5,15,0,0,FAC020,Dispensed
DSP0001829,PHP0001353,Srilatha Das,9670697671,Zaheerabad,2026-04-12,RX0002473,Cetirizine,5,15,0,0,FAC023,Dispensed
DSP0001830,PHP0001354,Mounika Basha,9271682929,Kondamallepally,2026-05-30,RX0002474,Amoxicillin,5,30,0,0,FAC010,Dispensed
DSP0001831,PHP0001355,Mounika Basha,9973386785,Balanagar,2026-04-17,RX0002475,Paracetamol,5,15,0,0,FAC004,Dispensed
DSP0001832,PHP0001355,Mounika Basha,9973386785,Balanagar,2026-06-18,RX0002476,Amlodipine,30,15,1,0,FAC004,Partially dispensed
DSP0001833,PHP0001356,Ramesh Yadav,9948897825,Nermata,2026-02-15,RX0002477,Cetirizine,5,30,0,0,FAC015,Dispensed
DSP0001834,PHP0001357,Srilatha Khan,9831091231,Vemula,2026-04-28,RX0002478,Pantoprazole,10,30,0,0,FAC009,Dispensed
DSP0001835,PHP0001357,Srilatha Khan,+91-98310-91231,Vemula,2026-06-07,RX0002479,Amoxicillin,5,30,0,0,FAC008,Dispensed
DSP0001836,PHP0001358,Anil Rao,9547437123,Gangapur,2026-02-07,RX0002480,Cetirizine,5,30,0,0,FAC002,Dispensed
DSP0001837,PHP0001359,Ravi Khan,9388143086,Gundlapally,2026-04-25,RX0002481,Metformin,30,30,0,0,FAC010,Dispensed
DSP0001838,PHP0001359,Ravi Khan,9388143086,Gundlapally,2026-04-25,RX0002481,Paracetamol,3,30,0,0,FAC010,Dispensed
DSP0001839,PHP0001360,Rani Shekar,9051597712,Jharasangam,2026-06-10,RX0002483,Cetirizine,5,30,0,0,FAC024,Dispensed
DSP0001840,PHP0001360,Rani Shekar,+91-90515-91712,Jharasangam,2026-08-07,RX0002484,Pantoprazole,10,15,0,0,FAC024,Dispensed
DSP0001841,PHP0001360,Rani Shekar,9051591712,Jharasangam,2026-08-05,RX0002484,Paracetamol,3,30,0,0,FAC024,Dispensed
DSP0001842,PHP0001361,Santosh Begum,9159222291,Bhanur,2026-07-09,RX0002486,Amlodipine,30,30,0,0,FAC026,Dispensed
DSP0001843,PHP0001361,Santosh Begum,9159222291,Bhanur,2026-07-09,RX0002486,Paracetamol,3,30,0,0,FAC026,Dispensed
DSP0001844,PHP0001362,Lakshmi Krishna,9549489211,Kalher,2026-01-30,RX0002488,Cetirizine,5,15,0,0,FAC019,Dispensed
DSP0001845,PHP0001363,Kiran Naik,9524766046,Polepally,2026-05-23,RX0002489,Cetirizine,5,15,0,0,FAC002,Dispensed
DSP0001846,PHP0001364,Lalitha Das,9453584548,Patancher,2026-03-29,RX0002490,Amoxicillin,5,15,0,0,FAC026,Dispensed
DSP0001847,PHP0001365,Lalita Mallaiah,9319239186,Kondamallepally,2026-07-16,RX0002492,Pantoprazole,10,30,0,0,FAC012,Dispensed
DSP0001848,PHP0001366,Vinod Jangam,9225246752,Kangti,2026-08-11,RX0002493,Amlodipine,30,15,1,0,FAC020,Partially dispensed
DSP0001849,PHP0001367,Swathi Devi,9667663690,Chandur,2026-02-10,RX0002495,Pantoprazole,10,15,0,0,FAC014,Dispensed
DSP0001850,PHP0001367,Swathi Devi,9667663690,Chandur,2026-04-17,RX0002496,Paracetamol,5,15,0,0,FAC014,Dispensed
DSP0001851,PHP0001368,Srinivas Rao,9609176427,VELPULA,2026-04-11,RX0002497,Cetirizine,5,30,0,0,FAC009,Dispensed
DSP0001852,PHP0001369,Raju Chary,9178479393,Bangarigadda,2026-01-16,RX0002502,Cetirizine,5,15,0,0,FAC015,Dispensed
DSP0001853,PHP0001369,Raju Chary,+91-91784-79393,Bangarigadda,2026-03-11,RX0002504,Paracetamol,5,15,0,0,FAC013,Dispensed
DSP0001854,PHP0001370,Jyothi Rao,9151281113,Nomula,2026-06-06,RX0002505,Paracetamol,5,15,0,0,FAC017,Dispensed
DSP0001855,PHP0001370,Jyothi Rao,,Nomula,2026-06-04,RX0002505,Paracetamol,3,30,0,0,FAC017,Dispensed
DSP0001856,PHP0001371,Swathi Naik,9965545638,Badepally,2026-07-17,RX0002507,Paracetamol,5,15,0,0,FAC003,Dispensed
DSP0001857,PHP0001372,Shankar Devi,9054327027,Velpula,2026-07-13,RX0002508,Amoxicillin,5,30,0,0,FAC009,Dispensed
DSP0001858,PHP0001373,Swathi Mudiraj,9234246822,Gundlapally,2026-07-01,RX0002509,Paracetamol,3,15,0,0,FAC010,Dispensed
DSP0001859,PHP0001374,Anil Khan,9057867674,Nakrekal,2026-08-15,RX0002511,Paracetamol,5,30,0,0,FAC018,Dispensed
DSP0001860,PHP0001374,Anil Khan,9057467674,Nakrekal,2026-08-18,RX0002511,Paracetamol,3,30,0,0,FAC018,Dispensed
DSP0001861,PHP0001375,Swathi,+91-94409-49274,Indresham,2026-03-20,RX0002513,Amoxicillin,5,15,0,0,FAC027,Dispensed
DSP0001862,PHP0001375,Swathi Krishna,+91-94409-49274,Indresha,2026-04-13,RX0002514,Cetirizine,5,30,0,0,FAC026,Dispensed
DSP0001863,PHP0001376,Srilatha Das,+91-98411-77417,Mangalapally,2026-02-01,RX0002515,Amlodipine,30,30,0,0,FAC017,Dispensed
DSP0001864,PHP0001376,Srilatha Das,,Mangalapall,2026-02-02,RX0002515,Metformin,30,30,0,0,FAC017,Dispensed
DSP0001865,PHP0001377,Srinivas Narsimha,,Jharasangam,2026-01-12,RX0002518,Amlodipine,30,15,1,0,FAC024,Partially dispensed
DSP0001866,PHP0001377,Srinivas Narsimha,,Jharasangam,2026-05-19,RX0002519,Amlodipine,30,30,0,0,FAC023,Dispensed
DSP0001867,PHP0001378,Naresh Khan,9949978941,Marrur,2026-04-22,RX0002520,Amlodipine,30,30,0,0,FAC018,Dispensed
DSP0001868,PHP0001378,Naresh Khan,+91-99499-78941,Marrur,2026-04-24,RX0002520,Metformin,30,30,0,0,FAC018,Dispensed
DSP0001869,PHP0001379,Lalitha Basha,9096526669,Kangti,2026-02-07,RX0002522,Paracetamol,5,30,0,0,FAC021,Dispensed
DSP0001870,PHP0001380,Shankar Laxman,9388326298,Jharasangam,2026-07-18,RX0002524,Amlodipine,30,0,0,1,FAC023,Not dispensed due to stock
DSP0001871,PHP0001380,Shankar Laxman,9388326298,Jharasangam,2026-07-20,RX0002524,Metformin,30,15,1,0,FAC023,Partially dispensed
DSP0001872,PHP0001381,Naveen Naik,9950889010,Kallepally,2026-06-13,RX0002526,Cetirizine,5,30,0,0,FAC005,Dispensed
DSP0001873,PHP0001382,Rajesh Yadav,,PEDDADINNE,2026-05-14,RX0002529,Metformin,30,15,1,0,FAC012,Partially dispensed
DSP0001874,PHP0001382,Rajesh Yadav,9702905868,Peddadinne,2026-05-11,RX0002529,Paracetamol,3,30,0,0,FAC012,Dispensed
DSP0001875,PHP0001383,Ravi Chary,9394817438,Nomula,2026-05-02,RX0002532,Paracetamol,5,30,0,0,FAC018,Dispensed
DSP0001876,PHP0001384,Padma Shekar,,Peddadinne,2026-06-19,RX0002534,Paracetamol,5,30,0,0,FAC012,Dispensed
DSP0001877,PHP0001385,Naresh Chary,9834899739,Velpula,2026-05-27,RX0002536,Pantoprazole,10,15,0,0,FAC009,Dispensed
DSP0001878,PHP0001386,Lakshmi Mudiraj,9281327718,Patancheru,2026-04-28,RX0002540,Cetirizine,5,30,0,0,FAC026,Dispensed
DSP0001879,PHP0001387,Mohan Jangam,9520732655,Kallepally,2026-01-09,RX0002541,Paracetamol,5,15,0,0,FAC005,Dispensed
DSP0001880,PHP0001388,Rajesh Das,9501536819,Ameenpur,2026-03-08,RX0002542,Metformin,30,30,0,0,FAC025,Dispensed
DSP0001881,PHP0001389,Lalitha Khan,9200944541,Devarakonda,2026-07-31,RX0002544,Amlodipine,30,15,1,0,FAC010,Partially dispensed
DSP0001882,PHP0001390,Sai Jangam,+91-90652-85196,Marrur,2026-06-03,RX0002545,Paracetamol,5,15,0,0,FAC018,Dispensed
DSP0001883,PHP0001390,Sai Jangam,9065285196,Marrur,2026-08-14,RX0002547,Pantoprazole,10,15,0,0,FAC016,Dispensed
DSP0001884,PHP0001391,Venkatesh Devi,9761163004,Gangapur,2026-06-21,RX0002549,Amlodipine,30,15,1,0,FAC001,Partially dispensed
DSP0001885,PHP0001392,Anil Das,9659097835,Kummarikunta,2026-04-04,RX0002551,Metformin,30,15,1,0,FAC013,Partially dispensed
DSP0001886,PHP0001392,nil Das,9659097835,Kummarikunta,2026-05-13,RX0002552,Amlodipine,30,15,1,0,FAC015,Partially dispensed
DSP0001887,PHP0001393,Naveen Patel,9179401101,Macharam,2026-04-13,RX0002554,Cetirizine,5,15,0,0,FAC001,Dispensed
DSP0001888,PHP0001394,Bhawani Das,,Bodajanampe,2026-07-20,RX0002555,Amlodipine,30,30,0,0,FAC005,Dispensed
DSP0001889,PHP0001394,Bhavani Das,9756125248,Bodajanampet,2026-07-20,RX0002555,Paracetamol,3,15,0,0,FAC005,Dispensed
DSP0001890,PHP0001395,Lalitha Mudiraj,9746543889,Kallepalli,2026-02-14,RX0002557,Paracetamol,5,15,0,0,FAC006,Dispensed
DSP0001891,PHP0001395,Lalitha Mudiraj,+91-97465-43889,Kallepally,2026-04-12,RX0002558,Pantoprazole,10,15,0,0,FAC004,Dispensed
DSP0001892,PHP0001396,Santosh Krishna,,Kummarikunta,2026-02-23,RX0002559,Amlodipine,30,15,1,0,FAC015,Partially dispensed
DSP0001893,PHP0001397,Aneetha Chary,9924850312,Nakrekal,2026-07-04,RX0002561,Amlodipine,30,30,0,0,FAC017,Dispensed
DSP0001894,PHP0001397,Anitha Chary,9924850312,Nakrekal,2026-07-21,RX0002563,Amlodipine,30,30,0,0,FAC016,Dispensed
DSP0001895,PHP0001398,Divya Yadav,9415764294,AMEENPUR,2026-03-23,RX0002564,Amlodipine,30,15,1,0,FAC026,Partially dispensed
DSP0001896,PHP0001399,Kiran Laxman,9711049971,Kangti,2026-01-04,RX0002565,Paracetamol,5,15,0,0,FAC021,Dispensed
DSP0001897,PHP0001400,Kiran Narsimha,9900692790,Vemula,2026-03-09,RX0002566,Paracetamol,5,15,0,0,FAC007,Dispensed
DSP0001898,PHP0001401,Kavitha Krishna,9386852823,Midjil,2026-07-18,RX0002568,Amlodipine,30,30,0,0,FAC009,Dispensed
DSP0001899,PHP0001402,Bhavani Khan,9887532310,Indresham,2026-05-27,RX0002569,Amlodipine,30,15,1,0,FAC026,Partially dispensed
DSP0001900,PHP0001403,Sreenivas Laxman,9388630209,Kohir,2026-05-30,RX0002571,Paracetamol,5,30,0,0,FAC023,Dispensed
DSP0001901,PHP0001404,Harika,9817279802,Chandur,2026-01-23,RX0002572,Metformin,30,30,0,0,FAC013,Dispensed
DSP0001902,PHP0001404,Harika Naik,9817279802,Chandur,2026-02-05,RX0002573,Amoxicillin,5,30,0,0,FAC013,Dispensed
DSP0001903,PHP0001405,Shankar Jangam,9263541795,Bhanur,2026-04-27,RX0002574,Pantoprazole,10,15,0,0,FAC025,Dispensed
DSP0001904,PHP0001406,Kirn Goud,9555584602,Gangapur,2026-07-11,RX0002575,Paracetamol,5,30,0,0,FAC002,Dispensed
DSP0001905,PHP0001407,Raghav Shekar,9090460652,Badepally,2026-06-02,RX0002576,Paracetamol,5,30,0,0,FAC001,Dispensed
DSP0001906,PHP0001408,Arun Mudiraj,,Polepally,2026-06-17,RX0002577,Pantoprazole,10,30,0,0,FAC002,Dispensed
DSP0001907,PHP0001409,Renuka Yadav,,BHANUR,2026-07-18,RX0002579,Paracetamol,5,15,0,0,FAC027,Dispensed
DSP0001908,PHP0001410,Jyothi Patel,9786574001,Midjil,2026-01-06,RX0002580,Paracetamol,5,15,0,0,FAC009,Dispensed
DSP0001909,PHP0001411,Ravi Mudiraj,9972051811,Kondamallepally,2026-08-07,RX0002581,Metformin,30,30,0,0,FAC011,Dispensed
DSP0001910,PHP0001412,Suresh Basha,9546932916,Devarakonda,2026-02-13,RX0002582,Metformin,30,30,0,0,FAC011,Dispensed
DSP0001911,PHP0001412,Suresh Basha,9546932916,Devarakonda,2026-02-14,RX0002582,Paracetamol,3,15,0,0,FAC011,Dispensed
DSP0001912,PHP0001413,Sushma Mudiraj,9254938508,Jharasangam,2026-03-06,RX0002584,Metformin,30,30,0,0,FAC022,Dispensed
DSP0001913,PHP0001414,Praveen Shekar,+91-97404-97264,Ameenpur,2026-07-21,RX0002585,Metformin,30,30,0,0,FAC026,Dispensed
DSP0001914,PHP0001415,Sushma Begum,9494639191,PATANCHERU,2026-06-05,RX0002586,Paracetamol,5,15,0,0,FAC027,Dispensed
DSP0001915,PHP0001415,Sushma Begum,+91-94946-39191,Patancheru,2026-05-31,RX0002586,Paracetamol,3,30,0,0,FAC027,Dispensed
DSP0001916,PHP0001416,Praveen Khan,9285761071,Bhanur,2026-05-25,RX0002589,Paracetamol,5,30,0,0,FAC027,Dispensed
DSP0001917,PHP0001417,Lalitha Kumar,9268963331,Balanagar,2026-04-17,RX0002591,Amlodipine,30,15,1,0,FAC006,Partially dispensed
DSP0001918,PHP0001418,Divya Goud,9428232555,Ameenpur,2026-02-04,RX0002592,Paracetamol,5,30,0,0,FAC027,Dispensed
DSP0001919,PHP0001419,Deepika Krishna,9515567858,Rajapur,2026-07-05,RX0002593,Amoxicillin,5,15,0,0,FAC005,Dispensed
DSP0001920,PHP0001420,Raghav Naik,9942285976,Balanagar,2026-02-13,RX0002594,Cetirizine,5,15,0,0,FAC004,Dispensed
DSP0001921,PHP0001421,Deepika Basha,9483432679,Ameenpur,2026-03-04,RX0002596,Pantoprazole,10,15,0,0,FAC025,Dispensed
DSP0001922,PHP0001422,Lalitha Devi,9766269466,Rajapur,2026-05-11,RX0002597,Cetirizine,5,15,0,0,FAC005,Dispensed
DSP0001923,PHP0001422,Lalitha Devi,9766269466,Rajapu,2026-06-14,RX0002598,Cetirizine,5,30,0,0,FAC005,Dispensed
DSP0001924,PHP0001423,Sushma Naik,9451091522,Marrur,2026-04-14,RX0002599,Amlodipine,30,30,0,0,FAC016,Dispensed
DSP0001925,PHP0001424,Deepika Chary,9563344728,Macharam,2026-06-23,RX0002601,Pantoprazole,10,15,0,0,FAC002,Dispensed
DSP0001926,PHP0001425,Kiran Yadav,9224720295,Macharam,2026-05-10,RX0002602,Amlodipine,30,15,1,0,FAC002,Partially dispensed
DSP0001927,PHP0001426,Anitha,9095178578,Marrur,2026-02-18,RX0002603,Paracetamol,3,15,0,0,FAC018,Dispensed
DSP0001928,PHP0001426,Anitha Mudiraj,9035178578,Marrur,2026-04-04,RX0002606,Amlodipine,30,15,1,0,FAC017,Partially dispensed
DSP0001929,PHP0001426,Anitha Mudiraj,9035178578,Marrur,2026-04-04,RX0002606,Metformin,30,30,0,0,FAC017,Dispensed
DSP0001930,PHP0001427,Kavitha Khan,9636060194,Zaheerabad,2026-01-27,RX0002608,Amlodipine,30,30,0,0,FAC024,Dispensed
DSP0001931,PHP0001428,Lakshmi Mudiraj,9692791983,Nakrekal,2026-04-18,RX0002609,Amlodipine,30,15,1,0,FAC016,Partially dispensed
DSP0001932,PHP0001428,Lakshmi Mudiraj,9692791983,Nakrekal,2026-04-18,RX0002609,Metformin,30,30,0,0,FAC016,Dispensed
DSP0001933,PHP0001429,Deevya Laxman,+91-97286-47225,Kangti,2026-02-24,RX0002612,Amoxicillin,5,30,0,0,FAC021,Dispensed
DSP0001934,PHP0001429,Divya Laxman,+91-97286-47225,Kangti,2026-02-25,RX0002612,Paracetamol,3,15,0,0,FAC021,Dispensed
DSP0001935,PHP0001430,Shobha Naik,9549626825,Kohir,2026-06-24,RX0002615,Amlodipine,30,15,1,0,FAC023,Partially dispensed
DSP0001936,PHP0001431,Kavita Devi,9993675885,Donur,2026-07-18,RX0002621,Amlodipine,30,15,1,0,FAC009,Partially dispensed
DSP0001937,PHP0001432,Sures Naik,9947204895,Mogudampally,2026-06-07,RX0002623,Amoxicillin,5,30,0,0,FAC022,Dispensed
DSP0001938,PHP0001432,Suresh Naik,9947204895,Mogudampally,2026-08-03,RX0002625,Metformin,30,15,1,0,FAC022,Partially dispensed
DSP0001939,PHP0001433,Rajesh Jangam,9954275248,Ameenpur,2026-07-01,RX0002626,Metformin,30,30,0,0,FAC026,Dispensed
DSP0001940,PHP0001434,Naveen Rao,9302334537,Kummarikunta,2026-05-09,RX0002627,Cetirizine,5,30,0,0,FAC013,Dispensed
DSP0001941,PHP0001434,Naveen Rao,9302334537,Kummarikunta,2026-05-10,RX0002627,Paracetamol,3,15,0,0,FAC013,Dispensed
DSP0001942,PHP0001435,Mohan Kumar,9407059731,Indresham,2026-04-16,RX0002629,Metformin,30,30,0,0,FAC025,Dispensed
DSP0001943,PHP0001436,Deepika Reddy,+91-94245-02629,Midjil,2026-03-23,RX0002632,Paracetamol,5,30,0,0,FAC009,Dispensed
DSP0001944,PHP0001437,Mohan Rao,9050161170,Mangalapall,2026-04-05,RX0002633,Amoxicillin,5,30,0,0,FAC017,Dispensed
DSP0001945,PHP0001437,Mohan Rao,9050161170,Mangalapalli,2026-05-01,RX0002634,Amoxicillin,5,0,0,1,FAC016,Not dispensed due to stock
DSP0001946,PHP0001438,Vinod Ydav,9888082691,Macharam,2026-06-18,RX0002635,Metformin,30,15,1,0,FAC002,Partially dispensed
DSP0001947,PHP0001439,Venkates Mudiraj,9263128856,Gundlapally,2026-07-04,RX0002636,Amlodipine,30,30,0,0,FAC010,Dispensed
DSP0001948,PHP0001440,Sai Yadav,9160215456,MIDJIL,2026-02-25,RX0002637,Paracetamol,5,30,0,0,FAC007,Dispensed
DSP0001949,PHP0001440,Sai Yadaw,+91-91602-15456,Midjil,2026-06-01,RX0002639,Amoxicillin,5,30,0,0,FAC009,Dispensed
DSP0001950,PHP0001441,Venkatesh Chary,9944735558,Devarakonda,2026-02-26,RX0002640,Paracetamol,5,30,0,0,FAC010,Dispensed
DSP0001951,PHP0001442,Lakshmi Rao,9985678594,Kallepally,2026-04-27,RX0002641,Amoxicillin,5,30,0,0,FAC005,Dispensed
DSP0001952,PHP0001443,Lakshmi Goud,9500435078,Zaheerabad,2026-05-25,RX0002644,Paracetamol,5,15,0,0,FAC022,Dispensed
DSP0001953,PHP0001444,Naveen Chary,9217359434,Manoo,2026-04-23,RX0002646,Amlodipine,30,30,0,0,FAC021,Dispensed
DSP0001954,PHP0001445,Rajesh Basha,9881195641,Kummarikunta,2026-04-09,RX0002647,Amoxicillin,5,30,0,0,FAC013,Dispensed
DSP0001955,PHP0001446,Dipika Das,9712944110,Velpula,2026-01-29,RX0002648,Metformin,30,30,0,0,FAC007,Dispensed
DSP0001956,PHP0001447,Harika Mudiraj,+91-98098-48577,Donur,2026-04-06,RX0002651,Paracetamol,5,15,0,0,FAC009,Dispensed
DSP0001957,PHP0001448,Mahesh Reddy,9961542699,Bodajanampet,2026-01-20,RX0002652,Amlodipine,30,30,0,0,FAC005,Dispensed
DSP0001958,PHP0001448,Mahesh Reddy,9961542699,Bodajanampet,2026-01-18,RX0002652,Metformin,30,30,0,0,FAC005,Dispensed
DSP0001959,PHP0001448,Mahesh Reddy,9961542699,Bodajanampet,2026-01-20,RX0002652,Paracetamol,3,30,0,0,FAC005,Dispensed
DSP0001960,PHP0001449,Dipika Kumar,,Velpula,2026-08-03,RX0002655,Amoxicillin,5,15,0,0,FAC008,Dispensed
DSP0001961,PHP0001450,njali Krishna,9651485845,Kangt,2026-02-07,RX0002657,Paracetamol,5,15,0,0,FAC021,Dispensed
DSP0001962,PHP0001451,Kvitha Das,,Kalher,2026-04-19,RX0002661,Amoxicillin,5,15,0,0,FAC020,Dispensed
DSP0001963,PHP0001452,Ravee Rao,9480763119,Manoor,2026-07-16,RX0002663,Paracetamol,5,15,0,0,FAC019,Dispensed
DSP0001964,PHP0001453,Lalitha Das,9693006611,Gundlapally,2026-01-27,RX0002664,Metformin,30,30,0,0,FAC010,Dispensed
DSP0001965,PHP0001454,Shobha Rao,9583574170,Devarakonda,2026-02-27,RX0002665,Amlodipine,30,15,1,0,FAC012,Partially dispensed
DSP0001966,PHP0001455,Mounika Yadav,9386425510,Balanagar,2026-02-27,RX0002667,Pantoprazole,10,30,0,0,FAC005,Dispensed
DSP0001967,PHP0001455,Mounik Yadav,+91-93866-25510,Balanagar,2026-02-28,RX0002667,Paracetamol,3,30,0,0,FAC005,Dispensed
DSP0001968,PHP0001456,Srilatha Narsimha,9222634778,Narayankhed,2026-03-09,RX0002669,Metformin,30,15,1,0,FAC019,Partially dispensed
DSP0001969,PHP0001457,Kaveetha Reddy,9978186041,Nermata,2026-04-28,RX0002670,Amlodipine,30,30,0,0,FAC014,Dispensed
DSP0001970,PHP0001457,Kavitha Reddy,9977186041,Nermata,2026-04-27,RX0002670,Metformin,30,15,1,0,FAC014,Partially dispensed
DSP0001971,PHP0001458,Mahesh Shekar,9603651598,Gundlapally,2026-06-15,RX0002674,Cetirizine,5,15,0,0,FAC012,Dispensed
DSP0001972,PHP0001459,Lalita Yadav,9807999725,Bangarigadda,2026-03-02,RX0002676,Amlodipine,30,30,0,0,FAC015,Dispensed
DSP0001973,PHP0001460,Mounika Krishna,9157942153,Rajapur,2026-03-20,RX0002677,Amlodipine,30,15,1,0,FAC004,Partially dispensed
DSP0001974,PHP0001460,Mounika Krishna,+91-91579-42153,Rajapur,2026-03-18,RX0002677,Paracetamol,3,15,0,0,FAC004,Dispensed
DSP0001975,PHP0001461,Sushma Yadav,9217097850,Narayankhed,2026-06-17,RX0002679,Amoxicillin,5,15,0,0,FAC021,Dispensed
DSP0001976,PHP0001462,Anil Das,9503203867,Vemula,2026-07-07,RX0002680,Amlodipine,30,30,0,0,FAC009,Dispensed
DSP0001977,PHP0001462,Anil Das,9503203867,Vemula,2026-07-06,RX0002680,Paracetamol,3,15,0,0,FAC009,Dispensed
DSP0001978,PHP0001463,Saritha Yadav,,Mogudampally,2026-08-18,RX0002683,Amlodipine,30,0,0,1,FAC023,Not dispensed due to stock
DSP0001979,PHP0001463,Saritha Yadav,9773951420,Mogudampally,2026-08-13,RX0002683,Metformin,30,15,1,0,FAC023,Partially dispensed
DSP0001980,PHP0001464,Ravi Goud,9767133673,Bangarigadda,2026-06-06,RX0002685,Amoxicillin,5,30,0,0,FAC015,Dispensed
DSP0001981,PHP0001465,Arun Mallaiah,9144126529,Marrur,2026-04-17,RX0002686,Pantoprazole,10,30,0,0,FAC018,Dispensed
DSP0001982,PHP0001466,Mounika,,Midjil,2026-02-10,RX0002687,Amlodipine,30,15,1,0,FAC009,Partially dispensed
DSP0001983,PHP0001466,Mounika Yadav,,Midjil,2026-03-28,RX0002688,Paracetamol,3,15,0,0,FAC009,Dispensed
DSP0001984,PHP0001466,Mounika Yadav,,Midjil,2026-06-24,RX0002690,Cetirizine,5,30,0,0,FAC007,Dispensed
DSP0001985,PHP0001467,Bhavani Das,9154814883,Bhanur,2026-02-07,RX0002692,Pantoprazole,10,30,0,0,FAC025,Dispensed
DSP0001986,PHP0001468,Bhavani Chary,9935218395,Kalher,2026-05-25,RX0002696,Amlodipine,30,15,1,0,FAC019,Partially dispensed
DSP0001987,PHP0001468,Bhavani Chary,9935218395,Kalher,2026-07-13,RX0002698,Amlodipine,30,30,0,0,FAC021,Dispensed
DSP0001988,PHP0001469,Vinod Mallaiah,9829170319,Bangarigadda,2026-07-16,RX0002699,Cetirizine,5,30,0,0,FAC013,Dispensed
DSP0001989,PHP0001470,Srilatha Goud,9998962138,Mogudampally,2026-06-01,RX0002700,Cetirizine,5,30,0,0,FAC023,Dispensed
DSP0001990,PHP0001471,Venkatesh Laxman,9452042903,Kohir,2026-02-11,RX0002701,Amoxicillin,5,30,0,0,FAC024,Dispensed
DSP0001991,PHP0001472,Anil Jangam,9035563110,Gangapur,2026-06-19,RX0002702,Amlodipine,30,15,1,0,FAC001,Partially dispensed
DSP0001992,PHP0001473,Ramesh Rao,9082097382,Badepally,2026-03-04,RX0002703,Pantoprazole,10,15,0,0,FAC003,Dispensed
DSP0001993,PHP0001474,Harika Krishna,9732672694,Mangalapally,2026-04-08,RX0002704,Paracetamol,5,30,0,0,FAC017,Dispensed
DSP0001994,PHP0001475,Ravi Rao,9140401787,KOHIR,2026-07-17,RX0002707,Amlodipine,30,30,0,0,FAC022,Dispensed
DSP0001995,PHP0001475,Ravi Rao,9140401787,Kohir,2026-07-19,RX0002707,Metformin,30,30,0,0,FAC022,Dispensed
DSP0001996,PHP0001476,Mounika Das,+91-96986-71479,Kallepally,2026-04-20,RX0002709,Metformin,30,30,0,0,FAC006,Dispensed
DSP0001997,PHP0001476,Mounika Das,9698671479,Kallepally,2026-06-01,RX0002710,Metformin,30,15,1,0,FAC005,Partially dispensed
DSP0001998,PHP0001477,Shobha Naik,9463853681,Kummarikunta,2026-05-23,RX0002711,Pantoprazole,10,30,0,0,FAC013,Dispensed
DSP0001999,PHP0001478,Rani Goud,9320555282,Kalher,2026-08-07,RX0002713,Paracetamol,5,15,0,0,FAC019,Dispensed
DSP0002000,PHP0001478,Rani Goud,9320555282,Kalher,2026-08-07,RX0002713,Paracetamol,3,15,0,0,FAC019,Dispensed
DSP0002001,PHP0001479,Ravi Patel,,Kallepally,2026-05-09,RX0002716,Cetirizine,5,15,0,0,FAC006,Dispensed
DSP0002002,PHP0001479,Ravi Patel,9734523695,Kallepally,2026-06-24,RX0002717,Metformin,30,15,1,0,FAC004,Partially dispensed
DSP0002003,PHP0001480,Santosh Begum,,Vemula,2026-06-28,RX0002719,Cetirizine,5,30,0,0,FAC007,Dispensed
DSP0002004,PHP0001481,Sriniwas Devi,9511487703,Balanagar,2026-07-10,RX0002720,Cetirizine,5,15,0,0,FAC005,Dispensed
DSP0002005,PHP0001482,Kiran Patel,9542491781,Badepally,2026-06-18,RX0002721,Amlodipine,30,30,0,0,FAC003,Dispensed
DSP0002006,PHP0001482,Kiran Patel,+91-95424-91781,Badepalli,2026-06-14,RX0002721,Paracetamol,3,30,0,0,FAC003,Dispensed
DSP0002007,PHP0001482,Kiran Patel,+91-95424-91781,BADEPALLY,2026-07-27,RX0002723,Cetirizine,5,15,0,0,FAC003,Dispensed
DSP0002008,PHP0001483,Anil Chary,9339180808,Bodajanampe,2026-04-06,RX0002725,Pantoprazole,10,15,0,0,FAC005,Dispensed
DSP0002009,PHP0001484,Srilatha Naik,9593616818,Devarakonda,2026-01-05,RX0002727,Metformin,30,15,1,0,FAC010,Partially dispensed
DSP0002010,PHP0001484,Srilatha Naik,9593616818,Devarakonda,2026-01-06,RX0002727,Paracetamol,3,15,0,0,FAC010,Dispensed
DSP0002011,PHP0001485,Sushma Jangam,9712644486,Kondamallepally,2026-04-06,RX0002731,Paracetamol,5,30,0,0,FAC010,Dispensed
DSP0002012,PHP0001486,Kavitha Chary,9447091602,Vemula,2026-04-07,RX0002733,Paracetamol,5,15,0,0,FAC008,Dispensed
DSP0002013,PHP0001486,Kavitha Chary,9447091602,Vemula,2026-04-10,RX0002733,Paracetamol,3,30,0,0,FAC008,Dispensed
DSP0002014,PHP0001487,Harika Yadav,9969702732,Kangti,2026-05-21,RX0002736,Paracetamol,5,0,0,1,FAC019,Not dispensed due to stock
DSP0002015,PHP0001487,Harika Yadav,9969702732,KANGTI,2026-06-23,RX0002737,Metformin,30,30,0,0,FAC020,Dispensed
DSP0002016,PHP0001487,Harika Yadav,+91-99697-02732,Kangti,2026-06-23,RX0002737,Paracetamol,3,15,0,0,FAC020,Dispensed
DSP0002017,PHP0001488,Naresh Devi,9016666177,Nomula,2026-07-13,RX0002739,Amlodipine,30,30,0,0,FAC017,Dispensed
DSP0002018,PHP0001489,Sushma Rao,9138312577,Polepally,2026-07-27,RX0002740,Cetirizine,5,30,0,0,FAC001,Dispensed
DSP0002019,PHP0001490,Rajesh,,Kallepally,2026-03-07,RX0002743,Amlodipine,30,30,0,0,FAC005,Dispensed
DSP0002020,PHP0001491,Renuka Basha,9658411067,PATANCHERU,2026-06-24,RX0002746,Amlodipine,30,30,0,0,FAC025,Dispensed
DSP0002021,PHP0001491,Renuka Basha,9658411067,Patancheru,2026-06-26,RX0002746,Metformin,30,15,1,0,FAC025,Partially dispensed
DSP0002022,PHP0001492,Bhavani Mudiraj,9236935024,Badepally,2026-07-26,RX0002748,Paracetamol,5,30,0,0,FAC001,Dispensed
DSP0002023,PHP0001493,Mhesh Patel,9696866320,Midjil,2026-02-28,RX0002749,Paracetamol,5,30,0,0,FAC008,Dispensed
DSP0002024,PHP0001494,Sai Reddy,9299402677,BANGARIGADDA,2026-05-30,RX0002751,Amlodipine,30,30,0,0,FAC014,Dispensed
DSP0002025,PHP0001495,Suresh Khan,9601131983,KALLEPALLY,2026-01-23,RX0002753,Amlodipine,30,15,1,0,FAC005,Partially dispensed
DSP0002026,PHP0001495,Suresh Khan,9601131983,Kallepally,2026-01-26,RX0002753,Paracetamol,3,30,0,0,FAC005,Dispensed
DSP0002027,PHP0001496,Shobh Shekar,9571818486,Indresham,2026-06-12,RX0002758,Pantoprazole,10,30,0,0,FAC026,Dispensed
DSP0002028,PHP0001497,Anil Khan,9836397180,Indresham,2026-01-16,RX0002759,Amlodipine,30,30,0,0,FAC025,Dispensed
DSP0002029,PHP0001497,Anil Khan,9836397180,Indresham,2026-01-21,RX0002759,Metformin,30,15,1,0,FAC025,Partially dispensed
DSP0002030,PHP0001498,Deepika Rao,9403540990,Jharasangam,2026-05-28,RX0002761,Amlodipine,30,30,0,0,FAC024,Dispensed
DSP0002031,PHP0001498,Deepika Rao,9403540990,Jharasangam,2026-05-26,RX0002761,Metformin,30,30,0,0,FAC024,Dispensed
DSP0002032,PHP0001499,Naresh Devi,9410501422,Peddadinne,2026-08-09,RX0002764,Pantoprazole,10,30,0,0,FAC012,Dispensed
DSP0002033,PHP0001500,Kavitha Kumar,9610132859,Mogudampally,2026-03-22,RX0002765,Pantoprazole,10,15,0,0,FAC024,Dispensed
DSP0002034,PHP0001501,Jyothi Mallaiah,9852848897,Macharam,2026-01-14,RX0002767,Cetirizine,5,15,0,0,FAC003,Dispensed
DSP0002035,PHP0001502,Sai Khan,9279373555,Mangalapally,2026-02-16,RX0002769,Metformin,30,15,1,0,FAC018,Partially dispensed
DSP0002036,PHP0001503,Naveen Laxman,9827649411,Kondamallepally,2026-08-16,RX0002770,Amoxicillin,5,30,0,0,FAC011,Dispensed
DSP0002037,PHP0001504,Sushma Kumar,9227281999,Narayankhed,2026-06-01,RX0002771,Metformin,30,15,1,0,FAC021,Partially dispensed
DSP0002038,PHP0001505,Arun Patel,9428456344,Bhanur,2026-05-11,RX0002772,Amoxicillin,5,30,0,0,FAC027,Dispensed
DSP0002039,PHP0001506,Divy Naik,9109524865,Manoor,2026-04-28,RX0002773,Cetirizine,5,15,0,0,FAC019,Dispensed
DSP0002040,PHP0001506,Divya Naik,9109524865,MANOOR,2026-05-03,RX0002773,Paracetamol,3,30,0,0,FAC019,Dispensed
DSP0002041,PHP0001507,Suresh Kumar,9010172856,NARAYANKHED,2026-02-10,RX0002775,Amlodipine,30,30,0,0,FAC020,Dispensed
DSP0002042,PHP0001508,Raghaw Begum,+91-93135-94245,Midjil,2026-03-29,RX0002777,Pantoprazole,10,30,0,0,FAC009,Dispensed
DSP0002043,PHP0001509,Srilatha Basha,9805048100,Chandur,2026-07-15,RX0002778,Paracetamol,5,30,0,0,FAC015,Dispensed
DSP0002044,PHP0001510,Anjali Khan,9374163748,Marrur,2026-04-29,RX0002780,Pantoprazole,10,30,0,0,FAC017,Dispensed
DSP0002045,PHP0001511,Jyothi Rao,9452409160,Nermata,2026-05-04,RX0002781,Pantoprazole,10,30,0,0,FAC014,Dispensed
DSP0002046,PHP0001512,Nirmala Kumar,9673559401,Kalher,2026-03-08,RX0002783,Amoxicillin,5,15,0,0,FAC019,Dispensed
DSP0002047,PHP0001513,Jyothi,9093973785,Jharasangam,2026-06-11,RX0002784,Paracetamol,5,15,0,0,FAC024,Dispensed
DSP0002048,PHP0001513,Jyothi Krishna,9093973785,Jharasangam,2026-08-10,RX0002785,Amoxicillin,5,15,0,0,FAC024,Dispensed
DSP0002049,PHP0001514,Praveen Laxman,9382651983,Kondamallepally,2026-02-10,RX0002786,Metformin,30,15,1,0,FAC010,Partially dispensed
DSP0002050,PHP0001514,Praveen Laxman,9382651983,Kondamallepally,2026-04-08,RX0002787,Metformin,30,15,1,0,FAC011,Partially dispensed
DSP0002051,PHP0001514,Praveen Laxman,9382651983,Kondamallepally,2026-06-02,RX0002788,Amoxicillin,5,15,0,0,FAC011,Dispensed
DSP0002052,PHP0001515,Lakshmi Devi,9641228853,Jharasangam,2026-08-15,RX0002789,Amlodipine,30,15,1,0,FAC022,Partially dispensed
DSP0002053,PHP0001515,Lakshmi Devi,9641228853,Jharasangam,2026-08-16,RX0002789,Metformin,30,15,1,0,FAC022,Partially dispensed
DSP0002054,PHP0001516,Suresh Goud,9200514342,Macharam,2026-04-26,RX0002791,Paracetamol,5,15,0,0,FAC003,Dispensed
DSP0002055,PHP0001517,Anil Chary,9293880305,Peddadinne,2026-04-28,RX0002794,Metformin,30,30,0,0,FAC010,Dispensed
DSP0002056,PHP0001518,Rani Das,+91-99631-82083,GANGAPUR,2026-08-11,RX0002795,Amoxicillin,5,15,0,0,FAC003,Dispensed
DSP0002057,PHP0001519,Santos Reddy,9578065571,Macharam,2026-08-15,RX0002797,Metformin,30,15,1,0,FAC002,Partially dispensed
DSP0002058,PHP0001520,Renuka Devi,9246731416,Kummarikunta,2026-03-05,RX0002799,Metformin,30,30,0,0,FAC014,Dispensed
DSP0002059,PHP0001521,Arun Begum,9630604740,Kallepally,2026-04-02,RX0002800,Paracetamol,5,15,0,0,FAC006,Dispensed
DSP0002060,PHP0001522,Kavita Rao,9648647225,Balanagar,2026-03-08,RX0002801,Metformin,30,15,1,0,FAC006,Partially dispensed
DSP0002061,PHP0001523,Anjali Naik,9587390738,Nermata,2026-01-16,RX0002802,Cetirizine,5,15,0,0,FAC015,Dispensed
DSP0002062,PHP0001524,Shobha Rao,9718967280,Gangapur,2026-05-15,RX0002803,Amlodipine,30,15,1,0,FAC003,Partially dispensed
DSP0002063,PHP0001525,Anil Basha,,Kalher,2026-06-23,RX0002804,Paracetamol,3,15,0,0,FAC021,Dispensed
DSP0002064,PHP0001526,Sai Laxman,9888498698,Mangalapalli,2026-05-07,RX0002808,Metformin,30,30,0,0,FAC016,Dispensed
DSP0002065,PHP0001527,Mohan Begum,9429526515,Nermata,2026-03-05,RX0002811,Pantoprazole,10,15,0,0,FAC013,Dispensed
DSP0002066,PHP0001528,Raju Laxman,9662682121,Kohir,2026-02-27,RX0002813,Amlodipine,30,15,1,0,FAC023,Partially dispensed
DSP0002067,PHP0001528,Raju Laxman,9622682121,Kohir,2026-02-28,RX0002813,Metformin,30,30,0,0,FAC023,Dispensed
DSP0002068,PHP0001528,Raju Laxman,,KOHIR,2026-03-01,RX0002813,Paracetamol,3,15,0,0,FAC023,Dispensed
DSP0002069,PHP0001529,Lalitha Yadav,,Peddadinne,2026-07-12,RX0002816,Amlodipine,30,15,1,0,FAC011,Partially dispensed
DSP0002070,PHP0001529,Lalitha Yadav,9121048714,PEDDADINNE,2026-07-31,RX0002817,Cetirizine,5,15,0,0,FAC010,Dispensed
DSP0002071,PHP0001530,Naveen Das,+91-90158-86477,Chandur,2026-01-14,RX0002818,Amlodipine,30,15,1,0,FAC014,Partially dispensed
DSP0002072,PHP0001530,Naveen Das,9015886477,Chandur,2026-01-16,RX0002818,Paracetamol,3,15,0,0,FAC014,Dispensed
DSP0002073,PHP0001531,Kiran Chary,9134636577,Midjil,2026-08-15,RX0002820,Amlodipine,30,30,0,0,FAC007,Dispensed
DSP0002074,PHP0001531,Kiran Chary,9134636577,MIDJIL,2026-08-10,RX0002820,Paracetamol,3,15,0,0,FAC007,Dispensed
DSP0002075,PHP0001532,Naresh Devi,9161232126,Kallepally,2026-08-13,RX0002822,Pantoprazole,10,30,0,0,FAC005,Dispensed
DSP0002076,PHP0001533,Saritha Laxman,9410674138,Velpula,2026-08-05,RX0002825,Paracetamol,3,15,0,0,FAC009,Dispensed
DSP0002077,PHP0001534,Naresh Mallaiah,9251727880,CHANDUR,2026-06-16,RX0002827,Metformin,30,30,0,0,FAC014,Dispensed
DSP0002078,PHP0001535,Kiran Devi,9862343898,Kummarikunta,2026-05-03,RX0002828,Paracetamol,5,30,0,0,FAC014,Dispensed
DSP0002079,PHP0001535,Kiran Devi,9862343898,Kummarikunta,2026-07-25,RX0002829,Paracetamol,5,30,0,0,FAC015,Dispensed
DSP0002080,PHP0001536,Anitha Mallaiah,9167998071,Nermata,2026-05-30,RX0002830,Amlodipine,30,15,1,0,FAC015,Partially dispensed
DSP0002081,PHP0001537,Naveen Yadav,9425423001,Midjil,2026-01-25,RX0002831,Cetirizine,5,0,0,1,FAC009,Not dispensed due to stock
DSP0002082,PHP0001538,Venkatesh Basha,9131161883,Kangti,2026-07-21,RX0002832,Amlodipine,30,15,1,0,FAC020,Partially dispensed
DSP0002083,PHP0001539,Srilatha Mallaiah,9718280960,Indresham,2026-04-01,RX0002833,Paracetamol,5,30,0,0,FAC027,Dispensed
DSP0002084,PHP0001540,Raghav Jangam,9265751888,Gundlapally,2026-01-09,RX0002834,Pantoprazole,10,30,0,0,FAC010,Dispensed
DSP0002085,PHP0001541,Raju Devi,9587411409,POLEPALLY,2026-04-22,RX0002836,Paracetamol,5,30,0,0,FAC003,Dispensed
DSP0002086,PHP0001542,Renuka Reddy,9967548434,Balanagar,2026-04-24,RX0002837,Amlodipine,30,15,1,0,FAC006,Partially dispensed
DSP0002087,PHP0001542,Renuka Reddy,9967548434,Balanagar,2026-05-29,RX0002838,Amlodipine,30,15,1,0,FAC005,Partially dispensed
DSP0002088,PHP0001543,Renuka Mudiraj,9913495936,Velpula,2026-07-31,RX0002839,Amoxicillin,5,30,0,0,FAC008,Dispensed
DSP0002089,PHP0001544,Rani Kumar,+91-92053-75588,Manoor,2026-04-22,RX0002840,Metformin,30,30,0,0,FAC021,Dispensed
DSP0002090,PHP0001545,Swathi Shekar,9850457588,Kummarikunta,2026-06-04,RX0002841,Pantoprazole,10,15,0,0,FAC015,Dispensed
DSP0002091,PHP0001546,Swathi Reddy,9052927237,Polepally,2026-01-11,RX0002842,Amlodipine,30,15,1,0,FAC001,Partially dispensed
DSP0002092,PHP0001546,Swathi Reddy,9052927237,Polepally,2026-01-06,RX0002842,Metformin,30,30,0,0,FAC001,Dispensed
DSP0002093,PHP0001547,Lalitha Krishna,9327579371,Kallepalli,2026-07-15,RX0002844,Amoxicillin,5,30,0,0,FAC006,Dispensed
DSP0002094,PHP0001547,Lalitha Krishna,9327579371,Kallepally,2026-07-15,RX0002844,Paracetamol,3,30,0,0,FAC006,Dispensed
DSP0002095,PHP0001548,Srilatha Rao,,Velpul,2026-03-09,RX0002846,Amoxicillin,5,30,0,0,FAC009,Dispensed
DSP0002096,PHP0001549,Renuk Yadav,9970581742,Bangarigadda,2026-05-01,RX0002847,Metformin,30,30,0,0,FAC014,Dispensed
DSP0002097,PHP0001550,Venkatesh Naik,9832415859,Kohir,2026-04-13,RX0002849,Amoxicillin,5,15,0,0,FAC024,Dispensed
DSP0002098,PHP0001551,Arun Chary,9331078925,Polepally,2026-05-26,RX0002850,Cetirizine,5,15,0,0,FAC003,Dispensed
DSP0002099,PHP0001552,Renuka Begum,9852472040,Kohir,2026-07-29,RX0002851,Amlodipine,30,15,1,1,FAC023,Partially dispensed
DSP0002100,PHP0001553,Venkatesh,9855183453,Indresham,2026-02-25,RX0002852,Paracetamol,5,30,0,0,FAC027,Dispensed
DSP0002101,PHP0001554,Mounika Narsimha,,POLEPALLY,2026-07-27,RX0002853,Cetirizine,5,30,0,0,FAC003,Dispensed
DSP0002102,PHP0001555,Vinod Goud,,Vemula,2026-02-14,RX0002854,Amlodipine,30,15,1,0,FAC009,Partially dispensed
DSP0002103,PHP0001556,Renuka Narsimha,9060263453,Midjil,2026-07-05,RX0002855,Pantoprazole,10,15,0,0,FAC007,Dispensed
DSP0002104,PHP0001556,Renuka Narsimha,,Midjil,2026-08-10,RX0002856,Paracetamol,5,15,0,0,FAC007,Dispensed
DSP0002105,PHP0001557,Bhavani Rao,9631264050,Narayankhed,2026-04-25,RX0002857,Paracetamol,5,15,0,0,FAC021,Dispensed
DSP0002106,PHP0001558,Kiran Rao,9861264518,Balanagar,2026-04-21,RX0002859,Metformin,30,30,0,0,FAC004,Dispensed
DSP0002107,PHP0001558,Kiran Rao,9861264518,Balanagar,2026-05-29,RX0002860,Cetirizine,5,15,0,0,FAC005,Dispensed
DSP0002108,PHP0001559,Anjali Basha,9697331563,Manoor,2026-03-09,RX0002861,Pantoprazole,10,15,0,0,FAC019,Dispensed
DSP0002109,PHP0001560,Divya Kumar,9699819087,Gundlapally,2026-04-14,RX0002862,Paracetamol,5,15,0,0,FAC010,Dispensed
DSP0002110,PHP0001561,Rani Patel,9521509037,Manoor,2026-04-10,RX0002864,Amlodipine,30,30,0,0,FAC020,Dispensed
DSP0002111,PHP0001561,Rani Patel,9521509037,Manoor,2026-04-09,RX0002864,Paracetamol,3,15,0,0,FAC020,Dispensed
DSP0002112,PHP0001562,Rajesh Goud,9837296873,Velpula,2026-06-22,RX0002866,Metformin,30,30,0,0,FAC007,Dispensed
DSP0002113,PHP0001562,Rajesh Goud,9037296873,Velpula,2026-06-25,RX0002866,Paracetamol,3,15,0,0,FAC007,Dispensed
DSP0002114,PHP0001562,Rajesh Goud,,Velpula,2026-08-05,RX0002868,Metformin,30,15,1,0,FAC007,Partially dispensed
DSP0002115,PHP0001563,Padma Yadav,9208703169,Manoor,2026-01-11,RX0002869,Paracetamol,5,30,0,0,FAC020,Dispensed
DSP0002116,PHP0001563,Padma Yadav,9208703169,Manoor,2026-01-25,RX0002870,Cetirizine,5,15,0,0,FAC019,Dispensed
DSP0002117,PHP0001564,Venkatesh Jangam,9037000051,Kalher,2026-01-27,RX0002871,Amlodipine,30,30,0,0,FAC019,Dispensed
DSP0002118,PHP0001565,Sai Laxman,9424214381,Balanagar,2026-01-20,RX0002873,Amoxicillin,5,15,0,0,FAC006,Dispensed
DSP0002119,PHP0001565,Sai Laxman,+91-94242-14381,Balanagar,2026-01-16,RX0002873,Paracetamol,3,15,0,0,FAC006,Dispensed
DSP0002120,PHP0001565,Sai Laxman,9424214381,Balanaga,2026-05-09,RX0002875,Cetirizine,5,30,0,0,FAC006,Dispensed
DSP0002121,PHP0001565,Sai Laxman,9424214381,Balanagar,2026-05-10,RX0002875,Paracetamol,3,15,0,0,FAC006,Dispensed
DSP0002122,PHP0001566,Shankar Begum,9153822753,Bangarigadda,2026-03-21,RX0002877,Pantoprazole,10,15,0,0,FAC013,Dispensed
DSP0002123,PHP0001567,Raju,9376739750,Nermata,2026-01-03,RX0002879,Pantoprazole,10,15,0,0,FAC014,Dispensed
DSP0002124,PHP0001568,Anjali Patel,9732711952,Kummarikunta,2026-07-15,RX0002880,Amlodipine,30,30,0,0,FAC015,Dispensed
DSP0002125,PHP0001569,Mouneeka Patel,9118751007,BADEPALLY,2026-04-20,RX0002881,Paracetamol,5,30,0,0,FAC001,Dispensed
DSP0002126,PHP0001570,Rajesh Patel,9116708343,Kohir,2026-07-27,RX0002882,Pantoprazole,10,30,0,0,FAC024,Dispensed
DSP0002127,PHP0001571,Praveen Begum,9338294409,Ameenpur,2026-05-01,RX0002883,Metformin,30,30,0,0,FAC027,Dispensed
DSP0002128,PHP0001571,Praveen Begum,9338294409,Ameenpu,2026-07-16,RX0002886,Amlodipine,30,15,1,0,FAC027,Partially dispensed
DSP0002129,PHP0001571,Praveen Begum,9338294409,Ameenpur,2026-07-17,RX0002886,Metformin,30,30,0,0,FAC027,Dispensed
DSP0002130,PHP0001572,winod Narsimha,9829553163,Marrur,2026-02-13,RX0002888,Cetirizine,5,30,0,0,FAC018,Dispensed
DSP0002131,PHP0001573,Anil,9969697075,Kalher,2026-04-29,RX0002890,Pantoprazole,10,15,0,0,FAC019,Dispensed
DSP0002132,PHP0001574,Srinivas Reddy,9139758137,Marrur,2026-07-22,RX0002892,Cetirizine,5,30,0,0,FAC017,Dispensed
DSP0002133,PHP0001575,Shobha Patel,9048660123,Midjil,2026-05-14,RX0002893,Amlodipine,30,15,1,0,FAC007,Partially dispensed
DSP0002134,PHP0001575,Shobha Patel,9048660163,Midjil,2026-05-15,RX0002893,Metformin,30,0,0,1,FAC007,Not dispensed due to stock
DSP0002135,PHP0001575,Shobha Patel,9048660123,Midjil,2026-07-05,RX0002895,Metformin,30,15,1,0,FAC007,Partially dispensed
DSP0002136,PHP0001576,Suresh Mallaiah,9338079065,Vemula,2026-06-13,RX0002897,Cetirizine,5,30,0,0,FAC007,Dispensed
DSP0002137,PHP0001576,Suresh Mallaiah,9338079065,Vemula,2026-06-11,RX0002897,Paracetamol,3,30,0,0,FAC007,Dispensed
DSP0002138,PHP0001576,Suresh Mallaiah,9338079065,Vemula,2026-07-30,RX0002899,Amoxicillin,5,15,0,0,FAC007,Dispensed
DSP0002139,PHP0001577,Kiran Goud,9004816081,Bhanur,2026-03-29,RX0002900,Metformin,30,30,0,0,FAC025,Dispensed
DSP0002140,PHP0001578,Deepik Khan,9974211422,Indresham,2026-02-25,RX0002902,Pantoprazole,10,15,0,0,FAC025,Dispensed
DSP0002141,PHP0001579,Swathi Devi,+91-97760-13702,Devarakonda,2026-04-14,RX0002905,Cetirizine,5,30,0,0,FAC012,Dispensed
DSP0002142,PHP0001579,Swathi Devi,9776013702,Devarakonda,2026-05-28,RX0002906,Cetirizine,5,15,0,0,FAC011,Dispensed
DSP0002143,PHP0001580,Shankar Khan,9030827800,Mogudampally,2026-07-24,RX0002907,Pantoprazole,10,15,0,0,FAC022,Dispensed
DSP0002144,PHP0001581,Bhavani Das,9119077268,Kummarikunta,2026-06-29,RX0002908,Amlodipine,30,15,1,0,FAC015,Partially dispensed
DSP0002145,PHP0001582,Jyothi Begum,9158829295,Midjil,2026-05-04,RX0002910,Paracetamol,3,15,0,0,FAC009,Dispensed
DSP0002146,PHP0001583,Raju Basha,9176273611,Marrur,2026-02-18,RX0002913,Pantoprazole,10,30,0,0,FAC018,Dispensed
DSP0002147,PHP0001583,Raju Basa,+91-91762-73611,Marrur,2026-06-23,RX0002914,Metformin,30,30,0,0,FAC016,Dispensed
DSP0002148,PHP0001584,Santosh Chary,9352513165,Jharasangam,2026-06-04,RX0002916,Paracetamol,5,15,0,0,FAC023,Dispensed
DSP0002149,PHP0001585,Mounika Chary,9510041553,Nakrekal,2026-07-21,RX0002917,Amoxicillin,5,30,0,0,FAC017,Dispensed
DSP0002150,PHP0001586,Mahesh Khan,9825391003,Balanagar,2026-07-04,RX0002919,Cetirizine,5,30,0,0,FAC006,Dispensed
DSP0002151,PHP0001587,Bhavani Rao,9773622213,Ameenpur,2026-08-14,RX0002920,Metformin,30,30,0,0,FAC025,Dispensed
DSP0002152,PHP0001587,Bhavani Rao,9773652213,Ameenpur,2026-08-14,RX0002920,Paracetamol,3,15,0,0,FAC025,Dispensed
DSP0002153,PHP0001588,Praveen Naik,9012967458,Kummarikunta,2026-06-14,RX0002922,Cetirizine,5,15,0,0,FAC015,Dispensed
DSP0002154,PHP0001588,Praveen Naik,9016967458,Kummarikunta,2026-07-08,RX0002923,Pantoprazole,10,30,0,0,FAC013,Dispensed
DSP0002155,PHP0001589,Raghav Mallaeeah,9966848732,Gundlapally,2026-01-09,RX0002924,Pantoprazole,10,30,0,0,FAC011,Dispensed
DSP0002156,PHP0001590,Anitha Kumar,9070548185,DONUR,2026-08-07,RX0002925,Pantoprazole,10,30,0,0,FAC008,Dispensed
DSP0002157,PHP0001591,Jyoti Patel,9839858099,JHARASANGAM,2026-01-10,RX0002926,Amlodipine,30,30,0,0,FAC023,Dispensed
DSP0002158,PHP0001592,Rju Kumar,9821237508,Zaheerabad,2026-01-16,RX0002927,Amoxicillin,5,0,0,1,FAC023,Not dispensed due to stock
DSP0002159,PHP0001593,Deepika Goud,9722754222,Gundlapally,2026-07-05,RX0002928,Pantoprazole,10,30,0,0,FAC011,Dispensed
DSP0002160,PHP0001593,Deepika Goud,+91-97227-54222,Gundlapally,2026-07-08,RX0002928,Paracetamol,3,15,0,0,FAC011,Dispensed
DSP0002161,PHP0001594,Srinivas Mudiraj,,Gangapur,2026-01-09,RX0002930,Metformin,30,30,0,0,FAC001,Dispensed
DSP0002162,PHP0001595,Anjali Reddy,9037699536,Rajapur,2026-04-27,RX0002932,Paracetamol,3,30,0,0,FAC004,Dispensed
DSP0002163,PHP0001595,njali Reddy,,Rajapur,2026-05-28,RX0002934,Pantoprazole,10,30,0,0,FAC004,Dispensed
DSP0002164,PHP0001596,Shankar Narsimha,9487744491,CHANDUR,2026-03-18,RX0002935,Paracetamol,5,30,0,0,FAC013,Dispensed
DSP0002165,PHP0001597,Rani Patel,9701866838,INDRESHAM,2026-03-26,RX0002936,Amoxicillin,5,15,0,0,FAC025,Dispensed
DSP0002166,PHP0001598,Renuka Narsimha,9763968081,Badepally,2026-03-02,RX0002937,Pantoprazole,10,30,0,0,FAC001,Dispensed
DSP0002167,PHP0001599,Nirmala Mallaiah,9992164248,Jharasangam,2026-04-03,RX0002938,Amoxicillin,5,15,0,0,FAC022,Dispensed
DSP0002168,PHP0001600,Santosh Mudiraj,9068630998,Narayankhe,2026-01-19,RX0002939,Amlodipine,30,30,0,0,FAC020,Dispensed
DSP0002169,PHP0001600,Santosh Mudiraj,9068630998,Narayankhed,2026-01-19,RX0002939,Metformin,30,30,0,0,FAC020,Dispensed
DSP0002170,PHP0001601,Raju Patel,9596379033,Nermata,2026-06-24,RX0002941,Amoxicillin,5,30,0,0,FAC014,Dispensed
DSP0002171,PHP0001601,Raju Patel,9596379033,Nermata,2026-07-14,RX0002942,Amoxicillin,5,15,0,0,FAC015,Dispensed
DSP0002172,PHP0001602,Mohan Laxman,,Jharasangam,2026-03-21,RX0002944,Amlodipine,30,15,1,0,FAC024,Partially dispensed
DSP0002173,PHP0001603,Arun Begum,9841124373,NERMATA,2026-01-05,RX0002946,Amoxicillin,5,30,0,0,FAC015,Dispensed
DSP0002174,PHP0001603,Arun Begum,9841124373,Nermata,2026-01-11,RX0002947,Amoxicillin,5,15,0,0,FAC015,Dispensed
DSP0002175,PHP0001603,Arun Begum,9841124373,Nermata,2026-04-27,RX0002948,Amoxicillin,5,15,0,0,FAC014,Dispensed
DSP0002176,PHP0001604,Srilatha Das,9754545697,Macharam,2026-04-21,RX0002949,Paracetamol,5,30,0,0,FAC002,Dispensed
DSP0002177,PHP0001605,Naveen Basha,9154901907,Peddadinne,2026-07-18,RX0002953,Paracetamol,5,30,0,0,FAC010,Dispensed
DSP0002178,PHP0001606,Bhavani Das,9047582819,Mogudampally,2026-06-10,RX0002956,Paracetamol,5,30,0,0,FAC022,Dispensed
DSP0002179,PHP0001607,Saritha Jangam,9228778998,Kangti,2026-05-18,RX0002957,Amoxicillin,5,30,0,0,FAC021,Dispensed
DSP0002180,PHP0001607,Saritha Jangam,9228778998,Kangti,2026-08-10,RX0002958,Cetirizine,5,30,0,0,FAC021,Dispensed
DSP0002181,PHP0001608,Kavitha Mallaiah,9967688509,Gundlapally,2026-01-01,RX0002959,Pantoprazole,10,30,0,0,FAC012,Dispensed
DSP0002182,PHP0001609,Suresh Chary,9230586394,Midjil,2026-01-29,RX0002960,Metformin,30,30,0,0,FAC008,Dispensed
DSP0002183,PHP0001610,Deepika Goud,9733952246,Gangapur,2026-06-23,RX0002961,Amoxicillin,5,30,0,0,FAC001,Dispensed
DSP0002184,PHP0001611,Mahesh Krishna,9569131546,Kondamallepally,2026-07-14,RX0002962,Amlodipine,30,15,1,0,FAC010,Partially dispensed
DSP0002185,PHP0001611,Mahesh Krishna,9569131546,Kondamallepally,2026-08-06,RX0002963,Amlodipine,30,30,0,0,FAC011,Dispensed
DSP0002186,PHP0001611,Mahesh Krishna,9569131546,Kondamallepally,2026-08-08,RX0002963,Metformin,30,30,0,0,FAC011,Dispensed
DSP0002187,PHP0001612,Nirmala Begum,9645860360,Macharam,2026-01-14,RX0002966,Cetirizine,5,15,0,0,FAC003,Dispensed
DSP0002188,PHP0001613,Swathi Mallaiah,+91-96351-49354,Peddadinne,2026-07-03,RX0002968,Cetirizine,5,15,0,0,FAC012,Dispensed
DSP0002189,PHP0001614,Kiran Patel,9046521945,Indresham,2026-02-04,RX0002969,Metformin,30,15,1,0,FAC026,Partially dispensed
DSP0002190,PHP0001615,Rani Chary,9216996861,Midjil,2026-04-19,RX0002970,Cetirizine,5,30,0,0,FAC007,Dispensed
DSP0002191,PHP0001615,Rani Chary,9216996861,Midjil,2026-05-24,RX0002971,Pantoprazole,10,30,0,0,FAC009,Dispensed
DSP0002192,PHP0001616,Jyothi Khan,9931492735,Devarakonda,2026-07-21,RX0002973,Amlodipine,30,30,0,0,FAC011,Dispensed
DSP0002193,PHP0001617,Swathi Das,9860893134,NARAYANKHED,2026-04-14,RX0002976,Metformin,30,15,1,0,FAC021,Partially dispensed
DSP0002194,PHP0001618,Praveen Begum,9882129749,Ameenpur,2026-04-20,RX0002977,Amoxicillin,5,30,0,0,FAC025,Dispensed
DSP0002195,PHP0001619,Sushma Laxman,9959559435,Bhanur,2026-06-04,RX0002978,Amoxicillin,5,0,0,1,FAC025,Not dispensed due to stock
DSP0002196,PHP0001620,Srinivas Devi,9776983278,Badepally,2026-05-07,RX0002982,Amlodipine,30,30,0,0,FAC002,Dispensed
DSP0002197,PHP0001620,Srinivas Devi,9776983278,Badepally,2026-06-03,RX0002983,Amlodipine,30,15,1,0,FAC002,Partially dispensed
DSP0002198,PHP0001621,Swathi Krishna,9123412301,Patancheru,2026-04-29,RX0002984,Amlodipine,30,30,0,0,FAC025,Dispensed
DSP0002199,PHP0001622,Mohan Laxman,9146871520,Polepalli,2026-08-03,RX0002986,Pantoprazole,10,30,0,0,FAC001,Dispensed
DSP0002200,PHP0001623,Sushma Begum,+91-99998-45975,Velpula,2026-07-31,RX0002987,Paracetamol,5,15,0,0,FAC007,Dispensed
DSP0002201,PHP0001624,Swathi Das,+91-93148-38041,PATANCHERU,2026-03-26,RX0002988,Paracetamol,5,15,0,0,FAC026,Dispensed
DSP0002202,PHP0001625,Renuka Shekar,9226965521,Kalher,2026-05-25,RX0002989,Pantoprazole,10,15,0,0,FAC020,Dispensed
DSP0002203,PHP0001626,Nirmala Goud,9159857486,Polepally,2026-02-19,RX0002992,Paracetamol,3,30,0,0,FAC003,Dispensed
DSP0002204,PHP0001626,Nirmala Goud,9159857486,Polepally,2026-07-27,RX0002994,Cetirizine,5,15,0,0,FAC002,Dispensed
DSP0002205,PHP0001627,Divya Yadav,9679326117,Vemula,2026-06-20,RX0002995,Amlodipine,30,30,0,0,FAC008,Dispensed
DSP0002206,PHP0001628,Anil Das,9977401862,Kondamallepally,2026-05-04,RX0002996,Pantoprazole,10,15,0,0,FAC011,Dispensed
DSP0002207,PHP0001629,Jyothi Yadav,9167484325,Kondamallepally,2026-03-21,RX0002997,Metformin,30,15,1,0,FAC011,Partially dispensed
DSP0002208,PHP0001629,Jyothi Yadav,9167484325,Kondamallepally,2026-03-21,RX0002997,Paracetamol,3,30,0,0,FAC011,Dispensed
DSP0002209,PHP0001630,Venktesh Begum,9503312418,Marrur,2026-07-12,RX0003000,Cetirizine,5,30,0,0,FAC016,Dispensed
DSP0002210,PHP0001630,Venkatesh Begum,9503312418,Marrur,2026-07-30,RX0003001,Paracetamol,5,30,0,0,FAC018,Dispensed
DSP0002211,PHP0001631,Mohan Krishna,9102500389,Macharam,2026-03-23,RX0003002,Amoxicillin,5,30,1,1,FAC003,Partially dispensed
DSP0002212,PHP0001631,Mohan Krishna,9102500389,MACHARAM,2026-05-12,RX0003003,Pantoprazole,10,15,0,0,FAC001,Dispensed
DSP0002213,PHP0001632,Saritha Chary,9506557815,Nomula,2026-06-17,RX0003004,Cetirizine,5,30,0,0,FAC018,Dispensed
DSP0002214,PHP0001633,Renuka Begum,9133688452,NARAYANKHED,2026-03-23,RX0003005,Metformin,30,30,0,0,FAC021,Dispensed
DSP0002215,PHP0001634,Ramesh Khan,9949723633,Manoor,2026-04-12,RX0003007,Pantoprazole,10,30,0,0,FAC020,Dispensed
DSP0002216,PHP0001634,Ramesh Khan,9949723633,Manoor,2026-07-23,RX0003008,Metformin,30,30,0,0,FAC020,Dispensed
DSP0002217,PHP0001635,Jyothi Kumar,9626589875,Rajapur,2026-05-19,RX0003009,Amlodipine,30,15,1,0,FAC004,Partially dispensed
DSP0002218,PHP0001635,Jyothi Kumar,9626589875,Rajapur,2026-05-21,RX0003009,Metformin,30,30,0,0,FAC004,Dispensed
DSP0002219,PHP0001635,Jyothi Kumar,9626589845,Rajapur,2026-05-19,RX0003009,Paracetamol,3,15,0,0,FAC004,Dispensed
DSP0002220,PHP0001636,Suresh Reddy,9494322329,Nakrekal,2026-03-31,RX0003012,Metformin,30,15,1,0,FAC017,Partially dispensed
DSP0002221,PHP0001637,Rajesh Basha,9324908737,Chandur,2026-03-01,RX0003013,Cetirizine,5,30,0,0,FAC014,Dispensed
DSP0002222,PHP0001638,Anitha Devi,9321609002,Mogudampally,2026-07-19,RX0003014,Amoxicillin,5,15,0,0,FAC022,Dispensed
DSP0002223,PHP0001639,Praveen Mudiraj,9973654965,Patancheru,2026-02-24,RX0003015,Cetirizine,5,30,0,0,FAC026,Dispensed
DSP0002224,PHP0001640,Raju Naik,+91-99112-14124,KALLEPALLY,2026-04-17,RX0003016,Pantoprazole,10,30,0,0,FAC006,Dispensed
DSP0002225,PHP0001641,Anitha Chary,+91-95880-05039,Rajapur,2026-07-30,RX0003017,Metformin,30,30,0,0,FAC004,Dispensed
DSP0002226,PHP0001642,Raju Goud,+91-99886-67986,Gangapur,2026-06-29,RX0003018,Pantoprazole,10,15,0,0,FAC003,Dispensed
DSP0002227,PHP0001643,Divya Begum,9448004246,Zaheerabad,2026-07-28,RX0003019,Paracetamol,5,30,0,0,FAC024,Dispensed
DSP0002228,PHP0001644,Deepika,9414359716,Kummarikunta,2026-05-21,RX0003021,Paracetamol,5,30,0,0,FAC013,Dispensed
DSP0002229,PHP0001645,Mhesh Jangam,9598898528,Balanagar,2026-02-04,RX0003023,Cetirizine,5,0,0,1,FAC005,Not dispensed due to stock
DSP0002230,PHP0001645,Mahesh Jangam,9598898528,Balanagar,2026-07-05,RX0003024,Amoxicillin,5,30,0,0,FAC004,Dispensed
DSP0002231,PHP0001646,Lakshmi Rao,+91-93408-98866,Peddadinne,2026-02-05,RX0003025,Pantoprazole,10,15,0,0,FAC011,Dispensed
DSP0002232,PHP0001647,Shobha Yadav,+91-95176-57662,Narayankhed,2026-06-02,RX0003026,Metformin,30,15,1,0,FAC019,Partially dispensed
DSP0002233,PHP0001648,Lakshmi Patel,+91-93274-06888,Devarakonda,2026-07-28,RX0003028,Amlodipine,30,30,0,0,FAC012,Dispensed
DSP0002234,PHP0001649,Bhavani Das,9146769545,Nakrekal,2026-04-25,RX0003030,Pantoprazole,10,15,0,0,FAC016,Dispensed
DSP0002235,PHP0001650,Swathi Mallaiah,9435257729,Jharasangam,2026-05-28,RX0003031,Paracetamol,5,30,0,0,FAC024,Dispensed
DSP0002236,PHP0001651,Vinod Begum,9800950976,Zaheerabad,2026-06-28,RX0003032,Amoxicillin,5,30,0,0,FAC024,Dispensed
DSP0002237,PHP0001652,Rani Basha,9350479857,Indresham,2026-01-20,RX0003037,Cetirizine,5,15,0,0,FAC025,Dispensed
DSP0002238,PHP0001653,Mahesh Mudiraj,9649856641,Bhanur,2026-05-13,RX0003038,Pantoprazole,10,15,0,0,FAC025,Dispensed
DSP0002239,PHP0001653,Mahesh Mudeeraj,9649856641,BHANUR,2026-05-25,RX0003039,Cetirizine,5,15,0,0,FAC026,Dispensed
DSP0002240,PHP0001654,Naresh Narsimha,+91-95282-61033,Nakrekal,2026-05-20,RX0003041,Amoxicillin,5,15,0,0,FAC016,Dispensed
DSP0002241,PHP0001655,Padma Naik,+91-93230-22352,Kohir,2026-07-25,RX0003043,Pantoprazole,10,15,0,0,FAC022,Dispensed
DSP0002242,PHP0001655,Padma Naik,9323022352,Kohir,2026-07-24,RX0003043,Paracetamol,3,30,0,0,FAC022,Dispensed
DSP0002243,PHP0001656,Anitha Rao,9854966424,Donur,2026-06-23,RX0003045,Metformin,30,30,0,0,FAC007,Dispensed
DSP0002244,PHP0001657,Ramesh Basha,9394807899,Bodajanampet,2026-04-20,RX0003046,Amoxicillin,5,15,0,0,FAC005,Dispensed
DSP0002245,PHP0001657,Ramesh Basha,9394807899,Bodajanampet,2026-04-17,RX0003046,Paracetamol,3,15,0,0,FAC005,Dispensed
DSP0002246,PHP0001658,Praveen Khan,9608828433,Mangalapalli,2026-01-09,RX0003048,Amoxicillin,5,15,0,0,FAC017,Dispensed
DSP0002247,PHP0001659,Nares Yadav,9912696854,Jharasangam,2026-07-20,RX0003049,Metformin,30,30,0,0,FAC022,Dispensed
DSP0002248,PHP0001660,Srilatha Khan,9935010609,Narayankhed,2026-07-18,RX0003052,Paracetamol,5,30,0,0,FAC021,Dispensed
DSP0002249,PHP0001660,Srilatha Khan,9935010609,Narayankhed,2026-07-15,RX0003052,Paracetamol,3,15,0,0,FAC021,Dispensed
DSP0002250,PHP0001661,Raju sekar,9437799957,Mangalapally,2026-02-10,RX0003054,Metformin,30,0,0,1,FAC016,Not dispensed due to stock
DSP0002251,PHP0001661,Raju Shekar,,Mangalapally,2026-02-10,RX0003054,Paracetamol,3,15,0,0,FAC016,Dispensed
DSP0002252,PHP0001661,Raju Shekar,9437799957,Mangalapally,2026-07-09,RX0003056,Amlodipine,30,15,1,0,FAC018,Partially dispensed
DSP0002253,PHP0001661,Raju Shekar,9437799977,MANGALAPALLY,2026-07-06,RX0003056,Paracetamol,3,30,0,0,FAC018,Dispensed
DSP0002254,PHP0001662,Shankar Narsimha,9292410609,Patancheru,2026-03-29,RX0003060,Cetirizine,5,15,0,0,FAC026,Dispensed
DSP0002255,PHP0001663,Anjali Begum,9084469773,Mogudampally,2026-05-31,RX0003062,Amlodipine,30,15,1,0,FAC022,Partially dispensed
DSP0002256,PHP0001663,Anjali Begum,9084469773,Mogudampally,2026-06-02,RX0003062,Metformin,30,30,0,0,FAC022,Dispensed
DSP0002257,PHP0001663,Anjali Begum,9084469773,Mogudampally,2026-06-02,RX0003062,Paracetamol,3,30,0,0,FAC022,Dispensed
DSP0002258,PHP0001663,Anjali Begum,+91-90844-69773,Mogudampally,2026-07-01,RX0003065,Amlodipine,30,15,1,0,FAC022,Partially dispensed
DSP0002259,PHP0001664,Divya Rao,9300208034,Peddadinne,2026-04-21,RX0003067,Amlodipine,30,15,1,0,FAC012,Partially dispensed
DSP0002260,PHP0001664,Divya Rao,9300208034,Peddadinne,2026-04-21,RX0003067,Paracetamol,3,30,0,0,FAC012,Dispensed
DSP0002261,PHP0001665,Santosh Goud,9014782384,Midjil,2026-07-16,RX0003069,Amoxicillin,5,15,0,0,FAC008,Dispensed
DSP0002262,PHP0001666,Anjali Chary,9436288422,Indresham,2026-05-26,RX0003071,Amlodipine,30,30,0,0,FAC027,Dispensed
DSP0002263,PHP0001667,Praveen Chary,9437847708,Gangapur,2026-08-06,RX0003073,Metformin,30,30,0,0,FAC001,Dispensed
DSP0002264,PHP0001668,Kavitha Goud,9269446327,Nomula,2026-02-25,RX0003074,Pantoprazole,10,15,0,0,FAC018,Dispensed
DSP0002265,PHP0001668,Kavitha Goud,9269446327,Nomula,2026-04-24,RX0003075,Cetirizine,5,30,0,0,FAC018,Dispensed
DSP0002266,PHP0001669,Swathi Rao,9949246542,Macharam,2026-08-11,RX0003077,Amlodipine,30,30,0,0,FAC001,Dispensed
DSP0002267,PHP0001670,Santosh Naik,9787975447,Bhanur,2026-07-22,RX0003078,Cetirizine,5,30,0,0,FAC027,Dispensed
DSP0002268,PHP0001671,Mounika Mudiraj,+91-95541-12600,BANGARIGADDA,2026-06-25,RX0003079,Metformin,30,30,0,0,FAC013,Dispensed
DSP0002269,PHP0001671,Mounika Mudiraj,9504112600,Bangarigadda,2026-08-03,RX0003080,Amoxicillin,5,30,0,0,FAC014,Dispensed
DSP0002270,PHP0001671,Mounika Mudiraj,,Bangarigadda,2026-08-06,RX0003080,Paracetamol,3,30,0,0,FAC014,Dispensed
DSP0002271,PHP0001672,Shobha Basha,9617725361,Rajapu,2026-05-09,RX0003082,Metformin,30,15,1,0,FAC006,Partially dispensed
DSP0002272,PHP0001673,Ravi Khan,9251582754,Mogudampally,2026-04-15,RX0003083,Pantoprazole,10,15,0,0,FAC023,Dispensed
DSP0002273,PHP0001674,Vinod Shekar,9847099561,Bhanur,2026-06-17,RX0003085,Pantoprazole,10,30,0,0,FAC025,Dispensed
DSP0002274,PHP0001675,Ravi Basha,9959522578,Marrur,2026-08-14,RX0003086,Cetirizine,5,15,0,0,FAC017,Dispensed
DSP0002275,PHP0001676,Anjali Basha,9583720647,Donur,2026-06-16,RX0003087,Cetirizine,5,30,0,0,FAC009,Dispensed
DSP0002276,PHP0001677,Mohan Laxman,9982017312,Bodajanampet,2026-04-27,RX0003088,Pantoprazole,10,15,0,0,FAC005,Dispensed
DSP0002277,PHP0001678,Vinod Ds,9810272226,Nomula,2026-05-02,RX0003091,Amoxicillin,5,15,1,1,FAC016,Partially dispensed
DSP0002278,PHP0001679,Anil Jangam,+91-97731-53326,Kangti,2026-07-03,RX0003093,Metformin,30,30,0,0,FAC020,Dispensed
DSP0002279,PHP0001680,Naresh Shekar,9952308229,VELPULA,2026-07-07,RX0003096,Metformin,30,30,0,0,FAC008,Dispensed
DSP0002280,PHP0001681,Naresh Goud,9821409165,Nakrekal,2026-03-26,RX0003097,Paracetamol,5,30,0,0,FAC018,Dispensed
DSP0002281,PHP0001681,Nresh Goud,9821409165,Nakrekal,2026-03-24,RX0003097,Paracetamol,3,30,0,0,FAC018,Dispensed
DSP0002282,PHP0001682,Naveen Mallaiah,9244881568,Gundlapally,2026-06-01,RX0003099,Amlodipine,30,30,0,0,FAC012,Dispensed
DSP0002283,PHP0001682,Naveen Mallaiah,9244881568,Gundlapally,2026-08-08,RX0003100,Amlodipine,30,15,1,0,FAC010,Partially dispensed
DSP0002284,PHP0001682,Naveen Mallaiah,+91-92448-81568,Gundlapally,2026-08-08,RX0003100,Metformin,30,30,0,0,FAC010,Dispensed
DSP0002285,PHP0001683,Bhavani Naik,9488832527,Manoor,2026-07-21,RX0003103,Amlodipine,30,15,1,0,FAC019,Partially dispensed
DSP0002286,PHP0001684,Vinod Begum,,Polepally,2026-03-25,RX0003104,Paracetamol,5,30,0,0,FAC003,Dispensed
DSP0002287,PHP0001685,Mahes Mudiraj,9507805127,MACHARAM,2026-03-12,RX0003107,Paracetamol,5,30,0,0,FAC001,Dispensed
DSP0002288,PHP0001686,Rajesh Mudiraj,9515362352,Bhanur,2026-08-07,RX0003108,Pantoprazole,10,30,0,0,FAC025,Dispensed
DSP0002289,PHP0001687,Shobha Das,9645357411,Zaheerabad,2026-01-16,RX0003110,Cetirizine,5,30,0,0,FAC024,Dispensed
DSP0002290,PHP0001688,Padma Rao,9356447579,Narayankhed,2026-01-17,RX0003111,Metformin,30,15,1,0,FAC021,Partially dispensed
DSP0002291,PHP0001689,Ravi Devi,,Rajapur,2026-03-06,RX0003112,Amoxicillin,5,15,0,0,FAC004,Dispensed
DSP0002292,PHP0001690,Deepika Narsimha,9149733816,Kangti,2026-07-09,RX0003113,Amoxicillin,5,30,0,0,FAC020,Dispensed
DSP0002293,PHP0001691,Srinivas Chary,9220957486,Chandur,2026-06-24,RX0003114,Amoxicillin,5,15,0,0,FAC014,Dispensed
DSP0002294,PHP0001692,Swathee Rao,9026838834,Mangalapally,2026-01-21,RX0003116,Amlodipine,30,15,1,0,FAC017,Partially dispensed
DSP0002295,PHP0001693,Sai Patel,9998126319,Kummarikunta,2026-03-01,RX0003117,Cetirizine,5,30,0,0,FAC013,Dispensed
DSP0002296,PHP0001694,Santosh Patel,+91-97560-73247,Midjil,2026-01-11,RX0003120,Cetirizine,5,15,0,0,FAC008,Dispensed
DSP0002297,PHP0001695,Rawi Naik,9054933070,Vemula,2026-01-12,RX0003121,Cetirizine,5,0,0,1,FAC009,Not dispensed due to stock
DSP0002298,PHP0001695,Ravi Naik,+91-90549-33070,Vemula,2026-01-09,RX0003121,Paracetamol,3,30,0,0,FAC009,Dispensed
DSP0002299,PHP0001696,Lalitha Krishna,9635602547,Bodajanampet,2026-02-03,RX0003123,Amlodipine,30,30,0,0,FAC005,Dispensed
DSP0002300,PHP0001696,Lalitha Krishna,9635602547,Bodajanampet,2026-02-02,RX0003123,Metformin,30,30,0,0,FAC005,Dispensed
DSP0002301,PHP0001697,Swathi Rao,+91-90324-28294,Zaheerabad,2026-02-22,RX0003125,Metformin,30,15,1,0,FAC022,Partially dispensed
DSP0002302,PHP0001697,Swathi Rao,9032428294,Zaheerabad,2026-04-12,RX0003126,Pantoprazole,10,30,0,0,FAC024,Dispensed
DSP0002303,PHP0001698,Ravi Naik,+91-97150-55126,Kummarikunta,2026-07-03,RX0003128,Paracetamol,5,30,0,0,FAC014,Dispensed
DSP0002304,PHP0001699,Kiran Begum,9122959685,Velpula,2026-05-29,RX0003129,Metformin,30,0,0,1,FAC007,Not dispensed due to stock
DSP0002305,PHP0001699,Kiran Begum,9122957685,Velpula,2026-05-27,RX0003129,Paracetamol,3,30,0,0,FAC007,Dispensed
DSP0002306,PHP0001700,Padma Narsimha,,Nakrekal,2026-03-18,RX0003131,Paracetamol,3,30,0,0,FAC016,Dispensed
DSP0002307,PHP0001701,Sreenivas Das,9806460499,Devarakonda,2026-04-19,RX0003133,Amlodipine,30,30,0,0,FAC012,Dispensed
DSP0002308,PHP0001702,Divya Rao,9849785862,Velpula,2026-03-09,RX0003134,Paracetamol,3,30,0,0,FAC007,Dispensed
DSP0002309,PHP0001703,Naresh Basha,+91-92607-53692,Devarakond,2026-08-20,RX0003136,Cetirizine,5,15,0,0,FAC010,Dispensed
DSP0002310,PHP0001704,Saritha Shekar,9516659132,Bhanur,2026-08-18,RX0003137,Amlodipine,30,30,0,0,FAC026,Dispensed
DSP0002311,PHP0001704,Saritha Shekar,9516629132,Bhanur,2026-08-20,RX0003137,Metformin,30,15,1,0,FAC026,Partially dispensed
DSP0002312,PHP0001705,Saritha Chary,9158011509,Ameenpur,2026-04-24,RX0003139,Amoxicillin,5,30,0,0,FAC027,Dispensed
DSP0002313,PHP0001706,Venkatesh Reddy,9383005047,Kallepally,2026-04-20,RX0003140,Pantoprazole,10,15,0,0,FAC006,Dispensed
DSP0002314,PHP0001707,Padma Rao,9971600739,Bhanur,2026-07-31,RX0003141,Amlodipine,30,15,1,0,FAC026,Partially dispensed
DSP0002315,PHP0001708,Sushma Rao,9624136217,Jharasangam,2026-07-23,RX0003142,Paracetamol,5,15,0,0,FAC024,Dispensed
DSP0002316,PHP0001709,Shobha Reddy,9284092049,Polepally,2026-08-08,RX0003144,Pantoprazole,10,15,0,0,FAC001,Dispensed
DSP0002317,PHP0001710,Lakshmi Mallaiah,9454523778,Chandur,2026-03-24,RX0003145,Pantoprazole,10,30,0,0,FAC014,Dispensed
DSP0002318,PHP0001711,Harika Mudiraj,9043168994,GUNDLAPALLY,2026-03-06,RX0003149,Amlodipine,30,30,0,0,FAC012,Dispensed
DSP0002319,PHP0001711,Harika,9040168994,Gundlapally,2026-06-04,RX0003150,Amlodipine,30,0,0,1,FAC010,Not dispensed due to stock
DSP0002320,PHP0001712,Harika Goud,9899004095,Balanagar,2026-08-02,RX0003152,Pantoprazole,10,15,0,0,FAC005,Dispensed
DSP0002321,PHP0001713,Jyothi Naik,9103721879,KALLEPALLY,2026-03-13,RX0003153,Paracetamol,5,15,0,0,FAC004,Dispensed
DSP0002322,PHP0001714,Padma Yadav,9049147106,Kalher,2026-02-12,RX0003157,Amoxicillin,5,15,0,0,FAC021,Dispensed
DSP0002323,PHP0001714,Padma Yadav,9049147106,Kalher,2026-07-16,RX0003159,Cetirizine,5,30,0,0,FAC019,Dispensed
DSP0002324,PHP0001715,Srilatha Krishna,9162226443,Mangalapally,2026-02-10,RX0003160,Metformin,30,0,0,1,FAC016,Not dispensed due to stock
DSP0002325,PHP0001716,Shankar Narsimha,9880263333,Mogudampally,2026-03-12,RX0003162,Pantoprazole,10,15,0,0,FAC024,Dispensed
DSP0002326,PHP0001716,Shankar Narsimha,+91-98802-63333,Mogudampally,2026-06-06,RX0003163,Amlodipine,30,15,1,0,FAC022,Partially dispensed
DSP0002327,PHP0001717,Anitha Shekar,9641145576,Kangti,2026-07-22,RX0003166,Amlodipine,30,15,1,0,FAC019,Partially dispensed
DSP0002328,PHP0001718,Kiran Mallaiah,+91-94279-69698,Midjil,2026-04-20,RX0003168,Pantoprazole,10,30,0,0,FAC007,Dispensed
DSP0002329,PHP0001719,Saritha Devi,9964984866,Polepally,2026-03-23,RX0003169,Paracetamol,5,15,0,0,FAC001,Dispensed
DSP0002330,PHP0001720,Vinod Shekar,9876766616,Mogudampally,2026-08-02,RX0003170,Amoxicillin,5,30,0,0,FAC023,Dispensed
DSP0002331,PHP0001721,Sushma Khan,+91-91160-93725,Balanagar,2026-03-14,RX0003174,Amlodipine,30,30,0,0,FAC006,Dispensed
DSP0002332,PHP0001721,Sushma Khan,+91-91160-93725,Balanagar,2026-08-16,RX0003175,Cetirizine,5,15,0,0,FAC006,Dispensed
DSP0002333,PHP0001722,Ravi Narsimha,9969169716,Zaheerabad,2026-08-03,RX0003177,Amoxicillin,5,30,0,0,FAC023,Dispensed
DSP0002334,PHP0001722,Ravi Narsimha,9969169716,Zaheerabad,2026-07-30,RX0003177,Paracetamol,3,30,0,0,FAC023,Dispensed
DSP0002335,PHP0001723,Kavitha Mallaiah,9564982607,Marrur,2026-03-29,RX0003179,Pantoprazole,10,15,0,0,FAC016,Dispensed
DSP0002336,PHP0001724,Rani Das,9393854731,Polepally,2026-05-28,RX0003181,Cetirizine,5,15,0,0,FAC001,Dispensed
DSP0002337,PHP0001725,Raju Shekar,9015511484,Velpula,2026-04-26,RX0003182,Metformin,30,30,0,0,FAC009,Dispensed
DSP0002338,PHP0001726,Navin Rao,,CHANDUR,2026-07-03,RX0003183,Amlodipine,30,30,0,0,FAC013,Dispensed
DSP0002339,PHP0001727,Lalitha Das,,Ameenpu,2026-04-03,RX0003184,Pantoprazole,10,30,0,0,FAC026,Dispensed
DSP0002340,PHP0001728,Rmesh Basha,9652595760,Gangapur,2026-01-30,RX0003185,Amoxicillin,5,15,0,0,FAC001,Dispensed
DSP0002341,PHP0001729,Saritha Krishna,9882239285,Gangapur,2026-05-17,RX0003187,Pantoprazole,10,15,0,0,FAC001,Dispensed
DSP0002342,PHP0001729,Saritha Krishna,+91-98822-39285,Gangapur,2026-06-06,RX0003189,Amoxicillin,5,15,0,0,FAC003,Dispensed
DSP0002343,PHP0001730,Deepika Khan,9162050111,PEDDADINNE,2026-06-28,RX0003190,Amlodipine,30,15,1,0,FAC012,Partially dispensed
DSP0002344,PHP0001731,Nirmala Khan,,Peddadinne,2026-07-03,RX0003192,Amoxicillin,5,15,0,0,FAC011,Dispensed
DSP0002345,PHP0001732,Sushma,9180121216,Gangapur,2026-01-15,RX0003193,Amlodipine,30,15,1,0,FAC001,Partially dispensed
DSP0002346,PHP0001733,Sai Krishna,9486130155,Mogudampally,2026-04-24,RX0003194,Metformin,30,15,1,0,FAC023,Partially dispensed
DSP0002347,PHP0001733,Sai Krishna,+91-94861-30155,Mogudampally,2026-04-19,RX0003194,Paracetamol,3,15,0,0,FAC023,Dispensed
DSP0002348,PHP0001734,Padma Mudiraj,,Mangalapally,2026-01-30,RX0003196,Paracetamol,5,15,0,0,FAC018,Dispensed
DSP0002349,PHP0001735,Lalitha Kumar,,Devarakonda,2026-01-06,RX0003197,Amoxicillin,5,15,0,0,FAC012,Dispensed
DSP0002350,PHP0001736,winod Reddy,+91-90628-93406,Kummarikunta,2026-08-07,RX0003199,Metformin,30,30,0,0,FAC015,Dispensed
DSP0002351,PHP0001737,Rani Yadav,9497896497,Narayankhed,2026-07-27,RX0003200,Cetirizine,5,30,0,0,FAC020,Dispensed
DSP0002352,PHP0001738,Lalitha Khan,9131864402,Zaheerabad,2026-03-04,RX0003201,Pantoprazole,10,30,0,0,FAC024,Dispensed
DSP0002353,PHP0001739,Mounika Narsimha,9948510350,Manoor,2026-06-17,RX0003204,Amlodipine,30,15,1,0,FAC019,Partially dispensed
DSP0002354,PHP0001740,Sushma Basha,9080192191,Jharasangam,2026-07-07,RX0003206,Cetirizine,5,30,0,0,FAC023,Dispensed
DSP0002355,PHP0001741,Saritha Begum,+91-94809-36847,Kummarikunta,2026-07-09,RX0003207,Cetirizine,5,15,0,0,FAC015,Dispensed
DSP0002356,PHP0001741,Sritha Begum,9480936847,Kummarikunta,2026-07-07,RX0003207,Paracetamol,3,30,0,0,FAC015,Dispensed
DSP0002357,PHP0001742,Arun Goud,9328627190,Midjil,2026-04-24,RX0003210,Amoxicillin,5,30,0,0,FAC008,Dispensed
DSP0002358,PHP0001742,Arun Goud,9329627190,Midjil,2026-04-24,RX0003210,Paracetamol,3,15,0,0,FAC008,Dispensed
DSP0002359,PHP0001742,Arun Goud,9328627190,Midji,2026-07-31,RX0003212,Cetirizine,5,30,0,0,FAC007,Dispensed
DSP0002360,PHP0001743,Mohan Narsimha,+91-98599-38460,Devarakonda,2026-02-04,RX0003213,Metformin,30,30,0,0,FAC011,Dispensed
DSP0002361,PHP0001743,Mohan Narseemha,9859938460,Devarakonda,2026-02-13,RX0003214,Metformin,30,30,0,0,FAC010,Dispensed
DSP0002362,PHP0001744,Anil Naik,9786147410,Jharasangam,2026-03-04,RX0003215,Amoxicillin,5,15,0,0,FAC024,Dispensed
DSP0002363,PHP0001745,Nares Jangam,9107137269,BODAJANAMPET,2026-07-04,RX0003218,Metformin,30,15,1,0,FAC006,Partially dispensed
DSP0002364,PHP0001745,Naresh Jangam,9107137269,Bodajanampet,2026-07-04,RX0003218,Paracetamol,3,30,0,0,FAC006,Dispensed
DSP0002365,PHP0001746,Naveen Devi,9843176926,KUMMARIKUNTA,2026-03-15,RX0003221,Metformin,30,15,1,0,FAC015,Partially dispensed
DSP0002366,PHP0001747,Harika Shekar,9450022670,NOMULA,2026-01-20,RX0003222,Amoxicillin,5,15,0,0,FAC017,Dispensed
DSP0002367,PHP0001748,Mounika Goud,9748014213,Vemula,2026-01-25,RX0003223,Amoxicillin,5,30,0,0,FAC009,Dispensed
DSP0002368,PHP0001749,Anil Patel,9285441163,Balanagar,2026-02-05,RX0003224,Pantoprazole,10,15,0,0,FAC004,Dispensed
DSP0002369,PHP0001750,Lakshmi Patel,9750516410,Kohir,2026-03-29,RX0003226,Amlodipine,30,15,1,0,FAC022,Partially dispensed
DSP0002370,PHP0001750,Lakshmi Patel,9750516410,Kohir,2026-03-30,RX0003226,Metformin,30,15,1,0,FAC022,Partially dispensed
DSP0002371,PHP0001750,Lakshmi Patel,9750516410,Kohir,2026-06-27,RX0003228,Metformin,30,15,1,0,FAC024,Partially dispensed
DSP0002372,PHP0001750,Lakshmi Patel,9750516410,Kohir,2026-06-25,RX0003228,Paracetamol,3,15,0,0,FAC024,Dispensed
DSP0002373,PHP0001751,Shankar Rao,9152910444,Gundlapally,2026-03-18,RX0003230,Amlodipine,30,15,1,0,FAC012,Partially dispensed
DSP0002374,PHP0001752,Nirmala Begum,9906153147,Kalher,2026-07-18,RX0003232,Amlodipine,30,15,1,0,FAC020,Partially dispensed
DSP0002375,PHP0001753,Anitha Naik,,Devarakonda,2026-01-23,RX0003233,Paracetamol,3,30,0,0,FAC012,Dispensed
DSP0002376,PHP0001754,Santosh,9790132964,Polepally,2026-02-06,RX0003236,Cetirizine,5,15,0,0,FAC003,Dispensed
DSP0002377,PHP0001755,Nirmala Khan,9493123670,Velpula,2026-07-05,RX0003237,Paracetamol,5,15,0,0,FAC008,Dispensed
DSP0002378,PHP0001755,Nirmala Khan,9493123670,Velpula,2026-07-04,RX0003237,Paracetamol,3,15,0,0,FAC008,Dispensed
DSP0002379,PHP0001756,Lakshmi Krishna,9753604941,Jharasangam,2026-05-30,RX0003239,Pantoprazole,10,30,0,0,FAC024,Dispensed
DSP0002380,PHP0001756,Lakshmi Krishna,9753604941,Jharasangam,2026-07-01,RX0003240,Paracetamol,5,30,0,0,FAC023,Dispensed
DSP0002381,PHP0001757,Naresh Naik,9471112849,Macharam,2026-08-13,RX0003241,Pantoprazole,10,15,0,0,FAC001,Dispensed
DSP0002382,PHP0001758,Rani Jangam,9301254185,Donur,2026-07-01,RX0003242,Cetirizine,5,15,0,0,FAC008,Dispensed
DSP0002383,PHP0001759,Divya Patel,,Donur,2026-07-31,RX0003243,Amoxicillin,5,30,0,0,FAC009,Dispensed
DSP0002384,PHP0001760,Nresh Naik,9685135809,Badepally,2026-01-05,RX0003244,Amlodipine,30,30,0,0,FAC002,Dispensed
DSP0002385,PHP0001761,Bhavani Basha,9086240000,Kummarikunta,2026-06-19,RX0003246,Paracetamol,5,30,0,0,FAC013,Dispensed
DSP0002386,PHP0001762,Kiran Chary,9672619426,Indresham,2026-01-23,RX0003247,Paracetamol,5,30,0,0,FAC027,Dispensed
DSP0002387,PHP0001763,Raju Begum,9535621142,Jharasangam,2026-04-26,RX0003248,Amoxicillin,5,15,0,0,FAC023,Dispensed
DSP0002388,PHP0001764,Raju Yadav,9385126630,Kummarikunta,2026-04-19,RX0003250,Pantoprazole,10,15,0,0,FAC015,Dispensed
DSP0002389,PHP0001765,Naresh Patel,9931250173,Balanagar,2026-03-15,RX0003251,Metformin,30,30,0,0,FAC006,Dispensed
DSP0002390,PHP0001766,Mahesh Rao,9399023541,Rajapur,2026-01-04,RX0003252,Amlodipine,30,30,0,0,FAC005,Dispensed
DSP0002391,PHP0001766,Mahesh Rao,,Rajapur,2026-01-04,RX0003252,Metformin,30,30,0,0,FAC005,Dispensed
DSP0002392,PHP0001767,Santosh Krishna,9066599206,Mangalapally,2026-01-16,RX0003254,Paracetamol,5,30,0,0,FAC016,Dispensed
DSP0002393,PHP0001768,Anil Patel,9912239051,Kummarikunta,2026-01-25,RX0003255,Amoxicillin,5,30,0,0,FAC014,Dispensed
DSP0002394,PHP0001768,Anil Patel,9912239051,Kummarikunta,2026-07-11,RX0003256,Metformin,30,30,0,0,FAC013,Dispensed
DSP0002395,PHP0001769,Sreenivas Shekar,9448214097,Donur,2026-07-11,RX0003257,Pantoprazole,10,30,0,0,FAC009,Dispensed
DSP0002396,PHP0001769,Srinivas Shekar,9448214077,Donur,2026-07-11,RX0003257,Paracetamol,3,30,0,0,FAC009,Dispensed
DSP0002397,PHP0001770,Shankar Narsimha,9050920193,Kallepally,2026-02-19,RX0003261,Pantoprazole,10,15,0,0,FAC005,Dispensed
DSP0002398,PHP0001771,Sushma Basha,9735362823,Mogudampalli,2026-03-11,RX0003263,Amlodipine,30,30,0,0,FAC023,Dispensed
DSP0002399,PHP0001771,Sushma Basha,9735362823,Mogudampally,2026-03-16,RX0003263,Metformin,30,30,0,0,FAC023,Dispensed
DSP0002400,PHP0001772,Padma Mallaiah,9093738393,Zaheeraba,2026-03-21,RX0003266,Amlodipine,30,30,0,0,FAC023,Dispensed
DSP0002401,PHP0001773,Anitha Goud,9043389114,Nakrekal,2026-01-25,RX0003267,Metformin,30,30,0,0,FAC017,Dispensed
DSP0002402,PHP0001774,Rajesh Chary,+91-93245-13780,Bodajanampet,2026-07-31,RX0003269,Paracetamol,5,15,0,0,FAC006,Dispensed
DSP0002403,PHP0001775,Renuka,+91-91220-85144,Kallepally,2026-07-02,RX0003270,Amlodipine,30,30,0,0,FAC006,Dispensed
DSP0002404,PHP0001776,Bhavani Laxman,9000201012,Badepally,2026-05-21,RX0003271,Amoxicillin,5,30,0,0,FAC002,Dispensed
DSP0002405,PHP0001777,Mounika Khan,9773231491,Zaheerabad,2026-04-20,RX0003272,Cetirizine,5,15,0,0,FAC023,Dispensed
DSP0002406,PHP0001778,Hareeka Jangam,9356524221,Marrur,2026-01-31,RX0003274,Amlodipine,30,15,1,0,FAC017,Partially dispensed
DSP0002407,PHP0001779,Nirmala Jangam,9920736162,Kallepally,2026-05-01,RX0003275,Metformin,30,15,1,0,FAC006,Partially dispensed
DSP0002408,PHP0001779,Nirmala Jangam,9920736162,Kallepalli,2026-04-30,RX0003275,Paracetamol,3,15,0,0,FAC006,Dispensed
DSP0002409,PHP0001780,Lalitha Laxman,9898437748,Zaheerabad,2026-01-19,RX0003277,Pantoprazole,10,30,0,0,FAC022,Dispensed
DSP0002410,PHP0001781,Renuka Reddy,,Patancheru,2026-01-30,RX0003278,Paracetamol,3,30,0,0,FAC026,Dispensed
DSP0002411,PHP0001782,Suresh Patel,9456811195,Rajapur,2026-05-20,RX0003280,Pantoprazole,10,15,0,0,FAC004,Dispensed
DSP0002412,PHP0001782,Suresh Patel,,Rajapur,2026-07-18,RX0003281,Amlodipine,30,30,0,0,FAC004,Dispensed
DSP0002413,PHP0001782,Suresh Patel,,Rajapur,2026-07-16,RX0003281,Paracetamol,3,15,0,0,FAC004,Dispensed
DSP0002414,PHP0001783,Anjali Patel,9497972181,Kalher,2026-06-16,RX0003283,Metformin,30,30,0,0,FAC020,Dispensed
DSP0002415,PHP0001784,Srinivas Laxman,9256213877,Kangti,2026-03-15,RX0003284,Amlodipine,30,15,1,0,FAC020,Partially dispensed
DSP0002416,PHP0001785,Saritha Das,9425303045,Velpula,2026-05-09,RX0003287,Paracetamol,5,30,0,0,FAC007,Dispensed
DSP0002417,PHP0001786,Sarita Devi,9460574555,Kalher,2026-08-13,RX0003289,Paracetamol,5,30,0,0,FAC020,Dispensed
DSP0002418,PHP0001787,Naveen Mallaiah,9823281547,Chandur,2026-02-25,RX0003290,Paracetamol,3,15,0,0,FAC015,Dispensed
DSP0002419,PHP0001788,Venkatesh Reddy,9386673707,Mogudampally,2026-03-19,RX0003292,Cetirizine,5,15,0,0,FAC023,Dispensed
DSP0002420,PHP0001788,Venkatesh Reddy,9386673707,Mogudampally,2026-05-21,RX0003293,Paracetamol,5,30,0,0,FAC024,Dispensed
DSP0002421,PHP0001789,Arun Mudiraj,9833243308,BANGARIGADDA,2026-05-04,RX0003294,Metformin,30,30,0,0,FAC015,Dispensed
DSP0002422,PHP0001789,Arun Mudiraj,9833243308,Bangarigadda,2026-05-02,RX0003294,Paracetamol,3,15,0,0,FAC015,Dispensed
DSP0002423,PHP0001790,Suresh Das,+91-97632-17873,Mangalapally,2026-06-28,RX0003296,Amlodipine,30,15,1,0,FAC016,Partially dispensed
DSP0002424,PHP0001791,Praveen Jangam,9351397830,Kondamallepally,2026-03-20,RX0003297,Amlodipine,30,15,1,0,FAC010,Partially dispensed
DSP0002425,PHP0001791,Praveen Jangam,9351397830,Kondamallepally,2026-03-18,RX0003297,Paracetamol,3,30,0,0,FAC010,Dispensed
DSP0002426,PHP0001792,Anitha Yadav,9965109342,Chandur,2026-02-07,RX0003299,Amlodipine,30,15,1,0,FAC014,Partially dispensed
DSP0002427,PHP0001792,Anitha Yadaw,9965109342,Chandur,2026-02-07,RX0003299,Paracetamol,3,15,0,0,FAC014,Dispensed
DSP0002428,PHP0001792,Anitha Yadav,9965109342,Chandur,2026-07-09,RX0003301,Cetirizine,5,30,0,0,FAC014,Dispensed
DSP0002429,PHP0001793,Rajesh Mallaiah,9889031821,Narayankhed,2026-02-18,RX0003303,Pantoprazole,10,30,0,0,FAC021,Dispensed
DSP0002430,PHP0001794,Harika Krishna,9939126646,Peddadinn,2026-06-29,RX0003304,Cetirizine,5,0,0,1,FAC011,Not dispensed due to stock
DSP0002431,PHP0001795,Deepika Khan,9276174291,Gangapur,2026-06-11,RX0003305,Amoxicillin,5,30,0,0,FAC002,Dispensed
DSP0002432,PHP0001796,Srilatha Begum,9866801354,GUNDLAPALLY,2026-02-24,RX0003310,Paracetamol,5,15,0,0,FAC010,Dispensed
DSP0002433,PHP0001796,Srilatha Begum,9866801354,Gundlapally,2026-08-03,RX0003311,Amoxicillin,5,15,0,0,FAC012,Dispensed
DSP0002434,PHP0001796,Srilatha Begum,+91-98668-01354,Gundlapally,2026-08-06,RX0003311,Paracetamol,3,30,0,0,FAC012,Dispensed
DSP0002435,PHP0001797,Raju Jangam,9940856460,Patancheru,2026-05-19,RX0003313,Metformin,30,30,0,0,FAC027,Dispensed
DSP0002436,PHP0001798,Deepika Naik,9404905707,Devarakonda,2026-08-01,RX0003315,Paracetamol,5,15,0,0,FAC011,Dispensed
DSP0002437,PHP0001799,Jyothi,9919348454,Velpula,2026-05-30,RX0003317,Cetirizine,5,30,0,0,FAC009,Dispensed
DSP0002438,PHP0001799,Jyothi Begum,9919348454,Velpula,2026-07-09,RX0003318,Paracetamol,3,15,0,0,FAC009,Dispensed
DSP0002439,PHP0001800,Lakshmi Yadav,9270170176,Badepally,2026-08-02,RX0003321,Metformin,30,15,1,0,FAC003,Partially dispensed
DSP0002440,PHP0001801,Santosh Kumar,9410144449,Vemula,2026-07-21,RX0003322,Amoxicillin,5,30,0,0,FAC007,Dispensed
DSP0002441,PHP0001802,Deepika Basha,9578131320,Zaheerabad,2026-04-26,RX0003324,Paracetamol,3,30,0,0,FAC024,Dispensed
DSP0002442,PHP0001803,Padma Das,9653753122,Indresham,2026-05-26,RX0003326,Amlodipine,30,30,0,0,FAC026,Dispensed
DSP0002443,PHP0001803,Padma Das,9653753122,Indresham,2026-05-25,RX0003326,Paracetamol,3,30,0,0,FAC026,Dispensed
DSP0002444,PHP0001804,Ravi Begum,9677555832,Bhanur,2026-04-22,RX0003328,Metformin,30,30,0,0,FAC025,Dispensed
DSP0002445,PHP0001805,Mahesh Goud,9637732777,Nomula,2026-07-21,RX0003330,Metformin,30,15,1,0,FAC018,Partially dispensed
DSP0002446,PHP0001806,Jyothi Patel,9912931753,Kondamallepally,2026-06-10,RX0003331,Paracetamol,5,30,0,0,FAC010,Dispensed
DSP0002447,PHP0001807,Ramesh Rao,9441505041,Nomula,2026-01-07,RX0003332,Amlodipine,30,15,1,0,FAC017,Partially dispensed
DSP0002448,PHP0001807,Ramesh Rao,9441505041,Nomula,2026-01-04,RX0003332,Metformin,30,15,1,0,FAC017,Partially dispensed
DSP0002449,PHP0001808,Swathi Devi,9699843400,Jharasangam,2026-06-19,RX0003335,Pantoprazole,10,30,0,0,FAC023,Dispensed
DSP0002450,PHP0001808,Swathi Devi,9699843400,Jharasangam,2026-06-28,RX0003336,Amlodipine,30,30,0,0,FAC024,Dispensed
DSP0002451,PHP0001809,Saritha Narsimha,9315614392,Zaheerabad,2026-05-14,RX0003337,Amoxicillin,5,30,0,0,FAC022,Dispensed
DSP0002452,PHP0001810,Raghaw Jangam,9057917261,Donur,2026-08-17,RX0003338,Cetirizine,5,15,0,0,FAC009,Dispensed
DSP0002453,PHP0001810,Raghav Jangam,9057917261,Donur,2026-08-15,RX0003338,Paracetamol,3,15,0,0,FAC009,Dispensed
DSP0002454,PHP0001811,Naveen Narsimha,9506301369,Bodajanampet,2026-07-24,RX0003340,Pantoprazole,10,30,0,0,FAC004,Dispensed
DSP0002455,PHP0001812,Nirmala Basha,9969900837,Devarakonda,2026-02-01,RX0003341,Amlodipine,30,30,0,0,FAC011,Dispensed
DSP0002456,PHP0001813,Saritha Mudiraj,9069344734,Zaheerabad,2026-01-31,RX0003342,Metformin,30,30,0,0,FAC024,Dispensed
DSP0002457,PHP0001814,Renuka Mallaiah,9952797675,Nakrekal,2026-08-01,RX0003344,Amlodipine,30,15,1,0,FAC017,Partially dispensed
DSP0002458,PHP0001814,Renuka Mallaiah,9952797675,NAKREKAL,2026-08-06,RX0003344,Paracetamol,3,15,0,0,FAC017,Dispensed
DSP0002459,PHP0001815,Kiran Krisna,+91-94086-78754,Bangarigadda,2026-06-22,RX0003349,Metformin,30,15,1,0,FAC015,Partially dispensed
DSP0002460,PHP0001815,Kiran Krishna,9408678754,Bangarigadda,2026-06-22,RX0003349,Paracetamol,3,15,0,0,FAC015,Dispensed
DSP0002461,PHP0001816,Renuka Shekar,9570004573,NOMULA,2026-06-09,RX0003351,Cetirizine,5,15,0,0,FAC016,Dispensed
DSP0002462,PHP0001817,Harika Reddy,9636822298,Chandur,2026-05-29,RX0003352,Amoxicillin,5,15,0,0,FAC015,Dispensed
DSP0002463,PHP0001818,Swathi,9350700964,Nakrekal,2026-03-20,RX0003353,Cetirizine,5,30,0,0,FAC017,Dispensed
DSP0002464,PHP0001819,Raju Goud,9018446241,Gangapur,2026-02-07,RX0003354,Paracetamol,3,15,0,0,FAC002,Dispensed
DSP0002465,PHP0001820,Lakshmi,9930383589,Bangarigadda,2026-01-29,RX0003357,Pantoprazole,10,30,0,0,FAC013,Dispensed
DSP0002466,PHP0001821,Sushma Shekar,9912328757,Marrur,2026-05-03,RX0003359,Amlodipine,30,15,1,0,FAC017,Partially dispensed
DSP0002467,PHP0001822,Raghav,9540982927,Patancheru,2026-04-16,RX0003361,Cetirizine,5,30,0,0,FAC025,Dispensed
DSP0002468,PHP0001823,Ravi Reddy,,Balanagar,2026-05-03,RX0003365,Pantoprazole,10,0,0,1,FAC006,Not dispensed due to stock
DSP0002469,PHP0001824,Sai Yadav,9908070869,Kohir,2026-04-18,RX0003366,Pantoprazole,10,30,0,0,FAC024,Dispensed
DSP0002470,PHP0001825,Kiran Goud,9814598514,Indresham,2026-04-19,RX0003367,Amlodipine,30,30,0,0,FAC027,Dispensed
DSP0002471,PHP0001826,Mohan Mallaiah,9763556361,Kummarikunta,2026-04-21,RX0003370,Amlodipine,30,30,0,0,FAC015,Dispensed
DSP0002472,PHP0001826,Mohan Mallaiah,9763556361,Kummarikunta,2026-04-22,RX0003370,Metformin,30,30,0,0,FAC015,Dispensed
DSP0002473,PHP0001826,Mohan Mallaiah,9763556361,KUMMARIKUNTA,2026-07-17,RX0003372,Amlodipine,30,15,1,0,FAC013,Partially dispensed
DSP0002474,PHP0001826,Mohan Mallaiah,9763556361,Kummarikunta,2026-07-17,RX0003372,Metformin,30,30,0,0,FAC013,Dispensed
DSP0002475,PHP0001827,Harika Mudiraj,9159995621,Velpula,2026-07-20,RX0003374,Cetirizine,5,30,0,0,FAC009,Dispensed
DSP0002476,PHP0001827,Harika Mudiraj,9159995621,Velpula,2026-08-03,RX0003375,Cetirizine,5,15,0,0,FAC008,Dispensed
DSP0002477,PHP0001828,Harika Basha,9487854530,Rajapur,2026-07-24,RX0003376,Pantoprazole,10,15,0,0,FAC006,Dispensed
DSP0002478,PHP0001828,Harika Basha,9487854530,Rajapur,2026-07-25,RX0003376,Paracetamol,3,15,0,0,FAC006,Dispensed
DSP0002479,PHP0001829,Srilatha Chary,+91-91933-13726,Gundlapally,2026-01-08,RX0003378,Cetirizine,5,30,0,0,FAC011,Dispensed
DSP0002480,PHP0001830,Lalitha Jangam,9423956622,BANGARIGADDA,2026-04-21,RX0003381,Cetirizine,5,15,0,0,FAC015,Dispensed
DSP0002481,PHP0001831,Anitha Krishna,9377847486,Vemula,2026-06-27,RX0003382,Amoxicillin,5,15,0,0,FAC008,Dispensed
DSP0002482,PHP0001832,Shobha Kumar,9104947427,Kallepally,2026-06-15,RX0003386,Paracetamol,5,15,0,0,FAC004,Dispensed
DSP0002483,PHP0001833,Lalitha Mudiraj,+91-91909-64615,NARAYANKHED,2026-02-10,RX0003387,Paracetamol,5,15,0,0,FAC021,Dispensed
DSP0002484,PHP0001834,Anil Basha,9498561079,Kalher,2026-08-10,RX0003389,Metformin,30,0,0,1,FAC019,Not dispensed due to stock
DSP0002485,PHP0001835,Nirmala Khan,9810370587,Kangti,2026-01-14,RX0003390,Metformin,30,30,0,0,FAC021,Dispensed
DSP0002486,PHP0001835,Nirmala Khan,9810370587,Kangti,2026-06-07,RX0003392,Amlodipine,30,15,1,0,FAC020,Partially dispensed
DSP0002487,PHP0001835,Nirmala Khan,9810370587,KANGTI,2026-06-06,RX0003392,Metformin,30,30,0,0,FAC020,Dispensed
DSP0002488,PHP0001836,Ravi Begum,+91-94738-06494,Chandur,2026-02-25,RX0003394,Amlodipine,30,15,1,0,FAC014,Partially dispensed
DSP0002489,PHP0001837,Srilatha Jangam,9198643252,MOGUDAMPALLY,2026-02-14,RX0003395,Paracetamol,5,15,0,0,FAC024,Dispensed
DSP0002490,PHP0001838,Arun Begum,9000920151,Kummarikunta,2026-02-08,RX0003397,Amlodipine,30,30,0,0,FAC015,Dispensed
DSP0002491,PHP0001838,Arun Begum,9004920151,Kummarikunta,2026-02-10,RX0003397,Metformin,30,15,1,0,FAC015,Partially dispensed
DSP0002492,PHP0001839,Santosh Laxman,9507011418,Kohir,2026-07-28,RX0003399,Amlodipine,30,15,1,0,FAC024,Partially dispensed
DSP0002493,PHP0001839,Santosh Laxman,9501011418,Kohir,2026-08-01,RX0003399,Metformin,30,30,0,0,FAC024,Dispensed
DSP0002494,PHP0001840,Shankar Begum,9762803291,Kummarikunta,2026-03-02,RX0003401,Amoxicillin,5,15,0,0,FAC013,Dispensed
DSP0002495,PHP0001841,Ramesh Goud,9669961912,Nermata,2026-07-22,RX0003402,Pantoprazole,10,30,0,0,FAC014,Dispensed
DSP0002496,PHP0001841,Ramesh Goud,+91-96699-61912,Nermata,2026-07-23,RX0003402,Paracetamol,3,30,0,0,FAC014,Dispensed
DSP0002497,PHP0001842,Vinod Shekar,9920202601,Marrur,2026-04-06,RX0003404,Paracetamol,5,30,0,0,FAC016,Dispensed
DSP0002498,PHP0001843,Lakshmi Shekar,+91-95465-52811,Chandur,2026-05-22,RX0003406,Paracetamol,5,15,0,0,FAC015,Dispensed
DSP0002499,PHP0001844,Neermala Krishna,9011914128,Kallepally,2026-08-11,RX0003407,Amlodipine,30,30,0,0,FAC004,Dispensed
DSP0002500,PHP0001844,Nirmala Krishna,9011910128,Kallepally,2026-08-11,RX0003407,Paracetamol,3,30,0,0,FAC004,Dispensed
DSP0002501,PHP0001845,Lakshmi Devi,9350030733,Bodajanampet,2026-02-18,RX0003409,Paracetamol,5,15,0,0,FAC004,Dispensed
DSP0002502,PHP0001846,Mounika Narsimha,9926807654,Polepally,2026-06-22,RX0003411,Amlodipine,30,15,1,0,FAC001,Partially dispensed
DSP0002503,PHP0001847,Padma Naik,9506694803,Midjil,2026-07-25,RX0003412,Metformin,30,30,0,0,FAC009,Dispensed
DSP0002504,PHP0001848,Mohan Basha,9869513461,Bangarigadd,2026-04-30,RX0003413,Paracetamol,5,15,0,0,FAC014,Dispensed
DSP0002505,PHP0001849,Ramesh Goud,,Badepally,2026-03-15,RX0003417,Pantoprazole,10,15,0,0,FAC003,Dispensed
DSP0002506,PHP0001849,Ramesh Goud,,Badepally,2026-04-19,RX0003418,Metformin,30,30,0,0,FAC003,Dispensed
DSP0002507,PHP0001850,Bhavani Basha,9103309694,Gundlapally,2026-05-16,RX0003421,Amlodipine,30,15,1,0,FAC012,Partially dispensed
DSP0002508,PHP0001850,Bhavani Basha,,Gundlapally,2026-07-19,RX0003422,Paracetamol,3,30,0,0,FAC010,Dispensed
DSP0002509,PHP0001851,Kiran Rao,9098152216,Kangti,2026-08-01,RX0003424,Amlodipine,30,30,0,0,FAC019,Dispensed
DSP0002510,PHP0001852,Anjali Goud,9644168759,Kangti,2026-06-05,RX0003425,Paracetamol,5,15,0,0,FAC020,Dispensed
DSP0002511,PHP0001853,Swathi Shekar,9977992587,Balanagar,2026-07-03,RX0003426,Metformin,30,30,0,0,FAC004,Dispensed
DSP0002512,PHP0001853,Swathi sekar,9977992587,Balanagar,2026-07-04,RX0003426,Paracetamol,3,30,0,0,FAC004,Dispensed
DSP0002513,PHP0001854,Shobha Naik,9382368613,Jharasangam,2026-04-16,RX0003430,Amlodipine,30,30,0,0,FAC023,Dispensed
DSP0002514,PHP0001854,Shobha Naik,9382368613,Jharasangam,2026-05-09,RX0003431,Paracetamol,5,15,0,0,FAC023,Dispensed
DSP0002515,PHP0001854,Shobha Naik,9382368613,Jharasangam,2026-06-24,RX0003432,Amlodipine,30,30,0,0,FAC024,Dispensed
DSP0002516,PHP0001854,Shobha Naik,9382368613,Jharasangam,2026-06-21,RX0003432,Metformin,30,30,0,0,FAC024,Dispensed
DSP0002517,PHP0001855,Suresh Khan,9994746281,Ameenpur,2026-05-07,RX0003434,Cetirizine,5,15,0,0,FAC026,Dispensed
DSP0002518,PHP0001856,Rajesh Mallaiah,9813629055,Marrur,2026-04-28,RX0003435,Metformin,30,30,0,0,FAC018,Dispensed
DSP0002519,PHP0001857,Kavitha Mudiraj,9868618712,Polepally,2026-02-18,RX0003436,Metformin,30,15,1,0,FAC003,Partially dispensed
DSP0002520,PHP0001858,Divya Das,9208374505,Badepally,2026-06-10,RX0003437,Metformin,30,15,1,1,FAC003,Partially dispensed
DSP0002521,PHP0001859,Mahesh Yadav,9650798223,Nomula,2026-04-22,RX0003438,Pantoprazole,10,15,0,0,FAC017,Dispensed
DSP0002522,PHP0001859,Mahesh Yadav,9650798223,Nomula,2026-07-25,RX0003439,Cetirizine,5,15,0,0,FAC016,Dispensed
DSP0002523,PHP0001860,Bhavani Goud,9773041199,Indresham,2026-04-09,RX0003440,Amoxicillin,5,15,0,0,FAC025,Dispensed
DSP0002524,PHP0001860,Bhavani Goud,9773041199,Indresham,2026-05-13,RX0003441,Amoxicillin,5,15,0,0,FAC026,Dispensed
DSP0002525,PHP0001861,Vinod,9649859296,Gangapur,2026-05-13,RX0003442,Pantoprazole,10,15,0,0,FAC003,Dispensed
DSP0002526,PHP0001862,Raghav Basha,9432304726,Rajapur,2026-03-23,RX0003443,Cetirizine,5,30,0,0,FAC006,Dispensed
DSP0002527,PHP0001863,Sai Yadav,9501440558,Bangarigadda,2026-03-21,RX0003447,Amlodipine,30,15,1,0,FAC013,Partially dispensed
DSP0002528,PHP0001863,Sai Yadav,9501440558,Bangarigadda,2026-03-25,RX0003447,Metformin,30,0,0,1,FAC013,Not dispensed due to stock
DSP0002529,PHP0001863,Sai Yadaw,9501440578,Bangarigadda,2026-03-21,RX0003447,Paracetamol,3,30,0,0,FAC013,Dispensed
DSP0002530,PHP0001863,Sai Yadaw,9501440558,Bangarigadda,2026-04-25,RX0003450,Amlodipine,30,15,1,0,FAC015,Partially dispensed
DSP0002531,PHP0001863,Sai Yadaw,9501440558,Bangarigadda,2026-04-24,RX0003450,Metformin,30,15,1,0,FAC015,Partially dispensed
DSP0002532,PHP0001864,Anitha Shekar,9725552700,Gangapur,2026-04-05,RX0003453,Amoxicillin,5,15,0,0,FAC003,Dispensed
DSP0002533,PHP0001865,Bhavani Basha,+91-98505-40365,Nakrekal,2026-06-01,RX0003454,Paracetamol,5,30,0,0,FAC016,Dispensed
DSP0002534,PHP0001866,Anitha Yadav,+91-92966-58031,Kallepally,2026-05-02,RX0003455,Amlodipine,30,15,1,0,FAC005,Partially dispensed
DSP0002535,PHP0001866,Anitha Yadav,9296658031,Kallepally,2026-05-07,RX0003455,Metformin,30,15,1,0,FAC005,Partially dispensed
DSP0002536,PHP0001867,Padma Mallaiah,,Kohir,2026-01-11,RX0003459,Cetirizine,5,30,0,0,FAC024,Dispensed
DSP0002537,PHP0001868,Anil Mallaiah,9514024807,Narayankhed,2026-04-16,RX0003460,Amlodipine,30,15,1,0,FAC021,Partially dispensed
DSP0002538,PHP0001869,Lalitha Chary,9253348987,BALANAGAR,2026-04-06,RX0003461,Cetirizine,5,0,0,1,FAC006,Not dispensed due to stock
DSP0002539,PHP0001869,Lalitha Chary,9253348987,Balanagar,2026-04-01,RX0003461,Paracetamol,3,30,0,0,FAC006,Dispensed
DSP0002540,PHP0001870,Harika Mallaiah,,Nomula,2026-03-06,RX0003463,Cetirizine,5,15,0,0,FAC017,Dispensed
DSP0002541,PHP0001871,Ravi Kumar,+91-93613-96399,Gundlapally,2026-01-15,RX0003464,Pantoprazole,10,15,0,0,FAC011,Dispensed
DSP0002542,PHP0001872,Swati Kumar,9787827773,Peddadinne,2026-06-02,RX0003465,Cetirizine,5,15,0,0,FAC012,Dispensed
DSP0002543,PHP0001873,Swthi Shekar,9694796863,Mangalapally,2026-08-13,RX0003466,Amlodipine,30,15,1,0,FAC017,Partially dispensed
DSP0002544,PHP0001874,Renuka Begum,9077383410,Marrur,2026-03-17,RX0003467,Amlodipine,30,15,1,0,FAC017,Partially dispensed
DSP0002545,PHP0001874,Renuka Begum,9077383410,Marrur,2026-03-17,RX0003467,Metformin,30,30,0,0,FAC017,Dispensed
DSP0002546,PHP0001875,Venkatesh Chary,9366391723,Macharam,2026-07-25,RX0003469,Paracetamol,5,15,0,0,FAC002,Dispensed
DSP0002547,PHP0001876,Vinod Naik,9764713954,Velpula,2026-02-28,RX0003471,Pantoprazole,10,30,0,0,FAC008,Dispensed
DSP0002548,PHP0001876,Vinod Naik,9764713954,Velpula,2026-03-03,RX0003471,Paracetamol,3,15,0,0,FAC008,Dispensed
DSP0002549,PHP0001877,Mohan Kumar,9159077873,Nermata,2026-01-27,RX0003473,Amoxicillin,5,15,0,0,FAC015,Dispensed
DSP0002550,PHP0001878,Divya Yadav,9072217960,Bhanur,2026-03-23,RX0003474,Paracetamol,5,15,0,0,FAC026,Dispensed
DSP0002551,PHP0001878,Divya Yadav,9072217960,Bhanur,2026-05-07,RX0003475,Amoxicillin,5,30,0,0,FAC025,Dispensed
DSP0002552,PHP0001879,Srilatha Mudiraj,+91-93067-82036,Patancheru,2026-07-04,RX0003476,Paracetamol,5,30,0,0,FAC025,Dispensed
DSP0002553,PHP0001880,Anjali Laxman,9754502174,Nermata,2026-05-08,RX0003477,Amlodipine,30,30,0,0,FAC013,Dispensed
DSP0002554,PHP0001880,Anjali Laxman,9754502174,Nermata,2026-05-10,RX0003477,Metformin,30,30,0,0,FAC013,Dispensed
DSP0002555,PHP0001881,Kiran Mallaiah,9275352621,Kallepally,2026-02-16,RX0003479,Paracetamol,3,30,0,0,FAC004,Dispensed
DSP0002556,PHP0001882,Divya Basha,9664295990,KALHER,2026-01-17,RX0003481,Metformin,30,30,0,0,FAC021,Dispensed
DSP0002557,PHP0001883,Raghav Das,9847755972,Nermata,2026-08-03,RX0003485,Amlodipine,30,30,0,0,FAC013,Dispensed
DSP0002558,PHP0001884,Rani Khan,9348310990,Donur,2026-04-09,RX0003487,Pantoprazole,10,30,0,0,FAC008,Dispensed
DSP0002559,PHP0001885,Sushma Shekar,9658805464,Polepally,2026-01-13,RX0003488,Metformin,30,30,0,0,FAC003,Dispensed
DSP0002560,PHP0001886,Anil Reddy,9196705280,Gundlapally,2026-03-15,RX0003489,Paracetamol,5,15,0,0,FAC010,Dispensed
DSP0002561,PHP0001887,Nirmala Begum,9584181325,Peddadinne,2026-04-07,RX0003490,Amlodipine,30,15,1,0,FAC012,Partially dispensed
DSP0002562,PHP0001887,Nirmala Begum,9584181325,Peddadinne,2026-06-29,RX0003491,Amlodipine,30,30,0,0,FAC012,Dispensed
DSP0002563,PHP0001888,Srinivas Goud,+91-97668-89607,Kalher,2026-02-17,RX0003492,Amlodipine,30,30,0,0,FAC019,Dispensed
DSP0002564,PHP0001889,Deepika Basha,,Kummarikunta,2026-06-06,RX0003493,Cetirizine,5,15,0,0,FAC014,Dispensed
DSP0002565,PHP0001890,Anjali Mallaiah,9863587141,BALANAGAR,2026-04-27,RX0003494,Pantoprazole,10,15,0,0,FAC004,Dispensed
DSP0002566,PHP0001890,Anjali Mallaiah,9863587171,Balanagar,2026-05-14,RX0003495,Cetirizine,5,30,0,0,FAC006,Dispensed
DSP0002567,PHP0001891,Ramesh Yadav,,Jharasangam,2026-05-09,RX0003496,Amoxicillin,5,15,0,0,FAC024,Dispensed
DSP0002568,PHP0001892,Jyothi Laxman,9222089388,Kondamallepally,2026-06-22,RX0003498,Amoxicillin,5,30,0,0,FAC010,Dispensed
DSP0002569,PHP0001893,Venkatesh Yadav,9954194336,PEDDADINNE,2026-07-26,RX0003502,Paracetamol,3,30,0,0,FAC010,Dispensed
DSP0002570,PHP0001894,Ravi Patel,9196009790,Velpula,2026-03-23,RX0003504,Amoxicillin,5,30,0,0,FAC009,Dispensed
DSP0002571,PHP0001895,Mounika Jangam,,Mangalapally,2026-06-01,RX0003505,Metformin,30,30,0,0,FAC016,Dispensed
DSP0002572,PHP0001896,Harika Shekar,9458760471,Macharam,2026-05-06,RX0003506,Amlodipine,30,30,0,0,FAC003,Dispensed
DSP0002573,PHP0001897,Raghav Laxman,9348015672,DONUR,2026-08-07,RX0003507,Amlodipine,30,15,1,0,FAC008,Partially dispensed
DSP0002574,PHP0001897,Rghav Laxman,9347015672,Donur,2026-08-10,RX0003507,Paracetamol,3,30,0,0,FAC008,Dispensed
DSP0002575,PHP0001898,Deepika Rao,9547667155,Chandur,2026-08-17,RX0003509,Metformin,30,30,0,0,FAC014,Dispensed
DSP0002576,PHP0001899,nitha Goud,9009169850,RAJAPUR,2026-03-30,RX0003510,Metformin,30,15,1,0,FAC005,Partially dispensed
DSP0002577,PHP0001900,Shankar Mudiraj,9010315418,Bangarigadda,2026-03-29,RX0003511,Amlodipine,30,30,0,0,FAC015,Dispensed
DSP0002578,PHP0001900,Shankar Mudiraj,+91-90103-15418,Bangarigadda,2026-03-27,RX0003511,Metformin,30,15,1,0,FAC015,Partially dispensed
DSP0002579,PHP0001901,Rani Jangam,,Jharasangam,2026-05-21,RX0003513,Pantoprazole,10,30,0,0,FAC023,Dispensed
DSP0002580,PHP0001902,Jyothi Begum,9268261338,Peddadinne,2026-01-10,RX0003514,Metformin,30,30,0,0,FAC010,Dispensed
DSP0002581,PHP0001903,Kiran Kumar,9249168765,Donur,2026-07-22,RX0003517,Pantoprazole,10,15,0,0,FAC008,Dispensed
DSP0002582,PHP0001904,Rani Begum,,Donur,2026-02-12,RX0003519,Pantoprazole,10,15,0,0,FAC008,Dispensed
DSP0002583,PHP0001904,Rani Begum,9280674104,Donur,2026-07-13,RX0003520,Amoxicillin,5,15,0,0,FAC007,Dispensed
DSP0002584,PHP0001905,Anil Rao,9702698933,Chandur,2026-04-28,RX0003522,Amlodipine,30,30,0,0,FAC015,Dispensed
DSP0002585,PHP0001906,Suresh Mudiraj,9270951129,Gangapur,2026-08-03,RX0003523,Metformin,30,15,1,0,FAC001,Partially dispensed
DSP0002586,PHP0001907,Mohan Jangam,9819686266,Velpul,2026-08-04,RX0003524,Amlodipine,30,15,1,0,FAC009,Partially dispensed
DSP0002587,PHP0001908,Anil Naik,+91-90674-46628,Kondamallepally,2026-06-25,RX0003525,Pantoprazole,10,15,0,0,FAC011,Dispensed
DSP0002588,PHP0001908,Anil Naik,9067446628,Kondamallepally,2026-07-25,RX0003526,Paracetamol,5,30,0,0,FAC010,Dispensed
DSP0002589,PHP0001909,Sushm Das,9378861113,Chandur,2026-08-10,RX0003527,Cetirizine,5,30,0,0,FAC015,Dispensed
DSP0002590,PHP0001910,Srinivas Das,9998525601,Bangarigadda,2026-07-31,RX0003528,Pantoprazole,10,30,0,0,FAC015,Dispensed
DSP0002591,PHP0001911,Ravi Devi,9324098653,Manoor,2026-03-21,RX0003529,Amlodipine,30,30,0,0,FAC020,Dispensed
DSP0002592,PHP0001912,Deepika Yadav,9288737679,Kummarikunta,2026-04-24,RX0003531,Amoxicillin,5,30,0,0,FAC014,Dispensed
DSP0002593,PHP0001912,Deepika Yadav,9288737979,Kummarikunta,2026-07-20,RX0003532,Cetirizine,5,30,0,0,FAC015,Dispensed
DSP0002594,PHP0001913,Anjali Chary,9485278317,CHANDUR,2026-02-04,RX0003533,Paracetamol,5,30,0,0,FAC013,Dispensed
DSP0002595,PHP0001914,Mounik Khan,9688056746,Ameenpur,2026-08-08,RX0003535,Metformin,30,30,0,0,FAC025,Dispensed
DSP0002596,PHP0001915,Rani Kumar,9659466905,Badepally,2026-06-25,RX0003536,Metformin,30,0,0,1,FAC003,Not dispensed due to stock
DSP0002597,PHP0001916,Santosh Mudiraj,9910330974,Nomula,2026-07-24,RX0003537,Metformin,30,30,0,0,FAC016,Dispensed
DSP0002598,PHP0001917,Shankar Basha,9290488974,Velpula,2026-03-16,RX0003538,Metformin,30,0,0,1,FAC008,Not dispensed due to stock
DSP0002599,PHP0001918,Saritha Yadav,9477774933,Kohir,2026-08-13,RX0003539,Pantoprazole,10,15,0,0,FAC023,Dispensed
DSP0002600,PHP0001919,Nirmala Laxman,9630651591,Kalher,2026-01-06,RX0003540,Amoxicillin,5,30,0,0,FAC019,Dispensed
DSP0002601,PHP0001920,run Narsimha,9333580336,Vemula,2026-02-15,RX0003541,Pantoprazole,10,15,0,0,FAC009,Dispensed
DSP0002602,PHP0001921,Praveen Kumar,9272916678,Macharam,2026-05-29,RX0003543,Metformin,30,30,0,0,FAC002,Dispensed
DSP0002603,PHP0001922,Raghav Chary,9488224827,Marrur,2026-07-08,RX0003545,Amlodipine,30,15,1,0,FAC017,Partially dispensed
DSP0002604,PHP0001923,Rani,9970387702,Nermata,2026-03-02,RX0003546,Cetirizine,5,30,0,0,FAC013,Dispensed
DSP0002605,PHP0001924,Suresh Das,9112880738,Indresham,2026-04-12,RX0003547,Amoxicillin,5,15,0,0,FAC027,Dispensed
DSP0002606,PHP0001925,Rajesh Das,9846357684,Gundlapally,2026-03-12,RX0003548,Amlodipine,30,15,1,0,FAC012,Partially dispensed
DSP0002607,PHP0001926,Srilatha Basha,9509937648,Nakrekal,2026-01-20,RX0003549,Amlodipine,30,30,0,0,FAC018,Dispensed
DSP0002608,PHP0001927,Swathi Kumar,9181632961,Vemula,2026-04-22,RX0003550,Amlodipine,30,30,0,0,FAC008,Dispensed
DSP0002609,PHP0001928,Nirmala Laxman,9444354189,Nermata,2026-08-04,RX0003552,Metformin,30,15,1,0,FAC015,Partially dispensed
DSP0002610,PHP0001929,Vinod Krishna,9691886176,Nomula,2026-06-13,RX0003554,Cetirizine,5,30,0,0,FAC017,Dispensed
DSP0002611,PHP0001929,Vinod Krishna,9691886176,Nomula,2026-06-13,RX0003554,Paracetamol,3,30,0,0,FAC017,Dispensed
DSP0002612,PHP0001930,Ravi Goud,+91-99618-95837,Nakrekal,2026-03-24,RX0003556,Pantoprazole,10,30,0,0,FAC016,Dispensed
DSP0002613,PHP0001931,Mahesh Laxman,9268891773,Patancheru,2026-02-18,RX0003557,Cetirizine,5,15,0,0,FAC026,Dispensed
DSP0002614,PHP0001932,Lakshmi Kumar,9356498898,KOHIR,2026-08-01,RX0003559,Cetirizine,5,15,0,0,FAC024,Dispensed
DSP0002615,PHP0001933,Naween Naik,+91-92210-49631,Polepally,2026-04-22,RX0003560,Amoxicillin,5,30,0,0,FAC002,Dispensed
DSP0002616,PHP0001934,Srilatha Khan,9905233799,Marrur,2026-03-14,RX0003562,Pantoprazole,10,30,0,0,FAC016,Dispensed
DSP0002617,PHP0001935,Mahesh Krishna,9944860549,Patancheru,2026-05-18,RX0003563,Amlodipine,30,30,0,0,FAC026,Dispensed
DSP0002618,PHP0001936,Praveen Laxman,9463658958,Rajapur,2026-04-14,RX0003564,Metformin,30,15,1,0,FAC004,Partially dispensed
DSP0002619,PHP0001937,Rani Mallaiah,,Jharasangam,2026-03-25,RX0003567,Cetirizine,5,30,0,0,FAC024,Dispensed
DSP0002620,PHP0001937,Rani Mallaiah,,Jharasangam,2026-03-25,RX0003567,Paracetamol,3,15,0,0,FAC024,Dispensed
DSP0002621,PHP0001938,Kavitha Reddy,+91-95296-64468,Kangti,2026-02-15,RX0003570,Amlodipine,30,30,0,0,FAC019,Dispensed
DSP0002622,PHP0001938,Kavitha Reddy,+91-95296-64468,Kangti,2026-04-27,RX0003571,Amoxicillin,5,30,0,0,FAC021,Dispensed
DSP0002623,PHP0001939,Harika Krishna,9417124556,Badepalli,2026-07-27,RX0003573,Cetirizine,5,30,0,0,FAC003,Dispensed
DSP0002624,PHP0001940,Rajes Yadav,9884563261,Nermata,2026-02-14,RX0003574,Amlodipine,30,15,1,0,FAC014,Partially dispensed
DSP0002625,PHP0001940,Rajesh Yadav,9886563261,Nermata,2026-02-14,RX0003574,Paracetamol,3,30,0,0,FAC014,Dispensed
DSP0002626,PHP0001940,Rajesh Yadaw,9881563261,Nermata,2026-03-13,RX0003576,Amlodipine,30,15,1,0,FAC015,Partially dispensed
DSP0002627,PHP0001941,Rani Mudiraj,9452206351,Chandur,2026-04-30,RX0003577,Amoxicillin,5,30,0,0,FAC014,Dispensed
DSP0002628,PHP0001942,Rajesh Laxman,9771065286,Peddadinne,2026-03-02,RX0003578,Paracetamol,5,15,0,0,FAC012,Dispensed
DSP0002629,PHP0001943,Naveen Naik,+91-94971-19645,Narayankhe,2026-02-11,RX0003579,Pantoprazole,10,15,0,0,FAC019,Dispensed
DSP0002630,PHP0001944,Rames Goud,,Patancheru,2026-01-25,RX0003580,Amlodipine,30,15,1,0,FAC027,Partially dispensed
DSP0002631,PHP0001945,Mohan Kumar,,Rajapur,2026-07-03,RX0003582,Cetirizine,5,15,0,0,FAC005,Dispensed
DSP0002632,PHP0001945,Mohan Kumar,9825745585,RAJAPUR,2026-06-29,RX0003582,Paracetamol,3,15,0,0,FAC005,Dispensed
DSP0002633,PHP0001945,Mohan Kumar,9825745585,Rajapur,2026-07-26,RX0003584,Amoxicillin,5,15,0,0,FAC004,Dispensed
DSP0002634,PHP0001946,Suresh Mudiraj,9413876602,Balanagar,2026-02-20,RX0003586,Amoxicillin,5,15,0,0,FAC004,Dispensed
DSP0002635,PHP0001946,Suresh Mudiraj,9419876602,Balanagar,2026-02-22,RX0003586,Paracetamol,3,15,0,0,FAC004,Dispensed
DSP0002636,PHP0001947,Shobha Mallaiah,9955258059,Balanagar,2026-02-01,RX0003588,Paracetamol,5,30,0,0,FAC006,Dispensed
DSP0002637,PHP0001947,sobha Mallaiah,9955258019,Balanagar,2026-02-04,RX0003588,Paracetamol,3,15,0,0,FAC006,Dispensed
DSP0002638,PHP0001948,Ravi Das,9257313384,Marrur,2026-06-16,RX0003590,Paracetamol,5,30,0,0,FAC017,Dispensed
DSP0002639,PHP0001949,Srinivas Basha,9359010069,Kohir,2026-06-16,RX0003591,Amoxicillin,5,0,0,1,FAC023,Not dispensed due to stock
DSP0002640,PHP0001950,Padma Krishna,9434053088,Zaheerabad,2026-08-05,RX0003594,Metformin,30,15,1,0,FAC023,Partially dispensed
DSP0002641,PHP0001951,Santosh Shekar,,Zaheerabad,2026-03-21,RX0003595,Paracetamol,5,30,0,0,FAC023,Dispensed
DSP0002642,PHP0001952,Lakshmi Reddy,9221863562,Bangarigadda,2026-06-08,RX0003597,Metformin,30,30,0,0,FAC014,Dispensed
DSP0002643,PHP0001952,Lakshmi Reddy,9221833562,Bangarigadda,2026-06-09,RX0003597,Paracetamol,3,15,0,0,FAC014,Dispensed
DSP0002644,PHP0001953,Naveen Begum,9412185334,Kalher,2026-07-14,RX0003602,Amlodipine,30,30,0,0,FAC019,Dispensed
DSP0002645,PHP0001954,Srilatha Jangam,9518310457,MARRUR,2026-02-21,RX0003605,Paracetamol,5,15,0,0,FAC018,Dispensed
DSP0002646,PHP0001955,Mohan Krishna,9384360811,Vemula,2026-03-08,RX0003607,Amoxicillin,5,15,0,0,FAC009,Dispensed
DSP0002647,PHP0001956,Harika Naik,9702051485,Bangarigadda,2026-06-01,RX0003608,Metformin,30,30,0,0,FAC014,Dispensed
DSP0002648,PHP0001957,Mounika Devi,9912292699,Midjil,2026-04-09,RX0003611,Paracetamol,5,15,0,0,FAC007,Dispensed
DSP0002649,PHP0001958,Divya Yadav,9470981657,Kohir,2026-04-12,RX0003612,Amlodipine,30,30,0,0,FAC023,Dispensed
DSP0002650,PHP0001958,Divya Yadav,9470981657,Kohir,2026-07-11,RX0003613,Amlodipine,30,15,1,0,FAC024,Partially dispensed
DSP0002651,PHP0001959,Swathi Laxman,9963134876,Devarakonda,2026-07-31,RX0003614,Amoxicillin,5,0,0,1,FAC010,Not dispensed due to stock
DSP0002652,PHP0001960,Mahesh Devi,9268319311,Ameenpur,2026-05-26,RX0003616,Amlodipine,30,30,0,0,FAC026,Dispensed
DSP0002653,PHP0001961,Rajesh Jangam,+91-99918-10797,Kohir,2026-07-30,RX0003618,Paracetamol,5,15,0,0,FAC023,Dispensed
DSP0002654,PHP0001962,Raju Laxman,9204028601,BANGARIGADDA,2026-07-22,RX0003619,Metformin,30,30,0,0,FAC014,Dispensed
DSP0002655,PHP0001963,Kiran,9604147892,Nermata,2026-03-16,RX0003620,Amlodipine,30,30,0,0,FAC015,Dispensed
DSP0002656,PHP0001963,Kiran Devi,9604147892,Nermata,2026-03-18,RX0003620,Metformin,30,15,1,0,FAC015,Partially dispensed
DSP0002657,PHP0001964,Bhavani Khan,9999765625,Jharasangam,2026-07-15,RX0003627,Paracetamol,3,30,0,0,FAC023,Dispensed
DSP0002658,PHP0001965,Arun Naik,9104323339,Kondamallepally,2026-02-16,RX0003630,Metformin,30,30,0,0,FAC012,Dispensed
DSP0002659,PHP0001966,Ravi Reddy,9551630939,CHANDUR,2026-02-27,RX0003631,Metformin,30,30,0,0,FAC015,Dispensed
DSP0002660,PHP0001967,Anitha Yadav,9965035311,Velpula,2026-01-19,RX0003632,Amoxicillin,5,30,0,0,FAC009,Dispensed
DSP0002661,PHP0001968,Shobha Mudiraj,+91-94107-11136,Devarakonda,2026-03-30,RX0003634,Pantoprazole,10,30,0,0,FAC011,Dispensed
DSP0002662,PHP0001969,Suresh Begum,9414468441,Kangti,2026-02-21,RX0003635,Amlodipine,30,30,0,0,FAC020,Dispensed
DSP0002663,PHP0001969,Suresh Begum,9414468441,Kangti,2026-02-21,RX0003635,Paracetamol,3,30,0,0,FAC020,Dispensed
DSP0002664,PHP0001970,Renuka Narsimha,+91-92871-01897,Bangarigadda,2026-06-24,RX0003638,Metformin,30,30,0,0,FAC015,Dispensed
DSP0002665,PHP0001970,Renuka Narsimha,9287101897,Bangarigadda,2026-06-25,RX0003638,Paracetamol,3,30,0,0,FAC015,Dispensed
DSP0002666,PHP0001971,Arun Reddy,9194112619,Kangti,2026-08-17,RX0003640,Cetirizine,5,15,0,0,FAC020,Dispensed
DSP0002667,PHP0001972,Rani Begum,9944251912,Mogudampally,2026-03-27,RX0003641,Amoxicillin,5,15,0,0,FAC024,Dispensed
DSP0002668,PHP0001973,Ranee Mudiraj,9646621456,Gangapur,2026-01-04,RX0003642,Paracetamol,5,15,0,0,FAC001,Dispensed
DSP0002669,PHP0001974,Harika,9941244383,Balanagar,2026-04-01,RX0003644,Pantoprazole,10,15,0,0,FAC006,Dispensed
DSP0002670,PHP0001975,Mahes Shekar,+91-99035-42344,Zaheerabad,2026-06-27,RX0003645,Amoxicillin,5,30,0,0,FAC024,Dispensed
DSP0002671,PHP0001976,Sushma Basha,9898083071,Indresham,2026-07-15,RX0003646,Metformin,30,15,1,0,FAC025,Partially dispensed
DSP0002672,PHP0001977,Santosh Reddy,+91-98194-04647,Rajapur,2026-04-16,RX0003649,Metformin,30,30,0,0,FAC006,Dispensed
DSP0002673,PHP0001978,Anitha Laxman,,Mogudampally,2026-02-10,RX0003650,Paracetamol,5,30,0,0,FAC024,Dispensed
DSP0002674,PHP0001979,Divya Yadav,9494934690,Indresham,2026-03-10,RX0003651,Amoxicillin,5,30,0,0,FAC025,Dispensed
DSP0002675,PHP0001979,Divya Yadav,9494934690,Indresham,2026-03-12,RX0003651,Paracetamol,3,30,0,0,FAC025,Dispensed
DSP0002676,PHP0001979,Divya Yadav,9494934690,Indresham,2026-06-06,RX0003653,Paracetamol,5,15,0,0,FAC027,Dispensed
DSP0002677,PHP0001980,Anil Khan,9418934740,Manoor,2026-07-06,RX0003655,Cetirizine,5,15,0,0,FAC019,Dispensed
DSP0002678,PHP0001981,Rajesh Laxman,9147096912,Peddadinne,2026-04-10,RX0003656,Amlodipine,30,15,1,0,FAC010,Partially dispensed
DSP0002679,PHP0001981,Rajesh Laxman,9147096912,Peddadinne,2026-04-15,RX0003656,Metformin,30,30,0,0,FAC010,Dispensed
DSP0002680,PHP0001982,Srilatha Narsimha,9617246373,Rajapur,2026-05-18,RX0003660,Metformin,30,15,1,0,FAC004,Partially dispensed
DSP0002681,PHP0001983,Lalitha Narsimha,+91-98255-61968,Nakrekal,2026-01-25,RX0003661,Amlodipine,30,30,0,0,FAC018,Dispensed
DSP0002682,PHP0001983,Llitha Narsimha,9825561998,NAKREKAL,2026-01-27,RX0003661,Paracetamol,3,30,0,0,FAC018,Dispensed
DSP0002683,PHP0001984,Divya Reddy,9014806737,Patancheru,2026-03-31,RX0003663,Metformin,30,30,0,0,FAC025,Dispensed
DSP0002684,PHP0001985,Anjali Mudiraj,9842715524,Zaheerabad,2026-01-12,RX0003664,Pantoprazole,10,15,0,0,FAC023,Dispensed
DSP0002685,PHP0001985,Anjalee Mudiraj,9842715524,ZAHEERABAD,2026-01-12,RX0003664,Paracetamol,3,15,0,0,FAC023,Dispensed
DSP0002686,PHP0001985,Anjali Mudiraj,9842715524,Zaheerabad,2026-03-12,RX0003666,Cetirizine,5,30,0,0,FAC023,Dispensed
DSP0002687,PHP0001986,Harika Yadav,9963918487,Badepally,2026-07-12,RX0003667,Amlodipine,30,30,0,0,FAC002,Dispensed
DSP0002688,PHP0001986,Harika Yadav,9963918487,Badepally,2026-07-15,RX0003667,Metformin,30,15,1,0,FAC002,Partially dispensed
DSP0002689,PHP0001987,Arun Mallaiah,9955804538,Gangapur,2026-03-09,RX0003669,Amlodipine,30,15,1,0,FAC001,Partially dispensed
DSP0002690,PHP0001987,Arun Mallaiah,9955804738,Gangapur,2026-03-07,RX0003669,Paracetamol,3,30,0,0,FAC001,Dispensed
DSP0002691,PHP0001988,Mohan Begum,9579146943,Kondamallepally,2026-07-09,RX0003672,Metformin,30,30,0,0,FAC012,Dispensed
DSP0002692,PHP0001989,Lakshmi Khan,9652321505,Peddadinne,2026-02-11,RX0003674,Amoxicillin,5,15,0,0,FAC010,Dispensed
DSP0002693,PHP0001990,Anitha Patel,9887742168,Nermata,2026-02-09,RX0003675,Paracetamol,5,30,0,0,FAC015,Dispensed
DSP0002694,PHP0001990,Anitha Patel,9887742168,Nermata,2026-03-08,RX0003676,Amlodipine,30,30,0,0,FAC014,Dispensed
DSP0002695,PHP0001991,Kiran Kumar,9197164000,Mogudampally,2026-07-03,RX0003677,Metformin,30,15,1,0,FAC024,Partially dispensed
DSP0002696,PHP0001992,Srilatha Goud,9754275494,KANGTI,2026-04-03,RX0003678,Paracetamol,5,30,0,0,FAC021,Dispensed
DSP0002697,PHP0001993,Renuka Reddy,9046534393,Macharam,2026-05-23,RX0003681,Pantoprazole,10,30,0,0,FAC001,Dispensed
DSP0002698,PHP0001993,Renuka Reddy,9046534393,Macharam,2026-07-12,RX0003682,Cetirizine,5,30,0,0,FAC002,Dispensed
DSP0002699,PHP0001994,Jyothi Patel,9736999579,Marrur,2026-05-08,RX0003683,Amoxicillin,5,30,0,0,FAC016,Dispensed
DSP0002700,PHP0001995,Raghav Patel,9223683845,Midjil,2026-04-03,RX0003684,Metformin,30,30,0,0,FAC009,Dispensed
DSP0002701,PHP0001996,Raju Begum,9149102191,POLEPALLY,2026-07-25,RX0003686,Paracetamol,3,15,0,0,FAC001,Dispensed
DSP0002702,PHP0001997,Naresh Basha,9487242853,Kangti,2026-02-08,RX0003688,Pantoprazole,10,30,0,0,FAC021,Dispensed
DSP0002703,PHP0001998,Rani Rao,9799211342,Patancheru,2026-01-04,RX0003689,Cetirizine,5,30,0,0,FAC027,Dispensed
DSP0002704,PHP0001999,Saritha Begum,9000743763,Narayankhed,2026-01-31,RX0003690,Cetirizine,5,30,0,0,FAC019,Dispensed
DSP0002705,PHP0002000,Pdma Shekar,9549748771,BHANUR,2026-04-14,RX0003691,Amlodipine,30,15,1,0,FAC025,Partially dispensed
DSP0002706,PHP0002000,Padma Shekar,9549748771,Bhanur,2026-05-15,RX0003693,Amlodipine,30,15,1,0,FAC026,Partially dispensed
DSP0002707,PHP0002000,Padma Shekar,9549748771,Bhanur,2026-05-15,RX0003693,Metformin,30,30,0,0,FAC026,Dispensed
DSP0002708,PHP0002001,Srilatha Kumar,9422496309,Patancheru,2026-06-02,RX0003695,Cetirizine,5,30,0,0,FAC026,Dispensed
DSP0002709,PHP0002001,Srilatha Kumar,9422496309,Patancheru,2026-05-31,RX0003695,Paracetamol,3,30,0,0,FAC026,Dispensed
DSP0002710,PHP0002002,Padma Yadav,9774911763,Midjil,2026-01-07,RX0003698,Cetirizine,5,15,1,1,FAC009,Partially dispensed
DSP0002711,PHP0002003,Santosh Devee,9155005938,Kangti,2026-05-07,RX0003699,Cetirizine,5,30,0,0,FAC019,Dispensed
DSP0002712,PHP0002003,Santosh Devi,+91-91550-05938,Kangti,2026-05-28,RX0003700,Amoxicillin,5,30,0,0,FAC021,Dispensed
DSP0002713,PHP0002003,Santosh Devi,9155005938,Kangti,2026-05-29,RX0003700,Paracetamol,3,15,0,0,FAC021,Dispensed
DSP0002714,PHP0002004,Sushma Kumar,9023586429,Nomula,2026-02-05,RX0003702,Amoxicillin,5,30,0,0,FAC017,Dispensed
DSP0002715,PHP0002005,Raju Shekar,9889869438,Velpula,2026-07-14,RX0003703,Metformin,30,15,1,0,FAC008,Partially dispensed
DSP0002716,PHP0002005,Raju Shekar,9889869438,Velpula,2026-07-14,RX0003703,Paracetamol,3,30,0,0,FAC008,Dispensed
DSP0002717,PHP0002006,Divya Das,+91-90384-44421,Gundlapally,2026-05-15,RX0003705,Pantoprazole,10,30,0,0,FAC012,Dispensed
DSP0002718,PHP0002007,Divya Khan,,Mangalapally,2026-05-05,RX0003706,Metformin,30,30,0,0,FAC016,Dispensed
DSP0002719,PHP0002008,Raghav Das,9183193969,Macharam,2026-08-02,RX0003707,Amoxicillin,5,15,0,0,FAC001,Dispensed
DSP0002720,PHP0002009,Kiran Devi,9867737914,Kallepally,2026-07-13,RX0003708,Amlodipine,30,30,0,0,FAC004,Dispensed
DSP0002721,PHP0002010,Mounika Mudiraj,9197710245,Bodajanampet,2026-07-13,RX0003709,Amlodipine,30,15,1,0,FAC006,Partially dispensed
DSP0002722,PHP0002011,Praveen Begum,9651985168,Jharasangam,2026-07-29,RX0003710,Amlodipine,30,15,1,0,FAC022,Partially dispensed
DSP0002723,PHP0002011,Praveen Begum,9651985168,Jharasangam,2026-07-29,RX0003710,Metformin,30,30,0,0,FAC022,Dispensed
DSP0002724,PHP0002012,Deepika Reddy,9564294457,Badepally,2026-08-11,RX0003712,Paracetamol,3,30,0,0,FAC003,Dispensed
DSP0002725,PHP0002013,Renuka Krishna,9418392119,MANGALAPALLY,2026-08-14,RX0003714,Metformin,30,15,1,0,FAC017,Partially dispensed
DSP0002726,PHP0002014,Arun Rao,9459139565,Narayankhed,2026-05-30,RX0003715,Amoxicillin,5,15,0,0,FAC021,Dispensed
DSP0002727,PHP0002015,Vinod Narsimha,9672177399,Gundlapally,2026-05-13,RX0003717,Pantoprazole,10,15,0,0,FAC011,Dispensed
DSP0002728,PHP0002016,Anjali Mudiraj,9246760691,Balanagar,2026-07-01,RX0003718,Amoxicillin,5,30,0,0,FAC006,Dispensed
DSP0002729,PHP0002017,Venkatesh Krishna,+91-96831-27158,KANGTI,2026-08-05,RX0003719,Amlodipine,30,15,1,0,FAC020,Partially dispensed
DSP0002730,PHP0002018,Praveen Jangam,9065907448,Kohir,2026-07-10,RX0003720,Pantoprazole,10,30,0,0,FAC024,Dispensed
DSP0002731,PHP0002019,Shankar Yadav,9735548167,NOMULA,2026-08-14,RX0003721,Cetirizine,5,30,0,0,FAC016,Dispensed
DSP0002732,PHP0002020,Suresh Goud,9717101600,Macharam,2026-05-24,RX0003722,Amoxicillin,5,15,0,0,FAC003,Dispensed
DSP0002733,PHP0002021,Srinivas Goud,9870125448,Bangarigadda,2026-07-25,RX0003723,Amlodipine,30,30,0,0,FAC015,Dispensed
DSP0002734,PHP0002021,Srinivas Goud,9870125448,Bangarigadda,2026-07-22,RX0003723,Metformin,30,15,1,0,FAC015,Partially dispensed
DSP0002735,PHP0002021,Srinivas,9870155448,Bangarigadda,2026-07-27,RX0003723,Paracetamol,3,15,0,0,FAC015,Dispensed
DSP0002736,PHP0002022,Rani,9728096749,Donur,2026-02-21,RX0003726,Amlodipine,30,15,1,0,FAC008,Partially dispensed
DSP0002737,PHP0002023,Rajesh Yadav,9438567218,Donur,2026-06-23,RX0003727,Amoxicillin,5,15,0,0,FAC008,Dispensed
DSP0002738,PHP0002023,Rajesh Yadav,9438567218,Donur,2026-07-27,RX0003728,Paracetamol,5,30,0,0,FAC007,Dispensed
DSP0002739,PHP0002024,Saritha Laxman,9678080865,VELPULA,2026-03-07,RX0003729,Pantoprazole,10,30,0,0,FAC007,Dispensed
DSP0002740,PHP0002024,Saritha Laxman,+91-96780-80865,Velpula,2026-04-15,RX0003731,Cetirizine,5,15,0,0,FAC009,Dispensed
DSP0002741,PHP0002025,Saritha Rao,9168076336,Badepally,2026-02-05,RX0003732,Pantoprazole,10,15,0,0,FAC002,Dispensed
DSP0002742,PHP0002026,Rani Reddy,9125680165,Kalher,2026-08-07,RX0003733,Pantoprazole,10,15,0,0,FAC021,Dispensed
DSP0002743,PHP0002027,Ramesh,9830942817,Macharam,2026-03-13,RX0003734,Amoxicillin,5,15,0,0,FAC001,Dispensed
DSP0002744,PHP0002028,Shankar Chary,9347203000,Badepally,2026-06-09,RX0003735,Cetirizine,5,30,0,0,FAC003,Dispensed
DSP0002745,PHP0002029,Renuka Jangam,9318510567,Kohir,2026-02-09,RX0003736,Amoxicillin,5,15,0,0,FAC022,Dispensed
DSP0002746,PHP0002030,Arun Rao,9733486768,Polepally,2026-07-18,RX0003737,Pantoprazole,10,30,0,0,FAC003,Dispensed
DSP0002747,PHP0002031,Raju Jangam,9874963069,Balanagar,2026-01-06,RX0003738,Amoxicillin,5,15,0,0,FAC006,Dispensed
DSP0002748,PHP0002032,Lakshmi Rao,9647126093,Peddadinne,2026-05-29,RX0003739,Metformin,30,0,0,1,FAC011,Not dispensed due to stock
DSP0002749,PHP0002032,Lakshmi Rao,9647126093,Peddadinne,2026-07-11,RX0003740,Amoxicillin,5,30,0,0,FAC012,Dispensed
DSP0002750,PHP0002033,Saritha Das,9942558011,Rajapur,2026-06-06,RX0003741,Paracetamol,5,15,0,0,FAC005,Dispensed
DSP0002751,PHP0002033,Saritha Das,9942558011,Rajapur,2026-06-05,RX0003741,Paracetamol,3,15,0,0,FAC005,Dispensed
DSP0002752,PHP0002033,Saritha Das,9942555011,Rajapur,2026-08-02,RX0003743,Amoxicillin,5,30,0,0,FAC004,Dispensed
DSP0002753,PHP0002034,Sai Basha,9303017266,Nermata,2026-02-28,RX0003744,Pantoprazole,10,15,0,0,FAC014,Dispensed
DSP0002754,PHP0002035,Naveen Goud,+91-95550-40192,Ameenpur,2026-04-18,RX0003745,Pantoprazole,10,15,0,0,FAC025,Dispensed
DSP0002755,PHP0002035,Naveen Goud,9555040192,Ameenpur,2026-06-09,RX0003746,Pantoprazole,10,30,0,0,FAC026,Dispensed
DSP0002756,PHP0002036,Bhavani Rao,9033486724,Chandur,2026-06-16,RX0003747,Metformin,30,15,1,0,FAC013,Partially dispensed
DSP0002757,PHP0002037,Santosh Chary,9470042825,Nermata,2026-08-17,RX0003748,Paracetamol,5,15,0,0,FAC013,Dispensed
DSP0002758,PHP0002038,Deepika Mudiraj,9454665851,Donur,2026-07-21,RX0003749,Amlodipine,30,15,1,0,FAC007,Partially dispensed
DSP0002759,PHP0002039,Praveen Krishna,9487621699,Polepally,2026-05-16,RX0003750,Pantoprazole,10,15,0,0,FAC001,Dispensed
DSP0002760,PHP0002040,Shobha Khan,9594391482,Ameenpur,2026-04-04,RX0003751,Paracetamol,5,15,0,0,FAC027,Dispensed
DSP0002761,PHP0002041,Bhavani Chary,9249944468,Mogudampally,2026-08-04,RX0003752,Pantoprazole,10,30,0,0,FAC024,Dispensed
DSP0002762,PHP0002042,Kavitha Narsimha,9739396566,Nakrekal,2026-05-27,RX0003753,Amoxicillin,5,15,0,0,FAC016,Dispensed
DSP0002763,PHP0002042,Kavitha Narsimha,9739396566,Nakrekal,2026-07-19,RX0003754,Amoxicillin,5,15,0,0,FAC017,Dispensed
DSP0002764,PHP0002043,Bhavani Patel,+91-97636-49329,Bangarigadda,2026-01-20,RX0003755,Paracetamol,5,15,0,0,FAC014,Dispensed
DSP0002765,PHP0002044,Kavitha Patel,9826617210,Donur,2026-04-26,RX0003756,Paracetamol,5,15,0,0,FAC009,Dispensed
DSP0002766,PHP0002045,Kavitha Kumar,9487443716,Polepally,2026-02-05,RX0003758,Cetirizine,5,15,0,0,FAC001,Dispensed
DSP0002767,PHP0002046,Raju Chary,9947647501,Kangti,2026-01-25,RX0003760,Amoxicillin,5,15,0,0,FAC019,Dispensed
DSP0002768,PHP0002047,Kavitha Rao,9277052956,Devarakonda,2026-08-05,RX0003761,Amoxicillin,5,15,0,0,FAC012,Dispensed
DSP0002769,PHP0002048,Sushma Yadav,9761939946,Marrur,2026-01-26,RX0003762,Paracetamol,5,30,0,0,FAC017,Dispensed
DSP0002770,PHP0002048,Sushma Yadav,9761939946,Marrur,2026-01-26,RX0003763,Pantoprazole,10,15,0,0,FAC017,Dispensed
DSP0002771,PHP0002048,Sushma Yadav,9761939946,Marrur,2026-03-20,RX0003764,Amoxicillin,5,15,0,0,FAC018,Dispensed
DSP0002772,PHP0002049,Anitha Goud,9520230529,MANGALAPALLY,2026-07-23,RX0003766,Amlodipine,30,15,1,0,FAC017,Partially dispensed
DSP0002773,PHP0002049,Anitha Goud,9120230529,Mangalapally,2026-07-23,RX0003766,Paracetamol,3,15,0,0,FAC017,Dispensed
DSP0002774,PHP0002050,Raju Goud,+91-95889-54602,Kalher,2026-03-17,RX0003768,Amlodipine,30,30,0,0,FAC019,Dispensed
DSP0002775,PHP0002051,Mounika Chary,,Vemula,2026-03-09,RX0003769,Paracetamol,3,30,0,0,FAC007,Dispensed
DSP0002776,PHP0002052,Raghav Laxman,9793960693,Rajapur,2026-04-13,RX0003772,Amoxicillin,5,30,0,0,FAC006,Dispensed
DSP0002777,PHP0002052,Raghav Laxman,9793960693,Rajapur,2026-06-07,RX0003773,Pantoprazole,10,30,0,0,FAC006,Dispensed
DSP0002778,PHP0002053,Swathi Mallaiah,9057833432,Kummarikunta,2026-08-11,RX0003775,Amlodipine,30,15,1,0,FAC014,Partially dispensed
DSP0002779,PHP0002054,Srilatha Chary,9116065762,Donur,2026-06-11,RX0003776,Pantoprazole,10,15,0,0,FAC007,Dispensed
DSP0002780,PHP0002055,Naveen Narsimha,9447292522,Kangti,2026-08-17,RX0003778,Paracetamol,5,30,0,0,FAC021,Dispensed
DSP0002781,PHP0002055,Naveen Narsimha,9447292522,Kangti,2026-08-16,RX0003778,Paracetamol,3,15,0,0,FAC021,Dispensed
DSP0002782,PHP0002056,Nirmala Yadav,9568522262,Zaheerabad,2026-06-15,RX0003780,Paracetamol,3,30,0,0,FAC023,Dispensed
DSP0002783,PHP0002057,Shobha Yadav,9994667961,Nomula,2026-01-11,RX0003784,Cetirizine,5,0,0,1,FAC018,Not dispensed due to stock
DSP0002784,PHP0002058,Divya Narsimha,+91-95774-74230,Balanagar,2026-07-09,RX0003786,Amoxicillin,5,30,0,0,FAC004,Dispensed
DSP0002785,PHP0002058,Divya Narsimha,9577474230,Balanagar,2026-07-06,RX0003786,Paracetamol,3,30,0,0,FAC004,Dispensed
DSP0002786,PHP0002059,Padma Laxman,9927577517,Badepally,2026-06-18,RX0003788,Cetirizine,5,15,0,0,FAC002,Dispensed
DSP0002787,PHP0002060,Swathi Jangam,9801667653,Nomula,2026-06-16,RX0003789,Amlodipine,30,0,0,1,FAC018,Not dispensed due to stock
DSP0002788,PHP0002061,Nirmala Khan,9243432663,Mogudampally,2026-05-06,RX0003791,Amoxicillin,5,30,0,0,FAC024,Dispensed
DSP0002789,PHP0002062,Bhavani Narsimha,+91-98101-79624,Kondamallepally,2026-07-11,RX0003792,Cetirizine,5,30,0,0,FAC012,Dispensed
DSP0002790,PHP0002063,Shankar Jangam,9767707812,Ameenpur,2026-03-17,RX0003793,Paracetamol,3,15,0,0,FAC027,Dispensed
DSP0002791,PHP0002063,Shankar Jangam,9767709812,Ameenpur,2026-08-13,RX0003795,Metformin,30,30,0,0,FAC027,Dispensed
DSP0002792,PHP0002063,Shankar Jangam,+91-97677-09812,Ameenpur,2026-08-16,RX0003795,Paracetamol,3,15,0,0,FAC027,Dispensed
DSP0002793,PHP0002064,Divya Rao,+91-97466-45280,Marrur,2026-02-22,RX0003797,Paracetamol,5,30,0,0,FAC017,Dispensed
DSP0002794,PHP0002065,Mahesh Mudiraj,9739651858,Ameenpur,2026-01-19,RX0003798,Amlodipine,30,15,1,1,FAC026,Partially dispensed
DSP0002795,PHP0002066,Sushma Naik,9680353714,Kalher,2026-01-08,RX0003799,Metformin,30,30,0,0,FAC021,Dispensed
DSP0002796,PHP0002066,Sushma Naik,9680353714,Kalher,2026-01-11,RX0003799,Paracetamol,3,15,0,0,FAC021,Dispensed
DSP0002797,PHP0002067,Mhesh Laxman,,Mangalapally,2026-05-17,RX0003803,Amlodipine,30,30,0,0,FAC017,Dispensed
DSP0002798,PHP0002068,Saritha Yadav,9224304545,Polepally,2026-06-29,RX0003806,Amlodipine,30,30,0,0,FAC002,Dispensed
DSP0002799,PHP0002069,Naresh Begum,9311855544,KALHER,2026-07-25,RX0003809,Metformin,30,15,1,0,FAC021,Partially dispensed
DSP0002800,PHP0002070,Praveen Laxman,9633419399,Mangalapally,2026-03-20,RX0003814,Metformin,30,15,1,0,FAC018,Partially dispensed
DSP0002801,PHP0002071,Praveen Kumar,9810518842,Velpula,2026-04-22,RX0003816,Paracetamol,5,15,0,0,FAC007,Dispensed
DSP0002802,PHP0002072,Naresh Yadav,9978107856,Narayankhed,2026-07-06,RX0003817,Pantoprazole,10,15,0,0,FAC019,Dispensed
DSP0002803,PHP0002072,Nresh Yadav,9978107856,Narayankhed,2026-07-04,RX0003817,Paracetamol,3,30,0,0,FAC019,Dispensed
DSP0002804,PHP0002073,Vinod Shekar,9024564479,Patancheru,2026-01-28,RX0003820,Amlodipine,30,15,1,0,FAC025,Partially dispensed
DSP0002805,PHP0002074,Kavitha Kumar,9425284706,Bhanur,2026-02-16,RX0003821,Amlodipine,30,15,1,0,FAC026,Partially dispensed
DSP0002806,PHP0002074,Kavitha Kumar,9425284706,Bhanur,2026-06-24,RX0003822,Paracetamol,5,15,0,0,FAC026,Dispensed
DSP0002807,PHP0002075,Rajesh Devi,9187155000,MACHARAM,2026-07-16,RX0003823,Amlodipine,30,15,1,0,FAC003,Partially dispensed
DSP0002808,PHP0002076,Mouneeka Mallaiah,9834268926,Chandur,2026-05-28,RX0003824,Cetirizine,5,15,0,0,FAC015,Dispensed
DSP0002809,PHP0002076,Mounika Mallaiah,9634268926,Chandur,2026-07-30,RX0003825,Paracetamol,5,15,0,0,FAC013,Dispensed
DSP0002810,PHP0002077,Srilatha Devi,9201999570,Midjil,2026-08-08,RX0003826,Paracetamol,5,30,0,0,FAC008,Dispensed
DSP0002811,PHP0002078,Rawi Patel,9460915346,Bhanur,2026-06-24,RX0003827,Metformin,30,30,0,0,FAC026,Dispensed
DSP0002812,PHP0002079,Praveen Rao,9360501849,Midjil,2026-07-31,RX0003829,Amlodipine,30,15,1,0,FAC009,Partially dispensed
DSP0002813,PHP0002080,Saritha Khan,9200260106,Zaheerabad,2026-05-30,RX0003831,Paracetamol,5,15,0,0,FAC024,Dispensed
DSP0002814,PHP0002081,Bhavani Begum,9197010349,Manoor,2026-04-26,RX0003832,Amlodipine,30,15,1,0,FAC021,Partially dispensed
DSP0002815,PHP0002082,Anitha Mudiraj,9610610639,Gundlapally,2026-06-24,RX0003833,Paracetamol,5,15,0,0,FAC011,Dispensed
DSP0002816,PHP0002083,Mounika Mallaiah,9808431084,Vemula,2026-05-25,RX0003836,Amlodipine,30,30,0,0,FAC008,Dispensed
DSP0002817,PHP0002083,Mounika Mallaiah,9808431084,Vemula,2026-05-23,RX0003836,Metformin,30,15,1,0,FAC008,Partially dispensed
DSP0002818,PHP0002083,Mounika Mallaiah,9808431084,Vemula,2026-06-06,RX0003838,Amlodipine,30,0,0,1,FAC007,Not dispensed due to stock
DSP0002819,PHP0002083,Mounik Mallaiah,9808431084,Vemula,2026-06-05,RX0003838,Metformin,30,15,1,0,FAC007,Partially dispensed
DSP0002820,PHP0002084,Lakshmi Naik,9612701716,Chandur,2026-06-21,RX0003843,Amoxicillin,5,15,0,0,FAC015,Dispensed
DSP0002821,PHP0002085,Saritha Patel,,BALANAGAR,2026-02-16,RX0003844,Amlodipine,30,15,1,0,FAC005,Partially dispensed
DSP0002822,PHP0002085,Saritha Patel,+91-95420-96225,Balanagar,2026-02-11,RX0003844,Metformin,30,15,1,0,FAC005,Partially dispensed
DSP0002823,PHP0002086,Ramesh Rao,9879901797,Rajapur,2026-01-12,RX0003846,Paracetamol,5,30,0,0,FAC006,Dispensed
DSP0002824,PHP0002086,Ramesh Rao,9879901797,Rajapur,2026-01-10,RX0003846,Paracetamol,3,15,0,0,FAC006,Dispensed
DSP0002825,PHP0002087,Kavitha Kumar,+91-95389-26036,Mangalapally,2026-03-07,RX0003848,Paracetamol,5,30,0,0,FAC017,Dispensed
DSP0002826,PHP0002088,Santosh Narsimha,9715815042,Gundlapally,2026-06-08,RX0003850,Amlodipine,30,0,0,1,FAC010,Not dispensed due to stock
DSP0002827,PHP0002088,Santosh Narsimha,9715815042,GUNDLAPALLY,2026-06-06,RX0003850,Metformin,30,15,1,0,FAC010,Partially dispensed
DSP0002828,PHP0002089,Nirmala Mallaiah,9053015198,Vemula,2026-07-15,RX0003852,Amlodipine,30,15,1,0,FAC008,Partially dispensed
DSP0002829,PHP0002090,Anil Rao,,Nomula,2026-06-17,RX0003853,Metformin,30,15,1,0,FAC017,Partially dispensed
DSP0002830,PHP0002091,Shobha Shekar,9273544600,Devarakonda,2026-05-20,RX0003854,Paracetamol,3,30,0,0,FAC011,Dispensed
DSP0002831,PHP0002091,Shobha Shekar,9270544600,DEVARAKONDA,2026-07-19,RX0003856,Paracetamol,5,15,0,0,FAC010,Dispensed
DSP0002832,PHP0002092,Anitha Begum,9234006706,Ameenpur,2026-08-10,RX0003857,Cetirizine,5,30,0,0,FAC025,Dispensed
DSP0002833,PHP0002092,Anitha Begum,9234006706,Ameenpur,2026-08-08,RX0003857,Paracetamol,3,30,0,0,FAC025,Dispensed
DSP0002834,PHP0002093,Mohan Yadav,9156092657,Nomula,2026-05-25,RX0003860,Paracetamol,3,15,0,0,FAC017,Dispensed
DSP0002835,PHP0002093,Mohan Yadav,9156092657,Nomula,2026-06-29,RX0003862,Amlodipine,30,15,1,0,FAC016,Partially dispensed
DSP0002836,PHP0002094,winod Basha,+91-99473-89639,Kondamallepally,2026-02-24,RX0003865,Cetirizine,5,15,0,0,FAC010,Dispensed
DSP0002837,PHP0002095,Ravi Mudiraj,9767316429,Indresham,2026-05-02,RX0003867,Amlodipine,30,30,0,0,FAC027,Dispensed
DSP0002838,PHP0002095,Ravi Mudiraj,9767316429,Indresham,2026-06-29,RX0003869,Amlodipine,30,15,1,0,FAC027,Partially dispensed
DSP0002839,PHP0002096,Naresh Patel,9471075291,Macharam,2026-03-16,RX0003871,Pantoprazole,10,15,0,0,FAC002,Dispensed
DSP0002840,PHP0002096,Naresh Patel,9471075291,MACHARAM,2026-04-21,RX0003872,Cetirizine,5,30,0,0,FAC003,Dispensed
DSP0002841,PHP0002097,Deepik Devi,9453571170,PEDDADINNE,2026-05-05,RX0003873,Amoxicillin,5,30,0,0,FAC010,Dispensed
DSP0002842,PHP0002098,Mahesh,+91-90304-77639,Badepally,2026-02-06,RX0003874,Pantoprazole,10,15,0,0,FAC002,Dispensed
DSP0002843,PHP0002099,Suresh Mudiraj,,Patancheru,2026-08-04,RX0003875,Amlodipine,30,30,0,0,FAC027,Dispensed
DSP0002844,PHP0002100,Anjali Laxman,9842022814,Vemul,2026-02-18,RX0003877,Amoxicillin,5,15,0,0,FAC009,Dispensed
DSP0002845,PHP0002101,Suresh Laxman,9373078255,KALHER,2026-04-30,RX0003879,Amlodipine,30,15,1,0,FAC020,Partially dispensed
DSP0002846,PHP0002101,Suresh Laxman,9373078255,Kalher,2026-04-29,RX0003879,Metformin,30,15,1,0,FAC020,Partially dispensed
DSP0002847,PHP0002101,Suresh Laxman,9373078255,Kalher,2026-06-19,RX0003881,Metformin,30,30,0,0,FAC021,Dispensed
DSP0002848,PHP0002102,Jyothi Khan,9957322966,Kallepally,2026-08-17,RX0003883,Pantoprazole,10,30,0,0,FAC004,Dispensed
DSP0002849,PHP0002103,Lalitha Chary,9489331469,Midjil,2026-02-28,RX0003884,Amlodipine,30,30,0,0,FAC008,Dispensed
DSP0002850,PHP0002104,Jyothi Krishna,+91-94376-79655,Badepally,2026-03-02,RX0003885,Metformin,30,15,1,0,FAC003,Partially dispensed
DSP0002851,PHP0002104,Jyothi Krisna,9437679655,Badepally,2026-03-04,RX0003885,Paracetamol,3,30,0,0,FAC003,Dispensed
DSP0002852,PHP0002104,Jyoti Krishna,9437679655,Badepally,2026-04-19,RX0003887,Metformin,30,30,0,0,FAC002,Dispensed
DSP0002853,PHP0002104,Jyothi Krishna,9432679655,Badepally,2026-04-20,RX0003887,Paracetamol,3,15,0,0,FAC002,Dispensed
DSP0002854,PHP0002105,Mounika Naik,+91-91826-61190,Nermata,2026-03-07,RX0003889,Pantoprazole,10,15,0,0,FAC013,Dispensed
DSP0002855,PHP0002106,Vinod Kumar,9368943860,Peddadinne,2026-08-19,RX0003891,Pantoprazole,10,30,0,0,FAC010,Dispensed
DSP0002856,PHP0002107,Saritha Krishna,9229487353,Bodajanampe,2026-05-02,RX0003892,Pantoprazole,10,30,0,0,FAC005,Dispensed
DSP0002857,PHP0002108,Srilatha Krishna,9222232354,Kummarikunta,2026-02-07,RX0003893,Paracetamol,5,30,0,0,FAC014,Dispensed
DSP0002858,PHP0002109,Kirn Narsimha,9079265436,Polepally,2026-05-02,RX0003896,Metformin,30,15,1,0,FAC003,Partially dispensed
DSP0002859,PHP0002109,Kiran Narsimha,9079265036,Polepally,2026-06-08,RX0003897,Amlodipine,30,15,1,0,FAC001,Partially dispensed
DSP0002860,PHP0002109,Kiran Narsimha,9079265036,Polepally,2026-06-07,RX0003897,Metformin,30,15,1,0,FAC001,Partially dispensed
DSP0002861,PHP0002110,Shankar Khan,9658561813,Nakrekal,2026-05-17,RX0003899,Metformin,30,30,0,0,FAC018,Dispensed
DSP0002862,PHP0002111,Kiran Laxman,9849681478,VELPULA,2026-01-06,RX0003900,Amlodipine,30,15,1,0,FAC008,Partially dispensed
DSP0002863,PHP0002111,Kiran Laxman,+91-98496-81478,Velpula,2026-01-10,RX0003900,Metformin,30,30,0,0,FAC008,Dispensed
DSP0002864,PHP0002111,Kiran Laxman,9849681478,Velpula,2026-06-11,RX0003902,Metformin,30,15,1,0,FAC007,Partially dispensed
DSP0002865,PHP0002112,Rani Shekar,,Narayankhed,2026-01-20,RX0003903,Pantoprazole,10,30,0,0,FAC020,Dispensed
DSP0002866,PHP0002112,Rani Shekar,9909632628,Narayankhed,2026-07-13,RX0003905,Amoxicillin,5,30,0,0,FAC019,Dispensed
DSP0002867,PHP0002113,Shobha Naik,9954797977,Vemula,2026-07-30,RX0003906,Paracetamol,5,30,0,0,FAC009,Dispensed
DSP0002868,PHP0002114,Srinivas Begum,9070860472,Velpul,2026-06-29,RX0003907,Metformin,30,30,0,0,FAC008,Dispensed
DSP0002869,PHP0002115,Harika,9270143247,Nomula,2026-03-04,RX0003908,Amlodipine,30,15,1,0,FAC016,Partially dispensed
DSP0002870,PHP0002116,Sai Narsimha,9780542365,Patancheru,2026-05-22,RX0003909,Pantoprazole,10,30,0,0,FAC026,Dispensed
DSP0002871,PHP0002116,Sai Narsimha,,Patancheru,2026-05-20,RX0003909,Paracetamol,3,30,0,0,FAC026,Dispensed
DSP0002872,PHP0002116,Sai Narsimha,9780542365,Patancheru,2026-06-27,RX0003911,Cetirizine,5,30,0,0,FAC025,Dispensed
DSP0002873,PHP0002117,Lalitha Goud,9839435722,Narayankhed,2026-01-04,RX0003912,Metformin,30,15,1,0,FAC021,Partially dispensed
DSP0002874,PHP0002118,Anjali Shekar,9907747139,Mogudampally,2026-04-03,RX0003913,Amoxicillin,5,15,0,0,FAC024,Dispensed
DSP0002875,PHP0002119,Divya Patel,+91-92250-80088,Bangarigadda,2026-03-10,RX0003914,Paracetamol,3,30,0,0,FAC015,Dispensed
DSP0002876,PHP0002120,Mahesh Khan,9379672719,Nomula,2026-06-15,RX0003916,Pantoprazole,10,15,0,0,FAC016,Dispensed
DSP0002877,PHP0002120,Mahesh Khan,9379672719,Nomula,2026-06-18,RX0003916,Paracetamol,3,30,0,0,FAC016,Dispensed
DSP0002878,PHP0002121,Naresh Kumar,9195809907,Chandur,2026-02-10,RX0003921,Amoxicillin,5,15,0,0,FAC015,Dispensed
DSP0002879,PHP0002122,Mahesh Devi,9870167210,Nermata,2026-03-14,RX0003922,Amlodipine,30,30,0,0,FAC013,Dispensed
DSP0002880,PHP0002122,Mahesh Devi,9870167210,Nermata,2026-03-16,RX0003922,Metformin,30,15,1,1,FAC013,Partially dispensed
DSP0002881,PHP0002122,Mahesh Devi,+91-98701-67210,Nermata,2026-05-24,RX0003924,Metformin,30,15,1,0,FAC013,Partially dispensed
DSP0002882,PHP0002123,Kavitha Goud,9218830086,Kangti,2026-03-21,RX0003926,Cetirizine,5,15,0,0,FAC019,Dispensed
DSP0002883,PHP0002124,Anil Laxman,9831553747,Patancheru,2026-05-04,RX0003927,Cetirizine,5,15,0,0,FAC025,Dispensed
DSP0002884,PHP0002124,Anil Laxman,9831553747,Patancheru,2026-05-06,RX0003927,Paracetamol,3,30,0,0,FAC025,Dispensed
DSP0002885,PHP0002125,Swathi Naik,9222059927,Polepally,2026-05-25,RX0003929,Amlodipine,30,15,1,0,FAC003,Partially dispensed
DSP0002886,PHP0002126,Deepeeka Begum,9364492958,Gundlapally,2026-01-04,RX0003930,Paracetamol,3,30,0,0,FAC011,Dispensed
DSP0002887,PHP0002127,Kvitha Laxman,9596793625,Gundlapally,2026-07-27,RX0003932,Cetirizine,5,15,0,0,FAC012,Dispensed
DSP0002888,PHP0002128,Harika Kumar,,Mangalapalli,2026-06-19,RX0003933,Metformin,30,15,1,0,FAC017,Partially dispensed
DSP0002889,PHP0002129,Kavitha Kumar,9512477092,Mogudampally,2026-06-20,RX0003935,Pantoprazole,10,30,0,0,FAC024,Dispensed
DSP0002890,PHP0002130,Sai Mudiraj,9242317111,KOHIR,2026-05-19,RX0003937,Cetirizine,5,30,0,0,FAC022,Dispensed
DSP0002891,PHP0002131,Lakshmi Begum,9001572246,Kohir,2026-05-29,RX0003938,Pantoprazole,10,15,0,0,FAC024,Dispensed
DSP0002892,PHP0002131,Lakshmi Begum,9001572246,Kohir,2026-05-24,RX0003938,Paracetamol,3,15,0,0,FAC024,Dispensed
DSP0002893,PHP0002132,Deepika Patel,9115876614,Ameenpur,2026-05-08,RX0003940,Paracetamol,5,30,0,0,FAC026,Dispensed
DSP0002894,PHP0002133,Shobha Krishna,9228173877,Velpula,2026-07-29,RX0003941,Amlodipine,30,15,1,0,FAC008,Partially dispensed
DSP0002895,PHP0002134,Arun Reddy,9683665001,Rajapur,2026-01-06,RX0003942,Metformin,30,15,1,0,FAC006,Partially dispensed
DSP0002896,PHP0002135,Rani Patel,9928741410,Kangti,2026-04-29,RX0003943,Cetirizine,5,15,0,0,FAC021,Dispensed
DSP0002897,PHP0002136,Rajesh Patel,9200023209,Polepally,2026-01-26,RX0003944,Metformin,30,30,0,0,FAC001,Dispensed
DSP0002898,PHP0002136,Rjesh Patel,9200023209,Polepally,2026-05-05,RX0003946,Amlodipine,30,15,1,0,FAC001,Partially dispensed
DSP0002899,PHP0002137,Anjali Laxman,9666779986,Ameenpur,2026-06-13,RX0003948,Paracetamol,3,15,0,0,FAC025,Dispensed
DSP0002900,PHP0002138,Kiran Basha,9195431187,Kondamallepally,2026-02-10,RX0003951,Amlodipine,30,30,0,0,FAC012,Dispensed
DSP0002901,PHP0002139,Rajesh Basha,9543895478,Donur,2026-05-04,RX0003952,Amlodipine,30,30,0,0,FAC009,Dispensed
DSP0002902,PHP0002140,Venkatesh Das,9751305370,Mangalapally,2026-07-18,RX0003957,Amlodipine,30,30,0,0,FAC016,Dispensed
DSP0002903,PHP0002140,Venkates Das,9751305370,Mangalapally,2026-07-16,RX0003957,Metformin,30,15,1,0,FAC016,Partially dispensed
DSP0002904,PHP0002141,Mounika Devi,9148432990,Nermata,2026-04-12,RX0003959,Amlodipine,30,30,0,0,FAC013,Dispensed
DSP0002905,PHP0002142,Srinivas Rao,9669989580,Peddadinne,2026-04-26,RX0003961,Paracetamol,5,15,0,0,FAC011,Dispensed
DSP0002906,PHP0002143,Swathi Reddy,9093792131,Donur,2026-05-07,RX0003962,Amlodipine,30,30,0,0,FAC008,Dispensed
DSP0002907,PHP0002144,Mahesh Jangam,9111777801,Kummarikunta,2026-06-12,RX0003963,Amlodipine,30,15,1,0,FAC014,Partially dispensed
DSP0002908,PHP0002144,Mahesh Jangam,9111777801,Kummarikunta,2026-06-12,RX0003963,Metformin,30,30,0,0,FAC014,Dispensed
DSP0002909,PHP0002145,Mohan Naik,9877450539,Ameenpur,2026-07-26,RX0003968,Cetirizine,5,15,0,0,FAC026,Dispensed
DSP0002910,PHP0002146,Ravi Naik,9284180873,Manoor,2026-02-13,RX0003969,Amlodipine,30,30,0,0,FAC020,Dispensed
DSP0002911,PHP0002147,Arun Devi,+91-91970-81212,Marrur,2026-06-04,RX0003970,Pantoprazole,10,15,0,0,FAC017,Dispensed
DSP0002912,PHP0002148,Mohan Khan,+91-97580-82355,Macharam,2026-05-27,RX0003971,Paracetamol,5,15,0,0,FAC003,Dispensed
DSP0002913,PHP0002148,Mohan Khan,9758082355,MACHARAM,2026-07-04,RX0003972,Paracetamol,5,30,0,0,FAC002,Dispensed
DSP0002914,PHP0002148,Mohan Khan,9758082355,Macharam,2026-07-07,RX0003972,Paracetamol,3,15,0,0,FAC002,Dispensed
DSP0002915,PHP0002149,Lalitha Devi,9102170977,Kalher,2026-01-20,RX0003974,Cetirizine,5,30,0,0,FAC020,Dispensed
DSP0002916,PHP0002150,Raju Narsimha,9731646888,Ameenpur,2026-02-11,RX0003975,Amlodipine,30,15,1,0,FAC025,Partially dispensed
DSP0002917,PHP0002151,Saritha Khan,9946974923,Bodajanampet,2026-08-12,RX0003977,Amoxicillin,5,15,0,0,FAC005,Dispensed
DSP0002918,PHP0002152,Raju Devi,9815627436,Kondamallepally,2026-08-17,RX0003978,Paracetamol,3,15,0,0,FAC012,Dispensed
DSP0002919,PHP0002153,Bhavani Basha,9977577371,Kangti,2026-04-21,RX0003980,Metformin,30,15,1,0,FAC021,Partially dispensed
DSP0002920,PHP0002153,Bhavani Basha,9977577371,Kangti,2026-04-24,RX0003980,Paracetamol,3,30,0,0,FAC021,Dispensed
DSP0002921,PHP0002154,Divya Laxman,9547622932,Macharam,2026-02-18,RX0003987,Cetirizine,5,15,0,0,FAC001,Dispensed
DSP0002922,PHP0002155,Padma Shekar,9863353558,Bodajanampet,2026-02-13,RX0003988,Amlodipine,30,30,0,0,FAC006,Dispensed
DSP0002923,PHP0002156,Rani Kumar,9355618410,Kangti,2026-06-12,RX0003990,Cetirizine,5,15,0,0,FAC019,Dispensed
DSP0002924,PHP0002157,Arun Khan,9964243804,Kummarikunta,2026-04-26,RX0003991,Pantoprazole,10,30,0,0,FAC015,Dispensed
DSP0002925,PHP0002157,Arun Khan,+91-99642-43804,Kummarikunta,2026-06-20,RX0003992,Amlodipine,30,0,0,1,FAC013,Not dispensed due to stock
DSP0002926,PHP0002158,Sushm Rao,9261772045,Mogudampally,2026-02-25,RX0003994,Metformin,30,30,0,0,FAC024,Dispensed
DSP0002927,PHP0002159,Naveen Rao,9723817728,Marru,2026-06-10,RX0003995,Amoxicillin,5,15,0,0,FAC018,Dispensed
DSP0002928,PHP0002160,Kavitha Krishna,9354460084,Kohir,2026-06-12,RX0003996,Amlodipine,30,15,1,0,FAC022,Partially dispensed
DSP0002929,PHP0002161,Shobha Laxman,9891912418,Bhanur,2026-07-02,RX0003997,Amlodipine,30,30,0,0,FAC027,Dispensed
DSP0002930,PHP0002161,Shobha Laxman,9891912418,Bhanur,2026-07-02,RX0003997,Metformin,30,30,0,0,FAC027,Dispensed
DSP0002931,PHP0002162,Praveen Krishna,9641752992,Midjil,2026-06-07,RX0003999,Paracetamol,5,15,0,0,FAC009,Dispensed
DSP0002932,PHP0002162,Praveen Krishna,,Midjil,2026-07-05,RX0004000,Amlodipine,30,15,1,0,FAC009,Partially dispensed
DSP0002933,PHP0002162,Praween Krishna,9641752992,Midjil,2026-07-04,RX0004000,Metformin,30,15,1,0,FAC009,Partially dispensed
DSP0002934,PHP0002163,nil Laxman,9721692895,Donur,2026-05-31,RX0004002,Amlodipine,30,30,0,0,FAC008,Dispensed
DSP0002935,PHP0002164,Mohn Das,9666062166,Nermata,2026-02-03,RX0004003,Amoxicillin,5,30,0,0,FAC014,Dispensed
DSP0002936,PHP0002164,Mohan Das,9666062166,Nermat,2026-02-03,RX0004003,Paracetamol,3,30,0,0,FAC014,Dispensed
DSP0002937,PHP0002165,Rani Goud,9703462347,Vemula,2026-02-11,RX0004005,Metformin,30,15,1,0,FAC007,Partially dispensed
DSP0002938,PHP0002165,Rani Goud,9703462347,Vemula,2026-03-14,RX0004007,Amlodipine,30,30,1,1,FAC007,Partially dispensed
DSP0002939,PHP0002166,Swathi Laxman,9085794861,Bhanur,2026-08-07,RX0004009,Cetirizine,5,30,0,0,FAC027,Dispensed
DSP0002940,PHP0002167,Saritha Shekar,9262364561,Nermata,2026-06-22,RX0004010,Cetirizine,5,15,0,0,FAC014,Dispensed
DSP0002941,PHP0002168,Kavitha Shekar,9020478779,Nakrekal,2026-03-20,RX0004011,Paracetamol,5,15,0,0,FAC016,Dispensed
DSP0002942,PHP0002169,Vinod Yadav,9418106374,Badepally,2026-02-02,RX0004012,Amoxicillin,5,15,0,0,FAC002,Dispensed
DSP0002943,PHP0002170,Santosh Mallaiah,9139426136,Manoor,2026-01-22,RX0004013,Metformin,30,15,1,0,FAC021,Partially dispensed
DSP0002944,PHP0002171,Ravi Mallaiah,9682898840,BANGARIGADDA,2026-08-14,RX0004014,Metformin,30,30,0,0,FAC015,Dispensed
DSP0002945,PHP0002172,Naresh Patel,9882257811,Midjil,2026-06-02,RX0004015,Pantoprazole,10,15,0,0,FAC007,Dispensed
DSP0002946,PHP0002173,Saritha Naik,9904072241,Nakrekal,2026-02-08,RX0004016,Pantoprazole,10,30,0,0,FAC016,Dispensed
DSP0002947,PHP0002174,Anitha Kumar,9800686239,Bodajanampet,2026-07-10,RX0004019,Metformin,30,15,1,0,FAC005,Partially dispensed
DSP0002948,PHP0002175,Raju Naeek,9119143527,BHANUR,2026-07-25,RX0004020,Metformin,30,15,1,0,FAC026,Partially dispensed
DSP0002949,PHP0002176,Mounika Reddy,9200855373,Badepally,2026-05-14,RX0004021,Paracetamol,5,30,0,0,FAC001,Dispensed
DSP0002950,PHP0002177,Rani Reddy,+91-93800-76893,Jharasangam,2026-05-19,RX0004022,Paracetamol,5,30,0,0,FAC024,Dispensed
DSP0002951,PHP0002178,Naveen Das,9881130236,Kummarikunta,2026-05-02,RX0004023,Metformin,30,30,0,0,FAC014,Dispensed
DSP0002952,PHP0002178,Nveen Das,,Kummarikunta,2026-06-18,RX0004024,Paracetamol,5,15,0,0,FAC013,Dispensed
DSP0002953,PHP0002179,Shankar Goud,9806141528,Ameenpur,2026-06-18,RX0004026,Cetirizine,5,15,0,0,FAC026,Dispensed
DSP0002954,PHP0002180,Srilatha Khan,+91-97929-90619,Peddadinne,2026-05-28,RX0004027,Cetirizine,5,30,0,0,FAC010,Dispensed
DSP0002955,PHP0002180,Srilatha Khan,9792990619,PEDDADINNE,2026-07-30,RX0004028,Pantoprazole,10,15,0,0,FAC010,Dispensed
DSP0002956,PHP0002181,Pravin Kumar,,Rajapur,2026-08-15,RX0004029,Metformin,30,15,1,0,FAC006,Partially dispensed
DSP0002957,PHP0002181,Praveen Kumar,9809786276,Rajapur,2026-08-11,RX0004029,Paracetamol,3,15,0,0,FAC006,Dispensed
DSP0002958,PHP0002182,Mohan Jangam,9841492414,Balanaga,2026-05-13,RX0004032,Amlodipine,30,30,0,0,FAC005,Dispensed
DSP0002959,PHP0002183,Naveen Devi,9253743074,Kalher,2026-08-13,RX0004034,Cetirizine,5,15,0,0,FAC020,Dispensed
DSP0002960,PHP0002184,Bhavani Begum,9774800046,Kalher,2026-06-12,RX0004037,Pantoprazole,10,30,0,0,FAC021,Dispensed
DSP0002961,PHP0002185,Raju Das,9843269348,Donur,2026-07-07,RX0004039,Amoxicillin,5,15,0,0,FAC009,Dispensed
DSP0002962,PHP0002186,Pravin Begum,,Mangalapally,2026-07-16,RX0004040,Amoxicillin,5,15,0,0,FAC018,Dispensed
DSP0002963,PHP0002187,Bhavani Narsimha,9182684397,Bhanur,2026-06-05,RX0004042,Amlodipine,30,15,1,0,FAC026,Partially dispensed
DSP0002964,PHP0002188,Kavitha Mudiraj,,Velpula,2026-06-16,RX0004044,Pantoprazole,10,30,0,0,FAC009,Dispensed
DSP0002965,PHP0002189,Venkatesh Devi,9788805462,Kangti,2026-08-16,RX0004046,Amlodipine,30,15,1,0,FAC020,Partially dispensed
DSP0002966,PHP0002190,Mohan Krishna,,Bodajanampet,2026-08-06,RX0004047,Amoxicillin,5,15,0,0,FAC005,Dispensed
DSP0002967,PHP0002191,Naveen Patel,+91-94585-29031,Peddadinne,2026-07-23,RX0004048,Paracetamol,5,15,0,0,FAC010,Dispensed
DSP0002968,PHP0002192,Srinivas Basha,9010015920,MARRUR,2026-05-06,RX0004049,Metformin,30,15,1,0,FAC017,Partially dispensed
DSP0002969,PHP0002193,Anil Kumar,+91-92450-55381,Devarakonda,2026-02-20,RX0004052,Cetirizine,5,30,0,0,FAC012,Dispensed
DSP0002970,PHP0002194,Lakshmee Mudiraj,9905460954,Kangti,2026-04-24,RX0004054,Amoxicillin,5,15,0,0,FAC020,Dispensed
DSP0002971,PHP0002195,Santosh,9937378739,Donur,2026-05-21,RX0004055,Pantoprazole,10,15,0,0,FAC008,Dispensed
DSP0002972,PHP0002196,Sai Reddy,9331791134,Bhanur,2026-05-21,RX0004057,Amlodipine,30,30,0,0,FAC025,Dispensed
DSP0002973,PHP0002196,Sai Reddy,9331721134,Bhanur,2026-06-24,RX0004058,Pantoprazole,10,30,0,0,FAC027,Dispensed
DSP0002974,PHP0002197,Santosh Rao,,Marrur,2026-06-22,RX0004059,Cetirizine,5,30,0,0,FAC016,Dispensed
DSP0002975,PHP0002198,Mounika Kumar,9210220169,Peddadinne,2026-05-15,RX0004060,Metformin,30,30,0,0,FAC010,Dispensed
DSP0002976,PHP0002199,Rani Begum,9728494927,Narayankhed,2026-05-16,RX0004061,Paracetamol,5,30,0,0,FAC021,Dispensed
DSP0002977,PHP0002200,Bhavani Krishna,9862309893,Vemula,2026-07-19,RX0004063,Cetirizine,5,15,0,0,FAC009,Dispensed
DSP0002978,PHP0002201,Swathi Reddy,9523534339,Kallepally,2026-02-18,RX0004064,Paracetamol,5,30,0,0,FAC005,Dispensed
DSP0002979,PHP0002202,Padma Basha,9768879911,Velpula,2026-06-12,RX0004066,Pantoprazole,10,15,0,0,FAC008,Dispensed
DSP0002980,PHP0002203,Vinod Jangam,9705006233,Badepally,2026-07-21,RX0004067,Metformin,30,15,1,0,FAC003,Partially dispensed
DSP0002981,PHP0002204,Harika Begum,9182595932,Midjil,2026-01-16,RX0004068,Metformin,30,30,0,0,FAC009,Dispensed
DSP0002982,PHP0002205,Kiran Reddy,9522589864,Kalher,2026-03-07,RX0004069,Amoxicillin,5,15,0,0,FAC021,Dispensed
DSP0002983,PHP0002206,Raju Shekar,9813566772,Zaheerabad,2026-04-14,RX0004070,Paracetamol,3,15,0,0,FAC022,Dispensed
DSP0002984,PHP0002207,Shobha Basha,9801561314,Bodajanampet,2026-06-15,RX0004072,Paracetamol,5,30,0,0,FAC005,Dispensed
DSP0002985,PHP0002208,Sai Goud,9861548712,Macharam,2026-03-27,RX0004073,Metformin,30,15,1,0,FAC003,Partially dispensed
DSP0002986,PHP0002208,Sai Goud,9861548512,Macharam,2026-03-30,RX0004073,Paracetamol,3,15,0,0,FAC003,Dispensed
DSP0002987,PHP0002209,Vinod Jangam,9894654521,Chandur,2026-03-31,RX0004075,Amlodipine,30,30,0,0,FAC014,Dispensed
DSP0002988,PHP0002209,winod Jangam,9894654521,Chandur,2026-04-19,RX0004076,Amlodipine,30,15,1,0,FAC014,Partially dispensed
DSP0002989,PHP0002210,Bhavani Reddy,9206386799,Indresham,2026-06-12,RX0004079,Paracetamol,5,15,0,0,FAC026,Dispensed
DSP0002990,PHP0002211,Nirmala Das,9628047693,Gundlapally,2026-07-26,RX0004080,Metformin,30,15,1,0,FAC011,Partially dispensed
DSP0002991,PHP0002212,Srinivas Goud,9958060367,Patancheru,2026-06-13,RX0004082,Amlodipine,30,15,1,0,FAC026,Partially dispensed
DSP0002992,PHP0002212,Srinivas Goud,9958060367,Patancher,2026-06-08,RX0004082,Metformin,30,15,1,0,FAC026,Partially dispensed
DSP0002993,PHP0002213,Naresh Mudiraj,+91-99051-70148,Bodajanampet,2026-06-09,RX0004085,Amlodipine,30,15,1,0,FAC006,Partially dispensed
DSP0002994,PHP0002213,Naresh Mudiraj,9905170148,Bodajanampet,2026-06-09,RX0004085,Metformin,30,15,1,0,FAC006,Partially dispensed
DSP0002995,PHP0002214,Anitha Mallaiah,9648204679,Velpula,2026-07-31,RX0004087,Metformin,30,30,0,0,FAC007,Dispensed
DSP0002996,PHP0002215,Jyothi Krishna,9229627171,Balanaga,2026-04-22,RX0004088,Amlodipine,30,15,1,0,FAC006,Partially dispensed
DSP0002997,PHP0002215,Jyothi Krishna,9229627171,Balanagar,2026-05-21,RX0004089,Amlodipine,30,15,1,0,FAC004,Partially dispensed
DSP0002998,PHP0002215,Jyothi Krishna,9229627171,Balanagar,2026-05-21,RX0004089,Metformin,30,30,0,0,FAC004,Dispensed
DSP0002999,PHP0002216,Ramesh Das,+91-95641-27182,Bodajanampet,2026-01-10,RX0004093,Amlodipine,30,15,1,0,FAC004,Partially dispensed
DSP0003000,PHP0002217,Susma Mallaiah,9340946610,Patancheru,2026-05-17,RX0004095,Metformin,30,15,1,0,FAC027,Partially dispensed
DSP0003001,PHP0002217,Sushma Mallaiah,,Patancher,2026-07-08,RX0004096,Metformin,30,30,0,0,FAC025,Dispensed
DSP0003002,PHP0002218,Sushma Naik,+91-90671-30734,Donur,2026-05-05,RX0004097,Amlodipine,30,30,0,0,FAC008,Dispensed
DSP0003003,PHP0002219,Praveen Khan,+91-95738-20235,Kondamallepally,2026-03-22,RX0004098,Paracetamol,5,30,0,0,FAC010,Dispensed
DSP0003004,PHP0002220,Raghav Begum,,Gundlapally,2026-07-08,RX0004099,Amlodipine,30,15,1,0,FAC010,Partially dispensed
DSP0003005,PHP0002220,Raghav Begum,9511225288,Gundlapally,2026-07-11,RX0004099,Metformin,30,30,0,0,FAC010,Dispensed
DSP0003006,PHP0002221,Swathi Das,9027450964,Midjil,2026-07-03,RX0004101,Paracetamol,5,15,0,0,FAC007,Dispensed
DSP0003007,PHP0002221,Swathi Das,9627450964,Midjil,2026-06-28,RX0004101,Paracetamol,3,15,0,0,FAC007,Dispensed
DSP0003008,PHP0002222,Ramesh Mudiraj,9992165716,Balanagar,2026-03-23,RX0004103,Paracetamol,5,15,0,0,FAC006,Dispensed
DSP0003009,PHP0002222,Ramesh Mudeeraj,+91-99921-65716,Balanagar,2026-03-24,RX0004103,Paracetamol,3,15,0,0,FAC006,Dispensed
DSP0003010,PHP0002223,Vinod Mallaiah,9716462228,Peddadinne,2026-02-07,RX0004105,Amoxicillin,5,15,0,0,FAC011,Dispensed
DSP0003011,PHP0002224,Naveen Yadav,,Macharam,2026-05-28,RX0004106,Paracetamol,5,30,0,0,FAC002,Dispensed
DSP0003012,PHP0002224,Naveen Yadav,9549924153,Macharam,2026-06-25,RX0004107,Pantoprazole,10,30,0,0,FAC002,Dispensed
DSP0003013,PHP0002225,Renuka Devi,9912805078,Nomula,2026-07-09,RX0004108,Paracetamol,5,15,0,0,FAC017,Dispensed
DSP0003014,PHP0002226,Arun Naik,9141217588,Kallepally,2026-05-26,RX0004110,Metformin,30,30,0,0,FAC006,Dispensed
DSP0003015,PHP0002227,Llitha Reddy,,Zaheerabad,2026-05-03,RX0004114,Paracetamol,5,15,0,0,FAC024,Dispensed
DSP0003016,PHP0002227,Lalitha Reddy,9274653443,Zaheerabad,2026-05-03,RX0004114,Paracetamol,3,30,0,0,FAC024,Dispensed
DSP0003017,PHP0002228,Mounika Yadav,9553339554,JHARASANGAM,2026-03-16,RX0004116,Cetirizine,5,30,0,0,FAC023,Dispensed
DSP0003018,PHP0002228,Mounika Yadav,9553339554,Jharasangam,2026-04-01,RX0004118,Metformin,30,30,0,0,FAC023,Dispensed
DSP0003019,PHP0002229,Nirmala Laxman,9173158326,MIDJIL,2026-01-27,RX0004119,Amlodipine,30,15,1,0,FAC009,Partially dispensed
DSP0003020,PHP0002230,Srilatha Das,9010821122,Nakrekal,2026-08-10,RX0004121,Amlodipine,30,30,0,0,FAC018,Dispensed
DSP0003021,PHP0002231,Santosh Narsimha,9434423627,Vemula,2026-01-28,RX0004122,Amlodipine,30,30,0,0,FAC009,Dispensed
DSP0003022,PHP0002232,Renuka Begum,,Ameenpur,2026-06-30,RX0004125,Amlodipine,30,15,1,0,FAC025,Partially dispensed
DSP0003023,PHP0002233,Saritha Jangam,,Mangalapally,2026-05-21,RX0004126,Amlodipine,30,15,1,0,FAC016,Partially dispensed
DSP0003024,PHP0002233,Sritha Jangam,9993841727,Mangalapalli,2026-05-21,RX0004126,Metformin,30,30,0,0,FAC016,Dispensed
DSP0003025,PHP0002234,Bhavani Jangam,9137878572,Peddadinne,2026-05-27,RX0004128,Pantoprazole,10,15,0,0,FAC010,Dispensed
DSP0003026,PHP0002235,Kavitha Jangam,,Jharasangam,2026-05-28,RX0004129,Amoxicillin,5,30,0,0,FAC022,Dispensed
DSP0003027,PHP0002236,Saritha Mudiraj,9574483321,Devarakonda,2026-02-03,RX0004130,Paracetamol,3,15,0,0,FAC012,Dispensed
DSP0003028,PHP0002237,Renuka Das,9106488043,Donur,2026-07-28,RX0004132,Metformin,30,30,0,0,FAC008,Dispensed
DSP0003029,PHP0002238,Lalitha Mudiraj,9896978450,Bhanu,2026-08-03,RX0004133,Cetirizine,5,30,0,0,FAC026,Dispensed
DSP0003030,PHP0002238,Lalitha Mudiraj,9896978450,Bhanu,2026-08-08,RX0004133,Paracetamol,3,30,0,0,FAC026,Dispensed
DSP0003031,PHP0002239,Nirmala Narsimha,9551291892,Kondamallepally,2026-05-10,RX0004135,Paracetamol,5,30,0,0,FAC010,Dispensed
DSP0003032,PHP0002240,Anjali Kumar,9406818361,Kallepally,2026-04-22,RX0004138,Cetirizine,5,0,0,1,FAC006,Not dispensed due to stock
DSP0003033,PHP0002240,njali Kumar,9406818361,Kallepally,2026-05-12,RX0004139,Amoxicillin,5,30,0,0,FAC005,Dispensed
DSP0003034,PHP0002241,Anjali Khan,9150218326,MARRUR,2026-05-03,RX0004141,Amlodipine,30,30,0,0,FAC016,Dispensed
DSP0003035,PHP0002242,Mounika Chary,+91-93286-30767,Jharasangam,2026-06-27,RX0004142,Cetirizine,5,15,0,0,FAC024,Dispensed
DSP0003036,PHP0002243,Rajesh Jangam,+91-98059-46935,Vemula,2026-01-29,RX0004145,Paracetamol,5,30,0,0,FAC009,Dispensed
DSP0003037,PHP0002244,Mohan Patel,9857239262,Vemula,2026-04-12,RX0004147,Amlodipine,30,15,1,0,FAC008,Partially dispensed
DSP0003038,PHP0002244,Mohan Patel,9857239262,Vemula,2026-04-13,RX0004147,Metformin,30,0,0,1,FAC008,Not dispensed due to stock
DSP0003039,PHP0002244,Mohan Patel,9857259262,Vemula,2026-04-11,RX0004147,Paracetamol,3,15,0,0,FAC008,Dispensed
DSP0003040,PHP0002245,Suresh Khan,9512538021,AMEENPUR,2026-06-13,RX0004150,Paracetamol,5,15,0,0,FAC026,Dispensed
DSP0003041,PHP0002245,Suresh Khan,9512538021,AMEENPUR,2026-07-09,RX0004151,Amoxicillin,5,15,0,0,FAC025,Dispensed
DSP0003042,PHP0002246,Ravi Chary,9918314071,Zaheerabad,2026-05-19,RX0004153,Amoxicillin,5,15,0,0,FAC023,Dispensed
DSP0003043,PHP0002247,Deepika Kumar,9482625981,Nomula,2026-07-08,RX0004154,Amlodipine,30,15,1,0,FAC018,Partially dispensed
DSP0003044,PHP0002248,Lakshmi Naik,9032475778,VEMULA,2026-04-02,RX0004155,Cetirizine,5,30,0,0,FAC009,Dispensed
DSP0003045,PHP0002249,Shobha Basha,9645903261,Bhanur,2026-03-27,RX0004158,Amoxicillin,5,30,0,0,FAC025,Dispensed
DSP0003046,PHP0002250,Kavitha Khan,9991793499,Gangapur,2026-05-27,RX0004160,Amoxicillin,5,15,0,0,FAC003,Dispensed
DSP0003047,PHP0002251,Jyothi Yadav,9581761272,Kummarikunta,2026-05-31,RX0004161,Paracetamol,5,30,0,0,FAC015,Dispensed
DSP0003048,PHP0002252,Santosh Laxman,9179581700,Devarakonda,2026-06-06,RX0004162,Paracetamol,5,30,0,0,FAC010,Dispensed
DSP0003049,PHP0002253,Kavitha Laxman,9187260291,Midjil,2026-07-15,RX0004165,Metformin,30,30,0,0,FAC007,Dispensed
DSP0003050,PHP0002254,Ramesh Goud,+91-93973-33879,Mangalapally,2026-01-31,RX0004166,Amoxicillin,5,15,0,0,FAC017,Dispensed
DSP0003051,PHP0002255,Arun Yadav,+91-96816-65832,AMEENPUR,2026-02-11,RX0004167,Amlodipine,30,30,0,0,FAC026,Dispensed
DSP0003052,PHP0002255,Arun Yadav,9681665832,Ameenpur,2026-02-07,RX0004167,Metformin,30,15,1,0,FAC026,Partially dispensed
DSP0003053,PHP0002255,Arun Yadav,9611665832,Ameenpur,2026-07-25,RX0004169,Paracetamol,3,15,0,0,FAC026,Dispensed
DSP0003054,PHP0002256,Kiran Basa,9896805064,Marru,2026-06-27,RX0004173,Amlodipine,30,30,0,0,FAC017,Dispensed
DSP0003055,PHP0002256,Kiran Basha,9896605064,Marrur,2026-07-01,RX0004173,Metformin,30,15,1,0,FAC017,Partially dispensed
DSP0003056,PHP0002256,Kiran Basha,9896605064,Marru,2026-06-29,RX0004173,Paracetamol,3,15,0,0,FAC017,Dispensed
DSP0003057,PHP0002257,Sai Kumar,9216403192,Velpula,2026-06-22,RX0004177,Cetirizine,5,30,0,0,FAC008,Dispensed
DSP0003058,PHP0002258,Bhavani Goud,9310600629,Polepally,2026-02-14,RX0004180,Amoxicillin,5,30,0,0,FAC001,Dispensed
DSP0003059,PHP0002259,Rani Narsimha,,Donur,2026-01-03,RX0004181,Paracetamol,3,15,0,0,FAC009,Dispensed
DSP0003060,PHP0002260,Anitha Goud,9783905467,Nermata,2026-08-14,RX0004184,Cetirizine,5,30,0,0,FAC013,Dispensed
DSP0003061,PHP0002260,Anitha Goud,9783905467,Nermata,2026-08-12,RX0004184,Paracetamol,3,30,0,0,FAC013,Dispensed
DSP0003062,PHP0002261,Anil Patel,+91-98351-89169,Badepally,2026-05-26,RX0004186,Amlodipine,30,15,1,0,FAC001,Partially dispensed
DSP0003063,PHP0002261,Anil Patel,9835189119,Badepalli,2026-05-28,RX0004186,Metformin,30,30,0,0,FAC001,Dispensed
DSP0003064,PHP0002262,Anitha Mallaiah,+91-92358-08686,Ameenpur,2026-02-13,RX0004188,Amlodipine,30,30,0,0,FAC025,Dispensed
DSP0003065,PHP0002262,Anitha Mallaiah,9235808686,Ameenpur,2026-02-12,RX0004188,Paracetamol,3,15,0,0,FAC025,Dispensed
DSP0003066,PHP0002262,Anitha Mallaiah,,Ameenpur,2026-03-18,RX0004190,Amlodipine,30,15,1,0,FAC025,Partially dispensed
DSP0003067,PHP0002263,Divya Khan,+91-94864-26332,Patancheru,2026-04-28,RX0004191,Amlodipine,30,30,0,0,FAC027,Dispensed
DSP0003068,PHP0002264,Lalitha Goud,9141823293,Patancheru,2026-02-12,RX0004192,Amoxicillin,5,30,0,0,FAC026,Dispensed
DSP0003069,PHP0002265,Kavitha Goud,9139323283,Nomula,2026-02-25,RX0004193,Amoxicillin,5,30,0,0,FAC017,Dispensed
DSP0003070,PHP0002266,Anil Rao,9795533676,Kohir,2026-05-11,RX0004195,Amlodipine,30,30,0,0,FAC023,Dispensed
DSP0003071,PHP0002267,Kavitha Devi,9263005459,Gundlapalli,2026-02-16,RX0004196,Pantoprazole,10,15,0,0,FAC010,Dispensed
DSP0003072,PHP0002268,Hareeka Rao,9291392148,Bhanur,2026-01-20,RX0004197,Pantoprazole,10,30,0,0,FAC025,Dispensed
DSP0003073,PHP0002268,Harika Rao,9291392148,Bhanur,2026-04-10,RX0004198,Pantoprazole,10,30,0,0,FAC027,Dispensed
DSP0003074,PHP0002268,Harika Rao,9291092148,Bhanur,2026-08-15,RX0004199,Cetirizine,5,15,0,0,FAC025,Dispensed
DSP0003075,PHP0002269,Rani Yadav,9827267344,Gangapur,2026-02-11,RX0004200,Pantoprazole,10,30,0,0,FAC001,Dispensed
DSP0003076,PHP0002270,Raghav Naik,9350170748,Balanagar,2026-05-30,RX0004201,Metformin,30,15,1,0,FAC006,Partially dispensed
DSP0003077,PHP0002271,Venkatesh Jangam,9044573032,Badepally,2026-03-01,RX0004202,Metformin,30,30,0,0,FAC003,Dispensed
DSP0003078,PHP0002271,Venkatesh Jangam,,Badepally,2026-02-24,RX0004202,Paracetamol,3,15,0,0,FAC003,Dispensed
DSP0003079,PHP0002271,Venkatesh Jangam,9044573032,Badepally,2026-05-25,RX0004204,Metformin,30,30,0,0,FAC001,Dispensed
DSP0003080,PHP0002271,Venkatesh Jangam,9044573032,BADEPALLY,2026-05-27,RX0004204,Paracetamol,3,30,0,0,FAC001,Dispensed
DSP0003081,PHP0002272,Srinivas Narsimha,9141359711,Manoor,2026-03-06,RX0004206,Paracetamol,5,30,0,0,FAC019,Dispensed
DSP0003082,PHP0002272,Srinivas Narsimha,9141359711,Manoor,2026-07-14,RX0004207,Amoxicillin,5,15,0,0,FAC019,Dispensed
DSP0003083,PHP0002273,Naresh Yadav,9761766997,PEDDADINNE,2026-03-11,RX0004209,Metformin,30,30,0,0,FAC012,Dispensed
DSP0003084,PHP0002274,Ravi Krishna,9264231984,Donur,2026-06-14,RX0004210,Amoxicillin,5,15,0,0,FAC007,Dispensed
DSP0003085,PHP0002275,Venkatesh Laxman,9618648504,Kummarikunta,2026-05-06,RX0004211,Pantoprazole,10,30,0,0,FAC015,Dispensed
DSP0003086,PHP0002276,Ramesh Krishna,+91-95135-97189,Peddadinne,2026-06-03,RX0004213,Amlodipine,30,0,0,1,FAC010,Not dispensed due to stock
DSP0003087,PHP0002276,Ramesh Krishna,9513597189,Peddadinne,2026-06-03,RX0004213,Metformin,30,30,0,0,FAC010,Dispensed
DSP0003088,PHP0002277,Deepika Jangam,9178807836,Gundlapally,2026-07-06,RX0004216,Paracetamol,5,30,0,0,FAC012,Dispensed
DSP0003089,PHP0002278,Srilatha Yadav,9705973572,Macharam,2026-03-21,RX0004219,Metformin,30,30,0,0,FAC003,Dispensed
DSP0003090,PHP0002278,Srilatha Yadav,+91-97059-73572,Macharam,2026-08-05,RX0004220,Cetirizine,5,30,0,0,FAC001,Dispensed
DSP0003091,PHP0002279,Lakshmi Basha,+91-90222-15240,Kalher,2026-03-11,RX0004221,Paracetamol,5,15,0,0,FAC021,Dispensed
DSP0003092,PHP0002279,Lakshmi Basha,9022215240,Kalher,2026-04-30,RX0004222,Metformin,30,30,0,0,FAC019,Dispensed
DSP0003093,PHP0002280,Divya Begum,9747635311,Ameenpur,2026-07-09,RX0004223,Metformin,30,30,0,0,FAC027,Dispensed
DSP0003094,PHP0002281,Sai Goud,9959437703,Kohir,2026-05-24,RX0004224,Amoxicillin,5,15,0,0,FAC022,Dispensed
DSP0003095,PHP0002282,Ramesh Devi,9547223983,Kalher,2026-07-01,RX0004225,Amoxicillin,5,30,0,0,FAC021,Dispensed
DSP0003096,PHP0002282,Ramesh Devi,9547243983,Kalher,2026-07-03,RX0004225,Paracetamol,3,15,0,0,FAC021,Dispensed
DSP0003097,PHP0002283,Srinivas Rao,9053767541,Marrur,2026-04-09,RX0004227,Amoxicillin,5,15,1,1,FAC016,Partially dispensed
DSP0003098,PHP0002284,Laleetha Kumar,9337407069,Kohir,2026-01-22,RX0004231,Metformin,30,30,0,0,FAC023,Dispensed
DSP0003099,PHP0002285,Raju Reddy,9597540270,Kangti,2026-01-30,RX0004234,Amlodipine,30,15,1,0,FAC020,Partially dispensed
DSP0003100,PHP0002286,Praveen Laxman,9446859899,Bodajanampet,2026-07-15,RX0004236,Cetirizine,5,15,0,0,FAC004,Dispensed
DSP0003101,PHP0002287,Ravi Mudiraj,9965144743,KANGTI,2026-03-12,RX0004237,Pantoprazole,10,15,0,0,FAC020,Dispensed
DSP0003102,PHP0002287,Ravi Mudiraj,,Kangti,2026-08-10,RX0004238,Cetirizine,5,15,0,0,FAC019,Dispensed
DSP0003103,PHP0002288,Mounika Patel,,Devarakonda,2026-05-10,RX0004239,Amoxicillin,5,15,0,0,FAC012,Dispensed
DSP0003104,PHP0002289,Raghav Shekar,+91-95168-46366,Macharam,2026-08-12,RX0004240,Cetirizine,5,15,0,0,FAC001,Dispensed
DSP0003105,PHP0002290,Ramesh Laxman,9103347492,Nakrekal,2026-05-05,RX0004241,Paracetamol,3,30,0,0,FAC018,Dispensed
DSP0003106,PHP0002291,Raghav Chary,9213869571,Kangti,2026-02-15,RX0004244,Cetirizine,5,30,0,0,FAC020,Dispensed
DSP0003107,PHP0002292,Ravi Krishna,9929909082,Bodajanampet,2026-02-17,RX0004245,Cetirizine,5,30,0,0,FAC004,Dispensed
DSP0003108,PHP0002293,Mahesh Khan,9014895493,Kallepally,2026-01-06,RX0004246,Amlodipine,30,30,0,0,FAC005,Dispensed
DSP0003109,PHP0002294,Anjali Yadav,9579010856,Zaheerabad,2026-08-15,RX0004247,Amlodipine,30,15,1,0,FAC022,Partially dispensed
DSP0003110,PHP0002295,Mounik Jangam,9289170112,Badepally,2026-04-08,RX0004249,Metformin,30,15,1,0,FAC003,Partially dispensed
DSP0003111,PHP0002296,Naresh Naik,9620007609,Midjil,2026-06-21,RX0004251,Paracetamol,5,15,0,0,FAC008,Dispensed
DSP0003112,PHP0002296,Naresh Naik,9620007609,Midjil,2026-06-24,RX0004251,Paracetamol,3,15,0,0,FAC008,Dispensed
DSP0003113,PHP0002297,Suresh Das,+91-93841-40567,Devarakonda,2026-06-10,RX0004256,Paracetamol,5,15,0,0,FAC011,Dispensed
DSP0003114,PHP0002298,Shobha Khan,9848006014,Indresham,2026-04-03,RX0004259,Cetirizine,5,30,0,0,FAC026,Dispensed
DSP0003115,PHP0002299,Anitha Naik,,Zaheerabad,2026-06-07,RX0004260,Cetirizine,5,15,0,0,FAC022,Dispensed
DSP0003116,PHP0002300,Nirmala Khan,9102385415,Badepally,2026-06-13,RX0004263,Paracetamol,3,15,0,0,FAC003,Dispensed
DSP0003117,PHP0002301,Kavitha Krishna,9482547296,Kohir,2026-03-27,RX0004265,Cetirizine,5,15,0,0,FAC022,Dispensed
DSP0003118,PHP0002302,Renuka Devi,9093589820,Zaheerabad,2026-07-17,RX0004267,Paracetamol,5,15,0,0,FAC022,Dispensed
DSP0003119,PHP0002303,Anitha Naik,9960810008,KANGTI,2026-08-06,RX0004268,Amlodipine,30,15,1,0,FAC020,Partially dispensed
DSP0003120,PHP0002304,Jyothi Laxman,9201182448,Patancheru,2026-07-23,RX0004269,Amlodipine,30,15,1,0,FAC026,Partially dispensed
DSP0003121,PHP0002305,Raghav Shekar,9828143904,Patancheru,2026-07-22,RX0004270,Cetirizine,5,30,0,0,FAC025,Dispensed
DSP0003122,PHP0002306,Jyothi Basha,,Marrur,2026-02-24,RX0004271,Cetirizine,5,15,0,0,FAC017,Dispensed
DSP0003123,PHP0002307,Sai Begum,9792292628,Badepally,2026-07-02,RX0004272,Cetirizine,5,30,0,0,FAC002,Dispensed
DSP0003124,PHP0002308,Kiran Devi,9584527928,Velpula,2026-07-18,RX0004273,Cetirizine,5,30,0,0,FAC007,Dispensed
DSP0003125,PHP0002308,Kiran Devi,9584527928,Velpula,2026-07-19,RX0004275,Pantoprazole,10,15,0,0,FAC009,Dispensed
DSP0003126,PHP0002309,Harika Reddy,9958921012,Ameenpu,2026-07-12,RX0004276,Cetirizine,5,30,0,0,FAC025,Dispensed
DSP0003127,PHP0002309,Harika,9958921012,Ameenpur,2026-07-12,RX0004276,Paracetamol,3,30,0,0,FAC025,Dispensed
DSP0003128,PHP0002310,Saritha Basha,9326300235,Patancheru,2026-06-07,RX0004278,Amoxicillin,5,30,0,0,FAC026,Dispensed
DSP0003129,PHP0002311,Jyothi Goud,9049918018,Bodajanampet,2026-07-29,RX0004279,Pantoprazole,10,15,0,0,FAC006,Dispensed
DSP0003130,PHP0002312,Kavitha Reddy,9712182735,Jharasangam,2026-01-30,RX0004281,Amlodipine,30,30,0,0,FAC022,Dispensed
DSP0003131,PHP0002312,Kavitha Reddy,9712182735,Jharasangam,2026-01-30,RX0004281,Metformin,30,30,0,0,FAC022,Dispensed
DSP0003132,PHP0002312,Kavitha Reddy,,JHARASANGAM,2026-01-30,RX0004281,Paracetamol,3,15,1,1,FAC022,Partially dispensed
DSP0003133,PHP0002313,Nirmala Jangam,9106011091,Nakreka,2026-04-08,RX0004286,Pantoprazole,10,30,0,0,FAC018,Dispensed
DSP0003134,PHP0002313,Nirmala Jangam,9106011091,Nakrekal,2026-05-28,RX0004287,Paracetamol,5,30,0,0,FAC016,Dispensed
DSP0003135,PHP0002313,Nirmala Jangam,9106011091,NAKREKAL,2026-05-27,RX0004287,Paracetamol,3,15,0,0,FAC016,Dispensed
DSP0003136,PHP0002314,Harika Laxman,9866653224,Vemula,2026-06-24,RX0004289,Pantoprazole,10,30,0,0,FAC009,Dispensed
DSP0003137,PHP0002315,Anjali Kumar,9153549719,Kondamallepalli,2026-03-26,RX0004290,Paracetamol,5,15,0,0,FAC012,Dispensed
DSP0003138,PHP0002316,Swathi,9449992022,Manoor,2026-07-25,RX0004293,Amlodipine,30,15,1,0,FAC019,Partially dispensed
DSP0003139,PHP0002316,Swathi Kumar,9449992022,Manoor,2026-07-28,RX0004293,Metformin,30,15,1,0,FAC019,Partially dispensed
DSP0003140,PHP0002317,Vinod Jangam,9747737478,Macharam,2026-03-04,RX0004295,Paracetamol,5,15,0,0,FAC003,Dispensed
DSP0003141,PHP0002317,Vinod Jangam,9747737478,Macharam,2026-03-07,RX0004295,Paracetamol,3,30,0,0,FAC003,Dispensed
DSP0003142,PHP0002317,Vinod Jangam,9747737478,Macharam,2026-03-28,RX0004297,Paracetamol,5,30,0,0,FAC002,Dispensed
DSP0003143,PHP0002318,Rjesh Laxman,9319940963,Bhanur,2026-01-07,RX0004298,Amlodipine,30,30,0,0,FAC027,Dispensed
DSP0003144,PHP0002318,Rajesh Laxman,9319940963,Bhanur,2026-01-06,RX0004298,Metformin,30,15,1,0,FAC027,Partially dispensed
DSP0003145,PHP0002319,Divya Mudiraj,9231310143,Balanagar,2026-06-17,RX0004300,Pantoprazole,10,30,0,0,FAC006,Dispensed
DSP0003146,PHP0002320,Anitha Mudiraj,9895677278,Nermata,2026-07-23,RX0004302,Cetirizine,5,30,0,0,FAC014,Dispensed
DSP0003147,PHP0002320,Aneetha Mudiraj,9895677278,Nermata,2026-07-21,RX0004302,Paracetamol,3,15,0,0,FAC014,Dispensed
DSP0003148,PHP0002321,Saritha Chary,9884093659,Bodajanampet,2026-08-12,RX0004304,Amlodipine,30,30,0,0,FAC005,Dispensed
DSP0003149,PHP0002322,Diwya Basha,9676778351,Velpula,2026-02-13,RX0004305,Pantoprazole,10,15,0,0,FAC009,Dispensed
DSP0003150,PHP0002322,Divya Basha,9676778351,Velpula,2026-06-17,RX0004306,Amoxicillin,5,30,0,0,FAC008,Dispensed
DSP0003151,PHP0002323,Praveen Patel,9279585553,Kummarikunta,2026-05-11,RX0004307,Cetirizine,5,30,0,0,FAC014,Dispensed
DSP0003152,PHP0002324,Suresh Jangam,9909316513,Midjil,2026-05-26,RX0004309,Amoxicillin,5,15,0,0,FAC008,Dispensed
DSP0003153,PHP0002325,Anjali Narsimha,9942391530,Zaheerabad,2026-07-07,RX0004310,Metformin,30,30,0,0,FAC023,Dispensed
DSP0003154,PHP0002326,Padma Devi,9386569590,Midjil,2026-05-30,RX0004311,Pantoprazole,10,30,0,0,FAC007,Dispensed
DSP0003155,PHP0002326,Padma Devi,,Midjil,2026-06-26,RX0004312,Pantoprazole,10,30,0,0,FAC009,Dispensed
DSP0003156,PHP0002326,Padma Devi,9386569590,Midjil,2026-08-16,RX0004313,Pantoprazole,10,30,0,0,FAC007,Dispensed
DSP0003157,PHP0002327,Jyothi Laxman,9865758707,Peddadinne,2026-03-13,RX0004314,Pantoprazole,10,30,0,0,FAC010,Dispensed
DSP0003158,PHP0002328,nitha Khan,9278580293,Bhanur,2026-04-27,RX0004315,Amlodipine,30,30,0,0,FAC025,Dispensed
DSP0003159,PHP0002329,Mounika Jangam,9197790400,Zaheerabad,2026-02-03,RX0004317,Amoxicillin,5,30,0,0,FAC024,Dispensed
DSP0003160,PHP0002329,Mounika Jangam,+91-91977-90400,Zaheerabad,2026-02-25,RX0004318,Amlodipine,30,30,0,0,FAC023,Dispensed
DSP0003161,PHP0002330,Ravi Kumar,9244880546,Narayankhed,2026-07-15,RX0004319,Cetirizine,5,30,0,0,FAC020,Dispensed
DSP0003162,PHP0002331,Kavitha Narsimha,9599049217,Ameenpur,2026-05-14,RX0004321,Pantoprazole,10,15,0,0,FAC027,Dispensed
DSP0003163,PHP0002332,Mahesh Shekar,9456990147,RAJAPUR,2026-02-16,RX0004324,Paracetamol,5,30,0,0,FAC006,Dispensed
DSP0003164,PHP0002332,Mahesh Shekar,+91-94569-90147,Rajapur,2026-07-05,RX0004325,Paracetamol,5,30,0,0,FAC006,Dispensed
DSP0003165,PHP0002333,Divya Kumar,9003857659,Marrur,2026-08-14,RX0004326,Pantoprazole,10,15,0,0,FAC018,Dispensed
DSP0003166,PHP0002334,Divya Jangam,9574409740,Bangarigadda,2026-02-12,RX0004327,Metformin,30,30,0,0,FAC014,Dispensed
DSP0003167,PHP0002335,Deepika Shekar,9736515474,Kummarikunta,2026-04-27,RX0004332,Amoxicillin,5,15,0,0,FAC014,Dispensed
DSP0003168,PHP0002336,Sushma Krishna,9610471382,BADEPALLY,2026-01-13,RX0004333,Cetirizine,5,30,0,0,FAC002,Dispensed
DSP0003169,PHP0002337,Ramesh Reddy,9839515822,Balanagar,2026-02-23,RX0004335,Amlodipine,30,15,1,0,FAC006,Partially dispensed
DSP0003170,PHP0002338,Shobha Khan,9158837509,Chandur,2026-05-20,RX0004337,Paracetamol,3,30,0,0,FAC015,Dispensed
DSP0003171,PHP0002339,Jyothi Khan,9351692023,Ameenpur,2026-01-29,RX0004341,Pantoprazole,10,15,0,0,FAC025,Dispensed
DSP0003172,PHP0002339,Jyothi Khan,+91-93516-92023,Ameenpur,2026-01-28,RX0004341,Paracetamol,3,15,0,0,FAC025,Dispensed
DSP0003173,PHP0002340,Praween Jangam,+91-93671-43256,Ameenpur,2026-06-20,RX0004343,Paracetamol,5,30,0,0,FAC026,Dispensed
DSP0003174,PHP0002341,Saritha Jangam,9540619018,Jharasanga,2026-01-17,RX0004344,Pantoprazole,10,30,0,0,FAC023,Dispensed
DSP0003175,PHP0002342,Rghav Patel,9068743259,Macharam,2026-04-21,RX0004345,Amlodipine,30,15,1,0,FAC002,Partially dispensed
DSP0003176,PHP0002343,Sntosh Basha,9954205520,KOHIR,2026-07-13,RX0004347,Metformin,30,30,0,0,FAC023,Dispensed
DSP0003177,PHP0002344,Santosh Mudiraj,9379663040,Mangalapally,2026-06-09,RX0004349,Paracetamol,5,15,0,0,FAC016,Dispensed
DSP0003178,PHP0002344,Santosh Mudiraj,9376663040,Mangalapally,2026-07-07,RX0004350,Paracetamol,3,15,0,0,FAC018,Dispensed
DSP0003179,PHP0002345,Lalitha Laxman,9709223125,Bangarigadda,2026-06-29,RX0004352,Pantoprazole,10,15,0,0,FAC015,Dispensed
DSP0003180,PHP0002346,Bhavani Das,9034906060,Kondamallepally,2026-01-06,RX0004353,Amoxicillin,5,30,0,0,FAC012,Dispensed
DSP0003181,PHP0002347,Mounika Naik,+91-93616-49496,Donur,2026-07-10,RX0004354,Metformin,30,30,0,0,FAC009,Dispensed
DSP0003182,PHP0002348,Renuka Narsimha,9739241185,Devarakonda,2026-06-16,RX0004355,Metformin,30,15,1,0,FAC011,Partially dispensed
DSP0003183,PHP0002348,Renuka Narsimha,9739291185,Devarakonda,2026-08-14,RX0004356,Metformin,30,15,1,0,FAC011,Partially dispensed
DSP0003184,PHP0002349,Arun Basha,9152315414,Gangapur,2026-03-03,RX0004357,Metformin,30,30,0,0,FAC003,Dispensed
DSP0003185,PHP0002350,Anil Rao,9554730180,Bhanur,2026-01-30,RX0004358,Pantoprazole,10,15,0,0,FAC026,Dispensed
DSP0003186,PHP0002351,Anil Begum,9776093786,KANGTI,2026-01-21,RX0004359,Metformin,30,30,0,0,FAC019,Dispensed
DSP0003187,PHP0002352,Saritha Krishna,9093964952,Bodajanampet,2026-08-06,RX0004360,Pantoprazole,10,30,0,0,FAC004,Dispensed
DSP0003188,PHP0002353,Suresh Goud,9640223811,Indresham,2026-04-29,RX0004361,Metformin,30,15,1,0,FAC026,Partially dispensed
DSP0003189,PHP0002354,Shankar Patel,9999392369,Donur,2026-03-16,RX0004363,Amlodipine,30,30,1,1,FAC007,Partially dispensed
DSP0003190,PHP0002355,Naveen Khan,9036830759,Kalher,2026-01-24,RX0004364,Cetirizine,5,15,0,0,FAC021,Dispensed
DSP0003191,PHP0002356,Santosh Narsimha,9307913966,Macharam,2026-05-23,RX0004369,Cetirizine,5,15,0,0,FAC001,Dispensed
DSP0003192,PHP0002356,Santosh Narsimha,9307913966,Machara,2026-07-05,RX0004370,Paracetamol,3,30,0,0,FAC001,Dispensed
DSP0003193,PHP0002357,Susma Shekar,9441234174,BANGARIGADDA,2026-07-05,RX0004372,Amlodipine,30,15,1,0,FAC013,Partially dispensed
DSP0003194,PHP0002357,Sushma Shekar,9441234174,Bangarigadda,2026-07-04,RX0004372,Metformin,30,15,1,0,FAC013,Partially dispensed
DSP0003195,PHP0002358,Swathi Goud,9840843828,Manoo,2026-05-09,RX0004375,Amoxicillin,5,30,0,0,FAC021,Dispensed
DSP0003196,PHP0002359,Renuka Khan,9767590972,Midjil,2026-05-26,RX0004376,Amoxicillin,5,15,0,0,FAC009,Dispensed
DSP0003197,PHP0002360,Rajesh Naik,,Balanagar,2026-08-10,RX0004377,Amlodipine,30,30,0,0,FAC005,Dispensed
DSP0003198,PHP0002361,Shobha Laxman,9863186098,Zaheerabad,2026-07-25,RX0004378,Paracetamol,5,30,0,0,FAC022,Dispensed
DSP0003199,PHP0002362,Rani Mallaiah,9938708317,Patancher,2026-02-13,RX0004380,Amlodipine,30,15,1,0,FAC027,Partially dispensed
DSP0003200,PHP0002363,Shobha Shekar,9499792440,Jharasangam,2026-03-23,RX0004381,Amlodipine,30,30,0,0,FAC023,Dispensed
DSP0003201,PHP0002364,Sai Rao,9944734544,Manoor,2026-08-13,RX0004383,Amoxicillin,5,30,0,0,FAC019,Dispensed
DSP0003202,PHP0002364,Sai Rao,9944734544,Manoor,2026-08-18,RX0004383,Paracetamol,3,15,0,0,FAC019,Dispensed
DSP0003203,PHP0002365,Deepik Narsimha,9572578213,Kallepally,2026-04-14,RX0004386,Paracetamol,5,15,0,0,FAC004,Dispensed
DSP0003204,PHP0002366,Sai Mudiraj,9640389832,Bhanur,2026-05-22,RX0004390,Amlodipine,30,15,1,0,FAC027,Partially dispensed
DSP0003205,PHP0002367,Rani Laxman,9139615927,Mangalapalli,2026-05-26,RX0004391,Amoxicillin,5,30,0,0,FAC016,Dispensed
DSP0003206,PHP0002368,Naveen Yadav,9742997221,Vemula,2026-06-08,RX0004392,Pantoprazole,10,30,0,0,FAC007,Dispensed
DSP0003207,PHP0002369,Arun Laxman,9400303942,Nakreka,2026-01-26,RX0004394,Pantoprazole,10,30,0,0,FAC018,Dispensed
DSP0003208,PHP0002370,Lakshmi Devi,+91-92374-83758,Mangalapally,2026-04-13,RX0004396,Paracetamol,5,15,0,0,FAC017,Dispensed
DSP0003209,PHP0002371,Praveen Patel,9757792573,Patancheru,2026-04-16,RX0004397,Amlodipine,30,15,1,0,FAC026,Partially dispensed
DSP0003210,PHP0002371,Praveen Patel,,Patancheru,2026-05-28,RX0004398,Cetirizine,5,30,0,0,FAC026,Dispensed
DSP0003211,PHP0002372,Ravi Begum,9613320244,Narayankhed,2026-05-10,RX0004399,Pantoprazole,10,30,1,1,FAC021,Partially dispensed
DSP0003212,PHP0002373,Rames Laxman,9296225174,Macharam,2026-07-15,RX0004401,Pantoprazole,10,15,1,1,FAC001,Partially dispensed
DSP0003213,PHP0002373,Ramesh Laxman,9296225174,Macharam,2026-07-12,RX0004401,Paracetamol,3,30,0,0,FAC001,Dispensed
DSP0003214,PHP0002374,Lakshmi Goud,9518195504,Kohir,2026-05-16,RX0004403,Paracetamol,3,30,0,0,FAC023,Dispensed
DSP0003215,PHP0002375,Swathi Devi,9272301701,Kangti,2026-04-12,RX0004405,Amlodipine,30,30,0,0,FAC020,Dispensed
DSP0003216,PHP0002376,Sushma Shekar,9564293155,Rajapur,2026-07-17,RX0004406,Paracetamol,3,15,0,0,FAC005,Dispensed
DSP0003217,PHP0002377,Lalitha Begum,9947340722,PEDDADINNE,2026-01-31,RX0004408,Pantoprazole,10,15,0,0,FAC011,Dispensed
DSP0003218,PHP0002378,Arun Yadav,9721913815,Indresham,2026-08-08,RX0004410,Cetirizine,5,30,0,0,FAC027,Dispensed
DSP0003219,PHP0002379,Rani Yadav,+91-97654-18298,PEDDADINNE,2026-08-09,RX0004411,Amoxicillin,5,30,0,0,FAC010,Dispensed
DSP0003220,PHP0002380,Raju Mallaiah,9432472300,Bhanur,2026-05-07,RX0004412,Amlodipine,30,30,0,0,FAC027,Dispensed
DSP0003221,PHP0002381,Lalitha Patel,9789499677,AMEENPUR,2026-04-01,RX0004415,Pantoprazole,10,30,0,0,FAC027,Dispensed
DSP0003222,PHP0002382,Anil Begum,,Kohir,2026-03-10,RX0004416,Amoxicillin,5,15,0,0,FAC023,Dispensed
DSP0003223,PHP0002382,Anil Begum,9694484446,Kohir,2026-03-10,RX0004416,Paracetamol,3,15,0,0,FAC023,Dispensed
DSP0003224,PHP0002383,Rajesh Khan,9461007722,JHARASANGAM,2026-07-01,RX0004418,Pantoprazole,10,15,0,0,FAC024,Dispensed
DSP0003225,PHP0002384,Lakshmi Mallaiah,9734095602,ZAHEERABAD,2026-07-05,RX0004419,Paracetamol,3,15,0,0,FAC024,Dispensed
DSP0003226,PHP0002385,Nirmala Devi,9070785592,Nomula,2026-07-01,RX0004421,Paracetamol,5,30,0,0,FAC018,Dispensed
DSP0003227,PHP0002386,Vinod Yadav,9249446010,Badepally,2026-08-15,RX0004423,Amlodipine,30,30,0,0,FAC001,Dispensed
DSP0003228,PHP0002387,Padma Das,9547662099,Kummarikunta,2026-04-20,RX0004424,Paracetamol,3,15,0,0,FAC014,Dispensed
DSP0003229,PHP0002388,Rmesh Shekar,9419794753,Jharasangam,2026-04-17,RX0004427,Paracetamol,5,30,0,0,FAC024,Dispensed
DSP0003230,PHP0002389,Divya Begum,9490771578,Midjil,2026-04-07,RX0004429,Cetirizine,5,15,0,0,FAC007,Dispensed
DSP0003231,PHP0002390,Renuka Begum,9977439906,Kummarikunta,2026-07-14,RX0004430,Metformin,30,15,1,0,FAC014,Partially dispensed
DSP0003232,PHP0002391,Sushma,9256375325,Narayankhe,2026-06-03,RX0004431,Amoxicillin,5,15,0,0,FAC021,Dispensed
DSP0003233,PHP0002392,Mahesh Mallaiah,9861075854,Mangalapally,2026-04-26,RX0004434,Cetirizine,5,30,0,0,FAC017,Dispensed
DSP0003234,PHP0002393,Arun Basha,+91-98116-31314,Midjil,2026-03-22,RX0004436,Cetirizine,5,15,0,0,FAC009,Dispensed
DSP0003235,PHP0002393,Arun Basha,9811631314,Midjil,2026-03-19,RX0004436,Paracetamol,3,15,0,0,FAC009,Dispensed
DSP0003236,PHP0002394,Renuka,9447204253,Kondamallepally,2026-04-09,RX0004438,Cetirizine,5,0,0,1,FAC010,Not dispensed due to stock
DSP0003237,PHP0002394,Renuka Das,9447204253,Kondamallepally,2026-04-07,RX0004438,Paracetamol,3,30,0,0,FAC010,Dispensed
DSP0003238,PHP0002395,Padma Narsimha,9021645332,Macharam,2026-04-01,RX0004440,Metformin,30,30,0,0,FAC001,Dispensed
DSP0003239,PHP0002395,Padma Narsimha,9321645332,Macharam,2026-04-01,RX0004440,Paracetamol,3,30,0,0,FAC001,Dispensed
DSP0003240,PHP0002395,Padma Narsimha,9021645332,MACHARAM,2026-05-05,RX0004442,Metformin,30,15,1,0,FAC003,Partially dispensed
DSP0003241,PHP0002396,Jyothi Mudiraj,9053907586,Kondamallepally,2026-02-22,RX0004443,Pantoprazole,10,15,0,0,FAC012,Dispensed
DSP0003242,PHP0002397,Renuka Mudiraj,9338556303,Gangapur,2026-06-23,RX0004445,Metformin,30,0,0,1,FAC003,Not dispensed due to stock
DSP0003243,PHP0002397,Renuka Mudiraj,9338556303,Gangapur,2026-06-22,RX0004445,Paracetamol,3,30,0,0,FAC003,Dispensed
DSP0003244,PHP0002397,Renuka Mudiraj,+91-93385-56303,Gangapur,2026-08-13,RX0004447,Metformin,30,30,0,0,FAC003,Dispensed
DSP0003245,PHP0002397,Renuka Mudiraj,9338556303,Gangapur,2026-08-18,RX0004447,Paracetamol,3,15,0,0,FAC003,Dispensed
DSP0003246,PHP0002398,Venkatesh Das,,Kangti,2026-01-31,RX0004449,Metformin,30,30,0,0,FAC019,Dispensed
DSP0003247,PHP0002399,Ravi Narsimha,9094517292,Badepally,2026-02-11,RX0004450,Cetirizine,5,30,0,0,FAC001,Dispensed
DSP0003248,PHP0002400,Raju Mallaiah,9671851570,Manoor,2026-01-09,RX0004451,Amoxicillin,5,30,0,0,FAC021,Dispensed
DSP0003249,PHP0002401,Anil Patel,9437824030,Narayankhed,2026-05-19,RX0004452,Amoxicillin,5,15,0,0,FAC020,Dispensed
DSP0003250,PHP0002402,Nirmala Krishna,9503644365,KOHIR,2026-08-04,RX0004455,Paracetamol,5,15,0,0,FAC022,Dispensed
DSP0003251,PHP0002403,Kiran Naik,9229555919,Mangalapally,2026-01-14,RX0004456,Pantoprazole,10,30,0,0,FAC018,Dispensed
DSP0003252,PHP0002404,Mohan Goud,9801975838,Gangapur,2026-07-23,RX0004457,Metformin,30,30,0,0,FAC003,Dispensed
DSP0003253,PHP0002405,Renuka Goud,9104866595,Mogudampally,2026-06-20,RX0004458,Metformin,30,30,0,0,FAC024,Dispensed
DSP0003254,PHP0002406,Vinod Reddy,9600878020,Vemula,2026-07-27,RX0004461,Cetirizine,5,15,0,0,FAC009,Dispensed
DSP0003255,PHP0002407,Harika Laxman,9554147233,Gundlapally,2026-07-04,RX0004462,Amoxicillin,5,15,0,0,FAC011,Dispensed
DSP0003256,PHP0002408,Praveen Das,9057788839,Donur,2026-03-30,RX0004463,Amoxicillin,5,15,0,0,FAC009,Dispensed
DSP0003257,PHP0002409,Kavitha Patel,,Balanagar,2026-02-24,RX0004465,Amlodipine,30,15,1,0,FAC005,Partially dispensed
DSP0003258,PHP0002410,Rani Khan,9262334358,ZAHEERABAD,2026-07-03,RX0004467,Pantoprazole,10,15,0,0,FAC024,Dispensed
DSP0003259,PHP0002411,Praveen Laxman,9147507549,Zaheerabad,2026-05-20,RX0004468,Paracetamol,5,30,0,0,FAC022,Dispensed
DSP0003260,PHP0002412,Naveen Narsimha,+91-94836-08679,Donur,2026-04-01,RX0004469,Paracetamol,5,30,0,0,FAC007,Dispensed
DSP0003261,PHP0002412,Naveen Narsimha,9483608679,DONUR,2026-04-01,RX0004469,Paracetamol,3,15,0,0,FAC007,Dispensed
DSP0003262,PHP0002413,Padma Devi,9960003499,Badepally,2026-03-27,RX0004471,Pantoprazole,10,15,0,0,FAC001,Dispensed
DSP0003263,PHP0002413,Padma Devi,9960003499,BADEPALLY,2026-05-18,RX0004472,Cetirizine,5,30,0,0,FAC001,Dispensed
DSP0003264,PHP0002414,Raju Reddy,9919820763,Badepally,2026-05-16,RX0004474,Amlodipine,30,30,0,0,FAC002,Dispensed
DSP0003265,PHP0002414,Raju Reddy,9919820763,Badepally,2026-07-02,RX0004475,Cetirizine,5,30,0,0,FAC003,Dispensed
DSP0003266,PHP0002414,Raju Reddy,9919820763,Badepally,2026-08-02,RX0004476,Amoxicillin,5,15,0,0,FAC002,Dispensed
DSP0003267,PHP0002415,Raghav Chary,9604119594,Polepally,2026-04-17,RX0004477,Amlodipine,30,30,0,0,FAC002,Dispensed
DSP0003268,PHP0002415,Raghav Chary,,Polepally,2026-04-16,RX0004477,Metformin,30,15,1,0,FAC002,Partially dispensed
DSP0003269,PHP0002416,Anitha Begum,9059483105,Kalher,2026-05-06,RX0004479,Paracetamol,5,15,1,1,FAC019,Partially dispensed
DSP0003270,PHP0002417,Venkatesh Patel,9903644664,Jharasangam,2026-02-22,RX0004480,Paracetamol,5,30,0,0,FAC022,Dispensed
DSP0003271,PHP0002418,Lalitha Krishna,+91-94907-05211,Mogudampally,2026-03-02,RX0004481,Amlodipine,30,15,1,0,FAC024,Partially dispensed
DSP0003272,PHP0002419,Divya Naik,9571124315,Nakrekal,2026-02-11,RX0004483,Pantoprazole,10,30,0,0,FAC016,Dispensed
DSP0003273,PHP0002420,Renuka Patel,9072422776,Velpula,2026-04-15,RX0004484,Amlodipine,30,15,1,0,FAC009,Partially dispensed
DSP0003274,PHP0002420,Renuka Patel,+91-90724-22776,Velpula,2026-07-20,RX0004485,Amlodipine,30,15,1,0,FAC008,Partially dispensed
DSP0003275,PHP0002421,Nirmala Rao,9053706762,Midjil,2026-04-14,RX0004486,Amlodipine,30,15,1,0,FAC008,Partially dispensed
DSP0003276,PHP0002421,Nirmala Rao,9053706762,Midjil,2026-04-13,RX0004486,Metformin,30,0,0,1,FAC008,Not dispensed due to stock
DSP0003277,PHP0002422,Santos Mallaiah,9387140422,Nakrekal,2026-01-08,RX0004488,Amoxicillin,5,30,0,0,FAC016,Dispensed
DSP0003278,PHP0002423,Anjali Yadav,9337733893,Kondamallepally,2026-06-03,RX0004489,Pantoprazole,10,30,0,0,FAC010,Dispensed
DSP0003279,PHP0002424,sankar Rao,9304748120,Mogudampally,2026-04-07,RX0004491,Amlodipine,30,15,1,0,FAC024,Partially dispensed
DSP0003280,PHP0002425,Santosh Laxman,9955035857,Badepally,2026-05-05,RX0004492,Amoxicillin,5,30,0,0,FAC002,Dispensed
DSP0003281,PHP0002426,Sai Jangam,+91-99929-48650,Zaheerabad,2026-03-12,RX0004493,Paracetamol,5,15,0,0,FAC022,Dispensed
DSP0003282,PHP0002427,Bhavani Kumar,9614945433,Ameenpur,2026-03-31,RX0004494,Amlodipine,30,15,1,0,FAC026,Partially dispensed
DSP0003283,PHP0002428,Santosh Mudiraj,9374884890,Nermata,2026-08-12,RX0004496,Amlodipine,30,30,0,0,FAC013,Dispensed
DSP0003284,PHP0002429,Mahesh Reddy,9353584872,Nomula,2026-01-23,RX0004497,Amlodipine,30,30,0,0,FAC018,Dispensed
DSP0003285,PHP0002429,Mahesh Reddy,9353984872,Nomula,2026-01-22,RX0004497,Metformin,30,15,1,0,FAC018,Partially dispensed
DSP0003286,PHP0002430,Naveen Goud,9814704274,NARAYANKHED,2026-01-30,RX0004500,Paracetamol,3,30,0,0,FAC019,Dispensed
DSP0003287,PHP0002431,Naveen Patel,9313835167,Devarakonda,2026-06-19,RX0004503,Cetirizine,5,0,0,1,FAC011,Not dispensed due to stock
DSP0003288,PHP0002431,Naveen Patel,9313835167,Devarakonda,2026-07-21,RX0004505,Amlodipine,30,30,0,0,FAC011,Dispensed
DSP0003289,PHP0002432,Suresh Basha,+91-90058-72719,Mangalapally,2026-05-09,RX0004506,Amoxicillin,5,15,0,0,FAC016,Dispensed
DSP0003290,PHP0002433,Anitha Mallaiah,,Velpula,2026-05-03,RX0004508,Amoxicillin,5,30,0,0,FAC008,Dispensed
DSP0003291,PHP0002433,Anitha Mallaiah,,Velpula,2026-05-01,RX0004508,Paracetamol,3,15,0,0,FAC008,Dispensed
DSP0003292,PHP0002434,Arun Devi,+91-95951-24534,DONUR,2026-07-21,RX0004511,Paracetamol,5,15,0,0,FAC008,Dispensed
DSP0003293,PHP0002435,Rani Basha,9879254175,BANGARIGADDA,2026-04-12,RX0004512,Pantoprazole,10,30,0,0,FAC014,Dispensed
DSP0003294,PHP0002436,Saritha Rao,9262565595,Indresham,2026-06-23,RX0004513,Pantoprazole,10,30,0,0,FAC025,Dispensed
DSP0003295,PHP0002437,Venkatesh Patel,9975334068,Mogudampally,2026-07-11,RX0004515,Amlodipine,30,30,1,1,FAC023,Partially dispensed
DSP0003296,PHP0002438,Srinivas Devi,9930646748,Chandur,2026-05-05,RX0004518,Amlodipine,30,30,0,0,FAC013,Dispensed
DSP0003297,PHP0002439,Naresh Mudiraj,9016129347,Midjil,2026-03-21,RX0004519,Cetirizine,5,30,0,0,FAC008,Dispensed
DSP0003298,PHP0002440,Jyothi Krishna,9528864219,Peddadinne,2026-06-26,RX0004520,Amlodipine,30,15,1,0,FAC012,Partially dispensed
DSP0003299,PHP0002440,Jyothi Krishna,,Peddadinne,2026-07-27,RX0004521,Amlodipine,30,15,1,0,FAC012,Partially dispensed
DSP0003300,PHP0002440,Jyothi Krishna,9528864219,Peddadinne,2026-08-14,RX0004522,Cetirizine,5,15,0,0,FAC012,Dispensed
DSP0003301,PHP0002440,Jyothi Krishna,9528864219,Peddadinne,2026-08-14,RX0004522,Paracetamol,3,15,0,0,FAC012,Dispensed
DSP0003302,PHP0002441,Rajesh Patel,9282834093,Manoor,2026-07-29,RX0004524,Amlodipine,30,30,0,0,FAC021,Dispensed
DSP0003303,PHP0002441,Rajesh Patel,9282834093,Manoor,2026-07-26,RX0004524,Metformin,30,30,0,0,FAC021,Dispensed
DSP0003304,PHP0002442,Harika Shekar,9463146417,MANOOR,2026-04-13,RX0004526,Metformin,30,30,0,0,FAC019,Dispensed
DSP0003305,PHP0002443,Srinivas Narsimha,9975172890,Zaheerabad,2026-05-04,RX0004528,Amoxicillin,5,30,0,0,FAC023,Dispensed
DSP0003306,PHP0002444,Suresh Yadav,+91-91736-73901,Velpula,2026-06-11,RX0004529,Paracetamol,3,30,0,0,FAC007,Dispensed
DSP0003307,PHP0002445,Anil Kumar,9676927717,Donur,2026-06-06,RX0004531,Paracetamol,5,15,0,0,FAC008,Dispensed
DSP0003308,PHP0002446,Divya Basha,9762661762,Kallepally,2026-06-02,RX0004533,Paracetamol,3,15,0,0,FAC005,Dispensed
DSP0003309,PHP0002447,Mahes Basha,,Kondamallepall,2026-03-10,RX0004536,Cetirizine,5,30,0,0,FAC012,Dispensed
DSP0003310,PHP0002447,Mahesh Basha,9548265412,Kondamallepally,2026-04-09,RX0004537,Paracetamol,5,15,0,0,FAC012,Dispensed
DSP0003311,PHP0002448,Bhavani Krishna,9265478582,Devarakonda,2026-05-01,RX0004538,Paracetamol,5,15,0,0,FAC010,Dispensed
DSP0003312,PHP0002449,Vinod Das,9929216224,Gangapur,2026-02-10,RX0004539,Amlodipine,30,30,0,0,FAC001,Dispensed
DSP0003313,PHP0002450,Mohan Goud,9002437709,Velpula,2026-04-28,RX0004540,Amoxicillin,5,15,0,0,FAC007,Dispensed
DSP0003314,PHP0002451,Sushma Khan,9278471795,Mogudampally,2026-04-30,RX0004541,Cetirizine,5,15,0,0,FAC024,Dispensed
DSP0003315,PHP0002452,Divya Krishna,9379473715,Nermata,2026-06-17,RX0004542,Amoxicillin,5,15,0,0,FAC014,Dispensed
DSP0003316,PHP0002453,Renuka Goud,9039368550,Nermata,2026-04-28,RX0004543,Amoxicillin,5,15,0,0,FAC014,Dispensed
DSP0003317,PHP0002454,Bhavani Rao,9103400419,Chandur,2026-01-26,RX0004544,Pantoprazole,10,15,0,0,FAC014,Dispensed
DSP0003318,PHP0002455,Arun Yadav,9745568421,Chandur,2026-04-17,RX0004545,Amoxicillin,5,30,0,0,FAC014,Dispensed
DSP0003319,PHP0002456,nil Jangam,9284666014,Manoor,2026-04-28,RX0004547,Amlodipine,30,15,1,0,FAC019,Partially dispensed
DSP0003320,PHP0002457,Mounika Patel,9418181372,Rajapur,2026-01-07,RX0004548,Amoxicillin,5,30,0,0,FAC005,Dispensed
DSP0003321,PHP0002457,Mounika Patel,9418181372,Rajapur,2026-01-06,RX0004548,Paracetamol,3,15,0,0,FAC005,Dispensed
DSP0003322,PHP0002457,Mounika Patel,9418181372,Rajapur,2026-07-17,RX0004550,Amlodipine,30,30,0,0,FAC004,Dispensed
DSP0003323,PHP0002457,Mounika Patel,9418181372,Rajapur,2026-07-18,RX0004550,Paracetamol,3,15,0,0,FAC004,Dispensed
DSP0003324,PHP0002458,Vinod Narsimha,9262573754,Bhanur,2026-01-17,RX0004552,Paracetamol,5,15,0,0,FAC026,Dispensed
DSP0003325,PHP0002459,Raju,,Nomula,2026-03-02,RX0004553,Cetirizine,5,15,0,0,FAC016,Dispensed
DSP0003326,PHP0002460,Mohan Naik,9179302042,Balanagar,2026-02-01,RX0004556,Pantoprazole,10,30,0,0,FAC005,Dispensed
DSP0003327,PHP0002460,Mohan,9179302042,Balanagar,2026-01-29,RX0004556,Paracetamol,3,15,0,0,FAC005,Dispensed
DSP0003328,PHP0002461,Venkatesh Basha,9936890397,Gundlapally,2026-07-18,RX0004558,Amoxicillin,5,15,0,0,FAC012,Dispensed
DSP0003329,PHP0002462,Deepika Begum,9939871007,Rajapur,2026-04-12,RX0004559,Amoxicillin,5,15,0,0,FAC005,Dispensed
DSP0003330,PHP0002463,Kawitha Shekar,9449972569,Kummarikunt,2026-06-12,RX0004560,Amoxicillin,5,30,0,0,FAC014,Dispensed
DSP0003331,PHP0002464,Kavitha Das,,Nomula,2026-05-27,RX0004561,Metformin,30,30,0,0,FAC017,Dispensed
DSP0003332,PHP0002465,Kavitha Chary,9520595351,Kondamallepally,2026-06-28,RX0004566,Metformin,30,30,0,0,FAC012,Dispensed
DSP0003333,PHP0002466,Santosh Naik,9657832894,Velpula,2026-06-29,RX0004567,Metformin,30,15,1,0,FAC007,Partially dispensed
DSP0003334,PHP0002467,Kavitha Mallaiah,9428059364,Polepally,2026-08-11,RX0004569,Pantoprazole,10,15,0,0,FAC001,Dispensed
DSP0003335,PHP0002467,Kavitha Mallaiah,9428059364,POLEPALLY,2026-08-10,RX0004569,Paracetamol,3,15,0,0,FAC001,Dispensed
DSP0003336,PHP0002468,Raghav Naik,9931745669,Velpula,2026-04-12,RX0004571,Metformin,30,0,0,1,FAC008,Not dispensed due to stock
DSP0003337,PHP0002469,Mohan Yadav,9172804404,Rajapur,2026-02-16,RX0004572,Pantoprazole,10,15,0,0,FAC004,Dispensed
DSP0003338,PHP0002470,Jyothi Kumar,9614660556,Nakrekal,2026-06-10,RX0004574,Amoxicillin,5,30,0,0,FAC018,Dispensed
DSP0003339,PHP0002471,Saritha Patel,+91-92133-16470,Kangti,2026-07-10,RX0004579,Amlodipine,30,15,1,0,FAC019,Partially dispensed
DSP0003340,PHP0002472,Rani Goud,9614142741,Manoor,2026-08-10,RX0004580,Amlodipine,30,15,1,0,FAC019,Partially dispensed
DSP0003341,PHP0002473,Praveen Laxman,,Nomula,2026-04-01,RX0004581,Metformin,30,15,1,0,FAC018,Partially dispensed
DSP0003342,PHP0002474,Mounika Khan,9168656389,Narayankhed,2026-03-14,RX0004582,Amlodipine,30,30,0,0,FAC019,Dispensed
DSP0003343,PHP0002474,Mounika Khan,9168656389,Narayankhed,2026-03-11,RX0004582,Metformin,30,30,0,0,FAC019,Dispensed
DSP0003344,PHP0002475,Mounika Khan,9257136007,Manoor,2026-02-07,RX0004584,Paracetamol,5,15,0,0,FAC021,Dispensed
DSP0003345,PHP0002476,Anjali Mudiraj,9138170126,Mangalapally,2026-04-13,RX0004585,Amoxicillin,5,30,0,0,FAC018,Dispensed
DSP0003346,PHP0002477,Mahesh Khan,9378280996,Mangalapally,2026-08-01,RX0004586,Pantoprazole,10,15,0,0,FAC018,Dispensed
DSP0003347,PHP0002477,Mahesh Khan,9378280996,Mangalapally,2026-08-03,RX0004586,Paracetamol,3,15,0,0,FAC018,Dispensed
DSP0003348,PHP0002478,Praveen Shekar,9639206656,Narayankhed,2026-06-22,RX0004589,Amoxicillin,5,30,0,0,FAC019,Dispensed
DSP0003349,PHP0002479,Sreenivas Yadav,+91-96274-43761,Balanagar,2026-07-31,RX0004591,Cetirizine,5,15,0,0,FAC004,Dispensed
DSP0003350,PHP0002480,Srinivas Reddy,9711201431,Kallepally,2026-01-05,RX0004592,Amlodipine,30,15,1,0,FAC005,Partially dispensed
DSP0003351,PHP0002480,Srinivas Reddy,9711201431,Kallepally,2026-01-07,RX0004592,Metformin,30,15,1,0,FAC005,Partially dispensed
DSP0003352,PHP0002481,Kavitha Mallaiah,9888555189,Rajapu,2026-06-20,RX0004594,Amlodipine,30,15,1,0,FAC006,Partially dispensed
DSP0003353,PHP0002482,Harika Chary,9168553854,Peddadinn,2026-04-16,RX0004595,Paracetamol,5,30,0,0,FAC010,Dispensed
DSP0003354,PHP0002483,Raju Reddy,9286107551,Rajapur,2026-06-29,RX0004596,Amlodipine,30,15,1,0,FAC006,Partially dispensed
DSP0003355,PHP0002483,Raju Reddy,9286107551,Rajapur,2026-07-04,RX0004596,Metformin,30,30,0,0,FAC006,Dispensed
DSP0003356,PHP0002484,Anil Kumar,9561352108,Kondamallepally,2026-01-30,RX0004598,Cetirizine,5,30,0,0,FAC010,Dispensed
DSP0003357,PHP0002485,Kvitha Basha,9108210701,Balanagar,2026-07-17,RX0004599,Cetirizine,5,30,0,0,FAC005,Dispensed
DSP0003358,PHP0002486,Jyothi Das,+91-96038-72072,Nomula,2026-06-23,RX0004600,Pantoprazole,10,30,0,0,FAC017,Dispensed
DSP0003359,PHP0002487,Naween Kumar,9044791612,Gundlapally,2026-05-30,RX0004602,Metformin,30,30,0,0,FAC012,Dispensed
DSP0003360,PHP0002488,Lakshmi Kumar,9686847212,Devarakonda,2026-02-20,RX0004603,Amlodipine,30,15,1,0,FAC010,Partially dispensed
DSP0003361,PHP0002489,Deepika Naik,9654013388,Kohir,2026-01-08,RX0004605,Paracetamol,5,15,1,1,FAC022,Partially dispensed
DSP0003362,PHP0002490,Lakshmi Jangam,9132943716,Kummarikunta,2026-03-16,RX0004607,Amlodipine,30,30,0,0,FAC013,Dispensed
DSP0003363,PHP0002491,Vinod Narsimha,9929921253,Manoor,2026-07-13,RX0004610,Paracetamol,5,15,0,0,FAC021,Dispensed
DSP0003364,PHP0002492,Santosh Mallaiah,9292166274,Velpula,2026-01-26,RX0004612,Amlodipine,30,15,1,0,FAC007,Partially dispensed
DSP0003365,PHP0002492,Santosh Mallaiah,,Velpula,2026-01-27,RX0004612,Paracetamol,3,15,0,0,FAC007,Dispensed
DSP0003366,PHP0002493,Srilatha Kumar,+91-94558-69893,Kalher,2026-06-06,RX0004614,Paracetamol,5,15,0,0,FAC021,Dispensed
DSP0003367,PHP0002493,Srilatha Kumar,,Kalher,2026-07-27,RX0004615,Amoxicillin,5,30,0,0,FAC020,Dispensed
DSP0003368,PHP0002493,Srilatha Kumar,,KALHER,2026-07-27,RX0004615,Paracetamol,3,15,0,0,FAC020,Dispensed
DSP0003369,PHP0002494,Renuka Reddy,9973449406,Kallepally,2026-02-18,RX0004617,Cetirizine,5,30,0,0,FAC004,Dispensed
DSP0003370,PHP0002495,Naresh Khan,9345117985,Zaheerabad,2026-04-27,RX0004618,Amlodipine,30,30,0,0,FAC024,Dispensed
DSP0003371,PHP0002496,Bhavani Chary,9973447623,Bodajanampet,2026-08-17,RX0004620,Pantoprazole,10,30,0,0,FAC004,Dispensed
DSP0003372,PHP0002497,Padma Patel,9300990889,Polepalli,2026-06-05,RX0004621,Cetirizine,5,30,0,0,FAC002,Dispensed
DSP0003373,PHP0002497,Padma Patel,9300990889,Polepally,2026-07-28,RX0004623,Paracetamol,5,15,0,0,FAC002,Dispensed
DSP0003374,PHP0002498,Raju Patel,9199322419,Jharasangam,2026-03-14,RX0004624,Metformin,30,0,0,1,FAC024,Not dispensed due to stock
DSP0003375,PHP0002498,Raju Patel,9199322419,Jharasangam,2026-04-27,RX0004626,Amlodipine,30,30,0,0,FAC022,Dispensed
DSP0003376,PHP0002498,Raju Patel,9199322439,Jharasangam,2026-04-27,RX0004626,Metformin,30,15,1,0,FAC022,Partially dispensed
DSP0003377,PHP0002499,Divya Laxman,9432859385,Kallepally,2026-06-19,RX0004630,Paracetamol,5,30,0,0,FAC005,Dispensed
DSP0003378,PHP0002499,Divy Laxman,9432859385,Kallepally,2026-07-23,RX0004631,Pantoprazole,10,30,0,0,FAC004,Dispensed
DSP0003379,PHP0002500,Anitha Naik,9377350008,Jharasangam,2026-04-22,RX0004632,Amoxicillin,5,15,0,0,FAC024,Dispensed
DSP0003380,PHP0002500,Anitha Naik,9377350008,Jharasangam,2026-04-24,RX0004632,Paracetamol,3,15,0,0,FAC024,Dispensed
DSP0003381,PHP0002501,Sai Naik,9581364398,Velpula,2026-07-05,RX0004636,Cetirizine,5,15,0,0,FAC008,Dispensed
DSP0003382,PHP0002501,Sai Naik,9581364398,Velpula,2026-07-08,RX0004636,Paracetamol,3,15,0,0,FAC008,Dispensed
DSP0003383,PHP0002502,Sai Goud,9604965484,JHARASANGAM,2026-08-06,RX0004638,Paracetamol,5,15,0,0,FAC022,Dispensed
DSP0003384,PHP0002503,Renuka,9139502354,Mogudampally,2026-01-23,RX0004639,Cetirizine,5,15,0,0,FAC024,Dispensed
DSP0003385,PHP0002503,Renuka Reddy,9139502354,Mogudampally,2026-01-23,RX0004639,Paracetamol,3,15,0,0,FAC024,Dispensed
DSP0003386,PHP0002503,Renuka Reddy,9139502354,Mogudampally,2026-05-15,RX0004641,Paracetamol,5,15,0,0,FAC024,Dispensed
DSP0003387,PHP0002504,Sai Rao,9717427147,Rajapur,2026-03-17,RX0004642,Cetirizine,5,30,0,0,FAC006,Dispensed
DSP0003388,PHP0002505,Lalitha Krishna,9009003720,Rajapur,2026-05-06,RX0004643,Metformin,30,30,0,0,FAC005,Dispensed
DSP0003389,PHP0002506,Naresh Narsimha,,Gundlapally,2026-03-12,RX0004645,Pantoprazole,10,30,0,0,FAC010,Dispensed
DSP0003390,PHP0002506,Naresh Narsimha,,Gundlapally,2026-05-14,RX0004646,Amoxicillin,5,15,0,0,FAC011,Dispensed
DSP0003391,PHP0002506,Naresh Narsimha,9694693365,Gundlapally,2026-05-12,RX0004646,Paracetamol,3,15,0,0,FAC011,Dispensed
DSP0003392,PHP0002507,Pravin Laxman,9866510603,Midjil,2026-07-06,RX0004650,Cetirizine,5,15,0,0,FAC009,Dispensed
DSP0003393,PHP0002508,Naveen Reddy,9256756193,Kallepally,2026-08-11,RX0004651,Pantoprazole,10,15,0,0,FAC006,Dispensed
DSP0003394,PHP0002509,Rajesh Mallaiah,9402940959,Rajapur,2026-02-19,RX0004652,Pantoprazole,10,30,0,0,FAC005,Dispensed
DSP0003395,PHP0002510,Anitha Naik,9518293686,JHARASANGAM,2026-05-03,RX0004653,Metformin,30,15,1,0,FAC023,Partially dispensed
DSP0003396,PHP0002511,Kiran Yadav,9206689255,Bhanur,2026-02-17,RX0004654,Amoxicillin,5,15,0,0,FAC025,Dispensed
DSP0003397,PHP0002512,Santosh Kumar,9570565587,Donur,2026-06-24,RX0004657,Amoxicillin,5,30,0,0,FAC007,Dispensed
DSP0003398,PHP0002513,Rani Laxman,9723803999,Nomula,2026-02-28,RX0004661,Amlodipine,30,15,1,0,FAC016,Partially dispensed
DSP0003399,PHP0002513,Rani Laxman,+91-97238-03999,Nomula,2026-03-02,RX0004661,Paracetamol,3,30,0,0,FAC016,Dispensed
DSP0003400,PHP0002514,Deepika Basha,+91-96861-80123,Indresha,2026-08-20,RX0004663,Amoxicillin,5,15,0,0,FAC026,Dispensed
DSP0003401,PHP0002515,Arun Mallaiah,,KOHIR,2026-06-19,RX0004664,Paracetamol,3,30,0,0,FAC024,Dispensed
DSP0003402,PHP0002515,Arun Mallaiah,9119127850,Kohir,2026-07-11,RX0004666,Cetirizine,5,30,0,0,FAC022,Dispensed
DSP0003403,PHP0002516,Padma Goud,9409233859,Vemula,2026-07-24,RX0004669,Pantoprazole,10,30,0,0,FAC009,Dispensed
DSP0003404,PHP0002517,Harika Narsimha,9826156756,Kalher,2026-08-15,RX0004671,Pantoprazole,10,30,0,0,FAC021,Dispensed
DSP0003405,PHP0002518,Rajesh Reddy,9911869858,Balanaga,2026-07-08,RX0004672,Amoxicillin,5,15,0,0,FAC006,Dispensed
DSP0003406,PHP0002518,Rajesh Reddy,9911869858,BALANAGAR,2026-08-04,RX0004673,Amoxicillin,5,0,0,1,FAC004,Not dispensed due to stock
DSP0003407,PHP0002519,Suresh Chary,9300144683,Kohir,2026-07-24,RX0004675,Amlodipine,30,0,0,1,FAC023,Not dispensed due to stock
DSP0003408,PHP0002520,Divya Das,9846717024,Nomula,2026-07-30,RX0004679,Amoxicillin,5,30,0,0,FAC018,Dispensed
DSP0003409,PHP0002521,Lalitha Das,9757722405,Kalher,2026-01-27,RX0004681,Paracetamol,5,30,0,0,FAC021,Dispensed
DSP0003410,PHP0002522,Santosh Narsimha,,JHARASANGAM,2026-07-30,RX0004682,Paracetamol,5,15,0,0,FAC023,Dispensed
DSP0003411,PHP0002523,Swathi Laxman,9110706888,Badepally,2026-01-02,RX0004683,Amlodipine,30,30,0,0,FAC001,Dispensed
DSP0003412,PHP0002524,Ravi Mudiraj,9704819828,Balanaga,2026-06-30,RX0004685,Cetirizine,5,15,0,0,FAC005,Dispensed
DSP0003413,PHP0002524,Ravi Mudiraj,9704819828,Balanagar,2026-07-02,RX0004685,Paracetamol,3,15,0,0,FAC005,Dispensed
DSP0003414,PHP0002525,Srinivs Mallaiah,9745190389,Mogudampally,2026-02-06,RX0004687,Amlodipine,30,15,1,0,FAC024,Partially dispensed
DSP0003415,PHP0002525,Srinivas Mallaiah,9745197389,Mogudampally,2026-02-03,RX0004687,Paracetamol,3,15,0,0,FAC024,Dispensed
DSP0003416,PHP0002526,Nirmala Begum,9610503749,Kummarikunta,2026-04-14,RX0004689,Cetirizine,5,30,0,0,FAC014,Dispensed
DSP0003417,PHP0002526,Nirmala Begum,9610503749,Kummarikunta,2026-05-16,RX0004690,Amlodipine,30,15,1,0,FAC015,Partially dispensed
DSP0003418,PHP0002527,Mahesh Kumar,9015310440,Gundlapally,2026-04-08,RX0004691,Amoxicillin,5,15,0,0,FAC010,Dispensed
DSP0003419,PHP0002527,Mahesh Kumar,9015310440,Gundlapally,2026-06-13,RX0004692,Cetirizine,5,0,0,1,FAC011,Not dispensed due to stock
DSP0003420,PHP0002528,Sushma Kumar,9000145139,Rajapur,2026-05-02,RX0004694,Amoxicillin,5,30,0,0,FAC006,Dispensed
DSP0003421,PHP0002529,Arun Rao,9802119130,Kummarikunta,2026-06-04,RX0004696,Amlodipine,30,15,1,0,FAC015,Partially dispensed
DSP0003422,PHP0002529,Arun Rao,9802119130,Kummarikunta,2026-07-22,RX0004698,Metformin,30,30,0,0,FAC014,Dispensed
DSP0003423,PHP0002530,Rghav Rao,,Kohir,2026-08-07,RX0004699,Cetirizine,5,15,0,0,FAC023,Dispensed
DSP0003424,PHP0002531,Mahesh Begum,9891142146,Peddadinne,2026-07-31,RX0004700,Amoxicillin,5,0,0,1,FAC010,Not dispensed due to stock
DSP0003425,PHP0002532,Venkatesh Devi,9228959902,Badepally,2026-07-22,RX0004701,Amlodipine,30,30,0,0,FAC002,Dispensed
DSP0003426,PHP0002533,Naresh Laxman,9604327562,JHARASANGAM,2026-07-28,RX0004702,Paracetamol,5,30,0,0,FAC022,Dispensed
DSP0003427,PHP0002533,Naresh Laxman,+91-96043-27562,Jharasangam,2026-07-27,RX0004702,Paracetamol,3,15,0,0,FAC022,Dispensed
DSP0003428,PHP0002534,Saritha Das,+91-90120-31678,Peddadinne,2026-02-02,RX0004704,Paracetamol,5,15,0,0,FAC011,Dispensed
DSP0003429,PHP0002534,Saritha Das,9012031678,Peddadinne,2026-03-26,RX0004705,Amlodipine,30,30,0,0,FAC010,Dispensed
DSP0003430,PHP0002535,Harika Reddy,9410062059,Marrur,2026-07-17,RX0004707,Pantoprazole,10,15,0,0,FAC016,Dispensed
DSP0003431,PHP0002536,Jyothi Begum,9079298330,Rajapur,2026-07-19,RX0004709,Amoxicillin,5,15,0,0,FAC006,Dispensed
DSP0003432,PHP0002537,Jyothi Krishna,9763322869,Midjil,2026-05-18,RX0004710,Amoxicillin,5,15,0,0,FAC009,Dispensed
DSP0003433,PHP0002538,Vinod Das,+91-99786-37807,Ameenpur,2026-02-16,RX0004711,Pantoprazole,10,15,0,0,FAC027,Dispensed
DSP0003434,PHP0002538,Vinod Das,9978637407,Ameenpur,2026-02-15,RX0004711,Paracetamol,3,30,0,0,FAC027,Dispensed
DSP0003435,PHP0002539,Anjali Laxman,9902504218,Gangapur,2026-02-15,RX0004713,Paracetamol,5,30,0,0,FAC002,Dispensed
DSP0003436,PHP0002540,Padma Yadav,9242860625,Patancheru,2026-02-15,RX0004716,Pantoprazole,10,30,0,0,FAC026,Dispensed
DSP0003437,PHP0002540,Padma Yadav,9242860625,Patancheru,2026-04-24,RX0004717,Pantoprazole,10,30,0,0,FAC026,Dispensed
DSP0003438,PHP0002540,Padma Yadav,+91-92428-60625,Patancheru,2026-04-20,RX0004717,Paracetamol,3,15,0,0,FAC026,Dispensed
DSP0003439,PHP0002541,Praveen Basha,+91-90122-56954,Chandur,2026-07-12,RX0004719,Metformin,30,30,0,0,FAC013,Dispensed
DSP0003440,PHP0002542,Nirmala Chary,9542505843,Nakrekal,2026-01-13,RX0004721,Cetirizine,5,15,1,1,FAC018,Partially dispensed
DSP0003441,PHP0002543,Shobha Reddy,9709794281,Devarakonda,2026-08-19,RX0004722,Paracetamol,3,30,0,0,FAC010,Dispensed
DSP0003442,PHP0002544,Venkatesh Mudiraj,9664945114,Gundlapall,2026-06-05,RX0004725,Amlodipine,30,15,1,0,FAC012,Partially dispensed
DSP0003443,PHP0002545,Bhavani Devi,9443043012,Manoor,2026-04-15,RX0004727,Paracetamol,5,15,0,0,FAC020,Dispensed
DSP0003444,PHP0002546,Anil Naik,9913295664,Donur,2026-04-15,RX0004729,Paracetamol,5,30,0,0,FAC008,Dispensed
DSP0003445,PHP0002546,Anil Naik,9913295664,Donur,2026-05-10,RX0004730,Paracetamol,5,15,0,0,FAC008,Dispensed
DSP0003446,PHP0002546,Anil Naik,9213295664,Donur,2026-07-01,RX0004731,Pantoprazole,10,15,0,0,FAC009,Dispensed
DSP0003447,PHP0002547,nitha Naik,9566092025,Kangti,2026-03-05,RX0004733,Metformin,30,30,0,0,FAC021,Dispensed
DSP0003448,PHP0002548,Swathi Mudiraj,9971275654,Macharam,2026-06-20,RX0004735,Amlodipine,30,15,1,0,FAC003,Partially dispensed
DSP0003449,PHP0002549,Sushma Reddy,+91-98909-43448,Kallepally,2026-03-16,RX0004736,Amlodipine,30,30,0,0,FAC006,Dispensed
DSP0003450,PHP0002549,Sushma Reddy,9890943448,Kallepally,2026-03-19,RX0004736,Metformin,30,30,0,0,FAC006,Dispensed
DSP0003451,PHP0002549,Sushma Reddy,,Kallepally,2026-07-08,RX0004739,Amlodipine,30,30,0,0,FAC004,Dispensed
DSP0003452,PHP0002549,Sushma Reddy,9890943448,Kallepalli,2026-07-11,RX0004739,Metformin,30,30,0,0,FAC004,Dispensed
DSP0003453,PHP0002550,Ravi Basha,9977555027,Narayankhed,2026-08-03,RX0004742,Amoxicillin,5,15,0,0,FAC021,Dispensed
DSP0003454,PHP0002551,Mohan Jangam,9826001972,Mangalapally,2026-05-25,RX0004743,Cetirizine,5,30,0,0,FAC016,Dispensed
DSP0003455,PHP0002552,Shankar Naik,9194003088,Indresham,2026-04-25,RX0004744,Metformin,30,30,0,0,FAC025,Dispensed
DSP0003456,PHP0002553,Kiran Patel,9709012553,Nermata,2026-07-18,RX0004746,Metformin,30,30,0,0,FAC014,Dispensed
DSP0003457,PHP0002554,Harika Narsimha,9160640205,Mangalapally,2026-08-15,RX0004747,Amlodipine,30,15,1,0,FAC016,Partially dispensed
DSP0003458,PHP0002555,Ravee Laxman,9916899305,Bhanur,2026-01-26,RX0004748,Cetirizine,5,15,0,0,FAC026,Dispensed
DSP0003459,PHP0002556,Srilatha Rao,9602716053,Zaheerabad,2026-06-28,RX0004749,Amlodipine,30,15,1,0,FAC023,Partially dispensed
DSP0003460,PHP0002557,Kiran Naik,9140084354,Polepally,2026-01-15,RX0004750,Amlodipine,30,15,1,0,FAC002,Partially dispensed
DSP0003461,PHP0002558,Bhavani Kumar,9650905818,Bhanur,2026-02-01,RX0004752,Metformin,30,15,1,0,FAC027,Partially dispensed
DSP0003462,PHP0002558,Bhavani Kumar,,Bhanur,2026-01-31,RX0004752,Paracetamol,3,30,0,0,FAC027,Dispensed
DSP0003463,PHP0002559,Padma Goud,9722056774,Bangarigadda,2026-08-12,RX0004754,Metformin,30,15,1,0,FAC013,Partially dispensed
DSP0003464,PHP0002560,Shankar Shekar,9183259127,Bangarigadda,2026-07-18,RX0004756,Amoxicillin,5,30,0,0,FAC014,Dispensed
DSP0003465,PHP0002560,Shankar Shekar,,Bangarigadda,2026-07-18,RX0004756,Paracetamol,3,15,0,0,FAC014,Dispensed
DSP0003466,PHP0002561,Padma Mudiraj,9368838922,Peddadinne,2026-02-10,RX0004758,Amlodipine,30,15,1,0,FAC012,Partially dispensed
DSP0003467,PHP0002561,Padma Mudiraj,9368838922,Peddadinne,2026-02-07,RX0004758,Metformin,30,30,0,0,FAC012,Dispensed
DSP0003468,PHP0002562,Rajesh Goud,9964857979,Macharam,2026-02-12,RX0004760,Pantoprazole,10,30,0,0,FAC001,Dispensed
DSP0003469,PHP0002563,Shobha Krishna,9567995926,Vemula,2026-01-11,RX0004762,Pantoprazole,10,30,0,0,FAC007,Dispensed
DSP0003470,PHP0002564,Deepika Devi,9277694510,Velpula,2026-07-06,RX0004763,Pantoprazole,10,15,0,0,FAC009,Dispensed
DSP0003471,PHP0002565,Srilatha,,Velpula,2026-03-24,RX0004764,Pantoprazole,10,30,0,0,FAC009,Dispensed
DSP0003472,PHP0002566,Kavitha Patel,9845049632,Midjil,2026-07-26,RX0004765,Amoxicillin,5,15,0,0,FAC007,Dispensed
DSP0003473,PHP0002567,Anitha Patel,9273009268,Patancheru,2026-07-14,RX0004766,Amoxicillin,5,30,0,0,FAC027,Dispensed
DSP0003474,PHP0002568,Venkatesh Jangam,+91-99899-02684,Chandur,2026-06-16,RX0004770,Paracetamol,5,30,0,0,FAC014,Dispensed
DSP0003475,PHP0002568,Venkatesh Jangam,9989902684,Chandur,2026-06-19,RX0004770,Paracetamol,3,30,0,0,FAC014,Dispensed
DSP0003476,PHP0002569,Saritha Shekar,9202794768,Kummarikunta,2026-08-01,RX0004774,Paracetamol,5,15,0,0,FAC014,Dispensed
DSP0003477,PHP0002570,Jyothi Kumar,9749601452,Vemula,2026-05-17,RX0004775,Cetirizine,5,30,0,0,FAC009,Dispensed
DSP0003478,PHP0002571,Venkatesh Narsimha,9335924259,Vemula,2026-06-20,RX0004776,Metformin,30,30,0,0,FAC009,Dispensed
DSP0003479,PHP0002572,Mounika Basha,+91-96168-53650,Kummarikunta,2026-08-17,RX0004777,Paracetamol,5,30,0,0,FAC013,Dispensed
DSP0003480,PHP0002573,Divya Khan,9139056576,Peddadinne,2026-01-07,RX0004778,Amoxicillin,5,15,0,0,FAC011,Dispensed
DSP0003481,PHP0002573,Divya Khan,9139056576,Peddadinne,2026-01-07,RX0004778,Paracetamol,3,15,0,0,FAC011,Dispensed
DSP0003482,PHP0002574,Bhavani Yadav,9543449364,Kondamallepally,2026-02-03,RX0004780,Cetirizine,5,15,0,0,FAC010,Dispensed
DSP0003483,PHP0002574,Bhawani Yadav,9543449364,Kondamallepally,2026-07-06,RX0004781,Pantoprazole,10,15,0,0,FAC010,Dispensed
DSP0003484,PHP0002575,Srinivas Krishna,+91-93700-47975,Midjil,2026-03-22,RX0004782,Amoxicillin,5,15,0,0,FAC007,Dispensed
DSP0003485,PHP0002576,Mahesh Rao,9385133924,Kondamallepally,2026-01-22,RX0004783,Cetirizine,5,30,0,0,FAC011,Dispensed
DSP0003486,PHP0002577,Deepika Patel,9432421958,Chandur,2026-01-15,RX0004784,Amlodipine,30,30,0,0,FAC014,Dispensed
DSP0003487,PHP0002577,Deepika Patel,9432421958,Chandur,2026-07-28,RX0004785,Metformin,30,15,1,0,FAC013,Partially dispensed
DSP0003488,PHP0002578,Srinivas Kumar,9630323516,Nomula,2026-06-03,RX0004787,Metformin,30,15,1,0,FAC017,Partially dispensed
DSP0003489,PHP0002579,Naresh Mallaiah,9386286923,Nomula,2026-07-27,RX0004788,Pantoprazole,10,30,0,0,FAC016,Dispensed
DSP0003490,PHP0002580,Raju Yadav,9700513065,Kohir,2026-03-30,RX0004789,Pantoprazole,10,15,0,0,FAC023,Dispensed
DSP0003491,PHP0002581,Rajesh Khan,9613569399,Kalhe,2026-03-20,RX0004791,Amlodipine,30,0,0,1,FAC021,Not dispensed due to stock
DSP0003492,PHP0002582,Bhavani Khan,,CHANDUR,2026-04-09,RX0004792,Pantoprazole,10,15,0,0,FAC015,Dispensed
DSP0003493,PHP0002583,Padma Rao,9299063950,Indresham,2026-04-23,RX0004793,Paracetamol,5,15,0,0,FAC025,Dispensed
DSP0003494,PHP0002584,Sushma Shekar,9646952331,Bhanur,2026-03-29,RX0004794,Metformin,30,15,1,0,FAC025,Partially dispensed
DSP0003495,PHP0002584,Sushma Shekar,,Bhanur,2026-03-29,RX0004794,Paracetamol,3,15,0,0,FAC025,Dispensed
DSP0003496,PHP0002585,Raghav Naik,9976487686,Jharasangam,2026-01-07,RX0004797,Amlodipine,30,15,1,0,FAC022,Partially dispensed
DSP0003497,PHP0002585,Raghav Naeek,9976487286,Jharasangam,2026-01-09,RX0004797,Metformin,30,15,1,0,FAC022,Partially dispensed
DSP0003498,PHP0002586,Saritha Jangam,9288593055,Bangarigadda,2026-03-10,RX0004799,Paracetamol,5,30,0,0,FAC015,Dispensed
DSP0003499,PHP0002587,Naresh Dewi,9221477164,Rajapur,2026-06-02,RX0004801,Amlodipine,30,15,1,0,FAC005,Partially dispensed
DSP0003500,PHP0002588,Venkatesh Begum,9412953620,Kummarikunta,2026-07-09,RX0004803,Amoxicillin,5,30,0,0,FAC013,Dispensed
DSP0003501,PHP0002589,Shobha Mallaiah,9880942383,Kallepally,2026-07-11,RX0004805,Cetirizine,5,30,0,0,FAC006,Dispensed
DSP0003502,PHP0002590,Lakshmi Patel,9342780062,Bangarigadda,2026-04-16,RX0004807,Metformin,30,15,1,0,FAC013,Partially dispensed
DSP0003503,PHP0002591,Mohan Kumar,,Midjil,2026-06-06,RX0004809,Paracetamol,5,30,0,0,FAC008,Dispensed
DSP0003504,PHP0002592,Mounika Shekar,9637708889,Midjil,2026-06-22,RX0004811,Paracetamol,5,15,0,0,FAC008,Dispensed
DSP0003505,PHP0002593,Srilatha Dewi,9357379580,Zaheerabad,2026-08-01,RX0004813,Amlodipine,30,30,0,0,FAC022,Dispensed
DSP0003506,PHP0002593,Srilatha Dewi,9357379580,Zaheerabad,2026-08-13,RX0004814,Amlodipine,30,30,0,0,FAC022,Dispensed
DSP0003507,PHP0002594,Sai Narsimha,9790434140,Zaheerabad,2026-07-31,RX0004815,Paracetamol,3,30,0,0,FAC023,Dispensed
DSP0003508,PHP0002595,Anjali Jangam,9725364744,Patancheru,2026-05-21,RX0004818,Pantoprazole,10,30,0,0,FAC027,Dispensed
DSP0003509,PHP0002596,Raghav Shekar,9985643570,Indresham,2026-05-15,RX0004820,Amoxicillin,5,30,0,0,FAC026,Dispensed
DSP0003510,PHP0002597,Padma Kumar,9722846181,KANGTI,2026-03-21,RX0004821,Amlodipine,30,15,1,0,FAC019,Partially dispensed
DSP0003511,PHP0002598,Arun Devi,9847555571,Bhanur,2026-06-06,RX0004822,Amlodipine,30,15,1,0,FAC027,Partially dispensed
DSP0003512,PHP0002599,Anil Yadav,9852702916,Peddadinne,2026-06-28,RX0004823,Amlodipine,30,30,0,0,FAC011,Dispensed
DSP0003513,PHP0002600,Sushma,9810812751,JHARASANGAM,2026-03-01,RX0004825,Pantoprazole,10,30,0,0,FAC022,Dispensed
DSP0003514,PHP0002601,Kiran Naik,9694814414,Kangti,2026-03-09,RX0004826,Amoxicillin,5,30,0,0,FAC021,Dispensed
DSP0003515,PHP0002602,Vinod Chary,+91-99475-32649,Kummarikunta,2026-06-10,RX0004828,Cetirizine,5,15,0,0,FAC013,Dispensed
DSP0003516,PHP0002603,Kiran Goud,+91-99293-56322,Marrur,2026-05-24,RX0004829,Paracetamol,5,30,0,0,FAC018,Dispensed
DSP0003517,PHP0002603,Kiran Goud,9929356322,Marrur,2026-05-19,RX0004829,Paracetamol,3,30,0,0,FAC018,Dispensed
DSP0003518,PHP0002604,Naresh Laxman,9865087448,Nomula,2026-07-06,RX0004831,Paracetamol,5,15,0,0,FAC018,Dispensed
DSP0003519,PHP0002605,Srilatha Goud,9722744459,Badepally,2026-03-18,RX0004832,Paracetamol,5,15,0,0,FAC001,Dispensed
DSP0003520,PHP0002606,Nirmala Basha,9708258818,Rajapur,2026-02-18,RX0004833,Cetirizine,5,15,0,0,FAC004,Dispensed
DSP0003521,PHP0002607,Sareetha Khan,9095260879,Donur,2026-02-25,RX0004834,Pantoprazole,10,15,0,0,FAC008,Dispensed
DSP0003522,PHP0002607,Saritha Khan,+91-90952-60879,Donur,2026-02-26,RX0004834,Paracetamol,3,30,0,0,FAC008,Dispensed
DSP0003523,PHP0002608,Saritha Chary,,Manoor,2026-01-03,RX0004836,Cetirizine,5,30,0,0,FAC019,Dispensed
DSP0003524,PHP0002609,Mahesh Naik,9933691794,Kohir,2026-08-17,RX0004837,Metformin,30,30,0,0,FAC023,Dispensed
DSP0003525,PHP0002610,Raju Krishna,+91-93718-12728,Vemula,2026-02-27,RX0004839,Amoxicillin,5,15,0,0,FAC007,Dispensed
DSP0003526,PHP0002611,Ravi Goud,9205934366,MANGALAPALLY,2026-01-25,RX0004840,Amoxicillin,5,15,0,0,FAC017,Dispensed
DSP0003527,PHP0002612,Harika Mallaiah,9783576576,Marrur,2026-07-10,RX0004841,Cetirizine,5,30,0,0,FAC016,Dispensed
DSP0003528,PHP0002613,Deepika Yadaw,9833938900,Velpula,2026-04-16,RX0004843,Cetirizine,5,15,0,0,FAC008,Dispensed
DSP0003529,PHP0002613,Deepika Yadav,9833938900,Velpula,2026-04-13,RX0004843,Paracetamol,3,15,0,0,FAC008,Dispensed
DSP0003530,PHP0002614,Divya Shekar,9067137295,Ameenpu,2026-01-16,RX0004845,Amoxicillin,5,30,0,0,FAC027,Dispensed
DSP0003531,PHP0002614,Divya Shekar,9067137295,Ameenpur,2026-01-14,RX0004845,Paracetamol,3,15,0,0,FAC027,Dispensed
DSP0003532,PHP0002614,Divya Shekar,9067137295,Ameenpur,2026-06-06,RX0004847,Amlodipine,30,15,1,0,FAC027,Partially dispensed
DSP0003533,PHP0002615,Rajesh Mudiraj,9884500154,Indresham,2026-04-24,RX0004849,Metformin,30,30,0,0,FAC027,Dispensed
DSP0003534,PHP0002615,Rajesh Mudiraj,9884500154,Indresham,2026-04-26,RX0004849,Paracetamol,3,15,0,0,FAC027,Dispensed
DSP0003535,PHP0002616,Srinivas Yadav,9926641307,Ameenpur,2026-08-11,RX0004851,Paracetamol,5,15,0,0,FAC027,Dispensed
DSP0003536,PHP0002617,Mohan Yadav,9366889760,Zaheerabad,2026-08-05,RX0004853,Pantoprazole,10,15,0,0,FAC024,Dispensed
DSP0003537,PHP0002618,Ravi Jangam,9808389420,Chandur,2026-04-21,RX0004854,Amoxicillin,5,30,0,0,FAC013,Dispensed
DSP0003538,PHP0002619,Lalitha Chary,9410120185,Velpula,2026-08-14,RX0004855,Cetirizine,5,30,0,0,FAC009,Dispensed
DSP0003539,PHP0002620,Saritha Devi,9355593356,GUNDLAPALLY,2026-03-07,RX0004856,Amoxicillin,5,15,0,0,FAC011,Dispensed
DSP0003540,PHP0002621,Bhavani,9803239259,Rajapur,2026-07-02,RX0004857,Pantoprazole,10,15,0,0,FAC005,Dispensed
DSP0003541,PHP0002622,Nares Goud,9736225141,Chandur,2026-08-18,RX0004858,Cetirizine,5,30,0,0,FAC015,Dispensed
DSP0003542,PHP0002623,Renuka Shekar,,Macharam,2026-07-04,RX0004859,Amlodipine,30,30,0,0,FAC003,Dispensed
DSP0003543,PHP0002623,Renuka Shekar,9264644288,Macharam,2026-08-14,RX0004860,Amoxicillin,5,15,0,0,FAC003,Dispensed
DSP0003544,PHP0002624,Anjali Begum,9918614296,MANGALAPALLY,2026-08-06,RX0004861,Paracetamol,5,15,0,0,FAC017,Dispensed
DSP0003545,PHP0002625,Venkatesh,9473261429,Mangalapally,2026-02-07,RX0004862,Paracetamol,5,30,0,0,FAC017,Dispensed
DSP0003546,PHP0002626,Sushma Reddy,9509168266,Rajapur,2026-08-14,RX0004863,Paracetamol,5,30,0,0,FAC006,Dispensed
DSP0003547,PHP0002627,Srilatha Mallaiah,9574210969,Bangarigadda,2026-06-02,RX0004865,Amlodipine,30,30,0,0,FAC014,Dispensed
DSP0003548,PHP0002627,Srilatha Mallaiah,9574210969,Bangarigadda,2026-05-31,RX0004865,Metformin,30,15,1,0,FAC014,Partially dispensed
DSP0003549,PHP0002628,Divya Jangam,9766289737,Zaheerabad,2026-02-24,RX0004868,Amoxicillin,5,30,0,0,FAC024,Dispensed
DSP0003550,PHP0002628,Divya,9766289737,Zaheerabad,2026-03-24,RX0004869,Pantoprazole,10,15,0,0,FAC023,Dispensed
DSP0003551,PHP0002629,Saritha Chary,9567368101,Mangalapally,2026-05-07,RX0004870,Amoxicillin,5,30,0,0,FAC016,Dispensed
DSP0003552,PHP0002629,Saritha Chary,9567368101,Mangalapally,2026-05-07,RX0004870,Paracetamol,3,15,0,0,FAC016,Dispensed
DSP0003553,PHP0002630,Bhavani Devi,9822195754,Midjil,2026-01-11,RX0004873,Amoxicillin,5,15,0,0,FAC008,Dispensed
DSP0003554,PHP0002631,Lakshmi Reddy,,Devarakonda,2026-04-07,RX0004876,Amlodipine,30,15,1,0,FAC012,Partially dispensed
DSP0003555,PHP0002632,Rani Naik,9314360614,MANOOR,2026-07-28,RX0004877,Paracetamol,5,15,0,0,FAC021,Dispensed
DSP0003556,PHP0002633,Harika Patel,9169523660,Nermata,2026-05-23,RX0004878,Pantoprazole,10,30,0,0,FAC013,Dispensed
DSP0003557,PHP0002634,Kvitha Mallaiah,9750184249,INDRESHAM,2026-06-22,RX0004882,Amoxicillin,5,15,1,1,FAC025,Partially dispensed
DSP0003558,PHP0002635,Bhavani,9388264281,Velpula,2026-02-23,RX0004883,Amlodipine,30,30,0,0,FAC009,Dispensed
DSP0003559,PHP0002636,Deepika,9656201031,Rajapur,2026-05-25,RX0004884,Amlodipine,30,30,0,0,FAC004,Dispensed
DSP0003560,PHP0002637,Padma Patel,9322550124,Manoor,2026-05-25,RX0004886,Cetirizine,5,15,0,0,FAC021,Dispensed
DSP0003561,PHP0002637,Padma Patel,9322550124,Manoor,2026-05-26,RX0004886,Paracetamol,3,15,0,0,FAC021,Dispensed
DSP0003562,PHP0002638,Praveen Rao,9365883330,Bodajanampet,2026-01-03,RX0004888,Cetirizine,5,15,0,0,FAC006,Dispensed
DSP0003563,PHP0002639,Santosh Laxman,9998893359,Mogudampally,2026-03-29,RX0004889,Paracetamol,5,30,0,0,FAC024,Dispensed
DSP0003564,PHP0002640,Santosh Mudiraj,9915405993,Peddadinne,2026-04-18,RX0004890,Amlodipine,30,30,0,0,FAC010,Dispensed
DSP0003565,PHP0002641,Mounika Naik,9731499115,Patancheru,2026-02-13,RX0004893,Amlodipine,30,30,0,0,FAC026,Dispensed
DSP0003566,PHP0002641,Mounika Naik,9731499115,Patancheru,2026-02-15,RX0004893,Metformin,30,30,0,0,FAC026,Dispensed
DSP0003567,PHP0002642,Bhavani Laxman,+91-98059-56460,Mogudampally,2026-01-23,RX0004895,Amlodipine,30,15,1,0,FAC023,Partially dispensed
DSP0003568,PHP0002642,Bhavani Laxman,9805956460,Mogudampally,2026-01-25,RX0004895,Metformin,30,15,1,0,FAC023,Partially dispensed
DSP0003569,PHP0002642,Bhavani Laxman,,Mogudampalli,2026-01-28,RX0004895,Paracetamol,3,30,0,0,FAC023,Dispensed
DSP0003570,PHP0002643,Shobha Khan,9343728476,Kangti,2026-06-20,RX0004904,Pantoprazole,10,30,0,0,FAC021,Dispensed
DSP0003571,PHP0002644,Lalitha Krishna,9803794543,Vemula,2026-07-16,RX0004907,Paracetamol,5,30,0,0,FAC009,Dispensed
DSP0003572,PHP0002645,Vinod Laxman,+91-98190-08976,Peddadinne,2026-08-08,RX0004908,Amoxicillin,5,30,0,0,FAC012,Dispensed
DSP0003573,PHP0002646,Arun Yadav,9316073034,Mogudampally,2026-03-23,RX0004909,Amlodipine,30,30,0,0,FAC023,Dispensed
DSP0003574,PHP0002647,Santosh Rao,9926002438,Indresham,2026-06-17,RX0004910,Pantoprazole,10,15,0,0,FAC027,Dispensed
DSP0003575,PHP0002648,Anitha Yadav,9776328910,Macharam,2026-08-03,RX0004911,Metformin,30,30,0,0,FAC003,Dispensed
DSP0003576,PHP0002649,Santosh Laxman,9371576982,Kummarikunta,2026-08-09,RX0004913,Pantoprazole,10,30,0,0,FAC015,Dispensed
DSP0003577,PHP0002650,Srilatha Yadav,+91-92540-89288,Chandur,2026-07-27,RX0004914,Paracetamol,5,15,0,0,FAC014,Dispensed
DSP0003578,PHP0002650,Srilatha Yadaw,9254089288,Chandur,2026-07-27,RX0004914,Paracetamol,3,15,0,0,FAC014,Dispensed
DSP0003579,PHP0002651,Padma Krishna,9126487599,Nermata,2026-04-17,RX0004916,Paracetamol,5,15,0,0,FAC014,Dispensed
DSP0003580,PHP0002652,Kavitha Krishna,9262080910,Kallepally,2026-08-06,RX0004917,Metformin,30,30,0,0,FAC006,Dispensed
DSP0003581,PHP0002653,Raju Kumar,9338028564,Nomula,2026-04-13,RX0004918,Amlodipine,30,15,1,0,FAC018,Partially dispensed
DSP0003582,PHP0002653,Raju Kumar,9338028564,Nomul,2026-04-10,RX0004918,Paracetamol,3,30,0,0,FAC018,Dispensed
DSP0003583,PHP0002654,Ramesh Reddy,9233040653,Indresham,2026-06-06,RX0004920,Amoxicillin,5,30,0,0,FAC027,Dispensed
DSP0003584,PHP0002655,Saritha Goud,,Kohir,2026-04-16,RX0004921,Amlodipine,30,30,0,0,FAC024,Dispensed
DSP0003585,PHP0002656,Rani Das,9298649644,Jharasangam,2026-05-10,RX0004923,Amlodipine,30,30,0,0,FAC024,Dispensed
DSP0003586,PHP0002656,Rani,9298649644,JHARASANGAM,2026-05-12,RX0004923,Metformin,30,30,0,0,FAC024,Dispensed
DSP0003587,PHP0002657,Rmesh Naik,9191715191,Donur,2026-05-25,RX0004925,Pantoprazole,10,30,0,0,FAC008,Dispensed
DSP0003588,PHP0002657,Ramesh Naik,9191715191,Donur,2026-05-22,RX0004925,Paracetamol,3,15,0,0,FAC008,Dispensed
DSP0003589,PHP0002658,Saritha Krishna,9645126463,Zaheerabad,2026-05-09,RX0004927,Amoxicillin,5,30,0,0,FAC023,Dispensed
DSP0003590,PHP0002658,Saritha Krishna,9645126463,Zaheerabad,2026-07-01,RX0004929,Paracetamol,5,30,0,0,FAC023,Dispensed
DSP0003591,PHP0002659,Srilatha Naik,9640951275,Manoor,2026-08-03,RX0004930,Amlodipine,30,30,1,1,FAC021,Partially dispensed
DSP0003592,PHP0002660,Suresh Naik,,Narayankhed,2026-07-27,RX0004932,Pantoprazole,10,30,0,0,FAC020,Dispensed
DSP0003593,PHP0002661,Bhavani Naik,9579175050,Bodajanampet,2026-07-18,RX0004933,Amoxicillin,5,15,0,0,FAC004,Dispensed
DSP0003594,PHP0002661,Bhavani Naik,9529175050,Bodajanampet,2026-07-18,RX0004933,Paracetamol,3,15,0,0,FAC004,Dispensed
DSP0003595,PHP0002662,Padma Jangam,9548718216,Bodajanampet,2026-04-17,RX0004935,Paracetamol,5,15,0,0,FAC004,Dispensed
DSP0003596,PHP0002662,Padma Jangam,9548718216,Bodajanampet,2026-06-18,RX0004936,Amoxicillin,5,30,0,0,FAC004,Dispensed
DSP0003597,PHP0002663,Vinod Begum,9565083561,Kohir,2026-04-25,RX0004937,Cetirizine,5,15,0,0,FAC024,Dispensed
DSP0003598,PHP0002664,Renuka Narsimha,9898761728,Narayankhed,2026-06-23,RX0004939,Amoxicillin,5,30,0,0,FAC020,Dispensed
DSP0003599,PHP0002665,Anjali Reddy,9932526394,Peddadinn,2026-04-14,RX0004940,Amlodipine,30,15,1,0,FAC012,Partially dispensed
DSP0003600,PHP0002665,Anjali Reddy,9932526394,Peddadinne,2026-06-02,RX0004941,Pantoprazole,10,30,0,0,FAC010,Dispensed
DSP0003601,PHP0002666,Ramesh Chary,9763733174,Polepally,2026-06-10,RX0004942,Amlodipine,30,15,1,0,FAC002,Partially dispensed
DSP0003602,PHP0002666,Ramesh Chary,9763733174,Polepally,2026-06-11,RX0004942,Metformin,30,15,1,0,FAC002,Partially dispensed
DSP0003603,PHP0002667,Padma Das,9037814593,Nomula,2026-06-10,RX0004944,Paracetamol,5,15,0,0,FAC018,Dispensed
DSP0003604,PHP0002668,Harika Naik,+91-94630-34721,Gundlapall,2026-02-01,RX0004945,Amlodipine,30,15,1,0,FAC011,Partially dispensed
DSP0003605,PHP0002668,Harika Naik,9463034721,GUNDLAPALLY,2026-06-05,RX0004946,Amlodipine,30,0,0,1,FAC010,Not dispensed due to stock
DSP0003606,PHP0002669,Lakshmi Jangam,9360806159,Kohir,2026-01-31,RX0004947,Amoxicillin,5,15,0,0,FAC024,Dispensed
DSP0003607,PHP0002670,Nirmala Begum,9767063347,Vemula,2026-02-19,RX0004948,Amlodipine,30,30,0,0,FAC008,Dispensed
DSP0003608,PHP0002671,Bhavani Mudiraj,9891286726,Chandur,2026-07-05,RX0004949,Metformin,30,30,0,0,FAC014,Dispensed
DSP0003609,PHP0002672,Ravi Das,,Gundlapall,2026-04-02,RX0004950,Amoxicillin,5,15,0,0,FAC011,Dispensed
DSP0003610,PHP0002673,Harika Goud,+91-96039-38999,KALLEPALLY,2026-08-01,RX0004951,Pantoprazole,10,15,0,0,FAC006,Dispensed
DSP0003611,PHP0002674,Srinivas Chary,+91-92853-17717,Nermata,2026-04-28,RX0004955,Amlodipine,30,15,1,0,FAC015,Partially dispensed
DSP0003612,PHP0002675,Rani Patel,,Zaheerabad,2026-02-13,RX0004957,Paracetamol,5,15,0,0,FAC024,Dispensed
DSP0003613,PHP0002675,Rani Patel,9106904063,Zaheerabad,2026-03-07,RX0004958,Amlodipine,30,15,1,0,FAC023,Partially dispensed
DSP0003614,PHP0002675,Rani Patel,9106904083,Zaheerabad,2026-03-05,RX0004958,Paracetamol,3,30,0,0,FAC023,Dispensed
DSP0003615,PHP0002676,Divya Jangam,9370637569,Macharam,2026-04-15,RX0004960,Metformin,30,15,1,0,FAC003,Partially dispensed
DSP0003616,PHP0002676,Divya Jangam,9370637569,MACHARAM,2026-04-18,RX0004960,Paracetamol,3,30,0,0,FAC003,Dispensed
DSP0003617,PHP0002677,Srinivas Naik,9847920875,Polepally,2026-01-12,RX0004962,Amoxicillin,5,30,0,0,FAC002,Dispensed
DSP0003618,PHP0002678,Deepika Narsimha,9993692692,Polepally,2026-07-14,RX0004964,Amlodipine,30,15,1,0,FAC002,Partially dispensed
DSP0003619,PHP0002678,Deepika Narsimha,9993692692,Polepally,2026-08-04,RX0004965,Amlodipine,30,30,0,0,FAC002,Dispensed
DSP0003620,PHP0002679,Mahesh Naik,9717220141,Balanagar,2026-03-26,RX0004966,Paracetamol,5,15,0,0,FAC006,Dispensed
DSP0003621,PHP0002679,Mahesh Naik,9717220141,Balanagar,2026-04-30,RX0004967,Cetirizine,5,15,0,0,FAC005,Dispensed
DSP0003622,PHP0002680,Lalitha Krishna,9333913589,Patancheru,2026-06-24,RX0004968,Amlodipine,30,30,0,0,FAC027,Dispensed
DSP0003623,PHP0002681,Divya Jangam,9921322270,Patancher,2026-07-01,RX0004970,Amoxicillin,5,30,1,1,FAC025,Partially dispensed
DSP0003624,PHP0002681,Divya Jangam,9981322270,Patancheru,2026-07-01,RX0004970,Paracetamol,3,30,0,0,FAC025,Dispensed
DSP0003625,PHP0002682,Jyothi Shekar,,Nakrekal,2026-06-24,RX0004973,Pantoprazole,10,15,0,0,FAC017,Dispensed
DSP0003626,PHP0002683,Mahesh Basha,9174569923,Gangapur,2026-04-21,RX0004975,Cetirizine,5,30,0,0,FAC003,Dispensed
DSP0003627,PHP0002684,Harika Laxman,,Polepally,2026-04-06,RX0004976,Cetirizine,5,15,0,0,FAC002,Dispensed
DSP0003628,PHP0002685,Harika Basha,9856892290,Rajapur,2026-07-21,RX0004977,Amlodipine,30,30,0,0,FAC005,Dispensed
DSP0003629,PHP0002685,Harika Basha,9856892290,Rajapur,2026-07-24,RX0004977,Metformin,30,30,0,0,FAC005,Dispensed
DSP0003630,PHP0002685,Harika Basha,9856892290,Rajapur,2026-07-26,RX0004977,Paracetamol,3,30,0,0,FAC005,Dispensed
DSP0003631,PHP0002686,Anjali Chary,9712962479,Peddadinne,2026-01-31,RX0004980,Paracetamol,5,30,0,0,FAC011,Dispensed
DSP0003632,PHP0002687,Kavitha Shekar,9335512882,Nermata,2026-08-15,RX0004981,Pantoprazole,10,30,0,0,FAC015,Dispensed
DSP0003633,PHP0002688,Jyothi Basha,9974749673,Devarakonda,2026-05-20,RX0004982,Pantoprazole,10,15,0,0,FAC010,Dispensed
DSP0003634,PHP0002689,Saritha Patel,+91-93249-10540,Zaheerabad,2026-03-05,RX0004983,Amoxicillin,5,15,0,0,FAC022,Dispensed
DSP0003635,PHP0002690,Shankar,9031886662,Polepally,2026-05-26,RX0004984,Metformin,30,30,0,0,FAC002,Dispensed
DSP0003636,PHP0002690,Shankar Narsimha,9031886662,Polepally,2026-05-28,RX0004984,Paracetamol,3,30,0,0,FAC002,Dispensed
DSP0003637,PHP0002691,Santosh Kumar,9015910269,Peddadinne,2026-06-29,RX0004986,Cetirizine,5,0,0,1,FAC011,Not dispensed due to stock
DSP0003638,PHP0002691,Santosh Kumar,9015910269,Peddadinne,2026-08-06,RX0004987,Pantoprazole,10,15,0,0,FAC010,Dispensed
DSP0003639,PHP0002692,Arun Reddy,9347085964,Donur,2026-08-06,RX0004988,Amlodipine,30,15,1,0,FAC008,Partially dispensed
DSP0003640,PHP0002693,Srinivas Laxman,9508904041,Velpula,2026-07-04,RX0004989,Amlodipine,30,30,0,0,FAC009,Dispensed
DSP0003641,PHP0002693,Sreenivas Laxman,,Velpula,2026-07-05,RX0004989,Metformin,30,30,0,0,FAC009,Dispensed
DSP0003642,PHP0002694,Kavitha Shekar,9638883925,Kummarikunta,2026-03-11,RX0004991,Paracetamol,5,30,0,0,FAC014,Dispensed
DSP0003643,PHP0002695,Mounika Shekar,9535266596,Badepalli,2026-01-05,RX0004992,Cetirizine,5,15,0,0,FAC003,Dispensed
DSP0003644,PHP0002695,Mounika Shekar,9535263596,Badepally,2026-01-05,RX0004992,Paracetamol,3,30,0,0,FAC003,Dispensed
DSP0003645,PHP0002696,Mohan Reddy,9244658253,GUNDLAPALLY,2026-05-20,RX0004994,Amoxicillin,5,30,0,0,FAC011,Dispensed
DSP0003646,PHP0002697,Sushma Rao,9042709864,Bhanur,2026-01-08,RX0004995,Amoxicillin,5,15,0,0,FAC027,Dispensed
DSP0003647,PHP0002697,Sushm Rao,9042709864,Bhanur,2026-02-20,RX0004996,Cetirizine,5,30,0,0,FAC025,Dispensed
DSP0003648,PHP0002698,Santosh Naik,9942734528,Balanagar,2026-02-04,RX0004997,Amoxicillin,5,15,0,0,FAC005,Dispensed
DSP0003649,PHP0002699,Kavitha Mudiraj,9755392834,Zaheerabad,2026-05-26,RX0004998,Paracetamol,5,15,0,0,FAC024,Dispensed
DSP0003650,PHP0002699,Kavitha Mudiraj,9755392834,ZAHEERABAD,2026-06-28,RX0004999,Cetirizine,5,30,0,0,FAC023,Dispensed
DSP0003651,PHP0002700,Kiran Laxman,9198161605,Kondamallepally,2026-06-24,RX0005001,Amoxicillin,5,30,0,0,FAC011,Dispensed
DSP0003652,PHP0002701,Mahesh Devi,9296198546,Ameenpur,2026-06-10,RX0005004,Cetirizine,5,30,0,0,FAC026,Dispensed
DSP0003653,PHP0002702,Deepika Jangam,,Nakrekal,2026-08-07,RX0005005,Pantoprazole,10,15,0,0,FAC018,Dispensed
DSP0003654,PHP0002703,Vinod Das,+91-98279-57775,Kalher,2026-03-04,RX0005006,Cetirizine,5,30,0,0,FAC021,Dispensed
DSP0003655,PHP0002704,Harika Mudiraj,9519189681,Nomula,2026-04-06,RX0005008,Amoxicillin,5,30,0,0,FAC018,Dispensed
DSP0003656,PHP0002705,Praveen Naik,9897612552,MARRUR,2026-04-27,RX0005010,Paracetamol,5,15,0,0,FAC018,Dispensed
DSP0003657,PHP0002706,wenkatesh Rao,9510198973,Kohir,2026-03-18,RX0005011,Cetirizine,5,15,0,0,FAC023,Dispensed
DSP0003658,PHP0002707,Santosh Rao,9073854472,Mogudampally,2026-08-04,RX0005012,Cetirizine,5,30,0,0,FAC024,Dispensed
DSP0003659,PHP0002708,Shankar Reddy,9217065755,Devarakonda,2026-08-16,RX0005014,Paracetamol,5,30,0,0,FAC012,Dispensed
DSP0003660,PHP0002709,Raju Yadav,9863407122,Patancheru,2026-08-03,RX0005015,Cetirizine,5,30,0,0,FAC026,Dispensed
DSP0003661,PHP0002710,Saritha Khan,9989000420,Marrur,2026-03-09,RX0005017,Paracetamol,5,30,0,0,FAC018,Dispensed
DSP0003662,PHP0002711,Sai Patel,+91-98748-64358,Mogudampally,2026-05-15,RX0005018,Amoxicillin,5,15,0,0,FAC023,Dispensed
DSP0003663,PHP0002712,Saritha sekar,9348076844,Bodajanampet,2026-08-13,RX0005019,Amlodipine,30,15,1,0,FAC004,Partially dispensed
DSP0003664,PHP0002713,Rani Mudiraj,9119855267,Polepally,2026-06-26,RX0005021,Amlodipine,30,30,0,0,FAC002,Dispensed
DSP0003665,PHP0002714,Suresh Das,,Marrur,2026-06-05,RX0005023,Amlodipine,30,0,0,1,FAC018,Not dispensed due to stock
DSP0003666,PHP0002714,Suresh Das,9893627488,Marrur,2026-06-06,RX0005023,Paracetamol,3,15,0,0,FAC018,Dispensed
DSP0003667,PHP0002715,Vinod Chary,9369614662,Polepally,2026-08-17,RX0005026,Paracetamol,3,30,0,0,FAC001,Dispensed
DSP0003668,PHP0002716,Ravi Khan,9881223568,Patancheru,2026-04-11,RX0005029,Paracetamol,3,15,0,0,FAC027,Dispensed
DSP0003669,PHP0002717,Lalita Krishna,9009315373,Chandur,2026-01-14,RX0005031,Cetirizine,5,15,0,0,FAC014,Dispensed
DSP0003670,PHP0002718,Shankar Kumar,9520917054,VEMULA,2026-05-21,RX0005032,Pantoprazole,10,30,0,0,FAC007,Dispensed
DSP0003671,PHP0002718,Shankar Kumar,+91-95209-17054,Vemula,2026-05-19,RX0005032,Paracetamol,3,15,0,0,FAC007,Dispensed
DSP0003672,PHP0002719,Divya Mallaiah,9782334171,Gangapur,2026-04-08,RX0005034,Cetirizine,5,30,0,0,FAC003,Dispensed
DSP0003673,PHP0002720,Mounika Reddy,9646870332,Gundlapally,2026-04-05,RX0005037,Paracetamol,5,30,0,0,FAC011,Dispensed
DSP0003674,PHP0002720,Mounika Reddy,9646870332,Gundlapally,2026-04-03,RX0005037,Paracetamol,3,30,0,0,FAC011,Dispensed
DSP0003675,PHP0002720,Mounika Reddy,9646870332,Gundlapally,2026-05-19,RX0005039,Paracetamol,5,30,0,0,FAC011,Dispensed
DSP0003676,PHP0002721,Anitha Shekar,9232230248,Vemula,2026-06-13,RX0005040,Pantoprazole,10,30,0,0,FAC007,Dispensed
DSP0003677,PHP0002721,Anitha Shekar,9232230248,Vemula,2026-06-15,RX0005040,Paracetamol,3,30,0,0,FAC007,Dispensed
DSP0003678,PHP0002722,Sai Chary,9199157442,Bhanur,2026-08-04,RX0005042,Amoxicillin,5,15,0,0,FAC026,Dispensed
DSP0003679,PHP0002723,Srilatha Reddy,9547701797,Gundlapally,2026-01-13,RX0005043,Amlodipine,30,30,0,0,FAC010,Dispensed
DSP0003680,PHP0002724,Naveen Laxman,9825130292,Kondamallepalli,2026-02-27,RX0005044,Amlodipine,30,15,1,0,FAC012,Partially dispensed
DSP0003681,PHP0002724,Naween Laxman,9825130292,Kondamallepally,2026-08-06,RX0005045,Metformin,30,15,1,0,FAC010,Partially dispensed
DSP0003682,PHP0002725,Ramesh Krishna,9498321660,Bhanur,2026-08-08,RX0005047,Cetirizine,5,15,0,0,FAC027,Dispensed
DSP0003683,PHP0002726,Kavitha Khan,9978489165,Peddadinne,2026-02-05,RX0005048,Metformin,30,15,1,0,FAC011,Partially dispensed
DSP0003684,PHP0002727,Lalitha Begum,9839160591,Ameenpur,2026-03-20,RX0005049,Metformin,30,15,1,0,FAC025,Partially dispensed
DSP0003685,PHP0002728,Divya Goud,9005497585,Polepally,2026-06-21,RX0005051,Pantoprazole,10,15,0,0,FAC003,Dispensed
DSP0003686,PHP0002728,Divya Goud,9005497585,Polepally,2026-08-04,RX0005053,Paracetamol,5,15,0,0,FAC002,Dispensed
DSP0003687,PHP0002729,Srilatha Jangam,9503589303,Indresham,2026-06-21,RX0005054,Amlodipine,30,30,0,0,FAC026,Dispensed
DSP0003688,PHP0002730,Jyothee Naik,+91-92796-94678,Kalher,2026-05-20,RX0005056,Amoxicillin,5,15,0,0,FAC019,Dispensed
DSP0003689,PHP0002731,Jyothi Narsimha,9644525203,Indresham,2026-07-22,RX0005057,Amoxicillin,5,15,0,0,FAC027,Dispensed
DSP0003690,PHP0002732,Anitha Yadav,9435798693,Kummarikunt,2026-06-02,RX0005058,Pantoprazole,10,15,0,0,FAC013,Dispensed
DSP0003691,PHP0002733,Divya Goud,9861937998,Kohir,2026-03-12,RX0005059,Cetirizine,5,30,0,0,FAC022,Dispensed
DSP0003692,PHP0002734,Santosh Rao,9978528819,Velpula,2026-07-29,RX0005061,Paracetamol,5,15,0,0,FAC009,Dispensed
DSP0003693,PHP0002735,Praveen Krishna,9114923740,Jharasangam,2026-06-17,RX0005062,Amoxicillin,5,15,0,0,FAC022,Dispensed
DSP0003694,PHP0002736,Saritha Shekar,9296282320,Manoor,2026-07-21,RX0005063,Amlodipine,30,30,0,0,FAC020,Dispensed
DSP0003695,PHP0002736,Saritha Shekar,9296282320,Manoo,2026-07-18,RX0005063,Metformin,30,30,0,0,FAC020,Dispensed
DSP0003696,PHP0002737,Raghav Chary,9339031550,Narayankhed,2026-01-06,RX0005065,Metformin,30,15,1,0,FAC021,Partially dispensed
DSP0003697,PHP0002738,Ramesh Narsimha,9522201824,Kondamallepally,2026-06-05,RX0005066,Pantoprazole,10,15,0,0,FAC011,Dispensed
DSP0003698,PHP0002738,Ramesh Narsimha,9522201824,Kondamallepalli,2026-08-04,RX0005067,Paracetamol,5,30,0,0,FAC010,Dispensed
DSP0003699,PHP0002739,Padma Yadav,9396191495,Kondamallepally,2026-05-12,RX0005068,Amoxicillin,5,30,0,0,FAC010,Dispensed
DSP0003700,PHP0002740,Naresh Devi,9392948907,Kondamallepally,2026-03-10,RX0005070,Amoxicillin,5,15,0,0,FAC010,Dispensed
DSP0003701,PHP0002741,Renuka Chary,9078937726,Kohir,2026-07-27,RX0005071,Amoxicillin,5,30,0,0,FAC023,Dispensed
DSP0003702,PHP0002742,Naveen Yadav,,Gangapur,2026-06-20,RX0005072,Paracetamol,5,15,0,0,FAC003,Dispensed
DSP0003703,PHP0002743,Rani Goud,9102236761,Chandur,2026-05-31,RX0005073,Amoxicillin,5,0,0,1,FAC014,Not dispensed due to stock
DSP0003704,PHP0002744,Raghaw Chary,9494961217,Balanagar,2026-05-04,RX0005074,Pantoprazole,10,15,1,1,FAC006,Partially dispensed
DSP0003705,PHP0002745,Susma Chary,+91-94192-90967,Indresham,2026-08-06,RX0005076,Amoxicillin,5,30,0,0,FAC025,Dispensed
DSP0003706,PHP0002746,Praveen Mudiraj,9822554133,Kangti,2026-07-25,RX0005077,Metformin,30,15,1,0,FAC019,Partially dispensed
DSP0003707,PHP0002747,Naveen Das,9539166655,Polepally,2026-02-18,RX0005078,Amlodipine,30,15,1,0,FAC002,Partially dispensed
DSP0003708,PHP0002748,Naresh Kumar,9702020481,Rajapur,2026-07-22,RX0005080,Pantoprazole,10,30,0,0,FAC004,Dispensed
DSP0003709,PHP0002748,Naresh Kumar,9702020481,Rajapur,2026-07-22,RX0005080,Paracetamol,3,30,0,0,FAC004,Dispensed
DSP0003710,PHP0002749,Suresh Das,,Midjil,2026-06-14,RX0005083,Amoxicillin,5,30,0,0,FAC008,Dispensed
DSP0003711,PHP0002750,Renuka Shekar,,Devarakonda,2026-06-24,RX0005084,Cetirizine,5,30,1,1,FAC011,Partially dispensed
DSP0003712,PHP0002750,Renuka Shekar,9562067064,Devarakonda,2026-07-30,RX0005085,Amoxicillin,5,30,0,0,FAC012,Dispensed
DSP0003713,PHP0002751,Raghav Naik,9575332550,Marrur,2026-04-08,RX0005087,Paracetamol,5,30,0,0,FAC018,Dispensed
DSP0003714,PHP0002751,Raghav Naik,9575332550,Marrur,2026-04-30,RX0005088,Amlodipine,30,30,0,0,FAC018,Dispensed
DSP0003715,PHP0002751,Raghav Naik,9575332550,Marrur,2026-06-27,RX0005089,Amlodipine,30,30,0,0,FAC017,Dispensed
DSP0003716,PHP0002752,Naresh Begum,9638820582,Kangti,2026-07-03,RX0005090,Metformin,30,30,0,0,FAC020,Dispensed
DSP0003717,PHP0002753,Naresh Mallaiah,9154718507,Polepally,2026-08-14,RX0005093,Amlodipine,30,30,0,0,FAC001,Dispensed
DSP0003718,PHP0002754,Arun Basha,9168404922,Zaheerabad,2026-06-11,RX0005095,Cetirizine,5,30,0,0,FAC022,Dispensed
DSP0003719,PHP0002755,Naresh Yadav,+91-92356-67162,Polepally,2026-06-28,RX0005097,Pantoprazole,10,30,0,0,FAC001,Dispensed
DSP0003720,PHP0002756,Ravi Naik,,Nomula,2026-04-17,RX0005098,Pantoprazole,10,30,0,0,FAC016,Dispensed
DSP0003721,PHP0002756,Ravi Naik,9341776266,Nomula,2026-05-12,RX0005100,Cetirizine,5,30,0,0,FAC018,Dispensed
DSP0003722,PHP0002756,Rvi Naik,+91-93417-76266,Nomula,2026-08-08,RX0005101,Paracetamol,3,15,0,0,FAC017,Dispensed
DSP0003723,PHP0002757,Padma Narsimha,9117116338,Kohir,2026-08-12,RX0005106,Paracetamol,5,15,0,0,FAC024,Dispensed
DSP0003724,PHP0002758,Raghav Goud,,Nermata,2026-05-27,RX0005108,Pantoprazole,10,15,0,0,FAC014,Dispensed
DSP0003725,PHP0002759,Padma Chary,,Devarakonda,2026-02-22,RX0005109,Metformin,30,15,1,0,FAC011,Partially dispensed
DSP0003726,PHP0002760,Vinod,+91-93921-85915,Manoor,2026-02-07,RX0005112,Amlodipine,30,15,1,0,FAC021,Partially dispensed
DSP0003727,PHP0002760,Vinod Basha,9392185915,Manoor,2026-02-09,RX0005112,Metformin,30,15,1,0,FAC021,Partially dispensed
DSP0003728,PHP0002761,sobha Yadav,9685969669,Velpula,2026-06-26,RX0005114,Metformin,30,15,1,0,FAC007,Partially dispensed
DSP0003729,PHP0002762,Lakshmi,9006356170,Devarakonda,2026-07-19,RX0005116,Amlodipine,30,15,1,0,FAC010,Partially dispensed
DSP0003730,PHP0002762,Lakshmi Mallaiah,+91-90063-56170,Devarakonda,2026-07-30,RX0005117,Metformin,30,30,0,0,FAC010,Dispensed
DSP0003731,PHP0002763,Deepika Khan,9246556976,Manoor,2026-02-03,RX0005120,Pantoprazole,10,30,0,0,FAC019,Dispensed
DSP0003732,PHP0002764,Naresh Khan,9543046469,Bodajanampet,2026-05-17,RX0005121,Paracetamol,5,15,0,0,FAC005,Dispensed
DSP0003733,PHP0002765,Srilatha Basha,9536352628,Macharam,2026-06-26,RX0005123,Amlodipine,30,15,1,0,FAC003,Partially dispensed
DSP0003734,PHP0002765,Srilatha Basha,9536352628,Macharam,2026-06-28,RX0005123,Metformin,30,30,1,1,FAC003,Partially dispensed
DSP0003735,PHP0002765,Srilatha Basha,9536359628,Macharam,2026-06-28,RX0005123,Paracetamol,3,15,0,0,FAC003,Dispensed
DSP0003736,PHP0002766,Anitha Reddy,9459415575,Devarakonda,2026-06-11,RX0005126,Cetirizine,5,15,0,0,FAC012,Dispensed
DSP0003737,PHP0002767,Anitha Reddy,,Bangarigadda,2026-05-06,RX0005128,Pantoprazole,10,15,0,0,FAC014,Dispensed
DSP0003738,PHP0002767,Anitha Reddy,9262831838,Bangarigadda,2026-05-11,RX0005129,Amoxicillin,5,30,0,0,FAC015,Dispensed
DSP0003739,PHP0002768,Anjali Mudiraj,9282497007,Kallepall,2026-06-24,RX0005130,Cetirizine,5,15,0,0,FAC005,Dispensed
DSP0003740,PHP0002768,Anjali Mudiraj,9282497007,Kallepally,2026-06-27,RX0005130,Paracetamol,3,30,0,0,FAC005,Dispensed
DSP0003741,PHP0002769,Srinivas Reddy,9094375458,Mangalapally,2026-04-12,RX0005133,Amoxicillin,5,15,0,0,FAC018,Dispensed
DSP0003742,PHP0002770,Padma Laxman,9998026459,Ameenpur,2026-06-04,RX0005134,Amlodipine,30,15,1,0,FAC027,Partially dispensed
DSP0003743,PHP0002770,Padma,,Ameenpur,2026-07-03,RX0005135,Amlodipine,30,15,1,0,FAC025,Partially dispensed
DSP0003744,PHP0002771,Shankar Das,9837557320,Macharam,2026-03-31,RX0005136,Pantoprazole,10,15,0,0,FAC003,Dispensed
DSP0003745,PHP0002771,Shankar Das,9837557320,Macharam,2026-08-12,RX0005137,Amoxicillin,5,30,0,0,FAC002,Dispensed
DSP0003746,PHP0002772,Arun Mallaiah,9020205024,Kohir,2026-06-09,RX0005138,Paracetamol,3,30,0,0,FAC022,Dispensed
DSP0003747,PHP0002773,Sai Chary,9649399174,Midjil,2026-01-14,RX0005140,Pantoprazole,10,30,0,0,FAC009,Dispensed
DSP0003748,PHP0002773,Sai Chary,9649399174,MIDJIL,2026-06-25,RX0005141,Amoxicillin,5,30,0,0,FAC008,Dispensed
DSP0003749,PHP0002774,Bhavani Patel,9624689365,Donur,2026-01-24,RX0005142,Amoxicillin,5,30,0,0,FAC007,Dispensed
DSP0003750,PHP0002775,Shankar Khan,9518580885,Kohir,2026-07-08,RX0005143,Pantoprazole,10,15,0,0,FAC022,Dispensed
DSP0003751,PHP0002776,Swathi Reddy,9792523475,Mangalapally,2026-04-30,RX0005145,Pantoprazole,10,15,0,0,FAC016,Dispensed
DSP0003752,PHP0002777,Mahesh Das,9037056547,Gundlapally,2026-03-22,RX0005146,Paracetamol,3,30,0,0,FAC012,Dispensed
DSP0003753,PHP0002778,Naveen Rao,9686528125,Ameenpur,2026-06-01,RX0005148,Pantoprazole,10,15,0,0,FAC026,Dispensed
DSP0003754,PHP0002779,Vinod Reddy,+91-98855-87792,Velpula,2026-06-14,RX0005149,Amlodipine,30,15,1,0,FAC008,Partially dispensed
DSP0003755,PHP0002780,Divya Yadav,9734536587,Kohir,2026-02-23,RX0005150,Metformin,30,30,0,0,FAC023,Dispensed
DSP0003756,PHP0002781,Shankar Krishna,9272931494,NARAYANKHED,2026-06-28,RX0005151,Metformin,30,15,1,0,FAC020,Partially dispensed
