ncd_record_id,ncd_source_patient_id,patient_name,gender,age,mobile,village,block,district,screening_date,screening_type,systolic_bp,diastolic_bp,random_glucose_mg_dl,bmi,ncd_status,control_status,next_followup_due
NCDR0000001,NCP0000001,Mohan Mallaiah,M,18,9856495988,Indresham,Patancheru,Sangareddy,2026-01-02,HWC screening,147,106,290,30.8,Hypertension+Diabetes,Controlled,2026-04-02
NCDR0000002,NCP0000002,Mohan Basha,M,47,9983609751,Chandur,Chandur,Nalgonda,2026-03-14,Community screening,117,93,153,33.6,None,Not diagnosed,
NCDR0000003,NCP0000003,Mohan Laxman,M,45,9136944279,Bodajanampet,Balanagar,Mahabubnagar,2026-04-08,HWC screening,186,87,140,18.8,Hypertension,Controlled,2026-05-08
NCDR0000004,NCP0000004,Mohan Narsimha,M,48,9484336710,KONDAMALLEPALLY,Devarakonda,Nalgonda,2026-03-24,Community screening,174,86,101,27.1,Hypertension,Borderline,2026-04-23
NCDR0000005,NCP0000004,Mohan Narsimha,M,46,,Kondamallepally,Devarakonda,Nalgonda,2026-05-31,HWC screening,157,85,100,22.0,Hypertension,Controlled,2026-08-29
NCDR0000006,NCP0000005,Sai Krishna,M,18,9445488147,Macharam,Jadcherla,Mahabubnagar,2026-05-07,HWC screening,180,84,158,20.9,Hypertension,Uncontrolled,2026-06-06
NCDR0000007,NCP0000006,Anitha Narsimha,F,18,9474992238,Devarakonda,Devarakonda,Nalgonda,2025-08-12,Opportunistic screening,150,93,300,18.6,Hypertension+Diabetes,Borderline,2025-11-10
NCDR0000008,NCP0000007,Suresh Reddy,M,45,9480282019,Chandur,Chandur,Nalgonda,2025-07-16,Community screening,180,108,195,22.3,Hypertension+Diabetes,Borderline,2025-09-14
NCDR0000009,NCP0000007,Suresh Reddy,M,43,9480682019,CHANDUR,Chandur,Nalgonda,2025-10-05,HWC screening,151,100,180,19.3,Hypertension+Diabetes,Controlled,2026-01-03
NCDR0000010,NCP0000007,Suresh Reddy,M,42,9480282019,Chandur,Chandur,Nalgonda,2025-10-26,HWC screening,171,94,330,26.7,Hypertension+Diabetes,Uncontrolled,2025-11-25
NCDR0000011,NCP0000008,Srinivas Khan,M,43,9409240836,Rajapu,Balanagar,Mahabubnagar,2025-08-17,Opportunistic screening,182,92,165,19.9,Hypertension,Uncontrolled,2025-11-15
NCDR0000012,NCP0000009,Naveen Narsimha,M,19,9608842628,Nermata,Chandur,Nalgonda,2026-05-27,HWC screening,118,94,126,31.3,None,Not diagnosed,
NCDR0000013,NCP0000010,Ravi Naik,M,37,,Kangti,Narayankhed,Sangareddy,2025-07-23,HWC screening,184,92,204,19.2,Hypertension+Diabetes,Borderline,2025-10-21
NCDR0000014,NCP0000010,Ravi Naik,M,34,9412818655,Kangti,Narayankhed,Sangareddy,2025-11-12,Opportunistic screening,142,102,237,21.5,Hypertension+Diabetes,Controlled,2025-12-12
NCDR0000015,NCP0000011,Srinivas Shekar,M,41,9632977212,Polepally,Jadcherla,Mahabubnagar,2026-06-09,Community screening,146,68,126,32.2,None,Not diagnosed,
NCDR0000016,NCP0000012,Anil Mudiraj,M,43,9548608739,Nermata,Chandur,Nalgonda,2026-01-19,Opportunistic screening,162,116,197,28.0,Hypertension+Diabetes,Uncontrolled,2026-02-18
NCDR0000017,NCP0000012,Anil Mudiraj,M,39,9548608739,Nermata,Chandur,Nalgonda,2026-05-19,Opportunistic screening,188,86,304,22.1,Hypertension+Diabetes,Controlled,2026-06-18
NCDR0000018,NCP0000013,Sai Das,M,62,9299169424,Bhanur,Patancheru,Sangareddy,2025-08-14,Opportunistic screening,115,93,169,25.8,Diabetes,Borderline,2025-11-12
NCDR0000019,NCP0000014,Anil Patel,M,62,9911344484,Bangarigadd,Chandur,Nalgonda,2025-12-15,Community screening,149,98,104,34.5,Hypertension,Borderline,2026-02-13
NCDR0000020,NCP0000015,Mahesh Mallaiah,M,67,9597602786,Kallepally,Balanagar,Mahabubnagar,2026-05-18,Opportunistic screening,140,95,240,25.2,Diabetes,Uncontrolled,2026-06-17
NCDR0000021,NCP0000016,Venkatesh Krishna,M,61,9930258785,Donur,Midjil,Mahabubnagar,2026-05-01,HWC screening,171,113,102,30.0,Hypertension,Borderline,2026-07-30
NCDR0000022,NCP0000017,Nirmala Khan,F,62,9921693793,Midjil,Midjil,Mahabubnagar,2025-08-26,HWC screening,148,89,115,29.7,None,Not diagnosed,
NCDR0000023,NCP0000018,Venkatesh Mudiraj,M,60,9678658261,Badepally,Jadcherla,Mahabubnagar,2026-05-29,Community screening,105,81,101,19.1,None,Not diagnosed,
NCDR0000024,NCP0000019,Srilatha Rao,F,34,9362646185,Kangti,Narayankhed,Sangareddy,2025-08-14,Opportunistic screening,127,89,108,32.7,None,Not diagnosed,
NCDR0000025,NCP0000020,Kiran Chary,M,44,+91-95548-41074,Nakrekal,Nakrekal,Nalgonda,2025-12-26,Community screening,155,84,97,18.6,Hypertension,Borderline,2026-02-24
NCDR0000026,NCP0000021,Lalitha Chary,F,53,+91-98550-44748,Narayankhed,Narayankhed,Sangareddy,2026-04-29,HWC screening,181,89,149,29.1,Hypertension,Controlled,2026-05-29
NCDR0000027,NCP0000022,Suresh Narsimha,M,37,9515346534,Mogudampally,Zaheerabad,Sangareddy,2025-11-28,Opportunistic screening,137,76,296,27.4,Diabetes,Uncontrolled,2026-01-27
NCDR0000028,NCP0000022,Sures Narsimha,M,37,9515346634,Mogudampally,Zaheerabad,Sangareddy,2026-03-09,Opportunistic screening,142,76,260,25.5,Diabetes,Uncontrolled,2026-06-07
NCDR0000029,NCP0000022,Suresh Narsimha,M,35,9515346534,Mogudampally,Zaheerabad,Sangareddy,2026-05-23,Community screening,105,82,327,31.4,Diabetes,Borderline,2026-06-22
NCDR0000030,NCP0000023,Mounika Reddy,F,44,9789954295,Jharasangam,Zaheerabad,Sangareddy,2025-11-16,Opportunistic screening,120,82,158,31.8,None,Not diagnosed,
NCDR0000031,NCP0000023,Mounika Reddy,F,42,9789954295,Jharasangam,Zaheerabad,Sangareddy,2026-02-03,Opportunistic screening,115,86,147,24.7,None,Not diagnosed,
NCDR0000032,NCP0000024,Sushm Begum,F,56,+91-97489-17883,Devarakonda,Devarakonda,Nalgonda,2025-07-10,Community screening,141,77,86,31.2,None,Not diagnosed,
NCDR0000033,NCP0000025,Mahesh Goud,M,41,9725511916,Manoor,Narayankhed,Sangareddy,2026-03-13,HWC screening,168,95,124,28.1,Hypertension,Controlled,2026-04-12
NCDR0000034,NCP0000026,Mohan Naik,M,31,9799196363,Narayankhed,Narayankhed,Sangareddy,2025-12-06,Community screening,110,93,127,32.8,None,Not diagnosed,
NCDR0000035,NCP0000027,Shankar Devi,M,67,9675486654,KONDAMALLEPALLY,Devarakonda,Nalgonda,2025-08-17,Opportunistic screening,154,103,129,30.9,Hypertension,Uncontrolled,2025-09-16
NCDR0000036,NCP0000027,sankar Devi,M,68,9675486654,Kondamallepally,Devarakonda,Nalgonda,2025-11-17,HWC screening,156,86,116,21.1,Hypertension,Borderline,2026-02-15
NCDR0000037,NCP0000028,Raju Goud,M,71,+91-99154-58298,Manoor,Narayankhed,Sangareddy,2026-06-11,HWC screening,159,103,95,26.4,Hypertension,Uncontrolled,2026-08-10
NCDR0000038,NCP0000029,Ramesh Mallaiah,M,60,9934413959,Kummarikunta,Chandur,Nalgonda,2026-05-13,HWC screening,106,89,145,28.4,None,Not diagnosed,
NCDR0000039,NCP0000030,Renuka Jangam,F,31,9803320275,Peddadinne,Devarakonda,Nalgonda,2026-03-30,Opportunistic screening,134,95,198,33.0,Diabetes,Borderline,2026-04-29
NCDR0000040,NCP0000030,Renuk Jangam,F,33,+91-98033-20275,Peddadinne,Devarakonda,Nalgonda,2026-06-23,Community screening,119,75,203,26.9,Diabetes,Uncontrolled,2026-09-21
NCDR0000041,NCP0000031,Kiran Patel,M,54,9075935742,Gundlapally,Devarakonda,Nalgonda,2026-01-09,Opportunistic screening,109,88,93,33.4,None,Not diagnosed,
NCDR0000042,NCP0000032,Vinod Narsimha,M,54,9369107867,Vemula,Midjil,Mahabubnagar,2025-12-13,HWC screening,163,84,255,34.5,Hypertension+Diabetes,Controlled,2026-03-13
NCDR0000043,NCP0000032,Veenod Narsimha,M,54,9369107867,Vemula,Midjil,Mahabubnagar,2026-02-09,Community screening,186,101,188,26.2,Hypertension+Diabetes,Uncontrolled,2026-05-10
NCDR0000044,NCP0000033,Anil Chary,M,46,9738367208,Bodajanampet,Balanagar,Mahabubnagar,2026-03-27,Opportunistic screening,117,88,245,34.1,Diabetes,Uncontrolled,2026-04-26
NCDR0000045,NCP0000034,Sushma Mallaiah,F,57,9204737240,NERMATA,Chandur,Nalgonda,2026-01-03,Opportunistic screening,123,74,247,29.5,Diabetes,Uncontrolled,2026-03-04
NCDR0000046,NCP0000035,Shobha Reddy,F,41,9486389370,Nermata,Chandur,Nalgonda,2025-10-15,HWC screening,185,93,124,29.8,Hypertension,Uncontrolled,2026-01-13
NCDR0000047,NCP0000035,Shobha Reddy,F,42,9486387390,Nermata,Chandur,Nalgonda,2026-02-09,HWC screening,156,87,111,21.3,Hypertension,Borderline,2026-05-10
NCDR0000048,NCP0000036,Anil Naik,M,36,9283069210,GUNDLAPALLY,Devarakonda,Nalgonda,2026-01-17,HWC screening,163,116,167,21.5,Hypertension+Diabetes,Uncontrolled,2026-03-18
NCDR0000049,NCP0000037,Kiran Narsimha,M,39,+91-90150-29620,Bangarigadda,Chandur,Nalgonda,2025-12-05,HWC screening,109,96,122,27.9,None,Not diagnosed,
NCDR0000050,NCP0000037,Kiran Narsimha,M,41,9015029620,Bangarigadda,Chandur,Nalgonda,2026-03-12,HWC screening,112,86,81,28.5,None,Not diagnosed,
NCDR0000051,NCP0000038,Anjali Patel,F,54,9709038798,Devarakonda,Devarakonda,Nalgonda,2025-12-30,Community screening,170,95,116,25.5,Hypertension,Controlled,2026-01-29
NCDR0000052,NCP0000039,Swathi Patel,F,23,9664868595,Zaheerabad,Zaheerabad,Sangareddy,2025-10-15,Opportunistic screening,113,85,260,27.6,Diabetes,Controlled,2026-01-13
NCDR0000053,NCP0000040,Arun Basha,M,53,9455580789,Chandur,Chandur,Nalgonda,2025-11-19,Community screening,124,91,219,19.7,Diabetes,Controlled,2025-12-19
NCDR0000054,NCP0000041,Jyoti Devi,F,45,9526047893,Nakrekal,Nakrekal,Nalgonda,2026-05-23,Community screening,164,93,93,20.0,Hypertension,Controlled,2026-07-22
NCDR0000055,NCP0000042,Raju Patel,M,32,9148658249,Jharasangam,Zaheerabad,Sangareddy,2025-07-06,Opportunistic screening,140,95,174,19.7,Diabetes,Controlled,2025-08-05
NCDR0000056,NCP0000043,Harika Khan,F,88,9870853389,Nomula,Nakrekal,Nalgonda,2025-10-18,HWC screening,141,80,148,23.3,Diabetes,Controlled,2026-01-16
NCDR0000057,NCP0000043,Harika Khan,F,88,9870853389,Nomula,Nakrekal,Nalgonda,2026-02-01,HWC screening,122,95,190,32.9,Diabetes,Uncontrolled,2026-03-03
NCDR0000058,NCP0000044,Raghav Laxman,M,48,9875287515,Badepalli,Jadcherla,Mahabubnagar,2025-10-05,Opportunistic screening,165,100,163,25.2,Hypertension,Uncontrolled,2025-12-04
NCDR0000059,NCP0000045,Anitha Basha,F,38,9444381461,Bhanur,Patancheru,Sangareddy,2025-10-07,HWC screening,130,76,160,32.2,None,Not diagnosed,
NCDR0000060,NCP0000046,Kavitha Laxman,F,38,9780261502,Badepally,Jadcherla,Mahabubnagar,2025-09-17,Opportunistic screening,179,86,244,18.6,Hypertension+Diabetes,Uncontrolled,2025-12-16
NCDR0000061,NCP0000047,Arun Narsimha,M,56,9718826752,Kondamallepally,Devarakonda,Nalgonda,2026-01-02,Community screening,144,88,321,28.1,Diabetes,Borderline,2026-02-01
NCDR0000062,NCP0000048,Harika Das,F,66,9123465983,DONUR,Midjil,Mahabubnagar,2025-11-12,Community screening,166,87,156,21.1,Hypertension,Borderline,2026-01-11
NCDR0000063,NCP0000049,Rani Krishna,F,51,9856234226,Vemula,Midjil,Mahabubnagar,2026-06-02,Opportunistic screening,165,85,137,22.7,Hypertension,Controlled,2026-08-31
NCDR0000064,NCP0000050,Suresh Laxman,M,36,9011664925,Mogudampally,Zaheerabad,Sangareddy,2025-10-02,HWC screening,148,94,89,34.3,None,Not diagnosed,
NCDR0000065,NCP0000050,Suresh Laxman,M,35,9011664925,Mogudampally,Zaheerabad,Sangareddy,2025-12-04,Community screening,121,96,160,21.7,None,Not diagnosed,
NCDR0000066,NCP0000051,Deepika Patel,F,70,9603404932,Macharam,Jadcherla,Mahabubnagar,2026-03-25,Opportunistic screening,187,95,94,23.9,Hypertension,Borderline,2026-05-24
NCDR0000067,NCP0000052,Renuka Rao,F,45,9772600865,Midjil,Midjil,Mahabubnagar,2026-04-11,HWC screening,158,109,105,19.8,Hypertension,Controlled,2026-07-10
NCDR0000068,NCP0000052,Renuka Rao,F,44,9772600865,Midjil,Midjil,Mahabubnagar,2026-07-11,Opportunistic screening,141,92,145,25.6,Hypertension,Borderline,2026-10-09
NCDR0000069,NCP0000053,Sushma Reddy,F,22,9227821042,CHANDUR,Chandur,Nalgonda,2025-09-16,Opportunistic screening,144,103,307,20.2,Hypertension+Diabetes,Controlled,2025-12-15
NCDR0000070,NCP0000054,Rani Das,F,58,9408982379,ZAHEERABAD,Zaheerabad,Sangareddy,2026-02-13,HWC screening,107,85,159,31.5,None,Not diagnosed,
NCDR0000071,NCP0000055,Sntosh Shekar,M,32,,Bangarigadda,Chandur,Nalgonda,2025-11-25,Opportunistic screening,106,73,166,21.4,Diabetes,Borderline,2026-02-23
NCDR0000072,NCP0000056,Padma Chary,F,43,9818513664,Ameenpur,Patancheru,Sangareddy,2026-05-09,HWC screening,140,81,239,24.6,Diabetes,Controlled,2026-08-07
NCDR0000073,NCP0000057,Lalitha Mudiraj,F,77,9396042708,Gangapur,Jadcherla,Mahabubnagar,2025-10-07,Community screening,158,94,119,27.3,Hypertension,Borderline,2026-01-05
NCDR0000074,NCP0000058,Praveen Yadav,M,70,9520302123,Gangapur,Jadcherla,Mahabubnagar,2025-12-04,Opportunistic screening,111,84,190,21.1,Diabetes,Controlled,2026-01-03
NCDR0000075,NCP0000059,Sushma Kumar,F,50,9761691582,Vemula,Midjil,Mahabubnagar,2026-01-10,Community screening,175,99,151,19.4,Hypertension,Controlled,2026-02-09
NCDR0000076,NCP0000060,Srinivas Mallaiah,M,61,9816242938,Balanagar,Balanagar,Mahabubnagar,2025-08-08,Opportunistic screening,188,90,159,21.4,Hypertension,Borderline,2025-11-06
NCDR0000077,NCP0000061,Lakshmi,F,48,+91-91212-00881,Nakrekal,Nakrekal,Nalgonda,2025-08-26,HWC screening,151,90,242,33.1,Hypertension+Diabetes,Borderline,2025-10-25
NCDR0000078,NCP0000062,Rajesh Reddy,M,49,9600674893,Bhanur,Patancheru,Sangareddy,2025-12-27,Opportunistic screening,161,106,109,31.0,Hypertension,Uncontrolled,2026-03-27
NCDR0000079,NCP0000063,Raju Krishna,M,58,9519829121,Chandur,Chandur,Nalgonda,2025-12-19,HWC screening,142,91,125,32.0,None,Not diagnosed,
NCDR0000080,NCP0000063,Raju Krishna,M,54,9519899121,Chandur,Chandur,Nalgonda,2026-04-04,HWC screening,122,82,162,31.0,None,Not diagnosed,
NCDR0000081,NCP0000064,Naveen Patel,M,64,9824178781,Peddadinne,Devarakonda,Nalgonda,2026-05-10,HWC screening,138,89,176,25.4,Hypertension+Diabetes,Uncontrolled,2026-08-08
NCDR0000082,NCP0000065,Deepika Jangam,F,43,9300346832,Jharasangam,Zaheerabad,Sangareddy,2025-12-21,HWC screening,150,75,247,26.7,Diabetes,Uncontrolled,2026-02-19
NCDR0000083,NCP0000066,Ravi Jangam,M,18,9130518909,Chandur,Chandur,Nalgonda,2026-03-03,HWC screening,166,102,112,33.6,Hypertension,Controlled,2026-06-01
NCDR0000084,NCP0000067,Mohan Goud,M,21,9416057868,Nakrekal,Nakrekal,Nalgonda,2026-03-13,Community screening,149,95,275,34.1,Diabetes,Controlled,2026-04-12
NCDR0000085,NCP0000068,Renuka Krishna,F,80,9151254866,Mogudampally,Zaheerabad,Sangareddy,2026-01-16,Community screening,123,77,271,30.6,Diabetes,Borderline,2026-02-15
NCDR0000086,NCP0000069,Srinivas Jangam,M,72,9400987444,Nakrekal,Nakrekal,Nalgonda,2026-02-03,HWC screening,158,87,158,23.8,Hypertension,Uncontrolled,2026-03-05
NCDR0000087,NCP0000069,Srinivas Jangam,M,70,9400987444,Nakrekal,Nakrekal,Nalgonda,2026-03-20,Community screening,188,85,146,27.1,Hypertension,Uncontrolled,2026-04-19
NCDR0000088,NCP0000070,Suresh Goud,M,58,9337649750,Kummarikunta,Chandur,Nalgonda,2026-05-31,Opportunistic screening,161,109,106,21.8,Hypertension,Borderline,2026-06-30
NCDR0000089,NCP0000071,Nirmala Das,F,77,9279660339,Narayankhe,Narayankhed,Sangareddy,2025-09-07,HWC screening,172,91,163,21.1,Hypertension,Controlled,2025-10-07
NCDR0000090,NCP0000072,Srinivas Naik,M,36,9707039897,Vemula,Midjil,Mahabubnagar,2026-02-19,Opportunistic screening,143,95,152,21.3,Hypertension,Borderline,2026-04-20
NCDR0000091,NCP0000073,Srinivas Laxman,M,39,+91-96417-22497,Nakreka,Nakrekal,Nalgonda,2025-09-28,Opportunistic screening,168,108,156,29.7,Hypertension,Uncontrolled,2025-10-28
NCDR0000092,NCP0000074,Swathi Mudiraj,F,57,,Midjil,Midjil,Mahabubnagar,2026-04-16,Community screening,144,75,250,27.0,Diabetes,Borderline,2026-07-15
NCDR0000093,NCP0000075,Naveen Laxman,M,29,+91-95587-05212,Patancheru,Patancheru,Sangareddy,2025-12-10,Opportunistic screening,105,88,204,31.2,Diabetes,Controlled,2026-01-09
NCDR0000094,NCP0000076,Rajesh Mallaiah,M,70,9558260275,Marrur,Nakrekal,Nalgonda,2026-04-03,Opportunistic screening,107,87,138,22.3,None,Not diagnosed,
NCDR0000095,NCP0000077,Vinod Reddy,M,55,9112461912,Ameenpur,Patancheru,Sangareddy,2026-02-05,Community screening,149,94,81,33.0,None,Not diagnosed,
NCDR0000096,NCP0000078,Shankar Khan,M,31,9358250512,GANGAPUR,Jadcherla,Mahabubnagar,2026-03-16,HWC screening,133,82,164,31.2,None,Not diagnosed,
NCDR0000097,NCP0000078,Shankar,M,31,9368250512,GANGAPUR,Jadcherla,Mahabubnagar,2026-05-30,Community screening,122,88,79,21.4,None,Not diagnosed,
NCDR0000098,NCP0000079,Deepika Mudiraj,F,55,9643344837,Mogudampally,Zaheerabad,Sangareddy,2026-05-10,Community screening,185,88,157,29.3,Hypertension+Diabetes,Uncontrolled,2026-08-08
NCDR0000099,NCP0000080,Shankar Mudiraj,M,41,,Kallepally,Balanagar,Mahabubnagar,2025-07-15,Opportunistic screening,150,78,267,27.1,Diabetes,Borderline,2025-08-14
NCDR0000100,NCP0000081,Raju Kumar,M,65,9055666888,Midjil,Midjil,Mahabubnagar,2026-04-22,Community screening,117,84,86,23.4,None,Not diagnosed,
NCDR0000101,NCP0000081,Raju Kumar,M,65,9055666888,MIDJIL,Midjil,Mahabubnagar,2026-08-03,Community screening,109,80,131,33.6,None,Not diagnosed,
NCDR0000102,NCP0000082,Deepika Naik,F,41,,Nermata,Chandur,Nalgonda,2025-07-20,Opportunistic screening,171,97,277,29.7,Hypertension+Diabetes,Borderline,2025-08-19
NCDR0000103,NCP0000082,Deepika Naik,F,39,9349125921,Nermata,Chandur,Nalgonda,2025-10-04,Opportunistic screening,169,88,254,22.7,Hypertension+Diabetes,Controlled,2026-01-02
NCDR0000104,NCP0000082,Deepika Naik,F,41,+91-93491-25921,Nermata,Chandur,Nalgonda,2025-11-15,HWC screening,151,107,256,32.2,Hypertension+Diabetes,Borderline,2026-02-13
NCDR0000105,NCP0000083,Naveen Yadav,M,47,9578373288,KALLEPALLY,Balanagar,Mahabubnagar,2025-07-17,Community screening,177,97,106,22.4,Hypertension,Uncontrolled,2025-08-16
NCDR0000106,NCP0000083,Navin Yadav,M,45,9578373288,Kallepally,Balanagar,Mahabubnagar,2025-11-06,Opportunistic screening,173,96,154,19.4,Hypertension,Uncontrolled,2026-01-05
NCDR0000107,NCP0000084,Shobha Devi,F,47,9344321062,Mogudampally,Zaheerabad,Sangareddy,2026-03-11,HWC screening,147,114,132,25.8,Hypertension,Uncontrolled,2026-04-10
NCDR0000108,NCP0000085,Kavitha Das,F,43,9572214661,Jharasangam,Zaheerabad,Sangareddy,2025-10-04,Opportunistic screening,130,68,152,19.0,None,Not diagnosed,
NCDR0000109,NCP0000086,Arun Khan,M,82,9018785075,Velpula,Midjil,Mahabubnagar,2026-01-30,HWC screening,113,89,112,31.6,None,Not diagnosed,
NCDR0000110,NCP0000087,Jyothi Rao,F,47,,Nakrekal,Nakrekal,Nalgonda,2025-11-27,HWC screening,160,91,94,23.6,Hypertension,Controlled,2026-01-26
NCDR0000111,NCP0000087,Jyothi Rao,F,48,,Nakrekal,Nakrekal,Nalgonda,2026-01-18,Opportunistic screening,183,115,105,29.8,Hypertension,Uncontrolled,2026-04-18
NCDR0000112,NCP0000088,Harika Patel,F,34,9024547152,MARRUR,Nakrekal,Nalgonda,2025-08-14,HWC screening,168,99,152,29.8,Hypertension,Borderline,2025-09-13
NCDR0000113,NCP0000088,Harika Patel,F,34,+91-90245-47152,Marru,Nakrekal,Nalgonda,2025-11-21,Opportunistic screening,163,103,118,20.2,Hypertension,Controlled,2026-01-20
NCDR0000114,NCP0000088,Harika Patel,F,34,9024547152,Marrur,Nakrekal,Nalgonda,2026-01-07,Opportunistic screening,141,116,101,26.6,Hypertension,Controlled,2026-03-08
NCDR0000115,NCP0000089,Kavitha Naik,F,58,9637239553,Bhanur,Patancheru,Sangareddy,2026-01-08,Community screening,122,84,301,23.3,Diabetes,Uncontrolled,2026-02-07
NCDR0000116,NCP0000090,Shobha Shekar,F,42,9628924526,Macharam,Jadcherla,Mahabubnagar,2026-02-26,Opportunistic screening,153,105,260,19.4,Hypertension+Diabetes,Uncontrolled,2026-05-27
NCDR0000117,NCP0000091,Mahesh Mallaiah,M,48,9404721485,Midjil,Midjil,Mahabubnagar,2025-12-30,Community screening,139,93,112,20.5,Hypertension,Uncontrolled,2026-02-28
NCDR0000118,NCP0000092,Saritha Goud,F,48,9388695792,Kallepally,Balanagar,Mahabubnagar,2026-02-17,HWC screening,137,94,262,24.4,Diabetes,Borderline,2026-03-19
NCDR0000119,NCP0000093,Anitha,F,38,,Jharasangam,Zaheerabad,Sangareddy,2025-09-23,HWC screening,108,68,100,27.0,None,Not diagnosed,
NCDR0000120,NCP0000094,Lakshmi Mallaiah,F,82,9512351181,VEMULA,Midjil,Mahabubnagar,2025-08-18,Opportunistic screening,118,88,204,18.6,Diabetes,Uncontrolled,2025-09-17
NCDR0000121,NCP0000094,Lakshmi Mallaiah,F,85,9512351181,VEMULA,Midjil,Mahabubnagar,2025-11-05,Community screening,150,85,252,32.5,Diabetes,Controlled,2026-01-04
NCDR0000122,NCP0000094,Lakshmi Mallaiah,F,84,9512351181,Vemula,Midjil,Mahabubnagar,2026-03-08,Community screening,139,79,263,33.1,Diabetes,Borderline,2026-06-06
NCDR0000123,NCP0000095,Renuka Laxman,F,76,,Bhanur,Patancheru,Sangareddy,2025-10-13,Opportunistic screening,171,114,219,20.2,Hypertension+Diabetes,Controlled,2025-11-12
NCDR0000124,NCP0000096,Nirmala Mudiraj,F,37,9954486624,Nakrekal,Nakrekal,Nalgonda,2026-02-21,HWC screening,188,93,154,24.1,Hypertension+Diabetes,Uncontrolled,2026-04-22
NCDR0000125,NCP0000097,Harika Laxman,F,64,9800692610,Vemula,Midjil,Mahabubnagar,2025-07-03,Community screening,146,72,219,24.3,Diabetes,Borderline,2025-08-02
NCDR0000126,NCP0000098,Shankar Yadav,M,64,9442198767,Macharam,Jadcherla,Mahabubnagar,2025-08-28,HWC screening,154,99,130,33.3,Hypertension,Borderline,2025-10-27
NCDR0000127,NCP0000099,Shobha Basha,F,70,,Devarakonda,Devarakonda,Nalgonda,2025-07-29,Opportunistic screening,112,69,82,26.3,None,Not diagnosed,
NCDR0000128,NCP0000100,Lalitha Das,F,37,9856986087,Marrur,Nakrekal,Nalgonda,2025-07-27,Opportunistic screening,152,102,113,28.1,Hypertension,Uncontrolled,2025-09-25
NCDR0000129,NCP0000101,Praveen Das,M,33,9201217144,Midjil,Midjil,Mahabubnagar,2026-01-24,Community screening,189,115,125,24.2,Hypertension,Controlled,2026-04-24
NCDR0000130,NCP0000101,Praveen Das,M,36,9201217144,Midjil,Midjil,Mahabubnagar,2026-04-13,HWC screening,156,99,111,31.3,Hypertension,Uncontrolled,2026-06-12
NCDR0000131,NCP0000102,Santosh Patel,M,63,9408145703,Kummarikunta,Chandur,Nalgonda,2025-07-17,HWC screening,127,90,195,33.8,Diabetes,Borderline,2025-09-15
NCDR0000132,NCP0000103,Shobha Jangam,F,75,9600748783,Marru,Nakrekal,Nalgonda,2025-10-18,Opportunistic screening,110,73,236,28.0,Diabetes,Controlled,2025-11-17
NCDR0000133,NCP0000104,Swathi,F,58,9343358854,Zaheerabad,Zaheerabad,Sangareddy,2026-05-17,HWC screening,177,115,139,27.2,Hypertension,Borderline,2026-08-15
NCDR0000134,NCP0000105,Shobha Das,F,50,9723136367,Nermata,Chandur,Nalgonda,2026-05-19,Community screening,124,76,165,27.3,None,Not diagnosed,
NCDR0000135,NCP0000106,Naveen Das,M,30,+91-95561-85715,NAKREKAL,Nakrekal,Nalgonda,2026-01-27,Opportunistic screening,160,91,285,24.9,Hypertension+Diabetes,Controlled,2026-03-28
NCDR0000136,NCP0000106,Naveen Das,M,31,9556185715,Nakrekal,Nakrekal,Nalgonda,2026-03-20,HWC screening,141,105,173,27.3,Hypertension+Diabetes,Controlled,2026-04-19
NCDR0000137,NCP0000107,Anjali Kumar,F,41,9738383781,Bangarigadda,Chandur,Nalgonda,2026-01-03,HWC screening,145,94,153,22.9,None,Not diagnosed,
NCDR0000138,NCP0000107,Anjali Kumar,F,40,,Bangarigadda,Chandur,Nalgonda,2026-02-27,Opportunistic screening,114,96,92,30.9,None,Not diagnosed,
NCDR0000139,NCP0000108,Lakshmi Chary,F,66,9420096162,Nakrekal,Nakrekal,Nalgonda,2025-08-10,Opportunistic screening,136,76,230,27.5,Diabetes,Borderline,2025-10-09
NCDR0000140,NCP0000108,Lakshmi Chary,F,66,9430096162,NAKREKAL,Nakrekal,Nalgonda,2025-10-13,Community screening,129,80,219,31.0,Diabetes,Uncontrolled,2026-01-11
NCDR0000141,NCP0000109,Srilatha Laxman,F,27,+91-95822-33359,Kalher,Narayankhed,Sangareddy,2026-05-05,Community screening,157,87,102,28.9,Hypertension,Borderline,2026-06-04
NCDR0000142,NCP0000110,Shankar Das,M,50,9663503494,Balanagar,Balanagar,Mahabubnagar,2025-07-27,HWC screening,148,103,99,19.4,Hypertension,Controlled,2025-09-25
NCDR0000143,NCP0000110,Shankar Das,M,50,9663503494,Balanagar,Balanagar,Mahabubnagar,2025-10-06,HWC screening,183,105,116,30.7,Hypertension,Borderline,2026-01-04
NCDR0000144,NCP0000111,Kiran Rao,M,43,9041602242,Devarakonda,Devarakonda,Nalgonda,2025-07-05,Community screening,147,111,158,28.7,Hypertension,Controlled,2025-10-03
NCDR0000145,NCP0000112,Raju Shekar,M,41,9945349662,Chandur,Chandur,Nalgonda,2025-12-26,HWC screening,157,98,142,30.5,Hypertension,Borderline,2026-01-25
NCDR0000146,NCP0000113,Raghav Reddy,M,39,9146717110,Indresham,Patancheru,Sangareddy,2026-01-30,Community screening,171,103,202,23.5,Hypertension+Diabetes,Uncontrolled,2026-03-31
NCDR0000147,NCP0000114,Naresh Narsimha,M,64,9158158298,VEMULA,Midjil,Mahabubnagar,2026-04-01,Community screening,139,95,127,22.8,Hypertension,Borderline,2026-05-31
NCDR0000148,NCP0000114,Naresh Narsimha,M,66,9158188298,Vemula,Midjil,Mahabubnagar,2026-07-03,Community screening,163,113,158,24.3,Hypertension,Uncontrolled,2026-10-01
NCDR0000149,NCP0000115,Rajesh,M,34,9960417005,Nakreka,Nakrekal,Nalgonda,2026-01-22,Community screening,185,84,149,33.8,Hypertension,Borderline,2026-02-21
NCDR0000150,NCP0000116,Rani Chary,F,46,9827023833,BHANUR,Patancheru,Sangareddy,2025-07-27,Opportunistic screening,133,87,104,29.2,None,Not diagnosed,
NCDR0000151,NCP0000117,Naresh Devi,M,38,9826315456,Kallepally,Balanagar,Mahabubnagar,2025-12-24,HWC screening,121,90,89,29.3,None,Not diagnosed,
NCDR0000152,NCP0000118,Anil Chary,M,58,+91-90185-24730,Narayankhed,Narayankhed,Sangareddy,2025-12-09,HWC screening,150,79,225,21.5,Diabetes,Controlled,2026-02-07
NCDR0000153,NCP0000119,Lalitha Begum,F,48,9893723895,Nermata,Chandur,Nalgonda,2025-11-03,Opportunistic screening,122,81,274,19.1,Diabetes,Uncontrolled,2026-02-01
NCDR0000154,NCP0000120,Anjali Kumar,F,50,+91-96320-02147,Devarakonda,Devarakonda,Nalgonda,2026-01-11,Opportunistic screening,109,89,165,25.4,Diabetes,Controlled,2026-04-11
NCDR0000155,NCP0000121,Santosh Krishna,M,48,9745057244,Gundlapally,Devarakonda,Nalgonda,2026-02-17,HWC screening,110,83,182,19.9,Diabetes,Controlled,2026-05-18
NCDR0000156,NCP0000122,Divya Patel,F,38,9982601319,Chandur,Chandur,Nalgonda,2026-05-30,Opportunistic screening,117,94,155,26.6,None,Not diagnosed,
NCDR0000157,NCP0000122,Divya Patel,F,37,9982601319,Chandur,Chandur,Nalgonda,2026-08-13,Community screening,136,81,104,24.7,None,Not diagnosed,
NCDR0000158,NCP0000123,Santosh Rao,M,65,9702187522,Marrur,Nakrekal,Nalgonda,2026-05-22,Opportunistic screening,124,95,307,18.6,Diabetes,Controlled,2026-06-21
NCDR0000159,NCP0000124,Srinivas,M,53,9978000901,Chandur,Chandur,Nalgonda,2026-01-06,Opportunistic screening,181,92,213,20.9,Hypertension+Diabetes,Controlled,2026-02-05
NCDR0000160,NCP0000124,Sreenivas Mallaiah,M,49,9968000901,Chandur,Chandur,Nalgonda,2026-04-16,Opportunistic screening,163,110,154,21.8,Hypertension+Diabetes,Borderline,2026-07-15
NCDR0000161,NCP0000125,Padma Patel,F,88,9091128606,Balanagar,Balanagar,Mahabubnagar,2025-10-02,HWC screening,111,84,92,25.8,None,Not diagnosed,
NCDR0000162,NCP0000126,Anita Yadav,F,40,,Vemul,Midjil,Mahabubnagar,2025-07-10,Opportunistic screening,175,98,162,26.0,Hypertension,Uncontrolled,2025-09-08
NCDR0000163,NCP0000127,Vinod Rao,M,34,9121639737,Jharasangam,Zaheerabad,Sangareddy,2025-12-04,Community screening,184,97,188,23.5,Hypertension+Diabetes,Uncontrolled,2026-02-02
NCDR0000164,NCP0000128,Sushma Patel,F,19,9270225947,Midjil,Midjil,Mahabubnagar,2025-11-25,Opportunistic screening,147,96,228,31.0,Hypertension+Diabetes,Borderline,2026-02-23
NCDR0000165,NCP0000129,Bhavani Begum,F,56,9820525755,Nermata,Chandur,Nalgonda,2025-08-04,Opportunistic screening,183,100,148,31.8,Hypertension,Borderline,2025-11-02
NCDR0000166,NCP0000130,Divya Chary,F,29,9388254245,Kummarikunta,Chandur,Nalgonda,2025-08-12,Opportunistic screening,118,71,320,32.0,Diabetes,Controlled,2025-10-11
NCDR0000167,NCP0000131,Anjali Jangam,F,51,9109664457,Mangalapally,Nakrekal,Nalgonda,2025-11-10,Opportunistic screening,137,93,248,20.9,Diabetes,Controlled,2026-01-09
NCDR0000168,NCP0000132,Shankar Krishna,M,50,9172996381,Rajapur,Balanagar,Mahabubnagar,2026-04-01,Opportunistic screening,109,69,259,23.9,Diabetes,Uncontrolled,2026-05-31
NCDR0000169,NCP0000133,Naveen Rao,M,58,9689058218,KALLEPALLY,Balanagar,Mahabubnagar,2025-07-21,Opportunistic screening,154,116,132,29.4,Hypertension,Controlled,2025-09-19
NCDR0000170,NCP0000134,Srinivas Mallaiah,M,68,+91-91562-03416,Mogudampally,Zaheerabad,Sangareddy,2026-01-09,Community screening,118,69,257,26.4,Diabetes,Uncontrolled,2026-02-08
NCDR0000171,NCP0000135,Santosh Yadaw,M,57,9288507555,Kondamallepally,Devarakonda,Nalgonda,2025-12-10,Opportunistic screening,144,72,221,28.7,Diabetes,Uncontrolled,2026-03-10
NCDR0000172,NCP0000136,Naveen Naik,M,39,9431589720,Bodajanampe,Balanagar,Mahabubnagar,2025-10-11,HWC screening,138,84,242,24.2,Diabetes,Uncontrolled,2026-01-09
NCDR0000173,NCP0000137,Mohan Jangam,M,38,9962592192,Gangapur,Jadcherla,Mahabubnagar,2025-08-30,HWC screening,168,87,109,27.4,Hypertension,Controlled,2025-10-29
NCDR0000174,NCP0000138,Anil Narsimha,M,41,9856131825,Rajapur,Balanagar,Mahabubnagar,2026-02-03,Opportunistic screening,124,80,142,24.9,None,Not diagnosed,
NCDR0000175,NCP0000139,Sai Laxman,M,37,9920805139,Mogudampally,Zaheerabad,Sangareddy,2026-05-24,HWC screening,142,92,94,21.7,None,Not diagnosed,
NCDR0000176,NCP0000140,Anitha Laxman,F,63,9765981233,Ameenpur,Patancheru,Sangareddy,2025-07-06,HWC screening,145,95,122,22.0,None,Not diagnosed,
NCDR0000177,NCP0000141,Mahesh Reddy,M,57,9949381762,Zaheerabad,Zaheerabad,Sangareddy,2026-04-05,HWC screening,143,91,97,32.7,None,Not diagnosed,
NCDR0000178,NCP0000141,Mahesh Reddy,M,57,9949381762,Zaheerabad,Zaheerabad,Sangareddy,2026-05-20,Community screening,127,93,122,32.8,None,Not diagnosed,
NCDR0000179,NCP0000142,Naveen Shekar,M,58,9035857839,Mogudampally,Zaheerabad,Sangareddy,2026-04-08,HWC screening,175,104,89,24.4,Hypertension,Uncontrolled,2026-07-07
NCDR0000180,NCP0000143,Srilatha Goud,F,19,9133701896,Nomula,Nakrekal,Nalgonda,2026-04-10,Community screening,155,95,130,31.3,Hypertension,Borderline,2026-06-09
NCDR0000181,NCP0000144,Ramesh Mudiraj,M,70,9734917936,Bangarigadda,Chandur,Nalgonda,2025-10-24,Community screening,178,96,251,22.7,Hypertension+Diabetes,Uncontrolled,2025-11-23
NCDR0000182,NCP0000145,Harika Kumar,F,75,9157140720,Devarakonda,Devarakonda,Nalgonda,2026-02-18,Opportunistic screening,111,73,88,22.8,None,Not diagnosed,
NCDR0000183,NCP0000146,Swathi Chary,F,48,+91-98592-85977,Peddadinne,Devarakonda,Nalgonda,2025-08-27,Community screening,126,85,206,19.2,Diabetes,Borderline,2025-11-25
NCDR0000184,NCP0000147,Deepika Mallaiah,F,63,9462345036,Indresham,Patancheru,Sangareddy,2025-10-25,Community screening,181,107,116,34.5,Hypertension,Borderline,2025-11-24
NCDR0000185,NCP0000148,Shankar Shekar,M,25,9637960194,Bodajanampet,Balanagar,Mahabubnagar,2026-02-17,Opportunistic screening,137,92,116,19.0,None,Not diagnosed,
NCDR0000186,NCP0000149,Lakshmi Khan,F,33,9667296627,Patancheru,Patancheru,Sangareddy,2025-07-28,HWC screening,147,79,230,31.1,Diabetes,Controlled,2025-10-26
NCDR0000187,NCP0000149,Lakshmi Khan,F,30,,Patancheru,Patancheru,Sangareddy,2025-11-08,HWC screening,148,95,221,31.3,Diabetes,Uncontrolled,2025-12-08
NCDR0000188,NCP0000150,Kavitha Yadav,F,29,9398476624,Rajapur,Balanagar,Mahabubnagar,2026-04-09,Opportunistic screening,152,86,122,27.0,Hypertension,Controlled,2026-06-08
NCDR0000189,NCP0000150,Kvitha Yadav,F,31,9398476624,Rajapur,Balanagar,Mahabubnagar,2026-05-26,Opportunistic screening,171,93,108,26.9,Hypertension,Borderline,2026-06-25
NCDR0000190,NCP0000151,Praveen Naik,M,38,9745036054,Ameenpur,Patancheru,Sangareddy,2025-07-01,Community screening,156,87,149,32.0,Hypertension,Borderline,2025-09-29
NCDR0000191,NCP0000152,Raghav Begum,M,57,9345872865,DEVARAKONDA,Devarakonda,Nalgonda,2026-05-23,HWC screening,114,82,154,33.1,Diabetes,Uncontrolled,2026-08-21
NCDR0000192,NCP0000153,sobha Naik,F,76,9900148815,Rajapur,Balanagar,Mahabubnagar,2025-11-16,Opportunistic screening,146,109,135,31.4,Hypertension,Controlled,2026-02-14
NCDR0000193,NCP0000154,Shankar Laxman,M,33,9732068410,Patancheru,Patancheru,Sangareddy,2025-11-14,Opportunistic screening,179,106,160,19.8,Hypertension,Uncontrolled,2026-01-13
NCDR0000194,NCP0000155,Venkatesh Shekar,M,58,9229605085,Nakrekal,Nakrekal,Nalgonda,2025-08-13,HWC screening,136,95,116,31.2,None,Not diagnosed,
NCDR0000195,NCP0000155,Venkatesh Shekar,M,58,9226605085,Nakrekal,Nakrekal,Nalgonda,2025-10-13,HWC screening,111,87,92,25.1,None,Not diagnosed,
NCDR0000196,NCP0000155,Venkatesh Shekar,M,59,,Nakrekal,Nakrekal,Nalgonda,2025-11-21,Opportunistic screening,126,85,81,26.8,None,Not diagnosed,
NCDR0000197,NCP0000156,Suresh Chary,M,30,,Kohir,Zaheerabad,Sangareddy,2026-02-22,Community screening,159,84,316,29.5,Hypertension+Diabetes,Borderline,2026-05-23
NCDR0000198,NCP0000157,Arun Devi,M,54,9802361259,Bangarigadda,Chandur,Nalgonda,2025-09-10,HWC screening,178,116,210,28.6,Hypertension+Diabetes,Uncontrolled,2025-12-09
NCDR0000199,NCP0000158,Divya Basha,F,39,9221725407,Kohir,Zaheerabad,Sangareddy,2025-07-18,Opportunistic screening,121,90,240,21.1,Diabetes,Controlled,2025-10-16
NCDR0000200,NCP0000159,Ramesh Reddy,M,49,+91-94340-84939,Bhanu,Patancheru,Sangareddy,2026-01-30,Community screening,170,96,217,22.0,Hypertension+Diabetes,Uncontrolled,2026-04-30
NCDR0000201,NCP0000160,Naveen Begum,M,53,9786523451,Narayankhed,Narayankhed,Sangareddy,2026-03-23,HWC screening,160,89,103,27.0,Hypertension,Uncontrolled,2026-04-22
NCDR0000202,NCP0000161,Bhavani Basha,F,47,9388769002,Gangapur,Jadcherla,Mahabubnagar,2026-01-24,Opportunistic screening,158,105,162,22.8,Hypertension,Controlled,2026-03-25
NCDR0000203,NCP0000162,Padma Yadav,F,67,9585171060,Gangapur,Jadcherla,Mahabubnagar,2026-05-03,Opportunistic screening,142,96,87,18.8,Hypertension,Controlled,2026-08-01
NCDR0000204,NCP0000163,Nirmala Shekar,F,46,9561345595,Gundlapally,Devarakonda,Nalgonda,2026-05-08,Opportunistic screening,119,73,91,31.4,None,Not diagnosed,
NCDR0000205,NCP0000164,Padma Goud,F,52,9418900099,Balanagar,Balanagar,Mahabubnagar,2025-10-15,Opportunistic screening,116,71,324,23.8,Diabetes,Controlled,2026-01-13
NCDR0000206,NCP0000165,Deepik Das,F,47,9989487308,Gundlapally,Devarakonda,Nalgonda,2025-10-29,Community screening,148,69,124,33.0,None,Not diagnosed,
NCDR0000207,NCP0000165,Deepika Das,F,47,9989487308,GUNDLAPALLY,Devarakonda,Nalgonda,2026-02-05,Community screening,129,82,87,22.3,None,Not diagnosed,
NCDR0000208,NCP0000165,Deepika Das,F,48,+91-99894-87308,Gundlapally,Devarakonda,Nalgonda,2026-03-02,Opportunistic screening,113,82,99,34.5,None,Not diagnosed,
NCDR0000209,NCP0000166,Lalitha Das,F,83,9152428055,Kummarikunta,Chandur,Nalgonda,2025-12-22,Community screening,144,83,137,22.6,None,Not diagnosed,
NCDR0000210,NCP0000167,Rajesh Jangam,M,65,9285679163,Velpula,Midjil,Mahabubnagar,2026-04-25,Opportunistic screening,128,75,213,34.2,Diabetes,Uncontrolled,2026-05-25
NCDR0000211,NCP0000168,Shobha Chary,F,69,9991244115,Kohir,Zaheerabad,Sangareddy,2025-10-26,Opportunistic screening,169,91,165,19.3,Hypertension,Borderline,2026-01-24
NCDR0000212,NCP0000169,Raghav Basha,M,46,9391543146,Rajapur,Balanagar,Mahabubnagar,2026-05-04,HWC screening,138,114,328,30.9,Hypertension+Diabetes,Controlled,2026-06-03
NCDR0000213,NCP0000170,Deepika,F,64,9268872332,Macharam,Jadcherla,Mahabubnagar,2025-11-10,Opportunistic screening,181,91,245,30.9,Hypertension+Diabetes,Controlled,2026-02-08
NCDR0000214,NCP0000170,Deepika Basha,F,64,9268872332,Macharam,Jadcherla,Mahabubnagar,2026-01-23,Opportunistic screening,153,101,211,33.3,Hypertension+Diabetes,Uncontrolled,2026-04-23
NCDR0000215,NCP0000171,Nirmala Khan,F,79,9579531482,Kalher,Narayankhed,Sangareddy,2026-03-31,Opportunistic screening,143,98,93,27.1,Hypertension,Controlled,2026-06-29
NCDR0000216,NCP0000172,Lakshmi Reddy,F,69,9810994726,Marrur,Nakrekal,Nalgonda,2026-01-17,Community screening,145,76,151,22.3,Diabetes,Uncontrolled,2026-04-17
NCDR0000217,NCP0000173,Srinivas Rao,M,46,9250778858,Chandur,Chandur,Nalgonda,2026-02-23,Opportunistic screening,112,83,140,34.1,None,Not diagnosed,
NCDR0000218,NCP0000174,Ramesh Jangam,M,74,9001877603,Nermata,Chandur,Nalgonda,2026-05-29,Community screening,145,94,150,22.3,Hypertension,Uncontrolled,2026-06-28
NCDR0000219,NCP0000174,Ramesh Jangam,M,76,9001877603,Nermata,Chandur,Nalgonda,2026-07-17,Community screening,172,109,119,22.9,Hypertension,Uncontrolled,2026-10-15
NCDR0000220,NCP0000175,Ramesh Naik,M,45,9942066634,Ameenpur,Patancheru,Sangareddy,2026-02-27,HWC screening,137,75,99,29.5,None,Not diagnosed,
NCDR0000221,NCP0000176,Ramesh Krishna,M,37,9808768740,Kondamallepally,Devarakonda,Nalgonda,2026-01-04,Opportunistic screening,155,109,285,23.7,Hypertension+Diabetes,Borderline,2026-03-05
NCDR0000222,NCP0000176,Ramesh Krishna,M,35,9808768740,Kondamallepally,Devarakonda,Nalgonda,2026-03-30,Community screening,165,102,176,24.5,Hypertension+Diabetes,Uncontrolled,2026-05-29
NCDR0000223,NCP0000176,Ramesh Krishna,M,37,9808768740,Kondamallepally,Devarakonda,Nalgonda,2026-05-14,Community screening,147,107,325,33.6,Hypertension+Diabetes,Uncontrolled,2026-07-13
NCDR0000224,NCP0000177,Anil Shekar,M,39,9323764493,Gundlapally,Devarakonda,Nalgonda,2026-06-02,HWC screening,114,70,290,31.5,Diabetes,Uncontrolled,2026-08-31
NCDR0000225,NCP0000178,Ramesh Mallaiah,M,49,9440951697,PATANCHERU,Patancheru,Sangareddy,2025-08-16,Opportunistic screening,177,96,95,20.2,Hypertension,Controlled,2025-11-14
NCDR0000226,NCP0000179,Ramesh Naik,M,46,9489195238,Bangarigadda,Chandur,Nalgonda,2025-09-20,HWC screening,140,108,87,31.2,Hypertension,Controlled,2025-12-19
NCDR0000227,NCP0000180,Ravi Shekar,M,59,,KUMMARIKUNTA,Chandur,Nalgonda,2026-02-22,Community screening,143,95,118,32.3,Hypertension,Controlled,2026-04-23
NCDR0000228,NCP0000181,Naveen Chary,M,56,9151936056,Ameenpu,Patancheru,Sangareddy,2025-09-04,Community screening,139,88,87,22.2,Hypertension,Controlled,2025-11-03
NCDR0000229,NCP0000181,Naveen Chary,M,55,9151936056,Ameenpur,Patancheru,Sangareddy,2025-12-18,Community screening,143,102,130,33.6,Hypertension,Controlled,2026-02-16
NCDR0000230,NCP0000182,Padma Krishna,F,51,9876532621,Badepally,Jadcherla,Mahabubnagar,2026-03-19,Community screening,146,89,116,24.7,None,Not diagnosed,
NCDR0000231,NCP0000183,Rajesh Jangam,M,68,9766639997,INDRESHAM,Patancheru,Sangareddy,2026-05-02,Community screening,179,85,162,29.6,Hypertension,Uncontrolled,2026-06-01
NCDR0000232,NCP0000184,Vinod Mudiraj,M,50,9096000610,Kangti,Narayankhed,Sangareddy,2026-05-02,Community screening,140,75,244,21.4,Diabetes,Uncontrolled,2026-07-31
NCDR0000233,NCP0000185,Rajesh Kumar,M,54,9184247471,Kohir,Zaheerabad,Sangareddy,2026-02-10,HWC screening,178,91,134,28.2,Hypertension,Controlled,2026-03-12
NCDR0000234,NCP0000186,Llitha Reddy,F,70,9284296284,Balanagar,Balanagar,Mahabubnagar,2025-09-23,Opportunistic screening,159,110,326,32.0,Hypertension+Diabetes,Uncontrolled,2025-10-23
NCDR0000235,NCP0000187,Mahesh Chary,M,66,9762279325,Indresham,Patancheru,Sangareddy,2026-01-08,Opportunistic screening,144,104,92,33.1,Hypertension,Uncontrolled,2026-04-08
NCDR0000236,NCP0000188,Rani,F,32,9464142371,Gundlapalli,Devarakonda,Nalgonda,2025-09-14,Community screening,135,72,139,32.7,None,Not diagnosed,
NCDR0000237,NCP0000189,Ranee Naik,F,18,9553051662,Mangalapally,Nakrekal,Nalgonda,2025-07-28,HWC screening,155,93,123,30.7,Hypertension,Controlled,2025-10-26
NCDR0000238,NCP0000190,Srinivas Rao,M,49,+91-93533-93318,Devarakonda,Devarakonda,Nalgonda,2025-08-26,Community screening,184,109,315,24.1,Hypertension+Diabetes,Controlled,2025-11-24
NCDR0000239,NCP0000191,Venkatesh Khan,M,24,9309184819,Midjil,Midjil,Mahabubnagar,2026-03-07,Community screening,155,96,165,18.8,Hypertension+Diabetes,Uncontrolled,2026-05-06
NCDR0000240,NCP0000192,Nirmala Yadav,F,76,9768389716,Polepally,Jadcherla,Mahabubnagar,2025-08-08,Community screening,183,101,328,25.7,Hypertension+Diabetes,Borderline,2025-11-06
NCDR0000241,NCP0000192,Nirmala Yadav,F,76,9768389716,Polepally,Jadcherla,Mahabubnagar,2025-10-25,Opportunistic screening,177,106,288,19.2,Hypertension+Diabetes,Controlled,2026-01-23
NCDR0000242,NCP0000192,Nirmala Yadav,F,76,+91-97683-89716,Polepally,Jadcherla,Mahabubnagar,2026-03-20,Opportunistic screening,145,106,282,18.6,Hypertension+Diabetes,Controlled,2026-06-18
NCDR0000243,NCP0000193,Lakshmi Reddy,F,18,9358032354,Donur,Midjil,Mahabubnagar,2025-11-14,Opportunistic screening,152,115,140,27.9,Hypertension,Borderline,2026-02-12
NCDR0000244,NCP0000194,Naveen Jangam,M,18,9641062366,Marrur,Nakrekal,Nalgonda,2026-06-16,Opportunistic screening,142,108,225,30.8,Hypertension+Diabetes,Borderline,2026-08-15
NCDR0000245,NCP0000195,Sritha Jangam,F,41,9490812921,Kallepally,Balanagar,Mahabubnagar,2026-03-12,HWC screening,173,103,145,19.6,Hypertension,Controlled,2026-04-11
NCDR0000246,NCP0000196,Saritha Reddy,F,54,9617846496,Kondamallepalli,Devarakonda,Nalgonda,2025-10-29,Opportunistic screening,131,82,215,19.4,Diabetes,Controlled,2025-12-28
NCDR0000247,NCP0000197,Rajesh Narsimha,M,58,+91-91331-44928,Bangarigadd,Chandur,Nalgonda,2026-04-05,HWC screening,132,78,149,29.7,None,Not diagnosed,
NCDR0000248,NCP0000198,Renuka Jangam,F,71,9592387298,Velpula,Midjil,Mahabubnagar,2025-08-27,HWC screening,152,92,209,22.8,Hypertension+Diabetes,Controlled,2025-11-25
NCDR0000249,NCP0000199,Lakshmi Krishna,F,40,9752327184,Jharasangam,Zaheerabad,Sangareddy,2026-02-25,Community screening,146,72,215,27.3,Diabetes,Controlled,2026-05-26
NCDR0000250,NCP0000200,Naresh Jangam,M,32,9688135686,Bangarigadd,Chandur,Nalgonda,2025-07-03,Community screening,144,102,78,33.5,Hypertension,Uncontrolled,2025-10-01
NCDR0000251,NCP0000201,Rani Devi,F,50,9158708678,Nomul,Nakrekal,Nalgonda,2026-01-05,Opportunistic screening,111,70,189,25.8,Diabetes,Uncontrolled,2026-03-06
NCDR0000252,NCP0000201,Ranee Devi,F,48,9158708678,Nomula,Nakrekal,Nalgonda,2026-03-19,HWC screening,116,73,307,30.9,Diabetes,Uncontrolled,2026-05-18
NCDR0000253,NCP0000202,Vinod Naik,M,51,,Nakrekal,Nakrekal,Nalgonda,2026-02-07,Opportunistic screening,117,87,259,27.7,Diabetes,Uncontrolled,2026-05-08
NCDR0000254,NCP0000203,Raghav Devi,M,28,,Bodajanampet,Balanagar,Mahabubnagar,2026-04-25,Community screening,175,106,158,25.0,Hypertension,Uncontrolled,2026-06-24
NCDR0000255,NCP0000204,Naresh Narsimha,M,61,,Polepally,Jadcherla,Mahabubnagar,2026-01-04,Community screening,114,95,113,29.3,None,Not diagnosed,
NCDR0000256,NCP0000204,Naresh Narsimha,M,63,9013275175,Polepally,Jadcherla,Mahabubnagar,2026-04-04,Community screening,115,71,149,28.9,None,Not diagnosed,
NCDR0000257,NCP0000205,Rames Reddy,M,62,+91-94736-74827,Indresham,Patancheru,Sangareddy,2025-12-02,Opportunistic screening,163,93,90,19.6,Hypertension,Controlled,2026-03-02
NCDR0000258,NCP0000206,Ravi Khan,M,37,9826449694,Kalher,Narayankhed,Sangareddy,2025-11-18,Community screening,119,93,140,25.8,None,Not diagnosed,
NCDR0000259,NCP0000207,Deepika Devi,F,42,9105836363,Ameenpur,Patancheru,Sangareddy,2026-05-26,HWC screening,144,116,272,24.2,Hypertension+Diabetes,Borderline,2026-06-25
NCDR0000260,NCP0000208,Ravi Narsimha,M,47,9070724351,Donur,Midjil,Mahabubnagar,2025-09-27,Opportunistic screening,144,103,157,19.8,Hypertension,Controlled,2025-10-27
NCDR0000261,NCP0000209,Shankar Devi,M,61,9506329297,Patancheru,Patancheru,Sangareddy,2025-09-19,Community screening,115,87,188,20.0,Diabetes,Uncontrolled,2025-12-18
NCDR0000262,NCP0000210,Rani Begum,F,81,9087768182,Nakrekal,Nakrekal,Nalgonda,2026-01-14,Community screening,140,99,269,29.0,Hypertension+Diabetes,Borderline,2026-03-15
NCDR0000263,NCP0000211,Lalitha Khan,F,44,9418192442,Macharam,Jadcherla,Mahabubnagar,2025-09-24,HWC screening,167,104,327,33.4,Hypertension+Diabetes,Uncontrolled,2025-10-24
NCDR0000264,NCP0000211,Lalitha Khan,F,43,9418192442,Macharam,Jadcherla,Mahabubnagar,2025-12-16,Community screening,157,99,279,24.1,Hypertension+Diabetes,Controlled,2026-02-14
NCDR0000265,NCP0000212,Rmesh Basha,M,35,+91-98933-83908,Gangapur,Jadcherla,Mahabubnagar,2026-05-09,Community screening,148,70,122,19.3,None,Not diagnosed,
NCDR0000266,NCP0000213,Shankar Das,M,75,9862648838,Nakreka,Nakrekal,Nalgonda,2025-07-21,Community screening,147,89,109,19.8,Hypertension,Borderline,2025-09-19
NCDR0000267,NCP0000214,Divya Mudiraj,F,38,9141008732,Indresham,Patancheru,Sangareddy,2025-08-24,Opportunistic screening,186,101,231,20.5,Hypertension+Diabetes,Uncontrolled,2025-09-23
NCDR0000268,NCP0000215,Mounika Khan,F,48,9524543068,NOMULA,Nakrekal,Nalgonda,2026-04-06,Community screening,109,81,151,28.5,Diabetes,Borderline,2026-05-06
NCDR0000269,NCP0000216,Saritha Narsimha,F,59,,Balanagar,Balanagar,Mahabubnagar,2025-07-22,Community screening,124,80,212,26.8,Diabetes,Borderline,2025-10-20
NCDR0000270,NCP0000216,Saritha,F,59,9249161990,Balanagar,Balanagar,Mahabubnagar,2025-11-14,Community screening,145,76,265,22.0,Diabetes,Borderline,2025-12-14
NCDR0000271,NCP0000216,Sritha Narsimha,F,59,9249161990,Balanagar,Balanagar,Mahabubnagar,2025-12-13,Opportunistic screening,116,72,178,27.1,Diabetes,Controlled,2026-01-12
NCDR0000272,NCP0000217,Suresh Mallaiah,M,68,9894522020,Mogudampally,Zaheerabad,Sangareddy,2025-07-05,HWC screening,134,77,163,19.5,None,Not diagnosed,
NCDR0000273,NCP0000218,Srinivas Begum,M,58,9753129253,Rajapur,Balanagar,Mahabubnagar,2026-04-24,Opportunistic screening,147,114,134,30.8,Hypertension,Uncontrolled,2026-07-23
NCDR0000274,NCP0000218,Srinivas Begum,M,56,+91-97531-29253,Rajapur,Balanagar,Mahabubnagar,2026-06-27,Community screening,143,105,138,29.3,Hypertension,Borderline,2026-09-25
NCDR0000275,NCP0000219,Shankar Mudiraj,M,54,9047193117,KOHIR,Zaheerabad,Sangareddy,2026-02-01,Opportunistic screening,144,100,84,29.9,Hypertension,Borderline,2026-05-02
NCDR0000276,NCP0000220,Lakshmi Das,F,38,9254180472,Indresham,Patancheru,Sangareddy,2025-07-31,Opportunistic screening,137,96,148,32.6,Diabetes,Controlled,2025-09-29
NCDR0000277,NCP0000220,Lakshmi Das,F,40,+91-92541-80472,Indresham,Patancheru,Sangareddy,2025-11-26,HWC screening,109,95,329,26.0,Diabetes,Controlled,2026-01-25
NCDR0000278,NCP0000221,Aneel Naik,M,22,+91-91506-22306,Nomula,Nakrekal,Nalgonda,2025-07-11,Community screening,165,104,87,23.8,Hypertension,Borderline,2025-09-09
NCDR0000279,NCP0000222,Raju Mallaiah,M,39,9360308302,Nomula,Nakrekal,Nalgonda,2025-12-29,HWC screening,148,90,105,30.3,Hypertension,Controlled,2026-01-28
NCDR0000280,NCP0000223,Anitha Mallaiah,F,49,9274231520,Manoor,Narayankhed,Sangareddy,2026-03-18,Opportunistic screening,142,90,240,22.7,Hypertension+Diabetes,Uncontrolled,2026-05-17
NCDR0000281,NCP0000223,Anitha Mallaiah,F,52,9278231520,MANOOR,Narayankhed,Sangareddy,2026-05-19,Community screening,177,113,323,30.7,Hypertension+Diabetes,Controlled,2026-08-17
NCDR0000282,NCP0000224,Mounika Shekar,F,56,,Ameenpur,Patancheru,Sangareddy,2025-07-18,HWC screening,138,93,106,27.4,Hypertension,Uncontrolled,2025-10-16
NCDR0000283,NCP0000225,Jyothi Goud,F,60,9441390239,Mogudampally,Zaheerabad,Sangareddy,2026-01-21,Opportunistic screening,123,96,78,20.4,None,Not diagnosed,
NCDR0000284,NCP0000225,Jyothi Goud,F,60,9441390239,Mogudampalli,Zaheerabad,Sangareddy,2026-03-28,Community screening,123,86,109,28.3,None,Not diagnosed,
NCDR0000285,NCP0000225,Jyothi Goud,F,58,9441390239,Mogudampally,Zaheerabad,Sangareddy,2026-05-05,HWC screening,107,96,127,28.4,None,Not diagnosed,
NCDR0000286,NCP0000226,Srilatha Shekar,F,68,9930981472,Vemula,Midjil,Mahabubnagar,2026-03-14,HWC screening,177,98,159,24.9,Hypertension,Controlled,2026-06-12
NCDR0000287,NCP0000226,Srilatha Shekar,F,69,9930981472,Vemula,Midjil,Mahabubnagar,2026-05-03,Community screening,151,93,115,28.0,Hypertension,Controlled,2026-07-02
NCDR0000288,NCP0000227,Shobha Shekar,F,35,9260845882,Marrur,Nakrekal,Nalgonda,2026-04-15,Opportunistic screening,138,116,268,28.3,Hypertension+Diabetes,Uncontrolled,2026-07-14
NCDR0000289,NCP0000228,Saritha Kumar,F,65,9978632172,Patancheru,Patancheru,Sangareddy,2026-01-22,Community screening,186,113,299,33.1,Hypertension+Diabetes,Controlled,2026-03-23
NCDR0000290,NCP0000228,Saritha Kumar,F,62,9978632172,Patancheru,Patancheru,Sangareddy,2026-04-14,Community screening,174,112,208,23.5,Hypertension+Diabetes,Uncontrolled,2026-05-14
NCDR0000291,NCP0000229,Deepika Rao,F,88,9392121059,Peddadinne,Devarakonda,Nalgonda,2025-09-19,HWC screening,149,100,107,28.1,Hypertension,Controlled,2025-10-19
NCDR0000292,NCP0000230,Swathi Goud,F,29,9471091907,Chandur,Chandur,Nalgonda,2025-08-16,HWC screening,137,80,106,25.9,None,Not diagnosed,
NCDR0000293,NCP0000231,Anjali Mallaiah,F,35,9312319064,Nermata,Chandur,Nalgonda,2026-03-27,HWC screening,148,106,179,25.5,Hypertension+Diabetes,Uncontrolled,2026-06-25
NCDR0000294,NCP0000232,Vinod Mallaiah,M,40,9531635484,Jharasangam,Zaheerabad,Sangareddy,2025-12-17,Opportunistic screening,139,87,109,23.6,Hypertension,Uncontrolled,2026-02-15
NCDR0000295,NCP0000232,Vinod Mallaiah,M,40,9531635484,Jharasangam,Zaheerabad,Sangareddy,2026-03-30,HWC screening,188,112,145,29.2,Hypertension,Controlled,2026-06-28
NCDR0000296,NCP0000232,Vinod Mallaiah,M,39,9531635484,Jharasangam,Zaheerabad,Sangareddy,2026-06-03,Opportunistic screening,166,102,115,26.6,Hypertension,Controlled,2026-09-01
NCDR0000297,NCP0000233,Suresh Basha,M,34,9240164478,Rajapur,Balanagar,Mahabubnagar,2025-09-08,Opportunistic screening,165,110,165,19.5,Hypertension+Diabetes,Borderline,2025-12-07
NCDR0000298,NCP0000234,Jyothi Reddy,F,71,9095405182,Narayankhe,Narayankhed,Sangareddy,2025-08-23,Opportunistic screening,166,97,134,24.8,Hypertension,Borderline,2025-11-21
NCDR0000299,NCP0000234,Jyothi Reddy,F,70,+91-90954-05182,Narayankhed,Narayankhed,Sangareddy,2025-11-08,Community screening,176,94,138,25.6,Hypertension,Controlled,2026-01-07
NCDR0000300,NCP0000235,Deepika Khan,F,57,9190990586,Mogudampalli,Zaheerabad,Sangareddy,2026-02-14,Opportunistic screening,156,92,290,30.9,Hypertension+Diabetes,Uncontrolled,2026-04-15
NCDR0000301,NCP0000236,Kavitha Das,F,71,9796638908,Macharam,Jadcherla,Mahabubnagar,2025-10-20,HWC screening,117,96,133,31.3,None,Not diagnosed,
NCDR0000302,NCP0000237,Renuka Narsimha,F,42,+91-92896-35139,Rajapur,Balanagar,Mahabubnagar,2026-03-30,Opportunistic screening,171,111,81,31.1,Hypertension,Borderline,2026-04-29
NCDR0000303,NCP0000237,Renuka Narsimha,F,42,9289635139,Rajapur,Balanagar,Mahabubnagar,2026-07-02,Opportunistic screening,172,96,133,29.4,Hypertension,Borderline,2026-08-31
NCDR0000304,NCP0000238,Vinod Goud,M,40,9138023290,Kallepally,Balanagar,Mahabubnagar,2025-11-16,Opportunistic screening,175,110,86,32.3,Hypertension,Uncontrolled,2026-02-14
NCDR0000305,NCP0000238,Vinod Goud,M,40,9138023290,Kallepally,Balanagar,Mahabubnagar,2026-01-08,HWC screening,138,91,137,34.0,Hypertension,Borderline,2026-02-07
NCDR0000306,NCP0000238,Vinod Goud,M,40,9138023290,KALLEPALLY,Balanagar,Mahabubnagar,2026-07-14,HWC screening,163,90,99,27.8,Hypertension,Borderline,2026-09-12
NCDR0000307,NCP0000239,Sai Devi,M,39,9512601292,Chandur,Chandur,Nalgonda,2025-08-08,Opportunistic screening,190,95,216,33.2,Hypertension+Diabetes,Borderline,2025-11-06
NCDR0000308,NCP0000240,Saritha Mudiraj,F,48,9391188385,Bodajanampet,Balanagar,Mahabubnagar,2026-01-11,HWC screening,152,114,99,32.2,Hypertension,Borderline,2026-03-12
NCDR0000309,NCP0000240,Saritha Mudiraj,F,50,9391188385,Bodajanampet,Balanagar,Mahabubnagar,2026-03-28,Community screening,190,87,110,33.2,Hypertension,Uncontrolled,2026-05-27
NCDR0000310,NCP0000241,Vinod Devi,M,54,9303437976,Kangti,Narayankhed,Sangareddy,2026-01-15,Community screening,123,76,136,33.1,None,Not diagnosed,
NCDR0000311,NCP0000241,Vinod Devi,M,53,9303437976,Kangti,Narayankhed,Sangareddy,2026-03-23,Community screening,118,74,116,30.6,None,Not diagnosed,
NCDR0000312,NCP0000242,Mounika Yadav,F,63,9079130808,Marrur,Nakrekal,Nalgonda,2025-12-17,HWC screening,128,80,85,31.8,None,Not diagnosed,
NCDR0000313,NCP0000243,Sriniwas Mudiraj,M,89,+91-97669-56133,Jharasangam,Zaheerabad,Sangareddy,2025-11-06,Opportunistic screening,121,92,239,33.3,Diabetes,Controlled,2025-12-06
NCDR0000314,NCP0000244,Shobha Basha,F,63,9121180513,Manoor,Narayankhed,Sangareddy,2025-12-22,HWC screening,140,88,176,31.2,Hypertension+Diabetes,Uncontrolled,2026-03-22
NCDR0000315,NCP0000245,Harika Basha,F,57,+91-91184-06588,Kummarikunta,Chandur,Nalgonda,2025-12-22,HWC screening,105,82,262,20.6,Diabetes,Controlled,2026-03-22
NCDR0000316,NCP0000246,Anil Laxman,M,67,9285941779,Bangarigadd,Chandur,Nalgonda,2026-04-28,Opportunistic screening,178,97,93,26.4,Hypertension,Borderline,2026-06-27
NCDR0000317,NCP0000247,Nirmala Mudiraj,F,54,9348261206,Mogudampalli,Zaheerabad,Sangareddy,2026-01-22,Opportunistic screening,178,115,157,19.2,Hypertension,Borderline,2026-04-22
NCDR0000318,NCP0000248,Ravi Devi,M,36,9674914413,Kondamallepally,Devarakonda,Nalgonda,2025-07-25,Community screening,181,114,158,32.1,Hypertension,Controlled,2025-10-23
NCDR0000319,NCP0000249,Shobha Narsimha,F,60,9949781963,Devarakonda,Devarakonda,Nalgonda,2025-08-10,Community screening,166,89,94,26.4,Hypertension,Uncontrolled,2025-10-09
NCDR0000320,NCP0000250,Shobha Rao,F,24,9776061342,Devarakonda,Devarakonda,Nalgonda,2025-09-12,Community screening,184,104,164,30.6,Hypertension,Uncontrolled,2025-11-11
NCDR0000321,NCP0000251,Swathi Shekar,F,42,9562492079,Kallepally,Balanagar,Mahabubnagar,2026-02-21,HWC screening,128,81,78,32.6,None,Not diagnosed,
NCDR0000322,NCP0000252,Shobha Jangam,F,50,9660771588,Peddadinne,Devarakonda,Nalgonda,2026-03-26,HWC screening,158,116,127,20.1,Hypertension,Uncontrolled,2026-06-24
NCDR0000323,NCP0000252,Shobha Jangam,F,51,9660771588,Peddadinne,Devarakonda,Nalgonda,2026-06-02,Opportunistic screening,140,98,154,21.0,Hypertension,Borderline,2026-08-01
NCDR0000324,NCP0000253,Ravi Chary,M,39,9251814027,Kummarikunt,Chandur,Nalgonda,2026-05-07,Opportunistic screening,122,96,180,26.1,Diabetes,Borderline,2026-06-06
NCDR0000325,NCP0000254,Pdma Narsimha,F,81,9812033431,Narayankhed,Narayankhed,Sangareddy,2026-06-01,HWC screening,175,92,96,22.3,Hypertension,Controlled,2026-07-31
NCDR0000326,NCP0000255,Jyothi Reddy,F,34,,Donur,Midjil,Mahabubnagar,2026-01-26,Opportunistic screening,141,95,127,21.6,Hypertension,Controlled,2026-02-25
NCDR0000327,NCP0000256,Raju Shekar,M,18,9899104472,Badepally,Jadcherla,Mahabubnagar,2025-10-28,Opportunistic screening,106,71,313,34.2,Diabetes,Uncontrolled,2025-12-27
NCDR0000328,NCP0000257,Arun Reddy,M,45,9371960817,Velpula,Midjil,Mahabubnagar,2026-05-11,Community screening,168,100,143,32.1,Hypertension,Uncontrolled,2026-07-10
NCDR0000329,NCP0000258,Mounika Krishna,F,44,9123014780,Kangti,Narayankhed,Sangareddy,2026-05-22,HWC screening,135,84,320,23.6,Diabetes,Controlled,2026-07-21
NCDR0000330,NCP0000259,Anil Kumar,M,63,9528036124,Kalher,Narayankhed,Sangareddy,2026-03-21,Community screening,124,71,196,31.0,Diabetes,Controlled,2026-05-20
NCDR0000331,NCP0000259,Anil Kumar,M,62,+91-95280-36124,Kalher,Narayankhed,Sangareddy,2026-06-02,Community screening,106,72,242,30.5,Diabetes,Uncontrolled,2026-08-31
NCDR0000332,NCP0000260,Kiran Mudiraj,M,54,9389409255,Patancheru,Patancheru,Sangareddy,2025-11-09,HWC screening,174,96,149,27.7,Hypertension,Controlled,2026-02-07
NCDR0000333,NCP0000261,Santosh Mudiraj,M,87,9189191585,Polepally,Jadcherla,Mahabubnagar,2025-11-30,HWC screening,114,76,152,24.3,None,Not diagnosed,
NCDR0000334,NCP0000261,Santosh Mudiraj,M,87,9189191585,Polepally,Jadcherla,Mahabubnagar,2026-03-22,Community screening,123,83,165,26.7,None,Not diagnosed,
NCDR0000335,NCP0000262,Renuka Chary,F,54,9985053811,Rajapur,Balanagar,Mahabubnagar,2026-03-02,Community screening,141,91,241,30.9,Diabetes,Uncontrolled,2026-05-01
NCDR0000336,NCP0000263,Mounika Shekar,F,47,9843531693,Peddadinne,Devarakonda,Nalgonda,2026-03-20,Community screening,109,68,287,23.7,Diabetes,Controlled,2026-06-18
NCDR0000337,NCP0000264,Suresh Reddy,M,41,9769600009,Jharasangam,Zaheerabad,Sangareddy,2026-03-08,HWC screening,105,96,80,27.6,None,Not diagnosed,
NCDR0000338,NCP0000264,Suresh Reddy,M,40,9769600009,Jharasangam,Zaheerabad,Sangareddy,2026-06-26,Community screening,114,93,84,26.8,None,Not diagnosed,
NCDR0000339,NCP0000265,Kavitha Laxman,F,32,9611604457,MANGALAPALLY,Nakrekal,Nalgonda,2026-05-03,Opportunistic screening,122,93,128,23.5,None,Not diagnosed,
NCDR0000340,NCP0000266,Kavitha Krishna,F,69,9815047890,Kohir,Zaheerabad,Sangareddy,2026-02-15,Community screening,123,92,307,23.5,Diabetes,Uncontrolled,2026-03-17
NCDR0000341,NCP0000266,Kavitha Krishna,F,68,9815047890,Kohir,Zaheerabad,Sangareddy,2026-04-18,Community screening,114,91,326,18.5,Diabetes,Borderline,2026-07-17
NCDR0000342,NCP0000267,Diwya Begum,F,88,9060672234,Gangapur,Jadcherla,Mahabubnagar,2026-03-03,HWC screening,120,87,319,20.4,Diabetes,Borderline,2026-05-02
NCDR0000343,NCP0000268,Praveen Jangam,M,40,9058492289,Marrur,Nakrekal,Nalgonda,2025-07-09,HWC screening,126,88,311,32.9,Diabetes,Controlled,2025-09-07
NCDR0000344,NCP0000268,Prveen Jangam,M,42,9058492289,Marrur,Nakrekal,Nalgonda,2025-10-09,Opportunistic screening,110,85,173,31.5,Diabetes,Controlled,2026-01-07
NCDR0000345,NCP0000268,Praveen Jangam,M,42,9058492289,Marrur,Nakrekal,Nalgonda,2026-03-04,Community screening,142,83,220,28.1,Diabetes,Borderline,2026-05-03
NCDR0000346,NCP0000269,Harika Narsimha,F,35,9066229866,Gundlapally,Devarakonda,Nalgonda,2025-12-19,HWC screening,133,68,155,21.3,Diabetes,Controlled,2026-02-17
NCDR0000347,NCP0000269,Harika Narsimha,F,35,9066229866,Gundlapally,Devarakonda,Nalgonda,2026-03-15,Opportunistic screening,129,78,261,25.9,Diabetes,Borderline,2026-05-14
NCDR0000348,NCP0000269,Harika Narsimha,F,35,9066229866,GUNDLAPALLY,Devarakonda,Nalgonda,2026-04-14,Opportunistic screening,130,72,254,22.6,Diabetes,Uncontrolled,2026-06-13
NCDR0000349,NCP0000270,Mounika Rao,F,49,9061112422,Chandur,Chandur,Nalgonda,2025-10-10,HWC screening,134,75,278,32.4,Diabetes,Controlled,2025-12-09
NCDR0000350,NCP0000270,Mounika Rao,F,49,9061112222,Chandur,Chandur,Nalgonda,2026-01-15,HWC screening,128,84,261,21.1,Diabetes,Borderline,2026-03-16
NCDR0000351,NCP0000270,Mounik Rao,F,49,,Chandur,Chandur,Nalgonda,2026-02-05,Community screening,133,78,241,30.8,Diabetes,Borderline,2026-04-06
NCDR0000352,NCP0000271,Renuka Devi,F,67,9545261495,Balanagar,Balanagar,Mahabubnagar,2025-11-29,HWC screening,170,99,177,31.0,Hypertension+Diabetes,Borderline,2026-02-27
NCDR0000353,NCP0000271,Renuka Devi,F,68,9545261495,Balanagar,Balanagar,Mahabubnagar,2026-03-16,Opportunistic screening,183,93,174,22.2,Hypertension+Diabetes,Uncontrolled,2026-06-14
NCDR0000354,NCP0000272,Raju Shekar,M,88,,Bangarigadda,Chandur,Nalgonda,2025-12-05,HWC screening,128,86,189,34.0,Diabetes,Borderline,2026-03-05
NCDR0000355,NCP0000273,Deepika Narsimha,F,60,9253459521,Kummarikunta,Chandur,Nalgonda,2025-09-27,Opportunistic screening,148,90,296,22.2,Diabetes,Borderline,2025-12-26
NCDR0000356,NCP0000274,Kirn Begum,M,28,9453813181,Mogudampally,Zaheerabad,Sangareddy,2026-03-21,Opportunistic screening,139,111,111,33.3,Hypertension,Uncontrolled,2026-04-20
NCDR0000357,NCP0000275,Anjali Begum,F,66,9256593193,Kallepally,Balanagar,Mahabubnagar,2026-03-17,Community screening,110,89,122,24.2,None,Not diagnosed,
NCDR0000358,NCP0000275,Anjali Begum,F,66,,Kallepally,Balanagar,Mahabubnagar,2026-05-04,HWC screening,129,96,106,30.4,None,Not diagnosed,
NCDR0000359,NCP0000275,Anjali Begum,F,64,9256593173,Kallepally,Balanagar,Mahabubnagar,2026-06-29,Opportunistic screening,125,76,105,20.5,None,Not diagnosed,
NCDR0000360,NCP0000276,Mounika Kumar,F,61,+91-95089-03840,Kangti,Narayankhed,Sangareddy,2026-04-23,Opportunistic screening,128,85,155,22.1,Diabetes,Controlled,2026-07-22
NCDR0000361,NCP0000277,Swathi Rao,F,20,,Kalher,Narayankhed,Sangareddy,2025-09-21,Community screening,134,95,144,27.1,None,Not diagnosed,
NCDR0000362,NCP0000277,Swathi Rao,F,18,9115414412,Kalher,Narayankhed,Sangareddy,2026-01-09,Opportunistic screening,129,68,100,28.0,None,Not diagnosed,
NCDR0000363,NCP0000278,Sushma Basha,F,43,9173503702,Marrur,Nakrekal,Nalgonda,2026-05-03,Opportunistic screening,149,75,271,20.2,Diabetes,Borderline,2026-06-02
NCDR0000364,NCP0000278,Sushma Basha,F,40,9173503702,MARRUR,Nakrekal,Nalgonda,2026-07-10,HWC screening,115,73,285,30.7,Diabetes,Uncontrolled,2026-09-08
NCDR0000365,NCP0000279,Arun Shekar,M,41,9436150613,MARRUR,Nakrekal,Nalgonda,2026-01-26,Opportunistic screening,109,94,119,29.9,None,Not diagnosed,
NCDR0000366,NCP0000280,Suresh Begum,M,39,9063564346,Velpula,Midjil,Mahabubnagar,2025-10-14,HWC screening,147,72,153,30.8,Diabetes,Controlled,2026-01-12
NCDR0000367,NCP0000281,Laksmi Jangam,F,65,9159953053,Mogudampally,Zaheerabad,Sangareddy,2026-04-03,Community screening,121,94,187,29.1,Diabetes,Borderline,2026-05-03
NCDR0000368,NCP0000281,Lakshmi Jangam,F,65,9159953053,MOGUDAMPALLY,Zaheerabad,Sangareddy,2026-06-17,HWC screening,134,88,328,32.9,Diabetes,Borderline,2026-09-15
NCDR0000369,NCP0000282,Kiran Krishna,M,66,9670022526,Jharasangam,Zaheerabad,Sangareddy,2026-06-16,Community screening,170,114,110,25.1,Hypertension,Uncontrolled,2026-07-16
NCDR0000370,NCP0000283,Venkatesh Krishna,M,50,9918628533,Mogudampally,Zaheerabad,Sangareddy,2025-07-07,Community screening,186,97,99,30.0,Hypertension,Uncontrolled,2025-08-06
NCDR0000371,NCP0000284,Nveen Reddy,M,33,9241079177,Devarakonda,Devarakonda,Nalgonda,2025-07-10,HWC screening,139,111,130,21.7,Hypertension,Uncontrolled,2025-10-08
NCDR0000372,NCP0000285,Shobha Narsimha,F,46,9487796944,Polepally,Jadcherla,Mahabubnagar,2026-06-02,HWC screening,151,91,253,22.2,Hypertension+Diabetes,Borderline,2026-08-01
NCDR0000373,NCP0000286,Padma Krishna,F,34,9295841099,Peddadinne,Devarakonda,Nalgonda,2025-09-08,Community screening,166,101,151,23.2,Hypertension+Diabetes,Uncontrolled,2025-10-08
NCDR0000374,NCP0000287,Anitha Rao,F,59,9540875088,Ameenpur,Patancheru,Sangareddy,2025-08-23,Opportunistic screening,108,68,149,31.8,Diabetes,Controlled,2025-11-21
NCDR0000375,NCP0000288,Ramesh Jangam,M,35,9526437861,Rajapur,Balanagar,Mahabubnagar,2025-07-19,HWC screening,137,68,139,26.6,None,Not diagnosed,
NCDR0000376,NCP0000288,Ramesh Jangam,M,35,9526437861,Rajapur,Balanagar,Mahabubnagar,2025-09-09,Community screening,136,70,140,21.2,None,Not diagnosed,
NCDR0000377,NCP0000289,Raghav Shekar,M,56,9429031280,Kummarikunta,Chandur,Nalgonda,2025-07-03,Community screening,143,70,127,24.5,None,Not diagnosed,
NCDR0000378,NCP0000289,Raghav sekar,M,58,,Kummarikunta,Chandur,Nalgonda,2025-09-30,Community screening,147,85,126,26.1,None,Not diagnosed,
NCDR0000379,NCP0000290,Suresh Laxman,M,61,9473160081,Nermata,Chandur,Nalgonda,2026-01-25,Community screening,177,100,107,19.3,Hypertension,Borderline,2026-04-25
NCDR0000380,NCP0000291,Kavitha Mudiraj,F,42,9676533548,PEDDADINNE,Devarakonda,Nalgonda,2026-04-25,Community screening,135,80,145,26.7,None,Not diagnosed,
NCDR0000381,NCP0000291,Kavitha Mudiraj,F,42,9676533548,PEDDADINNE,Devarakonda,Nalgonda,2026-06-26,Community screening,142,93,157,24.1,None,Not diagnosed,
NCDR0000382,NCP0000292,Vinod Begum,M,56,9733288201,Kummarikunta,Chandur,Nalgonda,2026-05-29,Community screening,181,114,86,21.8,Hypertension,Borderline,2026-06-28
NCDR0000383,NCP0000293,nitha Shekar,F,63,9800729910,Midjil,Midjil,Mahabubnagar,2025-08-29,HWC screening,180,116,94,31.1,Hypertension,Uncontrolled,2025-11-27
NCDR0000384,NCP0000293,Anitha Shekar,F,63,+91-98007-29910,Midji,Midjil,Mahabubnagar,2025-11-25,Community screening,179,87,138,31.2,Hypertension,Borderline,2026-02-23
NCDR0000385,NCP0000293,Anitha Shekar,F,63,9800729910,Midjil,Midjil,Mahabubnagar,2025-11-27,Community screening,153,90,141,19.0,Hypertension,Borderline,2026-02-25
NCDR0000386,NCP0000294,Shobha Naik,F,44,9309742095,Macharam,Jadcherla,Mahabubnagar,2026-05-03,Community screening,128,91,123,34.0,None,Not diagnosed,
NCDR0000387,NCP0000295,Srinivas Jangam,M,65,9666707173,KONDAMALLEPALLY,Devarakonda,Nalgonda,2025-11-12,Community screening,159,95,107,32.4,Hypertension,Uncontrolled,2026-01-11
NCDR0000388,NCP0000295,Srinivas Jangam,M,61,9666707373,Kondamallepally,Devarakonda,Nalgonda,2026-02-09,HWC screening,157,89,164,30.1,Hypertension,Borderline,2026-03-11
NCDR0000389,NCP0000296,Suresh Chary,M,48,,Kondamallepally,Devarakonda,Nalgonda,2025-10-11,Community screening,155,110,272,22.8,Hypertension+Diabetes,Borderline,2026-01-09
NCDR0000390,NCP0000296,Suresh Chary,M,45,9887280818,Kondamallepally,Devarakonda,Nalgonda,2025-12-08,Community screening,142,92,288,22.2,Hypertension+Diabetes,Controlled,2026-02-06
NCDR0000391,NCP0000297,Rani Goud,F,58,9068925694,Kohir,Zaheerabad,Sangareddy,2025-08-09,Opportunistic screening,156,86,161,28.5,Hypertension,Borderline,2025-09-08
NCDR0000392,NCP0000298,Jyothi Mallaiah,F,55,9999545946,Marrur,Nakrekal,Nalgonda,2026-05-30,HWC screening,186,107,268,30.3,Hypertension+Diabetes,Uncontrolled,2026-08-28
NCDR0000393,NCP0000299,Santosh Rao,M,39,9045359811,Gangapur,Jadcherla,Mahabubnagar,2026-01-09,HWC screening,142,89,158,31.4,Diabetes,Borderline,2026-04-09
NCDR0000394,NCP0000299,Santosh Rao,M,40,9045359811,Gangapur,Jadcherla,Mahabubnagar,2026-03-27,HWC screening,150,73,203,29.5,Diabetes,Uncontrolled,2026-05-26
NCDR0000395,NCP0000300,Deepika Kumar,F,59,+91-93625-25875,Kalher,Narayankhed,Sangareddy,2026-06-12,HWC screening,119,69,148,25.3,None,Not diagnosed,
NCDR0000396,NCP0000301,Srilatha Basha,F,85,9613682020,Narayankhed,Narayankhed,Sangareddy,2025-11-20,Opportunistic screening,142,79,234,24.7,Diabetes,Borderline,2026-02-18
NCDR0000397,NCP0000301,Srilatha Basha,F,84,9613682020,NARAYANKHED,Narayankhed,Sangareddy,2026-01-23,Opportunistic screening,130,81,307,30.0,Diabetes,Borderline,2026-02-22
NCDR0000398,NCP0000302,Vinod Naik,M,53,+91-94462-24555,Bhanur,Patancheru,Sangareddy,2025-07-01,Community screening,125,79,223,20.5,Diabetes,Controlled,2025-09-29
NCDR0000399,NCP0000303,Arun Reddy,M,57,9178505576,BANGARIGADDA,Chandur,Nalgonda,2025-08-29,HWC screening,121,69,123,20.7,None,Not diagnosed,
NCDR0000400,NCP0000304,Jyothi Goud,F,44,9815927753,AMEENPUR,Patancheru,Sangareddy,2026-02-04,Opportunistic screening,160,103,79,22.8,Hypertension,Borderline,2026-03-06
NCDR0000401,NCP0000304,Jyothi Goud,F,46,9815927753,Ameenpur,Patancheru,Sangareddy,2026-04-09,Community screening,164,88,96,19.0,Hypertension,Uncontrolled,2026-05-09
NCDR0000402,NCP0000305,Naresh Rao,M,59,9146708688,POLEPALLY,Jadcherla,Mahabubnagar,2025-08-29,Opportunistic screening,119,68,89,20.5,None,Not diagnosed,
NCDR0000403,NCP0000306,Anitha Das,F,54,9106764080,Vemula,Midjil,Mahabubnagar,2025-09-09,Opportunistic screening,189,104,320,30.7,Hypertension+Diabetes,Uncontrolled,2025-12-08
NCDR0000404,NCP0000307,Sushma Narsimha,F,32,9613187646,Indresham,Patancheru,Sangareddy,2026-02-03,Community screening,128,76,137,31.3,None,Not diagnosed,
NCDR0000405,NCP0000308,Jyoti Khan,F,49,9096121843,Kalher,Narayankhed,Sangareddy,2026-01-03,Community screening,152,113,196,33.7,Hypertension+Diabetes,Controlled,2026-03-04
NCDR0000406,NCP0000309,Suresh Krishna,M,51,9312396771,Vemula,Midjil,Mahabubnagar,2025-09-27,Community screening,141,113,80,19.0,Hypertension,Borderline,2025-11-26
NCDR0000407,NCP0000309,Suresh Krishna,M,51,9312396771,Vemula,Midjil,Mahabubnagar,2026-01-13,Community screening,146,92,157,32.0,Hypertension,Controlled,2026-04-13
NCDR0000408,NCP0000310,Ravi Mallaiah,M,40,9836481191,Zaheerabad,Zaheerabad,Sangareddy,2026-06-10,Community screening,145,101,237,30.2,Hypertension+Diabetes,Borderline,2026-08-09
NCDR0000409,NCP0000311,Nirmala Mudiraj,F,44,,Nakrekal,Nakrekal,Nalgonda,2026-04-02,Opportunistic screening,142,101,152,26.0,Hypertension,Borderline,2026-05-02
NCDR0000410,NCP0000312,Santosh Reddy,M,61,,BODAJANAMPET,Balanagar,Mahabubnagar,2026-03-19,Community screening,145,90,199,23.9,Hypertension+Diabetes,Uncontrolled,2026-04-18
NCDR0000411,NCP0000313,Rani Mudiraj,F,60,9143523158,Kalher,Narayankhed,Sangareddy,2026-04-19,Community screening,166,114,229,23.1,Hypertension+Diabetes,Controlled,2026-07-18
NCDR0000412,NCP0000314,Praveen Patel,M,20,9166689323,Donur,Midjil,Mahabubnagar,2025-09-30,Community screening,155,92,194,21.7,Hypertension+Diabetes,Borderline,2025-10-30
NCDR0000413,NCP0000315,Suresh Ptel,M,38,9032447636,Vemula,Midjil,Mahabubnagar,2026-05-15,Opportunistic screening,127,74,330,28.4,Diabetes,Uncontrolled,2026-07-14
NCDR0000414,NCP0000316,Santosh Das,M,62,9180846400,Ameenpur,Patancheru,Sangareddy,2025-08-17,Community screening,177,108,263,20.9,Hypertension+Diabetes,Controlled,2025-10-16
NCDR0000415,NCP0000317,Jyoti Laxman,F,61,9397193733,Kangti,Narayankhed,Sangareddy,2026-02-26,Community screening,132,77,160,25.7,Diabetes,Uncontrolled,2026-03-28
NCDR0000416,NCP0000318,Ravi Begum,M,36,9322716441,Indresham,Patancheru,Sangareddy,2026-03-12,Opportunistic screening,141,87,215,21.4,Diabetes,Uncontrolled,2026-05-11
NCDR0000417,NCP0000318,Ravi Begum,M,36,+91-93227-16441,Indresham,Patancheru,Sangareddy,2026-07-03,Opportunistic screening,144,77,235,30.5,Diabetes,Uncontrolled,2026-09-01
NCDR0000418,NCP0000319,Mahesh Reddy,M,43,9228342303,Balanagar,Balanagar,Mahabubnagar,2025-12-27,HWC screening,135,74,177,26.8,Diabetes,Borderline,2026-03-27
NCDR0000419,NCP0000320,Deepika Begum,F,50,9805957891,Devarakonda,Devarakonda,Nalgonda,2025-10-29,Community screening,157,94,126,23.0,Hypertension,Uncontrolled,2026-01-27
NCDR0000420,NCP0000321,Sai Naik,M,48,9933356525,Nermata,Chandur,Nalgonda,2025-10-14,HWC screening,148,80,208,28.0,Diabetes,Borderline,2025-12-13
NCDR0000421,NCP0000322,Ravi Goud,M,67,9678149474,Vemula,Midjil,Mahabubnagar,2026-04-05,Community screening,154,94,96,31.2,Hypertension,Uncontrolled,2026-06-04
NCDR0000422,NCP0000322,Rvi Goud,M,67,9678149474,Vemula,Midjil,Mahabubnagar,2026-06-01,Community screening,151,108,90,24.6,Hypertension,Uncontrolled,2026-07-31
NCDR0000423,NCP0000323,Vinod Devi,M,18,+91-99857-62331,Mogudampall,Zaheerabad,Sangareddy,2025-10-30,Opportunistic screening,189,102,234,22.1,Hypertension+Diabetes,Borderline,2025-11-29
NCDR0000424,NCP0000324,Saritha Narsimha,F,69,9384789896,Bangarigadda,Chandur,Nalgonda,2025-12-06,HWC screening,184,97,111,33.7,Hypertension,Controlled,2026-03-06
NCDR0000425,NCP0000325,Ravi Mudiraj,M,34,9731272383,PEDDADINNE,Devarakonda,Nalgonda,2026-06-14,Community screening,154,112,104,23.4,Hypertension,Borderline,2026-08-13
NCDR0000426,NCP0000326,Sushma Narsimha,F,37,9011137422,Kohir,Zaheerabad,Sangareddy,2026-04-21,HWC screening,122,68,228,19.8,Diabetes,Controlled,2026-06-20
NCDR0000427,NCP0000327,Sushma Das,F,34,9443777579,Kohir,Zaheerabad,Sangareddy,2026-01-17,HWC screening,171,92,245,29.9,Hypertension+Diabetes,Uncontrolled,2026-03-18
NCDR0000428,NCP0000328,Raghav Das,M,18,9858439779,Bangarigadda,Chandur,Nalgonda,2025-09-08,Opportunistic screening,133,84,205,27.7,Diabetes,Controlled,2025-12-07
NCDR0000429,NCP0000329,Swathi Devi,F,57,9580202128,Jharasangam,Zaheerabad,Sangareddy,2026-06-14,HWC screening,144,87,148,23.8,Diabetes,Borderline,2026-08-13
NCDR0000430,NCP0000330,Anil Mallaiah,M,73,9936933267,Nomula,Nakrekal,Nalgonda,2026-01-05,Community screening,168,84,80,25.8,Hypertension,Uncontrolled,2026-04-05
NCDR0000431,NCP0000331,Naresh Devee,M,40,9664379472,Gangapur,Jadcherla,Mahabubnagar,2026-06-01,HWC screening,130,80,101,34.1,None,Not diagnosed,
NCDR0000432,NCP0000331,Naresh Devi,M,42,9664379472,GANGAPUR,Jadcherla,Mahabubnagar,2026-07-28,Opportunistic screening,123,92,116,29.2,None,Not diagnosed,
NCDR0000433,NCP0000332,Nirmla Laxman,F,72,9147839941,Bangarigadda,Chandur,Nalgonda,2025-12-19,HWC screening,119,80,142,24.5,None,Not diagnosed,
NCDR0000434,NCP0000333,Lalitha Reddy,F,46,+91-94423-08675,Manoor,Narayankhed,Sangareddy,2025-11-15,HWC screening,112,95,165,31.1,None,Not diagnosed,
NCDR0000435,NCP0000334,Praveen Devi,M,29,9620878104,KANGTI,Narayankhed,Sangareddy,2025-11-23,HWC screening,150,75,238,20.7,Diabetes,Controlled,2026-01-22
NCDR0000436,NCP0000335,Jyothi Yadav,F,22,+91-98357-93200,Polepally,Jadcherla,Mahabubnagar,2026-03-16,HWC screening,190,108,243,31.7,Hypertension+Diabetes,Uncontrolled,2026-04-15
NCDR0000437,NCP0000336,Anil Goud,M,52,9146840239,KONDAMALLEPALLY,Devarakonda,Nalgonda,2025-09-29,Community screening,112,95,179,22.5,Diabetes,Borderline,2025-10-29
NCDR0000438,NCP0000337,Rani Chary,F,36,9367870284,Nakrekal,Nakrekal,Nalgonda,2026-01-26,Community screening,114,92,211,18.8,Diabetes,Controlled,2026-02-25
NCDR0000439,NCP0000338,Rajesh Mudiraj,M,66,9140005385,Velpul,Midjil,Mahabubnagar,2025-09-30,Community screening,126,95,218,26.1,Diabetes,Borderline,2025-10-30
NCDR0000440,NCP0000338,Rajesh Mudiraj,M,66,9140005385,Velpula,Midjil,Mahabubnagar,2025-12-29,Community screening,142,91,276,33.1,Diabetes,Uncontrolled,2026-01-28
NCDR0000441,NCP0000339,Anil Mallaiah,M,30,9964343562,Jharasangam,Zaheerabad,Sangareddy,2026-03-07,Opportunistic screening,143,93,263,27.7,Diabetes,Borderline,2026-05-06
NCDR0000442,NCP0000340,Rani Goud,F,71,9683995229,Donur,Midjil,Mahabubnagar,2025-12-17,HWC screening,152,109,118,31.4,Hypertension,Borderline,2026-01-16
NCDR0000443,NCP0000341,Jyothi Rao,F,35,9584505273,Narayankhed,Narayankhed,Sangareddy,2025-07-10,Opportunistic screening,145,88,153,33.1,Diabetes,Uncontrolled,2025-08-09
NCDR0000444,NCP0000341,Jyothi Rao,F,35,9584505273,Narayankhed,Narayankhed,Sangareddy,2025-09-23,HWC screening,126,84,302,27.9,Diabetes,Controlled,2025-11-22
NCDR0000445,NCP0000342,Venkatesh Naik,M,39,9351309311,GANGAPUR,Jadcherla,Mahabubnagar,2026-02-20,Opportunistic screening,180,101,304,26.6,Hypertension+Diabetes,Uncontrolled,2026-05-21
NCDR0000446,NCP0000342,Venkatesh Naik,M,38,9351309311,Gangapur,Jadcherla,Mahabubnagar,2026-06-06,Opportunistic screening,165,100,324,19.4,Hypertension+Diabetes,Uncontrolled,2026-08-05
NCDR0000447,NCP0000343,Kiran Rao,M,41,9740627907,Bhanur,Patancheru,Sangareddy,2026-05-16,Opportunistic screening,142,88,93,20.2,None,Not diagnosed,
NCDR0000448,NCP0000344,Swathi Rao,F,50,9757826930,Manoor,Narayankhed,Sangareddy,2026-05-17,HWC screening,151,90,121,20.2,Hypertension,Borderline,2026-08-15
NCDR0000449,NCP0000345,Naveen Mudiraj,M,40,9223634273,Kalher,Narayankhed,Sangareddy,2026-01-26,HWC screening,114,94,294,25.8,Diabetes,Controlled,2026-04-26
NCDR0000450,NCP0000346,Shankar Reddy,M,73,9382903694,Bangarigadd,Chandur,Nalgonda,2026-04-06,Opportunistic screening,139,93,162,26.1,Hypertension,Borderline,2026-05-06
NCDR0000451,NCP0000347,Deepika Laxman,F,45,9848517880,VELPULA,Midjil,Mahabubnagar,2026-05-16,HWC screening,113,74,160,34.4,None,Not diagnosed,
NCDR0000452,NCP0000348,Mounika Goud,F,71,9449470513,Kummarikunta,Chandur,Nalgonda,2026-05-23,HWC screening,174,93,169,24.6,Hypertension+Diabetes,Controlled,2026-07-22
NCDR0000453,NCP0000349,Naveen Devi,M,39,9314075934,Mangalapally,Nakrekal,Nalgonda,2026-03-01,Community screening,112,69,133,19.8,None,Not diagnosed,
NCDR0000454,NCP0000350,Raju Mallaiah,M,58,9074123488,Mogudampally,Zaheerabad,Sangareddy,2026-02-06,Opportunistic screening,148,108,157,32.9,Hypertension,Uncontrolled,2026-03-08
NCDR0000455,NCP0000351,Sai Chary,M,46,9848068135,Polepalli,Jadcherla,Mahabubnagar,2026-05-02,Opportunistic screening,169,116,165,25.9,Hypertension+Diabetes,Uncontrolled,2026-07-01
NCDR0000456,NCP0000352,Santosh Goud,M,47,+91-92983-12164,NOMULA,Nakrekal,Nalgonda,2026-01-23,HWC screening,166,116,109,23.2,Hypertension,Controlled,2026-03-24
NCDR0000457,NCP0000353,Harika Goud,F,65,9677945685,Midjil,Midjil,Mahabubnagar,2025-12-26,Opportunistic screening,117,86,114,29.2,None,Not diagnosed,
NCDR0000458,NCP0000354,Lalitha Begum,F,45,9496913894,MOGUDAMPALLY,Zaheerabad,Sangareddy,2025-12-11,Community screening,107,75,176,20.1,Diabetes,Uncontrolled,2026-01-10
NCDR0000459,NCP0000355,Lakshmi Goud,F,18,+91-98867-84070,Kohir,Zaheerabad,Sangareddy,2026-03-11,Community screening,149,111,79,27.0,Hypertension,Uncontrolled,2026-06-09
NCDR0000460,NCP0000355,Lakshmi Goud,F,19,+91-98867-84070,Kohir,Zaheerabad,Sangareddy,2026-06-17,HWC screening,142,106,85,34.1,Hypertension,Borderline,2026-07-17
NCDR0000461,NCP0000356,Rani Shekar,F,42,9622507085,Indresham,Patancheru,Sangareddy,2026-06-06,Community screening,190,90,97,20.8,Hypertension,Controlled,2026-07-06
NCDR0000462,NCP0000357,Srinivas Goud,M,49,9381264022,Marrur,Nakrekal,Nalgonda,2025-12-04,HWC screening,154,92,142,33.3,Hypertension,Controlled,2026-01-03
NCDR0000463,NCP0000358,Rajesh Mallaiah,M,18,+91-97981-34725,BHANUR,Patancheru,Sangareddy,2025-08-10,Community screening,105,86,296,21.6,Diabetes,Uncontrolled,2025-11-08
NCDR0000464,NCP0000359,Sai Laxman,M,39,9444028700,Ameenpur,Patancheru,Sangareddy,2026-02-14,HWC screening,140,96,93,25.5,None,Not diagnosed,
NCDR0000465,NCP0000359,Sai Laxman,M,39,9444028700,Ameenpu,Patancheru,Sangareddy,2026-04-17,Opportunistic screening,145,94,133,18.5,None,Not diagnosed,
NCDR0000466,NCP0000360,Arun Das,M,65,,Donur,Midjil,Mahabubnagar,2026-05-22,Community screening,139,91,153,20.9,Hypertension,Uncontrolled,2026-06-21
NCDR0000467,NCP0000361,Swathi Narsimha,F,35,9563132036,Midjil,Midjil,Mahabubnagar,2025-08-29,Community screening,133,85,136,33.2,None,Not diagnosed,
NCDR0000468,NCP0000361,Swathi Narsimha,F,33,9563132036,Midjil,Midjil,Mahabubnagar,2025-12-14,Community screening,124,69,111,20.4,None,Not diagnosed,
NCDR0000469,NCP0000362,Rani Yadav,F,19,,Nomula,Nakrekal,Nalgonda,2026-03-28,HWC screening,183,84,138,24.8,Hypertension,Controlled,2026-04-27
NCDR0000470,NCP0000363,Suresh Kumar,M,81,9546311625,Mogudampalli,Zaheerabad,Sangareddy,2025-08-13,Community screening,106,79,167,27.8,Diabetes,Borderline,2025-11-11
NCDR0000471,NCP0000364,Divya Kumar,F,42,9768383491,Kummarikunta,Chandur,Nalgonda,2026-04-01,Opportunistic screening,184,105,81,22.1,Hypertension,Controlled,2026-05-31
NCDR0000472,NCP0000364,Divya Kumar,F,38,9768383491,Kummarikunta,Chandur,Nalgonda,2026-06-01,Community screening,155,93,90,29.9,Hypertension,Controlled,2026-08-30
NCDR0000473,NCP0000365,Naresh Chary,M,59,9731816254,Donur,Midjil,Mahabubnagar,2025-09-11,Opportunistic screening,134,74,81,28.8,None,Not diagnosed,
NCDR0000474,NCP0000366,Nirmala Laxman,F,60,9910298970,Gundlapally,Devarakonda,Nalgonda,2026-06-03,Community screening,107,91,305,33.2,Diabetes,Borderline,2026-08-02
NCDR0000475,NCP0000367,Lakshmi Yadav,F,82,9507459876,Patancheru,Patancheru,Sangareddy,2026-05-25,Opportunistic screening,133,81,155,21.1,Diabetes,Borderline,2026-08-23
NCDR0000476,NCP0000368,Sai Devi,M,86,9564462668,Marrur,Nakrekal,Nalgonda,2026-05-21,Opportunistic screening,146,85,314,29.8,Hypertension+Diabetes,Uncontrolled,2026-08-19
NCDR0000477,NCP0000369,Saritha Mudiraj,F,45,,Chandur,Chandur,Nalgonda,2025-08-27,HWC screening,158,93,78,25.0,Hypertension,Controlled,2025-09-26
NCDR0000478,NCP0000370,Renuka Goud,F,18,9824016040,Bangarigadda,Chandur,Nalgonda,2025-07-06,HWC screening,130,84,223,18.9,Diabetes,Controlled,2025-09-04
NCDR0000479,NCP0000371,Mahes Kumar,M,75,9212914596,Nakreka,Nakrekal,Nalgonda,2026-05-30,Community screening,158,99,139,31.2,Hypertension,Controlled,2026-07-29
NCDR0000480,NCP0000371,Mahesh Kumar,M,73,9212914596,Nakrekal,Nakrekal,Nalgonda,2026-07-30,Opportunistic screening,188,113,138,32.6,Hypertension,Controlled,2026-09-28
NCDR0000481,NCP0000372,Sushma Begum,F,27,9685296714,Patancheru,Patancheru,Sangareddy,2025-08-12,Opportunistic screening,131,96,275,27.9,Diabetes,Uncontrolled,2025-09-11
NCDR0000482,NCP0000373,Rvi Krishna,M,67,9353933438,NERMATA,Chandur,Nalgonda,2026-03-13,HWC screening,125,89,127,20.5,None,Not diagnosed,
NCDR0000483,NCP0000374,Sushma Khan,F,31,9037656644,Rajapur,Balanagar,Mahabubnagar,2026-01-17,Community screening,150,96,173,24.6,Hypertension+Diabetes,Borderline,2026-04-17
NCDR0000484,NCP0000375,Srinivas Reddy,M,46,9883767927,Narayankhed,Narayankhed,Sangareddy,2025-12-21,Opportunistic screening,165,109,292,27.3,Hypertension+Diabetes,Uncontrolled,2026-03-21
NCDR0000485,NCP0000376,Rani Patel,F,45,9966177083,Narayankhe,Narayankhed,Sangareddy,2026-03-19,HWC screening,112,80,181,28.7,Diabetes,Borderline,2026-05-18
NCDR0000486,NCP0000377,Divya Laxman,F,33,9436474390,Kallepally,Balanagar,Mahabubnagar,2025-08-18,Opportunistic screening,132,84,219,31.9,Diabetes,Uncontrolled,2025-11-16
NCDR0000487,NCP0000378,Sushma Begum,F,51,9009813278,Chandur,Chandur,Nalgonda,2026-02-11,Community screening,188,115,326,19.5,Hypertension+Diabetes,Uncontrolled,2026-05-12
NCDR0000488,NCP0000379,Shankar Shekar,M,46,9780778237,Mangalapally,Nakrekal,Nalgonda,2026-05-27,Opportunistic screening,184,89,274,21.2,Hypertension+Diabetes,Controlled,2026-07-26
NCDR0000489,NCP0000380,Kiran Naik,M,76,9098572226,Badepall,Jadcherla,Mahabubnagar,2025-09-13,Opportunistic screening,144,97,232,31.4,Hypertension+Diabetes,Borderline,2025-12-12
NCDR0000490,NCP0000381,Raju Mudiraj,M,61,+91-98666-42705,Gangapur,Jadcherla,Mahabubnagar,2025-12-31,Community screening,154,102,158,24.0,Hypertension+Diabetes,Borderline,2026-03-31
NCDR0000491,NCP0000382,Santosh Naik,M,59,,MOGUDAMPALLY,Zaheerabad,Sangareddy,2025-10-12,Community screening,129,80,248,30.1,Diabetes,Controlled,2025-12-11
NCDR0000492,NCP0000383,Ravi Yadav,M,54,9404676355,Kondamallepally,Devarakonda,Nalgonda,2026-05-30,Community screening,157,101,159,28.5,Hypertension,Borderline,2026-07-29
NCDR0000493,NCP0000384,Mohan Naik,M,88,,NERMATA,Chandur,Nalgonda,2025-11-19,Community screening,147,88,112,30.5,Hypertension,Uncontrolled,2025-12-19
NCDR0000494,NCP0000385,Sushma Das,F,50,9615714001,INDRESHAM,Patancheru,Sangareddy,2026-03-06,HWC screening,181,116,164,28.8,Hypertension,Borderline,2026-04-05
NCDR0000495,NCP0000386,Anitha Laxman,F,48,9532424146,Badepally,Jadcherla,Mahabubnagar,2025-07-04,Opportunistic screening,144,91,128,22.1,Hypertension,Controlled,2025-09-02
NCDR0000496,NCP0000387,Rani Kumar,F,26,9109885786,Mogudampally,Zaheerabad,Sangareddy,2025-08-01,HWC screening,110,93,271,34.5,Diabetes,Uncontrolled,2025-08-31
NCDR0000497,NCP0000388,Kiran Reddy,M,77,9946674118,Patancheru,Patancheru,Sangareddy,2026-02-23,Community screening,140,83,305,29.9,Diabetes,Controlled,2026-03-25
NCDR0000498,NCP0000389,Suresh,M,69,9309217797,Kummarikunta,Chandur,Nalgonda,2025-09-07,Community screening,146,86,138,29.7,Hypertension,Borderline,2025-10-07
NCDR0000499,NCP0000390,Shobha Narsimha,F,50,9399376921,Kallepally,Balanagar,Mahabubnagar,2026-06-16,Community screening,183,93,198,24.3,Hypertension+Diabetes,Borderline,2026-07-16
NCDR0000500,NCP0000391,Jyothi Reddy,F,51,9434275870,Kohir,Zaheerabad,Sangareddy,2025-10-14,Community screening,129,86,235,19.0,Diabetes,Borderline,2026-01-12
NCDR0000501,NCP0000392,Renuka Mallaiah,F,53,9592753623,Mogudampally,Zaheerabad,Sangareddy,2025-11-15,Community screening,135,82,150,33.7,Diabetes,Uncontrolled,2026-01-14
NCDR0000502,NCP0000393,Raghav Patel,M,65,9315206039,Ameenpur,Patancheru,Sangareddy,2026-03-11,Opportunistic screening,129,79,211,21.2,Diabetes,Uncontrolled,2026-06-09
NCDR0000503,NCP0000394,Rani Basha,F,67,9403895954,Gundlapally,Devarakonda,Nalgonda,2025-09-29,Community screening,170,94,109,25.5,Hypertension,Uncontrolled,2025-12-28
NCDR0000504,NCP0000395,Divya Yadav,F,62,9665504020,Vemula,Midjil,Mahabubnagar,2025-11-26,Community screening,159,91,152,32.4,Hypertension,Uncontrolled,2025-12-26
NCDR0000505,NCP0000395,Divya Yadav,F,63,9665504720,Vemula,Midjil,Mahabubnagar,2026-01-17,Opportunistic screening,187,111,118,19.3,Hypertension,Uncontrolled,2026-02-16
NCDR0000506,NCP0000396,Sriniwas Laxman,M,34,9052242623,Gundlapally,Devarakonda,Nalgonda,2025-08-26,HWC screening,184,89,102,30.7,Hypertension,Controlled,2025-10-25
NCDR0000507,NCP0000397,Sushma Naik,F,31,9664980368,Kangti,Narayankhed,Sangareddy,2025-07-15,Community screening,129,82,285,23.5,Diabetes,Uncontrolled,2025-09-13
NCDR0000508,NCP0000398,Bhavani Narsimha,F,36,9268082763,Gundlapally,Devarakonda,Nalgonda,2026-06-05,Opportunistic screening,178,86,159,18.9,Hypertension,Uncontrolled,2026-08-04
NCDR0000509,NCP0000399,Mahesh Kumar,M,33,9404496116,Kondamallepally,Devarakonda,Nalgonda,2025-08-12,Community screening,149,92,253,19.5,Hypertension+Diabetes,Uncontrolled,2025-11-10
NCDR0000510,NCP0000400,Raghav Patel,M,53,9419764236,Patancheru,Patancheru,Sangareddy,2026-02-26,HWC screening,140,94,93,29.9,Hypertension,Controlled,2026-04-27
NCDR0000511,NCP0000400,Raghav Patel,M,53,9419764236,Patancheru,Patancheru,Sangareddy,2026-06-13,Community screening,187,92,116,29.3,Hypertension,Controlled,2026-08-12
NCDR0000512,NCP0000401,Nirmala Goud,F,54,9723409222,Nakrekal,Nakrekal,Nalgonda,2025-11-09,Opportunistic screening,116,71,122,24.5,None,Not diagnosed,
NCDR0000513,NCP0000402,Rju Narsimha,M,85,9720220092,Mangalapally,Nakrekal,Nalgonda,2026-02-02,HWC screening,171,109,135,19.4,Hypertension,Borderline,2026-05-03
NCDR0000514,NCP0000403,Rajesh Rao,M,38,9892150743,Nakrekal,Nakrekal,Nalgonda,2026-02-16,HWC screening,164,99,162,30.0,Hypertension+Diabetes,Controlled,2026-05-17
NCDR0000515,NCP0000403,Rjesh Rao,M,41,+91-98921-50743,Nakrekal,Nakrekal,Nalgonda,2026-05-08,Community screening,177,116,231,20.4,Hypertension+Diabetes,Controlled,2026-08-06
NCDR0000516,NCP0000404,Santosh Mudiraj,M,40,9110585971,Bodajanampet,Balanagar,Mahabubnagar,2026-05-16,Opportunistic screening,117,95,92,20.7,None,Not diagnosed,
NCDR0000517,NCP0000405,Naresh Khan,M,35,9695576210,Nermata,Chandur,Nalgonda,2026-04-18,Community screening,173,91,137,22.9,Hypertension,Controlled,2026-06-17
NCDR0000518,NCP0000406,Anil Naik,M,44,9525147507,Jharasangam,Zaheerabad,Sangareddy,2025-10-25,HWC screening,137,94,155,24.3,None,Not diagnosed,
NCDR0000519,NCP0000407,Swathi Yadav,F,18,9656275094,Kondamallepally,Devarakonda,Nalgonda,2025-09-29,Community screening,146,88,225,21.1,Diabetes,Borderline,2025-12-28
NCDR0000520,NCP0000408,Naveen Reddy,M,35,9998618496,Patancheru,Patancheru,Sangareddy,2026-03-02,HWC screening,116,93,124,24.5,None,Not diagnosed,
NCDR0000521,NCP0000409,Kiran Begum,M,62,9792014228,Kangti,Narayankhed,Sangareddy,2025-11-14,Opportunistic screening,140,87,150,21.0,None,Not diagnosed,
NCDR0000522,NCP0000410,Venkatesh Das,M,66,9978510531,Bodajanampet,Balanagar,Mahabubnagar,2026-01-18,HWC screening,184,104,135,20.1,Hypertension,Controlled,2026-04-18
NCDR0000523,NCP0000411,Ramesh Begum,M,39,9828011670,Chandur,Chandur,Nalgonda,2026-02-28,Opportunistic screening,143,73,239,26.0,Diabetes,Uncontrolled,2026-03-30
NCDR0000524,NCP0000412,Srinivas Basha,M,78,+91-99392-25880,Chandur,Chandur,Nalgonda,2026-05-10,HWC screening,130,81,93,23.3,None,Not diagnosed,
NCDR0000525,NCP0000413,Lalitha Basha,F,80,9054193725,Mangalapally,Nakrekal,Nalgonda,2026-05-19,Community screening,122,92,92,31.6,None,Not diagnosed,
NCDR0000526,NCP0000414,Kavitha Reddy,F,35,9687879084,Kangti,Narayankhed,Sangareddy,2025-08-02,HWC screening,187,116,126,24.6,Hypertension,Uncontrolled,2025-09-01
NCDR0000527,NCP0000415,Shobha Patel,F,39,+91-94057-91047,Manoor,Narayankhed,Sangareddy,2026-04-20,HWC screening,122,83,184,18.7,Diabetes,Borderline,2026-05-20
NCDR0000528,NCP0000416,Lalitha Krishna,F,34,9900940979,Nomula,Nakrekal,Nalgonda,2025-08-16,Community screening,138,98,155,24.8,Hypertension,Controlled,2025-10-15
NCDR0000529,NCP0000417,Lakshmi Kumar,F,57,9428012094,Mogudampally,Zaheerabad,Sangareddy,2026-05-02,HWC screening,128,70,322,31.6,Diabetes,Controlled,2026-07-01
NCDR0000530,NCP0000418,Srinivas Laxman,M,33,9119265340,Kangti,Narayankhed,Sangareddy,2025-12-21,HWC screening,146,98,142,30.9,Hypertension,Controlled,2026-03-21
NCDR0000531,NCP0000419,Venkatesh Rao,M,42,,Polepally,Jadcherla,Mahabubnagar,2026-04-20,Community screening,108,81,133,34.1,None,Not diagnosed,
NCDR0000532,NCP0000419,Venkatesh Rao,M,43,9062663123,Polepally,Jadcherla,Mahabubnagar,2026-07-17,HWC screening,142,93,116,24.8,None,Not diagnosed,
NCDR0000533,NCP0000420,Anil Krishna,M,61,+91-90115-82924,Manoor,Narayankhed,Sangareddy,2026-02-13,Opportunistic screening,154,113,180,19.0,Hypertension+Diabetes,Borderline,2026-05-14
NCDR0000534,NCP0000421,Vinod Basha,M,49,9529414856,Zaheerabad,Zaheerabad,Sangareddy,2025-09-14,HWC screening,141,88,184,21.1,Hypertension+Diabetes,Controlled,2025-10-14
NCDR0000535,NCP0000422,Renuka Krishna,F,19,9853280239,Badepally,Jadcherla,Mahabubnagar,2026-02-21,Opportunistic screening,107,92,158,30.5,None,Not diagnosed,
NCDR0000536,NCP0000423,Mohan Devi,M,44,9370919008,MANGALAPALLY,Nakrekal,Nalgonda,2026-02-19,Opportunistic screening,189,95,171,26.8,Hypertension+Diabetes,Controlled,2026-03-21
NCDR0000537,NCP0000424,Anjali Krishna,F,43,9350542235,Bangarigadda,Chandur,Nalgonda,2025-08-13,HWC screening,137,76,102,25.5,None,Not diagnosed,
NCDR0000538,NCP0000425,Shankar Jangam,M,20,9918377859,Mogudampally,Zaheerabad,Sangareddy,2025-12-05,HWC screening,170,99,225,26.6,Hypertension+Diabetes,Controlled,2026-02-03
NCDR0000539,NCP0000426,Kiran Shekar,M,33,9414748619,Nermata,Chandur,Nalgonda,2025-10-27,Community screening,148,83,148,31.8,None,Not diagnosed,
NCDR0000540,NCP0000426,Kiran Shekar,M,37,9414748619,Nermata,Chandur,Nalgonda,2026-01-21,HWC screening,130,83,164,24.1,None,Not diagnosed,
NCDR0000541,NCP0000427,Anitha Goud,F,44,9280079400,Bodajanampet,Balanagar,Mahabubnagar,2026-04-18,Opportunistic screening,167,99,214,26.7,Hypertension+Diabetes,Controlled,2026-06-17
NCDR0000542,NCP0000428,Divya Goud,F,58,9836268690,Marrur,Nakrekal,Nalgonda,2025-10-11,HWC screening,185,93,90,33.7,Hypertension,Uncontrolled,2025-11-10
NCDR0000543,NCP0000429,Lakshmee Laxman,F,42,9042914348,Ameenpur,Patancheru,Sangareddy,2025-07-27,Opportunistic screening,122,85,243,29.1,Diabetes,Borderline,2025-09-25
NCDR0000544,NCP0000430,Shankar Reddy,M,37,9650392472,Kallepally,Balanagar,Mahabubnagar,2025-10-19,HWC screening,150,88,128,25.5,None,Not diagnosed,
NCDR0000545,NCP0000431,Mahesh Jangam,M,37,,Narayankhed,Narayankhed,Sangareddy,2026-02-21,Community screening,105,68,249,25.8,Diabetes,Borderline,2026-03-23
NCDR0000546,NCP0000432,Shnkar Begum,M,28,9388973018,Jharasangam,Zaheerabad,Sangareddy,2026-06-09,Community screening,146,83,154,27.8,None,Not diagnosed,
NCDR0000547,NCP0000432,Shankar Begum,M,28,9388973018,Jharasangam,Zaheerabad,Sangareddy,2026-08-14,HWC screening,125,68,108,24.5,None,Not diagnosed,
NCDR0000548,NCP0000433,Lakshmi Basha,F,54,9254349436,Midjil,Midjil,Mahabubnagar,2026-04-22,Community screening,115,96,83,29.1,None,Not diagnosed,
NCDR0000549,NCP0000434,Venkatesh Laxman,M,33,9637606199,Jharasangam,Zaheerabad,Sangareddy,2026-04-17,HWC screening,181,85,148,18.6,Hypertension,Controlled,2026-05-17
NCDR0000550,NCP0000435,Rani Yadav,F,43,,Ameenpur,Patancheru,Sangareddy,2025-10-21,Community screening,149,100,135,30.0,Hypertension,Borderline,2025-11-20
NCDR0000551,NCP0000436,Shobha Laxman,F,67,9866213339,Kohir,Zaheerabad,Sangareddy,2025-10-08,Opportunistic screening,147,74,325,26.3,Diabetes,Controlled,2025-11-07
NCDR0000552,NCP0000437,Srilatha Goud,F,52,9295580556,Kangt,Narayankhed,Sangareddy,2025-12-28,HWC screening,155,99,129,19.5,Hypertension,Uncontrolled,2026-03-28
NCDR0000553,NCP0000437,Srilatha Goud,F,53,9295580556,Kangti,Narayankhed,Sangareddy,2026-03-03,Opportunistic screening,167,114,138,30.5,Hypertension,Borderline,2026-04-02
NCDR0000554,NCP0000438,Ravi Kumar,M,59,9188316365,Ameenpu,Patancheru,Sangareddy,2025-07-20,Opportunistic screening,118,91,103,27.6,None,Not diagnosed,
NCDR0000555,NCP0000438,Ravi Kumar,M,61,9188316365,AMEENPUR,Patancheru,Sangareddy,2025-09-17,Community screening,120,70,138,25.6,None,Not diagnosed,
NCDR0000556,NCP0000439,Anitha Krishna,F,52,9416153267,Badepally,Jadcherla,Mahabubnagar,2026-01-26,Opportunistic screening,126,85,265,20.0,Diabetes,Uncontrolled,2026-03-27
NCDR0000557,NCP0000439,Anitha Krishna,F,54,9416153267,Badepally,Jadcherla,Mahabubnagar,2026-03-21,Community screening,129,91,214,28.8,Diabetes,Controlled,2026-05-20
NCDR0000558,NCP0000439,Anitha Krishna,F,52,9416153267,Badepally,Jadcherla,Mahabubnagar,2026-07-17,HWC screening,139,83,179,30.3,Diabetes,Borderline,2026-09-15
NCDR0000559,NCP0000440,Sai Begum,M,42,9382600541,Nomula,Nakrekal,Nalgonda,2026-03-16,Community screening,170,96,120,18.5,Hypertension,Uncontrolled,2026-04-15
NCDR0000560,NCP0000441,Vinod Narsimha,M,18,9526867885,Velpula,Midjil,Mahabubnagar,2026-01-28,Community screening,159,112,157,24.6,Hypertension,Borderline,2026-04-28
NCDR0000561,NCP0000441,Vinod Nrsimha,M,18,9526867885,Velpula,Midjil,Mahabubnagar,2026-03-21,HWC screening,175,84,161,31.3,Hypertension,Controlled,2026-06-19
NCDR0000562,NCP0000441,Vinod Narsimha,M,19,9526867885,Velpula,Midjil,Mahabubnagar,2026-05-06,HWC screening,182,93,155,19.1,Hypertension,Borderline,2026-06-05
NCDR0000563,NCP0000442,Rani Goud,F,60,9892810613,Vemula,Midjil,Mahabubnagar,2025-08-09,HWC screening,183,93,117,30.1,Hypertension,Uncontrolled,2025-10-08
NCDR0000564,NCP0000443,Rajesh Laxman,M,57,9442681638,Bhanur,Patancheru,Sangareddy,2025-10-12,Opportunistic screening,149,70,98,21.6,None,Not diagnosed,
NCDR0000565,NCP0000444,Praveen Laxman,M,49,9975602876,Balanagar,Balanagar,Mahabubnagar,2026-06-14,Community screening,175,105,145,31.2,Hypertension,Borderline,2026-07-14
NCDR0000566,NCP0000445,Nirmala Reddy,F,44,9833169154,Mogudampally,Zaheerabad,Sangareddy,2026-05-01,Opportunistic screening,139,107,258,31.5,Hypertension+Diabetes,Borderline,2026-07-30
NCDR0000567,NCP0000446,Naresh Mudiraj,M,53,9704788236,JHARASANGAM,Zaheerabad,Sangareddy,2025-11-05,Community screening,176,101,81,28.6,Hypertension,Borderline,2026-02-03
NCDR0000568,NCP0000446,Naresh Mudiraj,M,53,9704788236,Jharasangam,Zaheerabad,Sangareddy,2026-01-15,HWC screening,189,104,135,30.7,Hypertension,Uncontrolled,2026-02-14
NCDR0000569,NCP0000446,Naresh Mudiraj,M,52,9704788236,Jharasangam,Zaheerabad,Sangareddy,2026-03-07,HWC screening,182,115,92,29.0,Hypertension,Controlled,2026-06-05
NCDR0000570,NCP0000447,Suresh Naik,M,24,9983672453,Nomula,Nakrekal,Nalgonda,2026-01-22,Opportunistic screening,147,93,157,23.3,Hypertension,Uncontrolled,2026-04-22
NCDR0000571,NCP0000448,Nirmala Reddy,F,37,9968110567,Vemula,Midjil,Mahabubnagar,2026-01-29,Opportunistic screening,166,111,151,20.5,Hypertension,Borderline,2026-02-28
NCDR0000572,NCP0000449,Rajesh Goud,M,69,9570831025,Patancheru,Patancheru,Sangareddy,2025-12-31,Community screening,153,88,321,25.6,Hypertension+Diabetes,Uncontrolled,2026-03-31
NCDR0000573,NCP0000450,Lakshmi Rao,F,33,9666134840,BODAJANAMPET,Balanagar,Mahabubnagar,2026-01-07,Community screening,131,95,166,28.5,Diabetes,Controlled,2026-03-08
NCDR0000574,NCP0000451,Rajes Mallaiah,M,19,9177273611,Vemul,Midjil,Mahabubnagar,2025-10-27,Opportunistic screening,163,112,80,20.0,Hypertension,Uncontrolled,2026-01-25
NCDR0000575,NCP0000452,Anil Reddy,M,52,9171406582,Jharasangam,Zaheerabad,Sangareddy,2025-09-27,Community screening,144,114,88,21.9,Hypertension,Uncontrolled,2025-10-27
NCDR0000576,NCP0000453,Lalitha Yadav,F,70,9842354324,Velpula,Midjil,Mahabubnagar,2025-08-27,Community screening,150,100,90,29.2,Hypertension,Borderline,2025-10-26
NCDR0000577,NCP0000454,Raghaw Laxman,M,39,9466689666,Peddadinne,Devarakonda,Nalgonda,2026-06-09,HWC screening,120,85,111,32.0,None,Not diagnosed,
NCDR0000578,NCP0000455,Santosh Devee,M,53,+91-90101-77270,Indresham,Patancheru,Sangareddy,2026-01-21,Community screening,156,103,192,27.6,Hypertension+Diabetes,Controlled,2026-02-20
NCDR0000579,NCP0000455,Santosh Devi,M,52,9010177270,Indresham,Patancheru,Sangareddy,2026-03-16,Opportunistic screening,140,111,180,21.4,Hypertension+Diabetes,Uncontrolled,2026-06-14
NCDR0000580,NCP0000456,Rajesh Basha,M,40,9088078177,Bodajanampet,Balanagar,Mahabubnagar,2026-05-18,HWC screening,185,95,210,28.2,Hypertension+Diabetes,Borderline,2026-06-17
NCDR0000581,NCP0000457,Raju Shekar,M,73,9286413900,Nomula,Nakrekal,Nalgonda,2025-12-14,Community screening,146,91,140,32.3,Hypertension,Uncontrolled,2026-02-12
NCDR0000582,NCP0000457,Raju Shekar,M,72,,Nomula,Nakrekal,Nalgonda,2026-01-30,Community screening,175,84,109,30.6,Hypertension,Controlled,2026-04-30
NCDR0000583,NCP0000458,Sushma Kumar,F,39,9017535070,Gundlapally,Devarakonda,Nalgonda,2025-12-12,Opportunistic screening,105,83,252,32.3,Diabetes,Uncontrolled,2026-01-11
NCDR0000584,NCP0000459,Mounika Das,F,42,9252131756,Jharasangam,Zaheerabad,Sangareddy,2026-02-11,HWC screening,167,98,136,27.2,Hypertension,Uncontrolled,2026-03-13
NCDR0000585,NCP0000460,Anjali Naik,F,23,,Nomula,Nakrekal,Nalgonda,2025-12-09,Opportunistic screening,127,93,134,21.7,None,Not diagnosed,
NCDR0000586,NCP0000461,Rani Laxman,F,63,+91-91838-60471,Vemula,Midjil,Mahabubnagar,2025-12-22,HWC screening,127,93,167,19.7,Diabetes,Uncontrolled,2026-03-22
NCDR0000587,NCP0000462,Rajesh Kumar,M,50,9219892119,Kohir,Zaheerabad,Sangareddy,2025-11-20,Community screening,116,78,294,32.8,Diabetes,Borderline,2025-12-20
NCDR0000588,NCP0000463,Sntosh Goud,M,61,,Kondamallepally,Devarakonda,Nalgonda,2026-04-18,HWC screening,122,82,250,29.0,Diabetes,Uncontrolled,2026-07-17
NCDR0000589,NCP0000463,Santosh Goud,M,61,9539205170,Kondamallepally,Devarakonda,Nalgonda,2026-07-30,HWC screening,133,68,186,31.1,Diabetes,Controlled,2026-10-28
NCDR0000590,NCP0000464,Praveen Goud,M,39,9251948994,Midjil,Midjil,Mahabubnagar,2025-07-16,Community screening,169,94,236,33.4,Hypertension+Diabetes,Borderline,2025-09-14
NCDR0000591,NCP0000465,Mahesh Basha,M,20,9952994604,Macharam,Jadcherla,Mahabubnagar,2026-05-10,Community screening,134,68,249,20.4,Diabetes,Controlled,2026-07-09
NCDR0000592,NCP0000466,Anjalee Laxman,F,69,9078365034,Bhanur,Patancheru,Sangareddy,2026-05-12,HWC screening,145,86,98,18.7,Hypertension,Controlled,2026-07-11
NCDR0000593,NCP0000467,Naveen Chary,M,57,9808878605,Chandur,Chandur,Nalgonda,2025-12-11,HWC screening,143,94,136,24.2,Hypertension,Borderline,2026-03-11
NCDR0000594,NCP0000468,Sai Narsimha,M,65,9569012001,Nomula,Nakrekal,Nalgonda,2026-02-28,HWC screening,151,100,264,30.9,Hypertension+Diabetes,Uncontrolled,2026-03-30
NCDR0000595,NCP0000469,Raghav Chary,M,66,9835407477,Indresham,Patancheru,Sangareddy,2025-12-21,Community screening,152,104,90,33.5,Hypertension,Uncontrolled,2026-02-19
NCDR0000596,NCP0000470,Rmesh Yadav,M,59,+91-92534-41315,Kalher,Narayankhed,Sangareddy,2025-07-12,Opportunistic screening,172,84,104,23.3,Hypertension,Controlled,2025-10-10
NCDR0000597,NCP0000471,Santosh Khan,M,42,9379997903,Patancheru,Patancheru,Sangareddy,2025-07-05,Community screening,185,98,233,21.7,Hypertension+Diabetes,Controlled,2025-08-04
NCDR0000598,NCP0000471,Santosh Khan,M,40,9373997903,Patancheru,Patancheru,Sangareddy,2025-09-04,HWC screening,178,109,155,24.2,Hypertension+Diabetes,Uncontrolled,2025-10-04
NCDR0000599,NCP0000472,Raju Das,M,59,9344271023,Ameenpur,Patancheru,Sangareddy,2025-09-10,Community screening,146,73,140,28.2,None,Not diagnosed,
NCDR0000600,NCP0000473,Praveen Laxman,M,58,9816315364,Midjil,Midjil,Mahabubnagar,2026-02-23,Opportunistic screening,163,110,108,25.1,Hypertension,Controlled,2026-04-24
NCDR0000601,NCP0000474,Shobha Mallaiah,F,25,9235423422,CHANDUR,Chandur,Nalgonda,2026-03-14,HWC screening,145,86,315,34.4,Hypertension+Diabetes,Controlled,2026-04-13
NCDR0000602,NCP0000475,Divya Reddy,F,48,9051085952,Jharasangam,Zaheerabad,Sangareddy,2025-11-22,Opportunistic screening,118,78,86,31.9,None,Not diagnosed,
NCDR0000603,NCP0000475,Divya Reddy,F,45,9051085952,Jharasangam,Zaheerabad,Sangareddy,2026-02-03,Opportunistic screening,130,92,87,19.2,None,Not diagnosed,
NCDR0000604,NCP0000476,Bhavani Narsimha,F,61,9473200447,Gangapur,Jadcherla,Mahabubnagar,2026-03-15,Opportunistic screening,111,68,135,24.3,None,Not diagnosed,
NCDR0000605,NCP0000477,Lakshmi Krishna,F,49,9728894311,Patancheru,Patancheru,Sangareddy,2025-08-23,Community screening,188,101,212,28.1,Hypertension+Diabetes,Borderline,2025-09-22
NCDR0000606,NCP0000478,Ramesh Kumar,M,33,9414203479,Bodajanampet,Balanagar,Mahabubnagar,2025-09-11,Community screening,137,77,251,20.0,Diabetes,Controlled,2025-11-10
NCDR0000607,NCP0000479,Shobha Mudiraj,F,50,9743339280,Bangarigadda,Chandur,Nalgonda,2025-11-18,HWC screening,155,101,231,21.8,Hypertension+Diabetes,Borderline,2026-02-16
NCDR0000608,NCP0000480,Ravi Reddy,M,58,9055084259,Bodajanampet,Balanagar,Mahabubnagar,2025-07-31,Community screening,156,93,110,23.6,Hypertension,Uncontrolled,2025-09-29
NCDR0000609,NCP0000481,Naresh Das,M,67,9443153181,Kallepally,Balanagar,Mahabubnagar,2025-10-25,HWC screening,147,84,273,28.5,Hypertension+Diabetes,Uncontrolled,2025-12-24
NCDR0000610,NCP0000482,Anil Krishna,M,49,9544358175,Bodajanampet,Balanagar,Mahabubnagar,2026-01-25,Opportunistic screening,177,108,101,22.3,Hypertension,Uncontrolled,2026-03-26
NCDR0000611,NCP0000483,Deepika Shekar,F,49,9369807752,Manoor,Narayankhed,Sangareddy,2025-07-10,Community screening,174,109,154,30.8,Hypertension,Controlled,2025-09-08
NCDR0000612,NCP0000483,Deepika Shekar,F,48,9369807752,Manoor,Narayankhed,Sangareddy,2025-11-02,Community screening,176,99,122,18.6,Hypertension,Uncontrolled,2026-01-01
NCDR0000613,NCP0000484,Lakshmi Begum,F,42,+91-95938-60965,Narayankhed,Narayankhed,Sangareddy,2026-01-05,Community screening,117,85,90,33.0,None,Not diagnosed,
NCDR0000614,NCP0000485,Raju Krishna,M,34,9361373635,Rajapur,Balanagar,Mahabubnagar,2026-02-11,Opportunistic screening,115,76,154,28.9,Diabetes,Controlled,2026-04-12
NCDR0000615,NCP0000486,Anitha Laxman,F,31,9841990135,Bodajanampet,Balanagar,Mahabubnagar,2025-07-20,HWC screening,161,110,139,25.6,Hypertension,Borderline,2025-10-18
NCDR0000616,NCP0000487,Arun Jangam,M,52,9409864316,Balanagar,Balanagar,Mahabubnagar,2026-04-18,HWC screening,151,105,117,28.4,Hypertension,Borderline,2026-06-17
NCDR0000617,NCP0000488,Shankar Narsimha,M,65,9397491705,Kallepally,Balanagar,Mahabubnagar,2025-08-25,Opportunistic screening,150,69,226,33.9,Diabetes,Controlled,2025-11-23
NCDR0000618,NCP0000488,Shankar Narseemha,M,67,9397491705,Kallepally,Balanagar,Mahabubnagar,2025-10-20,Community screening,149,75,191,25.1,Diabetes,Borderline,2026-01-18
NCDR0000619,NCP0000488,Shankar Narsimha,M,65,9397491705,Kallepally,Balanagar,Mahabubnagar,2026-01-24,Opportunistic screening,118,91,149,34.4,Diabetes,Controlled,2026-04-24
NCDR0000620,NCP0000489,Sai Patel,M,20,,Kondamallepally,Devarakonda,Nalgonda,2025-08-11,Community screening,169,112,254,24.8,Hypertension+Diabetes,Controlled,2025-10-10
NCDR0000621,NCP0000490,Nirmala Patel,F,36,9463696738,Ameenpur,Patancheru,Sangareddy,2025-11-08,Community screening,189,115,121,33.1,Hypertension,Borderline,2026-02-06
NCDR0000622,NCP0000491,Ravi Reddy,M,47,9954367638,Rajapur,Balanagar,Mahabubnagar,2025-07-14,Opportunistic screening,133,72,109,30.0,None,Not diagnosed,
NCDR0000623,NCP0000492,Shankar Jangam,M,64,9261304675,Nermata,Chandur,Nalgonda,2026-01-21,Community screening,146,91,326,27.5,Diabetes,Uncontrolled,2026-03-22
NCDR0000624,NCP0000492,Shankar Jangam,M,66,+91-92613-04675,Nermat,Chandur,Nalgonda,2026-04-15,HWC screening,108,73,168,27.6,Diabetes,Controlled,2026-06-14
NCDR0000625,NCP0000493,Swathi Basha,F,47,9005601146,Nakrekal,Nakrekal,Nalgonda,2026-05-19,Community screening,170,110,100,28.3,Hypertension,Uncontrolled,2026-06-18
NCDR0000626,NCP0000494,Lakshmi Reddy,F,31,9769574943,DONUR,Midjil,Mahabubnagar,2026-01-14,Community screening,140,84,167,32.4,Hypertension+Diabetes,Uncontrolled,2026-03-15
NCDR0000627,NCP0000494,Lakshmi Reddy,F,29,9769574943,Donur,Midjil,Mahabubnagar,2026-03-31,Opportunistic screening,189,110,278,25.3,Hypertension+Diabetes,Borderline,2026-04-30
NCDR0000628,NCP0000495,Kavitha Goud,F,52,,Kummarikunta,Chandur,Nalgonda,2026-04-18,HWC screening,146,79,294,30.6,Diabetes,Controlled,2026-05-18
NCDR0000629,NCP0000495,Kavitha Goud,F,54,9450578567,Kummarikunta,Chandur,Nalgonda,2026-08-10,HWC screening,143,75,181,33.1,Diabetes,Borderline,2026-10-09
NCDR0000630,NCP0000496,Ravi Khan,M,38,9711943747,Marrur,Nakrekal,Nalgonda,2026-01-28,Opportunistic screening,135,87,123,32.7,None,Not diagnosed,
NCDR0000631,NCP0000496,Ravi Khan,M,38,,Marrur,Nakrekal,Nalgonda,2026-03-14,Opportunistic screening,132,72,144,25.5,None,Not diagnosed,
NCDR0000632,NCP0000496,Ravi Khan,M,36,9711943747,Marrur,Nakrekal,Nalgonda,2026-07-27,HWC screening,123,75,104,30.0,None,Not diagnosed,
NCDR0000633,NCP0000497,Anjali Begum,F,38,9819644940,Marrur,Nakrekal,Nalgonda,2026-01-08,HWC screening,106,78,151,34.3,None,Not diagnosed,
NCDR0000634,NCP0000497,Anjalee Begum,F,38,+91-98196-44940,Marrur,Nakrekal,Nalgonda,2026-04-17,Opportunistic screening,137,89,106,22.4,None,Not diagnosed,
NCDR0000635,NCP0000498,Ravi Reddy,M,56,9466214967,Kondamallepally,Devarakonda,Nalgonda,2025-09-16,Community screening,125,80,312,33.5,Diabetes,Controlled,2025-12-15
NCDR0000636,NCP0000499,Mahesh Chary,M,55,9808601253,Patancheru,Patancheru,Sangareddy,2026-05-12,Opportunistic screening,155,112,270,27.3,Hypertension+Diabetes,Controlled,2026-07-11
NCDR0000637,NCP0000499,Mahesh Chary,M,56,9808601253,Patancheru,Patancheru,Sangareddy,2026-08-11,Opportunistic screening,177,101,276,34.0,Hypertension+Diabetes,Borderline,2026-09-10
NCDR0000638,NCP0000500,Shankar Begum,M,52,9147721164,Narayankhed,Narayankhed,Sangareddy,2026-06-09,Community screening,160,105,210,31.7,Hypertension+Diabetes,Uncontrolled,2026-09-07
NCDR0000639,NCP0000501,Praveen Begum,M,50,9340869502,VEMULA,Midjil,Mahabubnagar,2025-07-06,Community screening,150,92,83,19.4,None,Not diagnosed,
NCDR0000640,NCP0000502,Jyothi Mallaiah,F,41,+91-90057-26120,Bodajanampet,Balanagar,Mahabubnagar,2025-07-16,HWC screening,172,105,88,26.9,Hypertension,Borderline,2025-08-15
NCDR0000641,NCP0000503,Anjali Laxman,F,37,9867080495,Nomula,Nakrekal,Nalgonda,2025-09-25,Community screening,152,104,134,18.6,Hypertension,Uncontrolled,2025-10-25
NCDR0000642,NCP0000504,Sushma Jangam,F,62,9850087562,BODAJANAMPET,Balanagar,Mahabubnagar,2025-10-06,Community screening,130,95,208,23.3,Diabetes,Controlled,2025-11-05
NCDR0000643,NCP0000504,Sushma Jangam,F,63,9853087562,Bodajanampet,Balanagar,Mahabubnagar,2026-01-22,Community screening,109,79,274,24.6,Diabetes,Borderline,2026-03-23
NCDR0000644,NCP0000505,Srilatha Das,F,40,9101456525,Manoor,Narayankhed,Sangareddy,2026-01-13,HWC screening,149,76,290,25.2,Diabetes,Borderline,2026-03-14
NCDR0000645,NCP0000505,Srilatha Das,F,39,9101456525,MANOOR,Narayankhed,Sangareddy,2026-04-13,Community screening,147,75,179,22.1,Diabetes,Uncontrolled,2026-05-13
NCDR0000646,NCP0000506,Srinivas Chary,M,41,9885205448,Marrur,Nakrekal,Nalgonda,2026-04-02,Community screening,180,103,124,24.2,Hypertension,Uncontrolled,2026-07-01
NCDR0000647,NCP0000506,Srinivs Chary,M,41,9885235448,Marrur,Nakrekal,Nalgonda,2026-07-23,Community screening,142,98,156,32.6,Hypertension,Uncontrolled,2026-10-21
NCDR0000648,NCP0000507,Raghav Reddy,M,50,9622333879,Kummarikunta,Chandur,Nalgonda,2025-10-06,Opportunistic screening,138,90,128,18.8,Hypertension,Uncontrolled,2026-01-04
NCDR0000649,NCP0000508,Mounika Devi,F,69,9165828885,Jharasangam,Zaheerabad,Sangareddy,2025-07-06,Opportunistic screening,149,116,177,30.3,Hypertension+Diabetes,Controlled,2025-10-04
NCDR0000650,NCP0000509,Nares Naik,M,39,9030284446,Ameenpur,Patancheru,Sangareddy,2026-01-08,Community screening,112,74,140,30.3,None,Not diagnosed,
NCDR0000651,NCP0000510,Dipika Basha,F,68,9859717843,Badepally,Jadcherla,Mahabubnagar,2025-09-10,HWC screening,118,89,87,30.1,None,Not diagnosed,
NCDR0000652,NCP0000510,Deepika Basha,F,67,9859717843,Badepally,Jadcherla,Mahabubnagar,2025-12-18,Opportunistic screening,145,93,90,26.0,None,Not diagnosed,
NCDR0000653,NCP0000511,Raju Narsimha,M,40,9231202629,Polepally,Jadcherla,Mahabubnagar,2026-01-04,Opportunistic screening,150,71,161,25.3,Diabetes,Uncontrolled,2026-04-04
NCDR0000654,NCP0000512,Sai Laxman,M,21,9459374986,Kondamallepally,Devarakonda,Nalgonda,2026-02-28,Community screening,146,91,113,32.0,Hypertension,Borderline,2026-03-30
NCDR0000655,NCP0000512,Saee Laxman,M,24,9459374986,KONDAMALLEPALLY,Devarakonda,Nalgonda,2026-05-14,Opportunistic screening,146,115,106,21.9,Hypertension,Controlled,2026-07-13
NCDR0000656,NCP0000513,Jyothi Nrsimha,F,48,9015861899,Bhanur,Patancheru,Sangareddy,2025-08-22,Community screening,154,114,139,27.2,Hypertension,Borderline,2025-10-21
NCDR0000657,NCP0000513,Jyothi Narsimha,F,47,9015861899,Bhanur,Patancheru,Sangareddy,2025-11-01,Opportunistic screening,163,114,106,22.7,Hypertension,Uncontrolled,2025-12-31
NCDR0000658,NCP0000514,Nirmala Basha,F,50,9767491998,Mogudampally,Zaheerabad,Sangareddy,2026-01-31,Community screening,114,83,293,28.8,Diabetes,Borderline,2026-05-01
NCDR0000659,NCP0000514,Nirmala,F,52,9767491998,Mogudampally,Zaheerabad,Sangareddy,2026-04-08,HWC screening,149,88,302,19.2,Diabetes,Controlled,2026-06-07
NCDR0000660,NCP0000515,Divya Khan,F,66,9919290227,Manoor,Narayankhed,Sangareddy,2025-10-22,HWC screening,169,90,123,18.7,Hypertension,Uncontrolled,2026-01-20
NCDR0000661,NCP0000515,Divya Khan,F,68,,Manoor,Narayankhed,Sangareddy,2026-01-01,Opportunistic screening,143,114,164,30.6,Hypertension,Borderline,2026-01-31
NCDR0000662,NCP0000516,Shankar Shekar,M,72,9305929544,Nermata,Chandur,Nalgonda,2026-05-07,Community screening,138,77,245,26.0,Diabetes,Controlled,2026-08-05
NCDR0000663,NCP0000516,Shankar Shekar,M,71,9305929544,Nermata,Chandur,Nalgonda,2026-07-24,Opportunistic screening,115,89,206,25.8,Diabetes,Controlled,2026-09-22
NCDR0000664,NCP0000517,Naveen Chary,M,50,9270825139,Velpula,Midjil,Mahabubnagar,2025-07-15,HWC screening,112,68,315,30.9,Diabetes,Uncontrolled,2025-10-13
NCDR0000665,NCP0000518,Kiran Yadav,M,53,,Midjil,Midjil,Mahabubnagar,2026-03-04,Community screening,120,79,205,26.7,Diabetes,Uncontrolled,2026-05-03
NCDR0000666,NCP0000518,Kiran Yadav,M,57,9676887667,Midjil,Midjil,Mahabubnagar,2026-04-24,Community screening,111,80,231,29.4,Diabetes,Uncontrolled,2026-07-23
NCDR0000667,NCP0000519,Praween Mallaiah,M,35,9780921797,Devarakonda,Devarakonda,Nalgonda,2025-11-06,Opportunistic screening,161,95,179,28.7,Hypertension+Diabetes,Controlled,2026-01-05
NCDR0000668,NCP0000520,Raghav Narsimha,M,53,9483450338,Bodajanampet,Balanagar,Mahabubnagar,2026-04-29,HWC screening,118,95,225,27.1,Diabetes,Uncontrolled,2026-06-28
NCDR0000669,NCP0000521,Shankar Naik,M,38,9245484906,Midjil,Midjil,Mahabubnagar,2025-10-11,Community screening,168,91,220,25.1,Hypertension+Diabetes,Uncontrolled,2025-11-10
NCDR0000670,NCP0000522,Laksmi Mudiraj,F,50,9106554269,Peddadinne,Devarakonda,Nalgonda,2025-10-06,Community screening,160,107,149,24.9,Hypertension,Uncontrolled,2025-12-05
NCDR0000671,NCP0000522,Lakshmi Mudiraj,F,50,9106554269,Peddadinne,Devarakonda,Nalgonda,2026-01-31,Community screening,140,89,139,29.7,Hypertension,Uncontrolled,2026-04-01
NCDR0000672,NCP0000523,Raju Shekar,M,23,+91-95095-96375,Bodajanampet,Balanagar,Mahabubnagar,2025-08-23,HWC screening,154,116,135,24.6,Hypertension,Uncontrolled,2025-10-22
NCDR0000673,NCP0000524,Raju Mallaiah,M,42,9560959397,Polepally,Jadcherla,Mahabubnagar,2026-02-20,Opportunistic screening,185,115,132,22.0,Hypertension,Uncontrolled,2026-03-22
NCDR0000674,NCP0000524,Raju Mallaiah,M,41,9560956397,Polepally,Jadcherla,Mahabubnagar,2026-06-06,Community screening,187,103,106,21.6,Hypertension,Borderline,2026-07-06
NCDR0000675,NCP0000525,Naveen Reddy,M,58,9406010506,Ameenpur,Patancheru,Sangareddy,2025-10-13,HWC screening,128,71,170,34.3,Diabetes,Uncontrolled,2026-01-11
NCDR0000676,NCP0000526,Shankar Narsimha,M,56,9596432910,Polepally,Jadcherla,Mahabubnagar,2025-09-13,HWC screening,166,93,237,24.2,Hypertension+Diabetes,Controlled,2025-11-12
NCDR0000677,NCP0000527,Arun Mudiraj,M,48,+91-93182-11766,JHARASANGAM,Zaheerabad,Sangareddy,2025-07-06,Opportunistic screening,118,96,195,21.4,Diabetes,Controlled,2025-09-04
NCDR0000678,NCP0000528,Kiran Mallaiah,M,58,9727321799,GANGAPUR,Jadcherla,Mahabubnagar,2025-12-02,Community screening,156,94,128,20.1,Hypertension,Controlled,2026-03-02
NCDR0000679,NCP0000529,Swathi Jangam,F,83,9868262916,Zaheerabad,Zaheerabad,Sangareddy,2026-04-15,Community screening,183,113,127,24.6,Hypertension,Controlled,2026-07-14
NCDR0000680,NCP0000530,Sai Khan,M,39,9034878864,Devarakonda,Devarakonda,Nalgonda,2026-04-23,Opportunistic screening,137,70,250,27.5,Diabetes,Borderline,2026-05-23
NCDR0000681,NCP0000531,Anjali Shekar,F,70,+91-91944-03351,Bangarigadda,Chandur,Nalgonda,2025-11-18,HWC screening,185,93,84,30.4,Hypertension,Uncontrolled,2025-12-18
NCDR0000682,NCP0000532,Kiran Devi,M,64,9439564699,KALHER,Narayankhed,Sangareddy,2026-04-26,Opportunistic screening,171,110,94,25.3,Hypertension,Borderline,2026-05-26
NCDR0000683,NCP0000533,Mhesh Rao,M,64,,Mangalapally,Nakrekal,Nalgonda,2026-03-14,HWC screening,162,115,79,19.5,Hypertension,Borderline,2026-06-12
NCDR0000684,NCP0000533,Mahesh Rao,M,66,9037507024,Mangalapally,Nakrekal,Nalgonda,2026-04-30,Opportunistic screening,149,108,120,31.1,Hypertension,Uncontrolled,2026-06-29
NCDR0000685,NCP0000534,Ravi Reddy,M,56,9412856830,Nomula,Nakrekal,Nalgonda,2025-07-22,Community screening,135,77,199,25.2,Diabetes,Controlled,2025-08-21
NCDR0000686,NCP0000535,Raju Chary,M,56,9141112523,Nakrekal,Nakrekal,Nalgonda,2026-02-11,Community screening,122,83,261,19.1,Diabetes,Controlled,2026-05-12
NCDR0000687,NCP0000535,Raju Chary,M,57,9141172523,Nakrekal,Nakrekal,Nalgonda,2026-06-07,Opportunistic screening,112,83,320,30.5,Diabetes,Borderline,2026-07-07
NCDR0000688,NCP0000535,Raju Chary,M,57,9141112523,Nakrekal,Nakrekal,Nalgonda,2026-07-13,Community screening,107,68,208,19.2,Diabetes,Controlled,2026-10-11
NCDR0000689,NCP0000536,run Chary,M,31,9023644796,Marrur,Nakrekal,Nalgonda,2026-03-19,Community screening,139,85,152,21.9,None,Not diagnosed,
NCDR0000690,NCP0000537,Kavitha Mudiraj,F,42,9001056374,Balanagar,Balanagar,Mahabubnagar,2025-08-13,HWC screening,163,113,294,31.7,Hypertension+Diabetes,Borderline,2025-09-12
NCDR0000691,NCP0000538,Mohan Reddy,M,75,9493216657,Kondamallepally,Devarakonda,Nalgonda,2026-01-29,HWC screening,113,84,137,23.1,None,Not diagnosed,
NCDR0000692,NCP0000539,Anil Das,M,81,9022018816,Mangalapally,Nakrekal,Nalgonda,2025-07-16,Community screening,172,107,95,33.2,Hypertension,Borderline,2025-09-14
NCDR0000693,NCP0000540,Lalitha Khan,F,22,9457043115,Indresham,Patancheru,Sangareddy,2026-05-14,HWC screening,107,68,297,23.8,Diabetes,Uncontrolled,2026-08-12
NCDR0000694,NCP0000541,Renuka Basha,F,52,9677157413,Indresham,Patancheru,Sangareddy,2025-07-12,Community screening,120,70,174,30.5,Diabetes,Borderline,2025-10-10
NCDR0000695,NCP0000542,Deepika Narsimha,F,60,+91-95509-35904,KALHER,Narayankhed,Sangareddy,2026-04-09,HWC screening,140,75,235,19.5,Diabetes,Uncontrolled,2026-06-08
NCDR0000696,NCP0000543,Bhavani Kumar,F,46,+91-93621-38149,Midjil,Midjil,Mahabubnagar,2026-06-11,HWC screening,187,85,154,22.1,Hypertension,Uncontrolled,2026-07-11
NCDR0000697,NCP0000543,Bhavani Kumar,F,48,9362118149,Midjil,Midjil,Mahabubnagar,2026-08-11,Community screening,169,95,157,32.0,Hypertension,Controlled,2026-10-10
NCDR0000698,NCP0000544,Kiran Mallaiah,M,56,9514587143,Patancheru,Patancheru,Sangareddy,2026-01-05,Community screening,112,81,305,28.4,Diabetes,Borderline,2026-02-04
NCDR0000699,NCP0000545,Mahesh Naik,M,59,9454779715,Patancheru,Patancheru,Sangareddy,2025-11-23,Community screening,126,92,248,26.9,Diabetes,Controlled,2025-12-23
NCDR0000700,NCP0000546,Shankar Begum,M,63,9050412217,Jharasangam,Zaheerabad,Sangareddy,2025-12-18,Community screening,185,108,162,30.1,Hypertension,Uncontrolled,2026-02-16
NCDR0000701,NCP0000547,Padma Devi,F,50,9147355639,Nomula,Nakrekal,Nalgonda,2026-06-15,Community screening,126,69,185,31.7,Diabetes,Controlled,2026-07-15
NCDR0000702,NCP0000548,Vinod Narsimha,M,50,9359667147,Marrur,Nakrekal,Nalgonda,2026-01-02,Community screening,146,100,172,22.1,Hypertension+Diabetes,Controlled,2026-02-01
NCDR0000703,NCP0000549,Lalitha Goud,F,46,+91-95474-90350,Gundlapally,Devarakonda,Nalgonda,2026-01-08,HWC screening,152,84,277,31.2,Hypertension+Diabetes,Borderline,2026-03-09
NCDR0000704,NCP0000550,Anitha Jangam,F,32,9252789606,Kohir,Zaheerabad,Sangareddy,2026-02-02,HWC screening,185,113,104,28.9,Hypertension,Uncontrolled,2026-05-03
NCDR0000705,NCP0000551,Vinod Basha,M,29,9051863059,Mogudampally,Zaheerabad,Sangareddy,2026-05-28,Community screening,190,105,138,34.1,Hypertension,Uncontrolled,2026-06-27
NCDR0000706,NCP0000552,Praveen Das,M,50,,Nomula,Nakrekal,Nalgonda,2025-11-30,Community screening,112,79,107,30.0,None,Not diagnosed,
NCDR0000707,NCP0000553,Harika Naik,F,63,9266554482,Velpula,Midjil,Mahabubnagar,2026-05-22,Opportunistic screening,175,112,189,27.2,Hypertension+Diabetes,Controlled,2026-08-20
NCDR0000708,NCP0000554,Raghav Basha,M,18,9204429656,Velpula,Midjil,Mahabubnagar,2026-02-15,HWC screening,178,103,164,25.9,Hypertension,Borderline,2026-05-16
NCDR0000709,NCP0000555,Kavitha Rao,F,51,9630715572,Gangapu,Jadcherla,Mahabubnagar,2026-04-05,HWC screening,160,84,326,24.9,Hypertension+Diabetes,Uncontrolled,2026-06-04
NCDR0000710,NCP0000556,Praveen Rao,M,47,9311144660,Rajapur,Balanagar,Mahabubnagar,2026-03-06,Community screening,169,113,162,24.3,Hypertension,Uncontrolled,2026-04-05
NCDR0000711,NCP0000557,Ranee Reddy,F,61,9317662625,Balanagar,Balanagar,Mahabubnagar,2025-12-29,HWC screening,157,86,258,22.5,Hypertension+Diabetes,Borderline,2026-02-27
NCDR0000712,NCP0000558,Sushma Naik,F,26,9498545504,Gangapur,Jadcherla,Mahabubnagar,2026-02-27,Community screening,133,84,262,22.9,Diabetes,Controlled,2026-05-28
NCDR0000713,NCP0000559,Naveen Khan,M,52,9266469953,Zaheerabad,Zaheerabad,Sangareddy,2026-02-01,Community screening,147,75,150,20.9,None,Not diagnosed,
NCDR0000714,NCP0000559,Naveen Khan,M,52,9266469953,Zaheerabad,Zaheerabad,Sangareddy,2026-04-01,HWC screening,138,82,134,22.8,None,Not diagnosed,
NCDR0000715,NCP0000560,Praveen Narsimha,M,44,+91-96593-35327,Marrur,Nakrekal,Nalgonda,2026-02-16,Community screening,131,96,96,28.8,None,Not diagnosed,
NCDR0000716,NCP0000561,Nirmala Basha,F,49,9844477537,NERMATA,Chandur,Nalgonda,2026-04-21,Opportunistic screening,175,113,106,24.9,Hypertension,Controlled,2026-06-20
NCDR0000717,NCP0000561,Neermala Basha,F,51,9844477537,Nermata,Chandur,Nalgonda,2026-08-12,Community screening,139,97,137,27.2,Hypertension,Controlled,2026-11-10
NCDR0000718,NCP0000562,Rajesh Devi,M,37,9059149277,Chandur,Chandur,Nalgonda,2026-06-15,Community screening,138,93,91,25.4,Hypertension,Borderline,2026-07-15
NCDR0000719,NCP0000563,Shobha Reddy,F,39,9014688088,Bangarigadda,Chandur,Nalgonda,2026-04-08,Community screening,147,72,144,19.0,None,Not diagnosed,
NCDR0000720,NCP0000563,Shobha Reddy,F,39,9014688088,Bangarigadda,Chandur,Nalgonda,2026-05-28,Opportunistic screening,137,74,114,18.7,None,Not diagnosed,
NCDR0000721,NCP0000564,Arun Naik,M,60,9255670115,Badepally,Jadcherla,Mahabubnagar,2025-08-31,Opportunistic screening,116,74,314,23.9,Diabetes,Uncontrolled,2025-11-29
NCDR0000722,NCP0000564,run Naik,M,62,9255670115,Badepally,Jadcherla,Mahabubnagar,2025-11-02,HWC screening,108,81,266,33.7,Diabetes,Borderline,2026-01-31
NCDR0000723,NCP0000565,Jyoti Begum,F,68,9019200648,Bodajanampet,Balanagar,Mahabubnagar,2026-05-07,Opportunistic screening,190,93,242,30.0,Hypertension+Diabetes,Uncontrolled,2026-06-06
NCDR0000724,NCP0000565,Jyothi Begum,F,69,9019200648,Bodajanampet,Balanagar,Mahabubnagar,2026-07-11,Community screening,184,99,252,27.0,Hypertension+Diabetes,Controlled,2026-09-09
NCDR0000725,NCP0000566,Suresh Patel,M,44,9693074304,Rajapur,Balanagar,Mahabubnagar,2026-02-06,HWC screening,140,111,155,29.1,Hypertension,Borderline,2026-05-07
NCDR0000726,NCP0000567,Rani Begum,F,49,+91-92852-39594,Nermata,Chandur,Nalgonda,2026-05-31,Community screening,184,102,88,23.2,Hypertension,Controlled,2026-08-29
NCDR0000727,NCP0000568,Naveen Mudiraj,M,54,9252797101,Donur,Midjil,Mahabubnagar,2025-10-02,Opportunistic screening,181,114,139,31.8,Hypertension,Uncontrolled,2025-11-01
NCDR0000728,NCP0000568,Naveen Mudiraj,M,52,9252797101,Donur,Midjil,Mahabubnagar,2025-12-20,Community screening,172,85,91,29.5,Hypertension,Uncontrolled,2026-03-20
NCDR0000729,NCP0000569,Mounika Das,F,35,9740940202,Kangti,Narayankhed,Sangareddy,2026-02-26,HWC screening,130,78,161,18.7,None,Not diagnosed,
NCDR0000730,NCP0000570,Arun Das,M,61,9819182522,Midjil,Midjil,Mahabubnagar,2026-01-15,Opportunistic screening,121,81,277,20.9,Diabetes,Borderline,2026-02-14
NCDR0000731,NCP0000571,Rjesh Chary,M,32,9408801700,Nakrekal,Nakrekal,Nalgonda,2026-06-05,HWC screening,145,85,124,20.2,None,Not diagnosed,
NCDR0000732,NCP0000572,Sushma,F,43,9753299925,Kalher,Narayankhed,Sangareddy,2025-11-13,Opportunistic screening,157,89,118,18.9,Hypertension,Borderline,2026-02-11
NCDR0000733,NCP0000573,Hrika Devi,F,60,9110769480,Kallepally,Balanagar,Mahabubnagar,2026-03-15,Community screening,133,79,216,34.0,Diabetes,Borderline,2026-05-14
NCDR0000734,NCP0000573,Harika Dewi,F,60,,Kallepally,Balanagar,Mahabubnagar,2026-05-29,HWC screening,137,81,269,21.0,Diabetes,Uncontrolled,2026-08-27
NCDR0000735,NCP0000574,Kavitha Patel,F,21,9785108109,Kallepally,Balanagar,Mahabubnagar,2026-02-10,Opportunistic screening,127,79,82,33.5,None,Not diagnosed,
NCDR0000736,NCP0000574,Kavitha Patel,F,25,,Kallepally,Balanagar,Mahabubnagar,2026-05-08,HWC screening,108,70,86,18.8,None,Not diagnosed,
NCDR0000737,NCP0000575,Nirmala Mudiraj,F,32,9467272719,GUNDLAPALLY,Devarakonda,Nalgonda,2025-07-15,HWC screening,140,79,221,24.1,Diabetes,Controlled,2025-09-13
NCDR0000738,NCP0000576,Srinivas Jangam,M,46,9571968989,Indresham,Patancheru,Sangareddy,2025-08-25,HWC screening,190,101,102,31.0,Hypertension,Uncontrolled,2025-10-24
NCDR0000739,NCP0000577,Renuka Mudiraj,F,51,,Nomula,Nakrekal,Nalgonda,2025-11-14,Community screening,129,83,283,24.1,Diabetes,Uncontrolled,2025-12-14
NCDR0000740,NCP0000578,Naresh Patel,M,61,9891790086,Bodajanampet,Balanagar,Mahabubnagar,2026-01-07,HWC screening,141,92,80,34.5,Hypertension,Borderline,2026-02-06
NCDR0000741,NCP0000579,Deepika Patel,F,61,9939568331,Mangalapally,Nakrekal,Nalgonda,2025-10-09,Opportunistic screening,185,102,99,22.0,Hypertension,Controlled,2025-11-08
NCDR0000742,NCP0000579,Deepika Patel,F,61,9939568331,Mangalapally,Nakrekal,Nalgonda,2025-11-23,Opportunistic screening,139,85,150,31.7,Hypertension,Controlled,2026-02-21
NCDR0000743,NCP0000580,Renuka Chary,F,41,9243646905,Narayankhed,Narayankhed,Sangareddy,2025-10-20,HWC screening,157,94,205,29.6,Hypertension+Diabetes,Uncontrolled,2025-11-19
NCDR0000744,NCP0000581,Divya Goud,F,49,9389366244,RAJAPUR,Balanagar,Mahabubnagar,2026-03-25,HWC screening,130,75,153,18.6,None,Not diagnosed,
NCDR0000745,NCP0000582,Raju Naik,M,44,9247686067,Bodajanampet,Balanagar,Mahabubnagar,2025-10-21,Community screening,120,73,225,32.0,Diabetes,Controlled,2026-01-19
NCDR0000746,NCP0000583,Srilatha Laxman,F,50,,Macharam,Jadcherla,Mahabubnagar,2025-08-28,Community screening,161,116,162,33.8,Hypertension+Diabetes,Controlled,2025-10-27
NCDR0000747,NCP0000584,Anjali Yadav,F,60,9916919556,BALANAGAR,Balanagar,Mahabubnagar,2026-01-11,Community screening,141,95,195,20.1,Diabetes,Controlled,2026-03-12
NCDR0000748,NCP0000585,Nirmala Shekar,F,70,+91-96560-62615,Rajapur,Balanagar,Mahabubnagar,2026-05-31,Opportunistic screening,149,77,160,34.2,Diabetes,Uncontrolled,2026-07-30
NCDR0000749,NCP0000586,Santosh Kumar,M,65,9062779959,Jharasangam,Zaheerabad,Sangareddy,2025-08-10,Opportunistic screening,107,84,113,32.8,None,Not diagnosed,
NCDR0000750,NCP0000587,Aneel Jangam,M,54,9373275665,Bangarigadda,Chandur,Nalgonda,2025-11-19,Community screening,168,93,236,19.7,Hypertension+Diabetes,Controlled,2026-01-18
NCDR0000751,NCP0000588,Anitha Reddy,F,41,,Badepally,Jadcherla,Mahabubnagar,2025-10-08,Opportunistic screening,150,99,197,24.8,Hypertension+Diabetes,Controlled,2025-12-07
NCDR0000752,NCP0000589,Sushma Jangam,F,29,9476750176,Patancheru,Patancheru,Sangareddy,2025-11-06,Opportunistic screening,128,75,282,27.0,Diabetes,Controlled,2025-12-06
NCDR0000753,NCP0000589,Sushma Jangam,F,25,9476750176,Patancheru,Patancheru,Sangareddy,2026-02-03,Community screening,123,93,195,20.6,Diabetes,Borderline,2026-03-05
NCDR0000754,NCP0000589,Sushma Jangam,F,26,+91-94767-50176,Patancheru,Patancheru,Sangareddy,2026-02-10,Community screening,144,79,181,23.2,Diabetes,Controlled,2026-05-11
NCDR0000755,NCP0000590,Lakshmi Laxman,F,82,9451161523,Kondamallepally,Devarakonda,Nalgonda,2025-12-09,Opportunistic screening,130,91,315,28.8,Diabetes,Borderline,2026-01-08
NCDR0000756,NCP0000591,run Rao,M,56,9845966765,Kangti,Narayankhed,Sangareddy,2026-01-16,Community screening,174,93,218,23.9,Hypertension+Diabetes,Borderline,2026-04-16
NCDR0000757,NCP0000592,Raghav Krisna,M,43,9812868833,NERMATA,Chandur,Nalgonda,2025-11-27,HWC screening,188,106,144,26.7,Hypertension,Borderline,2026-01-26
NCDR0000758,NCP0000593,Srilatha Patel,F,55,9208400373,Nomula,Nakrekal,Nalgonda,2026-05-10,HWC screening,112,71,327,20.4,Diabetes,Controlled,2026-08-08
NCDR0000759,NCP0000593,Srilatha Patel,F,54,9208400373,Nomula,Nakrekal,Nalgonda,2026-07-06,HWC screening,140,87,320,29.3,Diabetes,Controlled,2026-10-04
NCDR0000760,NCP0000594,Ramesh Mudiraj,M,61,9924596770,Kummarikunta,Chandur,Nalgonda,2025-11-25,Community screening,118,81,186,29.1,Diabetes,Controlled,2026-02-23
NCDR0000761,NCP0000595,Srinivas Patel,M,26,9951822132,Ameenpur,Patancheru,Sangareddy,2025-07-04,Opportunistic screening,142,96,112,33.7,Hypertension,Controlled,2025-10-02
NCDR0000762,NCP0000595,Srinivas Patel,M,27,9951822132,Ameenpur,Patancheru,Sangareddy,2025-09-05,Opportunistic screening,163,111,119,33.5,Hypertension,Controlled,2025-10-05
NCDR0000763,NCP0000596,Suresh Goud,M,39,+91-99955-33938,Midjil,Midjil,Mahabubnagar,2025-09-19,HWC screening,165,103,157,28.8,Hypertension,Borderline,2025-10-19
NCDR0000764,NCP0000597,Mohan Begum,M,40,,Nakrekal,Nakrekal,Nalgonda,2025-10-26,HWC screening,131,93,109,25.1,None,Not diagnosed,
NCDR0000765,NCP0000597,Mohan Begum,M,42,9426681560,NAKREKAL,Nakrekal,Nalgonda,2025-12-16,Opportunistic screening,106,90,146,20.8,None,Not diagnosed,
NCDR0000766,NCP0000598,Jyothi Mallaiah,F,47,9280436076,Kalher,Narayankhed,Sangareddy,2025-08-06,Opportunistic screening,156,108,111,30.6,Hypertension,Uncontrolled,2025-09-05
NCDR0000767,NCP0000599,Anil Reddy,M,28,,Kallepally,Balanagar,Mahabubnagar,2025-10-01,Opportunistic screening,154,95,140,32.1,Hypertension,Borderline,2025-10-31
NCDR0000768,NCP0000599,Anil Reddy,M,30,9629254882,Kallepally,Balanagar,Mahabubnagar,2025-11-24,HWC screening,182,96,98,19.6,Hypertension,Uncontrolled,2026-02-22
NCDR0000769,NCP0000600,Sushma Goud,F,88,9518279597,Bhanur,Patancheru,Sangareddy,2026-04-17,HWC screening,136,81,196,28.5,Diabetes,Controlled,2026-07-16
NCDR0000770,NCP0000601,Suresh Begum,M,69,9034060785,Balanagar,Balanagar,Mahabubnagar,2026-04-22,HWC screening,117,89,309,31.6,Diabetes,Uncontrolled,2026-07-21
NCDR0000771,NCP0000601,Suresh Begum,M,71,9034060785,Balanagar,Balanagar,Mahabubnagar,2026-07-20,Opportunistic screening,121,69,258,22.1,Diabetes,Controlled,2026-09-18
NCDR0000772,NCP0000602,Kiran Devi,M,38,9783876650,Kangti,Narayankhed,Sangareddy,2025-12-06,Opportunistic screening,143,86,78,32.1,None,Not diagnosed,
NCDR0000773,NCP0000603,Srinivas Das,M,21,9446869155,Patancheru,Patancheru,Sangareddy,2025-09-30,Community screening,133,83,291,21.0,Diabetes,Borderline,2025-12-29
NCDR0000774,NCP0000604,Praveen,M,50,9419539180,Gundlapally,Devarakonda,Nalgonda,2025-10-20,Community screening,146,81,89,18.9,None,Not diagnosed,
NCDR0000775,NCP0000605,Mounika Yadav,F,43,9396436237,Gundlapall,Devarakonda,Nalgonda,2026-01-18,Opportunistic screening,144,76,321,28.3,Diabetes,Uncontrolled,2026-02-17
NCDR0000776,NCP0000606,Suresh Devi,M,25,9308071770,Bangarigadd,Chandur,Nalgonda,2025-07-30,HWC screening,129,80,158,20.3,None,Not diagnosed,
NCDR0000777,NCP0000607,Srilatha Goud,F,54,9202027108,Polepally,Jadcherla,Mahabubnagar,2025-10-07,HWC screening,148,88,100,29.6,Hypertension,Controlled,2025-12-06
NCDR0000778,NCP0000607,Srilatha Goud,F,51,9202027108,Polepally,Jadcherla,Mahabubnagar,2026-01-27,HWC screening,159,110,93,27.4,Hypertension,Uncontrolled,2026-02-26
NCDR0000779,NCP0000608,Santosh Basha,M,63,,VELPULA,Midjil,Mahabubnagar,2026-03-19,Opportunistic screening,135,94,138,23.1,None,Not diagnosed,
NCDR0000780,NCP0000608,Santosh Basha,M,64,9657926433,Velpula,Midjil,Mahabubnagar,2026-07-11,Opportunistic screening,109,73,117,33.0,None,Not diagnosed,
NCDR0000781,NCP0000609,Deepeeka Begum,F,34,9643294613,Kalher,Narayankhed,Sangareddy,2025-12-27,Community screening,159,116,289,29.9,Hypertension+Diabetes,Borderline,2026-03-27
NCDR0000782,NCP0000610,Swathi Basha,F,33,+91-96802-05419,Kondamallepally,Devarakonda,Nalgonda,2025-08-01,Opportunistic screening,174,112,120,19.5,Hypertension,Uncontrolled,2025-08-31
NCDR0000783,NCP0000611,Padma Kumar,F,45,+91-90094-25619,KALLEPALLY,Balanagar,Mahabubnagar,2026-02-12,Opportunistic screening,136,70,219,32.5,Diabetes,Controlled,2026-05-13
NCDR0000784,NCP0000612,Rani Kumar,F,35,9287157984,Kummarikunta,Chandur,Nalgonda,2025-10-31,Opportunistic screening,159,93,140,34.3,Hypertension,Borderline,2025-11-30
NCDR0000785,NCP0000613,Srinivas Laxman,M,60,9936806777,Jharasangam,Zaheerabad,Sangareddy,2025-11-22,HWC screening,186,116,112,32.4,Hypertension,Borderline,2026-02-20
NCDR0000786,NCP0000613,Srinivas Laxman,M,59,,Jharasangam,Zaheerabad,Sangareddy,2026-01-09,HWC screening,181,84,136,29.3,Hypertension,Borderline,2026-02-08
NCDR0000787,NCP0000614,Swathi Kumar,F,80,9608056139,Kallepally,Balanagar,Mahabubnagar,2025-08-31,Community screening,132,95,273,26.8,Diabetes,Borderline,2025-09-30
NCDR0000788,NCP0000614,Swathi Kumar,F,80,9608056139,Kallepall,Balanagar,Mahabubnagar,2025-12-17,Opportunistic screening,148,85,301,24.3,Diabetes,Uncontrolled,2026-02-15
NCDR0000789,NCP0000615,Harika Narsimha,F,31,9742870590,Peddadinne,Devarakonda,Nalgonda,2025-11-19,HWC screening,119,69,246,21.4,Diabetes,Borderline,2026-01-18
NCDR0000790,NCP0000616,Venkatesh Shekar,M,46,,Donur,Midjil,Mahabubnagar,2026-03-18,Opportunistic screening,113,89,135,20.7,None,Not diagnosed,
NCDR0000791,NCP0000617,Lalitha Mudiraj,F,39,9677047572,BALANAGAR,Balanagar,Mahabubnagar,2026-02-12,Community screening,109,87,180,21.3,Diabetes,Controlled,2026-05-13
NCDR0000792,NCP0000617,Lalitha Mudiraj,F,38,9677047572,Balanagar,Balanagar,Mahabubnagar,2026-04-28,HWC screening,118,75,160,23.0,Diabetes,Controlled,2026-06-27
NCDR0000793,NCP0000618,Santosh Narsimha,M,74,9348706070,Marrur,Nakrekal,Nalgonda,2025-12-16,Community screening,113,91,312,33.5,Diabetes,Uncontrolled,2026-02-14
NCDR0000794,NCP0000619,Praveen Mallaiah,M,48,9112000361,Gangapur,Jadcherla,Mahabubnagar,2026-05-21,Community screening,162,94,162,31.0,Hypertension,Controlled,2026-08-19
NCDR0000795,NCP0000620,Jyothi,F,51,9471680942,Zaheerabad,Zaheerabad,Sangareddy,2025-08-30,HWC screening,139,88,112,33.0,Hypertension,Borderline,2025-09-29
NCDR0000796,NCP0000621,Santosh Das,M,42,9452403649,Badepally,Jadcherla,Mahabubnagar,2026-02-22,Opportunistic screening,169,84,256,18.9,Hypertension+Diabetes,Uncontrolled,2026-04-23
NCDR0000797,NCP0000622,Deepika Khan,F,85,9365471100,Kohir,Zaheerabad,Sangareddy,2026-03-19,HWC screening,106,77,301,24.7,Diabetes,Uncontrolled,2026-04-18
NCDR0000798,NCP0000623,Mahesh Patel,M,53,+91-98782-18247,Mogudampally,Zaheerabad,Sangareddy,2026-03-22,Opportunistic screening,185,110,162,25.3,Hypertension,Controlled,2026-05-21
NCDR0000799,NCP0000624,Divya Naik,F,52,9555883993,Donur,Midjil,Mahabubnagar,2025-07-09,Community screening,129,80,199,33.6,Diabetes,Uncontrolled,2025-08-08
NCDR0000800,NCP0000625,Mahesh Basha,M,34,9428068305,Polepally,Jadcherla,Mahabubnagar,2025-07-04,Opportunistic screening,108,77,140,26.2,None,Not diagnosed,
NCDR0000801,NCP0000626,Swathi Basha,F,18,9363003316,Mangalapalli,Nakrekal,Nalgonda,2026-06-08,Opportunistic screening,150,91,217,26.5,Diabetes,Borderline,2026-09-06
NCDR0000802,NCP0000627,Lalita Rao,F,46,9556777012,Indresham,Patancheru,Sangareddy,2025-07-10,HWC screening,141,94,208,26.8,Diabetes,Controlled,2025-09-08
NCDR0000803,NCP0000627,Lalitha Rao,F,49,+91-95567-77012,Indresham,Patancheru,Sangareddy,2025-10-05,Community screening,141,76,231,25.5,Diabetes,Borderline,2026-01-03
NCDR0000804,NCP0000628,Raju Das,M,39,9992545547,Mogudampally,Zaheerabad,Sangareddy,2026-03-30,HWC screening,119,79,103,29.8,None,Not diagnosed,
NCDR0000805,NCP0000629,Swathi Mudiraj,F,47,+91-92288-63038,Nakrekal,Nakrekal,Nalgonda,2026-01-02,Community screening,142,87,114,28.6,Hypertension,Borderline,2026-02-01
NCDR0000806,NCP0000629,Swathi Mudiraj,F,45,9228863038,Nakrekal,Nakrekal,Nalgonda,2026-03-07,Community screening,190,103,82,30.8,Hypertension,Uncontrolled,2026-06-05
NCDR0000807,NCP0000630,Harika Basha,F,23,9903380807,Midjil,Midjil,Mahabubnagar,2026-02-12,Opportunistic screening,108,68,195,20.7,Diabetes,Uncontrolled,2026-03-14
NCDR0000808,NCP0000631,Ravi Chary,M,48,+91-95057-66618,Mangalapally,Nakrekal,Nalgonda,2025-08-04,Opportunistic screening,157,98,101,23.0,Hypertension,Uncontrolled,2025-11-02
NCDR0000809,NCP0000632,Divya Basha,F,39,9287008960,VEMULA,Midjil,Mahabubnagar,2025-09-19,Community screening,146,69,162,24.1,None,Not diagnosed,
NCDR0000810,NCP0000633,Arun Reddy,M,51,9755855228,Jharasangam,Zaheerabad,Sangareddy,2025-11-05,HWC screening,161,101,116,21.4,Hypertension,Borderline,2026-01-04
NCDR0000811,NCP0000634,Santosh Patel,M,86,9619012456,Polepally,Jadcherla,Mahabubnagar,2026-01-07,Opportunistic screening,141,109,290,33.2,Hypertension+Diabetes,Uncontrolled,2026-03-08
NCDR0000812,NCP0000635,Lalitha Kumar,F,51,9761377625,Gangapur,Jadcherla,Mahabubnagar,2025-09-30,Opportunistic screening,159,86,140,26.0,Hypertension,Controlled,2025-12-29
NCDR0000813,NCP0000636,Kavitha Das,F,38,9797802108,Nakrekal,Nakrekal,Nalgonda,2026-05-11,Community screening,148,85,304,21.9,Diabetes,Borderline,2026-08-09
NCDR0000814,NCP0000637,Naresh Kumar,M,44,9596224129,INDRESHAM,Patancheru,Sangareddy,2026-02-13,Opportunistic screening,183,90,149,27.9,Hypertension,Uncontrolled,2026-03-15
NCDR0000815,NCP0000638,Arun Kumar,M,62,9850844332,Velpula,Midjil,Mahabubnagar,2026-06-15,HWC screening,171,109,154,29.3,Hypertension+Diabetes,Uncontrolled,2026-09-13
NCDR0000816,NCP0000639,Nresh Mallaiah,M,32,9063875907,Marrur,Nakrekal,Nalgonda,2025-09-26,Opportunistic screening,163,97,256,19.8,Hypertension+Diabetes,Controlled,2025-10-26
NCDR0000817,NCP0000639,Naresh Mallaiah,M,33,9063875907,Marrur,Nakrekal,Nalgonda,2025-11-23,Community screening,139,95,161,24.7,Hypertension+Diabetes,Uncontrolled,2025-12-23
NCDR0000818,NCP0000640,Harika Basha,F,53,9271155219,Nomula,Nakrekal,Nalgonda,2026-04-18,Opportunistic screening,122,71,250,25.3,Diabetes,Borderline,2026-06-17
NCDR0000819,NCP0000641,Santosh Devi,M,38,9758876054,Donur,Midjil,Mahabubnagar,2026-06-05,Community screening,162,102,194,19.4,Hypertension+Diabetes,Borderline,2026-08-04
NCDR0000820,NCP0000642,sobha Reddy,F,66,9552712047,Kohir,Zaheerabad,Sangareddy,2026-04-28,HWC screening,141,84,173,28.1,Diabetes,Uncontrolled,2026-05-28
NCDR0000821,NCP0000642,Shobha Reddy,F,66,9552712047,Kohir,Zaheerabad,Sangareddy,2026-08-14,Community screening,125,69,312,24.0,Diabetes,Controlled,2026-10-13
NCDR0000822,NCP0000643,Rajesh Jangam,M,30,9776193704,BODAJANAMPET,Balanagar,Mahabubnagar,2026-02-13,HWC screening,185,98,97,34.5,Hypertension,Uncontrolled,2026-04-14
NCDR0000823,NCP0000644,Raghav Das,M,18,9421452965,Badepally,Jadcherla,Mahabubnagar,2025-07-19,HWC screening,153,114,170,30.0,Hypertension+Diabetes,Controlled,2025-09-17
NCDR0000824,NCP0000645,Shobha Krishna,F,58,9963126993,Devarakonda,Devarakonda,Nalgonda,2026-01-23,HWC screening,166,110,83,26.1,Hypertension,Borderline,2026-04-23
NCDR0000825,NCP0000646,Nirmala Kumar,F,42,9879468487,Bhanu,Patancheru,Sangareddy,2025-08-23,Opportunistic screening,110,81,323,30.4,Diabetes,Uncontrolled,2025-10-22
NCDR0000826,NCP0000646,Nirmala,F,42,9879468487,Bhanur,Patancheru,Sangareddy,2025-12-14,Opportunistic screening,107,88,196,31.8,Diabetes,Controlled,2026-02-12
NCDR0000827,NCP0000647,Shobha Yadav,F,75,9614220992,Peddadinne,Devarakonda,Nalgonda,2026-03-03,Opportunistic screening,142,98,303,18.6,Hypertension+Diabetes,Uncontrolled,2026-04-02
NCDR0000828,NCP0000647,Shobha Yadav,F,74,9614220932,Peddadinne,Devarakonda,Nalgonda,2026-05-22,Opportunistic screening,166,106,168,29.0,Hypertension+Diabetes,Controlled,2026-06-21
NCDR0000829,NCP0000648,Raju Das,M,60,9322406571,Bhanur,Patancheru,Sangareddy,2026-03-07,HWC screening,173,111,153,31.8,Hypertension,Borderline,2026-05-06
NCDR0000830,NCP0000649,Bhavani Jangam,F,18,9357260389,Devarakonda,Devarakonda,Nalgonda,2026-01-04,Community screening,150,91,135,32.1,Hypertension,Borderline,2026-03-05
NCDR0000831,NCP0000650,Anil Mallaiah,M,58,9885562053,Chandur,Chandur,Nalgonda,2025-09-27,Opportunistic screening,176,105,298,24.7,Hypertension+Diabetes,Uncontrolled,2025-10-27
NCDR0000832,NCP0000650,Anil Mallaiah,M,59,9885562053,Chandur,Chandur,Nalgonda,2025-12-10,HWC screening,156,93,250,32.8,Hypertension+Diabetes,Controlled,2026-03-10
NCDR0000833,NCP0000651,Anitha Khan,F,23,9297341186,Kummarikunta,Chandur,Nalgonda,2026-02-09,HWC screening,185,102,155,22.5,Hypertension+Diabetes,Controlled,2026-04-10
NCDR0000834,NCP0000652,Kiran Kumar,M,18,9742564247,Manoor,Narayankhed,Sangareddy,2025-09-16,Opportunistic screening,129,87,151,33.8,None,Not diagnosed,
NCDR0000835,NCP0000653,Praveen Mallaiah,M,41,9046795254,Devarakonda,Devarakonda,Nalgonda,2025-07-10,Opportunistic screening,132,93,325,30.4,Diabetes,Borderline,2025-10-08
NCDR0000836,NCP0000654,Jyothi Naik,F,57,9611809120,Kondamallepally,Devarakonda,Nalgonda,2025-08-28,HWC screening,118,86,241,22.0,Diabetes,Borderline,2025-10-27
NCDR0000837,NCP0000655,Raghav Naik,M,69,9588723471,Kohir,Zaheerabad,Sangareddy,2025-08-30,Opportunistic screening,145,95,247,34.3,Hypertension+Diabetes,Uncontrolled,2025-09-29
NCDR0000838,NCP0000656,Rani Jangam,F,79,9147064102,Mangalapally,Nakrekal,Nalgonda,2026-02-05,Opportunistic screening,107,83,83,24.8,None,Not diagnosed,
NCDR0000839,NCP0000656,Rani Jangam,F,79,9147064102,Mangalapally,Nakrekal,Nalgonda,2026-03-27,Opportunistic screening,139,94,154,21.6,None,Not diagnosed,
NCDR0000840,NCP0000657,Jyothi,F,62,,Patancheru,Patancheru,Sangareddy,2026-05-04,HWC screening,124,89,207,21.0,Diabetes,Borderline,2026-06-03
NCDR0000841,NCP0000658,Mounika Patel,F,68,9565680973,MANOOR,Narayankhed,Sangareddy,2025-12-20,Community screening,127,68,104,21.4,None,Not diagnosed,
NCDR0000842,NCP0000659,Lakshmi Mudiraj,F,19,9161785589,Balanagar,Balanagar,Mahabubnagar,2026-02-20,HWC screening,170,91,200,26.3,Hypertension+Diabetes,Controlled,2026-04-21
NCDR0000843,NCP0000660,Lalitha Shekar,F,18,9338042320,Bangarigadda,Chandur,Nalgonda,2025-10-22,Community screening,176,85,113,26.6,Hypertension,Controlled,2025-11-21
NCDR0000844,NCP0000661,Nirmala Mallaiah,F,32,9008450230,Narayankhed,Narayankhed,Sangareddy,2025-09-05,Opportunistic screening,107,88,134,30.5,None,Not diagnosed,
NCDR0000845,NCP0000661,Nirmala Mallaiah,F,32,9008450230,Narayankhed,Narayankhed,Sangareddy,2026-01-02,Opportunistic screening,144,89,112,27.1,None,Not diagnosed,
NCDR0000846,NCP0000662,Saritha Das,F,44,9890715899,Bhanur,Patancheru,Sangareddy,2025-10-04,HWC screening,138,112,151,20.2,Hypertension,Controlled,2025-11-03
NCDR0000847,NCP0000662,Saritha Das,F,45,9890715899,Bhanur,Patancheru,Sangareddy,2025-12-31,Opportunistic screening,161,97,143,22.4,Hypertension,Borderline,2026-03-31
NCDR0000848,NCP0000663,Hareeka Jangam,F,26,9758644708,Gangapur,Jadcherla,Mahabubnagar,2025-07-25,Community screening,123,89,95,23.8,None,Not diagnosed,
NCDR0000849,NCP0000664,Lakshmi Reddy,F,63,9144940220,Kohir,Zaheerabad,Sangareddy,2025-08-25,HWC screening,166,105,147,21.0,Hypertension,Controlled,2025-09-24
NCDR0000850,NCP0000665,Srilatha Krishna,F,63,9176102136,Kondamallepally,Devarakonda,Nalgonda,2025-09-14,HWC screening,126,83,230,21.3,Diabetes,Controlled,2025-11-13
NCDR0000851,NCP0000666,Anjali Devi,F,78,9977408756,Mangalapally,Nakrekal,Nalgonda,2025-08-11,HWC screening,159,92,148,20.1,Hypertension,Uncontrolled,2025-09-10
NCDR0000852,NCP0000667,Vinod Begum,M,48,9436364513,Kalher,Narayankhed,Sangareddy,2025-11-24,Opportunistic screening,149,109,165,29.1,Hypertension,Controlled,2025-12-24
NCDR0000853,NCP0000668,Santosh Reddy,M,28,9150384839,Vemula,Midjil,Mahabubnagar,2025-07-16,Opportunistic screening,113,88,111,27.7,None,Not diagnosed,
NCDR0000854,NCP0000669,Raju Begum,M,35,,Jharasangam,Zaheerabad,Sangareddy,2025-11-08,Community screening,126,91,273,26.1,Diabetes,Borderline,2025-12-08
NCDR0000855,NCP0000669,Raju Begum,M,36,,Jharasangam,Zaheerabad,Sangareddy,2026-02-14,Community screening,125,92,147,25.7,Diabetes,Uncontrolled,2026-04-15
NCDR0000856,NCP0000670,Saritha Shekar,F,60,9734372392,Mogudampally,Zaheerabad,Sangareddy,2026-02-09,Community screening,162,91,146,27.0,Hypertension,Uncontrolled,2026-03-11
NCDR0000857,NCP0000671,Srilatha Mallaiah,F,72,+91-91667-13167,Kangti,Narayankhed,Sangareddy,2025-10-15,Community screening,185,109,197,19.4,Hypertension+Diabetes,Uncontrolled,2025-11-14
NCDR0000858,NCP0000672,Shobha Reddy,F,34,9331882097,Nakrekal,Nakrekal,Nalgonda,2025-07-23,Community screening,150,72,150,19.7,None,Not diagnosed,
NCDR0000859,NCP0000673,Anitha Mallaiah,F,59,+91-98122-02604,Kondamallepally,Devarakonda,Nalgonda,2025-11-12,Opportunistic screening,190,110,123,26.0,Hypertension,Borderline,2025-12-12
NCDR0000860,NCP0000674,Bhavani Kumar,F,19,9078043646,Chandur,Chandur,Nalgonda,2025-10-27,Community screening,131,68,224,25.7,Diabetes,Uncontrolled,2026-01-25
NCDR0000861,NCP0000675,Vinod Mudiraj,M,77,9335123263,Rajapur,Balanagar,Mahabubnagar,2026-02-19,HWC screening,166,105,250,34.2,Hypertension+Diabetes,Controlled,2026-04-20
NCDR0000862,NCP0000676,Mohan Dewi,M,51,9377640229,Donur,Midjil,Mahabubnagar,2026-02-22,Opportunistic screening,141,93,117,30.7,Hypertension,Borderline,2026-04-23
NCDR0000863,NCP0000677,Sushma Mallaiah,F,44,9178219811,Bangarigadda,Chandur,Nalgonda,2026-02-20,Community screening,184,91,111,33.4,Hypertension,Borderline,2026-05-21
NCDR0000864,NCP0000678,Harika Jangam,F,30,9720980130,Chandur,Chandur,Nalgonda,2025-12-15,Opportunistic screening,135,92,184,24.7,Diabetes,Uncontrolled,2026-01-14
NCDR0000865,NCP0000679,Mohan Khan,M,36,9375034247,Chandur,Chandur,Nalgonda,2025-12-04,Opportunistic screening,145,100,227,32.9,Hypertension+Diabetes,Borderline,2026-01-03
NCDR0000866,NCP0000679,Mohan Khan,M,38,9375036447,Chandur,Chandur,Nalgonda,2026-01-28,HWC screening,145,88,239,29.8,Hypertension+Diabetes,Controlled,2026-02-27
NCDR0000867,NCP0000680,Anil Basha,M,45,9306049313,Manoor,Narayankhed,Sangareddy,2025-12-30,HWC screening,142,85,84,30.0,Hypertension,Borderline,2026-01-29
NCDR0000868,NCP0000681,Harika Basha,F,27,9625890569,Narayankhed,Narayankhed,Sangareddy,2026-03-10,Community screening,114,78,152,30.9,Diabetes,Borderline,2026-04-09
NCDR0000869,NCP0000681,Harika Basha,F,25,9620890569,Narayankhed,Narayankhed,Sangareddy,2026-05-07,Community screening,108,88,296,18.7,Diabetes,Uncontrolled,2026-07-06
NCDR0000870,NCP0000682,Bhavani Shekar,F,44,9946337808,Narayankhe,Narayankhed,Sangareddy,2025-09-23,Opportunistic screening,180,92,83,31.0,Hypertension,Controlled,2025-10-23
NCDR0000871,NCP0000682,Bhavani Shekar,F,44,9946337808,Narayankhed,Narayankhed,Sangareddy,2025-12-11,Community screening,138,99,129,23.0,Hypertension,Borderline,2026-03-11
NCDR0000872,NCP0000683,Shobha Khan,F,43,+91-90252-34350,Kondamallepally,Devarakonda,Nalgonda,2025-12-10,Opportunistic screening,158,97,121,33.7,Hypertension,Controlled,2026-02-08
NCDR0000873,NCP0000684,Renuka Begum,F,52,9661203139,Chandur,Chandur,Nalgonda,2026-03-01,HWC screening,177,90,107,21.4,Hypertension,Borderline,2026-05-30
NCDR0000874,NCP0000685,Saritha Naik,F,54,9222054042,Donur,Midjil,Mahabubnagar,2025-09-09,Opportunistic screening,105,68,216,24.6,Diabetes,Uncontrolled,2025-11-08
NCDR0000875,NCP0000686,Anjali Narsimha,F,32,9794632704,Manoor,Narayankhed,Sangareddy,2026-01-04,Community screening,188,112,199,25.3,Hypertension+Diabetes,Borderline,2026-04-04
NCDR0000876,NCP0000686,Anjalee Narsimha,F,30,9794632704,Manoor,Narayankhed,Sangareddy,2026-04-27,Community screening,172,105,290,20.4,Hypertension+Diabetes,Controlled,2026-05-27
NCDR0000877,NCP0000687,Harika Das,F,64,9204211806,Mogudampally,Zaheerabad,Sangareddy,2025-10-21,Community screening,174,86,144,24.7,Hypertension,Uncontrolled,2025-11-20
NCDR0000878,NCP0000688,Kaveetha Das,F,52,9943559306,Bodajanampet,Balanagar,Mahabubnagar,2025-08-12,Opportunistic screening,106,85,165,27.4,None,Not diagnosed,
NCDR0000879,NCP0000688,Kavitha Das,F,51,9943559306,Bodajanampet,Balanagar,Mahabubnagar,2025-11-09,Community screening,110,75,158,29.0,None,Not diagnosed,
NCDR0000880,NCP0000689,Divya Basha,F,41,9160525051,Bodajanampet,Balanagar,Mahabubnagar,2026-01-16,HWC screening,169,89,149,19.5,Hypertension,Controlled,2026-04-16
NCDR0000881,NCP0000690,Mohan Naik,M,41,9547570370,Polepally,Jadcherla,Mahabubnagar,2025-11-14,Opportunistic screening,178,86,205,27.4,Hypertension+Diabetes,Borderline,2025-12-14
NCDR0000882,NCP0000691,Nirmala Naik,F,54,9928783233,Zaheerabad,Zaheerabad,Sangareddy,2025-10-04,Community screening,111,68,303,19.8,Diabetes,Borderline,2025-12-03
NCDR0000883,NCP0000692,Saritha Shekar,F,54,9212027063,Badepally,Jadcherla,Mahabubnagar,2026-04-28,Community screening,113,68,325,32.8,Diabetes,Borderline,2026-07-27
NCDR0000884,NCP0000693,Divya Laxman,F,60,9550027234,Kallepally,Balanagar,Mahabubnagar,2026-01-28,HWC screening,132,73,265,20.9,Diabetes,Uncontrolled,2026-02-27
NCDR0000885,NCP0000694,Sai Mallaiah,M,56,9710918174,Bodajanampet,Balanagar,Mahabubnagar,2026-01-28,Community screening,116,74,290,31.5,Diabetes,Controlled,2026-02-27
NCDR0000886,NCP0000695,Mohan Krishna,M,23,9353894265,Kohir,Zaheerabad,Sangareddy,2025-07-29,Opportunistic screening,161,86,120,23.0,Hypertension,Uncontrolled,2025-09-27
NCDR0000887,NCP0000696,Vinod Laxman,M,56,9553992645,Manoor,Narayankhed,Sangareddy,2026-01-09,Opportunistic screening,156,98,135,29.5,Hypertension,Controlled,2026-04-09
NCDR0000888,NCP0000697,Renuka Devi,F,39,9475751452,Kohir,Zaheerabad,Sangareddy,2025-10-13,Opportunistic screening,128,77,213,26.8,Diabetes,Controlled,2025-11-12
NCDR0000889,NCP0000697,Renuka Devi,F,41,9475751452,Kohir,Zaheerabad,Sangareddy,2026-01-15,HWC screening,137,74,176,24.6,Diabetes,Controlled,2026-03-16
NCDR0000890,NCP0000697,Renuka Devi,F,41,9475751452,Kohir,Zaheerabad,Sangareddy,2026-01-25,HWC screening,113,88,295,29.5,Diabetes,Controlled,2026-03-26
NCDR0000891,NCP0000698,Mahesh Krishna,M,26,9282878389,Bodajanampet,Balanagar,Mahabubnagar,2026-01-31,Opportunistic screening,135,80,111,24.0,None,Not diagnosed,
NCDR0000892,NCP0000699,Saritha Reddy,F,50,,Narayankhed,Narayankhed,Sangareddy,2026-04-01,HWC screening,177,103,102,24.5,Hypertension,Controlled,2026-06-30
NCDR0000893,NCP0000699,Saritha Reddy,F,51,9975285511,Narayankhed,Narayankhed,Sangareddy,2026-06-29,Community screening,164,92,133,29.2,Hypertension,Controlled,2026-09-27
NCDR0000894,NCP0000700,Shobha Devi,F,28,9553941992,Gangapur,Jadcherla,Mahabubnagar,2026-01-20,Community screening,166,107,124,22.0,Hypertension,Borderline,2026-02-19
NCDR0000895,NCP0000701,Naveen Goud,M,42,9591198788,BODAJANAMPET,Balanagar,Mahabubnagar,2025-08-25,HWC screening,140,99,140,25.4,Hypertension,Controlled,2025-10-24
NCDR0000896,NCP0000702,Srinivas Narsimha,M,67,9329034391,Bodajanampet,Balanagar,Mahabubnagar,2025-09-08,HWC screening,186,116,86,21.1,Hypertension,Controlled,2025-12-07
NCDR0000897,NCP0000702,Srinivas Narsimha,M,67,9329034391,Bodajanampet,Balanagar,Mahabubnagar,2025-12-09,HWC screening,185,107,143,30.2,Hypertension,Uncontrolled,2026-03-09
NCDR0000898,NCP0000703,Deevya Krishna,F,18,9004164217,Rajapur,Balanagar,Mahabubnagar,2025-09-04,HWC screening,166,116,156,23.9,Hypertension,Uncontrolled,2025-12-03
NCDR0000899,NCP0000703,Divya Krishna,F,20,9004164217,Rajapur,Balanagar,Mahabubnagar,2025-12-28,Community screening,188,108,120,19.7,Hypertension,Controlled,2026-03-28
NCDR0000900,NCP0000704,Naresh Begum,M,36,9571902459,Patancheru,Patancheru,Sangareddy,2026-03-30,HWC screening,165,105,164,22.4,Hypertension,Borderline,2026-05-29
NCDR0000901,NCP0000704,Naresh Begum,M,35,+91-95719-02459,Patancheru,Patancheru,Sangareddy,2026-06-21,Community screening,178,87,163,31.5,Hypertension,Uncontrolled,2026-07-21
NCDR0000902,NCP0000705,Mounika Shekar,F,50,9372630464,Kalher,Narayankhed,Sangareddy,2026-06-03,HWC screening,142,79,257,27.8,Diabetes,Controlled,2026-08-02
NCDR0000903,NCP0000706,Nirmala Shekar,F,18,9825943442,Badepally,Jadcherla,Mahabubnagar,2025-07-23,Opportunistic screening,107,87,217,28.7,Diabetes,Uncontrolled,2025-09-21
NCDR0000904,NCP0000706,Nirmala Shekar,F,18,9825943442,Badepally,Jadcherla,Mahabubnagar,2025-10-01,Opportunistic screening,140,83,225,29.8,Diabetes,Uncontrolled,2025-10-31
NCDR0000905,NCP0000707,Anitha Krishna,F,21,9353312344,Devarakond,Devarakonda,Nalgonda,2025-12-26,Opportunistic screening,130,72,162,19.9,None,Not diagnosed,
NCDR0000906,NCP0000707,Anitha Krishna,F,22,9353312344,DEVARAKONDA,Devarakonda,Nalgonda,2026-03-27,HWC screening,122,69,165,18.5,None,Not diagnosed,
NCDR0000907,NCP0000708,Anil Shekar,M,20,9363022938,Bhanur,Patancheru,Sangareddy,2026-06-16,HWC screening,186,89,91,24.8,Hypertension,Controlled,2026-08-15
NCDR0000908,NCP0000709,Harika Kumar,F,18,+91-97653-00198,Indresham,Patancheru,Sangareddy,2025-11-19,Community screening,155,101,158,23.1,Hypertension,Controlled,2026-01-18
NCDR0000909,NCP0000709,Harika,F,18,9765300198,Indresham,Patancheru,Sangareddy,2026-02-17,Community screening,172,106,143,28.7,Hypertension,Uncontrolled,2026-05-18
NCDR0000910,NCP0000710,Rajesh Basha,M,57,+91-98508-27751,Velpula,Midjil,Mahabubnagar,2025-09-26,Opportunistic screening,149,73,86,23.6,None,Not diagnosed,
NCDR0000911,NCP0000710,Rajesh Basha,M,58,9850827751,Velpula,Midjil,Mahabubnagar,2025-11-25,Community screening,138,89,85,23.9,None,Not diagnosed,
NCDR0000912,NCP0000711,Shobha Kumar,F,42,,Polepally,Jadcherla,Mahabubnagar,2025-09-14,Opportunistic screening,177,114,195,23.5,Hypertension+Diabetes,Controlled,2025-12-13
NCDR0000913,NCP0000712,Jyothi Rao,F,46,+91-90929-27870,Rajapur,Balanagar,Mahabubnagar,2026-03-27,Opportunistic screening,167,112,203,20.8,Hypertension+Diabetes,Uncontrolled,2026-04-26
NCDR0000914,NCP0000713,Arun Laxman,M,69,9914996581,Indresham,Patancheru,Sangareddy,2025-11-12,HWC screening,190,84,81,34.4,Hypertension,Borderline,2026-01-11
NCDR0000915,NCP0000714,Sai Yadav,M,38,9943896182,Nomula,Nakrekal,Nalgonda,2026-04-18,Community screening,132,89,181,25.2,Diabetes,Borderline,2026-06-17
NCDR0000916,NCP0000714,Sai Yadav,M,40,,Nomula,Nakrekal,Nalgonda,2026-06-05,HWC screening,127,69,247,24.5,Diabetes,Controlled,2026-07-05
NCDR0000917,NCP0000715,Saritha Narsimha,F,54,9327721016,Ameenpur,Patancheru,Sangareddy,2026-04-02,Opportunistic screening,148,85,223,31.9,Hypertension+Diabetes,Borderline,2026-06-01
NCDR0000918,NCP0000715,Saritha Narsimha,F,54,9327721016,Ameenpur,Patancheru,Sangareddy,2026-07-25,Opportunistic screening,138,92,260,33.7,Hypertension+Diabetes,Controlled,2026-08-24
NCDR0000919,NCP0000716,Ramesh Patel,M,40,9993577383,Balanagar,Balanagar,Mahabubnagar,2025-07-29,Opportunistic screening,170,105,301,19.3,Hypertension+Diabetes,Uncontrolled,2025-08-28
NCDR0000920,NCP0000717,Kiran Kumar,M,50,9335050302,Patancheru,Patancheru,Sangareddy,2025-08-16,HWC screening,126,86,162,30.9,Diabetes,Borderline,2025-10-15
NCDR0000921,NCP0000717,Kiran Kumar,M,50,9335050302,PATANCHERU,Patancheru,Sangareddy,2025-12-01,Community screening,142,91,189,33.9,Diabetes,Controlled,2026-01-30
NCDR0000922,NCP0000718,Deepik Naik,F,18,9007436564,Polepally,Jadcherla,Mahabubnagar,2025-10-29,Community screening,138,77,164,27.7,None,Not diagnosed,
NCDR0000923,NCP0000719,Naveen Mallaiah,M,86,9066849042,Kallepally,Balanagar,Mahabubnagar,2026-02-06,HWC screening,140,85,289,33.8,Hypertension+Diabetes,Borderline,2026-03-08
NCDR0000924,NCP0000720,Srinivas Laxman,M,49,9808841461,Kalher,Narayankhed,Sangareddy,2026-04-04,Community screening,138,76,235,32.7,Diabetes,Uncontrolled,2026-07-03
NCDR0000925,NCP0000721,Rani Khan,F,42,9801130002,Devarakonda,Devarakonda,Nalgonda,2025-07-17,Opportunistic screening,147,89,78,21.2,Hypertension,Borderline,2025-09-15
NCDR0000926,NCP0000722,Arun Dewi,M,47,,Devarakonda,Devarakonda,Nalgonda,2026-02-24,HWC screening,141,101,144,32.4,Hypertension,Uncontrolled,2026-05-25
NCDR0000927,NCP0000723,Raghav Reddy,M,67,,Bhanur,Patancheru,Sangareddy,2026-05-20,HWC screening,151,88,318,29.0,Hypertension+Diabetes,Uncontrolled,2026-08-18
NCDR0000928,NCP0000723,Raghav Reddy,M,67,9662755356,Bhanur,Patancheru,Sangareddy,2026-07-19,HWC screening,143,112,234,28.6,Hypertension+Diabetes,Uncontrolled,2026-08-18
NCDR0000929,NCP0000724,Nirmala Krishna,F,65,9356075796,Midjil,Midjil,Mahabubnagar,2026-05-03,Community screening,167,103,106,26.7,Hypertension,Uncontrolled,2026-08-01
NCDR0000930,NCP0000725,Naveen Narsimha,M,57,,Gangapur,Jadcherla,Mahabubnagar,2025-12-08,HWC screening,143,76,94,27.4,None,Not diagnosed,
NCDR0000931,NCP0000726,Ramesh Goud,M,68,9339250042,Gangapur,Jadcherla,Mahabubnagar,2025-11-17,HWC screening,179,112,159,27.8,Hypertension+Diabetes,Uncontrolled,2026-02-15
NCDR0000932,NCP0000727,Raghav Mallaiah,M,76,9085904741,Manoor,Narayankhed,Sangareddy,2026-03-16,HWC screening,114,77,156,30.8,None,Not diagnosed,
NCDR0000933,NCP0000728,Ramesh Mudiraj,M,59,9570894949,Mogudampally,Zaheerabad,Sangareddy,2025-08-26,Opportunistic screening,133,96,125,29.4,None,Not diagnosed,
NCDR0000934,NCP0000729,Lalitha Patel,F,42,9019540751,Mangalapall,Nakrekal,Nalgonda,2026-03-28,Opportunistic screening,142,85,110,29.1,None,Not diagnosed,
NCDR0000935,NCP0000729,Lalitha Patel,F,43,9019540751,Mangalapally,Nakrekal,Nalgonda,2026-06-17,Opportunistic screening,125,89,91,22.0,None,Not diagnosed,
NCDR0000936,NCP0000730,Santosh Das,M,22,9435961147,Kalher,Narayankhed,Sangareddy,2026-02-13,Opportunistic screening,160,112,103,23.0,Hypertension,Borderline,2026-05-14
NCDR0000937,NCP0000730,Sntosh Das,M,20,+91-94359-61147,Kalher,Narayankhed,Sangareddy,2026-04-24,Opportunistic screening,155,109,128,18.9,Hypertension,Borderline,2026-07-23
NCDR0000938,NCP0000731,Saritha Reddy,F,38,9361209225,Vemula,Midjil,Mahabubnagar,2025-10-16,Community screening,126,95,119,30.5,None,Not diagnosed,
NCDR0000939,NCP0000731,Saritha Reddy,F,36,,Vemula,Midjil,Mahabubnagar,2026-01-28,Community screening,127,73,118,25.3,None,Not diagnosed,
NCDR0000940,NCP0000731,Saritha Reddy,F,38,9361209225,VEMULA,Midjil,Mahabubnagar,2026-04-24,HWC screening,115,82,136,32.8,None,Not diagnosed,
NCDR0000941,NCP0000732,sobha Rao,F,40,9510737432,Bodajanampet,Balanagar,Mahabubnagar,2026-05-18,Community screening,180,89,90,24.1,Hypertension,Uncontrolled,2026-08-16
NCDR0000942,NCP0000733,Santosh Krishna,M,74,9974086589,Velpula,Midjil,Mahabubnagar,2025-09-20,Community screening,171,104,94,28.2,Hypertension,Borderline,2025-10-20
NCDR0000943,NCP0000734,Suresh Khan,M,79,9206377733,Peddadinne,Devarakonda,Nalgonda,2025-07-21,Community screening,159,113,160,28.3,Hypertension,Controlled,2025-10-19
NCDR0000944,NCP0000734,Suresh Khan,M,79,9206377733,PEDDADINNE,Devarakonda,Nalgonda,2025-09-05,Opportunistic screening,144,90,123,18.7,Hypertension,Uncontrolled,2025-10-05
NCDR0000945,NCP0000734,Suresh Khan,M,77,+91-92063-77733,Peddadinne,Devarakonda,Nalgonda,2026-02-20,Community screening,164,104,91,27.3,Hypertension,Controlled,2026-04-21
NCDR0000946,NCP0000735,Jyothi Basha,F,18,9608293977,Marrur,Nakrekal,Nalgonda,2026-02-15,Opportunistic screening,140,77,160,34.1,None,Not diagnosed,
NCDR0000947,NCP0000736,Naveen Patel,M,62,9124773754,Bhanur,Patancheru,Sangareddy,2026-01-23,HWC screening,148,69,90,27.7,None,Not diagnosed,
NCDR0000948,NCP0000737,Deepika Chary,F,53,9071037874,Bangarigadda,Chandur,Nalgonda,2025-09-18,Opportunistic screening,147,89,210,19.2,Diabetes,Uncontrolled,2025-10-18
NCDR0000949,NCP0000738,Naresh Rao,M,48,9850366094,Ameenpur,Patancheru,Sangareddy,2026-02-13,Community screening,147,94,267,34.2,Hypertension+Diabetes,Controlled,2026-04-14
NCDR0000950,NCP0000739,Kavitha Yadav,F,66,9112299730,Gundlapally,Devarakonda,Nalgonda,2025-08-12,HWC screening,185,87,100,31.7,Hypertension,Borderline,2025-10-11
NCDR0000951,NCP0000740,Ravi Goud,M,39,9077698855,Badepally,Jadcherla,Mahabubnagar,2026-04-13,Opportunistic screening,155,87,93,25.1,Hypertension,Borderline,2026-06-12
NCDR0000952,NCP0000741,Deepika Das,F,37,9629056332,Jharasangam,Zaheerabad,Sangareddy,2025-12-28,Opportunistic screening,110,83,283,25.6,Diabetes,Uncontrolled,2026-03-28
NCDR0000953,NCP0000741,Deepika Das,F,37,9629056362,Jharasangam,Zaheerabad,Sangareddy,2026-02-13,Community screening,123,87,218,22.9,Diabetes,Borderline,2026-03-15
NCDR0000954,NCP0000742,Mahesh Shekar,M,45,+91-96510-93900,Ameenpur,Patancheru,Sangareddy,2025-07-10,HWC screening,138,80,310,21.8,Diabetes,Borderline,2025-09-08
NCDR0000955,NCP0000743,Renuk Reddy,F,46,9681377960,Nomula,Nakrekal,Nalgonda,2026-01-11,Community screening,181,116,117,33.5,Hypertension,Uncontrolled,2026-04-11
NCDR0000956,NCP0000744,Renuka Reddy,F,41,9658496753,Velpula,Midjil,Mahabubnagar,2025-08-19,Opportunistic screening,140,79,118,25.5,None,Not diagnosed,
NCDR0000957,NCP0000745,Ravi Yadav,M,55,+91-91033-34968,Kalher,Narayankhed,Sangareddy,2026-05-16,HWC screening,162,107,81,33.4,Hypertension,Uncontrolled,2026-08-14
NCDR0000958,NCP0000746,Bhavani Krishna,F,55,9990243734,Midjil,Midjil,Mahabubnagar,2025-10-10,Opportunistic screening,140,75,125,22.9,None,Not diagnosed,
NCDR0000959,NCP0000746,Bhavani Krishna,F,53,,Midjil,Midjil,Mahabubnagar,2026-01-10,Community screening,148,78,159,32.3,None,Not diagnosed,
NCDR0000960,NCP0000747,Sai Basha,M,47,9599454433,MARRUR,Nakrekal,Nalgonda,2026-02-15,HWC screening,173,93,99,19.5,Hypertension,Uncontrolled,2026-05-16
NCDR0000961,NCP0000747,Sai Basha,M,47,9599454433,Marrur,Nakrekal,Nalgonda,2026-05-31,Opportunistic screening,138,89,154,28.7,Hypertension,Uncontrolled,2026-07-30
NCDR0000962,NCP0000748,Anjali Patel,F,69,9998344628,Bhanur,Patancheru,Sangareddy,2026-02-06,Opportunistic screening,133,71,124,33.5,None,Not diagnosed,
NCDR0000963,NCP0000749,Sarita Mudiraj,F,50,9874195431,Gangapur,Jadcherla,Mahabubnagar,2025-12-01,Opportunistic screening,141,97,131,28.8,Hypertension,Controlled,2026-03-01
NCDR0000964,NCP0000750,Mohan Krishna,M,37,9362997232,Manoor,Narayankhed,Sangareddy,2025-11-03,HWC screening,145,100,80,24.2,Hypertension,Uncontrolled,2025-12-03
NCDR0000965,NCP0000751,Venkatesh Krishna,M,50,,Gangapur,Jadcherla,Mahabubnagar,2025-11-18,HWC screening,160,110,109,24.5,Hypertension,Controlled,2026-01-17
NCDR0000966,NCP0000752,Suresh Devi,M,44,9498208561,AMEENPUR,Patancheru,Sangareddy,2025-09-29,HWC screening,121,70,188,21.3,Diabetes,Controlled,2025-10-29
NCDR0000967,NCP0000753,Kavitha Narsimha,F,18,+91-93291-02716,Kummarikunta,Chandur,Nalgonda,2025-07-30,HWC screening,168,92,146,27.6,Hypertension,Uncontrolled,2025-08-29
NCDR0000968,NCP0000753,Kavitha Narsimha,F,18,9329102716,KUMMARIKUNTA,Chandur,Nalgonda,2025-09-17,HWC screening,184,85,153,33.3,Hypertension,Borderline,2025-11-16
NCDR0000969,NCP0000754,Jyothi Mudiraj,F,66,+91-96283-42252,Donur,Midjil,Mahabubnagar,2026-05-29,Community screening,180,98,154,27.0,Hypertension,Borderline,2026-08-27
NCDR0000970,NCP0000755,Kavitha Devi,F,67,9016381205,Bangarigadda,Chandur,Nalgonda,2026-03-18,HWC screening,166,107,106,34.0,Hypertension,Uncontrolled,2026-04-17
NCDR0000971,NCP0000756,Navin Naik,M,58,9936290615,Donur,Midjil,Mahabubnagar,2025-10-14,Opportunistic screening,178,101,237,19.6,Hypertension+Diabetes,Borderline,2026-01-12
NCDR0000972,NCP0000756,Naveen Naik,M,58,9936290615,DONUR,Midjil,Mahabubnagar,2025-11-28,Community screening,155,106,306,31.5,Hypertension+Diabetes,Borderline,2026-01-27
NCDR0000973,NCP0000756,Naveen Naik,M,57,9936290615,Donur,Midjil,Mahabubnagar,2026-04-08,Community screening,150,99,149,21.8,Hypertension+Diabetes,Uncontrolled,2026-05-08
NCDR0000974,NCP0000757,Anitha Mudiraj,F,71,9338815282,Peddadinne,Devarakonda,Nalgonda,2025-08-21,HWC screening,180,107,172,25.4,Hypertension+Diabetes,Uncontrolled,2025-10-20
NCDR0000975,NCP0000758,Harika Naik,F,72,9818613847,Peddadinne,Devarakonda,Nalgonda,2025-09-02,HWC screening,176,98,162,29.0,Hypertension+Diabetes,Uncontrolled,2025-10-02
NCDR0000976,NCP0000758,Hareeka Naik,F,72,9818613847,Peddadinne,Devarakonda,Nalgonda,2025-11-29,HWC screening,172,102,231,23.6,Hypertension+Diabetes,Borderline,2025-12-29
NCDR0000977,NCP0000759,Vinod Laxman,M,42,9072188672,Vemula,Midjil,Mahabubnagar,2025-12-26,Opportunistic screening,140,107,125,28.6,Hypertension,Uncontrolled,2026-01-25
NCDR0000978,NCP0000759,Vinod Laxman,M,39,9072188872,Vemula,Midjil,Mahabubnagar,2026-03-23,Opportunistic screening,163,112,101,18.7,Hypertension,Controlled,2026-06-21
NCDR0000979,NCP0000759,Vinod Lxman,M,42,9072188672,Vemula,Midjil,Mahabubnagar,2026-06-18,Community screening,187,92,132,24.5,Hypertension,Controlled,2026-07-18
NCDR0000980,NCP0000760,Swathi Naik,F,39,,Vemula,Midjil,Mahabubnagar,2026-03-14,HWC screening,139,113,149,23.4,Hypertension,Borderline,2026-05-13
NCDR0000981,NCP0000761,Mahesh Khan,M,60,9737011227,Kalher,Narayankhed,Sangareddy,2025-10-08,HWC screening,187,102,118,31.5,Hypertension,Controlled,2026-01-06
NCDR0000982,NCP0000762,Saritha Narsimha,F,54,+91-93244-77338,Narayankhed,Narayankhed,Sangareddy,2025-10-20,Opportunistic screening,109,71,267,19.1,Diabetes,Controlled,2025-12-19
NCDR0000983,NCP0000763,Srilatha Mudiraj,F,55,+91-95514-60777,Nomula,Nakrekal,Nalgonda,2025-12-18,Community screening,176,101,290,20.5,Hypertension+Diabetes,Controlled,2026-03-18
NCDR0000984,NCP0000763,Srilatha Mudiraj,F,55,9551460777,Nomula,Nakrekal,Nalgonda,2026-02-21,HWC screening,169,96,197,27.8,Hypertension+Diabetes,Controlled,2026-04-22
NCDR0000985,NCP0000763,Srilatha Mudiraj,F,53,9551460777,NOMULA,Nakrekal,Nalgonda,2026-07-20,Opportunistic screening,190,89,197,32.8,Hypertension+Diabetes,Uncontrolled,2026-08-19
NCDR0000986,NCP0000764,Arun Jangam,M,50,9252033626,Velpula,Midjil,Mahabubnagar,2026-02-10,HWC screening,165,92,109,31.9,Hypertension,Controlled,2026-03-12
NCDR0000987,NCP0000765,Praveen Narsimha,M,58,9828608855,Jharasangam,Zaheerabad,Sangareddy,2026-03-23,Opportunistic screening,165,110,90,32.3,Hypertension,Borderline,2026-04-22
NCDR0000988,NCP0000766,Ravi Rao,M,44,9950804188,MARRUR,Nakrekal,Nalgonda,2026-02-14,HWC screening,163,106,287,18.7,Hypertension+Diabetes,Borderline,2026-03-16
NCDR0000989,NCP0000767,Anitha,F,18,9685783573,MACHARAM,Jadcherla,Mahabubnagar,2025-09-01,Opportunistic screening,142,91,106,20.8,None,Not diagnosed,
NCDR0000990,NCP0000768,Padma Jangam,F,68,9417487283,Velpula,Midjil,Mahabubnagar,2026-03-14,HWC screening,127,80,324,27.7,Diabetes,Controlled,2026-04-13
NCDR0000991,NCP0000768,Padma Jangam,F,68,9417487283,Velpula,Midjil,Mahabubnagar,2026-06-03,HWC screening,122,84,206,27.0,Diabetes,Uncontrolled,2026-07-03
NCDR0000992,NCP0000769,Deepika Jangam,F,29,9816879925,Manoor,Narayankhed,Sangareddy,2026-01-28,Opportunistic screening,158,100,161,20.5,Hypertension,Uncontrolled,2026-02-27
NCDR0000993,NCP0000769,Deepika Jangam,F,27,9816879925,Manoor,Narayankhed,Sangareddy,2026-05-27,HWC screening,179,111,96,23.0,Hypertension,Controlled,2026-06-26
NCDR0000994,NCP0000770,Kiran Rao,M,32,9685341704,Chandur,Chandur,Nalgonda,2025-10-18,HWC screening,172,85,104,19.7,Hypertension,Uncontrolled,2025-12-17
NCDR0000995,NCP0000770,Kiran Rao,M,33,9685341704,Chandur,Chandur,Nalgonda,2026-01-17,Community screening,184,103,119,19.7,Hypertension,Controlled,2026-04-17
NCDR0000996,NCP0000770,Kiran Rao,M,30,9685341704,Chandur,Chandur,Nalgonda,2026-02-27,HWC screening,157,107,135,24.2,Hypertension,Uncontrolled,2026-03-29
NCDR0000997,NCP0000771,Praveen Narsimha,M,46,9063952894,Nakrekal,Nakrekal,Nalgonda,2026-05-12,Community screening,165,105,124,27.6,Hypertension,Uncontrolled,2026-08-10
NCDR0000998,NCP0000772,Mahes Chary,M,43,9062099715,Bhanur,Patancheru,Sangareddy,2026-05-14,Opportunistic screening,138,91,174,33.3,Diabetes,Borderline,2026-08-12
NCDR0000999,NCP0000773,Deepika Mudiraj,F,49,9903638581,Rajapur,Balanagar,Mahabubnagar,2025-07-05,HWC screening,188,98,97,29.7,Hypertension,Controlled,2025-10-03
NCDR0001000,NCP0000774,Sushma Basha,F,55,9063238270,Polepally,Jadcherla,Mahabubnagar,2026-04-28,Opportunistic screening,167,113,140,29.9,Hypertension,Borderline,2026-07-27
NCDR0001001,NCP0000774,Sushma Basha,F,53,9063238270,Polepally,Jadcherla,Mahabubnagar,2026-06-14,HWC screening,184,100,84,26.5,Hypertension,Controlled,2026-08-13
NCDR0001002,NCP0000775,Anitha Naik,F,42,9136572570,Polepally,Jadcherla,Mahabubnagar,2026-06-15,Community screening,159,105,199,32.5,Hypertension+Diabetes,Uncontrolled,2026-07-15
NCDR0001003,NCP0000776,Santosh Patel,M,45,+91-95665-16480,Midjil,Midjil,Mahabubnagar,2026-06-01,Opportunistic screening,179,93,125,22.7,Hypertension,Uncontrolled,2026-08-30
NCDR0001004,NCP0000777,Divya Jangam,F,46,9294925385,Kondamallepalli,Devarakonda,Nalgonda,2025-11-16,HWC screening,156,112,132,25.5,Hypertension,Borderline,2026-01-15
NCDR0001005,NCP0000777,Divya Jangam,F,44,9294925385,Kondamallepally,Devarakonda,Nalgonda,2026-02-27,Community screening,149,90,90,30.3,Hypertension,Borderline,2026-03-29
NCDR0001006,NCP0000778,Santosh Naik,M,49,9216856940,Kondamallepally,Devarakonda,Nalgonda,2025-11-15,Opportunistic screening,127,68,176,23.6,Diabetes,Uncontrolled,2026-02-13
NCDR0001007,NCP0000779,Srilatha Das,F,73,9876861278,Badepally,Jadcherla,Mahabubnagar,2025-10-08,Community screening,170,112,279,25.2,Hypertension+Diabetes,Uncontrolled,2025-11-07
NCDR0001008,NCP0000780,Divya Laxman,F,38,9996796454,Marrur,Nakrekal,Nalgonda,2025-08-11,HWC screening,124,79,228,21.9,Diabetes,Borderline,2025-09-10
NCDR0001009,NCP0000781,Santosh Chary,M,56,9161583549,Nermata,Chandur,Nalgonda,2025-08-23,Opportunistic screening,154,90,292,26.7,Hypertension+Diabetes,Borderline,2025-09-22
NCDR0001010,NCP0000782,Anil Krishna,M,35,9902352918,Donur,Midjil,Mahabubnagar,2026-05-02,Opportunistic screening,124,91,188,21.6,Diabetes,Uncontrolled,2026-06-01
NCDR0001011,NCP0000783,Ravi Narsimha,M,30,9554481676,VELPULA,Midjil,Mahabubnagar,2025-08-19,Opportunistic screening,177,104,85,32.0,Hypertension,Uncontrolled,2025-11-17
NCDR0001012,NCP0000784,Anil Rao,M,66,+91-93240-19454,Kangti,Narayankhed,Sangareddy,2025-12-27,HWC screening,177,114,153,29.1,Hypertension+Diabetes,Controlled,2026-02-25
NCDR0001013,NCP0000785,Srinivas Rao,M,23,9194575139,Balanagar,Balanagar,Mahabubnagar,2026-04-26,Community screening,121,75,85,30.3,None,Not diagnosed,
NCDR0001014,NCP0000786,Lalitha Begum,F,55,9157688286,Indresham,Patancheru,Sangareddy,2025-12-22,HWC screening,133,72,229,20.4,Diabetes,Uncontrolled,2026-01-21
NCDR0001015,NCP0000786,Lalitha Begum,F,55,9157688286,Indresham,Patancheru,Sangareddy,2026-02-22,HWC screening,141,82,222,29.8,Diabetes,Uncontrolled,2026-04-23
NCDR0001016,NCP0000787,Vinod Rao,M,48,+91-97243-62172,Kohir,Zaheerabad,Sangareddy,2026-01-23,HWC screening,113,91,131,22.0,None,Not diagnosed,
NCDR0001017,NCP0000788,Santosh Reddy,M,50,9506823198,Kummarikunta,Chandur,Nalgonda,2025-08-06,HWC screening,133,84,92,33.6,None,Not diagnosed,
NCDR0001018,NCP0000788,Santosh Reddy,M,49,9506823198,Kummarikunta,Chandur,Nalgonda,2025-11-10,Opportunistic screening,110,87,80,18.9,None,Not diagnosed,
NCDR0001019,NCP0000789,Anitha Devi,F,53,,KALLEPALLY,Balanagar,Mahabubnagar,2025-11-15,Opportunistic screening,174,99,299,33.2,Hypertension+Diabetes,Uncontrolled,2025-12-15
NCDR0001020,NCP0000790,Deepika Yadav,F,52,9597713043,Chandur,Chandur,Nalgonda,2025-10-02,Community screening,141,93,94,29.6,None,Not diagnosed,
NCDR0001021,NCP0000791,Lalitha Krishna,F,63,9572347417,Patancheru,Patancheru,Sangareddy,2025-12-02,HWC screening,135,82,142,25.4,None,Not diagnosed,
NCDR0001022,NCP0000791,Lalitha Krishna,F,63,9572347417,Patancheru,Patancheru,Sangareddy,2026-03-29,Opportunistic screening,117,74,111,28.3,None,Not diagnosed,
NCDR0001023,NCP0000792,Swathi Laxman,F,23,9940211282,Nakrekal,Nakrekal,Nalgonda,2025-11-27,HWC screening,119,74,97,29.1,None,Not diagnosed,
NCDR0001024,NCP0000793,Ramesh Reddy,M,48,9359811256,Velpula,Midjil,Mahabubnagar,2026-02-25,Opportunistic screening,144,89,114,29.6,Hypertension,Uncontrolled,2026-05-26
NCDR0001025,NCP0000793,Ramesh Reddy,M,50,9359811256,Velpula,Midjil,Mahabubnagar,2026-06-10,Opportunistic screening,143,108,121,27.8,Hypertension,Controlled,2026-07-10
NCDR0001026,NCP0000794,Swathi Shekar,F,46,9134885011,Kummarikunta,Chandur,Nalgonda,2026-02-26,HWC screening,190,100,137,32.9,Hypertension,Borderline,2026-04-27
NCDR0001027,NCP0000794,Swathi Shekar,F,46,9134885011,Kummarikunta,Chandur,Nalgonda,2026-04-23,Community screening,188,92,88,25.8,Hypertension,Controlled,2026-06-22
NCDR0001028,NCP0000795,Raghav Begum,M,60,9733991383,Velpula,Midjil,Mahabubnagar,2025-09-17,HWC screening,117,78,209,20.6,Diabetes,Controlled,2025-11-16
NCDR0001029,NCP0000796,Renuka Naik,F,46,9431293402,Chandur,Chandur,Nalgonda,2025-09-26,HWC screening,175,114,118,28.5,Hypertension,Borderline,2025-11-25
NCDR0001030,NCP0000796,Renuka Naik,F,47,+91-94312-93402,Chandur,Chandur,Nalgonda,2025-12-26,HWC screening,164,86,145,22.4,Hypertension,Borderline,2026-03-26
NCDR0001031,NCP0000797,Vinod Chary,M,32,9876512363,MOGUDAMPALLY,Zaheerabad,Sangareddy,2025-08-16,Community screening,144,76,268,34.2,Diabetes,Borderline,2025-09-15
NCDR0001032,NCP0000798,Deepika Rao,F,64,9479331172,Nermata,Chandur,Nalgonda,2026-03-05,Opportunistic screening,149,84,89,29.5,Hypertension,Controlled,2026-06-03
NCDR0001033,NCP0000798,Deepika Rao,F,63,9479331172,Nermat,Chandur,Nalgonda,2026-05-25,Opportunistic screening,141,102,146,29.6,Hypertension,Uncontrolled,2026-08-23
NCDR0001034,NCP0000799,Rju Khan,M,38,+91-99146-93624,MANOOR,Narayankhed,Sangareddy,2025-10-24,Opportunistic screening,146,93,96,22.3,None,Not diagnosed,
NCDR0001035,NCP0000799,Raju Khan,M,38,9914693624,Manoor,Narayankhed,Sangareddy,2026-01-08,HWC screening,114,76,123,30.8,None,Not diagnosed,
NCDR0001036,NCP0000800,Kiran Laxman,M,40,9844534433,Kummarikunta,Chandur,Nalgonda,2025-08-31,Opportunistic screening,109,92,126,24.2,None,Not diagnosed,
NCDR0001037,NCP0000801,Mahesh Goud,M,51,9719353463,Devarakonda,Devarakonda,Nalgonda,2026-05-09,Opportunistic screening,119,96,286,28.1,Diabetes,Controlled,2026-07-08
NCDR0001038,NCP0000802,Deepika Yadav,F,22,9500684393,Patancheru,Patancheru,Sangareddy,2025-11-03,Opportunistic screening,132,88,320,24.3,Diabetes,Borderline,2026-01-02
NCDR0001039,NCP0000803,Mohan Chary,M,46,,Nermata,Chandur,Nalgonda,2026-01-14,Community screening,124,84,290,23.1,Diabetes,Borderline,2026-02-13
NCDR0001040,NCP0000804,Mohan Patel,M,30,9141777514,Devarakonda,Devarakonda,Nalgonda,2025-11-18,HWC screening,119,90,297,20.6,Diabetes,Controlled,2025-12-18
NCDR0001041,NCP0000805,Swathi Mallaiah,F,49,9593747356,Vemula,Midjil,Mahabubnagar,2026-01-06,HWC screening,144,71,134,28.4,None,Not diagnosed,
NCDR0001042,NCP0000805,Swathi Mallaiah,F,49,9593747356,Vemula,Midjil,Mahabubnagar,2026-04-28,Community screening,116,75,90,28.4,None,Not diagnosed,
NCDR0001043,NCP0000806,Raju Rao,M,67,,Manoor,Narayankhed,Sangareddy,2026-02-19,Community screening,181,110,330,32.0,Hypertension+Diabetes,Controlled,2026-03-21
NCDR0001044,NCP0000807,Deepika Patel,F,24,9677185703,Peddadinne,Devarakonda,Nalgonda,2026-04-09,Opportunistic screening,139,87,155,24.6,Hypertension,Controlled,2026-06-08
NCDR0001045,NCP0000808,Lalitha Dewi,F,77,9084292395,Kalhe,Narayankhed,Sangareddy,2025-10-10,Opportunistic screening,143,88,120,22.6,Hypertension,Borderline,2025-12-09
NCDR0001046,NCP0000808,Lalitha Devi,F,77,9084292395,Kalher,Narayankhed,Sangareddy,2025-12-16,Community screening,185,92,152,20.5,Hypertension,Uncontrolled,2026-03-16
NCDR0001047,NCP0000809,Ramesh Patel,M,79,9210189189,Kohir,Zaheerabad,Sangareddy,2026-06-04,Opportunistic screening,163,110,141,21.9,Hypertension,Uncontrolled,2026-07-04
NCDR0001048,NCP0000810,Naveen Khan,M,43,+91-92740-14166,Narayankhe,Narayankhed,Sangareddy,2025-07-24,Opportunistic screening,105,73,78,18.8,None,Not diagnosed,
NCDR0001049,NCP0000810,Navin Khan,M,41,,NARAYANKHED,Narayankhed,Sangareddy,2025-10-04,Community screening,133,83,129,23.1,None,Not diagnosed,
NCDR0001050,NCP0000811,Deepika Reddy,F,61,9032077021,Kallepalli,Balanagar,Mahabubnagar,2025-08-07,Community screening,185,100,221,19.3,Hypertension+Diabetes,Uncontrolled,2025-09-06
NCDR0001051,NCP0000812,Padma Mudiraj,F,64,9584522504,Balanagar,Balanagar,Mahabubnagar,2025-12-10,HWC screening,176,116,78,18.7,Hypertension,Controlled,2026-02-08
NCDR0001052,NCP0000813,Mahesh Begum,M,44,,Bodajanampet,Balanagar,Mahabubnagar,2025-09-08,HWC screening,147,95,236,24.6,Hypertension+Diabetes,Uncontrolled,2025-10-08
NCDR0001053,NCP0000814,Mohan Patel,M,51,9661469499,Kallepally,Balanagar,Mahabubnagar,2026-02-27,Opportunistic screening,113,91,156,27.1,Diabetes,Uncontrolled,2026-04-28
NCDR0001054,NCP0000815,Arun Mallaiah,M,40,9757188336,MANGALAPALLY,Nakrekal,Nalgonda,2026-04-13,HWC screening,108,90,98,33.6,None,Not diagnosed,
NCDR0001055,NCP0000816,Ravi Shekar,M,55,9355660574,Rajapur,Balanagar,Mahabubnagar,2025-11-22,HWC screening,139,91,305,23.5,Hypertension+Diabetes,Borderline,2025-12-22
NCDR0001056,NCP0000816,Ravi Shekar,M,57,+91-93556-60574,Rajapur,Balanagar,Mahabubnagar,2026-01-25,HWC screening,160,94,184,25.2,Hypertension+Diabetes,Borderline,2026-02-24
NCDR0001057,NCP0000817,nitha Begum,F,45,9035426397,Bodajanampet,Balanagar,Mahabubnagar,2025-11-24,Community screening,150,102,199,24.0,Hypertension+Diabetes,Controlled,2025-12-24
NCDR0001058,NCP0000817,Anitha Begum,F,42,9035426397,Bodajanampet,Balanagar,Mahabubnagar,2026-01-17,Community screening,186,115,308,27.7,Hypertension+Diabetes,Controlled,2026-03-18
NCDR0001059,NCP0000818,Ravi Laxman,M,44,9299990780,MANGALAPALLY,Nakrekal,Nalgonda,2025-08-07,HWC screening,141,87,163,21.3,Diabetes,Borderline,2025-09-06
NCDR0001060,NCP0000818,Ravi Laxman,M,44,9699990780,Mangalapally,Nakrekal,Nalgonda,2025-11-19,Community screening,118,78,278,34.3,Diabetes,Uncontrolled,2026-02-17
NCDR0001061,NCP0000819,Shankar Khan,M,52,9268872784,Kondamallepally,Devarakonda,Nalgonda,2025-09-13,HWC screening,130,71,155,33.6,Diabetes,Borderline,2025-11-12
NCDR0001062,NCP0000820,Kawitha Mudiraj,F,57,9405677009,Indresham,Patancheru,Sangareddy,2026-03-21,Opportunistic screening,167,92,165,32.2,Hypertension,Uncontrolled,2026-04-20
NCDR0001063,NCP0000820,Kavitha Mudiraj,F,56,9405677009,Indresham,Patancheru,Sangareddy,2026-06-06,Community screening,163,98,120,30.3,Hypertension,Borderline,2026-09-04
NCDR0001064,NCP0000821,Shankar Das,M,60,9008559985,Kallepally,Balanagar,Mahabubnagar,2026-02-16,Opportunistic screening,159,85,145,25.7,Hypertension+Diabetes,Uncontrolled,2026-05-17
NCDR0001065,NCP0000821,Shankar Das,M,60,9008559985,Kallepally,Balanagar,Mahabubnagar,2026-05-20,Community screening,182,97,166,33.6,Hypertension+Diabetes,Uncontrolled,2026-08-18
NCDR0001066,NCP0000822,Anjali Krishna,F,59,9517152735,Vemula,Midjil,Mahabubnagar,2025-12-15,Opportunistic screening,128,75,304,24.3,Diabetes,Controlled,2026-02-13
NCDR0001067,NCP0000822,Anjali Krishna,F,57,9517152735,Vemula,Midjil,Mahabubnagar,2026-03-23,HWC screening,140,87,304,19.0,Diabetes,Borderline,2026-05-22
NCDR0001068,NCP0000823,Lakshmi Jangam,F,88,9418467502,Devarakonda,Devarakonda,Nalgonda,2026-05-17,Community screening,151,99,149,21.7,Hypertension,Uncontrolled,2026-07-16
NCDR0001069,NCP0000824,Vinod Basha,M,27,9471607907,Jharasangam,Zaheerabad,Sangareddy,2026-02-20,HWC screening,149,112,80,23.4,Hypertension,Borderline,2026-04-21
NCDR0001070,NCP0000824,Vinod Basa,M,27,9471607907,Jharasangam,Zaheerabad,Sangareddy,2026-06-05,Community screening,167,85,81,24.8,Hypertension,Borderline,2026-09-03
NCDR0001071,NCP0000825,Lakshmi,F,85,9315170002,Velpula,Midjil,Mahabubnagar,2025-11-09,Opportunistic screening,111,74,161,20.5,Diabetes,Borderline,2026-01-08
NCDR0001072,NCP0000825,Lakshmi Begum,F,85,9315170002,Velpula,Midjil,Mahabubnagar,2025-12-27,Opportunistic screening,116,75,147,32.8,Diabetes,Uncontrolled,2026-03-27
NCDR0001073,NCP0000825,Lakshmi Begum,F,84,,Velpula,Midjil,Mahabubnagar,2026-02-27,Community screening,108,82,295,26.0,Diabetes,Uncontrolled,2026-05-28
NCDR0001074,NCP0000826,Naveen Reddy,M,65,+91-99354-88091,Mogudampally,Zaheerabad,Sangareddy,2025-11-23,HWC screening,115,68,152,28.4,None,Not diagnosed,
NCDR0001075,NCP0000826,Naveen Reddy,M,65,9935488091,Mogudampally,Zaheerabad,Sangareddy,2026-03-14,Opportunistic screening,105,87,157,25.2,None,Not diagnosed,
NCDR0001076,NCP0000827,Lalitha Jangam,F,66,9513577191,Kangti,Narayankhed,Sangareddy,2025-08-26,Community screening,129,77,94,33.7,None,Not diagnosed,
NCDR0001077,NCP0000827,Lalitha Jangam,F,64,,Kangti,Narayankhed,Sangareddy,2025-11-02,HWC screening,130,81,122,27.7,None,Not diagnosed,
NCDR0001078,NCP0000827,Lalita Jangam,F,66,9513577191,Kangti,Narayankhed,Sangareddy,2026-04-23,Community screening,148,89,96,30.7,None,Not diagnosed,
NCDR0001079,NCP0000828,Shankar Basha,M,33,9293004077,Ameenpur,Patancheru,Sangareddy,2025-11-17,Community screening,154,88,157,24.7,Hypertension,Uncontrolled,2025-12-17
NCDR0001080,NCP0000828,Shankar Basha,M,33,9293004077,Ameenpur,Patancheru,Sangareddy,2026-01-31,Opportunistic screening,163,100,83,34.2,Hypertension,Borderline,2026-03-02
NCDR0001081,NCP0000829,Rani Jangam,F,35,9185249637,Macharam,Jadcherla,Mahabubnagar,2025-10-06,Community screening,177,102,133,18.8,Hypertension,Controlled,2025-12-05
NCDR0001082,NCP0000829,Rani Jangam,F,32,9185249637,Macharam,Jadcherla,Mahabubnagar,2026-01-11,HWC screening,140,105,90,20.7,Hypertension,Uncontrolled,2026-03-12
NCDR0001083,NCP0000830,Saritha Krishna,F,59,9529307939,Nermata,Chandur,Nalgonda,2025-11-04,Community screening,117,72,171,29.5,Diabetes,Uncontrolled,2026-02-02
NCDR0001084,NCP0000831,Veenod Das,M,40,9597632981,Kangti,Narayankhed,Sangareddy,2026-06-08,Community screening,108,87,144,18.7,None,Not diagnosed,
NCDR0001085,NCP0000832,Mahesh Narsimha,M,40,9486013828,Kondamallepally,Devarakonda,Nalgonda,2025-09-29,Community screening,147,90,108,26.6,None,Not diagnosed,
NCDR0001086,NCP0000833,Harika Das,F,50,9896106817,KUMMARIKUNTA,Chandur,Nalgonda,2026-01-15,HWC screening,157,97,162,30.1,Hypertension+Diabetes,Uncontrolled,2026-03-16
NCDR0001087,NCP0000834,Rani Basha,F,30,9366378612,Donur,Midjil,Mahabubnagar,2025-07-23,HWC screening,143,102,196,24.0,Hypertension+Diabetes,Uncontrolled,2025-08-22
NCDR0001088,NCP0000835,Nirmala Laxman,F,18,9508142540,Mangalapally,Nakrekal,Nalgonda,2025-11-06,Community screening,114,76,130,27.0,None,Not diagnosed,
NCDR0001089,NCP0000836,Padma Das,F,44,+91-96232-71504,Badepally,Jadcherla,Mahabubnagar,2026-05-16,Community screening,141,76,111,22.4,None,Not diagnosed,
NCDR0001090,NCP0000836,Padma Das,F,44,9623271204,Badepall,Jadcherla,Mahabubnagar,2026-07-22,Opportunistic screening,147,86,132,19.6,None,Not diagnosed,
NCDR0001091,NCP0000837,Sushma Devi,F,67,9365149945,Bodajanampet,Balanagar,Mahabubnagar,2026-05-09,Opportunistic screening,183,104,290,20.0,Hypertension+Diabetes,Borderline,2026-06-08
NCDR0001092,NCP0000837,Sushma Devi,F,65,9365149945,Bodajanampet,Balanagar,Mahabubnagar,2026-08-09,Opportunistic screening,159,101,169,32.9,Hypertension+Diabetes,Controlled,2026-11-07
NCDR0001093,NCP0000838,Divya Laxman,F,49,9298553156,Jharasangam,Zaheerabad,Sangareddy,2026-05-23,Community screening,153,114,301,26.6,Hypertension+Diabetes,Uncontrolled,2026-07-22
NCDR0001094,NCP0000839,Raju Mallaiah,M,34,9413615768,Devarakonda,Devarakonda,Nalgonda,2025-12-10,Community screening,136,71,158,28.8,None,Not diagnosed,
NCDR0001095,NCP0000840,Ravi Mallaiah,M,42,9446938049,Bangarigadda,Chandur,Nalgonda,2026-04-12,Opportunistic screening,135,84,167,19.3,Diabetes,Uncontrolled,2026-07-11
NCDR0001096,NCP0000840,Ravi Mallaiah,M,41,9446938049,Bangarigadda,Chandur,Nalgonda,2026-05-27,HWC screening,115,88,327,26.9,Diabetes,Uncontrolled,2026-06-26
NCDR0001097,NCP0000841,Prveen Chary,M,32,+91-98298-48981,Macharam,Jadcherla,Mahabubnagar,2026-04-11,Community screening,132,80,79,26.9,None,Not diagnosed,
NCDR0001098,NCP0000841,Praveen Chary,M,31,9829848981,Macharam,Jadcherla,Mahabubnagar,2026-08-06,Opportunistic screening,111,79,108,30.6,None,Not diagnosed,
NCDR0001099,NCP0000841,Praveen Chary,M,29,9829848781,Machara,Jadcherla,Mahabubnagar,2026-08-09,HWC screening,112,88,82,30.0,None,Not diagnosed,
NCDR0001100,NCP0000842,Lakshmi Begum,F,50,9072071986,Vemula,Midjil,Mahabubnagar,2025-11-08,Community screening,132,79,94,22.9,None,Not diagnosed,
NCDR0001101,NCP0000843,Anjalee Shekar,F,46,9013637809,Polepally,Jadcherla,Mahabubnagar,2026-03-14,Opportunistic screening,139,110,136,31.2,Hypertension,Borderline,2026-06-12
NCDR0001102,NCP0000843,Anjali Shekar,F,47,9013637809,Polepally,Jadcherla,Mahabubnagar,2026-06-15,Community screening,163,107,96,24.4,Hypertension,Borderline,2026-09-13
NCDR0001103,NCP0000844,Swathi Patel,F,58,9204443336,Balanagar,Balanagar,Mahabubnagar,2025-09-24,Community screening,131,70,283,26.0,Diabetes,Controlled,2025-10-24
NCDR0001104,NCP0000845,Anitha Goud,F,22,9864093842,Devarakonda,Devarakonda,Nalgonda,2025-12-11,Community screening,157,89,89,34.3,Hypertension,Controlled,2026-03-11
NCDR0001105,NCP0000845,Anitha Goud,F,20,9864093842,DEVARAKONDA,Devarakonda,Nalgonda,2026-02-06,HWC screening,147,112,127,32.5,Hypertension,Borderline,2026-03-08
NCDR0001106,NCP0000846,Saritha Goud,F,67,,Kohir,Zaheerabad,Sangareddy,2025-11-16,Community screening,173,97,153,23.1,Hypertension,Borderline,2026-01-15
NCDR0001107,NCP0000847,Kiran Goud,M,59,,Velpula,Midjil,Mahabubnagar,2026-05-27,Opportunistic screening,115,85,126,26.5,None,Not diagnosed,
NCDR0001108,NCP0000848,Bhavani Goud,F,48,9048455008,Kondamallepally,Devarakonda,Nalgonda,2026-02-12,Community screening,148,85,202,18.8,Diabetes,Borderline,2026-03-14
NCDR0001109,NCP0000848,Bhavani Goud,F,46,9048455008,Kondamallepally,Devarakonda,Nalgonda,2026-05-05,Community screening,137,87,223,23.5,Diabetes,Borderline,2026-08-03
NCDR0001110,NCP0000849,Kavitha Naik,F,30,9297228596,Zaheerabad,Zaheerabad,Sangareddy,2026-01-25,Opportunistic screening,174,97,96,19.7,Hypertension,Controlled,2026-03-26
NCDR0001111,NCP0000850,Harika Laxman,F,57,9943733103,Kondamallepally,Devarakonda,Nalgonda,2025-09-07,Opportunistic screening,117,96,102,21.6,None,Not diagnosed,
NCDR0001112,NCP0000850,Harika Laxman,F,57,9943733103,Kondamallepally,Devarakonda,Nalgonda,2025-10-30,HWC screening,118,94,161,22.4,None,Not diagnosed,
NCDR0001113,NCP0000851,Padma Rao,F,57,9870620787,Kangti,Narayankhed,Sangareddy,2026-06-08,HWC screening,159,96,255,23.8,Hypertension+Diabetes,Controlled,2026-09-06
NCDR0001114,NCP0000852,Lalitha Goud,F,87,9533478392,Devarakonda,Devarakonda,Nalgonda,2026-05-09,HWC screening,122,92,204,31.1,Diabetes,Borderline,2026-06-08
NCDR0001115,NCP0000853,Venkatesh Begum,M,45,+91-98202-57919,Midjil,Midjil,Mahabubnagar,2025-11-26,Opportunistic screening,174,89,135,30.2,Hypertension,Controlled,2026-01-25
NCDR0001116,NCP0000854,Lakshmi Mallaiah,F,40,9363866590,Nomula,Nakrekal,Nalgonda,2026-02-12,Opportunistic screening,143,104,297,29.8,Hypertension+Diabetes,Controlled,2026-04-13
NCDR0001117,NCP0000854,Lakshmi Mallaiah,F,43,9363866590,Nomula,Nakrekal,Nalgonda,2026-06-09,HWC screening,144,101,149,23.2,Hypertension+Diabetes,Controlled,2026-08-08
NCDR0001118,NCP0000854,Lakshmi Mallaiah,F,41,9363866590,NOMULA,Nakrekal,Nalgonda,2026-07-26,Opportunistic screening,181,87,257,20.4,Hypertension+Diabetes,Borderline,2026-09-24
NCDR0001119,NCP0000855,Raghav Chary,M,30,9276499555,Donur,Midjil,Mahabubnagar,2025-10-29,Opportunistic screening,139,79,256,27.0,Diabetes,Controlled,2025-12-28
NCDR0001120,NCP0000856,Anitha Devi,F,50,9607140129,Nermata,Chandur,Nalgonda,2026-06-05,Community screening,124,78,281,27.3,Diabetes,Borderline,2026-07-05
NCDR0001121,NCP0000856,Anita Devi,F,48,9607140129,Nermata,Chandur,Nalgonda,2026-07-22,Community screening,106,68,153,32.2,Diabetes,Uncontrolled,2026-08-21
NCDR0001122,NCP0000857,Raghav Jangam,M,34,9963518115,Kalher,Narayankhed,Sangareddy,2026-04-22,HWC screening,129,75,214,23.0,Diabetes,Uncontrolled,2026-06-21
NCDR0001123,NCP0000858,Nirmala Goud,F,43,9301822503,Mangalapally,Nakrekal,Nalgonda,2025-12-22,Community screening,105,95,299,19.0,Diabetes,Borderline,2026-01-21
NCDR0001124,NCP0000859,Anjali Laxman,F,66,9535135318,Kohir,Zaheerabad,Sangareddy,2026-02-28,HWC screening,176,96,159,34.3,Hypertension,Controlled,2026-04-29
NCDR0001125,NCP0000859,Anjali Laxman,F,67,9535135318,Kohir,Zaheerabad,Sangareddy,2026-04-27,Opportunistic screening,187,115,134,18.8,Hypertension,Uncontrolled,2026-06-26
NCDR0001126,NCP0000859,Anjali Laxman,F,68,9535135318,Kohir,Zaheerabad,Sangareddy,2026-06-12,HWC screening,177,85,82,23.9,Hypertension,Borderline,2026-07-12
NCDR0001127,NCP0000860,Rju Naik,M,28,9845165865,Manoor,Narayankhed,Sangareddy,2026-04-01,Community screening,135,81,212,29.0,Diabetes,Controlled,2026-05-31
NCDR0001128,NCP0000861,Anil Kumar,M,57,9321623547,Kalher,Narayankhed,Sangareddy,2026-05-08,HWC screening,147,91,81,22.0,Hypertension,Controlled,2026-08-06
NCDR0001129,NCP0000861,Anil Kumar,M,57,9321623547,Kalher,Narayankhed,Sangareddy,2026-06-23,Community screening,178,109,140,21.5,Hypertension,Borderline,2026-09-21
NCDR0001130,NCP0000862,Kavitha Begum,F,47,+91-91217-25730,Gundlapally,Devarakonda,Nalgonda,2025-11-06,HWC screening,115,86,148,32.8,None,Not diagnosed,
NCDR0001131,NCP0000863,Srilatha Laxman,F,57,9576396449,Donur,Midjil,Mahabubnagar,2026-02-15,Opportunistic screening,143,111,131,24.0,Hypertension,Uncontrolled,2026-03-17
NCDR0001132,NCP0000864,Venkatesh Das,M,58,9628539316,Indresham,Patancheru,Sangareddy,2026-05-01,HWC screening,122,86,294,24.7,Diabetes,Uncontrolled,2026-06-30
NCDR0001133,NCP0000865,Srilatha Goud,F,61,9253053919,Balanagar,Balanagar,Mahabubnagar,2026-05-16,Opportunistic screening,184,93,160,26.5,Hypertension,Controlled,2026-08-14
NCDR0001134,NCP0000866,Kiran Rao,M,57,9607313601,Kangti,Narayankhed,Sangareddy,2025-10-01,HWC screening,110,78,176,31.1,Diabetes,Uncontrolled,2025-10-31
NCDR0001135,NCP0000867,Suresh Naik,M,42,9335547667,Kummarikunta,Chandur,Nalgonda,2026-02-05,Opportunistic screening,120,83,117,32.1,None,Not diagnosed,
NCDR0001136,NCP0000868,Ravi Jangam,M,22,9479082873,Badepally,Jadcherla,Mahabubnagar,2025-10-21,Community screening,122,90,286,32.8,Diabetes,Borderline,2026-01-19
NCDR0001137,NCP0000869,Mahesh Narsimha,M,22,9467311237,Polepally,Jadcherla,Mahabubnagar,2026-02-20,HWC screening,157,93,114,29.0,Hypertension,Borderline,2026-04-21
NCDR0001138,NCP0000870,Anitha Mudiraj,F,64,9535418416,Kangti,Narayankhed,Sangareddy,2026-04-26,Opportunistic screening,166,105,98,28.7,Hypertension,Uncontrolled,2026-05-26
NCDR0001139,NCP0000870,nitha Mudiraj,F,64,,Kangti,Narayankhed,Sangareddy,2026-07-25,Opportunistic screening,153,92,84,26.6,Hypertension,Borderline,2026-10-23
NCDR0001140,NCP0000871,Ravi Patel,M,66,9339964758,Bangarigadda,Chandur,Nalgonda,2026-04-18,HWC screening,181,109,213,29.4,Hypertension+Diabetes,Controlled,2026-05-18
NCDR0001141,NCP0000872,Nirmala Kumar,F,35,9554650127,Gangapur,Jadcherla,Mahabubnagar,2025-12-13,Community screening,146,75,292,20.4,Diabetes,Borderline,2026-02-11
NCDR0001142,NCP0000873,Rani Krishna,F,44,9524087654,Mangalapally,Nakrekal,Nalgonda,2025-12-25,HWC screening,142,94,108,33.2,None,Not diagnosed,
NCDR0001143,NCP0000874,Sai Narsimha,M,36,9698763051,Nakreka,Nakrekal,Nalgonda,2025-09-12,Community screening,174,98,88,20.0,Hypertension,Controlled,2025-11-11
NCDR0001144,NCP0000874,Sai Narsimha,M,37,9698763051,Nakrekal,Nakrekal,Nalgonda,2025-12-04,Community screening,150,108,164,31.6,Hypertension,Controlled,2026-01-03
NCDR0001145,NCP0000875,Vinod Chry,M,58,9354564486,Kohir,Zaheerabad,Sangareddy,2025-09-06,Opportunistic screening,167,107,124,24.8,Hypertension,Controlled,2025-11-05
NCDR0001146,NCP0000875,Vinod Chary,M,59,9354564486,Kohir,Zaheerabad,Sangareddy,2025-12-15,HWC screening,149,101,109,31.9,Hypertension,Borderline,2026-02-13
NCDR0001147,NCP0000876,Harika Mudiraj,F,34,9157066813,Bhanur,Patancheru,Sangareddy,2025-08-10,Opportunistic screening,147,69,162,28.4,None,Not diagnosed,
NCDR0001148,NCP0000876,Hareeka Mudiraj,F,32,9157066813,Bhanur,Patancheru,Sangareddy,2025-10-10,HWC screening,129,86,152,33.9,None,Not diagnosed,
NCDR0001149,NCP0000877,Bhavanee Devi,F,18,,Kohir,Zaheerabad,Sangareddy,2025-12-09,HWC screening,139,75,249,26.5,Diabetes,Uncontrolled,2026-03-09
NCDR0001150,NCP0000877,Bhavani Devi,F,18,9307094516,Kohir,Zaheerabad,Sangareddy,2026-02-04,Opportunistic screening,146,78,194,27.9,Diabetes,Uncontrolled,2026-03-06
NCDR0001151,NCP0000877,Bhavani Devi,F,18,9307094516,KOHIR,Zaheerabad,Sangareddy,2026-07-01,HWC screening,110,88,295,33.3,Diabetes,Controlled,2026-09-29
NCDR0001152,NCP0000878,Bhavani Mudiraj,F,62,9697705490,NARAYANKHED,Narayankhed,Sangareddy,2026-03-23,HWC screening,146,74,288,31.2,Diabetes,Controlled,2026-06-21
NCDR0001153,NCP0000879,Mahesh Chary,M,53,9770766433,Velpula,Midjil,Mahabubnagar,2025-08-23,HWC screening,125,90,246,29.9,Diabetes,Uncontrolled,2025-11-21
NCDR0001154,NCP0000880,Srinivas Rao,M,48,9218808523,Macharam,Jadcherla,Mahabubnagar,2025-07-30,HWC screening,130,74,87,31.5,None,Not diagnosed,
NCDR0001155,NCP0000880,Sreenivas Rao,M,47,9218808523,Macharam,Jadcherla,Mahabubnagar,2025-11-20,Opportunistic screening,130,91,90,24.4,None,Not diagnosed,
NCDR0001156,NCP0000881,Anjali Rao,F,64,9973237515,Zaheerabad,Zaheerabad,Sangareddy,2025-09-15,Community screening,114,77,189,19.0,Diabetes,Borderline,2025-12-14
NCDR0001157,NCP0000882,Venkatesh Jangam,M,33,9074976243,Marrur,Nakrekal,Nalgonda,2025-08-10,Community screening,141,103,130,24.3,Hypertension,Borderline,2025-09-09
NCDR0001158,NCP0000883,Renuka Laxman,F,39,9150531279,KALLEPALLY,Balanagar,Mahabubnagar,2026-06-10,Opportunistic screening,143,73,152,28.1,None,Not diagnosed,
NCDR0001159,NCP0000884,Sushma Begum,F,37,+91-93851-02414,Zaheerabad,Zaheerabad,Sangareddy,2026-02-22,Community screening,182,112,194,22.4,Hypertension+Diabetes,Controlled,2026-03-24
NCDR0001160,NCP0000884,Sushma Begum,F,35,9385102414,Zaheerabad,Zaheerabad,Sangareddy,2026-04-18,Opportunistic screening,150,105,307,19.6,Hypertension+Diabetes,Controlled,2026-06-17
NCDR0001161,NCP0000885,Deepika Chary,F,70,9061224985,Devarakonda,Devarakonda,Nalgonda,2025-10-19,HWC screening,133,71,242,26.3,Diabetes,Controlled,2025-12-18
NCDR0001162,NCP0000886,Ramesh Mallaiah,M,62,9767295621,Peddadinne,Devarakonda,Nalgonda,2026-06-14,Opportunistic screening,142,115,122,30.4,Hypertension,Controlled,2026-07-14
NCDR0001163,NCP0000887,Rajesh Naik,M,46,,Kohir,Zaheerabad,Sangareddy,2025-08-26,Opportunistic screening,148,95,215,28.2,Hypertension+Diabetes,Uncontrolled,2025-10-25
NCDR0001164,NCP0000887,Rajesh Naik,M,46,9991975095,Kohir,Zaheerabad,Sangareddy,2025-12-23,Community screening,169,99,312,30.4,Hypertension+Diabetes,Controlled,2026-02-21
NCDR0001165,NCP0000887,Rajesh Naik,M,46,9991975095,Kohir,Zaheerabad,Sangareddy,2026-03-28,Opportunistic screening,145,107,241,31.4,Hypertension+Diabetes,Uncontrolled,2026-05-27
NCDR0001166,NCP0000888,Arun Khan,M,49,9790506458,Kummarikunta,Chandur,Nalgonda,2026-05-28,Opportunistic screening,143,97,160,23.6,Hypertension,Uncontrolled,2026-06-27
NCDR0001167,NCP0000889,Srilatha Rao,F,62,9484713949,Velpula,Midjil,Mahabubnagar,2025-09-21,Opportunistic screening,182,87,129,19.8,Hypertension,Borderline,2025-10-21
NCDR0001168,NCP0000889,Srilatha Rao,F,63,,Velpula,Midjil,Mahabubnagar,2025-12-14,Opportunistic screening,161,94,142,27.5,Hypertension,Uncontrolled,2026-02-12
NCDR0001169,NCP0000890,Srinivas Mudiraj,M,47,9706917346,Nermata,Chandur,Nalgonda,2025-07-15,Opportunistic screening,163,114,150,31.5,Hypertension,Borderline,2025-08-14
NCDR0001170,NCP0000891,Mounika Mallaiah,F,83,9587631967,Nakreka,Nakrekal,Nalgonda,2026-03-21,Opportunistic screening,149,96,162,19.9,Hypertension,Borderline,2026-04-20
NCDR0001171,NCP0000891,Mouneeka Mallaiah,F,79,9587633967,Nakrekal,Nakrekal,Nalgonda,2026-05-31,HWC screening,170,105,153,27.4,Hypertension,Borderline,2026-06-30
NCDR0001172,NCP0000892,Sushm Laxman,F,75,9367042220,Rajapur,Balanagar,Mahabubnagar,2025-09-10,Opportunistic screening,175,97,134,21.6,Hypertension,Uncontrolled,2025-12-09
NCDR0001173,NCP0000893,Mounika Yadav,F,25,9658920595,Gangapur,Jadcherla,Mahabubnagar,2026-02-02,HWC screening,123,78,328,31.1,Diabetes,Controlled,2026-03-04
NCDR0001174,NCP0000894,Naresh Naik,M,34,9862576187,Rajapur,Balanagar,Mahabubnagar,2026-01-28,HWC screening,149,116,112,25.8,Hypertension,Borderline,2026-04-28
NCDR0001175,NCP0000895,Kiran Yadav,M,40,9964461349,Jharasangam,Zaheerabad,Sangareddy,2025-11-26,Opportunistic screening,139,75,158,25.8,None,Not diagnosed,
NCDR0001176,NCP0000896,Shobha Reddy,F,59,9986846532,Velpula,Midjil,Mahabubnagar,2025-09-15,HWC screening,139,89,116,30.4,None,Not diagnosed,
NCDR0001177,NCP0000897,Ramesh Reddy,M,19,+91-90234-50959,Kangti,Narayankhed,Sangareddy,2025-10-11,Opportunistic screening,143,78,155,26.4,None,Not diagnosed,
NCDR0001178,NCP0000898,Mounika Mudiraj,F,22,9962287396,Kangti,Narayankhed,Sangareddy,2026-01-25,Community screening,138,76,87,20.7,None,Not diagnosed,
NCDR0001179,NCP0000899,Venkatesh Basha,M,87,9203214288,Kohir,Zaheerabad,Sangareddy,2025-07-15,HWC screening,190,96,185,21.1,Hypertension+Diabetes,Controlled,2025-10-13
NCDR0001180,NCP0000900,Jyothi Naik,F,58,9185228618,Kohir,Zaheerabad,Sangareddy,2026-05-16,Opportunistic screening,185,103,143,28.9,Hypertension,Uncontrolled,2026-07-15
NCDR0001181,NCP0000900,Jyothi Naik,F,56,9165228618,Kohir,Zaheerabad,Sangareddy,2026-07-18,HWC screening,172,106,122,23.2,Hypertension,Uncontrolled,2026-09-16
NCDR0001182,NCP0000901,Nirmala,F,46,9116944404,Patancheru,Patancheru,Sangareddy,2025-09-18,Opportunistic screening,144,90,133,29.0,None,Not diagnosed,
NCDR0001183,NCP0000902,Harika Begum,F,40,9057894182,Mangalapally,Nakrekal,Nalgonda,2026-03-28,HWC screening,112,96,127,29.3,None,Not diagnosed,
NCDR0001184,NCP0000903,Vinod Das,M,27,9908347790,Kangti,Narayankhed,Sangareddy,2025-10-15,HWC screening,144,87,180,27.1,Diabetes,Borderline,2025-11-14
NCDR0001185,NCP0000904,Renuka Mallaiah,F,43,9372409813,Nakrekal,Nakrekal,Nalgonda,2025-11-24,Opportunistic screening,167,108,81,31.1,Hypertension,Borderline,2025-12-24
NCDR0001186,NCP0000904,Renuka Mallaiah,F,44,9372409813,Nakrekal,Nakrekal,Nalgonda,2026-03-10,Community screening,189,110,109,21.7,Hypertension,Controlled,2026-04-09
NCDR0001187,NCP0000905,Lalitha Devi,F,46,9278997648,Bodajanampet,Balanagar,Mahabubnagar,2025-12-22,Community screening,109,94,278,30.9,Diabetes,Borderline,2026-03-22
NCDR0001188,NCP0000905,Lalitha Devi,F,46,9978997648,Bodajanampet,Balanagar,Mahabubnagar,2026-03-16,Community screening,113,84,272,32.5,Diabetes,Uncontrolled,2026-04-15
NCDR0001189,NCP0000905,Lalitha Devi,F,46,9978997648,Bodajanampet,Balanagar,Mahabubnagar,2026-05-29,Community screening,126,69,216,28.1,Diabetes,Borderline,2026-07-28
NCDR0001190,NCP0000906,Sai Krishna,M,33,9910982024,Jharasangam,Zaheerabad,Sangareddy,2025-11-04,HWC screening,160,106,316,26.2,Hypertension+Diabetes,Borderline,2025-12-04
NCDR0001191,NCP0000907,Anjali Jangam,F,70,9225633047,Devarakond,Devarakonda,Nalgonda,2025-11-14,Community screening,117,78,110,27.3,None,Not diagnosed,
NCDR0001192,NCP0000907,Anjali Jangam,F,72,9225633047,Devarakonda,Devarakonda,Nalgonda,2026-01-06,Community screening,126,96,137,21.5,None,Not diagnosed,
NCDR0001193,NCP0000908,Rju Jangam,M,57,9308084282,Donur,Midjil,Mahabubnagar,2025-10-01,Opportunistic screening,142,113,113,20.9,Hypertension,Controlled,2025-11-30
NCDR0001194,NCP0000909,Srinivas Das,M,52,9782313558,Kallepally,Balanagar,Mahabubnagar,2025-10-03,Community screening,131,74,148,32.5,None,Not diagnosed,
NCDR0001195,NCP0000910,Srinivas Jangam,M,33,9278565741,Gundlapalli,Devarakonda,Nalgonda,2025-09-29,Opportunistic screening,111,86,125,25.5,None,Not diagnosed,
NCDR0001196,NCP0000911,Lakshmee Naik,F,81,9128700154,Kohir,Zaheerabad,Sangareddy,2025-12-20,Community screening,188,111,119,22.7,Hypertension,Uncontrolled,2026-03-20
NCDR0001197,NCP0000911,Lakshmi Naik,F,83,9128700154,Kohir,Zaheerabad,Sangareddy,2026-02-13,Community screening,139,100,155,22.8,Hypertension,Borderline,2026-04-14
NCDR0001198,NCP0000911,Laksmi Naik,F,81,9128700154,Kohir,Zaheerabad,Sangareddy,2026-06-24,HWC screening,172,108,154,30.3,Hypertension,Borderline,2026-09-22
NCDR0001199,NCP0000912,Shnkar Laxman,M,30,,Gundlapally,Devarakonda,Nalgonda,2026-01-20,Community screening,158,84,108,19.3,Hypertension,Borderline,2026-03-21
NCDR0001200,NCP0000913,Sushma Jangam,F,53,9295949462,Gundlapally,Devarakonda,Nalgonda,2026-06-04,Opportunistic screening,154,86,165,27.8,Hypertension,Borderline,2026-08-03
NCDR0001201,NCP0000914,Santosh Reddy,M,63,+91-97161-58072,Bodajanampet,Balanagar,Mahabubnagar,2025-12-29,HWC screening,149,73,178,20.1,Diabetes,Borderline,2026-03-29
NCDR0001202,NCP0000915,Srilatha Kumar,F,38,9571846237,Manoor,Narayankhed,Sangareddy,2025-09-12,Community screening,162,110,186,29.4,Hypertension+Diabetes,Borderline,2025-12-11
NCDR0001203,NCP0000916,Santosh Begum,M,34,9297305062,Mangalapally,Nakrekal,Nalgonda,2026-01-17,HWC screening,163,97,244,24.8,Hypertension+Diabetes,Uncontrolled,2026-04-17
NCDR0001204,NCP0000917,Lalitha Laxman,F,52,9224868718,Chandur,Chandur,Nalgonda,2025-10-12,Opportunistic screening,178,105,153,23.8,Hypertension+Diabetes,Uncontrolled,2025-11-11
NCDR0001205,NCP0000917,Lalitha Laxman,F,52,9224868718,Chandur,Chandur,Nalgonda,2026-01-04,HWC screening,166,84,231,28.1,Hypertension+Diabetes,Controlled,2026-04-04
NCDR0001206,NCP0000917,Lalitha Laxman,F,53,9224868718,Chandur,Chandur,Nalgonda,2026-04-06,Community screening,187,95,238,21.4,Hypertension+Diabetes,Controlled,2026-06-05
NCDR0001207,NCP0000918,Rajesh Das,M,38,9107239919,Patancheru,Patancheru,Sangareddy,2026-06-10,Opportunistic screening,134,76,159,33.4,None,Not diagnosed,
NCDR0001208,NCP0000919,Raghav Goud,M,27,9276514449,MANOOR,Narayankhed,Sangareddy,2025-09-22,Community screening,177,114,299,23.5,Hypertension+Diabetes,Borderline,2025-11-21
NCDR0001209,NCP0000920,Padma Naik,F,35,9213552463,Velpula,Midjil,Mahabubnagar,2026-05-21,HWC screening,165,85,160,19.6,Hypertension,Borderline,2026-06-20
NCDR0001210,NCP0000920,Padma Naik,F,37,9213552463,Velpula,Midjil,Mahabubnagar,2026-07-16,Opportunistic screening,157,107,162,34.1,Hypertension,Borderline,2026-08-15
NCDR0001211,NCP0000921,Lakshmi Shekar,F,36,9840885650,Jharasangam,Zaheerabad,Sangareddy,2026-04-23,HWC screening,181,110,114,27.0,Hypertension,Borderline,2026-05-23
NCDR0001212,NCP0000921,Lakshmi Shekar,F,35,9840885650,Jharasangam,Zaheerabad,Sangareddy,2026-07-14,Opportunistic screening,189,86,148,27.9,Hypertension,Controlled,2026-08-13
NCDR0001213,NCP0000922,Rajesh Khan,M,44,9635005407,Narayankhed,Narayankhed,Sangareddy,2026-01-10,Community screening,172,89,175,23.9,Hypertension+Diabetes,Borderline,2026-04-10
NCDR0001214,NCP0000923,Renuka Das,F,76,9077298753,Mogudampally,Zaheerabad,Sangareddy,2025-11-17,Community screening,138,87,142,28.3,Hypertension,Borderline,2025-12-17
NCDR0001215,NCP0000924,Swathi Yadav,F,35,9387597820,Vemula,Midjil,Mahabubnagar,2025-07-25,Community screening,111,89,98,33.6,None,Not diagnosed,
NCDR0001216,NCP0000925,Ranee Jangam,F,48,9906388378,Midjil,Midjil,Mahabubnagar,2026-03-29,Opportunistic screening,175,90,83,26.0,Hypertension,Borderline,2026-05-28
NCDR0001217,NCP0000926,Padma Rao,F,58,9411663876,Nomula,Nakrekal,Nalgonda,2025-10-06,HWC screening,180,111,214,27.9,Hypertension+Diabetes,Borderline,2025-11-05
NCDR0001218,NCP0000927,Venkatesh Mallaiah,M,30,9225285316,Bhanur,Patancheru,Sangareddy,2025-07-23,Community screening,135,82,244,19.2,Diabetes,Borderline,2025-10-21
NCDR0001219,NCP0000928,Srinivas Goud,M,46,9023013447,Indresham,Patancheru,Sangareddy,2025-12-08,Community screening,154,116,215,31.5,Hypertension+Diabetes,Borderline,2026-01-07
NCDR0001220,NCP0000928,Srinivas Goud,M,46,9023013447,Indresham,Patancheru,Sangareddy,2026-03-05,Community screening,163,116,289,26.0,Hypertension+Diabetes,Uncontrolled,2026-05-04
NCDR0001221,NCP0000929,Mohan Jangam,M,49,9428372184,Gundlapally,Devarakonda,Nalgonda,2025-08-28,Community screening,180,92,150,26.5,Hypertension,Uncontrolled,2025-11-26
NCDR0001222,NCP0000930,Deepika Naik,F,73,9839875649,Devarakonda,Devarakonda,Nalgonda,2025-07-19,HWC screening,128,88,165,28.1,Diabetes,Controlled,2025-10-17
NCDR0001223,NCP0000931,Kiran Mudiraj,M,66,9178136676,Nakrekal,Nakrekal,Nalgonda,2025-12-29,Opportunistic screening,153,109,121,30.8,Hypertension,Uncontrolled,2026-01-28
NCDR0001224,NCP0000932,Kavitha Das,F,66,9719480043,Balanagar,Balanagar,Mahabubnagar,2025-08-12,Opportunistic screening,165,108,144,18.6,Hypertension,Borderline,2025-09-11
NCDR0001225,NCP0000933,Sushma Krishna,F,59,9408327333,Marrur,Nakrekal,Nalgonda,2025-09-06,Community screening,168,88,109,32.1,Hypertension,Controlled,2025-10-06
NCDR0001226,NCP0000934,Bhavani Mallaiah,F,62,9345058375,Gangapur,Jadcherla,Mahabubnagar,2026-05-05,HWC screening,185,99,126,29.6,Hypertension,Borderline,2026-06-04
NCDR0001227,NCP0000935,Srinivas Begum,M,43,,Manoor,Narayankhed,Sangareddy,2026-06-02,HWC screening,142,96,228,20.0,Diabetes,Controlled,2026-08-01
NCDR0001228,NCP0000935,Srinivas Begum,M,43,9470219679,Manoor,Narayankhed,Sangareddy,2026-08-08,HWC screening,126,86,174,27.1,Diabetes,Uncontrolled,2026-11-06
NCDR0001229,NCP0000936,Mounika Basha,F,52,9659509753,Gangapur,Jadcherla,Mahabubnagar,2025-09-03,Opportunistic screening,115,83,143,30.1,None,Not diagnosed,
NCDR0001230,NCP0000937,Pravin Goud,M,61,9060644742,Polepally,Jadcherla,Mahabubnagar,2026-05-03,HWC screening,166,109,162,19.3,Hypertension,Controlled,2026-06-02
NCDR0001231,NCP0000937,Praveen Goud,M,58,9060644742,Polepally,Jadcherla,Mahabubnagar,2026-06-25,Opportunistic screening,182,92,91,22.1,Hypertension,Controlled,2026-09-23
NCDR0001232,NCP0000938,Suresh Rao,M,62,9799745905,Kummarikunta,Chandur,Nalgonda,2025-07-23,Opportunistic screening,142,91,106,23.3,None,Not diagnosed,
NCDR0001233,NCP0000939,Anjali Chary,F,38,+91-92540-71659,Patancheru,Patancheru,Sangareddy,2026-03-29,Community screening,141,87,307,32.1,Hypertension+Diabetes,Uncontrolled,2026-05-28
NCDR0001234,NCP0000940,Mahesh Jangam,M,64,+91-95183-12058,Mangalapally,Nakrekal,Nalgonda,2025-08-22,HWC screening,189,84,148,28.0,Hypertension,Uncontrolled,2025-10-21
NCDR0001235,NCP0000940,Mahesh Jangam,M,64,9518312058,MANGALAPALLY,Nakrekal,Nalgonda,2025-11-27,HWC screening,139,108,159,18.5,Hypertension,Uncontrolled,2026-01-26
NCDR0001236,NCP0000940,Mahesh Jangam,M,64,9518312058,Mangalapally,Nakrekal,Nalgonda,2026-03-02,Opportunistic screening,153,114,152,20.6,Hypertension,Uncontrolled,2026-05-01
NCDR0001237,NCP0000941,Rani Mudiraj,F,33,9659994943,Gundlapally,Devarakonda,Nalgonda,2025-11-07,Community screening,132,73,121,26.7,None,Not diagnosed,
NCDR0001238,NCP0000942,Praveen Naik,M,38,9719540505,Midjil,Midjil,Mahabubnagar,2025-09-10,Community screening,146,103,90,26.2,Hypertension,Borderline,2025-10-10
NCDR0001239,NCP0000943,Laleetha Naik,F,31,9994933414,Indresham,Patancheru,Sangareddy,2025-08-06,HWC screening,182,87,116,29.9,Hypertension,Borderline,2025-11-04
NCDR0001240,NCP0000944,Sushma Krishna,F,35,9759933240,Bodajanampet,Balanagar,Mahabubnagar,2026-01-13,Opportunistic screening,163,90,107,33.5,Hypertension,Controlled,2026-02-12
NCDR0001241,NCP0000945,Nirmala Mudiraj,F,18,9201442909,Polepally,Jadcherla,Mahabubnagar,2025-12-05,Community screening,133,84,134,23.1,None,Not diagnosed,
NCDR0001242,NCP0000945,Neermala Mudiraj,F,20,9201442909,Polepally,Jadcherla,Mahabubnagar,2026-03-01,Community screening,107,84,122,33.0,None,Not diagnosed,
NCDR0001243,NCP0000945,Nirmala Mudiraj,F,18,9201442909,Polepally,Jadcherla,Mahabubnagar,2026-04-20,Community screening,128,76,149,24.7,None,Not diagnosed,
NCDR0001244,NCP0000946,Ravi Rao,M,48,9154284270,Zaheerabad,Zaheerabad,Sangareddy,2026-05-07,HWC screening,150,97,161,23.0,Hypertension,Borderline,2026-08-05
NCDR0001245,NCP0000947,Srinivas Mallaiah,M,51,9647774201,Macharam,Jadcherla,Mahabubnagar,2025-11-07,Community screening,150,112,280,21.7,Hypertension+Diabetes,Uncontrolled,2026-02-05
NCDR0001246,NCP0000948,Lalitha Devi,F,54,9017177019,DEVARAKONDA,Devarakonda,Nalgonda,2025-12-26,Community screening,182,103,118,19.9,Hypertension,Borderline,2026-02-24
NCDR0001247,NCP0000949,Mohan Narsimha,M,68,9208098080,Rajapur,Balanagar,Mahabubnagar,2025-09-15,Community screening,170,93,114,19.9,Hypertension,Borderline,2025-12-14
NCDR0001248,NCP0000949,Mohan Narsimha,M,68,9208098080,Rajapur,Balanagar,Mahabubnagar,2025-11-02,HWC screening,166,108,88,28.4,Hypertension,Controlled,2025-12-02
NCDR0001249,NCP0000950,Padma Naik,F,56,9545809902,Narayankhed,Narayankhed,Sangareddy,2025-11-20,Opportunistic screening,182,86,93,23.9,Hypertension,Controlled,2026-01-19
NCDR0001250,NCP0000951,Sai Shekar,M,44,+91-93282-41990,Donur,Midjil,Mahabubnagar,2025-09-09,Opportunistic screening,124,90,86,18.6,None,Not diagnosed,
NCDR0001251,NCP0000952,Santosh Laxman,M,59,9250651229,Kondamallepally,Devarakonda,Nalgonda,2026-03-23,Community screening,113,82,171,26.2,Diabetes,Borderline,2026-04-22
NCDR0001252,NCP0000953,Shankar Goud,M,44,9112698396,Indresham,Patancheru,Sangareddy,2025-11-28,Opportunistic screening,185,85,97,30.7,Hypertension,Uncontrolled,2026-02-26
NCDR0001253,NCP0000954,Lakshmi Naik,F,80,9043508505,Gundlapalli,Devarakonda,Nalgonda,2026-01-04,HWC screening,171,108,134,24.2,Hypertension,Controlled,2026-04-04
NCDR0001254,NCP0000955,Rani Reddy,F,75,,Vemula,Midjil,Mahabubnagar,2026-04-14,HWC screening,124,89,308,21.1,Diabetes,Uncontrolled,2026-06-13
NCDR0001255,NCP0000955,Rni Reddy,F,75,9074226389,Vemula,Midjil,Mahabubnagar,2026-06-24,HWC screening,138,90,240,24.5,Diabetes,Borderline,2026-08-23
NCDR0001256,NCP0000956,Naveen Shekar,M,46,9966229154,Jharasangam,Zaheerabad,Sangareddy,2026-06-04,Opportunistic screening,173,106,155,32.2,Hypertension+Diabetes,Borderline,2026-09-02
NCDR0001257,NCP0000957,Naresh Naik,M,38,9429861395,Balanagar,Balanagar,Mahabubnagar,2026-01-17,Opportunistic screening,149,77,274,25.2,Diabetes,Controlled,2026-04-17
NCDR0001258,NCP0000957,Naresh Naik,M,38,9429861395,Balanagar,Balanagar,Mahabubnagar,2026-05-05,Opportunistic screening,129,84,157,28.5,Diabetes,Borderline,2026-06-04
NCDR0001259,NCP0000958,Raju Yadav,M,42,,Kalher,Narayankhed,Sangareddy,2025-07-16,HWC screening,159,107,99,32.8,Hypertension,Controlled,2025-10-14
NCDR0001260,NCP0000959,Rajesh Basha,M,68,9901617924,NERMATA,Chandur,Nalgonda,2025-07-08,HWC screening,146,109,115,26.2,Hypertension,Borderline,2025-09-06
NCDR0001261,NCP0000960,Srinivas Mudiraj,M,18,9732567264,MACHARAM,Jadcherla,Mahabubnagar,2026-04-25,Opportunistic screening,141,85,135,20.9,None,Not diagnosed,
NCDR0001262,NCP0000961,Kiran Rao,M,53,9077688344,Manoor,Narayankhed,Sangareddy,2025-11-14,Community screening,138,91,326,33.7,Hypertension+Diabetes,Uncontrolled,2026-01-13
NCDR0001263,NCP0000961,Kiran Rao,M,52,9077688344,Manoor,Narayankhed,Sangareddy,2026-02-10,HWC screening,189,113,299,20.7,Hypertension+Diabetes,Controlled,2026-05-11
NCDR0001264,NCP0000962,Kiran Devi,M,40,,Indresham,Patancheru,Sangareddy,2026-04-23,HWC screening,111,74,263,23.5,Diabetes,Borderline,2026-05-23
NCDR0001265,NCP0000963,Raghav Shekar,M,33,9747177837,BADEPALLY,Jadcherla,Mahabubnagar,2025-07-13,Community screening,134,84,229,19.3,Diabetes,Controlled,2025-08-12
NCDR0001266,NCP0000964,Sushma,F,49,9622942450,Bodajanampet,Balanagar,Mahabubnagar,2026-01-17,Community screening,175,101,149,24.8,Hypertension,Uncontrolled,2026-02-16
NCDR0001267,NCP0000965,Divya Mudiraj,F,36,9638575176,Nomula,Nakrekal,Nalgonda,2026-03-06,Community screening,120,96,329,30.6,Diabetes,Uncontrolled,2026-05-05
NCDR0001268,NCP0000966,Mahesh Mallaiah,M,71,9933034972,Midjil,Midjil,Mahabubnagar,2026-03-05,Community screening,149,113,184,30.2,Hypertension+Diabetes,Controlled,2026-04-04
NCDR0001269,NCP0000967,Raju Khan,M,43,9353665973,Zaheerabad,Zaheerabad,Sangareddy,2025-09-02,Opportunistic screening,186,97,114,28.6,Hypertension,Borderline,2025-10-02
NCDR0001270,NCP0000967,Raju Khan,M,41,9353665973,Zaheerabad,Zaheerabad,Sangareddy,2025-11-08,Opportunistic screening,187,105,119,25.9,Hypertension,Controlled,2026-02-06
NCDR0001271,NCP0000967,Raju Khan,M,41,9353665973,Zaheerabad,Zaheerabad,Sangareddy,2026-03-07,Opportunistic screening,151,90,94,29.9,Hypertension,Uncontrolled,2026-06-05
NCDR0001272,NCP0000968,Ravi Goud,M,59,9384796500,Gangapur,Jadcherla,Mahabubnagar,2025-11-20,HWC screening,108,95,82,31.4,None,Not diagnosed,
NCDR0001273,NCP0000968,Ravi Goud,M,62,,Gangapur,Jadcherla,Mahabubnagar,2026-02-22,Community screening,113,93,135,33.6,None,Not diagnosed,
NCDR0001274,NCP0000968,Ravi Goud,M,61,9584796500,Gangapur,Jadcherla,Mahabubnagar,2026-03-10,HWC screening,134,93,141,21.0,None,Not diagnosed,
NCDR0001275,NCP0000969,Hrika Basha,F,75,+91-95920-59044,Polepally,Jadcherla,Mahabubnagar,2025-07-03,HWC screening,131,96,141,20.4,None,Not diagnosed,
NCDR0001276,NCP0000970,Divya Reddy,F,43,9145224252,Velpula,Midjil,Mahabubnagar,2025-12-22,Community screening,108,80,282,25.2,Diabetes,Borderline,2026-01-21
NCDR0001277,NCP0000971,Rajesh Jangam,M,31,9903140612,Kummarikunta,Chandur,Nalgonda,2026-01-30,HWC screening,111,92,130,28.3,None,Not diagnosed,
NCDR0001278,NCP0000972,Raghav Devi,M,49,9996292520,Kummarikunta,Chandur,Nalgonda,2025-12-26,Community screening,187,104,94,32.7,Hypertension,Borderline,2026-02-24
NCDR0001279,NCP0000972,Raghav Devi,M,49,9996292520,Kummarikunta,Chandur,Nalgonda,2026-02-10,Opportunistic screening,141,96,139,19.2,Hypertension,Controlled,2026-05-11
NCDR0001280,NCP0000973,Bhavanee Yadav,F,77,9524599155,Polepally,Jadcherla,Mahabubnagar,2026-03-01,HWC screening,167,98,116,28.0,Hypertension,Uncontrolled,2026-05-30
NCDR0001281,NCP0000974,Divya Narsimha,F,65,9426959566,Velpul,Midjil,Mahabubnagar,2026-06-04,Opportunistic screening,164,96,158,27.8,Hypertension+Diabetes,Controlled,2026-07-04
NCDR0001282,NCP0000975,Anjali Shekar,F,40,9352235225,Gundlapally,Devarakonda,Nalgonda,2025-12-07,Opportunistic screening,183,91,115,33.3,Hypertension,Controlled,2026-03-07
NCDR0001283,NCP0000976,Bhavani Naik,F,80,9920198947,Rajapur,Balanagar,Mahabubnagar,2026-01-01,Community screening,141,103,161,20.3,Hypertension,Controlled,2026-04-01
NCDR0001284,NCP0000976,Bhavani Naik,F,81,9920198047,Rajapur,Balanagar,Mahabubnagar,2026-03-07,Community screening,145,112,129,28.5,Hypertension,Uncontrolled,2026-05-06
NCDR0001285,NCP0000977,Swathi Laxman,F,51,9629140581,Polepally,Jadcherla,Mahabubnagar,2026-04-18,Opportunistic screening,139,90,79,27.2,Hypertension,Uncontrolled,2026-07-17
NCDR0001286,NCP0000978,Swathi,F,60,9441902629,Vemula,Midjil,Mahabubnagar,2025-09-03,Community screening,172,96,161,19.7,Hypertension,Borderline,2025-12-02
NCDR0001287,NCP0000979,Bhavani Yadav,F,42,9671646453,Devarakonda,Devarakonda,Nalgonda,2025-07-05,Community screening,129,90,289,24.6,Diabetes,Borderline,2025-09-03
NCDR0001288,NCP0000979,Bhavani Yadav,F,42,9671646423,Devarakonda,Devarakonda,Nalgonda,2025-09-20,Community screening,110,88,283,24.5,Diabetes,Controlled,2025-10-20
NCDR0001289,NCP0000980,Suresh Mallaiah,M,18,,Devarakonda,Devarakonda,Nalgonda,2026-05-20,HWC screening,161,86,204,29.7,Hypertension+Diabetes,Uncontrolled,2026-08-18
NCDR0001290,NCP0000981,Lakshmi Krishna,F,25,9677556183,Polepally,Jadcherla,Mahabubnagar,2025-11-22,Community screening,135,79,147,23.7,Diabetes,Uncontrolled,2026-01-21
NCDR0001291,NCP0000982,Bhavani Jangam,F,49,9444064650,Badepally,Jadcherla,Mahabubnagar,2025-12-06,Community screening,188,103,132,33.8,Hypertension,Uncontrolled,2026-02-04
NCDR0001292,NCP0000983,Jyothi Basha,F,30,9345699376,Bodajanampet,Balanagar,Mahabubnagar,2025-07-08,HWC screening,139,106,142,23.2,Hypertension,Controlled,2025-09-06
NCDR0001293,NCP0000983,Jyothi Basha,F,31,9342699376,Bodajanampet,Balanagar,Mahabubnagar,2025-10-30,Opportunistic screening,156,95,127,22.0,Hypertension,Controlled,2026-01-28
NCDR0001294,NCP0000984,Bhavani Mallaiah,F,36,9186452806,Bhanur,Patancheru,Sangareddy,2026-05-01,Opportunistic screening,115,86,233,29.1,Diabetes,Controlled,2026-06-30
NCDR0001295,NCP0000985,Rajesh Narsimha,M,59,9688036156,Zaheerabad,Zaheerabad,Sangareddy,2025-07-14,HWC screening,108,69,165,31.8,None,Not diagnosed,
NCDR0001296,NCP0000985,Rajesh Narsimha,M,57,9608036156,Zaheerabad,Zaheerabad,Sangareddy,2025-10-08,HWC screening,120,85,87,24.9,None,Not diagnosed,
NCDR0001297,NCP0000985,Rajesh Narsimha,M,59,9688036156,ZAHEERABAD,Zaheerabad,Sangareddy,2025-11-23,HWC screening,130,73,110,33.3,None,Not diagnosed,
NCDR0001298,NCP0000986,Naresh Kumar,M,65,9572166731,Marrur,Nakrekal,Nalgonda,2025-11-23,HWC screening,161,97,314,31.6,Hypertension+Diabetes,Uncontrolled,2026-02-21
NCDR0001299,NCP0000987,Arun Khan,M,59,,Bangarigadd,Chandur,Nalgonda,2025-08-26,Opportunistic screening,177,109,140,25.0,Hypertension,Controlled,2025-11-24
NCDR0001300,NCP0000988,Mohan Laxman,M,53,9558266515,Manoor,Narayankhed,Sangareddy,2026-05-02,Opportunistic screening,159,115,154,25.7,Hypertension,Uncontrolled,2026-07-31
NCDR0001301,NCP0000988,Mohan Laxman,M,53,9558236515,Manoor,Narayankhed,Sangareddy,2026-07-01,Community screening,147,110,154,24.5,Hypertension,Controlled,2026-09-29
NCDR0001302,NCP0000989,Venkatesh Narsimha,M,45,9767109611,Ameenpur,Patancheru,Sangareddy,2025-10-03,HWC screening,188,108,212,23.3,Hypertension+Diabetes,Uncontrolled,2025-12-02
NCDR0001303,NCP0000989,Venkatesh Narsimha,M,44,9767109611,Ameenpur,Patancheru,Sangareddy,2025-12-08,Community screening,162,84,158,33.3,Hypertension+Diabetes,Controlled,2026-01-07
NCDR0001304,NCP0000990,Arun,M,43,9768184472,Jharasangam,Zaheerabad,Sangareddy,2026-01-31,HWC screening,158,96,99,21.2,Hypertension,Controlled,2026-05-01
NCDR0001305,NCP0000991,Divya Krishna,F,39,9435544292,Vemul,Midjil,Mahabubnagar,2025-10-25,Opportunistic screening,141,97,91,26.2,Hypertension,Borderline,2026-01-23
NCDR0001306,NCP0000992,Rajesh Mudiraj,M,18,9075465815,Midjil,Midjil,Mahabubnagar,2026-06-03,Opportunistic screening,123,72,149,26.0,None,Not diagnosed,
NCDR0001307,NCP0000993,Divya Reddy,F,62,+91-91126-95647,Gangapur,Jadcherla,Mahabubnagar,2026-01-10,HWC screening,145,95,314,22.0,Diabetes,Controlled,2026-03-11
NCDR0001308,NCP0000994,Keeran Patel,M,56,,Nakrekal,Nakrekal,Nalgonda,2026-05-15,Opportunistic screening,141,91,210,23.7,Diabetes,Uncontrolled,2026-07-14
NCDR0001309,NCP0000995,Naveen Mudiraj,M,50,9012277846,Macharam,Jadcherla,Mahabubnagar,2026-01-14,Opportunistic screening,187,97,155,21.6,Hypertension,Controlled,2026-02-13
NCDR0001310,NCP0000996,Anitha Mallaiah,F,37,9677043050,Jharasangam,Zaheerabad,Sangareddy,2025-09-03,Community screening,125,78,184,27.5,Diabetes,Borderline,2025-11-02
NCDR0001311,NCP0000997,Ranee Das,F,51,,Balanagar,Balanagar,Mahabubnagar,2026-01-09,HWC screening,164,92,258,22.3,Hypertension+Diabetes,Controlled,2026-02-08
NCDR0001312,NCP0000998,Vinod Basha,M,49,,Vemula,Midjil,Mahabubnagar,2026-02-14,Community screening,175,85,206,23.3,Hypertension+Diabetes,Controlled,2026-04-15
NCDR0001313,NCP0000999,Shobha Begum,F,26,,Manoor,Narayankhed,Sangareddy,2026-04-07,Community screening,112,71,201,21.1,Diabetes,Uncontrolled,2026-05-07
NCDR0001314,NCP0001000,Divya Chary,F,69,+91-92579-97655,Kallepally,Balanagar,Mahabubnagar,2026-02-23,HWC screening,120,77,327,22.9,Diabetes,Uncontrolled,2026-03-25
NCDR0001315,NCP0001001,Padma Khan,F,49,9589817960,KALHER,Narayankhed,Sangareddy,2025-08-21,Opportunistic screening,170,116,263,32.6,Hypertension+Diabetes,Controlled,2025-10-20
NCDR0001316,NCP0001002,Sai Jangam,M,31,9862135984,BANGARIGADDA,Chandur,Nalgonda,2025-12-22,Community screening,143,104,148,21.9,Hypertension,Controlled,2026-03-22
NCDR0001317,NCP0001002,Si Jangam,M,32,9862135984,Bangarigadda,Chandur,Nalgonda,2026-02-26,HWC screening,181,114,96,26.5,Hypertension,Controlled,2026-04-27
NCDR0001318,NCP0001003,Ravi Kumar,M,69,9472231444,Kalher,Narayankhed,Sangareddy,2026-03-25,Opportunistic screening,182,93,290,33.2,Hypertension+Diabetes,Uncontrolled,2026-06-23
NCDR0001319,NCP0001004,Anil Reddy,M,55,9626465056,Donur,Midjil,Mahabubnagar,2025-10-29,Opportunistic screening,186,96,160,29.4,Hypertension,Controlled,2026-01-27
NCDR0001320,NCP0001004,Anil Reddy,M,55,9626465056,Donur,Midjil,Mahabubnagar,2025-12-24,Opportunistic screening,173,103,110,24.5,Hypertension,Uncontrolled,2026-03-24
NCDR0001321,NCP0001005,Lkshmi Narsimha,F,69,9687663836,Manoor,Narayankhed,Sangareddy,2026-03-31,Opportunistic screening,122,79,230,26.3,Diabetes,Borderline,2026-06-29
NCDR0001322,NCP0001006,Raju Jangam,M,60,9670044053,Nakrekal,Nakrekal,Nalgonda,2025-12-09,HWC screening,168,104,97,24.7,Hypertension,Uncontrolled,2026-01-08
NCDR0001323,NCP0001007,Mounika Patel,F,64,9477003980,Badepally,Jadcherla,Mahabubnagar,2026-05-14,Community screening,186,106,123,32.2,Hypertension,Controlled,2026-08-12
NCDR0001324,NCP0001007,Mounika Patel,F,66,9477003980,Badepalli,Jadcherla,Mahabubnagar,2026-07-20,Community screening,151,111,113,27.6,Hypertension,Controlled,2026-09-18
NCDR0001325,NCP0001008,Saritha Naik,F,42,9193571771,Jharasangam,Zaheerabad,Sangareddy,2025-10-02,Community screening,111,91,161,19.6,None,Not diagnosed,
NCDR0001326,NCP0001009,Swathi Rao,F,88,9877917344,Rajapur,Balanagar,Mahabubnagar,2025-08-01,HWC screening,134,82,151,19.0,None,Not diagnosed,
NCDR0001327,NCP0001010,Anil Kumar,M,56,9327947902,Vemula,Midjil,Mahabubnagar,2025-10-09,Community screening,162,108,131,23.3,Hypertension,Controlled,2025-11-08
NCDR0001328,NCP0001010,Anil Kumar,M,55,9327947902,Vemula,Midjil,Mahabubnagar,2026-02-05,HWC screening,166,98,92,30.3,Hypertension,Uncontrolled,2026-04-06
NCDR0001329,NCP0001011,Anitha Goud,F,47,9793072869,Kangti,Narayankhed,Sangareddy,2025-10-21,HWC screening,144,68,83,22.3,None,Not diagnosed,
NCDR0001330,NCP0001012,Mahesh Khan,M,56,9897065929,Marrur,Nakrekal,Nalgonda,2025-07-06,Opportunistic screening,167,112,281,21.1,Hypertension+Diabetes,Uncontrolled,2025-10-04
NCDR0001331,NCP0001013,Nirmala Reddy,F,22,9641079442,Badepally,Jadcherla,Mahabubnagar,2026-03-01,Community screening,165,109,224,24.3,Hypertension+Diabetes,Uncontrolled,2026-05-30
NCDR0001332,NCP0001014,Harika Krishna,F,31,,Devarakonda,Devarakonda,Nalgonda,2025-12-21,Opportunistic screening,154,112,116,21.4,Hypertension,Uncontrolled,2026-01-20
NCDR0001333,NCP0001015,Santosh Kumar,M,53,,Ameenpur,Patancheru,Sangareddy,2025-11-15,Opportunistic screening,115,85,121,18.5,None,Not diagnosed,
NCDR0001334,NCP0001016,Suresh Mudiraj,M,78,9388283785,Zaheerabad,Zaheerabad,Sangareddy,2025-09-29,HWC screening,112,96,323,32.1,Diabetes,Uncontrolled,2025-12-28
NCDR0001335,NCP0001017,Kiran Yadav,M,62,9261086271,Gangapur,Jadcherla,Mahabubnagar,2025-10-09,HWC screening,122,94,156,25.9,None,Not diagnosed,
NCDR0001336,NCP0001018,Rajesh Reddy,M,79,+91-90880-53010,Devarakonda,Devarakonda,Nalgonda,2025-12-01,Opportunistic screening,185,85,326,29.6,Hypertension+Diabetes,Controlled,2026-01-30
NCDR0001337,NCP0001019,Rajesh Yadav,M,44,+91-92572-82823,Velpula,Midjil,Mahabubnagar,2025-12-06,HWC screening,109,94,256,19.0,Diabetes,Uncontrolled,2026-01-05
NCDR0001338,NCP0001020,Naveen Khan,M,18,9207604901,Bangarigadda,Chandur,Nalgonda,2026-06-07,Opportunistic screening,130,79,248,31.3,Diabetes,Uncontrolled,2026-07-07
NCDR0001339,NCP0001021,Deepika Mudiraj,F,31,9289005439,Kondamallepally,Devarakonda,Nalgonda,2025-07-26,Community screening,171,85,288,29.4,Hypertension+Diabetes,Controlled,2025-10-24
NCDR0001340,NCP0001022,Rajesh Reddy,M,50,9041816067,Mangalapally,Nakrekal,Nalgonda,2026-04-04,Opportunistic screening,149,86,216,27.5,Diabetes,Uncontrolled,2026-07-03
NCDR0001341,NCP0001022,Rajesh Reddy,M,49,9041816067,Mangalapalli,Nakrekal,Nalgonda,2026-05-31,Community screening,115,88,214,28.3,Diabetes,Uncontrolled,2026-07-30
NCDR0001342,NCP0001023,Sushma Jangam,F,53,9667186164,Velpula,Midjil,Mahabubnagar,2025-08-26,Community screening,111,75,100,21.0,None,Not diagnosed,
NCDR0001343,NCP0001024,Shobha Devi,F,30,9182832330,Marrur,Nakrekal,Nalgonda,2025-08-13,Community screening,105,72,139,31.3,None,Not diagnosed,
NCDR0001344,NCP0001024,Shobha Devi,F,31,9182832330,Marrur,Nakrekal,Nalgonda,2025-10-28,HWC screening,108,71,103,22.2,None,Not diagnosed,
NCDR0001345,NCP0001025,Harika Mudiraj,F,46,9112732334,Bangarigadda,Chandur,Nalgonda,2025-10-01,Community screening,110,71,130,31.5,None,Not diagnosed,
NCDR0001346,NCP0001026,Ravi Laxman,M,40,9380887724,Gundlapally,Devarakonda,Nalgonda,2025-10-02,HWC screening,133,96,133,18.7,None,Not diagnosed,
NCDR0001347,NCP0001026,Ravi Laxman,M,40,9380881724,Gundlapally,Devarakonda,Nalgonda,2026-01-13,HWC screening,107,81,95,25.8,None,Not diagnosed,
NCDR0001348,NCP0001027,Santosh Patel,M,56,9699807040,Balanagar,Balanagar,Mahabubnagar,2026-03-24,Community screening,121,82,266,29.5,Diabetes,Uncontrolled,2026-05-23
NCDR0001349,NCP0001028,Lalitha Narsimha,F,44,9234887888,Velpula,Midjil,Mahabubnagar,2026-05-30,Opportunistic screening,137,80,309,18.5,Diabetes,Controlled,2026-06-29
NCDR0001350,NCP0001029,Naveen Goud,M,39,9713495774,Donur,Midjil,Mahabubnagar,2025-09-14,Community screening,117,68,168,24.2,Diabetes,Borderline,2025-10-14
NCDR0001351,NCP0001030,Anjali Rao,F,67,9537929411,Kangti,Narayankhed,Sangareddy,2025-07-21,Opportunistic screening,130,76,152,19.6,None,Not diagnosed,
NCDR0001352,NCP0001031,Suresh Chary,M,49,9141030622,Bodajanampet,Balanagar,Mahabubnagar,2025-12-22,Community screening,154,98,147,20.7,Hypertension+Diabetes,Borderline,2026-02-20
NCDR0001353,NCP0001032,Nirmala Mudiraj,F,51,9956733509,Midjil,Midjil,Mahabubnagar,2025-07-16,Community screening,162,86,101,26.1,Hypertension,Borderline,2025-08-15
NCDR0001354,NCP0001032,Nirmala Mudiraj,F,52,9956733509,Midjil,Midjil,Mahabubnagar,2025-09-16,Opportunistic screening,153,96,117,27.9,Hypertension,Borderline,2025-12-15
NCDR0001355,NCP0001033,Rajesh Mallaiah,M,24,9347395187,Velpula,Midjil,Mahabubnagar,2026-01-30,Community screening,117,90,228,31.5,Diabetes,Controlled,2026-03-31
NCDR0001356,NCP0001033,Rajesh Mallaiah,M,24,9347395187,Velpula,Midjil,Mahabubnagar,2026-04-24,Opportunistic screening,114,92,239,25.8,Diabetes,Controlled,2026-05-24
NCDR0001357,NCP0001034,Venkatesh Mudiraj,M,36,9144624626,Gangapur,Jadcherla,Mahabubnagar,2026-06-11,Opportunistic screening,129,94,145,22.7,Diabetes,Borderline,2026-08-10
NCDR0001358,NCP0001035,Mahesh Basha,M,49,9626176666,NOMULA,Nakrekal,Nalgonda,2025-07-25,Community screening,143,94,118,25.2,None,Not diagnosed,
NCDR0001359,NCP0001035,Mahesh Basha,M,49,9626176666,Nomula,Nakrekal,Nalgonda,2025-10-19,Community screening,118,76,84,33.3,None,Not diagnosed,
NCDR0001360,NCP0001036,Kavitha Das,F,41,9456627767,Kangti,Narayankhed,Sangareddy,2025-11-03,Opportunistic screening,114,74,148,23.2,None,Not diagnosed,
NCDR0001361,NCP0001037,Arun Begum,M,66,9651934184,Kangti,Narayankhed,Sangareddy,2026-06-13,Community screening,153,102,142,29.2,Hypertension,Uncontrolled,2026-08-12
NCDR0001362,NCP0001038,Santos Chary,M,73,9152023742,Macharam,Jadcherla,Mahabubnagar,2026-04-29,Opportunistic screening,170,84,98,25.1,Hypertension,Borderline,2026-05-29
NCDR0001363,NCP0001039,Ramesh Jangam,M,30,,Indresham,Patancheru,Sangareddy,2026-05-07,HWC screening,127,72,98,29.4,None,Not diagnosed,
NCDR0001364,NCP0001040,Arun Basha,M,45,9794721146,Macharam,Jadcherla,Mahabubnagar,2025-11-02,Opportunistic screening,133,68,88,20.1,None,Not diagnosed,
NCDR0001365,NCP0001041,Renuka Narsimha,F,25,9381214730,Kohir,Zaheerabad,Sangareddy,2026-02-13,Community screening,164,89,153,28.9,Hypertension,Uncontrolled,2026-05-14
NCDR0001366,NCP0001042,Raju Chary,M,55,9224074097,Vemula,Midjil,Mahabubnagar,2025-10-28,Opportunistic screening,186,115,164,23.7,Hypertension,Uncontrolled,2025-12-27
NCDR0001367,NCP0001043,Kavitha Devi,F,53,9287216324,Gangapur,Jadcherla,Mahabubnagar,2026-02-22,Opportunistic screening,106,88,286,34.2,Diabetes,Controlled,2026-04-23
NCDR0001368,NCP0001043,Kavitha Devi,F,54,9287216324,Gangapur,Jadcherla,Mahabubnagar,2026-06-19,Community screening,126,91,304,23.3,Diabetes,Controlled,2026-07-19
NCDR0001369,NCP0001044,Shobha Rao,F,62,9027805213,Zaheerabad,Zaheerabad,Sangareddy,2025-12-12,HWC screening,160,100,266,28.6,Hypertension+Diabetes,Borderline,2026-03-12
NCDR0001370,NCP0001045,Naween Patel,M,63,9538182112,Macharam,Jadcherla,Mahabubnagar,2026-03-14,Community screening,169,102,154,22.8,Hypertension,Uncontrolled,2026-05-13
NCDR0001371,NCP0001046,Mohan Naik,M,53,,Kondamallepally,Devarakonda,Nalgonda,2025-10-06,HWC screening,146,94,152,31.6,None,Not diagnosed,
NCDR0001372,NCP0001046,Mohan Naik,M,53,9624166562,Kondamallepally,Devarakonda,Nalgonda,2026-01-04,Community screening,114,69,92,26.6,None,Not diagnosed,
NCDR0001373,NCP0001047,Sai Begum,M,49,,Nermata,Chandur,Nalgonda,2026-04-30,Opportunistic screening,149,100,118,29.6,Hypertension,Controlled,2026-05-30
NCDR0001374,NCP0001048,Venkatesh Reddy,M,47,9489688435,Vemula,Midjil,Mahabubnagar,2025-12-28,Community screening,135,79,202,23.4,Diabetes,Uncontrolled,2026-02-26
NCDR0001375,NCP0001048,Venkatesh Reddy,M,47,+91-94896-88435,Vemula,Midjil,Mahabubnagar,2026-02-25,Opportunistic screening,106,90,250,29.1,Diabetes,Uncontrolled,2026-04-26
NCDR0001376,NCP0001049,Padma Shekar,F,21,+91-93211-37035,Nermata,Chandur,Nalgonda,2026-01-17,Opportunistic screening,143,88,90,20.1,Hypertension,Uncontrolled,2026-04-17
NCDR0001377,NCP0001050,Raju Patel,M,57,9984170071,Vemula,Midjil,Mahabubnagar,2026-05-20,HWC screening,121,81,259,29.2,Diabetes,Borderline,2026-07-19
NCDR0001378,NCP0001050,Raju Patel,M,60,9984170071,Vemula,Midjil,Mahabubnagar,2026-07-18,Opportunistic screening,120,90,237,33.2,Diabetes,Controlled,2026-09-16
NCDR0001379,NCP0001051,Srilatha Reddy,F,63,9564901185,Macharam,Jadcherla,Mahabubnagar,2025-12-15,HWC screening,170,95,267,29.4,Hypertension+Diabetes,Borderline,2026-01-14
NCDR0001380,NCP0001051,Srilatha Reddy,F,64,9564901185,Macharam,Jadcherla,Mahabubnagar,2026-04-07,Community screening,142,103,313,22.1,Hypertension+Diabetes,Uncontrolled,2026-05-07
NCDR0001381,NCP0001052,Deepika Shekar,F,36,9196928623,Kalher,Narayankhed,Sangareddy,2025-12-13,HWC screening,182,100,154,28.2,Hypertension,Borderline,2026-02-11
NCDR0001382,NCP0001053,Kavitha Mallaiah,F,67,9862772012,Mangalapalli,Nakrekal,Nalgonda,2026-04-02,Opportunistic screening,165,88,190,26.5,Hypertension+Diabetes,Borderline,2026-05-02
NCDR0001383,NCP0001054,Lakshmi Basha,F,27,9832793953,Mogudampall,Zaheerabad,Sangareddy,2025-10-14,Community screening,185,89,154,34.4,Hypertension,Controlled,2025-11-13
NCDR0001384,NCP0001055,Anil Yadav,M,28,9410231978,Mangalapally,Nakrekal,Nalgonda,2026-05-02,Opportunistic screening,164,84,80,25.1,Hypertension,Controlled,2026-07-01
NCDR0001385,NCP0001056,Srinivas Naik,M,38,9959470861,Polepally,Jadcherla,Mahabubnagar,2025-12-21,Community screening,134,84,178,33.1,Diabetes,Controlled,2026-02-19
NCDR0001386,NCP0001057,Divya Mallaiah,F,42,9378818389,Mogudampally,Zaheerabad,Sangareddy,2026-05-23,HWC screening,130,89,158,26.8,None,Not diagnosed,
NCDR0001387,NCP0001058,Suresh Patel,M,55,,Mogudampally,Zaheerabad,Sangareddy,2026-05-03,Opportunistic screening,125,85,158,23.0,Diabetes,Uncontrolled,2026-06-02
NCDR0001388,NCP0001059,Lalitha Krisna,F,53,9997648391,Nermata,Chandur,Nalgonda,2026-03-03,Opportunistic screening,175,98,311,25.3,Hypertension+Diabetes,Controlled,2026-04-02
NCDR0001389,NCP0001060,Rajesh Shekar,M,34,9670626498,Vemula,Midjil,Mahabubnagar,2026-05-23,Community screening,141,96,88,20.8,None,Not diagnosed,
NCDR0001390,NCP0001061,Vinod Shekar,M,37,9706900497,Kalher,Narayankhed,Sangareddy,2026-05-06,Community screening,132,89,327,22.6,Diabetes,Uncontrolled,2026-08-04
NCDR0001391,NCP0001062,Sushma Patel,F,55,9561212464,Donur,Midjil,Mahabubnagar,2025-11-12,HWC screening,145,107,170,26.7,Hypertension+Diabetes,Controlled,2026-02-10
NCDR0001392,NCP0001063,Rajesh Goud,M,51,9806675514,Narayankhed,Narayankhed,Sangareddy,2025-11-24,Opportunistic screening,130,83,286,24.9,Diabetes,Uncontrolled,2026-01-23
NCDR0001393,NCP0001064,Mounika Yadav,F,54,9990858115,Gangapur,Jadcherla,Mahabubnagar,2025-11-14,Opportunistic screening,177,111,279,19.6,Hypertension+Diabetes,Uncontrolled,2026-02-12
NCDR0001394,NCP0001064,Mounika Yadav,F,55,9990858115,GANGAPUR,Jadcherla,Mahabubnagar,2026-01-04,Opportunistic screening,163,104,173,21.9,Hypertension+Diabetes,Borderline,2026-02-03
NCDR0001395,NCP0001065,Rajesh Khan,M,70,9920408308,Gundlapall,Devarakonda,Nalgonda,2025-08-28,Community screening,154,111,80,34.0,Hypertension,Borderline,2025-11-26
NCDR0001396,NCP0001065,Rajesh,M,71,9920408308,Gundlapally,Devarakonda,Nalgonda,2025-12-08,HWC screening,164,106,154,26.0,Hypertension,Controlled,2026-01-07
NCDR0001397,NCP0001066,Venkatesh Mudiraj,M,44,9774848248,Gundlapally,Devarakonda,Nalgonda,2025-08-25,Community screening,156,106,328,26.5,Hypertension+Diabetes,Uncontrolled,2025-09-24
NCDR0001398,NCP0001067,Swathi Chary,F,30,9643302762,Marrur,Nakrekal,Nalgonda,2025-07-02,Community screening,146,100,313,22.8,Hypertension+Diabetes,Controlled,2025-08-31
NCDR0001399,NCP0001068,Mahesh Reddy,M,36,9079903493,INDRESHAM,Patancheru,Sangareddy,2025-08-25,HWC screening,141,80,140,27.9,None,Not diagnosed,
NCDR0001400,NCP0001069,Srinivas Chary,M,63,9651333112,Macharam,Jadcherla,Mahabubnagar,2026-06-06,HWC screening,148,87,143,29.6,None,Not diagnosed,
NCDR0001401,NCP0001070,Sai Patel,M,30,9776345366,Kummarikunta,Chandur,Nalgonda,2025-10-16,Opportunistic screening,138,85,156,20.8,Hypertension,Borderline,2025-12-15
NCDR0001402,NCP0001071,Sai Patel,M,47,,Balanagar,Balanagar,Mahabubnagar,2025-11-08,HWC screening,185,107,151,33.6,Hypertension,Uncontrolled,2026-01-07
NCDR0001403,NCP0001072,Swathi Shekar,F,47,9907060350,Macharam,Jadcherla,Mahabubnagar,2025-07-25,HWC screening,174,101,120,33.2,Hypertension,Borderline,2025-08-24
NCDR0001404,NCP0001073,Anitha Naik,F,18,9110316347,Nermata,Chandur,Nalgonda,2026-05-09,Community screening,122,92,261,26.0,Diabetes,Controlled,2026-07-08
NCDR0001405,NCP0001074,Swathi Yadav,F,72,9092692767,Chandur,Chandur,Nalgonda,2026-02-28,Opportunistic screening,137,68,172,23.8,Diabetes,Uncontrolled,2026-03-30
NCDR0001406,NCP0001075,Anjali Goud,F,53,9204878227,Bhanur,Patancheru,Sangareddy,2026-01-30,Opportunistic screening,145,69,299,32.3,Diabetes,Borderline,2026-03-01
NCDR0001407,NCP0001076,Srilatha Laxman,F,58,9495271048,Polepally,Jadcherla,Mahabubnagar,2026-03-28,Opportunistic screening,181,86,140,19.3,Hypertension,Controlled,2026-04-27
NCDR0001408,NCP0001077,Anil Basha,M,32,9913271783,Chandur,Chandur,Nalgonda,2025-09-27,Opportunistic screening,173,115,92,21.0,Hypertension,Uncontrolled,2025-11-26
NCDR0001409,NCP0001078,Raju Rao,M,25,9939135445,Midjil,Midjil,Mahabubnagar,2025-08-23,Opportunistic screening,105,72,120,24.4,None,Not diagnosed,
NCDR0001410,NCP0001079,Sushma Naik,F,38,9682580816,Vemula,Midjil,Mahabubnagar,2025-09-29,Opportunistic screening,141,81,273,27.9,Diabetes,Borderline,2025-10-29
NCDR0001411,NCP0001080,Mouneeka Rao,F,59,9662355008,Manoor,Narayankhed,Sangareddy,2026-06-01,Opportunistic screening,140,94,142,27.7,Hypertension,Controlled,2026-07-01
NCDR0001412,NCP0001080,Mounika Rao,F,60,9662355008,Manoor,Narayankhed,Sangareddy,2026-07-24,Community screening,156,102,89,33.2,Hypertension,Borderline,2026-08-23
NCDR0001413,NCP0001081,Shobha Patel,F,40,9458190833,Chandur,Chandur,Nalgonda,2026-01-11,Community screening,186,102,156,32.0,Hypertension,Controlled,2026-02-10
NCDR0001414,NCP0001081,Shobha Patel,F,39,9458190833,Chandur,Chandur,Nalgonda,2026-03-19,Community screening,187,115,165,21.8,Hypertension,Uncontrolled,2026-04-18
NCDR0001415,NCP0001081,Shobha Patel,F,39,9458190833,Chandur,Chandur,Nalgonda,2026-05-31,Opportunistic screening,190,108,151,24.0,Hypertension,Uncontrolled,2026-06-30
NCDR0001416,NCP0001082,Shobha Krishna,F,64,9055155197,BODAJANAMPET,Balanagar,Mahabubnagar,2025-08-23,Community screening,139,78,152,29.4,None,Not diagnosed,
NCDR0001417,NCP0001083,Praveen Naik,M,30,9597848483,Kohir,Zaheerabad,Sangareddy,2026-04-04,HWC screening,160,95,89,33.6,Hypertension,Borderline,2026-07-03
NCDR0001418,NCP0001084,Mounika Mudiraj,F,47,9241884268,Bhanur,Patancheru,Sangareddy,2025-11-03,HWC screening,174,101,153,33.9,Hypertension,Uncontrolled,2025-12-03
NCDR0001419,NCP0001085,Kavitha Patel,F,62,,Chandur,Chandur,Nalgonda,2025-09-02,Community screening,138,102,107,26.2,Hypertension,Borderline,2025-11-01
NCDR0001420,NCP0001086,Renuka Krishna,F,83,9948555194,Patancheru,Patancheru,Sangareddy,2025-11-01,Community screening,163,105,116,29.0,Hypertension,Controlled,2026-01-30
NCDR0001421,NCP0001086,Renuka Krishna,F,81,9948555194,Patancheru,Patancheru,Sangareddy,2026-01-04,HWC screening,140,90,104,29.9,Hypertension,Uncontrolled,2026-04-04
NCDR0001422,NCP0001087,Arun Yadav,M,24,9398933132,Indresham,Patancheru,Sangareddy,2026-04-15,Community screening,190,95,113,26.6,Hypertension,Controlled,2026-07-14
NCDR0001423,NCP0001088,Kavitha Narsimha,F,36,9588657505,Nermata,Chandur,Nalgonda,2025-10-03,Opportunistic screening,176,104,271,33.4,Hypertension+Diabetes,Uncontrolled,2025-12-02
NCDR0001424,NCP0001089,Padma Chary,F,57,9996878585,AMEENPUR,Patancheru,Sangareddy,2026-05-19,Opportunistic screening,139,74,105,28.8,None,Not diagnosed,
NCDR0001425,NCP0001090,Srinivas Kumar,M,55,9321907690,Ameenpur,Patancheru,Sangareddy,2025-10-11,Community screening,185,85,104,28.6,Hypertension,Uncontrolled,2025-12-10
NCDR0001426,NCP0001091,Saritha Begum,F,38,+91-90134-29577,MIDJIL,Midjil,Mahabubnagar,2026-02-15,Community screening,142,113,102,26.6,Hypertension,Controlled,2026-05-16
NCDR0001427,NCP0001091,Saritha Begum,F,39,,Midjil,Midjil,Mahabubnagar,2026-04-08,HWC screening,143,109,143,19.0,Hypertension,Borderline,2026-07-07
NCDR0001428,NCP0001091,Saritha Begum,F,41,+91-90134-29577,Midjil,Midjil,Mahabubnagar,2026-05-30,Opportunistic screening,181,97,133,31.8,Hypertension,Borderline,2026-07-29
NCDR0001429,NCP0001092,Naveen Narseemha,M,53,9100482864,Kallepally,Balanagar,Mahabubnagar,2025-09-29,HWC screening,163,107,128,23.5,Hypertension,Uncontrolled,2025-10-29
NCDR0001430,NCP0001093,Suresh Shekar,M,40,9199864424,Kohir,Zaheerabad,Sangareddy,2025-09-06,Community screening,112,78,234,30.9,Diabetes,Uncontrolled,2025-11-05
NCDR0001431,NCP0001094,Mohan Devi,M,21,9223304574,Kohir,Zaheerabad,Sangareddy,2026-06-10,HWC screening,117,81,242,22.5,Diabetes,Uncontrolled,2026-07-10
NCDR0001432,NCP0001095,Rames Kumar,M,24,9987613498,Midjil,Midjil,Mahabubnagar,2025-08-20,HWC screening,172,110,87,26.4,Hypertension,Uncontrolled,2025-09-19
NCDR0001433,NCP0001096,Mohan Goud,M,48,9947319669,Polepally,Jadcherla,Mahabubnagar,2025-10-07,Opportunistic screening,144,83,108,27.6,None,Not diagnosed,
NCDR0001434,NCP0001097,Vinod Devi,M,62,9242249061,Kangti,Narayankhed,Sangareddy,2025-07-07,Community screening,188,99,324,30.8,Hypertension+Diabetes,Controlled,2025-08-06
NCDR0001435,NCP0001098,Nares Reddy,M,47,9739158447,KUMMARIKUNTA,Chandur,Nalgonda,2025-10-21,Community screening,155,110,97,24.4,Hypertension,Borderline,2026-01-19
NCDR0001436,NCP0001099,Renuka Jangam,F,49,9098597493,Gangapur,Jadcherla,Mahabubnagar,2025-09-30,Community screening,124,90,241,22.1,Diabetes,Borderline,2025-11-29
NCDR0001437,NCP0001100,Padma Khan,F,63,9298599250,Bodajanampet,Balanagar,Mahabubnagar,2025-09-06,Community screening,106,77,96,33.6,None,Not diagnosed,
NCDR0001438,NCP0001101,Renuka Reddy,F,60,,Patancheru,Patancheru,Sangareddy,2026-04-04,Community screening,150,81,94,30.5,None,Not diagnosed,
NCDR0001439,NCP0001101,Renuka Reddy,F,62,9708366005,Patancheru,Patancheru,Sangareddy,2026-06-09,HWC screening,107,89,118,24.7,None,Not diagnosed,
NCDR0001440,NCP0001102,Renuka,F,60,9142037456,Devarakonda,Devarakonda,Nalgonda,2026-01-11,Opportunistic screening,161,89,178,19.0,Hypertension+Diabetes,Controlled,2026-04-11
NCDR0001441,NCP0001103,Nirmala Kumar,F,49,9112332653,Nermata,Chandur,Nalgonda,2026-05-16,Opportunistic screening,181,102,307,20.8,Hypertension+Diabetes,Controlled,2026-06-15
NCDR0001442,NCP0001104,Arun Khan,M,29,9247943414,Devarakonda,Devarakonda,Nalgonda,2026-01-11,Community screening,124,84,169,34.5,Diabetes,Borderline,2026-04-11
NCDR0001443,NCP0001105,Arun Laxman,M,36,9337618495,Peddadinne,Devarakonda,Nalgonda,2026-01-19,Opportunistic screening,187,101,156,23.0,Hypertension,Controlled,2026-03-20
NCDR0001444,NCP0001106,Divya Khan,F,56,9105707912,Chandur,Chandur,Nalgonda,2025-08-24,HWC screening,157,99,132,21.2,Hypertension,Borderline,2025-09-23
NCDR0001445,NCP0001107,Sushma Mudiraj,F,18,9673759048,Balanagar,Balanagar,Mahabubnagar,2025-10-01,Opportunistic screening,173,108,101,24.4,Hypertension,Uncontrolled,2025-11-30
NCDR0001446,NCP0001108,Kavitha,F,57,9261859611,Kangti,Narayankhed,Sangareddy,2026-04-01,HWC screening,116,68,286,34.2,Diabetes,Uncontrolled,2026-05-01
NCDR0001447,NCP0001109,Rajesh Devi,M,84,,Gundlapally,Devarakonda,Nalgonda,2026-02-19,HWC screening,139,82,199,18.9,Diabetes,Uncontrolled,2026-05-20
NCDR0001448,NCP0001110,Vinod Goud,M,39,,Gundlapally,Devarakonda,Nalgonda,2025-09-12,Opportunistic screening,172,116,155,31.2,Hypertension,Borderline,2025-11-11
NCDR0001449,NCP0001111,Kiran Begum,M,41,9196278382,Vemula,Midjil,Mahabubnagar,2026-05-10,HWC screening,105,73,274,32.8,Diabetes,Uncontrolled,2026-08-08
NCDR0001450,NCP0001111,Kiran Begum,M,39,9196278382,VEMULA,Midjil,Mahabubnagar,2026-07-09,HWC screening,107,85,316,30.3,Diabetes,Controlled,2026-08-08
NCDR0001451,NCP0001112,Sai Chary,M,64,+91-95600-71683,Marrur,Nakrekal,Nalgonda,2025-08-05,HWC screening,141,93,152,23.1,Diabetes,Uncontrolled,2025-11-03
NCDR0001452,NCP0001113,Srilatha,F,29,9338090114,Midjil,Midjil,Mahabubnagar,2025-12-24,Community screening,145,104,86,21.6,Hypertension,Uncontrolled,2026-02-22
NCDR0001453,NCP0001114,Padma Reddy,F,48,+91-97098-12778,Jharasangam,Zaheerabad,Sangareddy,2026-03-13,Community screening,159,95,162,25.2,Hypertension,Borderline,2026-05-12
NCDR0001454,NCP0001115,Naveen Rao,M,55,9905125652,Kondamallepally,Devarakonda,Nalgonda,2025-09-07,Opportunistic screening,147,112,87,26.0,Hypertension,Uncontrolled,2025-10-07
NCDR0001455,NCP0001116,Santosh Kumar,M,46,,PATANCHERU,Patancheru,Sangareddy,2025-12-01,Opportunistic screening,177,91,160,20.1,Hypertension,Uncontrolled,2026-03-01
NCDR0001456,NCP0001116,Santosh Kumar,M,46,9862928668,Patancheru,Patancheru,Sangareddy,2026-03-22,Community screening,188,84,154,33.7,Hypertension,Uncontrolled,2026-05-21
NCDR0001457,NCP0001117,Jyothi Das,F,70,9831157181,Bodajanampet,Balanagar,Mahabubnagar,2026-04-09,Opportunistic screening,150,94,268,30.0,Hypertension+Diabetes,Uncontrolled,2026-05-09
NCDR0001458,NCP0001118,Srinivas Reddy,M,40,9287278807,Indresham,Patancheru,Sangareddy,2025-10-16,Opportunistic screening,129,88,85,25.4,None,Not diagnosed,
NCDR0001459,NCP0001118,Srinivas Reddy,M,38,9287278807,Indresham,Patancheru,Sangareddy,2026-01-15,HWC screening,121,90,102,21.6,None,Not diagnosed,
NCDR0001460,NCP0001119,Venkatesh Kumar,M,40,,Rajapur,Balanagar,Mahabubnagar,2026-05-19,Opportunistic screening,175,88,148,20.3,Hypertension,Uncontrolled,2026-07-18
NCDR0001461,NCP0001120,Suresh Reddy,M,71,9469594937,NERMATA,Chandur,Nalgonda,2026-01-27,Community screening,125,87,114,20.4,None,Not diagnosed,
NCDR0001462,NCP0001121,Nveen Reddy,M,30,+91-97026-72061,Gangapur,Jadcherla,Mahabubnagar,2026-01-13,Community screening,188,103,123,30.4,Hypertension,Uncontrolled,2026-02-12
NCDR0001463,NCP0001122,Praween Goud,M,49,9074065227,Donur,Midjil,Mahabubnagar,2025-10-26,Community screening,116,75,190,27.3,Diabetes,Borderline,2025-11-25
NCDR0001464,NCP0001123,Suresh Mallaiah,M,69,9131070236,Zaheerabad,Zaheerabad,Sangareddy,2025-12-04,Community screening,145,78,125,25.1,None,Not diagnosed,
NCDR0001465,NCP0001124,Sreelatha Begum,F,75,+91-92583-43265,Vemula,Midjil,Mahabubnagar,2026-02-16,Community screening,137,79,141,34.3,None,Not diagnosed,
NCDR0001466,NCP0001125,Rajesh Naik,M,41,9128505082,Nakrekal,Nakrekal,Nalgonda,2026-05-05,Community screening,187,86,215,32.9,Hypertension+Diabetes,Controlled,2026-08-03
NCDR0001467,NCP0001126,Ramesh Kumar,M,46,,Mogudampall,Zaheerabad,Sangareddy,2025-10-30,Opportunistic screening,179,88,114,31.6,Hypertension,Uncontrolled,2025-12-29
NCDR0001468,NCP0001127,Anitha Devi,F,25,9940221566,Balanagar,Balanagar,Mahabubnagar,2025-08-16,Opportunistic screening,130,93,276,30.7,Diabetes,Borderline,2025-11-14
NCDR0001469,NCP0001128,Rghav Narsimha,M,65,9522863205,INDRESHAM,Patancheru,Sangareddy,2025-07-07,Opportunistic screening,139,86,296,21.2,Diabetes,Uncontrolled,2025-08-06
NCDR0001470,NCP0001129,Jyothi Yadav,F,18,9947164978,Nakrekal,Nakrekal,Nalgonda,2025-10-16,Community screening,143,87,139,25.0,None,Not diagnosed,
NCDR0001471,NCP0001130,Srinivas Krishna,M,40,9705405623,Narayankhed,Narayankhed,Sangareddy,2026-02-05,Opportunistic screening,147,104,93,23.9,Hypertension,Controlled,2026-05-06
NCDR0001472,NCP0001131,Raghav Rao,M,47,+91-91797-94867,Peddadinne,Devarakonda,Nalgonda,2026-06-16,Community screening,106,89,155,31.9,None,Not diagnosed,
NCDR0001473,NCP0001132,Lakshmi Patel,F,22,9348848408,Mogudampally,Zaheerabad,Sangareddy,2026-04-26,Opportunistic screening,184,106,116,20.3,Hypertension,Borderline,2026-05-26
NCDR0001474,NCP0001132,Lakshmi Patel,F,20,9348868008,Mogudampally,Zaheerabad,Sangareddy,2026-08-03,Community screening,160,87,140,34.2,Hypertension,Controlled,2026-11-01
NCDR0001475,NCP0001133,Kawitha Das,F,76,9516163440,Kummarikunta,Chandur,Nalgonda,2025-07-04,HWC screening,124,76,316,25.5,Diabetes,Uncontrolled,2025-08-03
NCDR0001476,NCP0001133,Kavitha Das,F,75,9516163440,Kummarikunta,Chandur,Nalgonda,2025-08-29,HWC screening,148,80,240,19.8,Diabetes,Controlled,2025-10-28
NCDR0001477,NCP0001134,Bhavani Rao,F,75,9443108569,Patancheru,Patancheru,Sangareddy,2025-09-26,HWC screening,127,96,153,31.2,Diabetes,Controlled,2025-11-25
NCDR0001478,NCP0001135,Naresh Rao,M,62,9613534083,Bhanur,Patancheru,Sangareddy,2026-01-20,HWC screening,177,86,151,20.6,Hypertension,Borderline,2026-02-19
NCDR0001479,NCP0001135,Naresh Rao,M,64,9613534083,Bhanur,Patancheru,Sangareddy,2026-03-12,HWC screening,138,105,109,24.7,Hypertension,Borderline,2026-05-11
NCDR0001480,NCP0001135,Naresh Rao,M,63,9613534083,Bhanur,Patancheru,Sangareddy,2026-05-10,HWC screening,161,104,111,18.9,Hypertension,Borderline,2026-06-09
NCDR0001481,NCP0001136,Praveen Das,M,66,9841444664,BANGARIGADDA,Chandur,Nalgonda,2026-04-07,HWC screening,174,86,117,31.8,Hypertension,Controlled,2026-06-06
NCDR0001482,NCP0001136,Praveen Das,M,66,+91-98414-44664,Bangarigadda,Chandur,Nalgonda,2026-06-30,Opportunistic screening,139,100,94,29.2,Hypertension,Borderline,2026-08-29
NCDR0001483,NCP0001137,Suresh Chary,M,25,9067405668,Badepally,Jadcherla,Mahabubnagar,2025-10-27,HWC screening,162,102,93,29.7,Hypertension,Controlled,2026-01-25
NCDR0001484,NCP0001138,Mounika Krishna,F,77,9368455355,Indresham,Patancheru,Sangareddy,2025-10-19,Community screening,140,85,82,34.0,Hypertension,Uncontrolled,2026-01-17
NCDR0001485,NCP0001138,Mounika Krishna,F,78,9368455355,Indresham,Patancheru,Sangareddy,2026-02-12,Opportunistic screening,183,105,112,30.9,Hypertension,Borderline,2026-03-14
NCDR0001486,NCP0001139,Swathi Goud,F,22,9284187187,Zaheerabad,Zaheerabad,Sangareddy,2026-04-20,Opportunistic screening,149,81,123,32.1,None,Not diagnosed,
NCDR0001487,NCP0001140,Ravi Chary,M,30,9942213981,Narayankhed,Narayankhed,Sangareddy,2026-03-19,Community screening,149,72,247,33.5,Diabetes,Controlled,2026-05-18
NCDR0001488,NCP0001140,Ravi Chary,M,29,9942213981,Narayankhed,Narayankhed,Sangareddy,2026-05-28,Opportunistic screening,129,89,155,33.3,Diabetes,Uncontrolled,2026-07-27
NCDR0001489,NCP0001141,Shobha Patel,F,24,9319414135,Manoor,Narayankhed,Sangareddy,2026-03-18,HWC screening,121,70,216,26.0,Diabetes,Borderline,2026-05-17
NCDR0001490,NCP0001142,Santosh Khan,M,53,+91-96159-12302,Chandur,Chandur,Nalgonda,2025-11-11,Opportunistic screening,149,86,112,32.7,Hypertension,Borderline,2025-12-11
NCDR0001491,NCP0001142,Santosh Khan,M,54,9615912302,Chandur,Chandur,Nalgonda,2026-03-03,Opportunistic screening,177,103,91,19.4,Hypertension,Uncontrolled,2026-05-02
NCDR0001492,NCP0001142,Santosh,M,55,9615912302,Chandur,Chandur,Nalgonda,2026-06-15,HWC screening,171,97,79,27.9,Hypertension,Controlled,2026-07-15
NCDR0001493,NCP0001143,Naresh Kumar,M,43,9540414536,Chandur,Chandur,Nalgonda,2026-04-24,HWC screening,143,81,146,33.0,None,Not diagnosed,
NCDR0001494,NCP0001144,Lalitha,F,64,9405015204,Gundlapalli,Devarakonda,Nalgonda,2026-01-02,Opportunistic screening,148,71,110,31.1,None,Not diagnosed,
NCDR0001495,NCP0001145,Nirmala Reddy,F,89,9243576108,Kalher,Narayankhed,Sangareddy,2026-03-01,Community screening,150,87,316,33.9,Diabetes,Borderline,2026-04-30
NCDR0001496,NCP0001146,Ravi Basha,M,62,9397327139,Mogudampally,Zaheerabad,Sangareddy,2026-02-03,Opportunistic screening,121,93,302,21.9,Diabetes,Uncontrolled,2026-04-04
NCDR0001497,NCP0001147,Swathi Chary,F,18,9365163991,Kondamallepally,Devarakonda,Nalgonda,2026-05-08,Community screening,148,90,98,26.8,None,Not diagnosed,
NCDR0001498,NCP0001148,Santos Devi,M,31,9210592445,Bodajanampet,Balanagar,Mahabubnagar,2025-09-10,Opportunistic screening,149,96,142,29.8,Hypertension,Borderline,2025-12-09
NCDR0001499,NCP0001148,Santosh Devi,M,32,9210592445,Bodajanampet,Balanagar,Mahabubnagar,2026-01-05,HWC screening,161,112,100,18.9,Hypertension,Controlled,2026-02-04
NCDR0001500,NCP0001149,Swathi Jangam,F,25,9309997175,Midji,Midjil,Mahabubnagar,2025-08-25,Community screening,152,92,317,28.6,Hypertension+Diabetes,Controlled,2025-09-24
NCDR0001501,NCP0001150,Rajesh Yadav,M,48,9001776639,Bodajanampe,Balanagar,Mahabubnagar,2026-05-03,Community screening,156,98,146,29.7,Hypertension,Borderline,2026-07-02
NCDR0001502,NCP0001151,Padma Basha,F,49,9662860491,Marrur,Nakrekal,Nalgonda,2025-08-25,Opportunistic screening,131,88,247,31.2,Diabetes,Uncontrolled,2025-09-24
NCDR0001503,NCP0001151,Padma Basha,F,49,9662860491,Marrur,Nakrekal,Nalgonda,2025-12-01,Opportunistic screening,142,81,286,31.3,Diabetes,Uncontrolled,2025-12-31
NCDR0001504,NCP0001152,Ramesh Begum,M,46,9180937355,Kangti,Narayankhed,Sangareddy,2025-12-14,HWC screening,120,84,162,26.6,Diabetes,Controlled,2026-01-13
NCDR0001505,NCP0001152,Ramesh Begum,M,45,9180937355,Kangti,Narayankhed,Sangareddy,2026-01-31,Opportunistic screening,108,74,174,29.7,Diabetes,Controlled,2026-03-02
NCDR0001506,NCP0001153,Suresh Rao,M,43,9266359852,Zaheerabad,Zaheerabad,Sangareddy,2025-09-30,HWC screening,131,70,96,29.6,None,Not diagnosed,
NCDR0001507,NCP0001153,Suresh Rao,M,41,9266359852,Zaheerabad,Zaheerabad,Sangareddy,2025-11-21,Opportunistic screening,128,84,152,19.8,None,Not diagnosed,
NCDR0001508,NCP0001153,Suresh Rao,M,45,9266359852,Zaheerabad,Zaheerabad,Sangareddy,2026-03-19,HWC screening,117,96,121,24.3,None,Not diagnosed,
NCDR0001509,NCP0001154,Srinivas Yadav,M,54,+91-91969-06442,Nermata,Chandur,Nalgonda,2026-02-26,Opportunistic screening,147,93,301,19.1,Diabetes,Controlled,2026-05-27
NCDR0001510,NCP0001155,Naresh Narsimha,M,18,9387993299,Bodajanampet,Balanagar,Mahabubnagar,2026-04-06,Community screening,141,100,296,34.5,Hypertension+Diabetes,Uncontrolled,2026-07-05
NCDR0001511,NCP0001156,Shobh Chary,F,31,+91-95880-47007,Balanaga,Balanagar,Mahabubnagar,2026-05-30,HWC screening,144,84,85,24.9,None,Not diagnosed,
NCDR0001512,NCP0001156,Shobha Chary,F,28,,Balanagar,Balanagar,Mahabubnagar,2026-08-07,Opportunistic screening,121,83,123,21.3,None,Not diagnosed,
NCDR0001513,NCP0001157,Naresh Begum,M,57,9872183605,Bodajanampet,Balanagar,Mahabubnagar,2025-12-17,HWC screening,140,107,140,24.5,Hypertension,Controlled,2026-03-17
NCDR0001514,NCP0001157,Naresh Begum,M,55,,Bodajanampet,Balanagar,Mahabubnagar,2026-04-09,Opportunistic screening,165,107,115,32.5,Hypertension,Borderline,2026-06-08
NCDR0001515,NCP0001158,Saritha Shekar,F,73,9559349913,Mogudampally,Zaheerabad,Sangareddy,2026-04-29,HWC screening,176,103,91,19.1,Hypertension,Controlled,2026-06-28
NCDR0001516,NCP0001159,Sai Reddy,M,64,9813257692,Kummarikunta,Chandur,Nalgonda,2026-04-18,Opportunistic screening,185,112,316,27.8,Hypertension+Diabetes,Controlled,2026-07-17
NCDR0001517,NCP0001159,Sai Reddy,M,66,9813257692,Kummarikunta,Chandur,Nalgonda,2026-07-03,Opportunistic screening,177,111,219,30.1,Hypertension+Diabetes,Borderline,2026-08-02
NCDR0001518,NCP0001160,Ravi Laxman,M,50,+91-98301-77445,Kallepally,Balanagar,Mahabubnagar,2026-04-02,Opportunistic screening,113,86,257,18.7,Diabetes,Borderline,2026-07-01
NCDR0001519,NCP0001160,Ravee Laxman,M,50,9830177445,Kallepally,Balanagar,Mahabubnagar,2026-07-24,Opportunistic screening,113,91,224,23.9,Diabetes,Uncontrolled,2026-08-23
NCDR0001520,NCP0001160,Ravi Laxman,M,50,9830177445,Kallepally,Balanagar,Mahabubnagar,2026-07-13,Opportunistic screening,143,93,196,20.7,Diabetes,Uncontrolled,2026-08-12
NCDR0001521,NCP0001161,Anil Goud,M,67,9479406832,Gangapur,Jadcherla,Mahabubnagar,2025-08-10,HWC screening,130,68,295,19.3,Diabetes,Controlled,2025-09-09
NCDR0001522,NCP0001162,Lakshmi Goud,F,44,9180678308,Mogudampally,Zaheerabad,Sangareddy,2026-02-05,Community screening,174,105,121,23.4,Hypertension,Borderline,2026-05-06
NCDR0001523,NCP0001163,Anjali Rao,F,57,9546918044,Indresham,Patancheru,Sangareddy,2025-12-20,HWC screening,173,116,119,26.9,Hypertension,Borderline,2026-03-20
NCDR0001524,NCP0001164,Anjali Begum,F,48,9248529644,Jharasangam,Zaheerabad,Sangareddy,2026-05-08,HWC screening,168,97,154,26.0,Hypertension,Controlled,2026-08-06
NCDR0001525,NCP0001164,Anjali Begum,F,47,9248529644,Jharasangam,Zaheerabad,Sangareddy,2026-06-28,HWC screening,165,86,160,31.2,Hypertension,Borderline,2026-07-28
NCDR0001526,NCP0001165,Shobha Basha,F,81,9670751243,Donur,Midjil,Mahabubnagar,2026-03-11,Opportunistic screening,141,96,112,27.9,Hypertension,Uncontrolled,2026-04-10
NCDR0001527,NCP0001165,Shobha Basha,F,81,9670751243,Donur,Midjil,Mahabubnagar,2026-04-27,Community screening,177,86,105,18.6,Hypertension,Controlled,2026-05-27
NCDR0001528,NCP0001166,Bhavanee Begum,F,41,9776107648,Bodajanampet,Balanagar,Mahabubnagar,2025-08-13,HWC screening,151,106,213,25.3,Hypertension+Diabetes,Controlled,2025-11-11
NCDR0001529,NCP0001166,Bhavani Begum,F,42,9776107648,Bodajanampet,Balanagar,Mahabubnagar,2025-11-07,HWC screening,177,99,182,22.6,Hypertension+Diabetes,Borderline,2025-12-07
NCDR0001530,NCP0001167,Mahesh Yadav,M,90,9666532345,Badepally,Jadcherla,Mahabubnagar,2026-04-23,Community screening,139,116,184,28.7,Hypertension+Diabetes,Borderline,2026-07-22
NCDR0001531,NCP0001168,Renuka Naik,F,66,,Jharasangam,Zaheerabad,Sangareddy,2026-04-25,Opportunistic screening,126,71,154,31.0,None,Not diagnosed,
NCDR0001532,NCP0001169,Rajesh Yadav,M,75,,KOHIR,Zaheerabad,Sangareddy,2025-12-06,Community screening,187,97,150,28.4,Hypertension,Borderline,2026-01-05
NCDR0001533,NCP0001169,Rajesh Yadav,M,77,9161395206,Kohir,Zaheerabad,Sangareddy,2026-01-29,Opportunistic screening,161,98,91,25.3,Hypertension,Uncontrolled,2026-02-28
NCDR0001534,NCP0001169,Rajes Yadav,M,74,9161395206,Kohir,Zaheerabad,Sangareddy,2026-06-30,Community screening,140,84,162,33.1,Hypertension,Uncontrolled,2026-09-28
NCDR0001535,NCP0001170,Ravi Narsimha,M,31,9033751537,Midjil,Midjil,Mahabubnagar,2026-04-01,Community screening,180,98,97,19.4,Hypertension,Borderline,2026-06-30
NCDR0001536,NCP0001171,Renuka Basha,F,41,9858123054,Kangti,Narayankhed,Sangareddy,2025-12-08,HWC screening,156,92,111,34.2,Hypertension,Controlled,2026-03-08
NCDR0001537,NCP0001171,Renuka Basha,F,41,,Kangti,Narayankhed,Sangareddy,2026-02-22,Community screening,141,84,155,34.3,Hypertension,Borderline,2026-04-23
NCDR0001538,NCP0001172,Renuka Rao,F,34,9004008110,Nakrekal,Nakrekal,Nalgonda,2026-05-10,Opportunistic screening,109,78,237,26.1,Diabetes,Uncontrolled,2026-06-09
NCDR0001539,NCP0001173,Rajesh,M,60,9517097552,Macharam,Jadcherla,Mahabubnagar,2026-04-19,HWC screening,168,114,148,26.7,Hypertension,Borderline,2026-05-19
NCDR0001540,NCP0001174,Divya Reddy,F,39,,Donur,Midjil,Mahabubnagar,2026-03-20,Opportunistic screening,164,110,110,27.0,Hypertension,Borderline,2026-04-19
NCDR0001541,NCP0001175,Naveen Krishna,M,58,9291739540,Narayankhed,Narayankhed,Sangareddy,2026-01-05,HWC screening,154,86,330,24.6,Hypertension+Diabetes,Controlled,2026-02-04
NCDR0001542,NCP0001176,Deepika Devi,F,25,9955353219,Kangti,Narayankhed,Sangareddy,2026-04-20,HWC screening,163,93,139,34.1,Hypertension,Borderline,2026-06-19
NCDR0001543,NCP0001177,Kavitha Krishna,F,45,9609978082,Manoor,Narayankhed,Sangareddy,2025-07-14,HWC screening,142,79,189,23.1,Diabetes,Uncontrolled,2025-09-12
NCDR0001544,NCP0001178,Padma Mudiraj,F,18,9530305523,Bhanur,Patancheru,Sangareddy,2025-09-01,Opportunistic screening,146,86,246,27.4,Diabetes,Uncontrolled,2025-10-01
NCDR0001545,NCP0001179,Praveen Begum,M,66,9662905690,Donur,Midjil,Mahabubnagar,2026-03-18,HWC screening,148,89,107,33.2,None,Not diagnosed,
NCDR0001546,NCP0001180,Naresh Narsimha,M,62,9211337500,Bhanur,Patancheru,Sangareddy,2026-03-07,Opportunistic screening,171,111,228,22.7,Hypertension+Diabetes,Controlled,2026-04-06
NCDR0001547,NCP0001181,Rani sekar,F,43,9689690913,KONDAMALLEPALLY,Devarakonda,Nalgonda,2025-12-26,HWC screening,155,91,122,24.3,Hypertension,Controlled,2026-02-24
NCDR0001548,NCP0001182,Naresh Laxman,M,44,9758778322,Nomula,Nakrekal,Nalgonda,2026-01-26,Opportunistic screening,173,105,85,26.2,Hypertension,Uncontrolled,2026-04-26
NCDR0001549,NCP0001183,Suresh Khan,M,63,9944012818,Vemula,Midjil,Mahabubnagar,2025-09-14,Opportunistic screening,128,89,270,31.4,Diabetes,Controlled,2025-10-14
NCDR0001550,NCP0001184,Naresh Mudiraj,M,52,+91-98257-38604,Indresham,Patancheru,Sangareddy,2025-11-03,Opportunistic screening,115,79,149,25.8,Diabetes,Borderline,2025-12-03
NCDR0001551,NCP0001185,Anil,M,49,9072398106,Midjil,Midjil,Mahabubnagar,2025-10-04,Opportunistic screening,139,110,157,21.2,Hypertension,Controlled,2025-12-03
NCDR0001552,NCP0001185,Anil Rao,M,51,9072398106,Midjil,Midjil,Mahabubnagar,2025-11-18,HWC screening,160,86,162,22.7,Hypertension,Borderline,2025-12-18
NCDR0001553,NCP0001186,Naveen Das,M,55,9052132131,Macharam,Jadcherla,Mahabubnagar,2026-01-14,Community screening,140,76,156,25.9,Diabetes,Uncontrolled,2026-04-14
NCDR0001554,NCP0001187,Deepika Laxman,F,34,9513018310,Patancheru,Patancheru,Sangareddy,2025-07-16,Opportunistic screening,185,107,242,33.6,Hypertension+Diabetes,Borderline,2025-10-14
NCDR0001555,NCP0001188,Renuka Kumar,F,54,9299083718,Mangalapally,Nakrekal,Nalgonda,2026-04-17,Community screening,189,88,123,27.6,Hypertension,Controlled,2026-06-16
NCDR0001556,NCP0001189,wenkatesh Rao,M,42,9453444223,Kohir,Zaheerabad,Sangareddy,2025-10-29,HWC screening,139,108,101,33.9,Hypertension,Uncontrolled,2026-01-27
NCDR0001557,NCP0001189,wenkatesh Rao,M,44,9453444223,Kohir,Zaheerabad,Sangareddy,2026-02-07,Opportunistic screening,178,97,90,19.3,Hypertension,Borderline,2026-04-08
NCDR0001558,NCP0001190,Raghav Kumar,M,44,,Macharam,Jadcherla,Mahabubnagar,2025-12-21,Community screening,113,92,108,19.9,None,Not diagnosed,
NCDR0001559,NCP0001190,Raghav Kumar,M,44,9979344448,Macharam,Jadcherla,Mahabubnagar,2026-02-25,Community screening,115,69,110,25.1,None,Not diagnosed,
NCDR0001560,NCP0001191,Anjali Reddy,F,43,,Kalher,Narayankhed,Sangareddy,2026-05-19,HWC screening,109,69,186,30.4,Diabetes,Controlled,2026-07-18
NCDR0001561,NCP0001192,Praveen Reddy,M,55,9891309375,Bodajanampet,Balanagar,Mahabubnagar,2026-05-07,HWC screening,156,115,151,32.6,Hypertension,Borderline,2026-06-06
NCDR0001562,NCP0001193,Sai Mallaiah,M,40,+91-92531-70989,Nomula,Nakrekal,Nalgonda,2026-05-04,Opportunistic screening,167,105,78,28.4,Hypertension,Uncontrolled,2026-06-03
NCDR0001563,NCP0001194,Shankar Narsimha,M,41,9580824373,Narayankhed,Narayankhed,Sangareddy,2025-08-17,Opportunistic screening,106,88,149,19.2,None,Not diagnosed,
NCDR0001564,NCP0001195,Ravi Krisna,M,79,9771276320,Kalher,Narayankhed,Sangareddy,2026-03-07,HWC screening,160,89,267,31.9,Hypertension+Diabetes,Uncontrolled,2026-05-06
NCDR0001565,NCP0001196,Vinod Narsimha,M,60,9972779853,Polepally,Jadcherla,Mahabubnagar,2026-01-26,HWC screening,148,77,104,19.5,None,Not diagnosed,
NCDR0001566,NCP0001196,Vinod Narsimha,M,60,9972779853,Polepally,Jadcherla,Mahabubnagar,2026-03-24,HWC screening,112,95,163,26.2,None,Not diagnosed,
NCDR0001567,NCP0001197,Harika Rao,F,34,,Zaheerabad,Zaheerabad,Sangareddy,2026-06-11,Opportunistic screening,151,97,149,26.3,Hypertension+Diabetes,Controlled,2026-08-10
NCDR0001568,NCP0001198,Anjali Rao,F,65,9003392391,Donur,Midjil,Mahabubnagar,2025-10-16,Community screening,110,87,208,31.6,Diabetes,Borderline,2025-12-15
NCDR0001569,NCP0001199,Mahesh Yadav,M,50,9899260332,Macharam,Jadcherla,Mahabubnagar,2025-09-09,Community screening,177,103,266,29.0,Hypertension+Diabetes,Uncontrolled,2025-11-08
NCDR0001570,NCP0001199,Mahesh Yadav,M,49,9899260332,Macharam,Jadcherla,Mahabubnagar,2025-12-26,Opportunistic screening,183,97,220,21.2,Hypertension+Diabetes,Controlled,2026-01-25
NCDR0001571,NCP0001199,Mahesh Yadav,M,48,9899260332,Macharam,Jadcherla,Mahabubnagar,2026-04-25,Opportunistic screening,165,93,189,29.3,Hypertension+Diabetes,Controlled,2026-07-24
NCDR0001572,NCP0001200,Vinod Kumar,M,66,9750359927,Indresham,Patancheru,Sangareddy,2025-12-27,HWC screening,114,92,85,20.3,None,Not diagnosed,
NCDR0001573,NCP0001201,Lalitha Mallaiah,F,46,9639666222,Indresham,Patancheru,Sangareddy,2026-01-29,Community screening,156,85,130,20.8,Hypertension,Controlled,2026-02-28
NCDR0001574,NCP0001202,Raju Naik,M,53,9410839214,Kalher,Narayankhed,Sangareddy,2025-07-31,HWC screening,155,94,244,20.1,Hypertension+Diabetes,Controlled,2025-08-30
NCDR0001575,NCP0001202,Rju Naik,M,53,9410839214,Kalher,Narayankhed,Sangareddy,2025-11-10,HWC screening,189,116,318,25.2,Hypertension+Diabetes,Controlled,2026-02-08
NCDR0001576,NCP0001203,Srilatha Begum,F,47,9152900091,DONUR,Midjil,Mahabubnagar,2026-05-12,Community screening,113,77,215,27.5,Diabetes,Borderline,2026-06-11
NCDR0001577,NCP0001203,Srilatha Begum,F,46,9152900091,Donur,Midjil,Mahabubnagar,2026-06-29,HWC screening,128,92,239,23.0,Diabetes,Controlled,2026-08-28
NCDR0001578,NCP0001204,Kavitha Jangam,F,60,9133168513,Kondamallepally,Devarakonda,Nalgonda,2026-04-26,Opportunistic screening,163,109,301,20.8,Hypertension+Diabetes,Controlled,2026-07-25
NCDR0001579,NCP0001205,Praveen Patel,M,28,9456902653,Kohir,Zaheerabad,Sangareddy,2026-01-25,Community screening,129,70,160,21.5,None,Not diagnosed,
NCDR0001580,NCP0001205,Prveen Patel,M,26,9456902653,Kohir,Zaheerabad,Sangareddy,2026-04-11,Community screening,124,84,121,32.6,None,Not diagnosed,
NCDR0001581,NCP0001206,Srilatha Laxman,F,38,9654432680,Devarakonda,Devarakonda,Nalgonda,2025-10-20,Opportunistic screening,161,112,236,29.6,Hypertension+Diabetes,Uncontrolled,2026-01-18
NCDR0001582,NCP0001207,Anitha Narsimha,F,51,9040247420,Balanagar,Balanagar,Mahabubnagar,2025-11-19,Opportunistic screening,114,94,185,32.7,Diabetes,Borderline,2026-01-18
NCDR0001583,NCP0001208,Swathi Shekar,F,25,+91-98481-43330,NOMULA,Nakrekal,Nalgonda,2026-06-04,Opportunistic screening,128,73,149,27.6,Diabetes,Borderline,2026-07-04
NCDR0001584,NCP0001209,Shankar Laxman,M,74,9407511725,Mogudampally,Zaheerabad,Sangareddy,2026-05-26,HWC screening,133,72,185,28.9,Diabetes,Controlled,2026-08-24
NCDR0001585,NCP0001210,Srilata Narsimha,F,35,9610056474,PATANCHERU,Patancheru,Sangareddy,2026-05-20,Community screening,111,81,262,22.6,Diabetes,Controlled,2026-08-18
NCDR0001586,NCP0001211,Shobha Mudiraj,F,23,+91-97935-02995,Badepally,Jadcherla,Mahabubnagar,2026-04-15,HWC screening,118,83,193,30.0,Diabetes,Controlled,2026-06-14
NCDR0001587,NCP0001212,Swathi Kumar,F,44,,Zaheerabad,Zaheerabad,Sangareddy,2025-09-12,Community screening,145,87,85,27.1,Hypertension,Borderline,2025-12-11
NCDR0001588,NCP0001213,Srilatha Laxman,F,54,9400058453,Nomula,Nakrekal,Nalgonda,2026-05-03,Community screening,181,112,291,23.8,Hypertension+Diabetes,Controlled,2026-06-02
NCDR0001589,NCP0001213,Srilatha Laxman,F,55,9400058453,Nomula,Nakrekal,Nalgonda,2026-07-02,HWC screening,187,104,149,33.5,Hypertension+Diabetes,Uncontrolled,2026-09-30
NCDR0001590,NCP0001214,Mahesh,M,84,9407144913,Ameenpur,Patancheru,Sangareddy,2025-07-18,Community screening,142,84,143,19.9,None,Not diagnosed,
NCDR0001591,NCP0001215,Swati Rao,F,35,9271695497,Gangapur,Jadcherla,Mahabubnagar,2025-12-10,Community screening,107,69,205,30.6,Diabetes,Borderline,2026-03-10
NCDR0001592,NCP0001216,Saritha Das,F,71,9602949242,MANOOR,Narayankhed,Sangareddy,2025-08-29,Community screening,189,108,162,19.0,Hypertension,Borderline,2025-11-27
NCDR0001593,NCP0001216,Saritha Das,F,71,+91-96029-49242,MANOOR,Narayankhed,Sangareddy,2025-11-17,Opportunistic screening,181,101,102,22.0,Hypertension,Uncontrolled,2026-02-15
NCDR0001594,NCP0001217,Swathi Naik,F,55,9686932604,Kohir,Zaheerabad,Sangareddy,2026-05-09,Community screening,142,89,165,19.9,Hypertension,Controlled,2026-07-08
NCDR0001595,NCP0001218,Raghav Basha,M,40,9572779547,Velpula,Midjil,Mahabubnagar,2025-12-25,Opportunistic screening,134,90,262,32.1,Diabetes,Controlled,2026-01-24
NCDR0001596,NCP0001218,Raghav Basha,M,40,9572779547,Velpula,Midjil,Mahabubnagar,2026-04-24,HWC screening,139,92,155,27.9,Diabetes,Controlled,2026-07-23
NCDR0001597,NCP0001219,Ramesh Jangam,M,48,9187225722,Narayankhed,Narayankhed,Sangareddy,2025-08-10,Opportunistic screening,129,69,319,21.1,Diabetes,Borderline,2025-10-09
NCDR0001598,NCP0001220,Padma Chary,F,59,,Peddadinn,Devarakonda,Nalgonda,2025-11-03,HWC screening,144,82,115,23.9,None,Not diagnosed,
NCDR0001599,NCP0001221,Lakshmee Khan,F,55,9737108022,Kallepally,Balanagar,Mahabubnagar,2025-08-31,Opportunistic screening,111,75,211,30.2,Diabetes,Borderline,2025-11-29
NCDR0001600,NCP0001222,Raghav Laxman,M,49,9959345618,Indresham,Patancheru,Sangareddy,2025-07-07,Community screening,157,98,186,19.1,Hypertension+Diabetes,Controlled,2025-08-06
NCDR0001601,NCP0001222,Raghav Laxman,M,49,9959345618,Indresham,Patancheru,Sangareddy,2025-09-06,Opportunistic screening,174,91,209,24.1,Hypertension+Diabetes,Borderline,2025-12-05
NCDR0001602,NCP0001222,Raghav Laxman,M,49,9959345618,Indresham,Patancheru,Sangareddy,2026-01-21,HWC screening,178,109,203,22.1,Hypertension+Diabetes,Borderline,2026-03-22
NCDR0001603,NCP0001223,Jyothi Goud,F,35,+91-97524-57299,Bhanur,Patancheru,Sangareddy,2025-09-12,HWC screening,112,85,116,27.8,None,Not diagnosed,
NCDR0001604,NCP0001224,Harika Das,F,21,9065394507,Jharasangam,Zaheerabad,Sangareddy,2025-08-01,Opportunistic screening,139,92,117,25.6,Hypertension,Uncontrolled,2025-09-30
NCDR0001605,NCP0001225,Saritha Goud,F,59,9213173649,Polepalli,Jadcherla,Mahabubnagar,2026-04-02,HWC screening,164,108,243,28.9,Hypertension+Diabetes,Borderline,2026-07-01
NCDR0001606,NCP0001225,Saritha Goud,F,58,9213173649,Polepally,Jadcherla,Mahabubnagar,2026-07-11,Community screening,139,113,201,25.8,Hypertension+Diabetes,Controlled,2026-09-09
NCDR0001607,NCP0001226,Saritha Chary,F,18,,Nermat,Chandur,Nalgonda,2026-05-01,Community screening,166,87,114,25.2,Hypertension,Borderline,2026-05-31
NCDR0001608,NCP0001227,Anjali Yadav,F,54,9952717659,Chandur,Chandur,Nalgonda,2025-09-22,Community screening,123,84,270,23.7,Diabetes,Uncontrolled,2025-10-22
NCDR0001609,NCP0001228,Vinod Basha,M,43,9410452274,Gundlapally,Devarakonda,Nalgonda,2025-11-22,HWC screening,180,109,153,22.8,Hypertension,Controlled,2025-12-22
NCDR0001610,NCP0001229,Mahes Rao,M,67,9832656713,Bhanur,Patancheru,Sangareddy,2026-05-30,Community screening,151,100,134,22.1,Hypertension,Controlled,2026-08-28
NCDR0001611,NCP0001230,Srilatha Rao,F,30,9412508794,Narayankhed,Narayankhed,Sangareddy,2025-12-19,HWC screening,157,88,286,32.1,Hypertension+Diabetes,Controlled,2026-02-17
NCDR0001612,NCP0001230,Srilatha Rao,F,30,9412508794,Narayankhed,Narayankhed,Sangareddy,2026-04-12,HWC screening,152,89,290,23.8,Hypertension+Diabetes,Controlled,2026-06-11
NCDR0001613,NCP0001231,Srilatha Khan,F,56,9850488108,Kangti,Narayankhed,Sangareddy,2026-02-04,Opportunistic screening,141,113,86,32.6,Hypertension,Borderline,2026-04-05
NCDR0001614,NCP0001232,Nirmala Krishna,F,41,,Rajapur,Balanagar,Mahabubnagar,2026-02-15,Opportunistic screening,131,82,167,23.9,Diabetes,Uncontrolled,2026-04-16
NCDR0001615,NCP0001233,Sai Chary,M,25,9411794633,Balanagar,Balanagar,Mahabubnagar,2026-05-20,Community screening,139,75,191,31.3,Diabetes,Borderline,2026-07-19
NCDR0001616,NCP0001234,Renuka Naik,F,37,+91-99311-75755,Marrur,Nakrekal,Nalgonda,2025-11-24,Opportunistic screening,154,111,159,28.6,Hypertension,Uncontrolled,2026-01-23
NCDR0001617,NCP0001234,Renuka Naik,F,37,9931175755,Marrur,Nakrekal,Nalgonda,2026-03-19,HWC screening,176,115,146,30.3,Hypertension,Uncontrolled,2026-04-18
NCDR0001618,NCP0001235,Anjali Jangam,F,83,9035413259,Kondamallepally,Devarakonda,Nalgonda,2025-10-08,Opportunistic screening,116,80,330,32.3,Diabetes,Uncontrolled,2025-12-07
NCDR0001619,NCP0001236,Deepika Goud,F,51,9184933758,Kallepally,Balanagar,Mahabubnagar,2026-01-27,HWC screening,124,94,208,31.2,Diabetes,Uncontrolled,2026-04-27
NCDR0001620,NCP0001237,Shobha,F,53,9581518910,Nakrekal,Nakrekal,Nalgonda,2026-03-09,Community screening,145,102,137,25.6,Hypertension,Borderline,2026-06-07
NCDR0001621,NCP0001238,Venkatesh Mudeeraj,M,42,9437075587,Bodajanampet,Balanagar,Mahabubnagar,2025-10-25,Community screening,115,88,144,22.0,None,Not diagnosed,
NCDR0001622,NCP0001239,Raju Basha,M,78,9182746543,Kallepally,Balanagar,Mahabubnagar,2026-01-24,Opportunistic screening,147,113,257,34.3,Hypertension+Diabetes,Uncontrolled,2026-02-23
NCDR0001623,NCP0001240,Mounika Yadav,F,38,9338910461,Mogudampally,Zaheerabad,Sangareddy,2025-12-21,Opportunistic screening,139,76,146,22.9,None,Not diagnosed,
NCDR0001624,NCP0001240,Mounika Yadav,F,37,9338910461,Mogudampalli,Zaheerabad,Sangareddy,2026-02-12,HWC screening,128,69,93,23.0,None,Not diagnosed,
NCDR0001625,NCP0001241,nil Naik,M,56,9247234009,PEDDADINNE,Devarakonda,Nalgonda,2026-06-08,Opportunistic screening,187,113,127,28.5,Hypertension,Controlled,2026-09-06
NCDR0001626,NCP0001242,Shankar Khan,M,49,9217113793,Balanagar,Balanagar,Mahabubnagar,2026-04-08,HWC screening,185,89,83,20.5,Hypertension,Uncontrolled,2026-05-08
NCDR0001627,NCP0001242,Shankar Khan,M,49,9217113793,Balanagar,Balanagar,Mahabubnagar,2026-07-29,Opportunistic screening,146,95,137,30.0,Hypertension,Controlled,2026-08-28
NCDR0001628,NCP0001243,Srilatha Narsimha,F,42,9218321004,Kangti,Narayankhed,Sangareddy,2026-01-02,HWC screening,142,107,282,30.5,Hypertension+Diabetes,Uncontrolled,2026-03-03
NCDR0001629,NCP0001244,Mounika Reddy,F,54,9686573540,Indresham,Patancheru,Sangareddy,2026-03-25,Opportunistic screening,163,114,152,28.6,Hypertension,Controlled,2026-04-24
NCDR0001630,NCP0001245,Naveen Chary,M,48,9247348749,Kohir,Zaheerabad,Sangareddy,2025-09-16,HWC screening,148,68,89,29.9,None,Not diagnosed,
NCDR0001631,NCP0001246,Pdma Begum,F,42,9181077713,Mogudampally,Zaheerabad,Sangareddy,2026-05-19,Community screening,154,115,151,29.9,Hypertension+Diabetes,Controlled,2026-08-17
NCDR0001632,NCP0001247,Rajesh Begum,M,87,9443267304,Gundlapally,Devarakonda,Nalgonda,2025-10-02,Opportunistic screening,131,72,99,29.4,None,Not diagnosed,
NCDR0001633,NCP0001247,Rajesh Begum,M,89,9443267304,GUNDLAPALLY,Devarakonda,Nalgonda,2025-11-25,Opportunistic screening,146,85,104,31.7,None,Not diagnosed,
NCDR0001634,NCP0001248,Renuka Reddy,F,52,9522928187,Polepally,Jadcherla,Mahabubnagar,2025-07-29,Opportunistic screening,140,114,304,26.0,Hypertension+Diabetes,Controlled,2025-09-27
NCDR0001635,NCP0001249,Shankar Reddy,M,29,9047149193,Kummarikunta,Chandur,Nalgonda,2026-01-19,HWC screening,128,80,189,32.0,Diabetes,Controlled,2026-03-20
NCDR0001636,NCP0001250,Swathi Das,F,45,+91-94823-04627,Nermata,Chandur,Nalgonda,2026-02-13,HWC screening,141,91,106,19.6,None,Not diagnosed,
NCDR0001637,NCP0001251,Vinod Shekr,M,43,9300318449,Kohir,Zaheerabad,Sangareddy,2026-05-26,Opportunistic screening,175,90,109,19.8,Hypertension,Borderline,2026-07-25
NCDR0001638,NCP0001252,Raju Jangam,M,53,9327805163,MANGALAPALLY,Nakrekal,Nalgonda,2026-01-25,Community screening,170,100,196,25.0,Hypertension+Diabetes,Borderline,2026-02-24
NCDR0001639,NCP0001252,Raju Jangam,M,54,9327505163,Mangalapally,Nakrekal,Nalgonda,2026-04-26,Opportunistic screening,140,92,196,26.0,Hypertension+Diabetes,Uncontrolled,2026-05-26
NCDR0001640,NCP0001253,Jyothi Patel,F,55,9713684234,Chandur,Chandur,Nalgonda,2025-10-02,Community screening,138,89,153,25.7,Hypertension+Diabetes,Uncontrolled,2025-12-31
NCDR0001641,NCP0001254,Srinivas Das,M,30,9206231301,Rajapur,Balanagar,Mahabubnagar,2026-02-15,Opportunistic screening,151,108,83,32.6,Hypertension,Controlled,2026-05-16
NCDR0001642,NCP0001255,Anitha Mallaiah,F,53,9140697979,Zaheerabad,Zaheerabad,Sangareddy,2025-07-07,Opportunistic screening,179,89,101,23.4,Hypertension,Uncontrolled,2025-08-06
NCDR0001643,NCP0001256,Padma Shekar,F,48,9110410815,Mogudampalli,Zaheerabad,Sangareddy,2025-07-15,Community screening,162,91,281,19.3,Hypertension+Diabetes,Borderline,2025-10-13
NCDR0001644,NCP0001257,Anil Narsimha,M,45,9872491476,Bodajanampet,Balanagar,Mahabubnagar,2025-07-04,HWC screening,156,110,106,19.0,Hypertension,Borderline,2025-10-02
NCDR0001645,NCP0001258,Arun Shekar,M,50,9798230026,Devarakonda,Devarakonda,Nalgonda,2025-08-05,Community screening,123,87,108,26.6,None,Not diagnosed,
NCDR0001646,NCP0001259,Jyothi Krishna,F,40,9079760007,Narayankhed,Narayankhed,Sangareddy,2026-02-05,Community screening,163,116,184,31.3,Hypertension+Diabetes,Controlled,2026-03-07
NCDR0001647,NCP0001259,Jyothi Krishna,F,38,9079760007,Narayankhed,Narayankhed,Sangareddy,2026-05-26,HWC screening,166,90,330,30.9,Hypertension+Diabetes,Controlled,2026-07-25
NCDR0001648,NCP0001260,Venktesh Khan,M,89,9802598768,Velpula,Midjil,Mahabubnagar,2025-12-23,Community screening,128,81,137,29.4,None,Not diagnosed,
NCDR0001649,NCP0001261,Mahesh Chary,M,60,9487551763,Jharasangam,Zaheerabad,Sangareddy,2026-05-21,Opportunistic screening,160,116,157,26.1,Hypertension,Controlled,2026-06-20
NCDR0001650,NCP0001262,Sushma Das,F,56,9304206100,Donur,Midjil,Mahabubnagar,2026-02-13,Community screening,174,100,313,29.9,Hypertension+Diabetes,Uncontrolled,2026-05-14
NCDR0001651,NCP0001263,Ravi Naik,M,65,9773401752,Gundlapalli,Devarakonda,Nalgonda,2026-03-17,Community screening,145,96,105,33.1,None,Not diagnosed,
NCDR0001652,NCP0001264,Swathi Jangam,F,44,+91-93794-09894,Mangalapally,Nakrekal,Nalgonda,2026-04-15,Community screening,153,110,249,28.4,Hypertension+Diabetes,Uncontrolled,2026-07-14
NCDR0001653,NCP0001265,Suresh Patel,M,69,+91-92742-84774,Ameenpur,Patancheru,Sangareddy,2025-12-03,Community screening,148,92,133,29.6,None,Not diagnosed,
NCDR0001654,NCP0001265,Suresh Patel,M,69,9274284774,Ameenpur,Patancheru,Sangareddy,2026-01-26,Opportunistic screening,114,76,87,26.4,None,Not diagnosed,
NCDR0001655,NCP0001265,Suresh,M,67,9274284774,Ameenpur,Patancheru,Sangareddy,2026-06-05,Opportunistic screening,141,81,80,32.5,None,Not diagnosed,
NCDR0001656,NCP0001266,Mounika Patel,F,18,+91-94066-62533,Narayankhed,Narayankhed,Sangareddy,2025-12-09,HWC screening,175,102,316,25.4,Hypertension+Diabetes,Borderline,2026-03-09
NCDR0001657,NCP0001267,Kavitha Krishna,F,57,+91-93376-04164,Mogudampally,Zaheerabad,Sangareddy,2026-02-14,Opportunistic screening,151,111,308,19.9,Hypertension+Diabetes,Uncontrolled,2026-04-15
NCDR0001658,NCP0001268,Shankar Rao,M,58,+91-90128-98009,Manoor,Narayankhed,Sangareddy,2025-09-23,HWC screening,132,94,207,20.4,Diabetes,Controlled,2025-12-22
NCDR0001659,NCP0001269,Santosh Chary,M,50,9815615393,Kondamallepall,Devarakonda,Nalgonda,2026-05-04,Opportunistic screening,141,89,144,33.8,None,Not diagnosed,
NCDR0001660,NCP0001270,Naveen Shekar,M,72,9347863333,Midjil,Midjil,Mahabubnagar,2025-11-05,Community screening,140,100,102,28.5,Hypertension,Controlled,2026-01-04
NCDR0001661,NCP0001270,Naveen Shekar,M,73,9647863333,Midjil,Midjil,Mahabubnagar,2026-01-23,Community screening,185,116,128,34.3,Hypertension,Borderline,2026-04-23
NCDR0001662,NCP0001271,Raghav,M,57,9877985638,Marrur,Nakrekal,Nalgonda,2025-09-25,HWC screening,182,92,302,29.6,Hypertension+Diabetes,Uncontrolled,2025-12-24
NCDR0001663,NCP0001272,Santosh Patel,M,72,9209964860,Bodajanampet,Balanagar,Mahabubnagar,2025-08-18,HWC screening,140,113,133,31.2,Hypertension,Controlled,2025-10-17
NCDR0001664,NCP0001272,Santosh Patel,M,71,9209964860,Bodajanampet,Balanagar,Mahabubnagar,2025-10-19,Community screening,190,84,113,18.9,Hypertension,Borderline,2025-11-18
NCDR0001665,NCP0001273,Raju Patel,M,32,9716076503,Devarakonda,Devarakonda,Nalgonda,2025-08-06,Opportunistic screening,159,116,122,28.9,Hypertension,Controlled,2025-09-05
NCDR0001666,NCP0001273,Raju Patel,M,35,+91-97160-76503,Devarakonda,Devarakonda,Nalgonda,2025-11-01,Opportunistic screening,164,94,158,31.1,Hypertension,Controlled,2025-12-31
NCDR0001667,NCP0001274,Suresh Mallaiah,M,26,9330225019,Bodajanampet,Balanagar,Mahabubnagar,2026-03-29,Opportunistic screening,105,87,101,21.9,None,Not diagnosed,
NCDR0001668,NCP0001275,Anjali Mallaiah,F,52,+91-93272-57570,Kondamallepall,Devarakonda,Nalgonda,2026-06-15,Opportunistic screening,148,108,78,32.3,Hypertension,Uncontrolled,2026-08-14
NCDR0001669,NCP0001276,Nirmala Krishna,F,43,9322532179,Polepally,Jadcherla,Mahabubnagar,2026-04-06,Opportunistic screening,186,85,150,24.0,Hypertension,Borderline,2026-07-05
NCDR0001670,NCP0001277,Rani Narsimha,F,45,+91-99014-17426,MANOOR,Narayankhed,Sangareddy,2026-05-25,Community screening,168,114,285,34.2,Hypertension+Diabetes,Borderline,2026-08-23
NCDR0001671,NCP0001278,Jyothi Nrsimha,F,41,,Indresham,Patancheru,Sangareddy,2025-09-11,Community screening,144,72,228,22.1,Diabetes,Controlled,2025-10-11
NCDR0001672,NCP0001278,Jyothi Narsimha,F,40,9425029065,Indresham,Patancheru,Sangareddy,2025-12-06,Opportunistic screening,105,88,249,29.0,Diabetes,Borderline,2026-02-04
NCDR0001673,NCP0001279,Mohan Mudiraj,M,60,,Kangti,Narayankhed,Sangareddy,2025-07-12,HWC screening,166,95,132,32.2,Hypertension,Borderline,2025-09-10
NCDR0001674,NCP0001280,Pdma Mudiraj,F,59,9033441239,Kondamallepally,Devarakonda,Nalgonda,2026-03-10,Community screening,121,80,86,22.1,None,Not diagnosed,
NCDR0001675,NCP0001281,Raghav Devi,M,32,9228437024,KOHIR,Zaheerabad,Sangareddy,2025-07-07,Community screening,177,109,87,23.8,Hypertension,Borderline,2025-08-06
NCDR0001676,NCP0001282,Naveen Patel,M,67,9998187523,Midjil,Midjil,Mahabubnagar,2026-01-03,Opportunistic screening,157,96,153,29.3,Hypertension,Controlled,2026-04-03
NCDR0001677,NCP0001283,Mounika Patel,F,57,,Jharasangam,Zaheerabad,Sangareddy,2026-01-09,HWC screening,144,103,104,32.4,Hypertension,Controlled,2026-03-10
NCDR0001678,NCP0001284,Kiran Jangam,M,54,9764073784,Narayankhed,Narayankhed,Sangareddy,2025-12-12,HWC screening,130,74,150,22.2,None,Not diagnosed,
NCDR0001679,NCP0001285,Anjali Jangam,F,58,9233196840,Bangarigadda,Chandur,Nalgonda,2025-11-13,Community screening,148,85,156,24.6,None,Not diagnosed,
NCDR0001680,NCP0001285,Anjali Jangam,F,56,9233196840,Bangarigadda,Chandur,Nalgonda,2026-02-24,HWC screening,140,71,95,21.4,None,Not diagnosed,
NCDR0001681,NCP0001286,Bhavani Patel,F,62,9268161247,Bhanur,Patancheru,Sangareddy,2026-03-11,Community screening,175,97,147,34.1,Hypertension,Controlled,2026-06-09
NCDR0001682,NCP0001287,Divya Devi,F,53,9852126279,Donur,Midjil,Mahabubnagar,2025-10-17,Community screening,184,104,165,20.2,Hypertension,Controlled,2026-01-15
NCDR0001683,NCP0001288,Rani Rao,F,42,9373521931,NAKREKAL,Nakrekal,Nalgonda,2026-05-16,Community screening,143,98,166,27.6,Hypertension+Diabetes,Borderline,2026-08-14
NCDR0001684,NCP0001289,Santosh Begum,M,52,9577290526,Manoor,Narayankhed,Sangareddy,2025-08-17,Community screening,132,92,132,21.1,None,Not diagnosed,
NCDR0001685,NCP0001290,Padma Jangam,F,59,9293472338,Gundlapally,Devarakonda,Nalgonda,2026-03-22,Community screening,139,68,163,23.9,Diabetes,Uncontrolled,2026-06-20
NCDR0001686,NCP0001291,Lakshmee Narsimha,F,71,+91-99176-31072,Zaheerabad,Zaheerabad,Sangareddy,2025-09-14,Opportunistic screening,181,114,165,26.9,Hypertension,Controlled,2025-10-14
NCDR0001687,NCP0001292,Jyothee Chary,F,30,9792573831,Jharasangam,Zaheerabad,Sangareddy,2026-06-06,Community screening,161,104,127,34.0,Hypertension,Uncontrolled,2026-08-05
NCDR0001688,NCP0001293,Ravi Mudiraj,M,45,,Mogudampally,Zaheerabad,Sangareddy,2025-10-18,Community screening,119,85,314,33.3,Diabetes,Borderline,2025-11-17
NCDR0001689,NCP0001294,Rajesh Mallaiah,M,19,9909879793,Balanagar,Balanagar,Mahabubnagar,2025-07-14,HWC screening,131,82,226,31.2,Diabetes,Uncontrolled,2025-10-12
NCDR0001690,NCP0001295,Deepeeka Jangam,F,34,9665133916,Bodajanampet,Balanagar,Mahabubnagar,2025-12-16,HWC screening,141,107,110,27.0,Hypertension,Uncontrolled,2026-02-14
NCDR0001691,NCP0001296,Shankar Das,M,44,9103346012,Gundlapally,Devarakonda,Nalgonda,2025-10-10,Opportunistic screening,173,84,132,24.9,Hypertension,Controlled,2026-01-08
NCDR0001692,NCP0001297,Sushma Yadav,F,55,9113494404,RAJAPUR,Balanagar,Mahabubnagar,2026-05-24,HWC screening,139,96,114,22.8,Hypertension,Uncontrolled,2026-06-23
NCDR0001693,NCP0001298,Harika Chary,F,52,,Kummarikunta,Chandur,Nalgonda,2025-12-09,HWC screening,156,111,106,26.9,Hypertension,Controlled,2026-03-09
NCDR0001694,NCP0001299,Rani Laxman,F,66,9472416875,Kallepally,Balanagar,Mahabubnagar,2025-09-16,Opportunistic screening,172,115,114,24.1,Hypertension,Uncontrolled,2025-11-15
NCDR0001695,NCP0001300,Lakshmi Khan,F,74,+91-99185-61063,Macharam,Jadcherla,Mahabubnagar,2025-07-25,HWC screening,133,86,154,33.9,None,Not diagnosed,
NCDR0001696,NCP0001301,Mahesh Goud,M,29,9890945942,Ameenpur,Patancheru,Sangareddy,2026-03-23,Community screening,179,110,283,26.6,Hypertension+Diabetes,Borderline,2026-06-21
NCDR0001697,NCP0001301,Mahesh Goud,M,31,9890945962,AMEENPUR,Patancheru,Sangareddy,2026-05-10,Opportunistic screening,160,95,233,21.0,Hypertension+Diabetes,Controlled,2026-07-09
NCDR0001698,NCP0001302,Raju Khan,M,18,9296041174,DONUR,Midjil,Mahabubnagar,2026-04-02,Opportunistic screening,169,89,116,20.5,Hypertension,Controlled,2026-07-01
NCDR0001699,NCP0001302,Raju Khan,M,18,9276041174,Donur,Midjil,Mahabubnagar,2026-05-18,Community screening,176,102,119,26.7,Hypertension,Uncontrolled,2026-08-16
NCDR0001700,NCP0001303,Naresh Kumar,M,52,9327840926,Devarakonda,Devarakonda,Nalgonda,2025-10-25,HWC screening,141,87,170,28.2,Diabetes,Borderline,2026-01-23
NCDR0001701,NCP0001303,Naresh Kumar,M,52,9327840926,Devarakonda,Devarakonda,Nalgonda,2026-02-09,HWC screening,121,74,223,26.7,Diabetes,Controlled,2026-05-10
NCDR0001702,NCP0001304,Anitha Narsimha,F,71,+91-99353-58729,Devarakonda,Devarakonda,Nalgonda,2026-04-20,Opportunistic screening,181,88,235,22.0,Hypertension+Diabetes,Controlled,2026-07-19
NCDR0001703,NCP0001305,Santosh Mudiraj,M,73,,Macharam,Jadcherla,Mahabubnagar,2026-04-03,HWC screening,182,115,82,32.1,Hypertension,Controlled,2026-07-02
NCDR0001704,NCP0001306,Divya Krishna,F,88,+91-94957-82619,Bodajanampet,Balanagar,Mahabubnagar,2025-11-14,HWC screening,112,95,156,23.8,None,Not diagnosed,
NCDR0001705,NCP0001307,Jyothi Ds,F,64,,Kohir,Zaheerabad,Sangareddy,2026-03-22,HWC screening,120,85,96,20.1,None,Not diagnosed,
NCDR0001706,NCP0001308,Shobha Naik,F,64,9060976223,Balanagar,Balanagar,Mahabubnagar,2026-05-28,HWC screening,110,75,296,28.6,Diabetes,Uncontrolled,2026-08-26
NCDR0001707,NCP0001309,Anitha Jangam,F,86,,Vemula,Midjil,Mahabubnagar,2025-11-04,Community screening,139,83,100,26.4,None,Not diagnosed,
NCDR0001708,NCP0001310,Raghav Rao,M,44,9386376361,Gundlapally,Devarakonda,Nalgonda,2026-04-12,Community screening,114,78,320,20.5,Diabetes,Uncontrolled,2026-06-11
NCDR0001709,NCP0001311,Anil Patel,M,42,9485954345,Nakrekal,Nakrekal,Nalgonda,2025-12-08,Opportunistic screening,141,89,114,23.7,Hypertension,Controlled,2026-01-07
NCDR0001710,NCP0001312,Sai Shekar,M,33,9497196119,Kallepally,Balanagar,Mahabubnagar,2025-08-25,HWC screening,116,68,271,23.5,Diabetes,Controlled,2025-10-24
NCDR0001711,NCP0001313,Bhavani Krishna,F,59,9629089232,GANGAPUR,Jadcherla,Mahabubnagar,2025-07-28,Opportunistic screening,114,76,149,31.5,None,Not diagnosed,
NCDR0001712,NCP0001314,Suresh Mallaiah,M,52,9975203640,Peddadinne,Devarakonda,Nalgonda,2025-11-13,Community screening,142,99,182,28.5,Hypertension+Diabetes,Borderline,2025-12-13
NCDR0001713,NCP0001315,Nirmala Patel,F,44,9465679056,Rajapur,Balanagar,Mahabubnagar,2026-06-12,Community screening,105,74,118,31.5,None,Not diagnosed,
NCDR0001714,NCP0001316,Anil Reddy,M,59,9508499051,Kangti,Narayankhed,Sangareddy,2025-08-24,Opportunistic screening,148,69,153,27.0,None,Not diagnosed,
NCDR0001715,NCP0001317,Sushma Narsimha,F,43,9473028124,Velpula,Midjil,Mahabubnagar,2026-05-05,Community screening,166,105,111,24.3,Hypertension,Controlled,2026-07-04
NCDR0001716,NCP0001318,Navin Krishna,M,70,,Gangapur,Jadcherla,Mahabubnagar,2025-09-26,HWC screening,152,101,144,23.8,Hypertension,Controlled,2025-11-25
NCDR0001717,NCP0001318,Naveen Krishna,M,68,9397044695,Gangapur,Jadcherla,Mahabubnagar,2025-12-19,Community screening,153,89,134,24.2,Hypertension,Uncontrolled,2026-02-17
NCDR0001718,NCP0001319,Jyothi Jangam,F,40,9423223038,Mangalapally,Nakrekal,Nalgonda,2026-02-27,Community screening,156,103,79,32.0,Hypertension,Controlled,2026-05-28
NCDR0001719,NCP0001319,Jyothi Jangam,F,40,9423223038,Mangalapally,Nakrekal,Nalgonda,2026-05-29,HWC screening,179,84,80,27.1,Hypertension,Borderline,2026-06-28
NCDR0001720,NCP0001320,Arun Mallaiah,M,26,9348370872,Chandur,Chandur,Nalgonda,2026-02-09,HWC screening,167,85,282,25.2,Hypertension+Diabetes,Uncontrolled,2026-05-10
NCDR0001721,NCP0001321,Sai Mallaiah,M,47,+91-99853-21111,Kalher,Narayankhed,Sangareddy,2025-08-07,HWC screening,153,84,92,23.4,Hypertension,Controlled,2025-11-05
NCDR0001722,NCP0001322,Swathi Laxman,F,48,9295043572,Kalher,Narayankhed,Sangareddy,2025-07-08,HWC screening,106,95,158,30.9,None,Not diagnosed,
NCDR0001723,NCP0001322,Swathi Laxman,F,46,9195043572,Kalher,Narayankhed,Sangareddy,2025-10-14,Community screening,115,86,165,27.6,None,Not diagnosed,
NCDR0001724,NCP0001323,Bhavani Patel,F,54,9188339364,Balanaga,Balanagar,Mahabubnagar,2026-04-08,Community screening,139,91,235,25.5,Hypertension+Diabetes,Borderline,2026-07-07
NCDR0001725,NCP0001324,Renuka Basha,F,45,9401683029,Nakrekal,Nakrekal,Nalgonda,2025-08-23,HWC screening,176,107,137,19.3,Hypertension,Borderline,2025-10-22
NCDR0001726,NCP0001325,Vinod Narsimha,M,51,9252266381,Marrur,Nakrekal,Nalgonda,2025-10-11,Opportunistic screening,136,72,145,33.7,Diabetes,Uncontrolled,2025-12-10
NCDR0001727,NCP0001326,Anil Shekar,M,50,9826717877,Marrur,Nakrekal,Nalgonda,2025-08-25,Community screening,173,102,100,33.4,Hypertension,Uncontrolled,2025-10-24
NCDR0001728,NCP0001326,Anil Shekar,M,50,9826717877,Marrur,Nakrekal,Nalgonda,2025-10-13,Community screening,146,88,91,23.5,Hypertension,Borderline,2026-01-11
NCDR0001729,NCP0001327,Saritha Khan,F,83,9193995184,Gundlapally,Devarakonda,Nalgonda,2026-01-17,HWC screening,149,90,143,20.6,None,Not diagnosed,
NCDR0001730,NCP0001328,Naveen Krishna,M,26,+91-96818-96279,Ameenpur,Patancheru,Sangareddy,2025-08-21,HWC screening,136,68,219,28.3,Diabetes,Borderline,2025-11-19
NCDR0001731,NCP0001328,Naveen Krishna,M,24,9681896279,Ameenpur,Patancheru,Sangareddy,2025-10-13,Community screening,143,85,195,33.0,Diabetes,Borderline,2026-01-11
NCDR0001732,NCP0001329,Mohn Basha,M,73,9328435780,Kangti,Narayankhed,Sangareddy,2025-10-02,HWC screening,120,78,182,31.8,Diabetes,Borderline,2025-12-01
NCDR0001733,NCP0001330,Renuka Devi,F,45,9465466629,Vemula,Midjil,Mahabubnagar,2025-08-01,Opportunistic screening,116,91,238,34.2,Diabetes,Borderline,2025-10-30
NCDR0001734,NCP0001330,Renuka Devi,F,44,,Vemula,Midjil,Mahabubnagar,2025-11-04,HWC screening,148,77,170,32.4,Diabetes,Borderline,2026-01-03
NCDR0001735,NCP0001331,Padma Narsimha,F,48,9814475931,Manoor,Narayankhed,Sangareddy,2026-04-07,Community screening,152,95,107,34.4,Hypertension,Controlled,2026-05-07
NCDR0001736,NCP0001332,Mounika Krishna,F,55,9110276709,Mangalapally,Nakrekal,Nalgonda,2026-04-15,HWC screening,138,83,102,20.1,None,Not diagnosed,
NCDR0001737,NCP0001332,Mounika Krishna,F,56,9110276709,Mangalapally,Nakrekal,Nalgonda,2026-07-16,Opportunistic screening,117,76,95,19.1,None,Not diagnosed,
NCDR0001738,NCP0001333,Srilatha Shekar,F,64,9877771968,Polepally,Jadcherla,Mahabubnagar,2026-01-24,Opportunistic screening,181,116,244,21.8,Hypertension+Diabetes,Borderline,2026-04-24
NCDR0001739,NCP0001334,Divya Patel,F,48,9254722218,Jharasangam,Zaheerabad,Sangareddy,2025-12-10,Opportunistic screening,164,94,137,22.0,Hypertension,Borderline,2026-01-09
NCDR0001740,NCP0001335,Raju Krishna,M,73,+91-93684-30165,Kohir,Zaheerabad,Sangareddy,2025-11-07,Community screening,125,74,288,33.7,Diabetes,Borderline,2026-02-05
NCDR0001741,NCP0001335,Rju Krishna,M,71,9368430165,Kohir,Zaheerabad,Sangareddy,2026-02-14,Community screening,122,73,299,29.3,Diabetes,Uncontrolled,2026-04-15
NCDR0001742,NCP0001336,Raghav Laxman,M,65,9787953975,Velpula,Midjil,Mahabubnagar,2026-04-17,Community screening,151,87,308,28.8,Hypertension+Diabetes,Borderline,2026-06-16
NCDR0001743,NCP0001336,Raghav Laxman,M,67,9787953995,Velpula,Midjil,Mahabubnagar,2026-08-01,HWC screening,159,90,236,20.3,Hypertension+Diabetes,Borderline,2026-08-31
NCDR0001744,NCP0001337,Divya Shekar,F,63,9211319425,Mogudampalli,Zaheerabad,Sangareddy,2025-10-18,HWC screening,138,106,153,33.7,Hypertension+Diabetes,Controlled,2026-01-16
NCDR0001745,NCP0001338,Anjalee Reddy,F,38,9395412076,Indresham,Patancheru,Sangareddy,2025-07-22,Opportunistic screening,176,96,320,29.3,Hypertension+Diabetes,Uncontrolled,2025-08-21
NCDR0001746,NCP0001339,Bhavanee Das,F,65,9559987509,Nakrekal,Nakrekal,Nalgonda,2025-08-27,Opportunistic screening,128,72,269,29.0,Diabetes,Uncontrolled,2025-11-25
NCDR0001747,NCP0001340,Lalitha Laxman,F,54,9989716949,Kohir,Zaheerabad,Sangareddy,2026-04-26,HWC screening,188,92,116,19.4,Hypertension,Uncontrolled,2026-07-25
NCDR0001748,NCP0001341,Ramesh Goud,M,53,,KANGTI,Narayankhed,Sangareddy,2025-09-21,HWC screening,145,79,102,30.3,None,Not diagnosed,
NCDR0001749,NCP0001342,Rani Krishna,F,51,+91-95832-57991,Nermata,Chandur,Nalgonda,2025-11-22,HWC screening,171,107,92,23.9,Hypertension,Borderline,2026-01-21
NCDR0001750,NCP0001343,Anil Reddy,M,49,9947531909,Kalher,Narayankhed,Sangareddy,2025-12-12,Opportunistic screening,165,88,151,32.4,Hypertension,Controlled,2026-03-12
NCDR0001751,NCP0001343,Anil Reddy,M,49,,Kalher,Narayankhed,Sangareddy,2026-02-08,Opportunistic screening,155,91,78,29.4,Hypertension,Uncontrolled,2026-04-09
NCDR0001752,NCP0001344,Arun Narsimha,M,55,+91-97843-07616,Midjil,Midjil,Mahabubnagar,2026-02-06,HWC screening,140,102,145,27.1,Hypertension,Controlled,2026-05-07
NCDR0001753,NCP0001344,Arun Narsimha,M,55,9784307616,Midjil,Midjil,Mahabubnagar,2026-03-25,Community screening,154,111,151,26.3,Hypertension,Controlled,2026-04-24
NCDR0001754,NCP0001345,winod Devi,M,34,9996565328,Kalher,Narayankhed,Sangareddy,2026-05-06,Community screening,174,89,92,32.3,Hypertension,Controlled,2026-06-05
NCDR0001755,NCP0001345,Vinod Devi,M,34,+91-99965-65328,Kalher,Narayankhed,Sangareddy,2026-07-28,Opportunistic screening,142,90,112,21.6,Hypertension,Borderline,2026-09-26
NCDR0001756,NCP0001346,Naveen Chary,M,54,9894337161,Bhanur,Patancheru,Sangareddy,2025-08-17,Community screening,108,79,243,29.0,Diabetes,Borderline,2025-10-16
NCDR0001757,NCP0001347,Shankar Naik,M,34,+91-91189-80196,Jharasangam,Zaheerabad,Sangareddy,2025-09-24,Opportunistic screening,162,112,233,21.2,Hypertension+Diabetes,Uncontrolled,2025-11-23
NCDR0001758,NCP0001348,Raju Goud,M,80,,Midjil,Midjil,Mahabubnagar,2025-12-03,HWC screening,152,107,110,30.8,Hypertension,Uncontrolled,2026-03-03
NCDR0001759,NCP0001348,Raju Goud,M,80,9974651989,Midjil,Midjil,Mahabubnagar,2026-02-08,Opportunistic screening,186,98,88,32.0,Hypertension,Uncontrolled,2026-03-10
NCDR0001760,NCP0001349,Santosh Laxman,M,44,9475477829,Rajapur,Balanagar,Mahabubnagar,2026-06-03,Opportunistic screening,179,103,103,29.7,Hypertension,Borderline,2026-07-03
NCDR0001761,NCP0001350,Shankar Naik,M,18,9924199721,Zaheeraba,Zaheerabad,Sangareddy,2026-01-27,HWC screening,141,80,148,31.1,None,Not diagnosed,
NCDR0001762,NCP0001350,Shankar,M,18,9954199721,Zaheerabad,Zaheerabad,Sangareddy,2026-04-04,HWC screening,111,95,138,22.2,None,Not diagnosed,
NCDR0001763,NCP0001351,Kavitha Jangam,F,30,9559751399,VEMULA,Midjil,Mahabubnagar,2025-08-14,Community screening,147,81,234,30.0,Diabetes,Controlled,2025-10-13
NCDR0001764,NCP0001352,Anitha Reddy,F,64,+91-92926-42347,Mangalapally,Nakrekal,Nalgonda,2025-10-13,HWC screening,139,97,91,30.4,Hypertension,Controlled,2026-01-11
NCDR0001765,NCP0001353,Venkatesh Shekar,M,89,9305078950,Kallepally,Balanagar,Mahabubnagar,2025-10-01,Community screening,147,114,81,22.8,Hypertension,Uncontrolled,2025-10-31
NCDR0001766,NCP0001354,Naresh Krishna,M,34,,KOHIR,Zaheerabad,Sangareddy,2025-07-09,HWC screening,135,91,110,28.2,None,Not diagnosed,
NCDR0001767,NCP0001355,Vinod Begum,M,58,9167921527,Devarakonda,Devarakonda,Nalgonda,2025-12-18,Opportunistic screening,113,73,318,26.7,Diabetes,Controlled,2026-01-17
NCDR0001768,NCP0001356,Venkatesh Khan,M,66,+91-98442-31088,Marrur,Nakrekal,Nalgonda,2026-05-19,Community screening,168,90,110,23.9,Hypertension,Controlled,2026-08-17
NCDR0001769,NCP0001357,Anil Goud,M,26,9980437841,Peddadinne,Devarakonda,Nalgonda,2026-04-17,Community screening,111,96,235,33.9,Diabetes,Uncontrolled,2026-07-16
NCDR0001770,NCP0001358,Naveen Patel,M,48,+91-97151-42415,Bodajanampet,Balanagar,Mahabubnagar,2025-09-12,Community screening,168,84,134,26.2,Hypertension,Controlled,2025-10-12
NCDR0001771,NCP0001359,Nirmala Reddy,F,54,9153893462,Kondamallepally,Devarakonda,Nalgonda,2026-01-16,Opportunistic screening,175,95,95,34.3,Hypertension,Borderline,2026-02-15
NCDR0001772,NCP0001360,Ravi Begum,M,67,9643855424,Jharasanga,Zaheerabad,Sangareddy,2025-11-03,Community screening,110,89,98,29.8,None,Not diagnosed,
NCDR0001773,NCP0001361,Anitha Devi,F,48,9371508906,Nakrekal,Nakrekal,Nalgonda,2026-02-18,Opportunistic screening,140,107,247,31.9,Hypertension+Diabetes,Uncontrolled,2026-04-19
NCDR0001774,NCP0001361,Anitha Devi,F,50,,Nakrekal,Nakrekal,Nalgonda,2026-05-08,Opportunistic screening,179,109,242,24.7,Hypertension+Diabetes,Uncontrolled,2026-08-06
NCDR0001775,NCP0001362,Rani Kumar,F,43,+91-95116-85267,Ameenpur,Patancheru,Sangareddy,2026-04-10,Community screening,159,84,165,21.6,Hypertension,Controlled,2026-06-09
NCDR0001776,NCP0001362,Rani Kumar,F,43,9511685267,Ameenpur,Patancheru,Sangareddy,2026-07-12,HWC screening,158,93,123,34.1,Hypertension,Controlled,2026-09-10
NCDR0001777,NCP0001363,Anil Krisna,M,54,9562089587,Patancheru,Patancheru,Sangareddy,2025-10-20,Community screening,141,73,143,32.7,None,Not diagnosed,
NCDR0001778,NCP0001364,Nirmala Narsimha,F,58,9211981059,Peddadinne,Devarakonda,Nalgonda,2026-01-28,Opportunistic screening,117,85,277,19.9,Diabetes,Borderline,2026-02-27
NCDR0001779,NCP0001365,Jyothi Reddy,F,74,9274553174,Bangarigadda,Chandur,Nalgonda,2026-05-03,Community screening,142,105,120,26.3,Hypertension,Controlled,2026-06-02
NCDR0001780,NCP0001365,Jyothi Reddy,F,74,+91-92745-53174,Bangarigadda,Chandur,Nalgonda,2026-08-15,Opportunistic screening,143,104,93,24.4,Hypertension,Uncontrolled,2026-10-14
NCDR0001781,NCP0001366,Raghav Goud,M,43,9920385645,Midjil,Midjil,Mahabubnagar,2026-02-24,HWC screening,164,112,156,18.6,Hypertension,Borderline,2026-05-25
NCDR0001782,NCP0001367,Bhavani Goud,F,69,9763413580,Patancheru,Patancheru,Sangareddy,2026-03-16,HWC screening,137,91,137,31.1,None,Not diagnosed,
NCDR0001783,NCP0001367,Bhavani Goud,F,69,9763413580,Patancheru,Patancheru,Sangareddy,2026-06-26,Opportunistic screening,112,74,150,19.2,None,Not diagnosed,
NCDR0001784,NCP0001368,Sushma,F,85,9612172860,Jharasangam,Zaheerabad,Sangareddy,2025-08-15,HWC screening,135,80,97,23.7,None,Not diagnosed,
NCDR0001785,NCP0001369,Anil Kumar,M,18,9632100173,Ameenpur,Patancheru,Sangareddy,2025-07-28,HWC screening,138,84,92,24.1,Hypertension,Controlled,2025-10-26
NCDR0001786,NCP0001370,Sai Mudiraj,M,52,+91-92051-92653,Zaheeraba,Zaheerabad,Sangareddy,2025-09-23,Opportunistic screening,113,88,115,26.6,None,Not diagnosed,
NCDR0001787,NCP0001371,Venkatesh Begum,M,52,9430634879,Balanaga,Balanagar,Mahabubnagar,2026-03-06,Opportunistic screening,142,86,111,27.0,Hypertension,Borderline,2026-04-05
NCDR0001788,NCP0001372,Rni Yadav,F,53,+91-90431-03622,Badepally,Jadcherla,Mahabubnagar,2026-05-20,Community screening,147,74,102,20.4,None,Not diagnosed,
NCDR0001789,NCP0001373,Santosh Basha,M,41,9900495716,KANGTI,Narayankhed,Sangareddy,2026-01-02,Community screening,177,88,165,32.5,Hypertension,Borderline,2026-02-01
NCDR0001790,NCP0001373,Santosh Basha,M,41,9900495716,Kangti,Narayankhed,Sangareddy,2026-03-09,Community screening,180,110,97,27.1,Hypertension,Borderline,2026-05-08
NCDR0001791,NCP0001374,Sushma Devi,F,30,9766540095,Nomula,Nakrekal,Nalgonda,2025-07-16,HWC screening,130,73,119,27.3,None,Not diagnosed,
NCDR0001792,NCP0001375,Sushma Devi,F,47,9070583582,Mogudampally,Zaheerabad,Sangareddy,2025-11-16,Community screening,145,78,316,30.6,Diabetes,Borderline,2026-02-14
NCDR0001793,NCP0001376,Ramesh Chary,M,41,9056745751,Bangarigadda,Chandur,Nalgonda,2025-07-07,Opportunistic screening,162,114,235,28.0,Hypertension+Diabetes,Borderline,2025-08-06
NCDR0001794,NCP0001377,Mahesh Chary,M,71,9837655242,Bhanur,Patancheru,Sangareddy,2025-07-01,Opportunistic screening,146,81,111,19.3,None,Not diagnosed,
NCDR0001795,NCP0001378,Harika Begum,F,34,+91-90303-53945,Peddadinne,Devarakonda,Nalgonda,2025-12-03,Opportunistic screening,137,80,131,27.8,None,Not diagnosed,
NCDR0001796,NCP0001378,Harika Begum,F,33,9030353945,Peddadinne,Devarakonda,Nalgonda,2026-03-28,Community screening,139,77,159,20.5,None,Not diagnosed,
NCDR0001797,NCP0001379,run Mallaiah,M,31,9295746185,Mangalapally,Nakrekal,Nalgonda,2026-01-28,Community screening,146,95,156,26.8,None,Not diagnosed,
NCDR0001798,NCP0001380,Shobha Das,F,31,9342952818,Mangalapally,Nakrekal,Nalgonda,2026-04-23,HWC screening,145,94,128,24.7,None,Not diagnosed,
NCDR0001799,NCP0001381,Lakshmi Patel,F,49,9823081715,Patancheru,Patancheru,Sangareddy,2026-02-14,Opportunistic screening,142,86,192,23.0,Diabetes,Borderline,2026-04-15
NCDR0001800,NCP0001382,Suresh Yadaw,M,67,9473513975,Jharasangam,Zaheerabad,Sangareddy,2026-04-09,HWC screening,174,114,149,20.9,Hypertension,Controlled,2026-07-08
NCDR0001801,NCP0001382,Suresh Ydav,M,65,9473513975,Jharasangam,Zaheerabad,Sangareddy,2026-05-27,Community screening,160,106,121,24.4,Hypertension,Controlled,2026-08-25
NCDR0001802,NCP0001383,Shankar Laxman,M,69,9270424013,Kalher,Narayankhed,Sangareddy,2025-10-27,HWC screening,147,68,230,26.3,Diabetes,Uncontrolled,2026-01-25
NCDR0001803,NCP0001384,Kavitha Begum,F,69,+91-96515-88727,KANGTI,Narayankhed,Sangareddy,2025-07-18,Community screening,105,90,300,22.1,Diabetes,Borderline,2025-10-16
NCDR0001804,NCP0001385,Sushma Shekar,F,67,,Bodajanampet,Balanagar,Mahabubnagar,2026-04-18,Community screening,139,103,144,21.3,Hypertension,Controlled,2026-07-17
NCDR0001805,NCP0001386,Deepika Begum,F,43,+91-93204-64977,Zaheerabad,Zaheerabad,Sangareddy,2025-08-02,Opportunistic screening,179,85,81,29.9,Hypertension,Borderline,2025-10-01
NCDR0001806,NCP0001387,Suresh Mallaiah,M,42,9784964902,Gundlapally,Devarakonda,Nalgonda,2026-06-07,Community screening,171,115,109,23.2,Hypertension,Borderline,2026-09-05
NCDR0001807,NCP0001388,Anitha Chary,F,60,+91-94341-79826,Kondamallepalli,Devarakonda,Nalgonda,2025-08-27,Community screening,188,116,130,30.5,Hypertension,Controlled,2025-11-25
NCDR0001808,NCP0001388,Anitha,F,60,9434179826,Kondamallepally,Devarakonda,Nalgonda,2025-10-15,Opportunistic screening,149,113,148,27.4,Hypertension,Controlled,2026-01-13
NCDR0001809,NCP0001389,Bhvani Krishna,F,48,9121716614,Nomula,Nakrekal,Nalgonda,2026-05-17,Opportunistic screening,147,90,308,27.1,Hypertension+Diabetes,Controlled,2026-08-15
NCDR0001810,NCP0001390,Harika Naik,F,64,9413255299,Mangalapally,Nakrekal,Nalgonda,2025-12-31,Community screening,162,91,99,18.6,Hypertension,Borderline,2026-01-30
NCDR0001811,NCP0001390,Harika Naik,F,62,9413255299,Mangalapally,Nakrekal,Nalgonda,2026-03-20,Community screening,184,89,122,21.0,Hypertension,Borderline,2026-04-19
NCDR0001812,NCP0001391,Divya Devi,F,33,9057080332,Kondamallepally,Devarakonda,Nalgonda,2026-05-24,HWC screening,141,93,179,30.8,Hypertension+Diabetes,Controlled,2026-08-22
NCDR0001813,NCP0001392,Anjali Mallaiah,F,55,9420053218,Mangalapally,Nakrekal,Nalgonda,2026-02-24,HWC screening,106,93,196,23.0,Diabetes,Borderline,2026-05-25
NCDR0001814,NCP0001393,Swathi Yadav,F,33,9904551996,Patancheru,Patancheru,Sangareddy,2025-09-22,Opportunistic screening,107,68,79,33.6,None,Not diagnosed,
NCDR0001815,NCP0001394,Anitha Basha,F,28,9024991642,Kummarikunta,Chandur,Nalgonda,2025-07-24,HWC screening,161,99,147,31.7,Hypertension+Diabetes,Uncontrolled,2025-10-22
NCDR0001816,NCP0001395,Santosh Rao,M,61,+91-98299-72576,Jharasangam,Zaheerabad,Sangareddy,2025-11-05,Community screening,167,89,128,33.6,Hypertension,Uncontrolled,2026-02-03
NCDR0001817,NCP0001396,Divya Krishna,F,74,+91-94785-10368,Kallepally,Balanagar,Mahabubnagar,2026-05-12,HWC screening,167,105,285,21.1,Hypertension+Diabetes,Controlled,2026-06-11
NCDR0001818,NCP0001396,Divya Krishna,F,76,,Kallepalli,Balanagar,Mahabubnagar,2026-08-14,HWC screening,148,85,175,26.6,Hypertension+Diabetes,Uncontrolled,2026-09-13
NCDR0001819,NCP0001397,Raju Mudiraj,M,48,9497345952,Jharasangam,Zaheerabad,Sangareddy,2026-05-24,HWC screening,139,113,100,33.8,Hypertension,Borderline,2026-08-22
NCDR0001820,NCP0001398,Santosh Naik,M,58,9407196018,Kohir,Zaheerabad,Sangareddy,2026-03-01,Community screening,146,84,178,19.1,Hypertension+Diabetes,Uncontrolled,2026-03-31
NCDR0001821,NCP0001399,Srinivas Kumar,M,47,9545452465,Nermata,Chandur,Nalgonda,2026-06-06,HWC screening,171,108,85,25.2,Hypertension,Borderline,2026-08-05
NCDR0001822,NCP0001400,Arun Yadaw,M,38,9764095881,Bhanur,Patancheru,Sangareddy,2026-04-06,Community screening,139,84,218,19.5,Hypertension+Diabetes,Uncontrolled,2026-07-05
NCDR0001823,NCP0001401,Sai Shekar,M,39,9284859767,Ameenpur,Patancheru,Sangareddy,2026-05-04,HWC screening,127,71,124,24.4,None,Not diagnosed,
NCDR0001824,NCP0001402,Anjali Das,F,51,9752963523,Kummarikunta,Chandur,Nalgonda,2025-10-31,HWC screening,105,93,113,30.3,None,Not diagnosed,
NCDR0001825,NCP0001403,Ranee Naik,F,56,9773598096,Kohir,Zaheerabad,Sangareddy,2025-10-04,Opportunistic screening,115,90,209,27.3,Diabetes,Uncontrolled,2026-01-02
NCDR0001826,NCP0001404,Harika Chary,F,46,9517807613,Nermata,Chandur,Nalgonda,2026-02-19,Opportunistic screening,142,91,299,25.5,Diabetes,Borderline,2026-03-21
NCDR0001827,NCP0001405,Kavitha Jangam,F,57,+91-99901-72095,Kondamallepally,Devarakonda,Nalgonda,2025-09-04,Community screening,129,95,137,26.9,None,Not diagnosed,
NCDR0001828,NCP0001406,Shankar Jangam,M,36,9523399583,Mogudampally,Zaheerabad,Sangareddy,2025-08-17,Opportunistic screening,182,92,111,23.4,Hypertension,Borderline,2025-11-15
NCDR0001829,NCP0001406,Shankar Jangam,M,36,+91-95233-99583,Mogudampally,Zaheerabad,Sangareddy,2025-12-09,HWC screening,156,97,99,32.4,Hypertension,Controlled,2026-01-08
NCDR0001830,NCP0001406,Shnkar Jangam,M,38,+91-95233-99583,Mogudampally,Zaheerabad,Sangareddy,2026-03-27,Community screening,144,110,88,25.1,Hypertension,Borderline,2026-05-26
NCDR0001831,NCP0001407,Anjali Patel,F,72,9268496054,Mogudampall,Zaheerabad,Sangareddy,2025-07-16,HWC screening,157,99,105,31.6,Hypertension,Controlled,2025-10-14
NCDR0001832,NCP0001408,Sreenivas Yadav,M,69,9423412595,Bhanur,Patancheru,Sangareddy,2025-11-25,Community screening,152,84,164,27.5,Hypertension,Controlled,2026-01-24
NCDR0001833,NCP0001408,Srinivas Yadav,M,67,9423412595,Bhanur,Patancheru,Sangareddy,2026-02-01,HWC screening,160,100,102,30.1,Hypertension,Uncontrolled,2026-05-02
NCDR0001834,NCP0001409,Anjali Naik,F,37,9607592844,Peddadinne,Devarakonda,Nalgonda,2026-04-12,HWC screening,185,89,111,25.1,Hypertension,Borderline,2026-05-12
NCDR0001835,NCP0001409,Anjali Naik,F,34,9607592844,Peddadinne,Devarakonda,Nalgonda,2026-05-27,Opportunistic screening,146,101,155,21.9,Hypertension,Uncontrolled,2026-08-25
NCDR0001836,NCP0001410,Swathee Shekar,F,66,9471257788,Jharasangam,Zaheerabad,Sangareddy,2026-04-07,Opportunistic screening,142,95,101,27.3,None,Not diagnosed,
NCDR0001837,NCP0001410,Swathi Shekar,F,66,9471257788,Jharasangam,Zaheerabad,Sangareddy,2026-07-14,HWC screening,131,88,162,22.2,None,Not diagnosed,
NCDR0001838,NCP0001411,Padma Khan,F,41,9373923183,Gangapur,Jadcherla,Mahabubnagar,2025-07-18,Opportunistic screening,156,91,320,20.7,Hypertension+Diabetes,Borderline,2025-09-16
NCDR0001839,NCP0001412,Anil Naik,M,45,9565715229,Bodajanampet,Balanagar,Mahabubnagar,2026-05-28,Opportunistic screening,126,69,147,21.2,None,Not diagnosed,
NCDR0001840,NCP0001412,Anil Naik,M,45,,Bodajanampet,Balanagar,Mahabubnagar,2026-07-19,Community screening,106,83,93,32.3,None,Not diagnosed,
NCDR0001841,NCP0001413,Arun Begum,M,44,9095645693,Marrur,Nakrekal,Nalgonda,2025-11-03,HWC screening,117,94,176,19.9,Diabetes,Borderline,2026-01-02
NCDR0001842,NCP0001414,Srilatha Laxman,F,62,9085796829,Nermata,Chandur,Nalgonda,2026-06-12,Community screening,162,104,303,19.0,Hypertension+Diabetes,Borderline,2026-07-12
NCDR0001843,NCP0001415,Swathi Patel,F,79,9418707200,Badepally,Jadcherla,Mahabubnagar,2025-11-21,Opportunistic screening,142,113,258,30.7,Hypertension+Diabetes,Controlled,2025-12-21
NCDR0001844,NCP0001415,Swathi Patel,F,80,+91-94187-07200,Badepally,Jadcherla,Mahabubnagar,2026-02-10,Community screening,141,95,206,22.5,Hypertension+Diabetes,Borderline,2026-03-12
NCDR0001845,NCP0001415,Swathi Patel,F,79,9418707200,Badepally,Jadcherla,Mahabubnagar,2026-03-17,Opportunistic screening,144,114,255,19.8,Hypertension+Diabetes,Controlled,2026-06-15
NCDR0001846,NCP0001416,Deepika Devi,F,53,9462959600,Nomula,Nakrekal,Nalgonda,2025-08-17,Opportunistic screening,142,76,278,26.6,Diabetes,Controlled,2025-10-16
NCDR0001847,NCP0001417,Shobha Mallaiah,F,74,9543925772,Devarakonda,Devarakonda,Nalgonda,2026-02-20,HWC screening,155,85,90,32.1,Hypertension,Controlled,2026-04-21
NCDR0001848,NCP0001418,Renuka Devi,F,57,9869835123,Polepally,Jadcherla,Mahabubnagar,2026-01-21,Community screening,173,89,162,22.3,Hypertension,Controlled,2026-03-22
NCDR0001849,NCP0001418,Renuka Devi,F,54,9869835123,POLEPALLY,Jadcherla,Mahabubnagar,2026-04-27,Community screening,158,103,89,28.9,Hypertension,Uncontrolled,2026-05-27
NCDR0001850,NCP0001418,Renuka Devi,F,54,9869835123,Polepally,Jadcherla,Mahabubnagar,2026-07-20,Opportunistic screening,140,113,93,33.3,Hypertension,Uncontrolled,2026-10-18
NCDR0001851,NCP0001419,Kavitha Devi,F,65,9777043586,Macharam,Jadcherla,Mahabubnagar,2026-04-30,Opportunistic screening,154,112,142,29.8,Hypertension,Borderline,2026-06-29
NCDR0001852,NCP0001419,Kavitha Devi,F,63,9777043586,Machara,Jadcherla,Mahabubnagar,2026-06-21,HWC screening,180,88,119,24.7,Hypertension,Uncontrolled,2026-07-21
NCDR0001853,NCP0001420,Arun Begum,M,45,9981224761,Midjil,Midjil,Mahabubnagar,2026-02-02,Opportunistic screening,170,109,113,26.9,Hypertension,Controlled,2026-05-03
NCDR0001854,NCP0001421,Srilatha Kumar,F,38,9829063441,Kondamallepalli,Devarakonda,Nalgonda,2025-07-20,Community screening,121,82,314,22.3,Diabetes,Controlled,2025-10-18
NCDR0001855,NCP0001422,Srinivas Narsimha,M,60,9071797365,Peddadinn,Devarakonda,Nalgonda,2026-06-12,HWC screening,181,89,112,19.9,Hypertension,Controlled,2026-07-12
NCDR0001856,NCP0001423,Sushma Chary,F,50,9266839812,Midjil,Midjil,Mahabubnagar,2025-07-01,HWC screening,144,85,146,27.0,Hypertension,Uncontrolled,2025-07-31
NCDR0001857,NCP0001424,Sushma Goud,F,36,9355023497,Bhanur,Patancheru,Sangareddy,2026-04-01,HWC screening,140,87,265,19.9,Hypertension+Diabetes,Borderline,2026-05-31
NCDR0001858,NCP0001424,Sushma Goud,F,34,9355023497,Bhanu,Patancheru,Sangareddy,2026-06-30,HWC screening,187,110,156,32.4,Hypertension+Diabetes,Controlled,2026-07-30
NCDR0001859,NCP0001425,run Das,M,54,9466043375,Indresham,Patancheru,Sangareddy,2026-01-02,Community screening,172,100,158,30.4,Hypertension,Uncontrolled,2026-04-02
NCDR0001860,NCP0001425,Arun Das,M,54,9466049375,Indresham,Patancheru,Sangareddy,2026-03-09,Community screening,149,94,99,31.1,Hypertension,Borderline,2026-04-08
NCDR0001861,NCP0001426,Divya Mallaiah,F,70,9542977712,Peddadinne,Devarakonda,Nalgonda,2025-09-26,Opportunistic screening,147,76,215,26.0,Diabetes,Uncontrolled,2025-10-26
NCDR0001862,NCP0001426,Divya Mallaiah,F,70,9542977712,Peddadinne,Devarakonda,Nalgonda,2025-12-15,Community screening,112,91,213,19.9,Diabetes,Borderline,2026-02-13
NCDR0001863,NCP0001427,nil Yadav,M,49,,Devarakonda,Devarakonda,Nalgonda,2025-09-13,Opportunistic screening,181,112,270,21.0,Hypertension+Diabetes,Borderline,2025-10-13
NCDR0001864,NCP0001428,Naresh Kumar,M,61,9719178745,Nomula,Nakrekal,Nalgonda,2026-06-06,Opportunistic screening,151,92,141,20.3,Hypertension,Controlled,2026-09-04
NCDR0001865,NCP0001429,Shobha Shekar,F,59,9845652289,Jharasangam,Zaheerabad,Sangareddy,2026-03-08,Community screening,150,96,150,28.1,None,Not diagnosed,
NCDR0001866,NCP0001430,Anjali Begum,F,54,9712544004,Kalhe,Narayankhed,Sangareddy,2025-12-28,Community screening,171,90,91,24.5,Hypertension,Controlled,2026-03-28
NCDR0001867,NCP0001431,Vinod Reddy,M,44,9967027393,BANGARIGADDA,Chandur,Nalgonda,2026-04-17,Opportunistic screening,161,94,269,21.1,Hypertension+Diabetes,Borderline,2026-07-16
NCDR0001868,NCP0001431,Vinod Reddy,M,43,9967027393,Bangarigadda,Chandur,Nalgonda,2026-07-04,Opportunistic screening,153,99,312,24.7,Hypertension+Diabetes,Controlled,2026-08-03
NCDR0001869,NCP0001432,Anil Yadav,M,57,9795264799,Kohir,Zaheerabad,Sangareddy,2025-07-29,Opportunistic screening,152,103,149,30.6,Hypertension,Borderline,2025-10-27
NCDR0001870,NCP0001433,Naveen Reddy,M,53,9374326001,Gangapur,Jadcherla,Mahabubnagar,2026-04-24,Opportunistic screening,179,98,152,26.9,Hypertension,Controlled,2026-07-23
NCDR0001871,NCP0001434,Srilatha Goud,F,47,9532169003,Balanagar,Balanagar,Mahabubnagar,2025-08-04,HWC screening,178,102,159,33.4,Hypertension,Borderline,2025-11-02
NCDR0001872,NCP0001435,Praveen Rao,M,44,9050595404,Balanagar,Balanagar,Mahabubnagar,2025-11-15,Community screening,126,95,98,18.9,None,Not diagnosed,
NCDR0001873,NCP0001436,Divya Laxman,F,57,9236430401,Kummarikunt,Chandur,Nalgonda,2025-11-30,Community screening,184,89,137,26.2,Hypertension,Controlled,2025-12-30
NCDR0001874,NCP0001437,Hareeka Shekar,F,49,,Bodajanampet,Balanagar,Mahabubnagar,2025-11-16,Opportunistic screening,183,84,119,33.1,Hypertension,Controlled,2025-12-16
NCDR0001875,NCP0001438,Santosh Rao,M,63,9654224944,Bangarigadda,Chandur,Nalgonda,2025-12-06,Community screening,107,90,213,21.6,Diabetes,Uncontrolled,2026-03-06
NCDR0001876,NCP0001438,Santosh Rao,M,62,9654224944,Bangarigadda,Chandur,Nalgonda,2026-04-04,HWC screening,110,80,159,25.9,Diabetes,Uncontrolled,2026-07-03
NCDR0001877,NCP0001439,Rajesh Yadav,M,58,9484280544,Bhanu,Patancheru,Sangareddy,2025-07-01,Community screening,171,116,106,18.6,Hypertension,Controlled,2025-07-31
NCDR0001878,NCP0001440,Srilatha Naik,F,50,+91-92934-59864,Kummarikunta,Chandur,Nalgonda,2025-12-29,Community screening,178,95,93,28.1,Hypertension,Controlled,2026-01-28
NCDR0001879,NCP0001441,Ramesh Shekar,M,27,9443414914,Bodajanampet,Balanagar,Mahabubnagar,2025-10-31,Opportunistic screening,146,91,103,18.9,None,Not diagnosed,
NCDR0001880,NCP0001442,Kiran Rao,M,69,,Polepally,Jadcherla,Mahabubnagar,2025-11-29,HWC screening,133,90,165,18.7,None,Not diagnosed,
NCDR0001881,NCP0001442,Keeran Rao,M,69,9543155254,Polepally,Jadcherla,Mahabubnagar,2026-03-12,HWC screening,141,84,162,28.2,None,Not diagnosed,
NCDR0001882,NCP0001442,Kiran Rao,M,69,9543155254,Polepally,Jadcherla,Mahabubnagar,2026-04-28,Opportunistic screening,136,78,84,29.7,None,Not diagnosed,
NCDR0001883,NCP0001443,Mohan Yadav,M,70,9192695761,Mangalapally,Nakrekal,Nalgonda,2025-11-27,Community screening,158,106,113,19.2,Hypertension,Borderline,2026-01-26
NCDR0001884,NCP0001444,Anil Mudiraj,M,40,9945164303,Mogudampally,Zaheerabad,Sangareddy,2025-08-30,HWC screening,119,90,129,19.6,None,Not diagnosed,
NCDR0001885,NCP0001445,Vinod Reddy,M,38,9107372582,Chandur,Chandur,Nalgonda,2025-09-13,Community screening,173,114,117,34.1,Hypertension,Borderline,2025-10-13
NCDR0001886,NCP0001446,Lalitha Jangam,F,42,9363877799,Vemula,Midjil,Mahabubnagar,2025-11-02,HWC screening,180,108,90,22.2,Hypertension,Controlled,2025-12-02
NCDR0001887,NCP0001447,Rajes Das,M,24,9979112788,Gangapur,Jadcherla,Mahabubnagar,2026-03-22,HWC screening,169,109,137,21.7,Hypertension,Controlled,2026-06-20
NCDR0001888,NCP0001447,Rajesh Das,M,26,9979112788,Gangapur,Jadcherla,Mahabubnagar,2026-05-30,Opportunistic screening,141,98,120,31.0,Hypertension,Borderline,2026-06-29
NCDR0001889,NCP0001448,Anil,M,68,9254856531,Balanagar,Balanagar,Mahabubnagar,2025-12-26,Community screening,111,79,116,24.2,None,Not diagnosed,
NCDR0001890,NCP0001448,Anil Shekar,M,68,9254856531,BALANAGAR,Balanagar,Mahabubnagar,2026-04-24,Opportunistic screening,106,84,88,34.1,None,Not diagnosed,
NCDR0001891,NCP0001449,Vinod Begum,M,47,,Bhanur,Patancheru,Sangareddy,2025-11-14,Opportunistic screening,170,97,152,31.1,Hypertension,Borderline,2026-01-13
NCDR0001892,NCP0001449,Vinod Begum,M,45,,Bhanur,Patancheru,Sangareddy,2026-02-28,Community screening,189,102,164,25.1,Hypertension,Borderline,2026-03-30
NCDR0001893,NCP0001450,Mounika Yadav,F,58,9552177909,Manoor,Narayankhed,Sangareddy,2025-12-07,HWC screening,111,68,166,34.0,Diabetes,Borderline,2026-02-05
NCDR0001894,NCP0001451,Renuka Khan,F,46,9663465965,Bangarigadda,Chandur,Nalgonda,2025-08-15,HWC screening,148,111,144,22.8,Hypertension,Borderline,2025-10-14
NCDR0001895,NCP0001452,Jyothi Naik,F,36,,Kummarikunta,Chandur,Nalgonda,2026-01-23,Community screening,186,114,130,21.9,Hypertension,Uncontrolled,2026-02-22
NCDR0001896,NCP0001453,Arun Shekar,M,44,9282203849,Kallepally,Balanagar,Mahabubnagar,2025-11-13,HWC screening,130,94,153,28.3,None,Not diagnosed,
NCDR0001897,NCP0001454,Anil Mudiraj,M,40,9516475257,Manoor,Narayankhed,Sangareddy,2025-07-14,Opportunistic screening,136,82,276,28.9,Diabetes,Borderline,2025-10-12
NCDR0001898,NCP0001455,Mohan Chary,M,68,9282489018,Patancheru,Patancheru,Sangareddy,2026-01-08,Community screening,110,74,328,23.3,Diabetes,Borderline,2026-04-08
NCDR0001899,NCP0001456,Lalitha Yadav,F,42,+91-97503-24816,Peddadinne,Devarakonda,Nalgonda,2026-01-29,Opportunistic screening,143,107,256,21.6,Hypertension+Diabetes,Controlled,2026-02-28
NCDR0001900,NCP0001457,Venkatesh Laxman,M,18,9397645564,Vemula,Midjil,Mahabubnagar,2026-01-27,HWC screening,169,92,128,33.0,Hypertension,Uncontrolled,2026-02-26
NCDR0001901,NCP0001458,Vinod Begum,M,59,9881705565,MANOOR,Narayankhed,Sangareddy,2025-12-06,Community screening,106,95,111,31.2,None,Not diagnosed,
NCDR0001902,NCP0001458,Vinod Begum,M,60,9881705565,Manoor,Narayankhed,Sangareddy,2026-02-06,HWC screening,143,93,89,29.9,None,Not diagnosed,
NCDR0001903,NCP0001459,Jyothi Mudiraj,F,26,9625169260,Polepally,Jadcherla,Mahabubnagar,2025-10-03,Community screening,163,95,239,32.2,Hypertension+Diabetes,Borderline,2025-11-02
NCDR0001904,NCP0001460,Hrika Krishna,F,23,9872818320,Kangti,Narayankhed,Sangareddy,2025-12-20,Community screening,135,74,124,23.8,None,Not diagnosed,
NCDR0001905,NCP0001460,Harika Krishna,F,23,9872818320,Kangti,Narayankhed,Sangareddy,2026-03-27,Opportunistic screening,139,73,120,26.0,None,Not diagnosed,
NCDR0001906,NCP0001461,Praveen Goud,M,44,9130130435,Vemula,Midjil,Mahabubnagar,2026-02-17,HWC screening,170,101,90,27.9,Hypertension,Uncontrolled,2026-04-18
NCDR0001907,NCP0001462,Mounika Begum,F,46,9890297976,Rajapur,Balanagar,Mahabubnagar,2025-10-04,Opportunistic screening,174,106,129,28.2,Hypertension,Controlled,2025-12-03
NCDR0001908,NCP0001463,Srinivas Kumar,M,47,9350795900,Manoor,Narayankhed,Sangareddy,2025-12-19,Community screening,173,95,235,24.9,Hypertension+Diabetes,Controlled,2026-03-19
NCDR0001909,NCP0001463,Srinivas Kumar,M,50,+91-93507-95900,Manoor,Narayankhed,Sangareddy,2026-03-22,HWC screening,158,109,240,22.0,Hypertension+Diabetes,Borderline,2026-06-20
NCDR0001910,NCP0001464,Kiran Basha,M,43,9210128876,Kummarikunta,Chandur,Nalgonda,2026-04-11,HWC screening,121,70,103,32.2,None,Not diagnosed,
NCDR0001911,NCP0001465,Kiran,M,42,9966998524,Badepally,Jadcherla,Mahabubnagar,2025-07-07,HWC screening,133,81,274,21.1,Diabetes,Uncontrolled,2025-10-05
NCDR0001912,NCP0001466,Vinod Shekar,M,72,9373045803,Kallepally,Balanagar,Mahabubnagar,2025-09-12,Community screening,110,74,308,31.0,Diabetes,Uncontrolled,2025-12-11
NCDR0001913,NCP0001467,Raghav Das,M,62,9155518382,NOMULA,Nakrekal,Nalgonda,2026-03-24,Community screening,138,99,151,29.9,Hypertension,Borderline,2026-04-23
NCDR0001914,NCP0001468,Harika Laxman,F,36,9194588474,Nakrekal,Nakrekal,Nalgonda,2026-02-26,Community screening,128,68,169,28.1,Diabetes,Controlled,2026-04-27
NCDR0001915,NCP0001469,Srinivas Shekar,M,30,,Donur,Midjil,Mahabubnagar,2025-08-21,Opportunistic screening,144,92,163,22.5,Diabetes,Controlled,2025-10-20
NCDR0001916,NCP0001470,Venkatesh Patel,M,30,,Vemula,Midjil,Mahabubnagar,2026-01-30,Community screening,135,68,100,27.4,None,Not diagnosed,
NCDR0001917,NCP0001471,Lalitha Chary,F,60,9842269751,Nakrekal,Nakrekal,Nalgonda,2025-10-12,Community screening,105,92,183,30.2,Diabetes,Borderline,2026-01-10
NCDR0001918,NCP0001472,Rani Basha,F,86,9813592965,Mogudampally,Zaheerabad,Sangareddy,2026-03-15,HWC screening,136,72,198,22.0,Diabetes,Uncontrolled,2026-05-14
NCDR0001919,NCP0001473,Arun Das,M,29,,Zaheerabad,Zaheerabad,Sangareddy,2026-06-12,Community screening,161,108,157,18.9,Hypertension,Uncontrolled,2026-08-11
NCDR0001920,NCP0001474,Suresh Chary,M,61,9784761248,Kallepally,Balanagar,Mahabubnagar,2026-03-31,Community screening,174,95,139,32.6,Hypertension,Uncontrolled,2026-06-29
NCDR0001921,NCP0001474,Suresh Chary,M,61,9784761248,Kallepally,Balanagar,Mahabubnagar,2026-06-16,Opportunistic screening,185,107,156,18.9,Hypertension,Controlled,2026-07-16
NCDR0001922,NCP0001475,Kiran Kumar,M,53,9870253224,BALANAGAR,Balanagar,Mahabubnagar,2025-09-06,Community screening,167,88,275,19.1,Hypertension+Diabetes,Uncontrolled,2025-10-06
NCDR0001923,NCP0001475,Kiran Kumar,M,53,+91-98702-53224,Balanagar,Balanagar,Mahabubnagar,2025-12-07,HWC screening,157,88,208,18.6,Hypertension+Diabetes,Controlled,2026-01-06
NCDR0001924,NCP0001476,Saritha Patel,F,55,9574070981,Macharam,Jadcherla,Mahabubnagar,2025-09-26,Community screening,180,101,154,22.0,Hypertension,Borderline,2025-11-25
NCDR0001925,NCP0001477,Anjali Laxman,F,61,9498376396,Macharam,Jadcherla,Mahabubnagar,2025-12-29,Opportunistic screening,179,107,81,24.1,Hypertension,Uncontrolled,2026-02-27
NCDR0001926,NCP0001478,Rajesh Goud,M,65,9896095998,Nermata,Chandur,Nalgonda,2026-02-18,HWC screening,108,91,115,23.8,None,Not diagnosed,
NCDR0001927,NCP0001478,Rajesh Goud,M,63,9896095998,Nermata,Chandur,Nalgonda,2026-04-23,HWC screening,133,68,105,25.8,None,Not diagnosed,
NCDR0001928,NCP0001479,Lalitha Khan,F,28,9829887994,Bodajanampet,Balanagar,Mahabubnagar,2026-01-21,Opportunistic screening,123,90,166,20.6,Diabetes,Controlled,2026-02-20
NCDR0001929,NCP0001480,Deepika Patel,F,18,9398192212,Kondamallepally,Devarakonda,Nalgonda,2026-02-01,HWC screening,131,74,206,18.6,Diabetes,Controlled,2026-04-02
NCDR0001930,NCP0001480,Deepika Patel,F,18,9398192212,Kondamallepally,Devarakonda,Nalgonda,2026-03-31,HWC screening,122,69,182,32.5,Diabetes,Uncontrolled,2026-04-30
NCDR0001931,NCP0001481,Lalitha,F,45,9427350647,Balanagar,Balanagar,Mahabubnagar,2025-07-21,Community screening,139,84,172,23.9,Hypertension+Diabetes,Borderline,2025-08-20
NCDR0001932,NCP0001482,Shankar Naik,M,18,9515733941,Gundlapally,Devarakonda,Nalgonda,2025-10-07,Opportunistic screening,105,85,318,29.1,Diabetes,Uncontrolled,2025-12-06
NCDR0001933,NCP0001483,Kavitha Laxman,F,43,9599477122,Nakreka,Nakrekal,Nalgonda,2025-09-17,Opportunistic screening,123,94,289,28.8,Diabetes,Uncontrolled,2025-11-16
NCDR0001934,NCP0001484,Swathi Krishna,F,36,9796557127,Kangti,Narayankhed,Sangareddy,2025-12-23,Opportunistic screening,144,115,89,33.5,Hypertension,Borderline,2026-03-23
NCDR0001935,NCP0001485,Divya Kumar,F,33,9016751958,Macharam,Jadcherla,Mahabubnagar,2026-03-30,Community screening,142,109,303,27.7,Hypertension+Diabetes,Borderline,2026-05-29
NCDR0001936,NCP0001486,Mohan Khan,M,50,9396618742,Vemula,Midjil,Mahabubnagar,2025-07-08,HWC screening,121,73,264,33.4,Diabetes,Borderline,2025-10-06
NCDR0001937,NCP0001487,Jyothi Mallaiah,F,45,+91-98153-51202,NERMATA,Chandur,Nalgonda,2026-04-09,Opportunistic screening,148,76,197,22.9,Diabetes,Borderline,2026-06-08
NCDR0001938,NCP0001487,Jyothi Mallaiah,F,42,9815351202,Nermata,Chandur,Nalgonda,2026-05-24,HWC screening,115,94,157,23.0,Diabetes,Borderline,2026-08-22
NCDR0001939,NCP0001488,Padma Basa,F,51,9261838969,GUNDLAPALLY,Devarakonda,Nalgonda,2025-08-26,Opportunistic screening,167,115,157,30.2,Hypertension,Uncontrolled,2025-10-25
NCDR0001940,NCP0001489,Deepika Narsimha,F,44,9634124056,Balanagar,Balanagar,Mahabubnagar,2025-07-01,Community screening,143,91,179,31.3,Diabetes,Controlled,2025-07-31
NCDR0001941,NCP0001490,Raju Yadav,M,81,9227017335,Devarakonda,Devarakonda,Nalgonda,2025-10-23,Community screening,174,95,133,21.2,Hypertension,Uncontrolled,2025-12-22
NCDR0001942,NCP0001490,Raju,M,80,9227017335,Devarakonda,Devarakonda,Nalgonda,2026-02-15,Opportunistic screening,181,87,115,22.7,Hypertension,Borderline,2026-05-16
NCDR0001943,NCP0001491,Rani Krishna,F,61,,Patancheru,Patancheru,Sangareddy,2025-07-04,HWC screening,137,82,185,20.9,Diabetes,Controlled,2025-08-03
NCDR0001944,NCP0001492,Saritha Patel,F,28,9287078159,Vemula,Midjil,Mahabubnagar,2025-12-01,Community screening,126,95,147,29.2,Diabetes,Controlled,2026-03-01
NCDR0001945,NCP0001493,Veenod Khan,M,51,9502133716,Kangti,Narayankhed,Sangareddy,2025-10-20,Community screening,166,111,248,26.1,Hypertension+Diabetes,Uncontrolled,2026-01-18
NCDR0001946,NCP0001494,Padma Kumar,F,82,9122946184,Mangalapally,Nakrekal,Nalgonda,2025-08-30,Community screening,164,113,293,30.8,Hypertension+Diabetes,Uncontrolled,2025-10-29
NCDR0001947,NCP0001494,Padma Kumar,F,81,9122946184,Mangalapally,Nakrekal,Nalgonda,2025-12-13,Opportunistic screening,163,92,202,19.6,Hypertension+Diabetes,Borderline,2026-02-11
NCDR0001948,NCP0001495,Raghav Mallaiah,M,37,9507893335,Kangti,Narayankhed,Sangareddy,2026-01-10,HWC screening,178,113,161,22.7,Hypertension,Controlled,2026-04-10
NCDR0001949,NCP0001496,Raju Das,M,44,9221753417,Nermata,Chandur,Nalgonda,2025-11-23,Opportunistic screening,152,111,150,32.6,Hypertension,Borderline,2025-12-23
NCDR0001950,NCP0001497,Jyothi Kumar,F,52,+91-92937-36083,Narayankhed,Narayankhed,Sangareddy,2026-03-26,Opportunistic screening,107,86,189,29.2,Diabetes,Controlled,2026-04-25
NCDR0001951,NCP0001498,Divya Rao,F,57,9647818284,Gangapur,Jadcherla,Mahabubnagar,2025-11-05,HWC screening,143,106,109,21.8,Hypertension,Borderline,2026-01-04
NCDR0001952,NCP0001499,Raju Devi,M,44,9585680340,BADEPALLY,Jadcherla,Mahabubnagar,2025-10-28,HWC screening,160,105,315,31.2,Hypertension+Diabetes,Borderline,2025-12-27
NCDR0001953,NCP0001499,Raju Devi,M,44,9585680340,BADEPALLY,Jadcherla,Mahabubnagar,2025-12-29,Opportunistic screening,172,95,319,31.3,Hypertension+Diabetes,Controlled,2026-03-29
NCDR0001954,NCP0001500,Anjalee Begum,F,39,9053700145,Nomula,Nakrekal,Nalgonda,2025-11-21,Community screening,186,101,144,34.1,Hypertension,Controlled,2025-12-21
NCDR0001955,NCP0001501,Praveen Goud,M,46,9782121108,Vemula,Midjil,Mahabubnagar,2026-01-12,Opportunistic screening,152,87,215,32.9,Hypertension+Diabetes,Borderline,2026-02-11
NCDR0001956,NCP0001502,Shobha Basha,F,55,9509005703,Midjil,Midjil,Mahabubnagar,2026-05-12,Community screening,118,84,139,22.5,None,Not diagnosed,
NCDR0001957,NCP0001502,Shobha Basha,F,57,9509005703,MIDJIL,Midjil,Mahabubnagar,2026-07-09,Community screening,144,77,94,25.3,None,Not diagnosed,
NCDR0001958,NCP0001503,Venkatesh Patel,M,49,9889607679,Kondamallepally,Devarakonda,Nalgonda,2025-07-26,Community screening,152,105,168,20.7,Hypertension+Diabetes,Uncontrolled,2025-09-24
NCDR0001959,NCP0001504,Padma Yadav,F,37,9214752708,Mangalapally,Nakrekal,Nalgonda,2026-01-24,Opportunistic screening,154,111,214,20.2,Hypertension+Diabetes,Borderline,2026-04-24
NCDR0001960,NCP0001505,Sushma Mudiraj,F,32,9868278564,Indresham,Patancheru,Sangareddy,2026-02-18,HWC screening,179,87,233,27.7,Hypertension+Diabetes,Borderline,2026-03-20
NCDR0001961,NCP0001505,Sushma Mudiraj,F,30,9868278564,Indresham,Patancheru,Sangareddy,2026-04-14,Community screening,151,111,187,28.2,Hypertension+Diabetes,Borderline,2026-06-13
NCDR0001962,NCP0001506,Swathi Das,F,30,9191747527,DONUR,Midjil,Mahabubnagar,2025-08-24,Community screening,174,104,159,29.0,Hypertension,Borderline,2025-11-22
NCDR0001963,NCP0001507,Jyothi Laxman,F,18,9879184857,Gangapur,Jadcherla,Mahabubnagar,2025-10-07,Opportunistic screening,109,70,108,26.3,None,Not diagnosed,
NCDR0001964,NCP0001508,Shankar Rao,M,19,9418166323,KANGTI,Narayankhed,Sangareddy,2025-07-30,HWC screening,155,105,165,20.4,Hypertension,Borderline,2025-10-28
NCDR0001965,NCP0001509,Padma Naik,F,37,,Devarakonda,Devarakonda,Nalgonda,2025-07-30,Community screening,174,105,204,25.8,Hypertension+Diabetes,Borderline,2025-09-28
NCDR0001966,NCP0001510,Arun Khan,M,31,9468237595,Nomula,Nakrekal,Nalgonda,2025-08-15,Community screening,145,80,147,30.7,None,Not diagnosed,
NCDR0001967,NCP0001510,Arun Khan,M,34,9468237595,NOMULA,Nakrekal,Nalgonda,2025-12-02,HWC screening,137,82,89,23.5,None,Not diagnosed,
NCDR0001968,NCP0001510,Arun Khan,M,33,9468237595,Nomula,Nakrekal,Nalgonda,2025-12-19,Community screening,142,88,99,29.3,None,Not diagnosed,
NCDR0001969,NCP0001511,Deepika Rao,F,29,9259233962,Velpul,Midjil,Mahabubnagar,2026-02-03,Opportunistic screening,177,115,160,33.6,Hypertension,Borderline,2026-04-04
NCDR0001970,NCP0001511,Deepika Rao,F,27,+91-92592-33962,Velpula,Midjil,Mahabubnagar,2026-05-21,Opportunistic screening,176,105,93,21.2,Hypertension,Uncontrolled,2026-08-19
NCDR0001971,NCP0001512,Mohan Naik,M,53,9351407587,Bhanur,Patancheru,Sangareddy,2026-04-02,HWC screening,184,111,156,24.5,Hypertension,Uncontrolled,2026-07-01
NCDR0001972,NCP0001512,Mohan Naik,M,54,+91-93514-07587,Bhanur,Patancheru,Sangareddy,2026-05-27,HWC screening,150,109,149,34.0,Hypertension,Borderline,2026-06-26
NCDR0001973,NCP0001513,Bhavani Devi,F,49,9964663173,Badepally,Jadcherla,Mahabubnagar,2026-03-22,Opportunistic screening,116,94,105,28.4,None,Not diagnosed,
NCDR0001974,NCP0001513,Bhavani Devi,F,47,+91-99646-63173,Badepally,Jadcherla,Mahabubnagar,2026-06-26,Opportunistic screening,109,88,141,18.7,None,Not diagnosed,
NCDR0001975,NCP0001514,Kavitha Narsimha,F,39,9463810309,Ameenpur,Patancheru,Sangareddy,2025-08-11,HWC screening,156,88,149,32.3,Hypertension,Uncontrolled,2025-09-10
NCDR0001976,NCP0001515,Naveen Mudiraj,M,60,9861459286,Nakrekal,Nakrekal,Nalgonda,2026-05-26,Community screening,109,73,299,22.8,Diabetes,Controlled,2026-07-25
NCDR0001977,NCP0001515,Naveen Mudiraj,M,60,9861459286,Nakrekal,Nakrekal,Nalgonda,2026-08-04,Opportunistic screening,122,88,321,31.5,Diabetes,Borderline,2026-10-03
NCDR0001978,NCP0001516,Lalitha Mallaiah,F,45,9042464896,Kohir,Zaheerabad,Sangareddy,2025-08-04,HWC screening,165,113,111,19.0,Hypertension,Controlled,2025-11-02
NCDR0001979,NCP0001517,Divya Mudiraj,F,52,,Mogudampally,Zaheerabad,Sangareddy,2026-03-17,Opportunistic screening,178,110,118,20.1,Hypertension,Controlled,2026-05-16
NCDR0001980,NCP0001517,Divya Mudiraj,F,50,9970597362,Mogudampally,Zaheerabad,Sangareddy,2026-06-14,Community screening,139,98,141,29.2,Hypertension,Controlled,2026-07-14
NCDR0001981,NCP0001518,Naresh Naik,M,52,9863742798,Macharam,Jadcherla,Mahabubnagar,2026-06-12,HWC screening,149,104,103,20.3,Hypertension,Controlled,2026-09-10
NCDR0001982,NCP0001519,Sushma Begum,F,61,9690739308,Kalher,Narayankhed,Sangareddy,2025-11-27,HWC screening,184,88,106,28.9,Hypertension,Controlled,2025-12-27
NCDR0001983,NCP0001519,Sushma Begum,F,59,+91-93907-39308,Kalher,Narayankhed,Sangareddy,2026-01-27,Opportunistic screening,173,101,120,32.8,Hypertension,Borderline,2026-04-27
NCDR0001984,NCP0001520,Arun Mudiraj,M,53,9471614839,Kummarikunta,Chandur,Nalgonda,2025-11-08,Community screening,165,85,133,32.3,Hypertension,Uncontrolled,2026-01-07
NCDR0001985,NCP0001521,Shobha Naik,F,71,+91-95090-95299,Polepally,Jadcherla,Mahabubnagar,2026-05-21,Community screening,148,103,95,33.7,Hypertension,Uncontrolled,2026-06-20
NCDR0001986,NCP0001521,Shobha Naik,F,71,9509095299,Polepally,Jadcherla,Mahabubnagar,2026-07-05,HWC screening,163,97,126,29.9,Hypertension,Uncontrolled,2026-09-03
NCDR0001987,NCP0001522,Suresh Naik,M,49,9987354870,Nakrekal,Nakrekal,Nalgonda,2026-05-20,HWC screening,148,99,217,26.6,Hypertension+Diabetes,Borderline,2026-06-19
NCDR0001988,NCP0001523,Jyothi Krishna,F,45,9448469947,Kallepally,Balanagar,Mahabubnagar,2025-11-03,Community screening,110,77,161,30.9,Diabetes,Borderline,2026-01-02
NCDR0001989,NCP0001524,nil Mudiraj,M,43,9397794132,INDRESHAM,Patancheru,Sangareddy,2025-12-08,Opportunistic screening,181,84,131,26.5,Hypertension,Borderline,2026-03-08
NCDR0001990,NCP0001525,Renuka Yadav,F,56,9907440307,Chandur,Chandur,Nalgonda,2025-07-29,Opportunistic screening,118,96,330,26.3,Diabetes,Controlled,2025-09-27
NCDR0001991,NCP0001526,Llitha Kumar,F,34,9804654795,Macharam,Jadcherla,Mahabubnagar,2025-11-24,HWC screening,155,115,87,32.6,Hypertension,Uncontrolled,2025-12-24
NCDR0001992,NCP0001526,Lalitha Kumar,F,34,9804654795,Macharam,Jadcherla,Mahabubnagar,2026-02-15,Opportunistic screening,190,98,99,19.6,Hypertension,Uncontrolled,2026-05-16
NCDR0001993,NCP0001526,Lalitha Kumar,F,32,9804654795,Macharam,Jadcherla,Mahabubnagar,2026-04-01,Opportunistic screening,144,100,140,33.0,Hypertension,Borderline,2026-05-01
NCDR0001994,NCP0001527,Rvi Narsimha,M,32,9650981000,Polepally,Jadcherla,Mahabubnagar,2025-11-22,HWC screening,120,76,97,32.1,None,Not diagnosed,
NCDR0001995,NCP0001528,Swathi,F,51,+91-97494-41680,Nermata,Chandur,Nalgonda,2026-01-04,Opportunistic screening,172,86,119,30.8,Hypertension,Uncontrolled,2026-02-03
NCDR0001996,NCP0001528,Swathi Narsimha,F,51,,Nermata,Chandur,Nalgonda,2026-03-08,HWC screening,171,88,126,20.5,Hypertension,Borderline,2026-06-06
NCDR0001997,NCP0001529,Rajesh Begum,M,58,9093296866,Kondamallepally,Devarakonda,Nalgonda,2026-04-27,Opportunistic screening,188,101,155,19.2,Hypertension+Diabetes,Borderline,2026-07-26
NCDR0001998,NCP0001529,Rajesh Begum,M,58,9093296866,Kondamallepalli,Devarakonda,Nalgonda,2026-08-10,HWC screening,168,92,319,21.6,Hypertension+Diabetes,Controlled,2026-09-09
NCDR0001999,NCP0001530,Anitha Chary,F,39,9016977261,Nakrekal,Nakrekal,Nalgonda,2026-04-01,Community screening,187,98,141,32.4,Hypertension,Controlled,2026-05-01
NCDR0002000,NCP0001530,Anitha Chary,F,39,9016977261,Nakrekal,Nakrekal,Nalgonda,2026-06-15,Community screening,155,89,98,25.3,Hypertension,Controlled,2026-09-13
NCDR0002001,NCP0001531,Kiran Chary,M,64,9648242033,Mogudampally,Zaheerabad,Sangareddy,2026-04-26,Opportunistic screening,186,113,235,23.6,Hypertension+Diabetes,Borderline,2026-05-26
NCDR0002002,NCP0001532,run Jangam,M,28,9292375609,Kummarikunta,Chandur,Nalgonda,2025-09-04,Community screening,147,98,272,29.7,Hypertension+Diabetes,Uncontrolled,2025-11-03
NCDR0002003,NCP0001533,Jyothi Yadav,F,43,+91-99149-62766,Polepally,Jadcherla,Mahabubnagar,2026-03-02,HWC screening,140,111,211,33.3,Hypertension+Diabetes,Uncontrolled,2026-04-01
NCDR0002004,NCP0001534,Shankar Patel,M,58,9622739541,Rajapur,Balanagar,Mahabubnagar,2026-02-18,Community screening,188,111,324,33.5,Hypertension+Diabetes,Controlled,2026-05-19
NCDR0002005,NCP0001535,Ramesh Patel,M,55,9400562193,Bhanur,Patancheru,Sangareddy,2025-11-05,Opportunistic screening,114,70,293,27.3,Diabetes,Controlled,2025-12-05
NCDR0002006,NCP0001535,Ramesh Patel,M,56,9400562193,Bhanur,Patancheru,Sangareddy,2025-12-30,Community screening,147,84,232,23.3,Diabetes,Uncontrolled,2026-02-28
NCDR0002007,NCP0001536,Arun Narsimha,M,37,9216792612,Manoor,Narayankhed,Sangareddy,2026-05-15,HWC screening,171,94,112,20.4,Hypertension,Controlled,2026-07-14
NCDR0002008,NCP0001537,Saritha Rao,F,33,9068538778,Donur,Midjil,Mahabubnagar,2025-10-11,Community screening,179,104,202,33.1,Hypertension+Diabetes,Borderline,2025-11-10
NCDR0002009,NCP0001538,Kiran Kumar,M,64,9874495138,Kondamallepally,Devarakonda,Nalgonda,2026-06-14,HWC screening,136,72,297,28.9,Diabetes,Borderline,2026-07-14
NCDR0002010,NCP0001539,Ramesh Begum,M,60,9548587068,Kondamallepally,Devarakonda,Nalgonda,2025-08-21,Community screening,145,88,81,19.1,Hypertension,Borderline,2025-09-20
NCDR0002011,NCP0001540,Shobha Chary,F,19,9406753471,Gundlapally,Devarakonda,Nalgonda,2025-11-08,Opportunistic screening,144,89,118,33.1,Hypertension,Borderline,2026-01-07
NCDR0002012,NCP0001541,Anitha Shekar,F,55,9159786610,Kallepally,Balanagar,Mahabubnagar,2025-10-30,Community screening,107,69,94,26.4,None,Not diagnosed,
NCDR0002013,NCP0001542,Suresh Krishna,M,30,9689786148,Kummarikunta,Chandur,Nalgonda,2026-04-18,HWC screening,147,90,182,23.9,Diabetes,Controlled,2026-05-18
NCDR0002014,NCP0001542,Suresh Kreeshna,M,28,9689786148,KUMMARIKUNTA,Chandur,Nalgonda,2026-07-31,HWC screening,126,69,155,30.9,Diabetes,Borderline,2026-09-29
NCDR0002015,NCP0001543,Rajesh Narsimha,M,20,9604518398,INDRESHAM,Patancheru,Sangareddy,2026-05-25,Opportunistic screening,105,79,283,20.1,Diabetes,Controlled,2026-08-23
NCDR0002016,NCP0001544,Ranee Kumar,F,33,9555501245,Devarakonda,Devarakonda,Nalgonda,2026-02-08,Community screening,159,112,106,33.9,Hypertension,Controlled,2026-04-09
NCDR0002017,NCP0001545,Deepika Basha,F,57,9988139532,Bangarigadda,Chandur,Nalgonda,2025-09-12,HWC screening,120,80,160,34.1,None,Not diagnosed,
NCDR0002018,NCP0001545,Deepika Basha,F,59,9988139532,Bangarigadda,Chandur,Nalgonda,2025-12-10,Opportunistic screening,134,82,134,34.0,None,Not diagnosed,
NCDR0002019,NCP0001546,Ramesh,M,75,9459868755,Kalhe,Narayankhed,Sangareddy,2026-01-29,Community screening,144,95,102,31.9,None,Not diagnosed,
NCDR0002020,NCP0001546,Ramesh Reddy,M,77,9459868755,Kalher,Narayankhed,Sangareddy,2026-05-20,Opportunistic screening,124,95,137,29.4,None,Not diagnosed,
NCDR0002021,NCP0001547,Deepika Mudiraj,F,78,9082109990,Midjil,Midjil,Mahabubnagar,2025-07-25,Community screening,154,100,298,34.0,Hypertension+Diabetes,Uncontrolled,2025-10-23
NCDR0002022,NCP0001548,Sreenivas Naik,M,58,9114960847,Kangti,Narayankhed,Sangareddy,2026-01-24,HWC screening,146,77,129,32.0,None,Not diagnosed,
NCDR0002023,NCP0001549,Naresh Reddy,M,19,9776238032,Bodajanampet,Balanagar,Mahabubnagar,2026-03-05,Opportunistic screening,128,92,93,21.4,None,Not diagnosed,
NCDR0002024,NCP0001550,Swathi Jangam,F,34,9834321352,Kallepally,Balanagar,Mahabubnagar,2026-01-29,Opportunistic screening,147,71,159,26.4,None,Not diagnosed,
NCDR0002025,NCP0001550,Swathi Jangam,F,38,9833321352,Kallepally,Balanagar,Mahabubnagar,2026-04-24,Community screening,106,87,156,19.2,None,Not diagnosed,
NCDR0002026,NCP0001551,Shankar Narsimha,M,69,9921513294,Bhanur,Patancheru,Sangareddy,2025-07-25,Community screening,118,85,125,25.4,None,Not diagnosed,
NCDR0002027,NCP0001552,Harika Kumar,F,36,9285943904,Manoo,Narayankhed,Sangareddy,2026-05-01,Community screening,116,69,325,29.7,Diabetes,Borderline,2026-07-30
NCDR0002028,NCP0001553,Renuka Rao,F,43,,Patancheru,Patancheru,Sangareddy,2025-12-10,Opportunistic screening,130,75,213,34.2,Diabetes,Uncontrolled,2026-03-10
NCDR0002029,NCP0001554,Mounika Yadav,F,51,9832208408,Zaheerabad,Zaheerabad,Sangareddy,2026-03-17,Community screening,168,98,118,30.9,Hypertension,Controlled,2026-05-16
NCDR0002030,NCP0001555,Anitha Reddy,F,42,+91-97170-92968,Mogudampally,Zaheerabad,Sangareddy,2025-10-13,Opportunistic screening,148,114,222,28.0,Hypertension+Diabetes,Borderline,2026-01-11
NCDR0002031,NCP0001555,Anitha Reddy,F,43,9717092968,MOGUDAMPALLY,Zaheerabad,Sangareddy,2025-11-28,Opportunistic screening,138,116,322,34.1,Hypertension+Diabetes,Controlled,2025-12-28
NCDR0002032,NCP0001556,Harika Kumar,F,52,+91-99659-86687,Badepally,Jadcherla,Mahabubnagar,2025-10-12,Community screening,107,92,207,21.1,Diabetes,Controlled,2025-11-11
NCDR0002033,NCP0001557,Bhavani Mudiraj,F,46,+91-92328-11994,Kondamallepally,Devarakonda,Nalgonda,2025-08-28,Opportunistic screening,182,88,138,23.1,Hypertension,Controlled,2025-11-26
NCDR0002034,NCP0001557,Bhavani Mudiraj,F,44,9239811994,Kondamallepally,Devarakonda,Nalgonda,2025-11-24,HWC screening,148,116,96,33.8,Hypertension,Borderline,2026-02-22
NCDR0002035,NCP0001558,Venkatesh Naik,M,67,9431007181,Midjil,Midjil,Mahabubnagar,2026-03-14,HWC screening,187,116,123,32.2,Hypertension,Borderline,2026-04-13
NCDR0002036,NCP0001559,Bhavani Devi,F,51,9420971806,Marrur,Nakrekal,Nalgonda,2026-02-15,Community screening,112,68,106,26.3,None,Not diagnosed,
NCDR0002037,NCP0001560,Arun Jangam,M,60,9898296203,Manoor,Narayankhed,Sangareddy,2026-04-13,Community screening,146,78,81,30.6,None,Not diagnosed,
NCDR0002038,NCP0001561,Raghav Jangam,M,42,,Nermata,Chandur,Nalgonda,2026-03-07,HWC screening,141,83,140,23.9,None,Not diagnosed,
NCDR0002039,NCP0001561,Raghav Jangam,M,42,9018116308,Nermata,Chandur,Nalgonda,2026-05-25,HWC screening,140,86,103,25.4,None,Not diagnosed,
NCDR0002040,NCP0001562,Sushma Khan,F,56,9678509069,Velpula,Midjil,Mahabubnagar,2026-06-16,Community screening,138,85,159,19.9,Hypertension,Controlled,2026-07-16
NCDR0002041,NCP0001563,Mohan Jangam,M,50,9734374163,Devarakonda,Devarakonda,Nalgonda,2026-06-05,Opportunistic screening,139,92,273,22.6,Diabetes,Borderline,2026-08-04
NCDR0002042,NCP0001564,Naresh Chary,M,69,9918546356,Nomula,Nakrekal,Nalgonda,2025-11-07,HWC screening,150,106,126,33.2,Hypertension,Uncontrolled,2025-12-07
NCDR0002043,NCP0001565,Rani Chary,F,53,9517060069,Marru,Nakrekal,Nalgonda,2025-11-24,HWC screening,153,93,235,30.8,Hypertension+Diabetes,Uncontrolled,2026-02-22
NCDR0002044,NCP0001566,Harika Laxman,F,55,9997461555,Vemula,Midjil,Mahabubnagar,2026-05-29,Community screening,171,99,163,25.2,Hypertension,Borderline,2026-07-28
NCDR0002045,NCP0001567,Sai Krishna,M,51,9214120414,Balanagar,Balanagar,Mahabubnagar,2025-11-05,Community screening,143,93,87,22.1,Hypertension,Borderline,2025-12-05
NCDR0002046,NCP0001568,Naresh Mudiraj,M,51,+91-96785-81290,Bodajanampet,Balanagar,Mahabubnagar,2025-09-30,Community screening,183,101,229,29.1,Hypertension+Diabetes,Uncontrolled,2025-11-29
NCDR0002047,NCP0001568,Naresh Mudiraj,M,50,9678581290,BODAJANAMPET,Balanagar,Mahabubnagar,2026-01-25,Community screening,163,115,325,29.0,Hypertension+Diabetes,Borderline,2026-02-24
NCDR0002048,NCP0001568,Naresh Mudiraj,M,51,9678581290,Bodajanampet,Balanagar,Mahabubnagar,2026-01-30,Community screening,151,109,261,23.4,Hypertension+Diabetes,Borderline,2026-03-01
NCDR0002049,NCP0001569,Naveen Goud,M,42,9905343502,Kondamallepally,Devarakonda,Nalgonda,2025-11-08,Opportunistic screening,182,105,99,23.4,Hypertension,Controlled,2026-01-07
NCDR0002050,NCP0001570,Mohn Jangam,M,28,9736088968,Kondamallepally,Devarakonda,Nalgonda,2025-08-29,HWC screening,141,92,135,22.1,Hypertension,Borderline,2025-09-28
NCDR0002051,NCP0001570,Mohan Jangam,M,29,9736088968,KONDAMALLEPALLY,Devarakonda,Nalgonda,2025-10-28,Opportunistic screening,181,93,79,33.0,Hypertension,Uncontrolled,2025-11-27
NCDR0002052,NCP0001571,Praveen Begum,M,72,,Jharasangam,Zaheerabad,Sangareddy,2026-04-13,Opportunistic screening,140,108,142,18.6,Hypertension,Controlled,2026-07-12
NCDR0002053,NCP0001572,Anitha Mallaiah,F,64,,PEDDADINNE,Devarakonda,Nalgonda,2025-11-30,Community screening,176,101,108,26.5,Hypertension,Controlled,2026-02-28
NCDR0002054,NCP0001573,Anjali Kumar,F,55,9571311643,BODAJANAMPET,Balanagar,Mahabubnagar,2025-11-02,HWC screening,171,98,91,29.4,Hypertension,Controlled,2026-01-31
NCDR0002055,NCP0001574,Naveen Rao,M,46,9391585183,Donur,Midjil,Mahabubnagar,2025-10-22,Community screening,116,74,128,30.7,None,Not diagnosed,
NCDR0002056,NCP0001574,Naveen Rao,M,46,9391585183,Donur,Midjil,Mahabubnagar,2025-12-08,Opportunistic screening,131,74,161,25.5,None,Not diagnosed,
NCDR0002057,NCP0001575,Anitha Mallaiah,F,24,9265816870,Badepally,Jadcherla,Mahabubnagar,2026-06-06,HWC screening,131,94,242,19.6,Diabetes,Borderline,2026-08-05
NCDR0002058,NCP0001576,Deepika Rao,F,28,9062887530,Manoor,Narayankhed,Sangareddy,2025-10-16,HWC screening,130,91,171,27.5,Diabetes,Controlled,2025-12-15
NCDR0002059,NCP0001577,Rghav Rao,M,40,9110090885,Gundlapally,Devarakonda,Nalgonda,2025-11-17,Community screening,115,85,124,25.1,None,Not diagnosed,
NCDR0002060,NCP0001577,Raghav Rao,M,41,,Gundlapally,Devarakonda,Nalgonda,2026-02-09,Opportunistic screening,122,74,143,25.6,None,Not diagnosed,
NCDR0002061,NCP0001578,Ravi Kumar,M,48,9255178564,Kohir,Zaheerabad,Sangareddy,2026-06-16,Community screening,116,85,163,24.3,None,Not diagnosed,
NCDR0002062,NCP0001579,Arun Devi,M,18,9045476295,Kohir,Zaheerabad,Sangareddy,2025-09-23,Opportunistic screening,143,90,212,29.7,Diabetes,Controlled,2025-11-22
NCDR0002063,NCP0001580,Rajesh Mudiraj,M,54,9605025130,Bhanur,Patancheru,Sangareddy,2025-11-14,Opportunistic screening,185,92,88,23.8,Hypertension,Uncontrolled,2026-01-13
NCDR0002064,NCP0001581,Swati Khan,F,31,9650359852,Zaheerabad,Zaheerabad,Sangareddy,2025-07-22,Community screening,155,86,247,19.9,Hypertension+Diabetes,Borderline,2025-08-21
NCDR0002065,NCP0001582,Saritha Shekar,F,54,9806691100,Chandur,Chandur,Nalgonda,2026-05-16,Community screening,128,92,99,33.4,None,Not diagnosed,
NCDR0002066,NCP0001582,Sritha Shekar,F,54,9806691100,Chandur,Chandur,Nalgonda,2026-08-11,Community screening,133,73,164,27.3,None,Not diagnosed,
NCDR0002067,NCP0001583,Sai Khan,M,38,9459458542,Mangalapalli,Nakrekal,Nalgonda,2025-09-08,Opportunistic screening,135,94,323,28.4,Diabetes,Borderline,2025-11-07
NCDR0002068,NCP0001584,Swathi Laxman,F,49,9332304552,Balanagar,Balanagar,Mahabubnagar,2025-08-21,Opportunistic screening,134,74,281,19.9,Diabetes,Borderline,2025-11-19
NCDR0002069,NCP0001585,Shobh Narsimha,F,52,9086978338,Marrur,Nakrekal,Nalgonda,2025-10-16,HWC screening,144,86,166,33.5,Hypertension+Diabetes,Uncontrolled,2025-12-15
NCDR0002070,NCP0001585,Shobha,F,52,9086978338,Marrur,Nakrekal,Nalgonda,2026-01-14,Opportunistic screening,152,93,183,23.2,Hypertension+Diabetes,Controlled,2026-04-14
NCDR0002071,NCP0001585,Shobha Narsimha,F,52,9086978338,MARRUR,Nakrekal,Nalgonda,2026-04-08,Opportunistic screening,139,113,268,31.8,Hypertension+Diabetes,Borderline,2026-05-08
NCDR0002072,NCP0001586,Anitha Laxman,F,35,9118191887,Kohir,Zaheerabad,Sangareddy,2026-04-04,Community screening,175,92,255,27.1,Hypertension+Diabetes,Borderline,2026-07-03
NCDR0002073,NCP0001587,Kavitha Mudiraj,F,41,9368862012,Kangti,Narayankhed,Sangareddy,2025-10-20,Opportunistic screening,120,81,190,26.5,Diabetes,Borderline,2025-12-19
NCDR0002074,NCP0001588,Harika Reddy,F,40,9399552949,Macharam,Jadcherla,Mahabubnagar,2025-10-12,HWC screening,149,76,287,29.4,Diabetes,Borderline,2025-11-11
NCDR0002075,NCP0001588,Harika Reddy,F,42,9339552949,Macharam,Jadcherla,Mahabubnagar,2026-01-26,HWC screening,117,76,235,21.5,Diabetes,Borderline,2026-02-25
NCDR0002076,NCP0001589,Swathi Yadav,F,68,9179134485,Mangalapally,Nakrekal,Nalgonda,2025-07-16,HWC screening,190,113,135,33.8,Hypertension,Controlled,2025-09-14
NCDR0002077,NCP0001589,Swathi Yadav,F,68,9179134485,Mangalapally,Nakrekal,Nalgonda,2025-09-24,Community screening,144,106,158,18.8,Hypertension,Uncontrolled,2025-12-23
NCDR0002078,NCP0001590,Padma Patel,F,60,9837885399,Bodajanampe,Balanagar,Mahabubnagar,2025-08-01,Community screening,141,102,162,25.6,Hypertension,Uncontrolled,2025-09-30
NCDR0002079,NCP0001590,Padma Patel,F,61,9837885399,Bodajanampet,Balanagar,Mahabubnagar,2025-10-29,Community screening,183,108,140,28.4,Hypertension,Uncontrolled,2026-01-27
NCDR0002080,NCP0001590,Padma Patel,F,60,9837885399,Bodajanampet,Balanagar,Mahabubnagar,2026-02-05,HWC screening,141,94,128,20.7,Hypertension,Uncontrolled,2026-04-06
NCDR0002081,NCP0001591,Jyothi Khan,F,44,9249505551,Indresham,Patancheru,Sangareddy,2026-03-30,HWC screening,106,71,148,30.5,Diabetes,Uncontrolled,2026-06-28
NCDR0002082,NCP0001591,Jyothi Khan,F,45,9249505551,Indresham,Patancheru,Sangareddy,2026-05-18,Opportunistic screening,120,87,328,18.9,Diabetes,Uncontrolled,2026-06-17
NCDR0002083,NCP0001592,Srilatha Begum,F,52,9735691843,Patancheru,Patancheru,Sangareddy,2026-05-11,Community screening,160,100,143,29.9,Hypertension,Uncontrolled,2026-08-09
NCDR0002084,NCP0001592,Srilatha Begum,F,54,+91-97356-91843,Patancheru,Patancheru,Sangareddy,2026-07-31,HWC screening,157,84,142,32.0,Hypertension,Controlled,2026-09-29
NCDR0002085,NCP0001593,Shankar Mudiraj,M,54,+91-99463-49178,Nermata,Chandur,Nalgonda,2025-11-28,Community screening,138,112,163,24.9,Hypertension,Controlled,2026-02-26
NCDR0002086,NCP0001593,Shankar Mudiraj,M,54,9946349178,Nermata,Chandur,Nalgonda,2026-03-06,HWC screening,185,115,83,29.3,Hypertension,Controlled,2026-06-04
NCDR0002087,NCP0001594,Santosh Shekar,M,47,9068690147,NOMULA,Nakrekal,Nalgonda,2026-04-19,Opportunistic screening,161,88,130,24.5,Hypertension,Controlled,2026-05-19
NCDR0002088,NCP0001594,Santosh Shekar,M,45,,Nomula,Nakrekal,Nalgonda,2026-06-03,Community screening,152,90,126,33.4,Hypertension,Borderline,2026-07-03
NCDR0002089,NCP0001595,Anitha Yadav,F,58,9209423134,Mangalapally,Nakrekal,Nalgonda,2025-10-28,Community screening,190,110,133,26.8,Hypertension,Borderline,2026-01-26
NCDR0002090,NCP0001596,Suresh Devi,M,35,+91-97349-48410,Badepally,Jadcherla,Mahabubnagar,2026-04-09,Community screening,138,107,258,26.6,Hypertension+Diabetes,Uncontrolled,2026-07-08
NCDR0002091,NCP0001597,Srinivas Jangam,M,53,9269328024,Kondamallepally,Devarakonda,Nalgonda,2026-03-01,Opportunistic screening,147,115,127,25.0,Hypertension,Borderline,2026-03-31
NCDR0002092,NCP0001598,Sai Reddy,M,25,9583742890,Gundlapally,Devarakonda,Nalgonda,2026-05-01,Community screening,176,112,78,27.8,Hypertension,Controlled,2026-06-30
NCDR0002093,NCP0001598,Sai Reddy,M,26,9583742890,GUNDLAPALLY,Devarakonda,Nalgonda,2026-06-23,Community screening,151,92,82,21.4,Hypertension,Borderline,2026-07-23
NCDR0002094,NCP0001599,Saritha Begum,F,18,9529511726,Donur,Midjil,Mahabubnagar,2025-07-24,HWC screening,173,102,142,27.2,Hypertension,Borderline,2025-09-22
NCDR0002095,NCP0001600,Sai Laxman,M,70,+91-94805-27078,Ameenpur,Patancheru,Sangareddy,2025-10-16,HWC screening,146,112,124,26.2,Hypertension,Borderline,2025-11-15
NCDR0002096,NCP0001600,Sai Laxman,M,70,9480527078,Ameenpur,Patancheru,Sangareddy,2025-12-30,Community screening,165,104,92,31.3,Hypertension,Borderline,2026-01-29
NCDR0002097,NCP0001601,Harika Goud,F,33,,Vemula,Midjil,Mahabubnagar,2025-10-10,Community screening,145,114,226,22.8,Hypertension+Diabetes,Controlled,2026-01-08
NCDR0002098,NCP0001602,Rani Yadav,F,74,,Bhanur,Patancheru,Sangareddy,2026-02-17,HWC screening,141,102,118,28.8,Hypertension,Borderline,2026-05-18
NCDR0002099,NCP0001603,Suresh Yadav,M,28,9655182199,Badepally,Jadcherla,Mahabubnagar,2025-12-03,Opportunistic screening,128,84,256,30.1,Diabetes,Borderline,2026-03-03
NCDR0002100,NCP0001604,Padma Kumar,F,43,9826799196,Vemula,Midjil,Mahabubnagar,2026-06-11,HWC screening,142,96,284,31.2,Hypertension+Diabetes,Borderline,2026-07-11
NCDR0002101,NCP0001605,Raju Yadav,M,47,9137189572,BALANAGAR,Balanagar,Mahabubnagar,2026-04-06,HWC screening,149,104,189,21.6,Hypertension+Diabetes,Uncontrolled,2026-07-05
NCDR0002102,NCP0001605,Raju Yadav,M,47,9137189572,Balanagar,Balanagar,Mahabubnagar,2026-07-15,Community screening,188,102,235,28.0,Hypertension+Diabetes,Uncontrolled,2026-08-14
NCDR0002103,NCP0001606,Venkatesh Kumar,M,40,9030118811,Nakrekal,Nakrekal,Nalgonda,2025-10-06,Community screening,119,71,82,28.2,None,Not diagnosed,
NCDR0002104,NCP0001607,Srilatha Krishna,F,48,9494299548,Nermata,Chandur,Nalgonda,2025-10-09,Opportunistic screening,109,86,89,30.1,None,Not diagnosed,
NCDR0002105,NCP0001608,Naresh Devi,M,18,9021845183,Manoor,Narayankhed,Sangareddy,2026-04-22,HWC screening,149,111,312,23.8,Hypertension+Diabetes,Uncontrolled,2026-06-21
NCDR0002106,NCP0001608,Nares Devi,M,19,9021845183,MANOOR,Narayankhed,Sangareddy,2026-07-15,HWC screening,187,109,256,20.1,Hypertension+Diabetes,Uncontrolled,2026-08-14
NCDR0002107,NCP0001609,Raghav Basha,M,66,9170317322,Badepalli,Jadcherla,Mahabubnagar,2025-09-04,HWC screening,117,83,323,22.8,Diabetes,Uncontrolled,2025-12-03
NCDR0002108,NCP0001610,Anjali Rao,F,20,9809174310,Peddadinne,Devarakonda,Nalgonda,2026-05-26,HWC screening,137,84,136,20.2,None,Not diagnosed,
NCDR0002109,NCP0001611,Anil Kumar,M,56,9197989813,Kummarikunta,Chandur,Nalgonda,2026-02-16,Opportunistic screening,117,95,120,19.1,None,Not diagnosed,
NCDR0002110,NCP0001612,Padma Jangam,F,60,9751647613,Nakrekal,Nakrekal,Nalgonda,2025-10-09,HWC screening,133,80,241,19.4,Diabetes,Controlled,2026-01-07
NCDR0002111,NCP0001613,Santosh Narsimha,M,34,9594985890,Devarakonda,Devarakonda,Nalgonda,2026-03-09,Community screening,133,91,286,31.3,Diabetes,Uncontrolled,2026-04-08
NCDR0002112,NCP0001614,Anil Krishna,M,62,9957577973,Kallepally,Balanagar,Mahabubnagar,2026-04-12,Opportunistic screening,169,112,310,30.1,Hypertension+Diabetes,Borderline,2026-06-11
NCDR0002113,NCP0001614,Anil,M,62,9957577173,Kallepally,Balanagar,Mahabubnagar,2026-06-07,Community screening,180,88,286,31.3,Hypertension+Diabetes,Borderline,2026-08-06
NCDR0002114,NCP0001615,Mounika Kumar,F,34,9175316649,Kalher,Narayankhed,Sangareddy,2025-11-20,Community screening,189,98,281,21.7,Hypertension+Diabetes,Uncontrolled,2026-01-19
NCDR0002115,NCP0001616,Nirmala Jangam,F,49,9655665123,Bangarigadda,Chandur,Nalgonda,2026-05-05,Opportunistic screening,112,86,91,33.4,None,Not diagnosed,
NCDR0002116,NCP0001616,Nirmala Jangam,F,51,9655665123,Bangarigadda,Chandur,Nalgonda,2026-07-28,Opportunistic screening,134,69,107,20.9,None,Not diagnosed,
NCDR0002117,NCP0001617,Anjali Naik,F,25,9173446513,Indresham,Patancheru,Sangareddy,2026-04-18,Opportunistic screening,170,110,222,21.6,Hypertension+Diabetes,Controlled,2026-07-17
NCDR0002118,NCP0001618,Suresh Begum,M,53,9103676215,Mogudampally,Zaheerabad,Sangareddy,2026-04-13,Opportunistic screening,149,110,142,24.7,Hypertension,Uncontrolled,2026-05-13
NCDR0002119,NCP0001618,Suresh Begum,M,53,9103676215,Mogudampally,Zaheerabad,Sangareddy,2026-07-09,Community screening,173,113,138,31.6,Hypertension,Controlled,2026-10-07
NCDR0002120,NCP0001619,Mounika Goud,F,36,9919430713,Bangarigadda,Chandur,Nalgonda,2026-05-14,Opportunistic screening,115,77,143,29.9,None,Not diagnosed,
NCDR0002121,NCP0001620,Ramesh Mudiraj,M,24,+91-91165-78156,Kummarikunta,Chandur,Nalgonda,2026-01-07,Opportunistic screening,119,81,116,29.2,None,Not diagnosed,
NCDR0002122,NCP0001620,Ramesh Mudiraj,M,24,9116578156,Kummarikunta,Chandur,Nalgonda,2026-04-04,HWC screening,148,77,160,33.1,None,Not diagnosed,
NCDR0002123,NCP0001621,Nirmala Yadav,F,62,9474389704,Gangapur,Jadcherla,Mahabubnagar,2026-04-10,HWC screening,143,101,323,34.1,Hypertension+Diabetes,Uncontrolled,2026-05-10
NCDR0002124,NCP0001622,Kavitha Laxman,F,74,9007056938,Kummarikunta,Chandur,Nalgonda,2025-10-23,Opportunistic screening,133,91,95,34.1,None,Not diagnosed,
NCDR0002125,NCP0001623,Kavitha Mallaiah,F,30,9680896200,Mogudampalli,Zaheerabad,Sangareddy,2025-12-05,Community screening,121,74,104,24.4,None,Not diagnosed,
NCDR0002126,NCP0001624,Rani Rao,F,38,9815582860,Patancheru,Patancheru,Sangareddy,2025-12-30,HWC screening,138,89,134,28.6,Hypertension,Controlled,2026-03-30
NCDR0002127,NCP0001625,Srinivas Narsimha,M,54,+91-94771-56985,Donur,Midjil,Mahabubnagar,2026-03-07,HWC screening,139,96,136,22.7,Hypertension,Borderline,2026-06-05
NCDR0002128,NCP0001626,Naresh Khan,M,31,9673191100,Narayankhed,Narayankhed,Sangareddy,2026-04-02,Opportunistic screening,137,82,141,33.3,None,Not diagnosed,
NCDR0002129,NCP0001627,Ramesh Yadav,M,53,9518124924,Manoor,Narayankhed,Sangareddy,2026-01-05,Community screening,145,80,199,22.3,Diabetes,Uncontrolled,2026-04-05
NCDR0002130,NCP0001627,Rames Yadav,M,50,9518124924,Manoor,Narayankhed,Sangareddy,2026-04-12,Opportunistic screening,119,88,164,25.9,Diabetes,Borderline,2026-05-12
NCDR0002131,NCP0001628,Arun Narsimha,M,54,+91-97839-46473,Peddadinne,Devarakonda,Nalgonda,2026-05-17,Community screening,149,90,186,33.0,Diabetes,Controlled,2026-07-16
NCDR0002132,NCP0001629,Saritha Begum,F,52,9311891724,Narayankhed,Narayankhed,Sangareddy,2026-02-10,Opportunistic screening,171,112,93,23.8,Hypertension,Borderline,2026-03-12
NCDR0002133,NCP0001629,Sritha Begum,F,52,9311891724,Narayankhed,Narayankhed,Sangareddy,2026-04-02,Opportunistic screening,184,87,88,21.2,Hypertension,Uncontrolled,2026-07-01
NCDR0002134,NCP0001630,Divya Rao,F,45,9353947916,Kallepally,Balanagar,Mahabubnagar,2025-12-15,HWC screening,182,88,128,20.7,Hypertension,Borderline,2026-02-13
NCDR0002135,NCP0001631,Renuka Goud,F,61,9157594842,Kohir,Zaheerabad,Sangareddy,2025-12-02,Opportunistic screening,131,73,120,31.2,None,Not diagnosed,
NCDR0002136,NCP0001632,Raju Naik,M,52,,Kummarikunta,Chandur,Nalgonda,2026-03-30,Opportunistic screening,168,110,226,30.6,Hypertension+Diabetes,Controlled,2026-04-29
NCDR0002137,NCP0001632,Raju Naik,M,54,9625093774,Kummarikunta,Chandur,Nalgonda,2026-06-20,Opportunistic screening,173,105,168,32.0,Hypertension+Diabetes,Borderline,2026-08-19
NCDR0002138,NCP0001633,Praveen Kumar,M,70,9139002356,Kummarikunta,Chandur,Nalgonda,2026-06-10,Community screening,145,84,180,26.4,Hypertension+Diabetes,Uncontrolled,2026-08-09
NCDR0002139,NCP0001634,Jyothi Yadav,F,56,9777794976,Indresham,Patancheru,Sangareddy,2026-01-05,Community screening,172,94,167,29.1,Hypertension+Diabetes,Controlled,2026-04-05
NCDR0002140,NCP0001635,Swathi Basha,F,57,9241639612,Gangapur,Jadcherla,Mahabubnagar,2025-10-11,Community screening,142,87,219,19.5,Hypertension+Diabetes,Uncontrolled,2025-11-10
NCDR0002141,NCP0001635,Swati Basha,F,59,9241639612,Gangapur,Jadcherla,Mahabubnagar,2025-12-23,Community screening,154,93,309,25.5,Hypertension+Diabetes,Controlled,2026-01-22
NCDR0002142,NCP0001636,Nveen Patel,M,45,9478867802,Rajapur,Balanagar,Mahabubnagar,2025-10-08,HWC screening,131,75,246,31.5,Diabetes,Uncontrolled,2026-01-06
NCDR0002143,NCP0001637,Santosh Begum,M,40,9572308160,Polepally,Jadcherla,Mahabubnagar,2025-11-04,Community screening,150,84,117,31.1,None,Not diagnosed,
NCDR0002144,NCP0001637,Santos Begum,M,40,9572308160,Polepally,Jadcherla,Mahabubnagar,2026-02-16,Community screening,127,83,94,21.1,None,Not diagnosed,
NCDR0002145,NCP0001638,Praveen Kumar,M,42,9867340140,Gangapur,Jadcherla,Mahabubnagar,2025-12-23,Opportunistic screening,113,72,309,21.5,Diabetes,Borderline,2026-02-21
NCDR0002146,NCP0001639,Naresh Begum,M,65,9923204686,Velpula,Midjil,Mahabubnagar,2025-12-18,Community screening,114,81,188,25.4,Diabetes,Uncontrolled,2026-01-17
NCDR0002147,NCP0001640,Rajesh Mallaeeah,M,52,,Nakrekal,Nakrekal,Nalgonda,2026-04-24,HWC screening,148,84,122,29.2,Hypertension,Borderline,2026-06-23
NCDR0002148,NCP0001640,Rajesh Mallaiah,M,51,9086193879,NAKREKAL,Nakrekal,Nalgonda,2026-06-18,Community screening,188,90,90,22.7,Hypertension,Uncontrolled,2026-07-18
NCDR0002149,NCP0001641,Jyothi Krishna,F,45,+91-99976-50993,Kummarikunta,Chandur,Nalgonda,2026-04-06,Opportunistic screening,170,89,163,26.9,Hypertension,Controlled,2026-05-06
NCDR0002150,NCP0001642,Swathi Chary,F,40,9657466137,Chandur,Chandur,Nalgonda,2026-05-06,Opportunistic screening,141,83,80,24.8,None,Not diagnosed,
NCDR0002151,NCP0001642,Swati Chary,F,41,9657466137,Chandur,Chandur,Nalgonda,2026-07-30,Community screening,150,82,111,24.9,None,Not diagnosed,
NCDR0002152,NCP0001643,Rani Devi,F,40,9053801529,Nomula,Nakrekal,Nalgonda,2026-05-31,Opportunistic screening,161,88,275,25.4,Hypertension+Diabetes,Controlled,2026-07-30
NCDR0002153,NCP0001644,Mounika Das,F,59,+91-99688-57791,Mangalapally,Nakrekal,Nalgonda,2025-11-07,Opportunistic screening,136,82,286,21.7,Diabetes,Uncontrolled,2026-02-05
NCDR0002154,NCP0001645,Kiran Shekar,M,51,9169310525,GANGAPUR,Jadcherla,Mahabubnagar,2025-11-26,HWC screening,162,88,138,18.7,Hypertension,Borderline,2026-02-24
NCDR0002155,NCP0001646,Rani Reddy,F,53,9085504412,Nakrekal,Nakrekal,Nalgonda,2025-09-28,HWC screening,142,116,235,28.9,Hypertension+Diabetes,Controlled,2025-11-27
NCDR0002156,NCP0001647,Bhawani Chary,F,67,9255556533,Mangalapally,Nakrekal,Nalgonda,2026-04-28,Opportunistic screening,129,84,137,30.2,None,Not diagnosed,
NCDR0002157,NCP0001648,Nirmala Jangam,F,41,+91-96302-76255,Midjil,Midjil,Mahabubnagar,2026-03-02,Community screening,125,93,163,31.1,None,Not diagnosed,
NCDR0002158,NCP0001649,Padma Jangam,F,35,9647076971,Marrur,Nakrekal,Nalgonda,2025-11-25,Community screening,119,82,217,31.3,Diabetes,Borderline,2025-12-25
NCDR0002159,NCP0001649,Padma,F,36,9647076971,Marrur,Nakrekal,Nalgonda,2026-02-03,HWC screening,131,92,329,27.1,Diabetes,Controlled,2026-04-04
NCDR0002160,NCP0001649,Padma Jangam,F,37,9647076971,Marrur,Nakrekal,Nalgonda,2026-05-26,Community screening,129,88,194,29.8,Diabetes,Borderline,2026-07-25
NCDR0002161,NCP0001650,Praveen Naik,M,65,9355450585,Mogudampally,Zaheerabad,Sangareddy,2026-05-26,Community screening,183,114,81,31.3,Hypertension,Borderline,2026-08-24
NCDR0002162,NCP0001651,Lalitha Rao,F,36,9721701545,Velpula,Midjil,Mahabubnagar,2026-01-26,Community screening,124,78,122,29.5,None,Not diagnosed,
NCDR0002163,NCP0001652,Anitha Naik,F,18,9273598038,Kondamallepalli,Devarakonda,Nalgonda,2025-11-14,Community screening,160,110,148,21.6,Hypertension,Borderline,2026-02-12
NCDR0002164,NCP0001652,Anitha Naik,F,18,9273598038,Kondamallepally,Devarakonda,Nalgonda,2026-01-01,Community screening,183,110,140,18.8,Hypertension,Controlled,2026-04-01
NCDR0002165,NCP0001653,winod Yadav,M,69,9658115375,Kalher,Narayankhed,Sangareddy,2026-04-04,Community screening,177,105,169,24.9,Hypertension+Diabetes,Controlled,2026-07-03
NCDR0002166,NCP0001653,Vinod Yadav,M,68,9628115375,Kalher,Narayankhed,Sangareddy,2026-05-30,Community screening,168,95,220,32.1,Hypertension+Diabetes,Borderline,2026-08-28
NCDR0002167,NCP0001654,Venkatesh Reddy,M,54,,Bangarigadda,Chandur,Nalgonda,2025-10-31,Community screening,154,103,84,33.6,Hypertension,Uncontrolled,2025-12-30
NCDR0002168,NCP0001655,Santosh Khan,M,46,9016458651,Nakrekal,Nakrekal,Nalgonda,2025-08-24,Community screening,144,70,134,26.0,None,Not diagnosed,
NCDR0002169,NCP0001656,Lakshmi Mudiraj,F,83,9348246599,Gangapur,Jadcherla,Mahabubnagar,2025-09-25,Community screening,113,89,93,30.2,None,Not diagnosed,
NCDR0002170,NCP0001657,Vinod Kumar,M,41,9499706868,Gundlapally,Devarakonda,Nalgonda,2025-10-27,HWC screening,132,88,293,27.6,Diabetes,Borderline,2026-01-25
NCDR0002171,NCP0001658,Naveen Goud,M,90,,Zaheerabad,Zaheerabad,Sangareddy,2026-03-19,Community screening,149,103,153,24.9,Hypertension,Uncontrolled,2026-04-18
NCDR0002172,NCP0001658,Naveen Goud,M,89,9351274013,Zaheerabad,Zaheerabad,Sangareddy,2026-07-03,Community screening,175,94,89,33.5,Hypertension,Borderline,2026-09-01
NCDR0002173,NCP0001659,Kiran Laxman,M,34,9190039697,Jharasangam,Zaheerabad,Sangareddy,2025-12-31,Opportunistic screening,162,107,83,26.0,Hypertension,Borderline,2026-01-30
NCDR0002174,NCP0001660,Rajesh Reddy,M,33,9119972952,Bodajanampet,Balanagar,Mahabubnagar,2025-07-29,Opportunistic screening,173,109,131,34.2,Hypertension,Controlled,2025-08-28
NCDR0002175,NCP0001661,Padma Shekar,F,56,9599187225,Donur,Midjil,Mahabubnagar,2025-07-17,Opportunistic screening,147,116,205,28.2,Hypertension+Diabetes,Borderline,2025-10-15
NCDR0002176,NCP0001662,Ravi Basha,M,34,9550294597,Jharasangam,Zaheerabad,Sangareddy,2025-07-19,Community screening,164,92,298,19.9,Hypertension+Diabetes,Borderline,2025-09-17
NCDR0002177,NCP0001663,Jyothi Yadav,F,26,9504990364,Macharam,Jadcherla,Mahabubnagar,2025-09-07,Opportunistic screening,139,103,295,31.4,Hypertension+Diabetes,Borderline,2025-11-06
NCDR0002178,NCP0001664,Swathi Shekar,F,35,9995228560,Chandu,Chandur,Nalgonda,2025-12-12,HWC screening,162,85,153,26.4,Hypertension+Diabetes,Controlled,2026-01-11
NCDR0002179,NCP0001665,Shankar Reddy,M,50,9430166656,ZAHEERABAD,Zaheerabad,Sangareddy,2025-07-09,Opportunistic screening,156,94,126,22.6,Hypertension,Uncontrolled,2025-10-07
NCDR0002180,NCP0001665,Shankar Reddy,M,51,9430166656,ZAHEERABAD,Zaheerabad,Sangareddy,2025-10-03,Community screening,173,95,118,21.4,Hypertension,Uncontrolled,2026-01-01
NCDR0002181,NCP0001665,Shankar Reddy,M,50,9430166656,Zaheerabad,Zaheerabad,Sangareddy,2025-10-07,Opportunistic screening,184,112,99,24.1,Hypertension,Uncontrolled,2026-01-05
NCDR0002182,NCP0001666,Rajesh Das,M,36,+91-94039-96976,Indresha,Patancheru,Sangareddy,2025-10-24,Opportunistic screening,105,76,250,23.4,Diabetes,Borderline,2025-12-23
NCDR0002183,NCP0001667,Sushma Patel,F,55,9938472884,Marrur,Nakrekal,Nalgonda,2025-09-08,Community screening,132,75,148,29.5,None,Not diagnosed,
NCDR0002184,NCP0001667,Sushma Patel,F,52,9938478884,Marrur,Nakrekal,Nalgonda,2025-10-29,Opportunistic screening,127,68,157,21.8,None,Not diagnosed,
NCDR0002185,NCP0001668,Swathi Das,F,52,,Balanagar,Balanagar,Mahabubnagar,2025-07-17,Community screening,121,72,114,34.4,None,Not diagnosed,
NCDR0002186,NCP0001668,Swathi Das,F,50,9462153038,Balanagar,Balanagar,Mahabubnagar,2025-10-02,Community screening,112,84,112,30.8,None,Not diagnosed,
NCDR0002187,NCP0001669,Mounika Krishna,F,56,9577813083,Indresham,Patancheru,Sangareddy,2026-04-13,Opportunistic screening,148,82,233,30.8,Diabetes,Uncontrolled,2026-05-13
NCDR0002188,NCP0001669,Mounika Krishna,F,55,9577813583,Indresham,Patancheru,Sangareddy,2026-06-16,HWC screening,147,68,201,29.8,Diabetes,Borderline,2026-07-16
NCDR0002189,NCP0001670,Ravee Yadav,M,48,9221258653,Ameenpu,Patancheru,Sangareddy,2026-05-27,Community screening,158,95,93,22.3,Hypertension,Controlled,2026-08-25
NCDR0002190,NCP0001671,Raghav Narsimha,M,67,9805616096,Rajapur,Balanagar,Mahabubnagar,2026-02-09,Opportunistic screening,142,90,194,24.2,Hypertension+Diabetes,Uncontrolled,2026-04-10
NCDR0002191,NCP0001672,Raju Shekar,M,62,9354773119,Indresham,Patancheru,Sangareddy,2026-04-15,Opportunistic screening,137,88,309,33.4,Diabetes,Controlled,2026-07-14
NCDR0002192,NCP0001672,Raju sekar,M,61,9354773119,Indresham,Patancheru,Sangareddy,2026-07-15,Opportunistic screening,134,83,171,28.5,Diabetes,Borderline,2026-10-13
NCDR0002193,NCP0001673,Kavitha Mudiraj,F,44,9303974622,Bodajanampet,Balanagar,Mahabubnagar,2025-11-10,Opportunistic screening,170,105,145,29.9,Hypertension,Borderline,2025-12-10
NCDR0002194,NCP0001673,Kavitha Mudiraj,F,44,+91-93039-74622,Bodajanampet,Balanagar,Mahabubnagar,2026-02-13,HWC screening,181,91,135,21.4,Hypertension,Borderline,2026-03-15
NCDR0002195,NCP0001673,Kavitha Mudiraj,F,43,9303974622,Bodajanampet,Balanagar,Mahabubnagar,2026-02-16,HWC screening,178,92,80,26.7,Hypertension,Uncontrolled,2026-03-18
NCDR0002196,NCP0001674,Raghav Basha,M,66,9197931289,Marrur,Nakrekal,Nalgonda,2026-03-09,Opportunistic screening,140,95,109,26.2,None,Not diagnosed,
NCDR0002197,NCP0001675,Divya,F,76,9947876488,Patancheru,Patancheru,Sangareddy,2026-02-03,HWC screening,175,116,108,25.0,Hypertension,Borderline,2026-03-05
NCDR0002198,NCP0001675,Divya Rao,F,78,9947876488,Patancheru,Patancheru,Sangareddy,2026-04-14,Opportunistic screening,156,96,143,29.0,Hypertension,Controlled,2026-07-13
NCDR0002199,NCP0001676,Rajesh Begum,M,51,9951837503,Gundlapall,Devarakonda,Nalgonda,2025-11-21,HWC screening,147,98,229,26.1,Hypertension+Diabetes,Borderline,2025-12-21
NCDR0002200,NCP0001677,Kiran Mallaiah,M,63,9526773381,Patancheru,Patancheru,Sangareddy,2025-07-12,HWC screening,136,96,303,26.1,Diabetes,Uncontrolled,2025-08-11
NCDR0002201,NCP0001678,Arun Rao,M,73,9127196720,Nermata,Chandur,Nalgonda,2026-03-22,Opportunistic screening,117,88,141,22.8,None,Not diagnosed,
NCDR0002202,NCP0001678,Arun Rao,M,74,9127196720,Nermata,Chandur,Nalgonda,2026-06-26,Community screening,130,86,155,32.0,None,Not diagnosed,
NCDR0002203,NCP0001679,Nirmala Devi,F,34,,Indresham,Patancheru,Sangareddy,2025-12-20,Opportunistic screening,111,73,106,23.9,None,Not diagnosed,
NCDR0002204,NCP0001680,Rajesh Jangam,M,36,,Marrur,Nakrekal,Nalgonda,2026-01-20,Community screening,125,76,201,31.7,Diabetes,Borderline,2026-04-20
NCDR0002205,NCP0001681,Padma Goud,F,72,9391647127,Marrur,Nakrekal,Nalgonda,2025-10-04,HWC screening,122,96,112,23.8,None,Not diagnosed,
NCDR0002206,NCP0001682,Rani Begum,F,21,9088863979,Patancheru,Patancheru,Sangareddy,2026-05-18,Opportunistic screening,155,113,330,24.3,Hypertension+Diabetes,Controlled,2026-06-17
NCDR0002207,NCP0001683,Raju Begum,M,63,9516395999,Gangapu,Jadcherla,Mahabubnagar,2025-09-07,HWC screening,151,88,207,26.2,Hypertension+Diabetes,Borderline,2025-10-07
NCDR0002208,NCP0001684,Rajesh Yadav,M,64,9263144363,Velpula,Midjil,Mahabubnagar,2025-12-13,Community screening,160,102,79,24.8,Hypertension,Uncontrolled,2026-01-12
NCDR0002209,NCP0001684,Rajesh Yadaw,M,66,9263144363,Velpula,Midjil,Mahabubnagar,2026-04-06,Opportunistic screening,140,89,121,32.1,Hypertension,Uncontrolled,2026-06-05
NCDR0002210,NCP0001684,Rajesh Yadav,M,64,9263144363,Velpula,Midjil,Mahabubnagar,2026-05-14,Community screening,147,109,113,29.7,Hypertension,Controlled,2026-06-13
NCDR0002211,NCP0001685,Shankar Yadav,M,40,+91-90525-61907,Ameenpu,Patancheru,Sangareddy,2026-02-26,HWC screening,112,82,325,25.4,Diabetes,Borderline,2026-05-27
NCDR0002212,NCP0001685,Shankar Yadav,M,37,+91-90525-61907,AMEENPUR,Patancheru,Sangareddy,2026-06-24,Community screening,146,78,304,29.6,Diabetes,Borderline,2026-09-22
NCDR0002213,NCP0001686,Kiran Laxman,M,56,9543017670,Gundlapally,Devarakonda,Nalgonda,2025-11-14,Opportunistic screening,141,88,105,21.1,Hypertension,Uncontrolled,2025-12-14
NCDR0002214,NCP0001687,Kavitha Khan,F,20,,Kondamallepally,Devarakonda,Nalgonda,2026-05-22,Opportunistic screening,157,98,236,28.1,Hypertension+Diabetes,Controlled,2026-06-21
NCDR0002215,NCP0001688,Sai Goud,M,59,9226263628,Marrur,Nakrekal,Nalgonda,2026-02-17,HWC screening,109,94,238,20.9,Diabetes,Controlled,2026-03-19
NCDR0002216,NCP0001689,Rajesh Narsimha,M,30,9866641347,Macharam,Jadcherla,Mahabubnagar,2026-04-19,Opportunistic screening,180,88,160,33.5,Hypertension,Borderline,2026-05-19
NCDR0002217,NCP0001690,Rani Rao,F,24,9296565384,MANGALAPALLY,Nakrekal,Nalgonda,2026-06-11,HWC screening,129,95,91,33.9,None,Not diagnosed,
NCDR0002218,NCP0001691,Rajesh Naeek,M,36,9189621813,Narayankhed,Narayankhed,Sangareddy,2025-08-21,Community screening,122,77,86,32.8,None,Not diagnosed,
NCDR0002219,NCP0001692,Suresh Ydav,M,76,9097645158,Indresham,Patancheru,Sangareddy,2025-11-19,HWC screening,125,86,225,21.4,Diabetes,Controlled,2025-12-19
NCDR0002220,NCP0001693,Arun Krishna,M,46,9067727379,Nomula,Nakrekal,Nalgonda,2025-10-30,HWC screening,122,72,255,31.1,Diabetes,Borderline,2025-11-29
NCDR0002221,NCP0001694,Jyothi Ptel,F,51,9567008580,Polepalli,Jadcherla,Mahabubnagar,2026-06-06,HWC screening,151,102,293,26.0,Hypertension+Diabetes,Controlled,2026-07-06
NCDR0002222,NCP0001694,Jyothee Patel,F,51,+91-95670-08580,Polepally,Jadcherla,Mahabubnagar,2026-07-24,HWC screening,146,114,211,31.3,Hypertension+Diabetes,Borderline,2026-08-23
NCDR0002223,NCP0001695,Ramesh Naik,M,45,9251060066,Kalher,Narayankhed,Sangareddy,2025-07-28,HWC screening,169,90,122,21.8,Hypertension,Borderline,2025-08-27
NCDR0002224,NCP0001695,Ramesh Naik,M,44,9251060066,Kalher,Narayankhed,Sangareddy,2025-09-15,Community screening,175,101,82,23.6,Hypertension,Borderline,2025-10-15
NCDR0002225,NCP0001695,Ramesh Naik,M,45,9551060066,Kalher,Narayankhed,Sangareddy,2026-03-13,HWC screening,151,85,117,34.5,Hypertension,Borderline,2026-05-12
NCDR0002226,NCP0001696,Jyothi Krishna,F,51,9368991573,Midjil,Midjil,Mahabubnagar,2026-02-18,Community screening,138,91,156,23.1,Hypertension,Uncontrolled,2026-05-19
NCDR0002227,NCP0001697,Swathi Devi,F,32,9925709782,Indresham,Patancheru,Sangareddy,2026-03-28,Community screening,130,76,117,26.3,None,Not diagnosed,
NCDR0002228,NCP0001698,Arun Mudiraj,M,31,9540948265,KUMMARIKUNTA,Chandur,Nalgonda,2026-02-05,Opportunistic screening,155,102,206,27.7,Hypertension+Diabetes,Uncontrolled,2026-04-06
NCDR0002229,NCP0001698,Arun Mudiraj,M,31,9540948265,Kummarikunta,Chandur,Nalgonda,2026-03-27,Community screening,169,93,175,21.4,Hypertension+Diabetes,Uncontrolled,2026-06-25
NCDR0002230,NCP0001699,Nirmala Chary,F,38,9899347010,Ameenpur,Patancheru,Sangareddy,2025-11-30,Opportunistic screening,112,79,253,19.9,Diabetes,Controlled,2026-02-28
NCDR0002231,NCP0001700,Naresh Khan,M,46,9635081129,Mogudampally,Zaheerabad,Sangareddy,2026-01-03,Opportunistic screening,134,73,265,22.6,Diabetes,Borderline,2026-04-03
NCDR0002232,NCP0001701,Nirmala Das,F,68,9329122673,Gundlapally,Devarakonda,Nalgonda,2025-07-16,Opportunistic screening,107,87,114,24.2,None,Not diagnosed,
NCDR0002233,NCP0001701,Nirmala Das,F,68,9329122673,Gundlapally,Devarakonda,Nalgonda,2025-10-22,HWC screening,146,85,146,21.6,None,Not diagnosed,
NCDR0002234,NCP0001702,Mounika Mudiraj,F,28,9500481828,Midjil,Midjil,Mahabubnagar,2026-03-27,Community screening,168,102,322,30.3,Hypertension+Diabetes,Borderline,2026-06-25
NCDR0002235,NCP0001703,Mounika Laxman,F,42,9819241434,Balanagar,Balanagar,Mahabubnagar,2025-11-06,HWC screening,128,91,93,28.2,None,Not diagnosed,
NCDR0002236,NCP0001704,Anitha Shekar,F,75,9031317177,Gundlapally,Devarakonda,Nalgonda,2026-02-15,Community screening,139,92,316,25.7,Diabetes,Uncontrolled,2026-03-17
NCDR0002237,NCP0001704,Anitha Shekar,F,75,9031317177,Gundlapally,Devarakonda,Nalgonda,2026-06-06,Community screening,115,80,220,20.6,Diabetes,Controlled,2026-09-04
NCDR0002238,NCP0001705,Santosh Rao,M,61,9339344209,Gundlapally,Devarakonda,Nalgonda,2025-10-16,Community screening,159,109,94,27.2,Hypertension,Uncontrolled,2025-12-15
NCDR0002239,NCP0001706,Sai Goud,M,61,,Donur,Midjil,Mahabubnagar,2025-09-12,Community screening,120,90,273,31.2,Diabetes,Uncontrolled,2025-12-11
NCDR0002240,NCP0001707,Kavitha Mallaiah,F,42,9495010708,Mogudampally,Zaheerabad,Sangareddy,2025-10-22,Community screening,120,84,94,27.9,None,Not diagnosed,
NCDR0002241,NCP0001708,Naresh Khan,M,45,9309744349,Gangapur,Jadcherla,Mahabubnagar,2025-09-26,HWC screening,146,94,194,25.7,Hypertension+Diabetes,Borderline,2025-12-25
NCDR0002242,NCP0001709,Suresh Yadav,M,47,9308242024,Jharasangam,Zaheerabad,Sangareddy,2026-01-03,HWC screening,118,91,132,31.4,None,Not diagnosed,
NCDR0002243,NCP0001710,Nirmala Patel,F,63,9222043140,Mangalapalli,Nakrekal,Nalgonda,2026-06-15,Opportunistic screening,125,87,97,21.8,None,Not diagnosed,
NCDR0002244,NCP0001711,Santosh Shekar,M,36,9918234839,GANGAPUR,Jadcherla,Mahabubnagar,2025-08-21,HWC screening,118,96,155,31.4,None,Not diagnosed,
NCDR0002245,NCP0001712,Lalitha Mallaiah,F,88,9405430982,VEMULA,Midjil,Mahabubnagar,2025-12-26,HWC screening,109,68,141,27.2,None,Not diagnosed,
NCDR0002246,NCP0001712,Lalitha Mallaiah,F,86,9405430982,Vemula,Midjil,Mahabubnagar,2026-02-20,HWC screening,135,84,108,28.0,None,Not diagnosed,
NCDR0002247,NCP0001713,Saritha Rao,F,67,9192715856,Rajapur,Balanagar,Mahabubnagar,2025-09-15,Opportunistic screening,158,101,216,32.4,Hypertension+Diabetes,Controlled,2025-10-15
NCDR0002248,NCP0001713,Saritha Rao,F,66,9192715856,Rajapur,Balanagar,Mahabubnagar,2025-11-18,Opportunistic screening,169,104,268,25.7,Hypertension+Diabetes,Uncontrolled,2026-02-16
NCDR0002249,NCP0001714,nil Basha,M,69,9347278588,Kummarikunta,Chandur,Nalgonda,2025-07-23,Opportunistic screening,174,116,98,25.7,Hypertension,Uncontrolled,2025-10-21
NCDR0002250,NCP0001715,Venkatesh Khan,M,36,+91-96619-83745,Peddadinne,Devarakonda,Nalgonda,2026-04-11,Opportunistic screening,147,80,153,28.2,Diabetes,Controlled,2026-06-10
NCDR0002251,NCP0001716,Srinivas Naik,M,43,+91-91272-59098,Mogudampally,Zaheerabad,Sangareddy,2026-03-09,HWC screening,153,109,95,25.5,Hypertension,Uncontrolled,2026-06-07
NCDR0002252,NCP0001717,Srinivas Patel,M,57,9404452825,Peddadinne,Devarakonda,Nalgonda,2025-12-13,Opportunistic screening,142,99,103,23.3,Hypertension,Borderline,2026-03-13
NCDR0002253,NCP0001717,Srinivas Patel,M,57,9404452825,Peddadinne,Devarakonda,Nalgonda,2026-01-30,Community screening,150,105,162,32.7,Hypertension,Uncontrolled,2026-03-31
NCDR0002254,NCP0001718,Anitha Yadav,F,81,9866733628,Chandur,Chandur,Nalgonda,2025-11-30,Community screening,113,80,134,27.4,None,Not diagnosed,
NCDR0002255,NCP0001719,Suresh Kumar,M,58,9352170233,Nomula,Nakrekal,Nalgonda,2026-01-08,HWC screening,111,74,83,20.9,None,Not diagnosed,
NCDR0002256,NCP0001720,Saritha Yadav,F,65,9728275128,Kallepally,Balanagar,Mahabubnagar,2026-02-17,HWC screening,108,80,82,31.0,None,Not diagnosed,
NCDR0002257,NCP0001720,Sritha Yadav,F,61,9528275128,Kallepally,Balanagar,Mahabubnagar,2026-05-07,HWC screening,149,90,153,19.2,None,Not diagnosed,
NCDR0002258,NCP0001721,Venkatesh Goud,M,60,9497827473,BODAJANAMPET,Balanagar,Mahabubnagar,2025-09-04,Opportunistic screening,163,90,226,23.4,Hypertension+Diabetes,Borderline,2025-10-04
NCDR0002259,NCP0001722,Mounika Jangam,F,49,9374350277,Velpula,Midjil,Mahabubnagar,2025-09-06,Opportunistic screening,120,71,144,26.5,None,Not diagnosed,
NCDR0002260,NCP0001723,Mounika Rao,F,54,+91-92080-36488,Bodajanampet,Balanagar,Mahabubnagar,2025-09-24,Opportunistic screening,150,91,310,18.9,Diabetes,Uncontrolled,2025-11-23
NCDR0002261,NCP0001724,Suresh Shekar,M,21,9801545329,Kallepally,Balanagar,Mahabubnagar,2025-09-02,Community screening,168,89,146,30.3,Hypertension,Controlled,2025-11-01
NCDR0002262,NCP0001725,Ramesh Jangam,M,36,9228976387,Rajapur,Balanagar,Mahabubnagar,2025-12-26,HWC screening,142,92,157,19.4,Hypertension+Diabetes,Uncontrolled,2026-02-24
NCDR0002263,NCP0001726,Lakshmee Laxman,F,31,9201508422,Zaheerabad,Zaheerabad,Sangareddy,2025-12-25,Opportunistic screening,182,95,145,20.2,Hypertension,Uncontrolled,2026-01-24
NCDR0002264,NCP0001727,Kiran Devi,M,51,9288841441,Kallepally,Balanagar,Mahabubnagar,2026-03-10,Community screening,132,83,188,20.3,Diabetes,Uncontrolled,2026-04-09
NCDR0002265,NCP0001727,Kiran Devi,M,51,9288841441,Kallepally,Balanagar,Mahabubnagar,2026-06-05,Community screening,129,88,205,18.9,Diabetes,Controlled,2026-08-04
NCDR0002266,NCP0001728,Vinod Mudiraj,M,55,9498098474,Badepally,Jadcherla,Mahabubnagar,2026-03-29,HWC screening,143,93,267,18.6,Diabetes,Uncontrolled,2026-04-28
NCDR0002267,NCP0001729,Harika Mallaiah,F,73,9718635499,Jharasangam,Zaheerabad,Sangareddy,2026-02-28,Community screening,123,81,162,25.6,Diabetes,Borderline,2026-03-30
NCDR0002268,NCP0001729,Harika Mallaiah,F,72,9718635499,Jharasangam,Zaheerabad,Sangareddy,2026-05-02,Community screening,139,79,328,30.4,Diabetes,Controlled,2026-07-01
NCDR0002269,NCP0001730,Harika Naik,F,39,9415180567,Manoor,Narayankhed,Sangareddy,2026-01-01,HWC screening,145,75,190,25.5,Diabetes,Uncontrolled,2026-01-31
NCDR0002270,NCP0001731,Mounika Basha,F,44,9271682929,Kondamallepally,Devarakonda,Nalgonda,2026-01-18,Community screening,143,84,226,23.7,Diabetes,Uncontrolled,2026-04-18
NCDR0002271,NCP0001732,Mounika Basha,F,41,9973386785,Balanagar,Balanagar,Mahabubnagar,2025-07-30,Community screening,186,115,144,21.8,Hypertension,Controlled,2025-09-28
NCDR0002272,NCP0001733,Anil Rao,M,26,9547437123,Gangapur,Jadcherla,Mahabubnagar,2025-10-30,Opportunistic screening,112,73,104,28.4,None,Not diagnosed,
NCDR0002273,NCP0001734,Saritha Basha,F,44,+91-97767-85898,Jharasangam,Zaheerabad,Sangareddy,2026-03-30,Community screening,140,82,257,24.6,Diabetes,Controlled,2026-04-29
NCDR0002274,NCP0001734,Saritha Basha,F,42,,Jharasangam,Zaheerabad,Sangareddy,2026-07-24,Community screening,136,79,173,26.6,Diabetes,Borderline,2026-09-22
NCDR0002275,NCP0001734,Saritha Basha,F,45,9776785898,Jharasangam,Zaheerabad,Sangareddy,2026-08-15,HWC screening,120,80,171,22.4,Diabetes,Uncontrolled,2026-10-14
NCDR0002276,NCP0001735,Ravi Khan,M,22,9388143086,GUNDLAPALLY,Devarakonda,Nalgonda,2026-05-26,Community screening,130,71,315,21.8,Diabetes,Borderline,2026-06-25
NCDR0002277,NCP0001736,Santosh Begum,M,36,9159222291,Bhanur,Patancheru,Sangareddy,2026-04-07,HWC screening,185,101,166,33.8,Hypertension+Diabetes,Borderline,2026-06-06
NCDR0002278,NCP0001737,Kiran Naik,M,48,9524766046,Polepally,Jadcherla,Mahabubnagar,2025-10-13,HWC screening,133,75,90,20.0,None,Not diagnosed,
NCDR0002279,NCP0001737,Kiran Naik,M,48,9524766046,Polepally,Jadcherla,Mahabubnagar,2026-02-09,Community screening,120,71,118,28.6,None,Not diagnosed,
NCDR0002280,NCP0001738,Llitha Mallaiah,F,40,9319239186,Kondamallepally,Devarakonda,Nalgonda,2026-05-02,Opportunistic screening,114,87,152,27.9,Diabetes,Uncontrolled,2026-06-01
NCDR0002281,NCP0001739,Veenod Jangam,M,60,9225246752,Kangti,Narayankhed,Sangareddy,2025-11-25,Opportunistic screening,188,96,152,22.5,Hypertension+Diabetes,Controlled,2026-02-23
NCDR0002282,NCP0001740,Anil Naik,M,63,9062048266,Kalher,Narayankhed,Sangareddy,2026-02-09,Opportunistic screening,176,89,90,31.3,Hypertension,Borderline,2026-03-11
NCDR0002283,NCP0001741,Srinivas Rao,M,43,+91-96091-76427,Velpula,Midjil,Mahabubnagar,2026-01-27,Community screening,123,93,149,25.6,None,Not diagnosed,
NCDR0002284,NCP0001741,Srinivas Rao,M,43,+91-96091-76427,Velpula,Midjil,Mahabubnagar,2026-04-02,Community screening,122,76,136,24.0,None,Not diagnosed,
NCDR0002285,NCP0001742,Divya Das,F,64,,Kalher,Narayankhed,Sangareddy,2026-05-08,HWC screening,154,102,253,21.3,Hypertension+Diabetes,Borderline,2026-08-06
NCDR0002286,NCP0001743,Rani Begum,F,28,,Zaheerabad,Zaheerabad,Sangareddy,2026-01-14,Opportunistic screening,172,105,153,30.1,Hypertension,Uncontrolled,2026-03-15
NCDR0002287,NCP0001744,Mahesh Khan,M,42,9762196558,Gundlapally,Devarakonda,Nalgonda,2025-07-30,Community screening,145,81,88,21.6,None,Not diagnosed,
NCDR0002288,NCP0001745,Lalitha Jangam,F,70,9788543538,Patancheru,Patancheru,Sangareddy,2025-10-24,Community screening,177,88,154,22.8,Hypertension,Controlled,2026-01-22
NCDR0002289,NCP0001745,Lalitha Jangam,F,68,9788543538,Patancheru,Patancheru,Sangareddy,2026-02-10,Opportunistic screening,139,89,100,27.5,Hypertension,Uncontrolled,2026-04-11
NCDR0002290,NCP0001746,nil Basha,M,49,,Zaheerabad,Zaheerabad,Sangareddy,2026-01-24,Community screening,150,115,78,34.1,Hypertension,Borderline,2026-02-23
NCDR0002291,NCP0001747,Rani Chary,F,74,9857151490,Kummarikunta,Chandur,Nalgonda,2026-04-12,Community screening,143,78,230,18.7,Diabetes,Controlled,2026-07-11
NCDR0002292,NCP0001747,Rani Chary,F,74,,Kummarikunta,Chandur,Nalgonda,2026-07-02,HWC screening,129,71,168,34.3,Diabetes,Borderline,2026-08-01
NCDR0002293,NCP0001748,Kavitha Jangam,F,63,9708772664,Bhanur,Patancheru,Sangareddy,2026-02-17,HWC screening,160,113,113,31.5,Hypertension,Uncontrolled,2026-04-18
NCDR0002294,NCP0001749,Mounika Chary,F,24,9771191334,Kallepally,Balanagar,Mahabubnagar,2026-03-07,Opportunistic screening,130,88,234,20.8,Diabetes,Borderline,2026-05-06
NCDR0002295,NCP0001749,Mounika Chary,F,24,9771591334,Kallepally,Balanagar,Mahabubnagar,2026-05-15,HWC screening,111,72,234,19.6,Diabetes,Uncontrolled,2026-08-13
NCDR0002296,NCP0001750,Sushma Kumar,F,42,9653326282,Nakrekal,Nakrekal,Nalgonda,2026-05-16,Community screening,164,87,130,28.9,Hypertension,Controlled,2026-08-14
NCDR0002297,NCP0001751,Raju Chary,M,71,,Bangarigadda,Chandur,Nalgonda,2025-07-13,HWC screening,133,78,86,23.0,None,Not diagnosed,
NCDR0002298,NCP0001752,Arun Narsimha,M,46,,Devarakond,Devarakonda,Nalgonda,2025-09-15,Community screening,107,75,90,19.1,None,Not diagnosed,
NCDR0002299,NCP0001753,Jyoti Rao,F,68,9151231113,Nomula,Nakrekal,Nalgonda,2026-01-10,Community screening,128,93,202,33.8,Diabetes,Borderline,2026-02-09
NCDR0002300,NCP0001753,Jyothi Rao,F,68,+91-91512-81113,Nomula,Nakrekal,Nalgonda,2026-02-26,Community screening,113,90,148,20.3,Diabetes,Controlled,2026-03-28
NCDR0002301,NCP0001754,Shankar Devi,M,60,9054327027,Velpula,Midjil,Mahabubnagar,2025-09-28,HWC screening,137,68,98,30.2,None,Not diagnosed,
NCDR0002302,NCP0001754,Shankar Devi,M,62,9054327027,Velpula,Midjil,Mahabubnagar,2026-01-20,Community screening,130,71,83,29.1,None,Not diagnosed,
NCDR0002303,NCP0001755,Swathi Mudiraj,F,44,9234246822,Gundlapally,Devarakonda,Nalgonda,2025-08-31,Community screening,186,115,153,32.1,Hypertension,Borderline,2025-09-30
NCDR0002304,NCP0001755,Swathi Mudiraj,F,46,+91-92342-46822,GUNDLAPALLY,Devarakonda,Nalgonda,2025-11-04,Community screening,171,108,147,21.7,Hypertension,Uncontrolled,2025-12-04
NCDR0002305,NCP0001756,Jyothi Krishna,F,65,9249934707,Vemula,Midjil,Mahabubnagar,2025-12-18,Opportunistic screening,135,69,303,21.6,Diabetes,Controlled,2026-01-17
NCDR0002306,NCP0001756,Jyothi Krishna,F,65,9249934707,Vemula,Midjil,Mahabubnagar,2026-02-09,Opportunistic screening,142,83,201,31.5,Diabetes,Uncontrolled,2026-05-10
NCDR0002307,NCP0001757,Santosh Rao,M,47,+91-92034-58947,Kallepally,Balanagar,Mahabubnagar,2025-09-02,Community screening,151,98,162,28.3,Hypertension+Diabetes,Borderline,2025-10-02
NCDR0002308,NCP0001757,Santosh Rao,M,45,9203458947,Kallepally,Balanagar,Mahabubnagar,2025-11-07,Opportunistic screening,181,106,197,32.4,Hypertension+Diabetes,Borderline,2025-12-07
NCDR0002309,NCP0001758,Srilatha Das,F,40,9841177417,Mangalapalli,Nakrekal,Nalgonda,2025-09-23,HWC screening,182,109,207,21.8,Hypertension+Diabetes,Uncontrolled,2025-12-22
NCDR0002310,NCP0001759,Srinivas Narsimha,M,88,9497827936,Jharasangam,Zaheerabad,Sangareddy,2025-09-23,Opportunistic screening,150,85,143,34.0,Hypertension,Controlled,2025-11-22
NCDR0002311,NCP0001760,Naresh Khan,M,54,9949978941,Marru,Nakrekal,Nalgonda,2025-12-29,HWC screening,177,103,244,21.2,Hypertension+Diabetes,Uncontrolled,2026-02-27
NCDR0002312,NCP0001760,Naresh Khan,M,54,9949978941,Marrur,Nakrekal,Nalgonda,2026-02-13,Community screening,186,109,236,31.3,Hypertension+Diabetes,Borderline,2026-03-15
NCDR0002313,NCP0001761,Mounik Mallaiah,F,57,9425413491,Marrur,Nakrekal,Nalgonda,2026-06-02,HWC screening,126,85,98,21.4,None,Not diagnosed,
NCDR0002314,NCP0001762,Shankar Laxman,M,58,9388326298,Jharasangam,Zaheerabad,Sangareddy,2025-07-03,Community screening,189,96,239,28.4,Hypertension+Diabetes,Borderline,2025-09-01
NCDR0002315,NCP0001763,Mounika Narsimha,F,68,,KONDAMALLEPALLY,Devarakonda,Nalgonda,2026-01-22,Opportunistic screening,119,86,155,19.4,None,Not diagnosed,
NCDR0002316,NCP0001764,Suresh Devi,M,74,9789427779,Bodajanampet,Balanagar,Mahabubnagar,2025-08-03,Opportunistic screening,182,96,118,32.2,Hypertension,Uncontrolled,2025-10-02
NCDR0002317,NCP0001765,Rjesh Yadav,M,57,9702905868,Peddadinne,Devarakonda,Nalgonda,2026-01-07,Community screening,187,104,179,25.4,Hypertension+Diabetes,Controlled,2026-02-06
NCDR0002318,NCP0001766,Renuka Goud,F,31,9368557934,Gundlapally,Devarakonda,Nalgonda,2026-05-21,Opportunistic screening,110,87,246,27.6,Diabetes,Borderline,2026-06-20
NCDR0002319,NCP0001767,Sai,M,45,9399775873,Kalher,Narayankhed,Sangareddy,2026-04-29,Opportunistic screening,113,80,197,19.5,Diabetes,Controlled,2026-07-28
NCDR0002320,NCP0001768,Bhavani Patel,F,18,9580517091,Macharam,Jadcherla,Mahabubnagar,2025-07-28,HWC screening,171,99,113,30.6,Hypertension,Borderline,2025-10-26
NCDR0002321,NCP0001769,Naresh Chary,M,43,9834899739,Velpula,Midjil,Mahabubnagar,2025-12-04,Community screening,179,90,132,26.6,Hypertension,Borderline,2026-01-03
NCDR0002322,NCP0001769,Naresh Chary,M,44,9834899739,VELPULA,Midjil,Mahabubnagar,2026-03-30,HWC screening,160,92,133,31.7,Hypertension,Borderline,2026-06-28
NCDR0002323,NCP0001770,Lalitha Jangam,F,28,9825929780,Vemula,Midjil,Mahabubnagar,2026-02-19,Community screening,160,93,182,25.6,Hypertension+Diabetes,Uncontrolled,2026-03-21
NCDR0002324,NCP0001771,Lakshmi Mudiraj,F,50,9281327718,Patancheru,Patancheru,Sangareddy,2025-10-02,Community screening,165,100,117,25.8,Hypertension,Uncontrolled,2025-12-01
NCDR0002325,NCP0001772,Deepika Shekar,F,65,,Gangapur,Jadcherla,Mahabubnagar,2026-01-24,Opportunistic screening,165,86,279,30.3,Hypertension+Diabetes,Controlled,2026-03-25
NCDR0002326,NCP0001773,Rajesh Das,M,44,9501536819,Ameenpur,Patancheru,Sangareddy,2025-10-19,Opportunistic screening,134,92,229,27.8,Diabetes,Uncontrolled,2025-11-18
NCDR0002327,NCP0001774,Lalitha Khan,F,33,+91-92009-44541,Devarakonda,Devarakonda,Nalgonda,2025-10-28,Opportunistic screening,143,110,111,33.9,Hypertension,Controlled,2026-01-26
NCDR0002328,NCP0001775,Nirmala Laxman,F,43,9212433092,Devarakond,Devarakonda,Nalgonda,2026-03-11,Opportunistic screening,190,109,112,21.4,Hypertension,Uncontrolled,2026-05-10
NCDR0002329,NCP0001776,Lalitha Begum,F,60,9808805186,NAKREKAL,Nakrekal,Nalgonda,2026-05-04,Community screening,145,72,289,31.5,Diabetes,Uncontrolled,2026-06-03
NCDR0002330,NCP0001777,Venkatesh Devi,M,35,9761163004,Gangapur,Jadcherla,Mahabubnagar,2026-05-27,HWC screening,177,116,149,31.2,Hypertension,Controlled,2026-07-26
NCDR0002331,NCP0001778,Kiran Yadav,M,54,9496760230,Manoor,Narayankhed,Sangareddy,2026-06-01,Opportunistic screening,153,84,114,33.0,Hypertension,Controlled,2026-08-30
NCDR0002332,NCP0001779,Renuka Mallaiah,F,19,9441816643,Zaheerabad,Zaheerabad,Sangareddy,2025-08-02,Opportunistic screening,189,95,121,33.6,Hypertension,Borderline,2025-10-31
NCDR0002333,NCP0001780,Anil Das,M,51,9659097835,Kummarikunta,Chandur,Nalgonda,2025-07-05,Community screening,185,102,236,21.6,Hypertension+Diabetes,Borderline,2025-10-03
NCDR0002334,NCP0001781,Bhawani Das,F,20,9756125248,Bodajanampet,Balanagar,Mahabubnagar,2026-04-26,HWC screening,141,103,112,20.6,Hypertension,Controlled,2026-07-25
NCDR0002335,NCP0001781,Bhavani Das,F,20,,Bodajanampet,Balanagar,Mahabubnagar,2026-07-15,Opportunistic screening,146,96,96,21.1,Hypertension,Borderline,2026-10-13
NCDR0002336,NCP0001782,Swathi Rao,F,60,9173079855,Narayankhed,Narayankhed,Sangareddy,2025-10-06,Community screening,114,80,154,22.6,Diabetes,Controlled,2025-12-05
NCDR0002337,NCP0001783,Lalitha Mudiraj,F,50,9746543889,Kallepally,Balanagar,Mahabubnagar,2025-08-31,Community screening,128,73,165,32.6,None,Not diagnosed,
NCDR0002338,NCP0001784,Santosh Krishna,M,76,9697474264,Kummarikunta,Chandur,Nalgonda,2026-01-17,Community screening,186,89,112,25.7,Hypertension,Uncontrolled,2026-04-17
NCDR0002339,NCP0001785,Mohan Laxman,M,71,9472085865,Marrur,Nakrekal,Nalgonda,2025-09-07,Community screening,143,72,211,33.9,Diabetes,Controlled,2025-11-06
NCDR0002340,NCP0001786,nitha Chary,F,37,9924850392,NAKREKAL,Nakrekal,Nalgonda,2025-09-30,Opportunistic screening,149,103,227,28.8,Hypertension+Diabetes,Uncontrolled,2025-10-30
NCDR0002341,NCP0001787,Divya Yadav,F,44,9415764294,Ameenpur,Patancheru,Sangareddy,2025-09-29,HWC screening,159,99,167,22.3,Hypertension+Diabetes,Controlled,2025-11-28
NCDR0002342,NCP0001788,Pdma Jangam,F,71,9365438417,Mangalapally,Nakrekal,Nalgonda,2025-12-21,Community screening,148,99,148,27.0,Hypertension,Uncontrolled,2026-01-20
NCDR0002343,NCP0001789,Saritha Khan,F,81,9882355443,Kalher,Narayankhed,Sangareddy,2025-10-04,Community screening,147,114,153,29.1,Hypertension+Diabetes,Uncontrolled,2025-12-03
NCDR0002344,NCP0001790,Kiran Narsimha,M,69,9900699790,Vemula,Midjil,Mahabubnagar,2026-03-14,Community screening,165,84,103,19.4,Hypertension,Controlled,2026-05-13
NCDR0002345,NCP0001791,Sai Kumar,M,66,9182478590,Mogudampally,Zaheerabad,Sangareddy,2026-01-11,HWC screening,133,72,136,27.3,None,Not diagnosed,
NCDR0002346,NCP0001792,Kavitha Krishna,F,63,9386852823,Midjil,Midjil,Mahabubnagar,2025-07-23,HWC screening,174,89,308,33.7,Hypertension+Diabetes,Uncontrolled,2025-08-22
NCDR0002347,NCP0001793,Bhavani Khan,F,38,9887532310,Indresham,Patancheru,Sangareddy,2025-10-28,Opportunistic screening,144,84,316,29.7,Hypertension+Diabetes,Borderline,2025-11-27
NCDR0002348,NCP0001794,Suresh Goud,M,37,,Bhanur,Patancheru,Sangareddy,2025-10-04,Community screening,150,72,148,21.4,None,Not diagnosed,
NCDR0002349,NCP0001795,Sai Das,M,52,9620477178,Ameenpur,Patancheru,Sangareddy,2026-02-14,Opportunistic screening,156,88,135,24.8,Hypertension,Controlled,2026-03-16
NCDR0002350,NCP0001795,Sai Das,M,51,+91-96204-77178,Ameenpur,Patancheru,Sangareddy,2026-04-04,HWC screening,159,86,81,25.1,Hypertension,Borderline,2026-05-04
NCDR0002351,NCP0001796,Harika Naik,F,28,,Chandur,Chandur,Nalgonda,2026-03-20,HWC screening,132,85,198,25.1,Diabetes,Controlled,2026-06-18
NCDR0002352,NCP0001797,Shankar Jangam,M,83,9263541795,Bhanur,Patancheru,Sangareddy,2025-12-23,Community screening,128,87,114,32.0,None,Not diagnosed,
NCDR0002353,NCP0001797,Shankar Jangam,M,83,9261541795,Bhanur,Patancheru,Sangareddy,2026-02-07,Community screening,147,71,161,20.9,None,Not diagnosed,
NCDR0002354,NCP0001797,Shankar Jangam,M,83,9263541795,Bhanur,Patancheru,Sangareddy,2026-04-04,Community screening,108,82,105,22.0,None,Not diagnosed,
NCDR0002355,NCP0001798,Anjali Goud,F,56,9217455764,Rajapur,Balanagar,Mahabubnagar,2026-04-17,Community screening,172,96,100,29.3,Hypertension,Controlled,2026-05-17
NCDR0002356,NCP0001799,Swathi Yadav,F,59,9153136477,Kondamallepally,Devarakonda,Nalgonda,2026-06-06,Opportunistic screening,162,92,161,28.2,Hypertension,Uncontrolled,2026-09-04
NCDR0002357,NCP0001800,Ramesh Rao,M,35,9178222173,Kallepally,Balanagar,Mahabubnagar,2025-11-10,HWC screening,170,97,146,27.3,Hypertension,Controlled,2025-12-10
NCDR0002358,NCP0001801,Kiran Mallaiah,M,27,,Manoor,Narayankhed,Sangareddy,2026-01-19,HWC screening,175,104,194,19.7,Hypertension+Diabetes,Borderline,2026-03-20
NCDR0002359,NCP0001802,Jyothi Patel,F,88,9786574001,Midjil,Midjil,Mahabubnagar,2026-05-17,Community screening,180,105,142,25.3,Hypertension,Controlled,2026-07-16
NCDR0002360,NCP0001803,Ravi Mudiraj,M,63,9972051811,Kondamallepally,Devarakonda,Nalgonda,2026-02-23,Opportunistic screening,106,78,150,22.2,Diabetes,Borderline,2026-04-24
NCDR0002361,NCP0001804,Suresh Basha,M,50,9546932916,DEVARAKONDA,Devarakonda,Nalgonda,2025-09-29,HWC screening,132,83,220,23.6,Diabetes,Controlled,2025-10-29
NCDR0002362,NCP0001804,Suresh Basha,M,50,9546932916,Devarakond,Devarakonda,Nalgonda,2026-01-17,Opportunistic screening,107,74,247,18.9,Diabetes,Controlled,2026-02-16
NCDR0002363,NCP0001805,Sushma Begum,F,73,9695527930,Vemula,Midjil,Mahabubnagar,2026-03-16,Community screening,187,105,146,28.8,Hypertension,Controlled,2026-06-14
NCDR0002364,NCP0001806,Sushma Mudiraj,F,51,9254938508,Jharasangam,Zaheerabad,Sangareddy,2025-10-28,HWC screening,131,72,214,26.7,Diabetes,Uncontrolled,2026-01-26
NCDR0002365,NCP0001806,Sushma Mudiraj,F,51,9254938508,Jharasangam,Zaheerabad,Sangareddy,2026-01-28,Opportunistic screening,108,85,305,34.0,Diabetes,Uncontrolled,2026-03-29
NCDR0002366,NCP0001806,Sushma Mudiraj,F,51,9254938508,Jharasangam,Zaheerabad,Sangareddy,2026-02-11,Opportunistic screening,136,89,183,23.6,Diabetes,Uncontrolled,2026-04-12
NCDR0002367,NCP0001807,Praveen Shekar,M,26,9740497264,Ameenpur,Patancheru,Sangareddy,2025-08-07,Opportunistic screening,105,90,271,19.0,Diabetes,Uncontrolled,2025-11-05
NCDR0002368,NCP0001807,Praveen Shekar,M,25,9740497264,Ameenpur,Patancheru,Sangareddy,2025-10-13,Opportunistic screening,148,82,314,25.5,Diabetes,Controlled,2025-12-12
NCDR0002369,NCP0001808,Mounika Kumar,F,39,,Macharam,Jadcherla,Mahabubnagar,2026-01-08,Community screening,158,107,107,21.9,Hypertension,Uncontrolled,2026-02-07
NCDR0002370,NCP0001809,Deepik Chary,F,76,,Peddadinne,Devarakonda,Nalgonda,2025-07-04,Community screening,119,68,153,33.9,None,Not diagnosed,
NCDR0002371,NCP0001810,Saritha Das,F,43,9264666579,Nakrekal,Nakrekal,Nalgonda,2025-09-05,Community screening,178,104,137,24.6,Hypertension,Borderline,2025-11-04
NCDR0002372,NCP0001810,Saritha Das,F,41,9264666579,Nakrekal,Nakrekal,Nalgonda,2025-11-23,Opportunistic screening,144,109,148,26.6,Hypertension,Controlled,2026-01-22
NCDR0002373,NCP0001810,Saritha,F,41,9264666579,Nakrekal,Nakrekal,Nalgonda,2025-12-18,HWC screening,170,88,92,25.8,Hypertension,Controlled,2026-03-18
NCDR0002374,NCP0001811,Santosh Mallaiah,M,35,9192124666,Marrur,Nakrekal,Nalgonda,2025-10-01,Community screening,143,93,148,27.4,Hypertension,Uncontrolled,2025-10-31
NCDR0002375,NCP0001812,Rani Naik,F,48,9233080870,Rajapur,Balanagar,Mahabubnagar,2026-05-29,Community screening,121,68,133,21.1,None,Not diagnosed,
NCDR0002376,NCP0001813,Shobha Das,F,39,9013076751,Balanaga,Balanagar,Mahabubnagar,2025-08-30,HWC screening,138,84,140,34.0,Hypertension,Uncontrolled,2025-10-29
NCDR0002377,NCP0001813,Shobha Das,F,39,9013076751,Balanagar,Balanagar,Mahabubnagar,2025-10-26,HWC screening,140,99,81,29.9,Hypertension,Borderline,2025-11-25
NCDR0002378,NCP0001814,Mohan Shekar,M,54,9548057445,Nermata,Chandur,Nalgonda,2025-09-30,Community screening,186,106,155,22.3,Hypertension+Diabetes,Borderline,2025-12-29
NCDR0002379,NCP0001815,Lalitha Kumar,F,61,9268963331,Balanagar,Balanagar,Mahabubnagar,2025-12-05,Community screening,159,96,156,32.7,Hypertension,Uncontrolled,2026-02-03
NCDR0002380,NCP0001815,Lalitha Kumar,F,61,9268963331,Balanagar,Balanagar,Mahabubnagar,2026-03-03,Opportunistic screening,172,110,159,24.4,Hypertension,Controlled,2026-05-02
NCDR0002381,NCP0001816,Santosh Reddy,M,64,9332471732,Vemula,Midjil,Mahabubnagar,2026-06-07,Community screening,160,87,85,27.6,Hypertension,Borderline,2026-07-07
NCDR0002382,NCP0001817,Sushma Naik,F,42,9451091522,Marrur,Nakrekal,Nalgonda,2025-10-03,Opportunistic screening,174,104,204,26.9,Hypertension+Diabetes,Borderline,2025-12-02
NCDR0002383,NCP0001818,Kiran Yadav,M,28,+91-92247-20295,Macharam,Jadcherla,Mahabubnagar,2025-08-22,HWC screening,167,109,117,19.4,Hypertension,Controlled,2025-09-21
NCDR0002384,NCP0001819,Anita Mudiraj,F,19,9035178578,Marrur,Nakrekal,Nalgonda,2025-08-04,Community screening,190,114,172,30.6,Hypertension+Diabetes,Borderline,2025-11-02
NCDR0002385,NCP0001820,Kawitha Khan,F,35,9636060194,Zaheerabad,Zaheerabad,Sangareddy,2025-08-03,HWC screening,149,108,272,27.7,Hypertension+Diabetes,Controlled,2025-09-02
NCDR0002386,NCP0001821,Lakshmi Mudiraj,F,53,9692791983,Nakrekal,Nakrekal,Nalgonda,2025-07-28,HWC screening,190,87,321,24.6,Hypertension+Diabetes,Uncontrolled,2025-10-26
NCDR0002387,NCP0001822,Nirmala Goud,F,67,9145191890,Mogudampalli,Zaheerabad,Sangareddy,2026-01-26,Community screening,148,105,146,34.4,Hypertension,Uncontrolled,2026-04-26
NCDR0002388,NCP0001822,Nirmala Goud,F,69,9145191890,Mogudampally,Zaheerabad,Sangareddy,2026-04-18,Opportunistic screening,169,84,159,30.4,Hypertension,Borderline,2026-05-18
NCDR0002389,NCP0001823,Shobha Naik,F,41,9549626825,Kohir,Zaheerabad,Sangareddy,2025-07-16,Community screening,184,115,241,25.8,Hypertension+Diabetes,Borderline,2025-10-14
NCDR0002390,NCP0001823,Shobha Naik,F,43,9549626825,Kohir,Zaheerabad,Sangareddy,2025-09-19,HWC screening,163,116,212,28.8,Hypertension+Diabetes,Borderline,2025-11-18
NCDR0002391,NCP0001823,Shobha Naik,F,42,9549626825,Kohir,Zaheerabad,Sangareddy,2026-01-18,Community screening,174,88,169,29.0,Hypertension+Diabetes,Controlled,2026-02-17
NCDR0002392,NCP0001824,Sushma Reddy,F,47,9878089631,Kalher,Narayankhed,Sangareddy,2025-09-25,HWC screening,179,102,183,28.4,Hypertension+Diabetes,Borderline,2025-11-24
NCDR0002393,NCP0001824,Sushma Reddy,F,47,9878489631,Kalher,Narayankhed,Sangareddy,2025-12-11,HWC screening,173,109,150,23.9,Hypertension+Diabetes,Controlled,2026-02-09
NCDR0002394,NCP0001824,Sushma Reddy,F,47,9878489631,KALHER,Narayankhed,Sangareddy,2026-04-17,Opportunistic screening,146,105,145,18.6,Hypertension+Diabetes,Uncontrolled,2026-06-16
NCDR0002395,NCP0001825,Srinivas Kumar,M,33,9982572079,Devarakonda,Devarakonda,Nalgonda,2025-12-24,HWC screening,161,114,137,19.3,Hypertension,Uncontrolled,2026-01-23
NCDR0002396,NCP0001826,Kavitha Devi,F,66,9993675885,Donur,Midjil,Mahabubnagar,2026-05-24,Community screening,168,107,148,27.5,Hypertension,Controlled,2026-07-23
NCDR0002397,NCP0001826,Kavitha Devi,F,68,+91-99936-75885,DONUR,Midjil,Mahabubnagar,2026-08-12,Opportunistic screening,174,108,95,21.8,Hypertension,Uncontrolled,2026-09-11
NCDR0002398,NCP0001827,Shobha Reddy,F,41,,Patancher,Patancheru,Sangareddy,2025-10-21,HWC screening,144,95,252,29.2,Hypertension+Diabetes,Controlled,2026-01-19
NCDR0002399,NCP0001827,Shobha Reddy,F,43,,Patancheru,Patancheru,Sangareddy,2026-01-22,Community screening,165,110,266,27.2,Hypertension+Diabetes,Controlled,2026-03-23
NCDR0002400,NCP0001828,Suresh Naeek,M,66,9947204895,MOGUDAMPALLY,Zaheerabad,Sangareddy,2026-02-12,Community screening,125,88,317,29.1,Diabetes,Uncontrolled,2026-03-14
NCDR0002401,NCP0001829,Rajesh Jangam,M,45,9954275248,Ameenpur,Patancheru,Sangareddy,2025-08-05,HWC screening,116,84,292,29.9,Diabetes,Borderline,2025-09-04
NCDR0002402,NCP0001830,Naveen Rao,M,34,9302334537,Kummarikunta,Chandur,Nalgonda,2026-05-11,HWC screening,121,90,151,24.5,None,Not diagnosed,
NCDR0002403,NCP0001830,Naveen Rao,M,34,9302334537,Kummarikunta,Chandur,Nalgonda,2026-07-15,HWC screening,140,95,78,21.6,None,Not diagnosed,
NCDR0002404,NCP0001831,Mohan Kumar,M,40,+91-94070-59731,Indresham,Patancheru,Sangareddy,2025-09-19,Opportunistic screening,169,86,279,26.2,Hypertension+Diabetes,Borderline,2025-12-18
NCDR0002405,NCP0001832,Swathi Chary,F,42,9123456020,Bhanur,Patancheru,Sangareddy,2026-06-07,Opportunistic screening,114,82,156,20.6,Diabetes,Borderline,2026-09-05
NCDR0002406,NCP0001833,Deepika Reddy,F,29,9424502629,Midjil,Midjil,Mahabubnagar,2026-01-18,HWC screening,154,116,132,30.6,Hypertension,Borderline,2026-04-18
NCDR0002407,NCP0001833,Deepika Reddy,F,29,9424502629,Midjil,Midjil,Mahabubnagar,2026-04-18,HWC screening,163,93,115,31.1,Hypertension,Borderline,2026-05-18
NCDR0002408,NCP0001834,Mohan Rao,M,29,9050161170,Mangalapally,Nakrekal,Nalgonda,2026-03-01,Opportunistic screening,114,91,107,25.4,None,Not diagnosed,
NCDR0002409,NCP0001834,Mohan Rao,M,31,,Mangalapally,Nakrekal,Nalgonda,2026-06-16,Community screening,135,96,94,31.6,None,Not diagnosed,
NCDR0002410,NCP0001835,Vinod Yadav,M,45,9888082691,Macharam,Jadcherla,Mahabubnagar,2026-01-02,Opportunistic screening,124,78,279,21.3,Diabetes,Controlled,2026-03-03
NCDR0002411,NCP0001836,Venkatesh Mudiraj,M,72,9263128856,Gundlapally,Devarakonda,Nalgonda,2026-05-12,HWC screening,151,109,152,24.7,Hypertension,Borderline,2026-08-10
NCDR0002412,NCP0001836,Venkatesh Mudiraj,M,72,9203128856,Gundlapally,Devarakonda,Nalgonda,2026-07-22,Opportunistic screening,176,91,165,32.7,Hypertension,Uncontrolled,2026-10-20
NCDR0002413,NCP0001837,Srinivas Shekar,M,38,9889613563,Kummarikunta,Chandur,Nalgonda,2026-03-16,Opportunistic screening,184,114,216,34.0,Hypertension+Diabetes,Controlled,2026-06-14
NCDR0002414,NCP0001837,Sriniwas Shekar,M,38,9889613563,Kummarikunta,Chandur,Nalgonda,2026-05-11,Community screening,158,105,243,18.6,Hypertension+Diabetes,Borderline,2026-08-09
NCDR0002415,NCP0001838,Lakshmi Goud,F,65,9500435078,Zaheerabad,Zaheerabad,Sangareddy,2025-12-20,Opportunistic screening,156,113,94,22.4,Hypertension,Controlled,2026-01-19
NCDR0002416,NCP0001839,Nveen Chary,M,53,,Manoor,Narayankhed,Sangareddy,2026-04-23,HWC screening,161,92,78,24.2,Hypertension,Uncontrolled,2026-07-22
NCDR0002417,NCP0001840,Saritha Devi,F,55,9185480672,Nermata,Chandur,Nalgonda,2026-01-22,HWC screening,176,86,109,20.9,Hypertension,Uncontrolled,2026-04-22
NCDR0002418,NCP0001840,Saritha,F,56,9185480672,Nermata,Chandur,Nalgonda,2026-03-30,HWC screening,150,111,104,24.6,Hypertension,Borderline,2026-06-28
NCDR0002419,NCP0001841,Rjesh Basha,M,61,9881195641,Kummarikunta,Chandur,Nalgonda,2025-12-20,Opportunistic screening,185,103,113,19.2,Hypertension,Borderline,2026-03-20
NCDR0002420,NCP0001842,Deepika Das,F,36,,Velpula,Midjil,Mahabubnagar,2026-03-17,HWC screening,147,81,297,18.7,Diabetes,Controlled,2026-05-16
NCDR0002421,NCP0001843,Deepika Reddy,F,18,,Bodajanampet,Balanagar,Mahabubnagar,2025-07-17,Opportunistic screening,107,88,138,32.9,None,Not diagnosed,
NCDR0002422,NCP0001844,Mahesh Reddy,M,33,9961542699,Bodajanampet,Balanagar,Mahabubnagar,2026-03-21,HWC screening,168,97,209,20.9,Hypertension+Diabetes,Borderline,2026-06-19
NCDR0002423,NCP0001845,Deepika Kumar,F,38,,Velpula,Midjil,Mahabubnagar,2026-05-16,Opportunistic screening,140,107,90,19.7,Hypertension,Borderline,2026-06-15
NCDR0002424,NCP0001846,Swathi Das,F,55,9500696346,Rajapur,Balanagar,Mahabubnagar,2026-04-02,Opportunistic screening,130,80,124,27.1,None,Not diagnosed,
NCDR0002425,NCP0001847,Sai Naik,M,40,9067899789,Nakrekal,Nakrekal,Nalgonda,2025-09-08,Community screening,175,84,148,22.4,Hypertension,Uncontrolled,2025-10-08
NCDR0002426,NCP0001847,Sai Naik,M,42,9067899789,Nakrekal,Nakrekal,Nalgonda,2025-12-08,Opportunistic screening,183,96,113,32.2,Hypertension,Controlled,2026-02-06
NCDR0002427,NCP0001848,Anjali Krishna,F,48,9651485845,Kangti,Narayankhed,Sangareddy,2025-10-19,Community screening,124,74,325,22.6,Diabetes,Controlled,2025-12-18
NCDR0002428,NCP0001849,Bhavani Khan,F,43,9393461754,Kalher,Narayankhed,Sangareddy,2025-08-15,Community screening,130,78,238,27.6,Diabetes,Uncontrolled,2025-10-14
NCDR0002429,NCP0001850,Kavitha Das,F,61,9236194702,Kalher,Narayankhed,Sangareddy,2026-03-14,Community screening,111,75,250,29.6,Diabetes,Controlled,2026-06-12
NCDR0002430,NCP0001850,Kavitha Das,F,59,+91-92361-94702,Kalher,Narayankhed,Sangareddy,2026-05-18,Community screening,150,86,295,33.4,Diabetes,Borderline,2026-06-17
NCDR0002431,NCP0001851,Bhavani Yadav,F,46,+91-95073-91769,Nakrekal,Nakrekal,Nalgonda,2025-09-11,Opportunistic screening,176,104,110,26.6,Hypertension,Uncontrolled,2025-10-11
NCDR0002432,NCP0001852,Santosh Goud,M,73,9947933597,Nomul,Nakrekal,Nalgonda,2025-07-12,Opportunistic screening,150,114,144,20.7,Hypertension,Uncontrolled,2025-08-11
NCDR0002433,NCP0001853,Lalitha Das,F,50,9693006611,Gundlapally,Devarakonda,Nalgonda,2025-08-08,Community screening,141,86,162,33.0,Diabetes,Controlled,2025-11-06
NCDR0002434,NCP0001854,Shobha Rao,F,55,9583574170,DEVARAKONDA,Devarakonda,Nalgonda,2026-02-23,Community screening,139,109,108,28.5,Hypertension,Uncontrolled,2026-05-24
NCDR0002435,NCP0001855,Kavitha Krisna,F,61,9585758400,Kummarikunta,Chandur,Nalgonda,2025-10-28,Community screening,189,102,112,23.7,Hypertension,Controlled,2025-11-27
NCDR0002436,NCP0001855,Kavitha Krishna,F,60,9585758400,Kummarikunta,Chandur,Nalgonda,2026-01-18,HWC screening,158,91,124,29.2,Hypertension,Borderline,2026-04-18
NCDR0002437,NCP0001856,Mounika Yadav,F,86,9486625510,Balanagar,Balanagar,Mahabubnagar,2026-03-16,HWC screening,134,81,234,21.6,Diabetes,Uncontrolled,2026-04-15
NCDR0002438,NCP0001857,Srilatha Narsimha,F,56,,Narayankhed,Narayankhed,Sangareddy,2025-11-29,HWC screening,135,93,208,21.6,Diabetes,Uncontrolled,2026-01-28
NCDR0002439,NCP0001858,Deepika Mudiraj,F,23,9145891442,Devarakonda,Devarakonda,Nalgonda,2025-09-02,Opportunistic screening,165,104,313,19.6,Hypertension+Diabetes,Controlled,2025-12-01
NCDR0002440,NCP0001859,Kavitha Reddy,F,62,9977186041,Nermata,Chandur,Nalgonda,2026-03-10,Opportunistic screening,142,104,224,23.7,Hypertension+Diabetes,Controlled,2026-05-09
NCDR0002441,NCP0001860,Rajesh Jangam,M,35,9344008328,Badepally,Jadcherla,Mahabubnagar,2025-10-07,Community screening,138,72,238,28.8,Diabetes,Controlled,2026-01-05
NCDR0002442,NCP0001861,Lalitha Yadav,F,44,9807999725,Bangarigadda,Chandur,Nalgonda,2025-07-03,HWC screening,189,108,108,23.3,Hypertension,Borderline,2025-10-01
NCDR0002443,NCP0001862,Mounika Krishna,F,41,9357942153,Rajapur,Balanagar,Mahabubnagar,2026-01-25,Community screening,172,88,87,28.0,Hypertension,Borderline,2026-03-26
NCDR0002444,NCP0001862,Mounika Krishna,F,40,9157942153,RAJAPUR,Balanagar,Mahabubnagar,2026-03-16,HWC screening,174,96,132,24.5,Hypertension,Controlled,2026-05-15
NCDR0002445,NCP0001863,Sushma Yadav,F,31,9217097850,NARAYANKHED,Narayankhed,Sangareddy,2025-12-19,HWC screening,141,114,132,20.2,Hypertension,Uncontrolled,2026-02-17
NCDR0002446,NCP0001864,Anil Das,M,40,9503203867,Vemul,Midjil,Mahabubnagar,2025-11-18,Community screening,156,96,105,22.9,Hypertension,Controlled,2026-02-16
NCDR0002447,NCP0001864,Anil Das,M,40,9503203867,Vemula,Midjil,Mahabubnagar,2026-02-05,HWC screening,178,106,79,24.8,Hypertension,Controlled,2026-04-06
NCDR0002448,NCP0001865,Mohan Reddy,M,44,9124500517,Ameenpur,Patancheru,Sangareddy,2026-02-26,Community screening,135,83,246,33.9,Diabetes,Borderline,2026-04-27
NCDR0002449,NCP0001866,Sareetha Yadav,F,39,9773951420,MOGUDAMPALLY,Zaheerabad,Sangareddy,2026-02-18,Opportunistic screening,147,101,267,28.2,Hypertension+Diabetes,Controlled,2026-05-19
NCDR0002450,NCP0001867,Arun Mallaiah,M,24,,Marrur,Nakrekal,Nalgonda,2026-01-11,Community screening,149,92,177,21.2,Diabetes,Borderline,2026-04-11
NCDR0002451,NCP0001867,Arun Mallaiah,M,22,9144126529,Marrur,Nakrekal,Nalgonda,2026-03-11,HWC screening,142,90,182,27.1,Diabetes,Controlled,2026-06-09
NCDR0002452,NCP0001868,Kavitha Mudiraj,F,19,9036666187,Badepally,Jadcherla,Mahabubnagar,2026-04-23,Community screening,174,92,193,29.0,Hypertension+Diabetes,Uncontrolled,2026-07-22
NCDR0002453,NCP0001868,Kavitha Mudiraj,F,20,,Badepally,Jadcherla,Mahabubnagar,2026-06-26,Community screening,166,107,210,22.2,Hypertension+Diabetes,Controlled,2026-08-25
NCDR0002454,NCP0001869,Mounika Yadav,F,45,9948983623,Midjil,Midjil,Mahabubnagar,2025-12-27,Opportunistic screening,161,93,130,31.4,Hypertension,Uncontrolled,2026-03-27
NCDR0002455,NCP0001870,Mounika Shekar,F,46,9853094517,Indresham,Patancheru,Sangareddy,2025-12-11,HWC screening,190,87,96,31.6,Hypertension,Borderline,2026-01-10
NCDR0002456,NCP0001871,Praveen Yadav,M,40,9979884651,Zaheerabad,Zaheerabad,Sangareddy,2025-10-02,HWC screening,108,92,289,19.3,Diabetes,Controlled,2025-12-01
NCDR0002457,NCP0001872,Deepika Rao,F,53,+91-92943-34840,Donur,Midjil,Mahabubnagar,2026-01-04,Opportunistic screening,133,80,182,31.8,Diabetes,Uncontrolled,2026-02-03
NCDR0002458,NCP0001872,Deepika Rao,F,51,+91-92943-34840,DONUR,Midjil,Mahabubnagar,2026-03-02,Opportunistic screening,135,79,317,19.7,Diabetes,Borderline,2026-04-01
NCDR0002459,NCP0001872,Deepika Rao,F,51,9294334840,Donur,Midjil,Mahabubnagar,2026-07-09,HWC screening,117,70,224,19.5,Diabetes,Borderline,2026-08-08
NCDR0002460,NCP0001873,Bhavani Narsimha,F,57,9701454842,Kangti,Narayankhed,Sangareddy,2025-09-17,Community screening,149,91,87,28.8,Hypertension,Uncontrolled,2025-11-16
NCDR0002461,NCP0001873,Bhavani Narsimha,F,55,9701454842,Kangti,Narayankhed,Sangareddy,2025-11-30,HWC screening,183,97,101,22.9,Hypertension,Controlled,2026-02-28
NCDR0002462,NCP0001874,Arun Devee,M,79,,Kalher,Narayankhed,Sangareddy,2026-05-04,HWC screening,126,89,284,28.1,Diabetes,Controlled,2026-07-03
NCDR0002463,NCP0001875,Mohan Goud,M,42,9245278906,Vemula,Midjil,Mahabubnagar,2025-10-19,Community screening,160,89,139,24.3,Hypertension,Uncontrolled,2025-12-18
NCDR0002464,NCP0001876,Bhavani Chary,F,34,9935218395,Kalher,Narayankhed,Sangareddy,2025-10-27,HWC screening,164,99,165,22.9,Hypertension,Borderline,2025-11-26
NCDR0002465,NCP0001877,Ramesh Khan,M,59,9380364578,Rajapur,Balanagar,Mahabubnagar,2025-08-20,Opportunistic screening,143,71,228,20.8,Diabetes,Controlled,2025-09-19
NCDR0002466,NCP0001878,Swathi Yadav,F,38,9369856295,Vemula,Midjil,Mahabubnagar,2026-02-02,Opportunistic screening,115,87,316,22.5,Diabetes,Borderline,2026-05-03
NCDR0002467,NCP0001879,Srilatha Goud,F,38,9998962138,Mogudampally,Zaheerabad,Sangareddy,2026-01-12,HWC screening,143,87,115,21.1,None,Not diagnosed,
NCDR0002468,NCP0001879,Srilatha Goud,F,40,9998962138,Mogudampally,Zaheerabad,Sangareddy,2026-04-09,Community screening,133,81,152,20.4,None,Not diagnosed,
NCDR0002469,NCP0001880,Venkatesh Laxman,M,38,,Kohir,Zaheerabad,Sangareddy,2026-05-01,Opportunistic screening,105,88,103,23.3,None,Not diagnosed,
NCDR0002470,NCP0001881,Deepika Shekar,F,39,9422075652,Mangalapally,Nakrekal,Nalgonda,2025-11-11,Opportunistic screening,140,94,115,33.2,None,Not diagnosed,
NCDR0002471,NCP0001881,Deepika Shekar,F,39,9422075652,Mangalapally,Nakrekal,Nalgonda,2026-03-07,HWC screening,135,94,125,23.8,None,Not diagnosed,
NCDR0002472,NCP0001882,Anil Jangam,M,24,,GANGAPUR,Jadcherla,Mahabubnagar,2026-03-26,HWC screening,173,91,82,33.3,Hypertension,Borderline,2026-06-24
NCDR0002473,NCP0001883,Ramesh Rao,M,76,9082097382,Badepally,Jadcherla,Mahabubnagar,2026-02-27,Community screening,160,97,133,33.1,Hypertension,Uncontrolled,2026-05-28
NCDR0002474,NCP0001884,Ravi Rao,M,61,9140401787,Kohir,Zaheerabad,Sangareddy,2026-03-05,HWC screening,187,111,283,19.2,Hypertension+Diabetes,Borderline,2026-05-04
NCDR0002475,NCP0001884,Ravi Rao,M,61,9140401787,Kohir,Zaheerabad,Sangareddy,2026-06-25,HWC screening,186,111,292,19.1,Hypertension+Diabetes,Borderline,2026-09-23
NCDR0002476,NCP0001885,Shnkar Das,M,45,9962516112,Kondamallepally,Devarakonda,Nalgonda,2025-10-28,HWC screening,141,76,160,27.3,Diabetes,Controlled,2025-11-27
NCDR0002477,NCP0001886,Mounika Das,F,42,,Kallepally,Balanagar,Mahabubnagar,2025-09-18,Community screening,125,89,307,32.0,Diabetes,Controlled,2025-11-17
NCDR0002478,NCP0001887,Deepika Reddy,F,41,9902823662,Bodajanampet,Balanagar,Mahabubnagar,2025-08-11,Community screening,183,103,127,29.1,Hypertension,Borderline,2025-10-10
NCDR0002479,NCP0001888,Anjali Khan,F,60,9232830613,Chandur,Chandur,Nalgonda,2026-01-19,HWC screening,156,103,112,29.8,Hypertension,Uncontrolled,2026-02-18
NCDR0002480,NCP0001888,Anjali Khan,F,60,9232830613,Chandur,Chandur,Nalgonda,2026-04-17,Opportunistic screening,170,89,114,30.3,Hypertension,Controlled,2026-07-16
NCDR0002481,NCP0001889,Santosh Naik,M,60,9244610492,Gangapur,Jadcherla,Mahabubnagar,2025-11-27,HWC screening,187,88,125,28.7,Hypertension,Controlled,2026-02-25
NCDR0002482,NCP0001889,Santosh Naik,M,58,9244610492,Gangapur,Jadcherla,Mahabubnagar,2026-01-27,Opportunistic screening,142,101,146,27.4,Hypertension,Borderline,2026-04-27
NCDR0002483,NCP0001890,Saritha Reddy,F,40,9139291304,Narayankhed,Narayankhed,Sangareddy,2026-05-17,Community screening,166,92,185,34.5,Hypertension+Diabetes,Controlled,2026-07-16
NCDR0002484,NCP0001891,Praveen Goud,M,40,9399049202,Manoor,Narayankhed,Sangareddy,2025-09-13,Opportunistic screening,105,92,130,28.4,None,Not diagnosed,
NCDR0002485,NCP0001892,Ravi Patel,M,40,9734523695,Kallepally,Balanagar,Mahabubnagar,2025-11-05,Community screening,129,72,317,21.4,Diabetes,Uncontrolled,2025-12-05
NCDR0002486,NCP0001893,Srinivas Narsimha,M,55,9367721367,Narayankhed,Narayankhed,Sangareddy,2025-09-05,HWC screening,128,94,153,32.0,Diabetes,Borderline,2025-10-05
NCDR0002487,NCP0001893,Srinivas Narsimha,M,54,9367721367,Narayankhed,Narayankhed,Sangareddy,2025-12-10,Community screening,142,90,317,22.1,Diabetes,Uncontrolled,2026-02-08
NCDR0002488,NCP0001894,Santosh Begum,M,46,9676984357,Vemula,Midjil,Mahabubnagar,2025-11-21,Opportunistic screening,153,88,262,18.7,Hypertension+Diabetes,Controlled,2026-02-19
NCDR0002489,NCP0001895,Mounika Begum,F,40,9152033262,Nermata,Chandur,Nalgonda,2026-06-15,Community screening,145,84,293,20.7,Diabetes,Uncontrolled,2026-07-15
NCDR0002490,NCP0001896,Kiran Patel,M,50,9542491781,Badepally,Jadcherla,Mahabubnagar,2025-10-22,Opportunistic screening,171,116,98,23.3,Hypertension,Borderline,2025-12-21
NCDR0002491,NCP0001896,Kirn Patel,M,51,9542491781,BADEPALLY,Jadcherla,Mahabubnagar,2026-01-02,Community screening,183,109,113,26.1,Hypertension,Uncontrolled,2026-03-03
NCDR0002492,NCP0001897,Padma Krishna,F,33,9380452656,Kondamallepally,Devarakonda,Nalgonda,2026-02-23,Community screening,120,81,99,20.4,None,Not diagnosed,
NCDR0002493,NCP0001897,Padma Krishna,F,34,,Kondamallepally,Devarakonda,Nalgonda,2026-06-20,HWC screening,138,85,158,28.5,None,Not diagnosed,
NCDR0002494,NCP0001898,Rajesh Das,M,30,9513322388,Mogudampally,Zaheerabad,Sangareddy,2025-10-24,HWC screening,168,110,131,27.1,Hypertension,Controlled,2026-01-22
NCDR0002495,NCP0001899,Srilatha Naik,F,87,9593616818,Devarakonda,Devarakonda,Nalgonda,2025-11-21,HWC screening,166,112,175,29.9,Hypertension+Diabetes,Uncontrolled,2025-12-21
NCDR0002496,NCP0001900,Anil Devi,M,50,+91-91795-83618,Velpula,Midjil,Mahabubnagar,2025-08-26,Community screening,121,89,109,26.8,None,Not diagnosed,
NCDR0002497,NCP0001901,Shankar Mallaiah,M,66,+91-99091-74526,Devarakonda,Devarakonda,Nalgonda,2026-03-29,Opportunistic screening,164,101,229,33.1,Hypertension+Diabetes,Uncontrolled,2026-06-27
NCDR0002498,NCP0001902,Saritha Yadav,F,31,9173706345,Macharam,Jadcherla,Mahabubnagar,2025-07-04,Community screening,130,86,156,30.2,Diabetes,Controlled,2025-08-03
NCDR0002499,NCP0001903,Sushma Jangam,F,66,9712644486,Kondamallepally,Devarakonda,Nalgonda,2026-02-06,HWC screening,163,115,172,31.5,Hypertension+Diabetes,Borderline,2026-05-07
NCDR0002500,NCP0001904,Sai Rao,M,51,9405401261,POLEPALLY,Jadcherla,Mahabubnagar,2025-11-13,Opportunistic screening,106,86,163,27.3,Diabetes,Controlled,2026-02-11
NCDR0002501,NCP0001905,Harika Yadav,F,55,9969702732,Kangti,Narayankhed,Sangareddy,2026-01-30,HWC screening,127,70,330,26.4,Diabetes,Borderline,2026-04-30
NCDR0002502,NCP0001906,Naresh Devi,M,19,9016606177,Nomula,Nakrekal,Nalgonda,2026-05-23,Community screening,177,95,128,18.9,Hypertension,Borderline,2026-07-22
NCDR0002503,NCP0001907,Naveen Basha,M,36,9209949164,Marrur,Nakrekal,Nalgonda,2026-02-08,Community screening,139,83,145,18.7,Diabetes,Controlled,2026-03-10
NCDR0002504,NCP0001908,Vinod Kumar,M,49,9664635297,Patancher,Patancheru,Sangareddy,2025-09-29,HWC screening,144,85,256,31.2,Diabetes,Uncontrolled,2025-11-28
NCDR0002505,NCP0001909,Lalitha,F,37,9489495301,Velpula,Midjil,Mahabubnagar,2025-12-11,Opportunistic screening,184,86,110,33.3,Hypertension,Borderline,2026-03-11
NCDR0002506,NCP0001909,Lalitha Reddy,F,39,9489495301,Velpula,Midjil,Mahabubnagar,2026-02-09,HWC screening,147,116,85,32.1,Hypertension,Uncontrolled,2026-04-10
NCDR0002507,NCP0001909,Lalitha Reddy,F,37,9489495301,Velpula,Midjil,Mahabubnagar,2026-04-12,HWC screening,151,98,88,22.0,Hypertension,Uncontrolled,2026-06-11
NCDR0002508,NCP0001910,Rajesh Shekar,M,42,9014213441,KALLEPALLY,Balanagar,Mahabubnagar,2026-01-04,Opportunistic screening,180,88,146,24.9,Hypertension,Borderline,2026-02-03
NCDR0002509,NCP0001911,Suresh Mallaiah,M,39,9446634272,Mangalapally,Nakrekal,Nalgonda,2026-04-01,Community screening,143,97,157,29.2,Hypertension,Uncontrolled,2026-06-30
NCDR0002510,NCP0001912,Mahesh Jangam,M,42,9250438086,Kalher,Narayankhed,Sangareddy,2025-12-07,HWC screening,129,84,153,24.8,Diabetes,Uncontrolled,2026-03-07
NCDR0002511,NCP0001912,Mahesh Jangam,M,41,9250638086,Kalher,Narayankhed,Sangareddy,2026-01-25,Community screening,136,81,177,23.9,Diabetes,Controlled,2026-04-25
NCDR0002512,NCP0001913,Renuka Basha,F,63,9658411067,Patancheru,Patancheru,Sangareddy,2026-05-11,Opportunistic screening,181,93,192,20.5,Hypertension+Diabetes,Uncontrolled,2026-07-10
NCDR0002513,NCP0001913,Renuka Basha,F,62,9658411067,Patancheru,Patancheru,Sangareddy,2026-08-03,Opportunistic screening,165,109,193,19.2,Hypertension+Diabetes,Uncontrolled,2026-10-02
NCDR0002514,NCP0001914,Bhawani Mudiraj,F,43,9236935024,Badepally,Jadcherla,Mahabubnagar,2026-03-16,Community screening,109,70,247,22.3,Diabetes,Uncontrolled,2026-06-14
NCDR0002515,NCP0001915,Mahesh Patel,M,38,9696866320,Midjil,Midjil,Mahabubnagar,2025-12-06,Community screening,171,111,128,31.7,Hypertension,Borderline,2026-02-04
NCDR0002516,NCP0001916,Bhavani Mallaiah,F,64,9121223189,Nermata,Chandur,Nalgonda,2025-12-05,HWC screening,167,99,170,28.1,Hypertension+Diabetes,Controlled,2026-02-03
NCDR0002517,NCP0001916,Bhavani Mallaiah,F,64,9121223189,Nermata,Chandur,Nalgonda,2026-03-12,HWC screening,178,109,243,24.8,Hypertension+Diabetes,Controlled,2026-04-11
NCDR0002518,NCP0001917,Saee Reddy,M,45,9299402677,Bangarigadda,Chandur,Nalgonda,2026-05-24,Opportunistic screening,158,99,78,23.7,Hypertension,Borderline,2026-06-23
NCDR0002519,NCP0001918,Suresh Khan,M,63,9601131983,Kallepally,Balanagar,Mahabubnagar,2025-07-12,HWC screening,155,90,97,33.9,Hypertension,Controlled,2025-10-10
NCDR0002520,NCP0001919,Suresh Ro,M,38,9861412860,NOMULA,Nakrekal,Nalgonda,2025-11-01,Community screening,149,98,80,34.4,Hypertension,Uncontrolled,2026-01-30
NCDR0002521,NCP0001919,Suresh Rao,M,38,9861412860,Nomula,Nakrekal,Nalgonda,2026-01-25,Community screening,173,90,122,26.2,Hypertension,Uncontrolled,2026-03-26
NCDR0002522,NCP0001920,Swathi Laxman,F,71,9431702012,Kohir,Zaheerabad,Sangareddy,2026-02-09,Opportunistic screening,169,97,218,26.8,Hypertension+Diabetes,Borderline,2026-03-11
NCDR0002523,NCP0001921,Harika Basha,F,58,9714096769,Polepally,Jadcherla,Mahabubnagar,2025-10-12,Opportunistic screening,144,107,140,26.4,Hypertension,Uncontrolled,2025-12-11
NCDR0002524,NCP0001922,Anil Khan,M,68,9836397180,Indresham,Patancheru,Sangareddy,2026-01-15,Opportunistic screening,173,88,273,33.1,Hypertension+Diabetes,Borderline,2026-03-16
NCDR0002525,NCP0001922,Anil Khan,M,68,+91-98363-97180,Indresham,Patancheru,Sangareddy,2026-03-24,Opportunistic screening,141,108,210,24.8,Hypertension+Diabetes,Controlled,2026-06-22
NCDR0002526,NCP0001923,Deepika Rao,F,46,9403540990,Jharasangam,Zaheerabad,Sangareddy,2025-08-03,Community screening,184,116,265,20.1,Hypertension+Diabetes,Controlled,2025-11-01
NCDR0002527,NCP0001923,Deepika Rao,F,45,9403540990,Jharasangam,Zaheerabad,Sangareddy,2025-10-10,Opportunistic screening,144,100,217,29.5,Hypertension+Diabetes,Uncontrolled,2026-01-08
NCDR0002528,NCP0001924,Padma Yadav,F,18,9697558923,Narayankhed,Narayankhed,Sangareddy,2025-12-06,Opportunistic screening,138,74,257,30.7,Diabetes,Borderline,2026-03-06
NCDR0002529,NCP0001925,Kavitha Kumar,F,56,9610132859,Mogudampally,Zaheerabad,Sangareddy,2026-04-24,Opportunistic screening,131,86,83,27.2,None,Not diagnosed,
NCDR0002530,NCP0001926,Ravi Khan,M,45,9190695626,Midjil,Midjil,Mahabubnagar,2025-07-30,Opportunistic screening,151,104,118,26.6,Hypertension,Controlled,2025-08-29
NCDR0002531,NCP0001927,Venkatesh Narsimha,M,26,9196718598,Kummarikunta,Chandur,Nalgonda,2026-03-18,Opportunistic screening,113,69,130,19.0,None,Not diagnosed,
NCDR0002532,NCP0001928,Sai Khan,M,52,+91-92793-73555,MANGALAPALLY,Nakrekal,Nalgonda,2026-06-02,HWC screening,134,96,215,30.2,Diabetes,Borderline,2026-08-31
NCDR0002533,NCP0001929,Rani Reddy,F,26,9706324434,Gangapur,Jadcherla,Mahabubnagar,2025-07-08,Opportunistic screening,133,70,97,19.9,None,Not diagnosed,
NCDR0002534,NCP0001930,Naresh Mudiraj,M,43,9810771853,Polepally,Jadcherla,Mahabubnagar,2026-04-18,Community screening,189,97,123,28.9,Hypertension,Controlled,2026-06-17
NCDR0002535,NCP0001931,Navin Laxman,M,53,+91-98276-49411,Kondamallepally,Devarakonda,Nalgonda,2025-12-25,Opportunistic screening,149,81,159,29.0,Diabetes,Uncontrolled,2026-01-24
NCDR0002536,NCP0001931,Naveen Laxman,M,53,9827649411,Kondamallepally,Devarakonda,Nalgonda,2026-02-24,Community screening,145,84,297,29.6,Diabetes,Uncontrolled,2026-05-25
NCDR0002537,NCP0001931,Naveen Laxman,M,53,9827649411,Kondamallepalli,Devarakonda,Nalgonda,2026-07-17,Community screening,135,76,187,30.6,Diabetes,Uncontrolled,2026-09-15
NCDR0002538,NCP0001932,Shankar Basha,M,63,9280995049,Nakrekal,Nakrekal,Nalgonda,2026-06-14,Community screening,141,84,131,20.0,Hypertension,Uncontrolled,2026-07-14
NCDR0002539,NCP0001933,Rajes Mudiraj,M,60,9779290685,Donur,Midjil,Mahabubnagar,2025-07-05,Community screening,173,104,202,23.1,Hypertension+Diabetes,Controlled,2025-09-03
NCDR0002540,NCP0001933,Rajesh Mudiraj,M,60,9779290685,Donur,Midjil,Mahabubnagar,2025-10-28,Opportunistic screening,185,97,199,19.7,Hypertension+Diabetes,Uncontrolled,2025-12-27
NCDR0002541,NCP0001933,Rajesh Mudiraj,M,62,9779290685,Donur,Midjil,Mahabubnagar,2025-11-30,Opportunistic screening,161,106,166,20.0,Hypertension+Diabetes,Uncontrolled,2026-01-29
NCDR0002542,NCP0001934,Sushma Kumar,F,48,9227281999,Narayankhed,Narayankhed,Sangareddy,2026-04-25,Community screening,126,84,281,28.4,Diabetes,Controlled,2026-06-24
NCDR0002543,NCP0001935,Sai Shekar,M,19,9670572462,Mangalapally,Nakrekal,Nalgonda,2025-07-08,HWC screening,108,85,97,23.1,None,Not diagnosed,
NCDR0002544,NCP0001935,Sai Shekar,M,19,,Mangalapally,Nakrekal,Nalgonda,2025-09-08,Community screening,108,76,85,30.5,None,Not diagnosed,
NCDR0002545,NCP0001935,Saee Shekar,M,19,9670772462,Mangalapally,Nakrekal,Nalgonda,2025-10-12,Community screening,129,95,146,30.0,None,Not diagnosed,
NCDR0002546,NCP0001936,Divya Naik,F,72,,Manoor,Narayankhed,Sangareddy,2026-02-14,Opportunistic screening,112,93,161,28.9,None,Not diagnosed,
NCDR0002547,NCP0001937,Suresh Kumar,M,43,9010172856,Narayankhed,Narayankhed,Sangareddy,2026-05-06,HWC screening,143,92,233,33.4,Hypertension+Diabetes,Uncontrolled,2026-06-05
NCDR0002548,NCP0001938,Raghav Begum,M,44,+91-93135-94245,Midjil,Midjil,Mahabubnagar,2026-01-31,Opportunistic screening,113,82,272,26.6,Diabetes,Controlled,2026-03-02
NCDR0002549,NCP0001939,Padma Goud,F,65,9577417036,Zaheeraba,Zaheerabad,Sangareddy,2025-11-05,HWC screening,187,116,113,23.2,Hypertension,Uncontrolled,2026-02-03
NCDR0002550,NCP0001940,Srilatha Basha,F,88,,Chandur,Chandur,Nalgonda,2026-04-21,HWC screening,161,108,211,28.1,Hypertension+Diabetes,Borderline,2026-05-21
NCDR0002551,NCP0001940,Srilatha Basha,F,88,9805048100,Chandur,Chandur,Nalgonda,2026-06-29,HWC screening,155,105,325,22.8,Hypertension+Diabetes,Controlled,2026-07-29
NCDR0002552,NCP0001941,Nirmala Kumar,F,28,9673559401,KALHER,Narayankhed,Sangareddy,2025-11-21,HWC screening,142,114,125,32.3,Hypertension,Controlled,2026-01-20
NCDR0002553,NCP0001942,Arun Devi,M,49,9058502906,Kohir,Zaheerabad,Sangareddy,2025-11-03,Opportunistic screening,188,99,100,23.4,Hypertension,Borderline,2026-02-01
NCDR0002554,NCP0001943,Praveen Laxman,M,43,9382651983,KONDAMALLEPALLY,Devarakonda,Nalgonda,2025-07-28,Community screening,134,69,221,27.3,Diabetes,Borderline,2025-10-26
NCDR0002555,NCP0001944,Lakshmi Devi,F,62,9641228853,Jharasangam,Zaheerabad,Sangareddy,2026-06-15,HWC screening,139,104,215,22.3,Hypertension+Diabetes,Uncontrolled,2026-08-14
NCDR0002556,NCP0001945,Ramesh Rao,M,55,+91-98517-38773,Narayankhed,Narayankhed,Sangareddy,2026-03-30,Opportunistic screening,159,116,265,30.9,Hypertension+Diabetes,Controlled,2026-04-29
NCDR0002557,NCP0001946,Rajesh Das,M,42,9332368684,Bhanur,Patancheru,Sangareddy,2026-05-18,Opportunistic screening,171,84,97,33.0,Hypertension,Uncontrolled,2026-08-16
NCDR0002558,NCP0001946,Rajesh Das,M,41,9332368684,Bhanur,Patancheru,Sangareddy,2026-07-10,HWC screening,190,99,158,23.4,Hypertension,Controlled,2026-08-09
NCDR0002559,NCP0001947,Anil Chary,M,45,9293880305,Peddadinne,Devarakonda,Nalgonda,2026-06-05,Opportunistic screening,149,78,299,20.8,Diabetes,Uncontrolled,2026-09-03
NCDR0002560,NCP0001948,Mohan Jangam,M,57,9182565889,Nomula,Nakrekal,Nalgonda,2025-08-22,HWC screening,163,85,158,28.0,Hypertension,Uncontrolled,2025-11-20
NCDR0002561,NCP0001948,Mohan Jangam,M,57,9182565889,Nomula,Nakrekal,Nalgonda,2025-12-15,Opportunistic screening,150,112,118,21.5,Hypertension,Borderline,2026-03-15
NCDR0002562,NCP0001949,Sai Mallaiah,M,49,+91-99043-42728,Bodajanampet,Balanagar,Mahabubnagar,2025-07-11,Opportunistic screening,111,93,104,27.3,None,Not diagnosed,
NCDR0002563,NCP0001950,Santosh Reddy,M,60,,Macharam,Jadcherla,Mahabubnagar,2025-08-07,Opportunistic screening,126,82,239,31.8,Diabetes,Borderline,2025-10-06
NCDR0002564,NCP0001950,Santosh Reddy,M,60,9578065571,Macharam,Jadcherla,Mahabubnagar,2025-09-30,HWC screening,135,82,190,27.5,Diabetes,Controlled,2025-10-30
NCDR0002565,NCP0001951,Ramesh Goud,M,43,9244801362,Marrur,Nakrekal,Nalgonda,2025-07-06,HWC screening,154,87,155,24.2,Hypertension,Uncontrolled,2025-08-05
NCDR0002566,NCP0001952,Jyothi Kumar,F,34,9752524891,Balanagar,Balanagar,Mahabubnagar,2025-10-02,Community screening,190,84,219,24.5,Hypertension+Diabetes,Controlled,2025-12-31
NCDR0002567,NCP0001953,Renuka Devi,F,50,9246731416,Kummarikunta,Chandur,Nalgonda,2025-09-04,Community screening,155,88,152,32.2,Hypertension+Diabetes,Controlled,2025-10-04
NCDR0002568,NCP0001954,Arun Begum,M,55,9630604740,Kallepally,Balanagar,Mahabubnagar,2025-09-19,Opportunistic screening,161,89,89,27.4,Hypertension,Controlled,2025-10-19
NCDR0002569,NCP0001955,Kavitha Rao,F,54,9648647225,Balanagar,Balanagar,Mahabubnagar,2026-02-24,Community screening,123,85,223,29.0,Diabetes,Borderline,2026-04-25
NCDR0002570,NCP0001955,Kavitha Rao,F,52,+91-96486-47225,Balanagar,Balanagar,Mahabubnagar,2026-06-22,Community screening,111,93,325,27.8,Diabetes,Borderline,2026-09-20
NCDR0002571,NCP0001956,Harika Das,F,45,9517141846,Rajapur,Balanagar,Mahabubnagar,2026-01-15,Community screening,189,112,119,24.8,Hypertension,Controlled,2026-02-14
NCDR0002572,NCP0001957,Rju Shekar,M,42,9766822953,Vemula,Midjil,Mahabubnagar,2025-11-07,Opportunistic screening,122,84,302,32.7,Diabetes,Controlled,2025-12-07
NCDR0002573,NCP0001958,Srilatha Narsimha,F,23,9494771795,Narayankhed,Narayankhed,Sangareddy,2026-02-09,Opportunistic screening,150,112,159,26.1,Hypertension,Borderline,2026-04-10
NCDR0002574,NCP0001959,Shobha Rao,F,45,9718967280,Gangapur,Jadcherla,Mahabubnagar,2026-06-14,HWC screening,145,91,86,25.0,Hypertension,Uncontrolled,2026-09-12
NCDR0002575,NCP0001959,Shobha Rao,F,45,9718967280,Gangapur,Jadcherla,Mahabubnagar,2026-08-01,Opportunistic screening,188,104,116,22.8,Hypertension,Uncontrolled,2026-08-31
NCDR0002576,NCP0001960,Mohan Das,M,62,9325989604,BADEPALLY,Jadcherla,Mahabubnagar,2026-02-28,Community screening,186,95,220,20.8,Hypertension+Diabetes,Borderline,2026-05-29
NCDR0002577,NCP0001961,Anil Basha,M,65,9768275255,Kalher,Narayankhed,Sangareddy,2025-07-17,Opportunistic screening,117,96,88,26.1,None,Not diagnosed,
NCDR0002578,NCP0001962,Sai Laxman,M,50,9888498698,Mangalapally,Nakrekal,Nalgonda,2026-03-09,Community screening,172,100,285,23.3,Hypertension+Diabetes,Controlled,2026-04-08
NCDR0002579,NCP0001963,Arun Mallaiah,M,45,9981630017,Bhanur,Patancheru,Sangareddy,2026-03-05,HWC screening,122,92,79,34.4,None,Not diagnosed,
NCDR0002580,NCP0001964,Mohan Begum,M,43,,Nermata,Chandur,Nalgonda,2026-03-09,HWC screening,164,101,154,29.3,Hypertension,Uncontrolled,2026-04-08
NCDR0002581,NCP0001965,Raju Laxman,M,43,9622682121,Kohir,Zaheerabad,Sangareddy,2026-02-22,HWC screening,172,107,195,22.0,Hypertension+Diabetes,Borderline,2026-03-24
NCDR0002582,NCP0001966,Lalitha Yadav,F,77,9121048714,Peddadinne,Devarakonda,Nalgonda,2026-01-01,Community screening,178,112,165,33.1,Hypertension,Controlled,2026-03-02
NCDR0002583,NCP0001967,Naveen Das,M,18,9015886477,Chandur,Chandur,Nalgonda,2025-08-08,HWC screening,145,102,98,28.1,Hypertension,Borderline,2025-10-07
NCDR0002584,NCP0001968,Keeran Chary,M,65,,MIDJIL,Midjil,Mahabubnagar,2025-10-20,Opportunistic screening,183,114,84,30.0,Hypertension,Uncontrolled,2025-12-19
NCDR0002585,NCP0001969,Naresh Devi,M,22,9161232126,Kallepally,Balanagar,Mahabubnagar,2025-09-15,Opportunistic screening,154,114,88,32.9,Hypertension,Borderline,2025-11-14
NCDR0002586,NCP0001970,Naresh Mallaiah,M,45,,Chandur,Chandur,Nalgonda,2026-01-05,HWC screening,141,84,199,27.9,Diabetes,Controlled,2026-02-04
NCDR0002587,NCP0001971,Kiran Devi,M,69,9862343898,Kummarikunta,Chandur,Nalgonda,2026-03-23,Community screening,122,69,89,27.0,None,Not diagnosed,
NCDR0002588,NCP0001971,Kiran Devi,M,68,9862343898,Kummarikunta,Chandur,Nalgonda,2026-05-27,Community screening,110,75,120,27.4,None,Not diagnosed,
NCDR0002589,NCP0001972,Anitha Mallaiah,F,43,+91-91679-98071,Nermata,Chandur,Nalgonda,2026-01-11,HWC screening,179,95,156,23.1,Hypertension,Uncontrolled,2026-04-11
NCDR0002590,NCP0001973,Naveen Yadav,M,50,,Midjil,Midjil,Mahabubnagar,2025-11-11,Opportunistic screening,148,76,94,32.9,None,Not diagnosed,
NCDR0002591,NCP0001974,Lakshmi Krishna,F,49,9363072569,Jharasangam,Zaheerabad,Sangareddy,2025-10-18,Opportunistic screening,124,96,114,31.7,None,Not diagnosed,
NCDR0002592,NCP0001974,Lakshmi Krishna,F,51,9363072599,Jharasangam,Zaheerabad,Sangareddy,2025-12-19,Community screening,126,82,91,29.5,None,Not diagnosed,
NCDR0002593,NCP0001975,Saritha Krishna,F,69,+91-96059-69792,Manoor,Narayankhed,Sangareddy,2026-06-12,HWC screening,106,94,117,20.5,None,Not diagnosed,
NCDR0002594,NCP0001976,Venkates Basha,M,58,+91-91311-61883,Kangti,Narayankhed,Sangareddy,2026-03-21,Community screening,173,107,191,30.9,Hypertension+Diabetes,Borderline,2026-05-20
NCDR0002595,NCP0001976,Venkatesh Basha,M,61,9131161883,Kangti,Narayankhed,Sangareddy,2026-06-29,Opportunistic screening,167,100,294,31.1,Hypertension+Diabetes,Uncontrolled,2026-09-27
NCDR0002596,NCP0001977,Renuka Mallaiah,F,33,9299186425,Indresham,Patancheru,Sangareddy,2025-11-21,HWC screening,186,94,100,25.7,Hypertension,Borderline,2026-01-20
NCDR0002597,NCP0001978,Srilatha Mallaiah,F,30,9718280960,Indresham,Patancheru,Sangareddy,2026-02-26,Opportunistic screening,190,92,134,19.3,Hypertension,Controlled,2026-04-27
NCDR0002598,NCP0001979,Raghav Jangam,M,25,9265751878,Gundlapally,Devarakonda,Nalgonda,2025-10-26,HWC screening,121,74,326,23.5,Diabetes,Borderline,2026-01-24
NCDR0002599,NCP0001980,Divya Narsimha,F,33,9313436679,Bhanur,Patancheru,Sangareddy,2026-04-08,HWC screening,109,87,220,26.3,Diabetes,Controlled,2026-05-08
NCDR0002600,NCP0001981,Deepika Krishna,F,61,9879732704,Peddadinne,Devarakonda,Nalgonda,2025-08-27,Opportunistic screening,133,87,248,33.3,Diabetes,Controlled,2025-10-26
NCDR0002601,NCP0001982,Renuka Reddy,F,77,9967548434,Balanagar,Balanagar,Mahabubnagar,2025-12-09,Community screening,142,110,155,24.0,Hypertension,Borderline,2026-03-09
NCDR0002602,NCP0001983,Raghav Mallaiah,M,37,9181727852,Narayankhed,Narayankhed,Sangareddy,2025-07-14,Opportunistic screening,158,87,91,24.7,Hypertension,Borderline,2025-08-13
NCDR0002603,NCP0001984,Renuka Mudiraj,F,54,,Velpula,Midjil,Mahabubnagar,2025-10-24,HWC screening,132,76,162,23.5,None,Not diagnosed,
NCDR0002604,NCP0001985,Anita Chary,F,37,9466301726,Badepally,Jadcherla,Mahabubnagar,2026-06-07,HWC screening,124,89,105,27.7,None,Not diagnosed,
NCDR0002605,NCP0001986,Rani Kumar,F,50,9205375588,MANOOR,Narayankhed,Sangareddy,2026-04-10,Community screening,138,85,238,33.7,Diabetes,Borderline,2026-05-10
NCDR0002606,NCP0001987,Swathi Reddy,F,60,9052927237,Polepally,Jadcherla,Mahabubnagar,2025-12-04,Opportunistic screening,152,87,187,31.7,Hypertension+Diabetes,Controlled,2026-02-02
NCDR0002607,NCP0001987,Swathi Reddy,F,58,9052927237,Polepally,Jadcherla,Mahabubnagar,2026-03-25,Opportunistic screening,169,114,204,23.2,Hypertension+Diabetes,Controlled,2026-04-24
NCDR0002608,NCP0001988,Srilatha,F,46,9488690481,Velpula,Midjil,Mahabubnagar,2026-02-09,HWC screening,176,103,121,21.8,Hypertension,Uncontrolled,2026-05-10
NCDR0002609,NCP0001988,Sreelatha Rao,F,46,9488690481,Velpula,Midjil,Mahabubnagar,2026-03-27,Opportunistic screening,144,95,84,32.7,Hypertension,Uncontrolled,2026-05-26
NCDR0002610,NCP0001988,Srilatha Rao,F,48,9488690481,Velpula,Midjil,Mahabubnagar,2026-06-29,Opportunistic screening,168,101,164,33.1,Hypertension,Borderline,2026-09-27
NCDR0002611,NCP0001989,Renuka Yadav,F,51,9950581742,Bangarigadda,Chandur,Nalgonda,2026-03-28,Opportunistic screening,150,85,290,22.9,Diabetes,Controlled,2026-05-27
NCDR0002612,NCP0001989,Renuk Yadav,F,51,9950581742,Bangarigadda,Chandur,Nalgonda,2026-07-24,Opportunistic screening,148,79,317,22.0,Diabetes,Borderline,2026-09-22
NCDR0002613,NCP0001989,Renuka Yadav,F,51,9950581742,Bangarigadda,Chandur,Nalgonda,2026-08-01,Opportunistic screening,105,74,223,27.0,Diabetes,Borderline,2026-09-30
NCDR0002614,NCP0001990,Venkatesh Naik,M,39,9832415859,Kohir,Zaheerabad,Sangareddy,2026-06-07,HWC screening,175,105,144,20.4,Hypertension,Uncontrolled,2026-07-07
NCDR0002615,NCP0001991,Padma Basha,F,47,9645290283,KOHIR,Zaheerabad,Sangareddy,2026-02-03,HWC screening,169,90,122,32.1,Hypertension,Uncontrolled,2026-05-04
NCDR0002616,NCP0001992,Kavitha Reddy,F,29,9055879309,Kallepally,Balanagar,Mahabubnagar,2026-04-13,Opportunistic screening,147,83,139,23.8,None,Not diagnosed,
NCDR0002617,NCP0001992,Kavitha Reddy,F,28,9055879309,Kallepally,Balanagar,Mahabubnagar,2026-08-11,Opportunistic screening,110,74,91,25.1,None,Not diagnosed,
NCDR0002618,NCP0001993,Renuk Begum,F,58,9852472040,Kohir,Zaheerabad,Sangareddy,2025-11-07,Opportunistic screening,188,101,120,22.1,Hypertension,Controlled,2026-02-05
NCDR0002619,NCP0001994,Vinod Reddy,M,61,9234367041,Chandur,Chandur,Nalgonda,2025-09-08,Community screening,138,111,90,26.8,Hypertension,Borderline,2025-11-07
NCDR0002620,NCP0001995,Santosh Krishna,M,25,9918252231,Bodajanampet,Balanagar,Mahabubnagar,2026-05-24,Community screening,132,91,321,33.5,Diabetes,Borderline,2026-07-23
NCDR0002621,NCP0001996,Vinod Goud,M,31,9645022805,Vemula,Midjil,Mahabubnagar,2025-09-19,Opportunistic screening,183,93,152,24.6,Hypertension,Uncontrolled,2025-12-18
NCDR0002622,NCP0001996,Vinod Goud,M,32,9645022805,Vemula,Midjil,Mahabubnagar,2025-12-17,Opportunistic screening,166,89,93,32.8,Hypertension,Uncontrolled,2026-02-15
NCDR0002623,NCP0001997,Arun Khan,M,51,9162936302,Kangti,Narayankhed,Sangareddy,2026-03-25,Opportunistic screening,181,98,163,30.6,Hypertension+Diabetes,Controlled,2026-05-24
NCDR0002624,NCP0001997,Arun Khan,M,52,9162936302,Kangti,Narayankhed,Sangareddy,2026-05-23,Opportunistic screening,144,100,263,25.3,Hypertension+Diabetes,Uncontrolled,2026-08-21
NCDR0002625,NCP0001998,Kiran Rao,M,50,9861264518,Balanagar,Balanagar,Mahabubnagar,2026-02-14,Opportunistic screening,172,102,292,21.1,Hypertension+Diabetes,Uncontrolled,2026-04-15
NCDR0002626,NCP0001999,Anjali Basha,F,41,9997331563,MANOOR,Narayankhed,Sangareddy,2026-04-05,HWC screening,123,86,129,27.9,None,Not diagnosed,
NCDR0002627,NCP0002000,Sai Mudiraj,M,61,9362317806,Mangalapally,Nakrekal,Nalgonda,2026-01-27,Community screening,151,93,93,30.8,Hypertension,Controlled,2026-02-26
NCDR0002628,NCP0002001,Rani Patel,F,46,,Manoor,Narayankhed,Sangareddy,2025-10-15,Opportunistic screening,183,87,285,34.3,Hypertension+Diabetes,Borderline,2025-11-14
NCDR0002629,NCP0002002,Rajesh Goud,M,36,9837296873,Velpula,Midjil,Mahabubnagar,2025-11-16,Community screening,126,90,298,22.0,Diabetes,Controlled,2025-12-16
NCDR0002630,NCP0002003,Mahesh Begum,M,68,+91-96526-75359,Zaheerabad,Zaheerabad,Sangareddy,2025-12-30,Opportunistic screening,190,90,162,29.8,Hypertension,Controlled,2026-03-30
NCDR0002631,NCP0002003,Mahesh Begum,M,68,9652675959,Zaheerabad,Zaheerabad,Sangareddy,2026-03-09,HWC screening,147,98,117,21.2,Hypertension,Controlled,2026-04-08
NCDR0002632,NCP0002003,Mahesh Begum,M,68,9652675359,Zaheerabad,Zaheerabad,Sangareddy,2026-06-12,Opportunistic screening,170,95,131,31.8,Hypertension,Controlled,2026-07-12
NCDR0002633,NCP0002004,Padma Yadaw,F,43,9208703169,Manoor,Narayankhed,Sangareddy,2025-08-11,Opportunistic screening,118,94,150,31.7,None,Not diagnosed,
NCDR0002634,NCP0002005,Venkatesh Jangam,M,59,9037000051,Kalher,Narayankhed,Sangareddy,2026-06-01,Opportunistic screening,152,104,118,19.1,Hypertension,Controlled,2026-07-01
NCDR0002635,NCP0002006,Sai Laxman,M,35,9424214381,Balanagar,Balanagar,Mahabubnagar,2026-03-14,HWC screening,107,82,128,32.1,None,Not diagnosed,
NCDR0002636,NCP0002007,Raju Kumar,M,41,9376739750,Nermata,Chandur,Nalgonda,2025-11-06,HWC screening,125,75,86,22.7,None,Not diagnosed,
NCDR0002637,NCP0002008,Jyothi Devi,F,63,9607809576,Kohir,Zaheerabad,Sangareddy,2026-02-17,Community screening,145,99,148,26.4,Hypertension,Uncontrolled,2026-04-18
NCDR0002638,NCP0002008,Jyothi,F,63,+91-96078-09576,Kohir,Zaheerabad,Sangareddy,2026-05-17,Opportunistic screening,168,111,151,23.6,Hypertension,Controlled,2026-07-16
NCDR0002639,NCP0002009,Anjali,F,61,9732711952,Kummarikunta,Chandur,Nalgonda,2025-12-13,HWC screening,156,96,153,28.5,Hypertension,Controlled,2026-01-12
NCDR0002640,NCP0002010,Praveen Begum,M,60,9338294409,Ameenpur,Patancheru,Sangareddy,2026-04-10,Community screening,144,100,307,25.8,Hypertension+Diabetes,Uncontrolled,2026-05-10
NCDR0002641,NCP0002011,Vinod Narsimha,M,46,9829593163,Marrur,Nakrekal,Nalgonda,2026-01-23,HWC screening,124,77,97,28.4,None,Not diagnosed,
NCDR0002642,NCP0002012,Arun Chary,M,42,9648353698,Mogudampally,Zaheerabad,Sangareddy,2026-04-13,Opportunistic screening,180,114,150,25.9,Hypertension,Uncontrolled,2026-06-12
NCDR0002643,NCP0002013,Kavitha Rao,F,56,9277813710,Rajapur,Balanagar,Mahabubnagar,2025-12-11,HWC screening,147,74,163,34.1,None,Not diagnosed,
NCDR0002644,NCP0002013,Kavitha Rao,F,58,9277813710,Rajapur,Balanagar,Mahabubnagar,2026-02-14,Opportunistic screening,145,69,112,30.0,None,Not diagnosed,
NCDR0002645,NCP0002014,nil Kumar,M,57,+91-99696-97075,Kalher,Narayankhed,Sangareddy,2026-05-14,Opportunistic screening,131,74,95,18.6,None,Not diagnosed,
NCDR0002646,NCP0002014,Aneel Kumar,M,59,,Kalher,Narayankhed,Sangareddy,2026-08-10,HWC screening,148,86,149,29.6,None,Not diagnosed,
NCDR0002647,NCP0002015,Raghav Reddy,M,39,,Gundlapally,Devarakonda,Nalgonda,2025-10-08,Community screening,149,114,121,27.8,Hypertension,Controlled,2025-11-07
NCDR0002648,NCP0002015,Raghav Reddy,M,40,9192894546,Gundlapally,Devarakonda,Nalgonda,2026-01-19,HWC screening,146,95,138,20.9,Hypertension,Borderline,2026-03-20
NCDR0002649,NCP0002016,Padma Dewi,F,18,9578257904,Velpula,Midjil,Mahabubnagar,2026-06-13,Opportunistic screening,186,108,120,23.8,Hypertension,Controlled,2026-09-11
NCDR0002650,NCP0002017,Shobha,F,38,9048660123,Midjil,Midjil,Mahabubnagar,2026-04-10,HWC screening,176,115,214,24.5,Hypertension+Diabetes,Controlled,2026-06-09
NCDR0002651,NCP0002017,Shobha Patel,F,38,9048660123,MIDJIL,Midjil,Mahabubnagar,2026-07-10,Community screening,144,109,241,27.1,Hypertension+Diabetes,Borderline,2026-09-08
NCDR0002652,NCP0002018,Santosh Naeek,M,52,+91-91672-23236,Polepally,Jadcherla,Mahabubnagar,2026-05-02,Community screening,166,113,138,23.9,Hypertension,Uncontrolled,2026-06-01
NCDR0002653,NCP0002019,Suresh Mallaiah,M,60,9338079065,Vemula,Midjil,Mahabubnagar,2025-09-09,HWC screening,137,69,121,22.2,None,Not diagnosed,
NCDR0002654,NCP0002020,Sushma Krishna,F,45,9286986454,Donur,Midjil,Mahabubnagar,2026-02-05,Community screening,142,85,176,20.2,Diabetes,Controlled,2026-04-06
NCDR0002655,NCP0002021,Kiran,M,22,9004816081,Bhanur,Patancheru,Sangareddy,2025-08-24,Community screening,143,70,272,24.1,Diabetes,Controlled,2025-10-23
NCDR0002656,NCP0002022,Swathi Devi,F,56,9776013702,Devarakonda,Devarakonda,Nalgonda,2025-07-30,HWC screening,135,75,159,18.7,None,Not diagnosed,
NCDR0002657,NCP0002023,Mounika Yadav,F,77,+91-99164-31584,MACHARAM,Jadcherla,Mahabubnagar,2026-02-26,Opportunistic screening,114,71,268,20.7,Diabetes,Uncontrolled,2026-05-27
NCDR0002658,NCP0002024,Shankar Khan,M,52,9070827800,Mogudampally,Zaheerabad,Sangareddy,2026-05-02,Community screening,105,85,232,33.1,Diabetes,Borderline,2026-07-31
NCDR0002659,NCP0002024,Shankar Khan,M,52,9070827800,Mogudampally,Zaheerabad,Sangareddy,2026-07-30,Opportunistic screening,149,85,180,25.0,Diabetes,Controlled,2026-08-29
NCDR0002660,NCP0002025,Bhavani Das,F,86,9119079268,Kummarikunta,Chandur,Nalgonda,2025-11-06,Opportunistic screening,184,104,80,27.3,Hypertension,Controlled,2025-12-06
NCDR0002661,NCP0002026,Jyoti Begum,F,21,9019651807,Midjil,Midjil,Mahabubnagar,2025-09-04,Opportunistic screening,155,96,300,26.7,Hypertension+Diabetes,Uncontrolled,2025-12-03
NCDR0002662,NCP0002026,Jyothee Begum,F,22,9019651807,Midjil,Midjil,Mahabubnagar,2025-12-31,HWC screening,164,105,194,27.3,Hypertension+Diabetes,Uncontrolled,2026-03-01
NCDR0002663,NCP0002027,Raju Basha,M,39,9176273611,Marrur,Nakrekal,Nalgonda,2025-10-22,HWC screening,129,95,223,21.4,Diabetes,Uncontrolled,2025-12-21
NCDR0002664,NCP0002028,Kiran Yadav,M,40,9491798460,Mangalapally,Nakrekal,Nalgonda,2026-02-13,Opportunistic screening,160,115,131,32.9,Hypertension,Controlled,2026-04-14
NCDR0002665,NCP0002029,Bhavani Rao,F,69,9773652213,Ameenpur,Patancheru,Sangareddy,2026-04-22,Community screening,114,73,288,24.4,Diabetes,Uncontrolled,2026-06-21
NCDR0002666,NCP0002030,Raghav Mallaiah,M,25,9966848732,Gundlapally,Devarakonda,Nalgonda,2026-01-07,Opportunistic screening,171,91,151,19.4,Hypertension,Borderline,2026-04-07
NCDR0002667,NCP0002030,Raghav Mallaiah,M,27,+91-99668-48732,Gundlapally,Devarakonda,Nalgonda,2026-03-26,Community screening,148,105,163,18.9,Hypertension,Borderline,2026-04-25
NCDR0002668,NCP0002030,Raghav Mallaiah,M,27,+91-99668-48732,Gundlapally,Devarakonda,Nalgonda,2026-08-01,Community screening,140,89,145,22.1,Hypertension,Uncontrolled,2026-10-30
NCDR0002669,NCP0002031,Anitha Kumar,F,43,9070548185,Donur,Midjil,Mahabubnagar,2026-02-01,HWC screening,112,88,120,24.6,None,Not diagnosed,
NCDR0002670,NCP0002032,Jyothi Patel,F,49,+91-98398-58099,Jharasanga,Zaheerabad,Sangareddy,2026-03-19,Community screening,189,107,85,24.5,Hypertension,Uncontrolled,2026-04-18
NCDR0002671,NCP0002033,Raju Kumar,M,57,9821237508,Zaheerabad,Zaheerabad,Sangareddy,2025-07-28,Opportunistic screening,184,108,103,23.4,Hypertension,Uncontrolled,2025-09-26
NCDR0002672,NCP0002033,Raju Kumar,M,57,9821237508,Zaheerabad,Zaheerabad,Sangareddy,2025-10-15,HWC screening,167,94,146,21.3,Hypertension,Borderline,2025-12-14
NCDR0002673,NCP0002034,Dipika Goud,F,32,9722754222,Gundlapally,Devarakonda,Nalgonda,2025-09-23,Opportunistic screening,165,86,121,24.9,Hypertension,Controlled,2025-11-22
NCDR0002674,NCP0002034,Deepika Goud,F,32,9722754222,Gundlapally,Devarakonda,Nalgonda,2026-01-19,HWC screening,188,94,99,21.4,Hypertension,Controlled,2026-04-19
NCDR0002675,NCP0002035,Srinivas Mudiraj,M,55,9416757325,Gangapur,Jadcherla,Mahabubnagar,2026-02-20,HWC screening,118,94,157,23.4,Diabetes,Borderline,2026-04-21
NCDR0002676,NCP0002036,Raghav Kumar,M,32,9883540887,Jharasangam,Zaheerabad,Sangareddy,2026-03-18,Opportunistic screening,163,99,269,18.9,Hypertension+Diabetes,Controlled,2026-05-17
NCDR0002677,NCP0002036,Raghav Kumar,M,32,,Jharasangam,Zaheerabad,Sangareddy,2026-06-14,HWC screening,184,100,279,29.5,Hypertension+Diabetes,Controlled,2026-07-14
NCDR0002678,NCP0002037,Anjali Reddy,F,29,9037699536,Rajapu,Balanagar,Mahabubnagar,2026-06-06,HWC screening,152,94,152,24.2,Hypertension,Uncontrolled,2026-07-06
NCDR0002679,NCP0002038,Jyothi Goud,F,64,9830300484,Midji,Midjil,Mahabubnagar,2025-09-30,Opportunistic screening,179,106,93,34.4,Hypertension,Uncontrolled,2025-11-29
NCDR0002680,NCP0002039,Lakshmi Mallaiah,F,43,9769773724,Kohir,Zaheerabad,Sangareddy,2026-03-16,HWC screening,140,113,86,32.2,Hypertension,Controlled,2026-05-15
NCDR0002681,NCP0002040,Kavitha Chary,F,48,9219234405,Kondamallepally,Devarakonda,Nalgonda,2025-07-12,HWC screening,181,87,219,24.1,Hypertension+Diabetes,Uncontrolled,2025-09-10
NCDR0002682,NCP0002041,Santosh Mudiraj,M,34,,Narayankhed,Narayankhed,Sangareddy,2025-09-27,Community screening,159,86,205,18.7,Hypertension+Diabetes,Uncontrolled,2025-11-26
NCDR0002683,NCP0002041,Santosh,M,35,9068630998,Narayankhed,Narayankhed,Sangareddy,2025-11-11,Community screening,175,114,307,21.5,Hypertension+Diabetes,Uncontrolled,2026-02-09
NCDR0002684,NCP0002042,Sai Patel,M,65,9083306657,Polepalli,Jadcherla,Mahabubnagar,2026-03-24,Opportunistic screening,131,76,129,25.0,None,Not diagnosed,
NCDR0002685,NCP0002042,Sai Patel,M,64,9083306657,POLEPALLY,Jadcherla,Mahabubnagar,2026-06-29,HWC screening,111,76,104,29.6,None,Not diagnosed,
NCDR0002686,NCP0002043,Lalitha Devi,F,59,+91-95995-79276,Bodajanampet,Balanagar,Mahabubnagar,2026-03-06,HWC screening,112,90,284,20.3,Diabetes,Controlled,2026-04-05
NCDR0002687,NCP0002043,Lalitha Devi,F,61,9599579276,Bodajanampet,Balanagar,Mahabubnagar,2026-04-28,Opportunistic screening,130,69,299,19.6,Diabetes,Uncontrolled,2026-07-27
NCDR0002688,NCP0002044,Mohan Laxman,M,44,,Jharasangam,Zaheerabad,Sangareddy,2026-01-23,Opportunistic screening,188,112,139,19.9,Hypertension,Borderline,2026-04-23
NCDR0002689,NCP0002045,Anil Khan,M,35,9264650912,Polepally,Jadcherla,Mahabubnagar,2026-06-02,Community screening,110,94,126,32.4,None,Not diagnosed,
NCDR0002690,NCP0002046,Srilatha,F,43,9956598789,Patancheru,Patancheru,Sangareddy,2025-10-20,HWC screening,175,112,149,30.5,Hypertension,Borderline,2025-12-19
NCDR0002691,NCP0002047,Arun Begum,M,48,9841124373,Nermata,Chandur,Nalgonda,2026-03-20,Community screening,131,78,136,26.3,None,Not diagnosed,
NCDR0002692,NCP0002048,Srilatha Das,F,36,9754545697,Macharam,Jadcherla,Mahabubnagar,2025-09-10,HWC screening,140,73,275,33.2,Diabetes,Uncontrolled,2025-12-09
NCDR0002693,NCP0002049,Rajesh Shekar,M,18,9712687236,Polepally,Jadcherla,Mahabubnagar,2026-04-30,Community screening,160,111,145,25.8,Hypertension,Controlled,2026-07-29
NCDR0002694,NCP0002050,Shobha Goud,F,87,,Marrur,Nakrekal,Nalgonda,2025-12-17,HWC screening,180,97,330,20.3,Hypertension+Diabetes,Uncontrolled,2026-03-17
NCDR0002695,NCP0002050,Shobha Goud,F,87,9641894259,Marrur,Nakrekal,Nalgonda,2026-04-13,HWC screening,183,85,149,24.0,Hypertension+Diabetes,Controlled,2026-05-13
NCDR0002696,NCP0002051,nil Goud,M,69,9444104069,Devarakonda,Devarakonda,Nalgonda,2025-10-28,Opportunistic screening,164,114,150,34.0,Hypertension,Borderline,2026-01-26
NCDR0002697,NCP0002052,Deepika Mallaiah,F,28,,Manoor,Narayankhed,Sangareddy,2026-06-04,HWC screening,125,72,145,25.6,None,Not diagnosed,
NCDR0002698,NCP0002053,Mounika Shekar,F,47,9673282903,Indresham,Patancheru,Sangareddy,2025-10-22,HWC screening,145,71,151,27.8,None,Not diagnosed,
NCDR0002699,NCP0002054,Lalitha Laxman,F,38,9625113075,Midjil,Midjil,Mahabubnagar,2025-07-09,HWC screening,157,97,124,31.4,Hypertension,Borderline,2025-09-07
NCDR0002700,NCP0002055,Kavitha Mallaiah,F,68,,Gundlapally,Devarakonda,Nalgonda,2026-04-12,Opportunistic screening,158,107,165,30.5,Hypertension,Uncontrolled,2026-06-11
NCDR0002701,NCP0002056,Suresh,M,46,9230586394,Midjil,Midjil,Mahabubnagar,2025-09-08,HWC screening,117,86,264,19.4,Diabetes,Borderline,2025-10-08
NCDR0002702,NCP0002057,Deepika Goud,F,31,9713952246,Gangapur,Jadcherla,Mahabubnagar,2026-05-22,Community screening,134,95,211,23.5,Diabetes,Uncontrolled,2026-07-21
NCDR0002703,NCP0002058,Mahesh Krishna,M,40,,Kondamallepally,Devarakonda,Nalgonda,2025-10-08,HWC screening,189,84,202,24.4,Hypertension+Diabetes,Uncontrolled,2026-01-06
NCDR0002704,NCP0002059,Arun Jangam,M,56,+91-93837-53842,Vemula,Midjil,Mahabubnagar,2025-12-12,Community screening,113,82,240,19.5,Diabetes,Uncontrolled,2026-02-10
NCDR0002705,NCP0002059,Arun Jangam,M,54,9383753842,Vemula,Midjil,Mahabubnagar,2026-04-02,Community screening,136,79,317,29.2,Diabetes,Controlled,2026-07-01
NCDR0002706,NCP0002059,Arun Jangam,M,56,9383753842,Vemula,Midjil,Mahabubnagar,2026-07-08,Community screening,110,76,236,26.5,Diabetes,Borderline,2026-09-06
NCDR0002707,NCP0002060,Neermala Begum,F,50,9645860360,Macharam,Jadcherla,Mahabubnagar,2025-11-03,Community screening,138,74,99,26.5,None,Not diagnosed,
NCDR0002708,NCP0002060,Nirmala Begum,F,48,9645860360,Macharam,Jadcherla,Mahabubnagar,2026-01-22,Opportunistic screening,130,96,133,26.8,None,Not diagnosed,
NCDR0002709,NCP0002061,Anil Goud,M,35,+91-90505-19728,Midjil,Midjil,Mahabubnagar,2025-07-14,HWC screening,110,69,227,30.0,Diabetes,Controlled,2025-10-12
NCDR0002710,NCP0002061,Anil Goud,M,34,9050519728,Midjil,Midjil,Mahabubnagar,2025-09-19,HWC screening,113,79,174,23.6,Diabetes,Uncontrolled,2025-12-18
NCDR0002711,NCP0002062,Shankar Basha,M,68,9083479938,Nakrekal,Nakrekal,Nalgonda,2025-11-11,Community screening,124,81,112,32.5,None,Not diagnosed,
NCDR0002712,NCP0002062,Shankar Basha,M,67,,Nakrekal,Nakrekal,Nalgonda,2026-02-20,Opportunistic screening,146,73,142,23.5,None,Not diagnosed,
NCDR0002713,NCP0002063,Shobha Yadav,F,61,9826231138,Indresham,Patancheru,Sangareddy,2025-07-22,Opportunistic screening,129,68,118,31.1,None,Not diagnosed,
NCDR0002714,NCP0002064,Kiran Patel,M,54,9036521945,Indresham,Patancheru,Sangareddy,2026-06-03,HWC screening,139,95,198,31.4,Diabetes,Uncontrolled,2026-09-01
NCDR0002715,NCP0002065,Jyothi Khan,F,18,9931492735,Devarakonda,Devarakonda,Nalgonda,2026-04-15,Community screening,142,96,131,21.9,Hypertension,Borderline,2026-07-14
NCDR0002716,NCP0002065,Jyothi Khan,F,19,9931492735,Devarakonda,Devarakonda,Nalgonda,2026-07-18,Community screening,177,85,142,24.8,Hypertension,Borderline,2026-10-16
NCDR0002717,NCP0002066,Swathi Basha,F,41,9663008523,Ameenpur,Patancheru,Sangareddy,2026-05-22,Opportunistic screening,118,73,191,26.5,Diabetes,Controlled,2026-06-21
NCDR0002718,NCP0002067,Swathi Das,F,62,9860893134,Narayankhed,Narayankhed,Sangareddy,2026-05-16,Community screening,129,73,322,24.3,Diabetes,Controlled,2026-06-15
NCDR0002719,NCP0002068,Rani Yadav,F,52,9503700181,Bodajanampet,Balanagar,Mahabubnagar,2025-07-26,Opportunistic screening,131,87,158,25.2,None,Not diagnosed,
NCDR0002720,NCP0002069,Venkatesh Krishna,M,25,,Mogudampally,Zaheerabad,Sangareddy,2026-02-23,Opportunistic screening,138,84,169,31.4,Diabetes,Uncontrolled,2026-04-24
NCDR0002721,NCP0002070,Deepika Jangam,F,63,9673382336,Bhanur,Patancheru,Sangareddy,2026-03-28,HWC screening,141,79,274,32.5,Diabetes,Borderline,2026-04-27
NCDR0002722,NCP0002071,Raghav Rao,M,37,9281415520,Ameenpur,Patancheru,Sangareddy,2026-04-13,Opportunistic screening,163,95,99,26.1,Hypertension,Borderline,2026-07-12
NCDR0002723,NCP0002072,Renuka Mallaiah,F,46,9172342205,Donur,Midjil,Mahabubnagar,2025-10-04,Community screening,184,85,241,33.7,Hypertension+Diabetes,Controlled,2026-01-02
NCDR0002724,NCP0002072,Renuka Mallaiah,F,48,9172342205,Donur,Midjil,Mahabubnagar,2026-01-02,Opportunistic screening,144,86,248,19.1,Hypertension+Diabetes,Controlled,2026-03-03
NCDR0002725,NCP0002073,Mahesh Reddy,M,23,9304993453,Nomula,Nakrekal,Nalgonda,2026-04-15,HWC screening,181,102,302,19.7,Hypertension+Diabetes,Controlled,2026-06-14
NCDR0002726,NCP0002074,Raju Das,M,25,9457912562,Vemula,Midjil,Mahabubnagar,2026-03-20,Community screening,179,112,244,26.7,Hypertension+Diabetes,Uncontrolled,2026-04-19
NCDR0002727,NCP0002075,Anjali Begum,F,88,9014255325,Peddadinne,Devarakonda,Nalgonda,2025-09-16,Opportunistic screening,106,77,197,23.3,Diabetes,Uncontrolled,2025-11-15
NCDR0002728,NCP0002076,Srinivas Devi,M,64,9776983278,Badepally,Jadcherla,Mahabubnagar,2025-12-10,Community screening,139,90,130,19.0,Hypertension,Controlled,2026-03-10
NCDR0002729,NCP0002077,Sreenivas Begum,M,50,9795920748,Gangapur,Jadcherla,Mahabubnagar,2025-11-16,HWC screening,181,95,217,19.8,Hypertension+Diabetes,Uncontrolled,2025-12-16
NCDR0002730,NCP0002078,Swathi Krishna,F,50,9123412001,PATANCHERU,Patancheru,Sangareddy,2025-11-14,Community screening,164,106,253,28.5,Hypertension+Diabetes,Borderline,2025-12-14
NCDR0002731,NCP0002078,Swati Krishna,F,48,9123412301,Patancheru,Patancheru,Sangareddy,2026-02-28,Opportunistic screening,180,97,189,28.0,Hypertension+Diabetes,Controlled,2026-04-29
NCDR0002732,NCP0002079,Swathi Jangam,F,71,9961765562,Jharasangam,Zaheerabad,Sangareddy,2026-02-15,Opportunistic screening,144,71,91,32.3,None,Not diagnosed,
NCDR0002733,NCP0002080,Mohan Laxman,M,53,9146871020,POLEPALLY,Jadcherla,Mahabubnagar,2025-11-08,HWC screening,133,74,104,21.5,None,Not diagnosed,
NCDR0002734,NCP0002081,Padma Patel,F,54,9425085624,ZAHEERABAD,Zaheerabad,Sangareddy,2025-10-05,HWC screening,128,90,88,24.1,None,Not diagnosed,
NCDR0002735,NCP0002082,Arun Chary,M,76,9695432468,Nermata,Chandur,Nalgonda,2026-02-15,HWC screening,150,71,239,26.7,Diabetes,Controlled,2026-04-16
NCDR0002736,NCP0002083,Vinod Yadav,M,42,,Chandur,Chandur,Nalgonda,2025-09-28,Opportunistic screening,182,100,180,27.9,Hypertension+Diabetes,Borderline,2025-10-28
NCDR0002737,NCP0002084,Sushma Begum,F,52,9999845975,Velpula,Midjil,Mahabubnagar,2026-04-24,HWC screening,121,85,107,34.4,None,Not diagnosed,
NCDR0002738,NCP0002085,Swathi Das,F,44,9314838041,Patancheru,Patancheru,Sangareddy,2026-01-04,HWC screening,131,79,314,32.2,Diabetes,Uncontrolled,2026-03-05
NCDR0002739,NCP0002085,Swathi Das,F,42,9314838041,PATANCHERU,Patancheru,Sangareddy,2026-03-30,Community screening,116,80,293,28.6,Diabetes,Uncontrolled,2026-06-28
NCDR0002740,NCP0002086,Anitha Mallaiah,F,45,9842965509,Kangti,Narayankhed,Sangareddy,2025-11-03,HWC screening,130,86,101,22.4,None,Not diagnosed,
NCDR0002741,NCP0002087,Bhavani Narsimha,F,88,9876328085,Rajapur,Balanagar,Mahabubnagar,2026-03-02,Community screening,162,116,159,23.1,Hypertension,Controlled,2026-05-01
NCDR0002742,NCP0002088,Renuka Shekar,F,60,9226965521,Kalhe,Narayankhed,Sangareddy,2025-12-17,Opportunistic screening,127,88,96,23.4,None,Not diagnosed,
NCDR0002743,NCP0002088,Renuka Shekar,F,62,9226965521,Kalher,Narayankhed,Sangareddy,2026-03-31,HWC screening,127,88,136,21.1,None,Not diagnosed,
NCDR0002744,NCP0002089,Anjali Das,F,48,9393337308,Kondamallepally,Devarakonda,Nalgonda,2025-09-18,Opportunistic screening,137,75,313,21.5,Diabetes,Uncontrolled,2025-11-17
NCDR0002745,NCP0002090,Suresh Patel,M,29,+91-94181-05143,Marrur,Nakrekal,Nalgonda,2025-07-16,Opportunistic screening,128,85,93,31.1,None,Not diagnosed,
NCDR0002746,NCP0002090,Suresh Patel,M,29,9418105143,Marrur,Nakrekal,Nalgonda,2025-11-05,Opportunistic screening,139,91,101,26.3,None,Not diagnosed,
NCDR0002747,NCP0002091,Nirmala Goud,F,54,9159857486,Polepally,Jadcherla,Mahabubnagar,2025-11-01,Community screening,143,92,252,32.2,Diabetes,Uncontrolled,2026-01-30
NCDR0002748,NCP0002091,Nirmala Goud,F,53,9159857486,Polepally,Jadcherla,Mahabubnagar,2026-02-12,Opportunistic screening,137,84,236,22.8,Diabetes,Uncontrolled,2026-03-14
NCDR0002749,NCP0002092,Divya Yadav,F,40,9679326117,Vemula,Midjil,Mahabubnagar,2026-03-10,Opportunistic screening,159,89,327,22.8,Hypertension+Diabetes,Borderline,2026-04-09
NCDR0002750,NCP0002093,Anil Das,M,18,9977401862,Kondamallepally,Devarakonda,Nalgonda,2025-09-26,Opportunistic screening,173,107,98,21.2,Hypertension,Uncontrolled,2025-12-25
NCDR0002751,NCP0002093,Anil Das,M,18,9977401862,Kondamallepally,Devarakonda,Nalgonda,2025-12-14,Community screening,145,106,159,25.9,Hypertension,Borderline,2026-03-14
NCDR0002752,NCP0002093,Anil Das,M,18,9977901862,Kondamallepall,Devarakonda,Nalgonda,2026-04-02,Opportunistic screening,186,100,98,27.8,Hypertension,Controlled,2026-06-01
NCDR0002753,NCP0002094,Jyothi Yadav,F,58,9167484325,Kondamallepally,Devarakonda,Nalgonda,2025-07-01,Opportunistic screening,134,80,234,33.1,Diabetes,Borderline,2025-09-29
NCDR0002754,NCP0002095,Shankar Khan,M,38,9748842126,Vemula,Midjil,Mahabubnagar,2025-10-29,Opportunistic screening,175,113,153,30.0,Hypertension,Borderline,2025-11-28
NCDR0002755,NCP0002096,Venkatesh Begum,M,25,,Marrur,Nakrekal,Nalgonda,2026-05-30,Opportunistic screening,107,68,155,21.5,Diabetes,Controlled,2026-06-29
NCDR0002756,NCP0002097,Renuka Begum,F,66,9133688452,Narayankhed,Narayankhed,Sangareddy,2025-12-30,Opportunistic screening,156,112,178,25.6,Hypertension+Diabetes,Controlled,2026-03-30
NCDR0002757,NCP0002097,Renuka Begum,F,66,9133688452,Narayankhed,Narayankhed,Sangareddy,2026-02-20,Opportunistic screening,147,112,197,31.3,Hypertension+Diabetes,Controlled,2026-04-21
NCDR0002758,NCP0002098,Raghav Basha,M,49,9101115832,Manoor,Narayankhed,Sangareddy,2025-12-26,Community screening,121,91,248,32.3,Diabetes,Uncontrolled,2026-02-24
NCDR0002759,NCP0002099,Kavitha Jangam,F,61,,Macharam,Jadcherla,Mahabubnagar,2026-03-29,Opportunistic screening,158,102,168,32.1,Hypertension+Diabetes,Controlled,2026-04-28
NCDR0002760,NCP0002099,Kavitha Jangam,F,59,+91-98597-24655,Macharam,Jadcherla,Mahabubnagar,2026-07-03,HWC screening,152,87,234,22.7,Hypertension+Diabetes,Borderline,2026-10-01
NCDR0002761,NCP0002100,Ramesh Khan,M,51,9949723633,Manoor,Narayankhed,Sangareddy,2026-01-17,Opportunistic screening,140,95,225,24.9,Diabetes,Uncontrolled,2026-04-17
NCDR0002762,NCP0002101,Jyothi Kumar,F,50,9626589875,Rajapur,Balanagar,Mahabubnagar,2026-05-30,Opportunistic screening,178,86,319,26.2,Hypertension+Diabetes,Uncontrolled,2026-06-29
NCDR0002763,NCP0002102,Suresh Reddy,M,63,9494322329,Nakrekal,Nakrekal,Nalgonda,2026-01-08,Opportunistic screening,149,113,301,28.5,Hypertension+Diabetes,Controlled,2026-03-09
NCDR0002764,NCP0002103,nitha Devi,F,49,9321609002,Mogudampally,Zaheerabad,Sangareddy,2026-01-30,Opportunistic screening,112,78,127,27.8,None,Not diagnosed,
NCDR0002765,NCP0002104,Anitha Chary,F,45,+91-95880-05039,Rajapur,Balanagar,Mahabubnagar,2025-12-06,Opportunistic screening,118,89,246,29.0,Diabetes,Borderline,2026-03-06
NCDR0002766,NCP0002105,Rju Goud,M,54,9988667986,GANGAPUR,Jadcherla,Mahabubnagar,2025-09-07,Community screening,145,105,128,20.3,Hypertension,Controlled,2025-12-06
NCDR0002767,NCP0002105,Raju Goud,M,56,9988667986,Gangapur,Jadcherla,Mahabubnagar,2025-10-28,Community screening,166,93,87,28.2,Hypertension,Controlled,2025-12-27
NCDR0002768,NCP0002106,Divya Begum,F,66,+91-94480-04246,Zaheerabad,Zaheerabad,Sangareddy,2025-10-12,HWC screening,185,97,125,27.4,Hypertension,Uncontrolled,2025-12-11
NCDR0002769,NCP0002106,Divy Begum,F,66,,ZAHEERABAD,Zaheerabad,Sangareddy,2026-01-22,HWC screening,159,110,158,30.7,Hypertension,Uncontrolled,2026-04-22
NCDR0002770,NCP0002107,Mohan Shekar,M,42,,Badepally,Jadcherla,Mahabubnagar,2025-12-30,Opportunistic screening,190,104,314,34.2,Hypertension+Diabetes,Borderline,2026-01-29
NCDR0002771,NCP0002107,Mohan Shekar,M,44,9151439610,Badepally,Jadcherla,Mahabubnagar,2026-04-29,Community screening,144,92,195,23.6,Hypertension+Diabetes,Controlled,2026-05-29
NCDR0002772,NCP0002108,Deepika Jangam,F,33,9414359716,Kummarikunta,Chandur,Nalgonda,2025-12-13,Opportunistic screening,114,77,287,22.3,Diabetes,Uncontrolled,2026-02-11
NCDR0002773,NCP0002109,Swathi Begum,F,51,9981774513,Chandur,Chandur,Nalgonda,2025-11-19,HWC screening,116,89,138,29.5,None,Not diagnosed,
NCDR0002774,NCP0002110,Venkatesh Laxman,M,46,9502307270,Donur,Midjil,Mahabubnagar,2025-12-30,Opportunistic screening,180,114,154,24.6,Hypertension,Borderline,2026-03-30
NCDR0002775,NCP0002110,Venkatesh,M,44,9502307270,Donur,Midjil,Mahabubnagar,2026-03-12,Community screening,176,85,162,19.3,Hypertension,Uncontrolled,2026-06-10
NCDR0002776,NCP0002111,Lakshmi Rao,F,67,9340898866,Peddadinne,Devarakonda,Nalgonda,2025-09-06,Community screening,120,79,78,33.3,None,Not diagnosed,
NCDR0002777,NCP0002112,Shobha Yadav,F,50,9517657662,Narayankhed,Narayankhed,Sangareddy,2026-02-05,Opportunistic screening,172,85,279,34.2,Hypertension+Diabetes,Uncontrolled,2026-03-07
NCDR0002778,NCP0002112,Shobha Yadav,F,50,9517657662,Narayankhed,Narayankhed,Sangareddy,2026-04-03,Opportunistic screening,179,97,151,32.7,Hypertension+Diabetes,Uncontrolled,2026-05-03
NCDR0002779,NCP0002113,Shobha Das,F,46,9881239672,Kalher,Narayankhed,Sangareddy,2026-01-25,Community screening,166,102,297,19.8,Hypertension+Diabetes,Controlled,2026-03-26
NCDR0002780,NCP0002113,sobha Das,F,45,9881239672,Kalher,Narayankhed,Sangareddy,2026-05-03,Opportunistic screening,150,85,263,27.9,Hypertension+Diabetes,Controlled,2026-06-02
NCDR0002781,NCP0002113,Shobha Das,F,45,9881239672,Kalher,Narayankhed,Sangareddy,2026-05-09,HWC screening,168,115,219,24.4,Hypertension+Diabetes,Uncontrolled,2026-07-08
NCDR0002782,NCP0002114,Laksmi Patel,F,39,9327406888,Devarakonda,Devarakonda,Nalgonda,2026-02-08,HWC screening,172,105,135,30.5,Hypertension,Uncontrolled,2026-05-09
NCDR0002783,NCP0002115,Rawi Laxman,M,48,9186451230,Nakrekal,Nakrekal,Nalgonda,2025-08-01,Community screening,172,100,138,19.1,Hypertension,Controlled,2025-08-31
NCDR0002784,NCP0002115,Ravi Laxman,M,51,9186451230,Nakrekal,Nakrekal,Nalgonda,2025-10-31,Community screening,172,98,110,24.9,Hypertension,Borderline,2026-01-29
NCDR0002785,NCP0002115,Ravi Laxman,M,49,9186451230,Nakrekal,Nakrekal,Nalgonda,2026-01-26,Opportunistic screening,179,84,165,22.1,Hypertension,Uncontrolled,2026-04-26
NCDR0002786,NCP0002116,Mahesh Yadav,M,32,9323268754,Devarakonda,Devarakonda,Nalgonda,2025-07-07,Opportunistic screening,141,104,127,27.9,Hypertension,Borderline,2025-09-05
NCDR0002787,NCP0002117,Kavitha Shekar,F,64,9680301867,KOHIR,Zaheerabad,Sangareddy,2025-07-13,Community screening,141,100,129,19.0,Hypertension,Uncontrolled,2025-10-11
NCDR0002788,NCP0002118,Mahesh,M,29,9828079825,Zaheerabad,Zaheerabad,Sangareddy,2025-10-14,HWC screening,151,114,304,20.0,Hypertension+Diabetes,Borderline,2025-12-13
NCDR0002789,NCP0002119,Shobha Laxman,F,87,9665990074,Devarakonda,Devarakonda,Nalgonda,2026-01-16,Community screening,190,91,136,22.4,Hypertension,Uncontrolled,2026-02-15
NCDR0002790,NCP0002119,Shobha Laxman,F,88,9665990074,Devarakond,Devarakonda,Nalgonda,2026-04-29,HWC screening,158,111,89,23.5,Hypertension,Controlled,2026-06-28
NCDR0002791,NCP0002120,Rani Basha,F,66,,Indresham,Patancheru,Sangareddy,2026-05-27,HWC screening,128,70,281,34.2,Diabetes,Uncontrolled,2026-06-26
NCDR0002792,NCP0002120,Rani Basha,F,67,9352479857,INDRESHAM,Patancheru,Sangareddy,2026-07-30,HWC screening,148,94,318,30.5,Diabetes,Uncontrolled,2026-08-29
NCDR0002793,NCP0002121,Mahesh Mudiraj,M,35,9649856641,Bhanur,Patancheru,Sangareddy,2026-02-07,Community screening,164,90,117,32.3,Hypertension,Uncontrolled,2026-04-08
NCDR0002794,NCP0002122,Naresh Narsimha,M,88,9528261033,Nakreka,Nakrekal,Nalgonda,2026-02-27,Community screening,124,75,97,25.1,None,Not diagnosed,
NCDR0002795,NCP0002123,Srinivas Yadav,M,61,9768802683,Badepally,Jadcherla,Mahabubnagar,2025-09-10,Community screening,138,72,164,30.9,Diabetes,Controlled,2025-12-09
NCDR0002796,NCP0002124,Padma Naik,F,48,+91-93230-22352,Kohir,Zaheerabad,Sangareddy,2026-06-05,Opportunistic screening,188,89,88,31.0,Hypertension,Borderline,2026-07-05
NCDR0002797,NCP0002125,Vinod Narsimha,M,39,9206321196,Kangti,Narayankhed,Sangareddy,2025-11-20,HWC screening,190,103,111,28.4,Hypertension,Uncontrolled,2025-12-20
NCDR0002798,NCP0002126,Anitha Rao,F,38,9854666424,Donur,Midjil,Mahabubnagar,2026-06-02,HWC screening,132,78,300,19.6,Diabetes,Controlled,2026-08-01
NCDR0002799,NCP0002127,Ramesh Basha,M,50,9394807899,Bodajanampet,Balanagar,Mahabubnagar,2025-07-22,HWC screening,179,96,85,25.3,Hypertension,Controlled,2025-08-21
NCDR0002800,NCP0002128,Naresh Yadav,M,56,,Jharasangam,Zaheerabad,Sangareddy,2025-10-12,Community screening,126,79,224,25.1,Diabetes,Controlled,2026-01-10
NCDR0002801,NCP0002129,Mounika Devi,F,28,+91-96610-78251,Nermata,Chandur,Nalgonda,2025-11-10,Community screening,166,108,162,18.9,Hypertension,Uncontrolled,2025-12-10
NCDR0002802,NCP0002129,Mounika Devi,F,31,9661078251,NERMATA,Chandur,Nalgonda,2026-01-23,Community screening,146,99,83,20.5,Hypertension,Controlled,2026-03-24
NCDR0002803,NCP0002130,Santosh Reddy,M,31,9360287207,Mogudampally,Zaheerabad,Sangareddy,2025-12-03,Opportunistic screening,147,94,142,25.7,None,Not diagnosed,
NCDR0002804,NCP0002131,Ramesh Patel,M,65,+91-94412-54088,Velpula,Midjil,Mahabubnagar,2026-01-22,Opportunistic screening,124,86,240,20.1,Diabetes,Controlled,2026-03-23
NCDR0002805,NCP0002132,Raju,M,37,9437799957,Mangalapally,Nakrekal,Nalgonda,2026-04-24,HWC screening,174,92,194,29.0,Hypertension+Diabetes,Uncontrolled,2026-05-24
NCDR0002806,NCP0002133,Venkatesh Mallaiah,M,56,9854763615,Vemula,Midjil,Mahabubnagar,2026-05-21,Opportunistic screening,154,110,115,20.0,Hypertension,Borderline,2026-08-19
NCDR0002807,NCP0002134,Shankar Narsimha,M,23,9292410609,Patancheru,Patancheru,Sangareddy,2025-09-06,Opportunistic screening,130,82,87,28.5,None,Not diagnosed,
NCDR0002808,NCP0002135,Rajesh Devi,M,73,9966919168,Bodajanampet,Balanagar,Mahabubnagar,2026-03-07,Opportunistic screening,129,79,293,29.4,Diabetes,Uncontrolled,2026-05-06
NCDR0002809,NCP0002136,Anjali Begum,F,46,+91-90844-69773,Mogudampally,Zaheerabad,Sangareddy,2025-12-01,Community screening,164,84,185,31.0,Hypertension+Diabetes,Borderline,2025-12-31
NCDR0002810,NCP0002137,Divya Rao,F,56,9300208034,PEDDADINNE,Devarakonda,Nalgonda,2026-02-10,HWC screening,143,96,109,28.3,Hypertension,Borderline,2026-05-11
NCDR0002811,NCP0002138,Anjali Chary,F,58,9436288422,Indresham,Patancheru,Sangareddy,2025-07-06,Opportunistic screening,170,97,144,32.0,Hypertension,Controlled,2025-10-04
NCDR0002812,NCP0002138,Anjali Chary,F,57,9436288422,Indresham,Patancheru,Sangareddy,2025-09-24,Community screening,186,102,152,24.8,Hypertension,Controlled,2025-10-24
NCDR0002813,NCP0002139,Praveen Chary,M,23,9437847708,Gangapur,Jadcherla,Mahabubnagar,2025-11-18,HWC screening,149,96,295,22.0,Diabetes,Borderline,2025-12-18
NCDR0002814,NCP0002140,Deepika Narsimha,F,32,9595353344,Kalher,Narayankhed,Sangareddy,2025-12-27,Opportunistic screening,155,107,80,19.9,Hypertension,Borderline,2026-02-25
NCDR0002815,NCP0002141,Kavitha Goud,F,58,9269446327,Nomula,Nakrekal,Nalgonda,2025-11-06,Community screening,134,88,151,19.1,None,Not diagnosed,
NCDR0002816,NCP0002142,Swathi Rao,F,27,9949246542,Macharam,Jadcherla,Mahabubnagar,2026-01-23,Opportunistic screening,147,114,93,33.3,Hypertension,Borderline,2026-02-22
NCDR0002817,NCP0002143,Mounika Mudiraj,F,77,9554112600,Bangarigadda,Chandur,Nalgonda,2026-02-15,Opportunistic screening,134,79,265,25.3,Diabetes,Uncontrolled,2026-03-17
NCDR0002818,NCP0002143,Mounika Mudiraj,F,77,9554112600,Bangarigadda,Chandur,Nalgonda,2026-05-02,Community screening,140,70,168,21.6,Diabetes,Controlled,2026-07-01
NCDR0002819,NCP0002144,Shobha Basha,F,38,,Rajapur,Balanagar,Mahabubnagar,2026-05-04,Community screening,117,92,293,32.3,Diabetes,Uncontrolled,2026-07-03
NCDR0002820,NCP0002144,Shobha Basha,F,37,9617725361,Rajapur,Balanagar,Mahabubnagar,2026-06-28,Community screening,147,70,240,33.9,Diabetes,Borderline,2026-09-26
NCDR0002821,NCP0002145,Venkatesh Mallaiah,M,46,9123891852,Jharasangam,Zaheerabad,Sangareddy,2026-05-09,HWC screening,181,84,159,29.2,Hypertension,Controlled,2026-06-08
NCDR0002822,NCP0002146,Ravi Khan,M,68,9251582754,Mogudampally,Zaheerabad,Sangareddy,2025-10-09,HWC screening,144,105,115,21.6,Hypertension,Borderline,2025-12-08
NCDR0002823,NCP0002147,Santosh Kumar,M,42,+91-96137-32460,BANGARIGADDA,Chandur,Nalgonda,2025-10-02,Community screening,161,114,146,19.0,Hypertension+Diabetes,Borderline,2025-11-01
NCDR0002824,NCP0002147,Santosh Kumar,M,42,9613732460,Bangarigadda,Chandur,Nalgonda,2025-11-20,Opportunistic screening,171,102,170,26.5,Hypertension+Diabetes,Uncontrolled,2026-01-19
NCDR0002825,NCP0002147,Santosh Kumar,M,41,9613732460,Bangarigadda,Chandur,Nalgonda,2026-05-08,Opportunistic screening,180,111,329,23.6,Hypertension+Diabetes,Controlled,2026-08-06
NCDR0002826,NCP0002148,Vinod Shekar,M,46,,Bhanur,Patancheru,Sangareddy,2026-03-03,Community screening,142,87,165,25.1,Hypertension,Borderline,2026-05-02
NCDR0002827,NCP0002149,Ravi Basha,M,58,9959522578,Marrur,Nakrekal,Nalgonda,2025-08-15,Opportunistic screening,165,111,109,31.6,Hypertension,Borderline,2025-09-14
NCDR0002828,NCP0002150,Anjali Basha,F,61,9583720647,Donur,Midjil,Mahabubnagar,2026-05-19,HWC screening,110,72,195,23.2,Diabetes,Uncontrolled,2026-08-17
NCDR0002829,NCP0002151,Mohan Laxman,M,51,9982017312,Bodajanampet,Balanagar,Mahabubnagar,2026-02-22,Community screening,141,86,132,21.1,Hypertension,Uncontrolled,2026-03-24
NCDR0002830,NCP0002151,Mohan Laxman,M,51,9982017312,Bodajanampet,Balanagar,Mahabubnagar,2026-04-12,Opportunistic screening,155,91,92,33.1,Hypertension,Borderline,2026-06-11
NCDR0002831,NCP0002152,Anil Jangam,M,48,9773153326,Kangti,Narayankhed,Sangareddy,2025-12-01,Opportunistic screening,144,78,255,22.1,Diabetes,Controlled,2025-12-31
NCDR0002832,NCP0002153,Srilatha Shekar,F,65,9819968863,Ameenpur,Patancheru,Sangareddy,2026-02-12,HWC screening,140,86,105,26.1,Hypertension,Uncontrolled,2026-03-14
NCDR0002833,NCP0002154,Naresh Shekar,M,44,9952308229,Velpula,Midjil,Mahabubnagar,2025-09-27,Community screening,121,96,295,23.7,Diabetes,Uncontrolled,2025-12-26
NCDR0002834,NCP0002154,Naresh Shekar,M,46,9952308229,Velpula,Midjil,Mahabubnagar,2025-12-17,HWC screening,141,95,212,24.1,Diabetes,Controlled,2026-02-15
NCDR0002835,NCP0002155,Naveen Mallaiah,M,56,9244881568,Gundlapally,Devarakonda,Nalgonda,2025-11-02,Opportunistic screening,181,89,296,30.8,Hypertension+Diabetes,Controlled,2026-01-01
NCDR0002836,NCP0002155,Naveen Mallaiah,M,57,9244881568,GUNDLAPALLY,Devarakonda,Nalgonda,2026-02-11,HWC screening,165,105,146,22.2,Hypertension+Diabetes,Controlled,2026-05-12
NCDR0002837,NCP0002155,Naveen Mallaiah,M,58,9244881568,Gundlapally,Devarakonda,Nalgonda,2026-05-17,HWC screening,169,91,194,24.4,Hypertension+Diabetes,Uncontrolled,2026-07-16
NCDR0002838,NCP0002156,Naveen Das,M,28,9446467678,Gangapur,Jadcherla,Mahabubnagar,2025-12-30,Opportunistic screening,142,96,144,31.9,None,Not diagnosed,
NCDR0002839,NCP0002157,Bhavani Naik,F,26,+91-94888-32527,Manoor,Narayankhed,Sangareddy,2026-06-16,Community screening,181,100,121,21.4,Hypertension,Controlled,2026-07-16
NCDR0002840,NCP0002158,Vinod Begum,M,57,9616447251,Polepally,Jadcherla,Mahabubnagar,2026-04-21,Community screening,114,80,130,30.6,None,Not diagnosed,
NCDR0002841,NCP0002159,Praveen Begum,M,60,9881208665,Ameenpur,Patancheru,Sangareddy,2025-08-30,Community screening,146,84,144,31.7,None,Not diagnosed,
NCDR0002842,NCP0002160,Srinivas Goud,M,54,9944830635,Mangalapally,Nakrekal,Nalgonda,2025-11-26,Community screening,138,95,129,27.9,Hypertension,Controlled,2026-02-24
NCDR0002843,NCP0002161,Mahesh Mudiraj,M,56,9507805127,Macharam,Jadcherla,Mahabubnagar,2026-05-29,HWC screening,154,84,88,24.1,Hypertension,Controlled,2026-07-28
NCDR0002844,NCP0002161,Mahesh Mudiraj,M,55,9507805127,Macharam,Jadcherla,Mahabubnagar,2026-07-31,Community screening,146,89,104,29.2,Hypertension,Controlled,2026-10-29
NCDR0002845,NCP0002162,Rajesh Mudiraj,M,30,+91-95153-62352,Bhanur,Patancheru,Sangareddy,2026-05-18,Community screening,135,85,117,26.8,None,Not diagnosed,
NCDR0002846,NCP0002163,Sai Kumar,M,35,9052349883,KALHER,Narayankhed,Sangareddy,2026-06-08,HWC screening,139,102,159,29.8,Hypertension,Borderline,2026-07-08
NCDR0002847,NCP0002164,Rani Krishna,F,29,9587734740,Donur,Midjil,Mahabubnagar,2025-07-27,Community screening,189,112,260,29.9,Hypertension+Diabetes,Controlled,2025-10-25
NCDR0002848,NCP0002165,Shobha Das,F,53,9645357411,Zaheerabad,Zaheerabad,Sangareddy,2025-07-19,HWC screening,158,85,152,23.3,Hypertension,Controlled,2025-08-18
NCDR0002849,NCP0002165,Shobha Das,F,53,+91-96453-57411,Zaheerabad,Zaheerabad,Sangareddy,2025-10-02,HWC screening,167,90,118,32.7,Hypertension,Uncontrolled,2025-12-31
NCDR0002850,NCP0002166,Padma Rao,F,48,9356447579,Narayankhed,Narayankhed,Sangareddy,2025-09-20,HWC screening,147,82,245,33.8,Diabetes,Borderline,2025-11-19
NCDR0002851,NCP0002167,Ravi Devi,M,40,9937571760,Rajapur,Balanagar,Mahabubnagar,2025-11-27,Opportunistic screening,107,74,144,30.0,None,Not diagnosed,
NCDR0002852,NCP0002167,Ravi Devi,M,42,9937571760,Rajapur,Balanagar,Mahabubnagar,2026-02-09,Opportunistic screening,118,69,98,23.0,None,Not diagnosed,
NCDR0002853,NCP0002168,Dipika Narsimha,F,45,9149733816,Kangti,Narayankhed,Sangareddy,2026-06-10,Opportunistic screening,107,68,126,27.4,None,Not diagnosed,
NCDR0002854,NCP0002169,Swthi Rao,F,18,9026538834,Mangalapall,Nakrekal,Nalgonda,2025-09-22,HWC screening,149,96,96,21.6,Hypertension,Uncontrolled,2025-12-21
NCDR0002855,NCP0002170,Shobh Narsimha,F,83,9859469681,Peddadinne,Devarakonda,Nalgonda,2025-12-03,Community screening,178,88,109,34.3,Hypertension,Uncontrolled,2026-01-02
NCDR0002856,NCP0002171,Srilatha Mudiraj,F,18,9553706130,Devarakonda,Devarakonda,Nalgonda,2025-12-16,Community screening,172,115,95,30.0,Hypertension,Borderline,2026-02-14
NCDR0002857,NCP0002172,Santosh Patel,M,49,9756073247,Midjil,Midjil,Mahabubnagar,2025-10-30,HWC screening,132,89,200,31.1,Diabetes,Uncontrolled,2025-11-29
NCDR0002858,NCP0002172,Santosh Patel,M,49,+91-97560-73247,Midjil,Midjil,Mahabubnagar,2025-12-24,Opportunistic screening,145,69,241,19.2,Diabetes,Uncontrolled,2026-03-24
NCDR0002859,NCP0002173,Laleetha Krishna,F,23,9635602547,Bodajanampet,Balanagar,Mahabubnagar,2025-10-20,Opportunistic screening,188,109,166,21.2,Hypertension+Diabetes,Controlled,2025-12-19
NCDR0002860,NCP0002173,Lalitha Krishna,F,27,9635602567,Bodajanampet,Balanagar,Mahabubnagar,2025-12-13,Community screening,172,112,234,26.1,Hypertension+Diabetes,Borderline,2026-03-13
NCDR0002861,NCP0002174,Swathi Rao,F,38,9032428294,Zaheerabad,Zaheerabad,Sangareddy,2026-04-29,Community screening,124,78,313,29.0,Diabetes,Controlled,2026-05-29
NCDR0002862,NCP0002175,Ravi Naik,M,62,+91-97150-55126,Kummarikunta,Chandur,Nalgonda,2025-09-14,Community screening,154,88,140,31.1,Hypertension,Controlled,2025-12-13
NCDR0002863,NCP0002176,Vinod,M,44,9355012279,Kohir,Zaheerabad,Sangareddy,2025-09-02,Community screening,154,106,167,19.6,Hypertension+Diabetes,Borderline,2025-10-02
NCDR0002864,NCP0002177,Kiran Begum,M,60,+91-91229-57685,Velpula,Midjil,Mahabubnagar,2026-03-23,HWC screening,143,75,304,30.0,Diabetes,Borderline,2026-04-22
NCDR0002865,NCP0002178,Padma Narsimha,F,35,9876886011,Nakrekal,Nakrekal,Nalgonda,2026-04-13,Opportunistic screening,128,95,186,21.7,Diabetes,Borderline,2026-06-12
NCDR0002866,NCP0002178,Padma Narsimha,F,33,9876886011,Nakrekal,Nakrekal,Nalgonda,2026-06-25,HWC screening,115,90,166,33.7,Diabetes,Borderline,2026-07-25
NCDR0002867,NCP0002179,Srinivas Das,M,56,+91-98064-60499,Devarakonda,Devarakonda,Nalgonda,2025-08-10,Community screening,162,107,162,33.5,Hypertension,Controlled,2025-10-09
NCDR0002868,NCP0002179,Srinivas Das,M,54,9806460799,Devarakonda,Devarakonda,Nalgonda,2025-09-24,Opportunistic screening,165,95,144,28.4,Hypertension,Borderline,2025-11-23
NCDR0002869,NCP0002180,Harika Krishna,F,25,9089707071,Kangti,Narayankhed,Sangareddy,2025-07-04,Opportunistic screening,140,69,108,26.1,None,Not diagnosed,
NCDR0002870,NCP0002181,Divya Rao,F,25,,Velpula,Midjil,Mahabubnagar,2025-11-01,Community screening,146,102,158,23.9,Hypertension,Uncontrolled,2025-12-31
NCDR0002871,NCP0002182,Naresh Basha,M,56,,Devarakonda,Devarakonda,Nalgonda,2026-06-06,HWC screening,129,92,120,30.2,None,Not diagnosed,
NCDR0002872,NCP0002183,Saritha Shekar,F,78,9516629132,Bhanu,Patancheru,Sangareddy,2025-09-10,HWC screening,180,111,155,19.4,Hypertension+Diabetes,Uncontrolled,2025-10-10
NCDR0002873,NCP0002184,Saritha Chary,F,45,9108011509,Ameenpur,Patancheru,Sangareddy,2026-06-16,Community screening,159,84,102,28.4,Hypertension,Controlled,2026-07-16
NCDR0002874,NCP0002185,Arun Reddy,M,67,9171821463,Badepally,Jadcherla,Mahabubnagar,2026-06-09,Community screening,153,102,202,33.8,Hypertension+Diabetes,Controlled,2026-09-07
NCDR0002875,NCP0002185,Arun Reddy,M,66,,Badepally,Jadcherla,Mahabubnagar,2026-08-10,Community screening,169,106,239,24.6,Hypertension+Diabetes,Uncontrolled,2026-11-08
NCDR0002876,NCP0002186,Padma Rao,F,59,9971600739,Bhanur,Patancheru,Sangareddy,2025-08-14,Community screening,189,95,93,27.9,Hypertension,Uncontrolled,2025-09-13
NCDR0002877,NCP0002187,Mahesh Devi,M,62,9178562636,Kalher,Narayankhed,Sangareddy,2026-02-21,Community screening,133,78,159,25.9,None,Not diagnosed,
NCDR0002878,NCP0002187,Mahesh Devi,M,64,+91-91785-62636,Kalher,Narayankhed,Sangareddy,2026-05-24,Community screening,140,76,86,30.2,None,Not diagnosed,
NCDR0002879,NCP0002187,Mahesh Devi,M,64,9178562636,Kalher,Narayankhed,Sangareddy,2026-06-19,HWC screening,116,85,101,32.2,None,Not diagnosed,
NCDR0002880,NCP0002188,Kiran Goud,M,18,9797053575,Midjil,Midjil,Mahabubnagar,2026-01-13,Community screening,161,101,149,22.1,Hypertension,Controlled,2026-03-14
NCDR0002881,NCP0002189,Srilata Reddy,F,26,9024960598,Mogudampally,Zaheerabad,Sangareddy,2025-12-23,HWC screening,164,113,203,28.2,Hypertension+Diabetes,Borderline,2026-03-23
NCDR0002882,NCP0002189,Srilatha Reddy,F,26,9024664598,Mogudampally,Zaheerabad,Sangareddy,2026-04-08,Opportunistic screening,154,86,285,33.5,Hypertension+Diabetes,Uncontrolled,2026-07-07
NCDR0002883,NCP0002190,Harika Mudiraj,F,42,,Gundlapally,Devarakonda,Nalgonda,2025-08-24,Community screening,184,114,107,28.3,Hypertension,Borderline,2025-09-23
NCDR0002884,NCP0002191,Deepika Mudiraj,F,54,+91-99180-85685,Nomula,Nakrekal,Nalgonda,2025-12-19,HWC screening,121,93,116,28.2,None,Not diagnosed,
NCDR0002885,NCP0002192,Jyothi Naik,F,63,9103721879,Kallepally,Balanagar,Mahabubnagar,2026-03-19,Community screening,138,82,150,23.2,None,Not diagnosed,
NCDR0002886,NCP0002193,Naveen Jangam,M,76,9002750837,Gangapur,Jadcherla,Mahabubnagar,2025-08-10,Community screening,138,99,207,27.8,Hypertension+Diabetes,Controlled,2025-11-08
NCDR0002887,NCP0002193,Naveen Jangam,M,76,9002740837,Gangapur,Jadcherla,Mahabubnagar,2025-10-17,Community screening,168,88,156,28.0,Hypertension+Diabetes,Borderline,2026-01-15
NCDR0002888,NCP0002194,Naween Mudiraj,M,44,9261392383,Kohir,Zaheerabad,Sangareddy,2025-07-17,HWC screening,187,100,161,19.5,Hypertension,Borderline,2025-10-15
NCDR0002889,NCP0002195,Padma Yadav,F,63,9049147106,Kalher,Narayankhed,Sangareddy,2026-04-06,Opportunistic screening,115,68,300,32.4,Diabetes,Borderline,2026-06-05
NCDR0002890,NCP0002195,Padma Yadav,F,65,9049147106,Kalher,Narayankhed,Sangareddy,2026-08-04,HWC screening,125,80,182,23.8,Diabetes,Uncontrolled,2026-10-03
NCDR0002891,NCP0002196,Santosh Shekar,M,58,9030596153,Manoor,Narayankhed,Sangareddy,2025-12-24,Community screening,125,88,314,33.7,Diabetes,Uncontrolled,2026-03-24
NCDR0002892,NCP0002197,Srilatha Krishna,F,41,9162226443,Mangalapally,Nakrekal,Nalgonda,2025-08-15,HWC screening,150,113,198,21.3,Hypertension+Diabetes,Uncontrolled,2025-11-13
NCDR0002893,NCP0002198,Anitha Goud,F,63,9267769480,Bodajanampet,Balanagar,Mahabubnagar,2025-09-11,Community screening,116,87,271,26.9,Diabetes,Controlled,2025-11-10
NCDR0002894,NCP0002198,Anitha Goud,F,63,9267769480,Bodajanampet,Balanagar,Mahabubnagar,2026-01-09,HWC screening,130,92,266,32.5,Diabetes,Uncontrolled,2026-04-09
NCDR0002895,NCP0002199,Shankar Narsimha,M,58,9880263333,Mogudampall,Zaheerabad,Sangareddy,2025-09-04,Opportunistic screening,181,104,141,27.6,Hypertension,Borderline,2025-11-03
NCDR0002896,NCP0002200,Shankar Chary,M,53,,Nakrekal,Nakrekal,Nalgonda,2026-02-14,Opportunistic screening,178,86,96,19.8,Hypertension,Controlled,2026-04-15
NCDR0002897,NCP0002201,Mounika,F,52,9607587864,KUMMARIKUNTA,Chandur,Nalgonda,2026-05-14,Opportunistic screening,142,88,84,29.3,None,Not diagnosed,
NCDR0002898,NCP0002202,Anitha Shekar,F,75,9641145576,Kangti,Narayankhed,Sangareddy,2026-06-05,HWC screening,187,98,148,31.6,Hypertension,Uncontrolled,2026-08-04
NCDR0002899,NCP0002203,Lakshmi Jangam,F,38,,Gundlapally,Devarakonda,Nalgonda,2026-05-04,HWC screening,132,87,168,28.1,Diabetes,Controlled,2026-08-02
NCDR0002900,NCP0002204,Vinod Shekar,M,50,9876766616,Mogudampall,Zaheerabad,Sangareddy,2025-08-30,Community screening,150,91,100,19.8,Hypertension,Borderline,2025-09-29
NCDR0002901,NCP0002205,Venkatesh Basha,M,49,9810717738,Vemula,Midjil,Mahabubnagar,2026-01-20,Opportunistic screening,156,95,118,21.0,Hypertension,Borderline,2026-03-21
NCDR0002902,NCP0002206,Harika Jangam,F,51,9796319795,Kalher,Narayankhed,Sangareddy,2025-10-26,Opportunistic screening,134,84,145,20.0,Diabetes,Borderline,2025-12-25
NCDR0002903,NCP0002207,Sushma Khan,F,49,9116093725,Balanagar,Balanagar,Mahabubnagar,2025-09-25,Community screening,162,88,162,28.0,Hypertension+Diabetes,Borderline,2025-12-24
NCDR0002904,NCP0002207,Sushma Khan,F,49,9116093725,Balanaga,Balanagar,Mahabubnagar,2026-01-06,HWC screening,162,87,196,28.6,Hypertension+Diabetes,Uncontrolled,2026-03-07
NCDR0002905,NCP0002207,Sushma Khan,F,49,9116093725,Balanagar,Balanagar,Mahabubnagar,2026-02-16,Opportunistic screening,156,101,236,19.6,Hypertension+Diabetes,Uncontrolled,2026-04-17
NCDR0002906,NCP0002208,Ravi Narsimha,M,42,9969169716,Zaheerabad,Zaheerabad,Sangareddy,2025-10-13,HWC screening,147,92,317,21.5,Diabetes,Uncontrolled,2025-11-12
NCDR0002907,NCP0002208,Ravi Narsimha,M,44,9960169716,Zaheerabad,Zaheerabad,Sangareddy,2025-12-13,Community screening,135,68,284,28.5,Diabetes,Borderline,2026-02-11
NCDR0002908,NCP0002208,Ravi Narsimha,M,42,9969169716,Zaheerabad,Zaheerabad,Sangareddy,2026-04-17,Community screening,138,91,325,23.8,Diabetes,Borderline,2026-05-17
NCDR0002909,NCP0002209,Kavitha Mallaiah,F,44,9564982607,Marrur,Nakrekal,Nalgonda,2025-08-26,Community screening,118,71,154,34.2,None,Not diagnosed,
NCDR0002910,NCP0002210,Raju Shekar,M,39,9015511484,Velpula,Midjil,Mahabubnagar,2025-07-04,Opportunistic screening,131,72,178,28.7,Diabetes,Uncontrolled,2025-09-02
NCDR0002911,NCP0002210,Raju Shekar,M,40,9015511484,Velpula,Midjil,Mahabubnagar,2025-09-01,Community screening,118,96,166,25.1,Diabetes,Borderline,2025-10-31
NCDR0002912,NCP0002211,Anjali,F,33,9078566394,Nakrekal,Nakrekal,Nalgonda,2025-10-08,HWC screening,133,93,187,22.6,Diabetes,Borderline,2025-11-07
NCDR0002913,NCP0002211,Anjali Yadav,F,31,9078166394,NAKREKAL,Nakrekal,Nalgonda,2026-01-13,Opportunistic screening,107,82,330,25.5,Diabetes,Controlled,2026-02-12
NCDR0002914,NCP0002212,Naveen Rao,M,47,+91-97371-16674,Chandu,Chandur,Nalgonda,2026-02-11,Opportunistic screening,149,86,114,27.6,Hypertension,Uncontrolled,2026-03-13
NCDR0002915,NCP0002213,Lalitha Das,F,74,9726037877,Ameenpur,Patancheru,Sangareddy,2025-09-08,HWC screening,153,105,85,23.2,Hypertension,Controlled,2025-10-08
NCDR0002916,NCP0002214,Shobha Narsimha,F,59,9685345396,Kallepally,Balanagar,Mahabubnagar,2025-10-16,HWC screening,126,82,207,32.1,Diabetes,Borderline,2025-11-15
NCDR0002917,NCP0002214,Shobha Narsimha,F,56,9685345396,Kallepally,Balanagar,Mahabubnagar,2025-12-12,HWC screening,150,69,220,29.5,Diabetes,Controlled,2026-02-10
NCDR0002918,NCP0002215,Jyoti Mallaiah,F,62,9486153354,Donur,Midjil,Mahabubnagar,2025-07-18,Opportunistic screening,174,85,164,24.8,Hypertension,Controlled,2025-08-17
NCDR0002919,NCP0002215,Jyoti Mallaiah,F,63,,Donur,Midjil,Mahabubnagar,2025-10-24,Opportunistic screening,139,111,99,20.2,Hypertension,Borderline,2025-12-23
NCDR0002920,NCP0002216,Naveen Chary,M,48,9798435384,Nakrekal,Nakrekal,Nalgonda,2026-03-05,HWC screening,134,82,152,22.2,None,Not diagnosed,
NCDR0002921,NCP0002216,Naveen Chary,M,49,,Nakreka,Nakrekal,Nalgonda,2026-05-18,Opportunistic screening,134,77,122,33.1,None,Not diagnosed,
NCDR0002922,NCP0002217,Saritha Krishna,F,48,+91-98822-39285,Gangapur,Jadcherla,Mahabubnagar,2025-10-07,Opportunistic screening,128,72,144,21.4,None,Not diagnosed,
NCDR0002923,NCP0002218,Deepika Khan,F,63,9162050111,Peddadinn,Devarakonda,Nalgonda,2025-08-04,HWC screening,178,111,159,34.0,Hypertension,Controlled,2025-10-03
NCDR0002924,NCP0002218,Deepik Khan,F,62,9163050111,Peddadinne,Devarakonda,Nalgonda,2025-09-24,Opportunistic screening,162,99,135,27.9,Hypertension,Controlled,2025-12-23
NCDR0002925,NCP0002218,Deepika Khan,F,64,,Peddadinne,Devarakonda,Nalgonda,2025-12-26,Community screening,157,95,89,22.6,Hypertension,Controlled,2026-01-25
NCDR0002926,NCP0002219,Mohan Krishna,M,69,9106605668,Rajapur,Balanagar,Mahabubnagar,2025-07-10,Opportunistic screening,170,103,255,19.4,Hypertension+Diabetes,Uncontrolled,2025-08-09
NCDR0002927,NCP0002219,Mohan Krishna,M,69,9106605668,Rajapu,Balanagar,Mahabubnagar,2025-10-17,Opportunistic screening,180,89,221,33.9,Hypertension+Diabetes,Controlled,2026-01-15
NCDR0002928,NCP0002219,Mohan Krishna,M,70,9106605668,RAJAPUR,Balanagar,Mahabubnagar,2026-02-05,HWC screening,182,112,302,26.4,Hypertension+Diabetes,Borderline,2026-05-06
NCDR0002929,NCP0002220,Naveen Khan,M,73,9303177353,Mangalapally,Nakrekal,Nalgonda,2026-02-26,Community screening,106,86,108,34.3,None,Not diagnosed,
NCDR0002930,NCP0002221,Sushma Reddy,F,62,9180121216,Gangapur,Jadcherla,Mahabubnagar,2026-01-18,Opportunistic screening,149,116,138,33.6,Hypertension,Controlled,2026-03-19
NCDR0002931,NCP0002222,Sai Krishna,M,29,9486130155,MOGUDAMPALLY,Zaheerabad,Sangareddy,2026-02-22,Community screening,135,94,263,23.9,Diabetes,Borderline,2026-05-23
NCDR0002932,NCP0002223,Padma Mudiraj,F,47,9665489892,Mangalapally,Nakrekal,Nalgonda,2025-08-16,Community screening,174,99,156,25.5,Hypertension,Borderline,2025-11-14
NCDR0002933,NCP0002224,Divya Mallaiah,F,55,9605040196,Midjil,Midjil,Mahabubnagar,2026-06-12,Community screening,119,78,125,26.9,None,Not diagnosed,
NCDR0002934,NCP0002225,Lalitha Krishna,F,28,9358165304,Velpula,Midjil,Mahabubnagar,2025-09-11,Opportunistic screening,115,89,243,34.0,Diabetes,Borderline,2025-10-11
NCDR0002935,NCP0002226,Pdma Kumar,F,18,9157960408,Macharam,Jadcherla,Mahabubnagar,2025-08-16,HWC screening,146,110,266,33.5,Hypertension+Diabetes,Borderline,2025-09-15
NCDR0002936,NCP0002227,Arun Shekar,M,70,9880555928,Mogudampally,Zaheerabad,Sangareddy,2025-07-04,Opportunistic screening,144,101,286,29.0,Hypertension+Diabetes,Controlled,2025-09-02
NCDR0002937,NCP0002228,Vinod Reddy,M,58,9062893406,Kummarikunta,Chandur,Nalgonda,2026-01-14,Opportunistic screening,142,71,178,33.1,Diabetes,Uncontrolled,2026-02-13
NCDR0002938,NCP0002229,Mounik Narsimha,F,24,9948510350,Manoor,Narayankhed,Sangareddy,2025-12-09,HWC screening,153,116,117,27.0,Hypertension,Borderline,2026-03-09
NCDR0002939,NCP0002230,Sai Basha,M,21,,Midjil,Midjil,Mahabubnagar,2026-06-12,HWC screening,139,111,88,29.7,Hypertension,Borderline,2026-09-10
NCDR0002940,NCP0002231,Nirmala Naik,F,54,9156343266,Polepally,Jadcherla,Mahabubnagar,2025-12-28,Community screening,105,76,273,22.9,Diabetes,Borderline,2026-01-27
NCDR0002941,NCP0002232,Lalitha Reddy,F,77,9281614440,Mangalapally,Nakrekal,Nalgonda,2025-11-12,HWC screening,152,112,91,20.4,Hypertension,Uncontrolled,2026-01-11
NCDR0002942,NCP0002233,Mohan Narsimha,M,18,9859938460,Devarakonda,Devarakonda,Nalgonda,2026-06-01,Opportunistic screening,137,93,192,22.2,Diabetes,Controlled,2026-07-31
NCDR0002943,NCP0002234,Anil Naik,M,64,+91-97861-47410,Jharasangam,Zaheerabad,Sangareddy,2026-02-06,HWC screening,149,72,92,21.5,None,Not diagnosed,
NCDR0002944,NCP0002235,Naresh Jangam,M,76,9107137369,Bodajanampet,Balanagar,Mahabubnagar,2025-08-16,Community screening,165,98,177,29.6,Hypertension+Diabetes,Borderline,2025-11-14
NCDR0002945,NCP0002235,Nresh Jangam,M,77,9107137269,Bodajanampet,Balanagar,Mahabubnagar,2025-11-16,HWC screening,155,88,205,29.7,Hypertension+Diabetes,Borderline,2026-02-14
NCDR0002946,NCP0002235,Naresh Jangam,M,74,9107137269,Bodajanampet,Balanagar,Mahabubnagar,2026-03-06,Opportunistic screening,157,89,258,18.9,Hypertension+Diabetes,Uncontrolled,2026-06-04
NCDR0002947,NCP0002236,Anjali Narsimha,F,32,9364524839,Kondamallepally,Devarakonda,Nalgonda,2026-04-06,Community screening,124,71,121,22.7,None,Not diagnosed,
NCDR0002948,NCP0002237,Naveen Devi,M,37,9843176926,Kummarikunta,Chandur,Nalgonda,2026-01-18,Opportunistic screening,126,68,319,32.4,Diabetes,Borderline,2026-02-17
NCDR0002949,NCP0002237,Naveen Devi,M,34,9843176926,Kummarikunta,Chandur,Nalgonda,2026-05-04,HWC screening,142,73,193,19.7,Diabetes,Uncontrolled,2026-08-02
NCDR0002950,NCP0002238,Harika Shekar,F,62,9450022670,Nomula,Nakrekal,Nalgonda,2025-07-26,Community screening,141,76,79,21.5,None,Not diagnosed,
NCDR0002951,NCP0002239,Mounika Goud,F,43,9748014213,VEMULA,Midjil,Mahabubnagar,2025-08-13,Opportunistic screening,146,77,294,19.1,Diabetes,Controlled,2025-10-12
NCDR0002952,NCP0002240,Raju Krishna,M,54,+91-92690-64656,Rajapur,Balanagar,Mahabubnagar,2025-12-15,HWC screening,126,79,80,26.9,None,Not diagnosed,
NCDR0002953,NCP0002240,Raju Krishna,M,52,9269064656,Rajapur,Balanagar,Mahabubnagar,2026-03-04,HWC screening,122,76,114,33.2,None,Not diagnosed,
NCDR0002954,NCP0002240,Raju,M,54,9269064656,Rajapur,Balanagar,Mahabubnagar,2026-07-31,Community screening,143,96,85,22.4,None,Not diagnosed,
NCDR0002955,NCP0002241,Anil Patel,M,74,9285441163,Balanagar,Balanagar,Mahabubnagar,2025-11-22,HWC screening,120,69,112,31.8,None,Not diagnosed,
NCDR0002956,NCP0002241,Anil Patel,M,73,9285441163,Balanagar,Balanagar,Mahabubnagar,2026-01-23,Opportunistic screening,113,91,80,25.8,None,Not diagnosed,
NCDR0002957,NCP0002242,Lakshmi Patel,F,41,9750916410,Kohir,Zaheerabad,Sangareddy,2026-06-14,HWC screening,168,85,299,25.4,Hypertension+Diabetes,Uncontrolled,2026-07-14
NCDR0002958,NCP0002243,Shankar Rao,M,32,9152910444,Gundlapally,Devarakonda,Nalgonda,2026-05-30,Opportunistic screening,190,94,315,26.8,Hypertension+Diabetes,Borderline,2026-06-29
NCDR0002959,NCP0002244,Nirmla Begum,F,51,9906153147,Kalher,Narayankhed,Sangareddy,2025-11-07,HWC screening,190,107,123,24.7,Hypertension,Borderline,2026-02-05
NCDR0002960,NCP0002245,Vinod Shekar,M,26,9964420877,Indresham,Patancheru,Sangareddy,2026-04-07,Opportunistic screening,162,115,187,29.9,Hypertension+Diabetes,Borderline,2026-07-06
NCDR0002961,NCP0002245,winod Shekar,M,26,9964420877,Indresham,Patancheru,Sangareddy,2026-07-03,HWC screening,178,88,266,28.8,Hypertension+Diabetes,Borderline,2026-08-02
NCDR0002962,NCP0002245,Vinod Shekar,M,26,9964420877,Indresham,Patancheru,Sangareddy,2026-07-22,Community screening,148,114,198,25.8,Hypertension+Diabetes,Borderline,2026-10-20
NCDR0002963,NCP0002246,Anitha Naik,F,28,+91-93990-84570,Devarakonda,Devarakonda,Nalgonda,2026-01-14,Opportunistic screening,145,112,189,22.8,Hypertension+Diabetes,Controlled,2026-03-15
NCDR0002964,NCP0002247,Deepika Narsimha,F,45,9154338058,Vemula,Midjil,Mahabubnagar,2026-03-25,Opportunistic screening,150,116,134,33.3,Hypertension,Borderline,2026-06-23
NCDR0002965,NCP0002248,Santosh Patel,M,54,9790132964,Polepally,Jadcherla,Mahabubnagar,2025-12-03,Opportunistic screening,133,73,96,27.6,None,Not diagnosed,
NCDR0002966,NCP0002249,Rani Jangam,F,20,,Donur,Midjil,Mahabubnagar,2026-03-24,HWC screening,186,88,157,25.0,Hypertension,Controlled,2026-04-23
NCDR0002967,NCP0002249,Rani Jangam,F,18,9301254185,Donur,Midjil,Mahabubnagar,2026-06-04,Community screening,167,99,147,33.1,Hypertension,Uncontrolled,2026-07-04
NCDR0002968,NCP0002250,Naresh Naik,M,63,,Badepally,Jadcherla,Mahabubnagar,2025-12-12,Community screening,164,106,128,29.8,Hypertension,Controlled,2026-01-11
NCDR0002969,NCP0002251,Ramesh Yadav,M,32,9859482311,Kangti,Narayankhed,Sangareddy,2026-01-15,Opportunistic screening,156,87,138,24.5,Hypertension,Uncontrolled,2026-04-15
NCDR0002970,NCP0002252,Sreelatha Devi,F,56,9691787427,Midjil,Midjil,Mahabubnagar,2026-03-21,Community screening,151,95,104,18.7,Hypertension,Controlled,2026-05-20
NCDR0002971,NCP0002253,Bhavani Basha,F,47,9026240000,Kummarikunta,Chandur,Nalgonda,2026-05-21,Community screening,165,105,124,27.4,Hypertension,Uncontrolled,2026-07-20
NCDR0002972,NCP0002254,Raju Begum,M,57,+91-95356-21142,Jharasangam,Zaheerabad,Sangareddy,2025-08-21,Community screening,123,89,160,24.2,None,Not diagnosed,
NCDR0002973,NCP0002255,Raju Yadav,M,47,+91-93851-26630,Kummarikunta,Chandur,Nalgonda,2025-12-08,HWC screening,137,93,121,29.1,None,Not diagnosed,
NCDR0002974,NCP0002256,Naresh Patel,M,55,9931250173,Balanagar,Balanagar,Mahabubnagar,2025-12-13,Community screening,129,94,316,30.8,Diabetes,Borderline,2026-01-12
NCDR0002975,NCP0002257,Mahesh Rao,M,41,9399023541,Rajapur,Balanagar,Mahabubnagar,2025-11-25,HWC screening,146,99,227,25.9,Hypertension+Diabetes,Uncontrolled,2026-01-24
NCDR0002976,NCP0002257,Mahesh Rao,M,42,9399023541,Rajapur,Balanagar,Mahabubnagar,2026-01-20,Opportunistic screening,142,86,191,24.3,Hypertension+Diabetes,Borderline,2026-03-21
NCDR0002977,NCP0002258,Santosh Krishna,M,84,9066599206,Mangalapally,Nakrekal,Nalgonda,2025-09-30,Community screening,148,72,148,23.6,None,Not diagnosed,
NCDR0002978,NCP0002259,Rmesh Devi,M,40,9632872955,Marrur,Nakrekal,Nalgonda,2025-10-18,HWC screening,178,107,129,19.7,Hypertension,Controlled,2025-11-17
NCDR0002979,NCP0002259,Ramesh Devi,M,40,9632872955,Marrur,Nakrekal,Nalgonda,2026-02-13,HWC screening,158,110,150,20.8,Hypertension,Controlled,2026-04-14
NCDR0002980,NCP0002259,Rames Devi,M,39,9632872955,Marrur,Nakrekal,Nalgonda,2026-03-31,HWC screening,140,96,94,19.9,Hypertension,Borderline,2026-05-30
NCDR0002981,NCP0002260,Deepik Kumar,F,36,9175931136,Kummarikunta,Chandur,Nalgonda,2026-01-04,HWC screening,164,93,122,29.7,Hypertension,Uncontrolled,2026-03-05
NCDR0002982,NCP0002260,Deepika Kumar,F,38,9175931136,Kummarikunt,Chandur,Nalgonda,2026-04-15,HWC screening,183,111,152,25.0,Hypertension,Borderline,2026-05-15
NCDR0002983,NCP0002261,Anil Patel,M,56,9912239051,KUMMARIKUNTA,Chandur,Nalgonda,2026-01-06,Community screening,148,76,294,18.6,Diabetes,Controlled,2026-02-05
NCDR0002984,NCP0002262,Naveen Mallaiah,M,59,9749968724,Kummarikunta,Chandur,Nalgonda,2026-04-14,HWC screening,106,80,206,23.8,Diabetes,Uncontrolled,2026-06-13
NCDR0002985,NCP0002263,Saritha Shekar,F,18,9485740661,VEMULA,Midjil,Mahabubnagar,2025-07-17,HWC screening,151,102,92,25.0,Hypertension,Controlled,2025-10-15
NCDR0002986,NCP0002264,Sushma Yadav,F,52,9572303519,Polepally,Jadcherla,Mahabubnagar,2025-11-04,Community screening,116,95,86,23.8,None,Not diagnosed,
NCDR0002987,NCP0002264,Sushma Yadav,F,53,9572303519,Polepally,Jadcherla,Mahabubnagar,2026-02-11,Community screening,141,68,82,20.7,None,Not diagnosed,
NCDR0002988,NCP0002265,Shankar Narsimha,M,27,9051920193,Kallepally,Balanagar,Mahabubnagar,2025-07-17,Opportunistic screening,178,91,105,21.6,Hypertension,Borderline,2025-08-16
NCDR0002989,NCP0002266,Sushma Basha,F,50,9735372823,Mogudampally,Zaheerabad,Sangareddy,2025-11-04,Opportunistic screening,180,87,155,18.9,Hypertension+Diabetes,Uncontrolled,2026-02-02
NCDR0002990,NCP0002266,Sushma Basha,F,50,9735362823,Mogudampally,Zaheerabad,Sangareddy,2026-01-29,Community screening,161,85,183,33.2,Hypertension+Diabetes,Controlled,2026-03-30
NCDR0002991,NCP0002267,Padma Mallaiah,F,52,+91-90937-38393,Zaheerabad,Zaheerabad,Sangareddy,2025-10-21,HWC screening,173,107,112,20.9,Hypertension,Controlled,2025-11-20
NCDR0002992,NCP0002268,Mohan Mudiraj,M,52,,Zaheerabad,Zaheerabad,Sangareddy,2026-03-22,Community screening,133,76,103,24.1,None,Not diagnosed,
NCDR0002993,NCP0002269,Anitha Goud,F,54,9043389114,NAKREKAL,Nakrekal,Nalgonda,2026-04-13,Opportunistic screening,117,83,229,18.9,Diabetes,Uncontrolled,2026-07-12
NCDR0002994,NCP0002270,Renuka Krishna,F,47,9122085144,Kallepally,Balanagar,Mahabubnagar,2026-03-21,Community screening,176,115,104,26.7,Hypertension,Controlled,2026-06-19
NCDR0002995,NCP0002271,Swathi Begum,F,48,9070321759,Midjil,Midjil,Mahabubnagar,2026-03-17,HWC screening,190,99,85,21.5,Hypertension,Controlled,2026-04-16
NCDR0002996,NCP0002271,Swathi Begum,F,47,9070321759,Midjil,Midjil,Mahabubnagar,2026-06-25,Opportunistic screening,173,111,162,30.2,Hypertension,Controlled,2026-07-25
NCDR0002997,NCP0002272,Mounika Kumar,F,72,9558784810,Kangti,Narayankhed,Sangareddy,2025-12-19,Community screening,140,97,259,29.6,Hypertension+Diabetes,Borderline,2026-01-18
NCDR0002998,NCP0002273,Vinod Begum,M,31,9440333275,Nakrekal,Nakrekal,Nalgonda,2025-11-16,Opportunistic screening,132,85,154,25.2,None,Not diagnosed,
NCDR0002999,NCP0002273,Vinod Begum,M,30,9440336255,Nakrekal,Nakrekal,Nalgonda,2026-02-13,Opportunistic screening,131,96,154,21.0,None,Not diagnosed,
NCDR0003000,NCP0002273,Vinod Begum,M,31,9440333255,NAKREKAL,Nakrekal,Nalgonda,2026-03-26,Opportunistic screening,121,69,84,20.1,None,Not diagnosed,
NCDR0003001,NCP0002274,Harika Jangam,F,51,9356524221,Marrur,Nakrekal,Nalgonda,2026-04-05,HWC screening,151,97,110,29.6,Hypertension,Borderline,2026-06-04
NCDR0003002,NCP0002275,Nirmala Jangam,F,24,,Kallepally,Balanagar,Mahabubnagar,2025-11-14,Community screening,123,70,149,30.9,Diabetes,Uncontrolled,2026-02-12
NCDR0003003,NCP0002275,Nirmla Jangam,F,26,,Kallepall,Balanagar,Mahabubnagar,2026-03-11,Community screening,150,81,153,23.5,Diabetes,Borderline,2026-05-10
NCDR0003004,NCP0002276,Arun Das,M,81,+91-91534-20206,Indresham,Patancheru,Sangareddy,2025-08-01,HWC screening,139,94,138,24.1,Hypertension,Controlled,2025-10-30
NCDR0003005,NCP0002276,Arun Das,M,81,9153420206,Indresham,Patancheru,Sangareddy,2025-09-28,HWC screening,185,115,112,25.0,Hypertension,Uncontrolled,2025-10-28
NCDR0003006,NCP0002277,Nirmala Shekar,F,51,9246761674,Balanagar,Balanagar,Mahabubnagar,2026-05-25,Community screening,160,112,256,24.2,Hypertension+Diabetes,Uncontrolled,2026-06-24
NCDR0003007,NCP0002277,Nirmala Shekar,F,49,+91-92467-61674,Balanagar,Balanagar,Mahabubnagar,2026-07-16,Community screening,154,99,147,24.2,Hypertension+Diabetes,Controlled,2026-08-15
NCDR0003008,NCP0002278,Lalita Laxman,F,60,+91-98984-37748,Zaheerabad,Zaheerabad,Sangareddy,2026-05-21,HWC screening,144,88,149,24.8,None,Not diagnosed,
NCDR0003009,NCP0002279,Suresh Patel,M,30,9456811195,Rajapur,Balanagar,Mahabubnagar,2025-10-09,HWC screening,153,99,79,23.4,Hypertension,Controlled,2026-01-07
NCDR0003010,NCP0002280,Anjali Patel,F,64,9497972181,Kalhe,Narayankhed,Sangareddy,2025-08-11,Opportunistic screening,175,87,221,26.3,Hypertension+Diabetes,Borderline,2025-10-10
NCDR0003011,NCP0002281,Srinivs Laxman,M,53,9256213877,Kangti,Narayankhed,Sangareddy,2026-02-25,Community screening,148,116,282,23.5,Hypertension+Diabetes,Borderline,2026-05-26
NCDR0003012,NCP0002282,Arun Mudiraj,M,52,,Bangarigadda,Chandur,Nalgonda,2026-01-13,Community screening,126,95,284,23.0,Diabetes,Borderline,2026-03-14
NCDR0003013,NCP0002283,Suresh Das,M,58,9763217873,Mangalapally,Nakrekal,Nalgonda,2025-11-27,HWC screening,146,116,306,34.5,Hypertension+Diabetes,Uncontrolled,2026-02-25
NCDR0003014,NCP0002284,Praveen,M,21,9351397830,Kondamallepally,Devarakonda,Nalgonda,2025-08-02,Opportunistic screening,147,113,134,28.3,Hypertension,Borderline,2025-10-31
NCDR0003015,NCP0002284,Praveen Jangam,M,21,,Kondamallepally,Devarakonda,Nalgonda,2025-09-26,HWC screening,167,92,161,28.6,Hypertension,Controlled,2025-10-26
NCDR0003016,NCP0002285,Anitha Yadav,F,56,9965609342,CHANDUR,Chandur,Nalgonda,2025-08-07,Opportunistic screening,161,90,161,31.0,Hypertension+Diabetes,Uncontrolled,2025-11-05
NCDR0003017,NCP0002286,Rajesh Mallaiah,M,50,9889031821,Narayankhe,Narayankhed,Sangareddy,2026-02-05,Community screening,111,95,131,25.5,None,Not diagnosed,
NCDR0003018,NCP0002287,Kiran Naik,M,57,+91-99470-34694,Mangalapally,Nakrekal,Nalgonda,2026-04-02,HWC screening,111,95,144,20.6,None,Not diagnosed,
NCDR0003019,NCP0002287,Kiran Naik,M,57,9947034694,Mangalapally,Nakrekal,Nalgonda,2026-05-29,Community screening,121,69,78,20.0,None,Not diagnosed,
NCDR0003020,NCP0002288,Naveen Khan,M,52,9794174726,Devarakonda,Devarakonda,Nalgonda,2025-11-04,HWC screening,138,85,136,27.9,None,Not diagnosed,
NCDR0003021,NCP0002289,Sushma Jangam,F,68,9390021301,Mogudampalli,Zaheerabad,Sangareddy,2025-12-26,HWC screening,144,85,317,20.6,Diabetes,Borderline,2026-01-25
NCDR0003022,NCP0002290,Kavitha Basha,F,35,,Kondamallepally,Devarakonda,Nalgonda,2025-12-03,Opportunistic screening,136,73,165,24.5,Diabetes,Uncontrolled,2026-02-01
NCDR0003023,NCP0002291,Rani Patel,F,60,9473738692,Patancheru,Patancheru,Sangareddy,2026-02-03,Opportunistic screening,124,82,276,25.0,Diabetes,Controlled,2026-04-04
NCDR0003024,NCP0002292,Srilatha Begum,F,52,9866801334,Gundlapally,Devarakonda,Nalgonda,2025-11-20,Community screening,126,83,155,25.6,None,Not diagnosed,
NCDR0003025,NCP0002293,Raju Jangam,M,54,9940896460,Patancheru,Patancheru,Sangareddy,2026-03-11,Community screening,127,82,191,21.5,Diabetes,Controlled,2026-05-10
NCDR0003026,NCP0002294,Anil Narsimha,M,32,9924011416,Nakrekal,Nakrekal,Nalgonda,2025-07-14,HWC screening,150,92,153,31.8,None,Not diagnosed,
NCDR0003027,NCP0002295,Mohan Das,M,48,,Zaheerabad,Zaheerabad,Sangareddy,2025-07-29,Community screening,172,99,162,34.0,Hypertension,Controlled,2025-10-27
NCDR0003028,NCP0002296,Jyothi Begum,F,41,9919344454,Velpul,Midjil,Mahabubnagar,2025-10-25,Opportunistic screening,122,79,162,31.3,None,Not diagnosed,
NCDR0003029,NCP0002297,Praveen Begum,M,45,9555139557,Devarakond,Devarakonda,Nalgonda,2025-07-02,HWC screening,123,92,266,25.8,Diabetes,Controlled,2025-09-30
NCDR0003030,NCP0002298,Sntosh Krishna,M,45,9761407486,Nakrekal,Nakrekal,Nalgonda,2026-05-20,Community screening,164,116,82,26.4,Hypertension,Controlled,2026-08-18
NCDR0003031,NCP0002299,Padma Kumar,F,65,9283166986,KONDAMALLEPALLY,Devarakonda,Nalgonda,2026-02-05,Opportunistic screening,166,85,316,33.6,Hypertension+Diabetes,Borderline,2026-04-06
NCDR0003032,NCP0002300,Lakshmi Yadav,F,59,9270170176,BADEPALLY,Jadcherla,Mahabubnagar,2026-04-05,Community screening,143,84,258,19.7,Diabetes,Borderline,2026-07-04
NCDR0003033,NCP0002301,Naresh Begum,M,52,9372583739,MACHARAM,Jadcherla,Mahabubnagar,2025-12-07,HWC screening,119,79,101,27.9,None,Not diagnosed,
NCDR0003034,NCP0002302,Deepika Basha,F,54,9578133320,Zaheerabad,Zaheerabad,Sangareddy,2026-04-27,HWC screening,145,94,91,31.2,Hypertension,Uncontrolled,2026-05-27
NCDR0003035,NCP0002302,Deepika Basha,F,55,9578131320,ZAHEERABAD,Zaheerabad,Sangareddy,2026-07-30,Community screening,190,102,142,27.6,Hypertension,Borderline,2026-09-28
NCDR0003036,NCP0002302,Deepeeka Basha,F,51,9578131320,Zaheerabad,Zaheerabad,Sangareddy,2026-08-11,Opportunistic screening,161,112,110,18.7,Hypertension,Borderline,2026-10-10
NCDR0003037,NCP0002303,Padma Das,F,27,9653953122,Indresham,Patancheru,Sangareddy,2026-05-23,Opportunistic screening,177,109,107,22.3,Hypertension,Borderline,2026-08-21
NCDR0003038,NCP0002304,Ravi Begum,M,35,9677555832,Bhanur,Patancheru,Sangareddy,2025-09-10,Community screening,184,100,253,33.0,Hypertension+Diabetes,Controlled,2025-10-10
NCDR0003039,NCP0002305,Mahesh Goud,M,39,9637732777,Nomula,Nakrekal,Nalgonda,2026-05-13,HWC screening,146,92,188,28.9,Diabetes,Borderline,2026-07-12
NCDR0003040,NCP0002306,Jyothi Patel,F,54,9912931753,Kondamallepally,Devarakonda,Nalgonda,2025-11-22,Opportunistic screening,121,81,122,25.2,None,Not diagnosed,
NCDR0003041,NCP0002307,Ramesh Rao,M,55,9441505041,Nomula,Nakrekal,Nalgonda,2025-07-17,Community screening,143,93,259,33.4,Hypertension+Diabetes,Borderline,2025-09-15
NCDR0003042,NCP0002308,Sushma Krishna,F,46,9008397076,Nakrekal,Nakrekal,Nalgonda,2026-05-28,Community screening,175,116,181,30.6,Hypertension+Diabetes,Uncontrolled,2026-08-26
NCDR0003043,NCP0002309,Swathi Devi,F,34,9699843400,Jharasangam,Zaheerabad,Sangareddy,2025-10-09,HWC screening,175,101,111,33.1,Hypertension,Borderline,2025-11-08
NCDR0003044,NCP0002310,Saritha Narsimha,F,42,9315614392,Zaheerabad,Zaheerabad,Sangareddy,2026-05-16,HWC screening,140,93,227,27.1,Diabetes,Uncontrolled,2026-06-15
NCDR0003045,NCP0002311,Raghav Jangam,M,44,+91-90579-17261,Donur,Midjil,Mahabubnagar,2025-08-06,HWC screening,138,77,136,23.2,None,Not diagnosed,
NCDR0003046,NCP0002312,Naveen Narsimha,M,61,9506301369,Bodajanampet,Balanagar,Mahabubnagar,2026-05-06,Opportunistic screening,141,79,91,22.4,None,Not diagnosed,
NCDR0003047,NCP0002313,Nirmala Basha,F,40,9969900837,DEVARAKONDA,Devarakonda,Nalgonda,2026-03-31,Community screening,172,85,79,29.8,Hypertension,Uncontrolled,2026-06-29
NCDR0003048,NCP0002314,Saritha Mudiraj,F,48,9069344734,Zaheerabad,Zaheerabad,Sangareddy,2026-03-14,HWC screening,130,82,307,34.0,Diabetes,Borderline,2026-06-12
NCDR0003049,NCP0002315,Renuka Mallaiah,F,32,9952797675,Nakrekal,Nakrekal,Nalgonda,2026-01-19,Community screening,141,97,253,22.8,Hypertension+Diabetes,Borderline,2026-02-18
NCDR0003050,NCP0002316,Naresh Reddy,M,26,,Rajapur,Balanagar,Mahabubnagar,2026-02-14,HWC screening,115,77,155,25.9,None,Not diagnosed,
NCDR0003051,NCP0002316,Nresh Reddy,M,26,9785532634,Rajapur,Balanagar,Mahabubnagar,2026-04-22,HWC screening,127,85,143,18.9,None,Not diagnosed,
NCDR0003052,NCP0002317,Vinod Mllaiah,M,57,9581110128,Macharam,Jadcherla,Mahabubnagar,2026-05-05,Community screening,188,98,191,26.0,Hypertension+Diabetes,Borderline,2026-08-03
NCDR0003053,NCP0002318,Swathi Krishna,F,71,9243913008,Manoor,Narayankhed,Sangareddy,2025-07-28,Opportunistic screening,165,116,87,20.1,Hypertension,Uncontrolled,2025-09-26
NCDR0003054,NCP0002319,Kiran Krishna,M,38,9408678754,Bangarigadda,Chandur,Nalgonda,2026-04-04,HWC screening,110,82,252,18.9,Diabetes,Controlled,2026-07-03
NCDR0003055,NCP0002320,Harika Reddy,F,48,9636822298,Chandur,Chandur,Nalgonda,2026-01-13,Opportunistic screening,187,109,103,19.1,Hypertension,Uncontrolled,2026-02-12
NCDR0003056,NCP0002321,Raju Goud,M,41,9018446241,Gangapur,Jadcherla,Mahabubnagar,2025-09-03,HWC screening,125,82,145,24.3,Diabetes,Uncontrolled,2025-11-02
NCDR0003057,NCP0002322,Swathi Yadav,F,54,9122066692,Gundlapally,Devarakonda,Nalgonda,2025-11-04,HWC screening,149,94,84,21.5,None,Not diagnosed,
NCDR0003058,NCP0002323,Lakshmi Das,F,49,9930383589,Bangarigadda,Chandur,Nalgonda,2026-04-12,HWC screening,147,103,152,33.8,Hypertension,Borderline,2026-06-11
NCDR0003059,NCP0002324,Rajesh Goud,M,63,9314417711,Indresham,Patancheru,Sangareddy,2025-12-03,Community screening,158,104,152,30.8,Hypertension,Controlled,2026-01-02
NCDR0003060,NCP0002325,Jyothi Chary,F,66,9708808939,Vemula,Midjil,Mahabubnagar,2026-03-25,Community screening,135,85,251,27.1,Diabetes,Uncontrolled,2026-04-24
NCDR0003061,NCP0002325,Jyothi Chary,F,64,9708808939,Vemula,Midjil,Mahabubnagar,2026-07-16,HWC screening,122,68,299,31.8,Diabetes,Borderline,2026-10-14
NCDR0003062,NCP0002326,Sushma Shekar,F,35,,Marrur,Nakrekal,Nalgonda,2025-08-17,Community screening,172,103,262,29.3,Hypertension+Diabetes,Controlled,2025-11-15
NCDR0003063,NCP0002327,Raghav Kreeshna,M,36,9540982927,Patancheru,Patancheru,Sangareddy,2026-04-21,Opportunistic screening,134,94,90,33.0,None,Not diagnosed,
NCDR0003064,NCP0002328,Sushma Yadav,F,67,+91-93670-26534,Gangapur,Jadcherla,Mahabubnagar,2026-01-06,Opportunistic screening,158,109,90,25.7,Hypertension,Controlled,2026-02-05
NCDR0003065,NCP0002328,Sushma Yadav,F,67,9367026534,Gangapur,Jadcherla,Mahabubnagar,2026-04-03,Opportunistic screening,186,97,96,25.2,Hypertension,Controlled,2026-06-02
NCDR0003066,NCP0002329,Jyothi Mudiraj,F,33,,Midjil,Midjil,Mahabubnagar,2026-01-16,Opportunistic screening,120,73,177,29.6,Diabetes,Uncontrolled,2026-04-16
NCDR0003067,NCP0002330,Raju Devi,M,71,9117848590,Nomula,Nakrekal,Nalgonda,2025-12-13,Opportunistic screening,185,89,81,34.4,Hypertension,Controlled,2026-03-13
NCDR0003068,NCP0002331,Lakshmi Chary,F,48,9486063609,Velpula,Midjil,Mahabubnagar,2026-01-20,HWC screening,110,91,161,29.5,Diabetes,Borderline,2026-02-19
NCDR0003069,NCP0002332,Arun Yadav,M,30,9258984562,Devarakonda,Devarakonda,Nalgonda,2025-12-12,Community screening,129,86,80,30.3,None,Not diagnosed,
NCDR0003070,NCP0002332,Arun Yadav,M,29,9258984562,Devarakonda,Devarakonda,Nalgonda,2026-04-02,HWC screening,119,68,145,19.1,None,Not diagnosed,
NCDR0003071,NCP0002333,Ravi Reddy,M,51,9179596684,Balanagar,Balanagar,Mahabubnagar,2026-04-10,Community screening,126,92,158,26.2,None,Not diagnosed,
NCDR0003072,NCP0002334,Kiran Goud,M,69,9814598514,Indresham,Patancheru,Sangareddy,2025-09-21,HWC screening,187,107,135,30.9,Hypertension,Borderline,2025-11-20
NCDR0003073,NCP0002335,Shankar Das,M,36,,Gundlapally,Devarakonda,Nalgonda,2026-01-05,Community screening,118,87,164,23.1,Diabetes,Controlled,2026-03-06
NCDR0003074,NCP0002336,Mohan Mallaiah,M,70,9763556361,Kummarikunta,Chandur,Nalgonda,2025-07-14,Opportunistic screening,139,90,301,20.7,Hypertension+Diabetes,Borderline,2025-08-13
NCDR0003075,NCP0002337,Nirmala Reddy,F,29,+91-96660-87815,Jharasangam,Zaheerabad,Sangareddy,2025-11-05,Opportunistic screening,144,78,88,29.7,None,Not diagnosed,
NCDR0003076,NCP0002337,Nirmala Reddy,F,29,9666087815,Jharasangam,Zaheerabad,Sangareddy,2026-02-23,HWC screening,126,76,138,26.8,None,Not diagnosed,
NCDR0003077,NCP0002338,Srilatha Narsimha,F,66,9548418189,Macharam,Jadcherla,Mahabubnagar,2026-04-06,Community screening,150,101,94,30.7,Hypertension,Borderline,2026-05-06
NCDR0003078,NCP0002339,Bhavani Reddy,F,58,,Chandur,Chandur,Nalgonda,2026-01-15,Community screening,135,80,257,23.9,Diabetes,Controlled,2026-04-15
NCDR0003079,NCP0002340,Sushma Mallaiah,F,64,9061966736,Kummarikunta,Chandur,Nalgonda,2026-02-17,HWC screening,179,87,112,21.6,Hypertension,Borderline,2026-05-18
NCDR0003080,NCP0002341,Ravi Goud,M,39,9882172383,Kohir,Zaheerabad,Sangareddy,2026-01-08,HWC screening,158,96,132,18.6,Hypertension,Uncontrolled,2026-04-08
NCDR0003081,NCP0002342,Rajesh Goud,M,45,9994024723,Peddadinne,Devarakonda,Nalgonda,2025-10-17,Community screening,137,83,121,31.1,None,Not diagnosed,
NCDR0003082,NCP0002343,Shobha Chary,F,35,9578765539,KONDAMALLEPALLY,Devarakonda,Nalgonda,2026-04-11,HWC screening,188,109,114,29.7,Hypertension,Uncontrolled,2026-07-10
NCDR0003083,NCP0002344,Lalitha Mudiraj,F,29,9190964615,Narayankhed,Narayankhed,Sangareddy,2025-12-01,Community screening,185,96,124,26.7,Hypertension,Controlled,2026-01-30
NCDR0003084,NCP0002345,Anil Basha,M,35,9498561079,Kalher,Narayankhed,Sangareddy,2026-05-24,Opportunistic screening,144,84,158,27.4,Diabetes,Controlled,2026-08-22
NCDR0003085,NCP0002346,Nirmala Khan,F,47,,Kangti,Narayankhed,Sangareddy,2025-12-17,Community screening,140,94,316,31.5,Hypertension+Diabetes,Borderline,2026-03-17
NCDR0003086,NCP0002347,Praveen Narsimha,M,60,9704129243,Kangti,Narayankhed,Sangareddy,2026-04-12,Community screening,188,105,128,29.8,Hypertension,Controlled,2026-07-11
NCDR0003087,NCP0002348,Ravi Begum,M,48,9473806494,Chandur,Chandur,Nalgonda,2026-03-08,Community screening,153,89,103,19.5,Hypertension,Controlled,2026-05-07
NCDR0003088,NCP0002349,Nveen Reddy,M,33,9982288495,Badepally,Jadcherla,Mahabubnagar,2026-03-22,Community screening,140,87,133,33.4,None,Not diagnosed,
NCDR0003089,NCP0002350,Arun Begum,M,73,9004920151,Kummarikunta,Chandur,Nalgonda,2025-09-10,HWC screening,142,94,205,32.9,Hypertension+Diabetes,Borderline,2025-10-10
NCDR0003090,NCP0002351,Santosh Laxman,M,58,9501011418,Kohir,Zaheerabad,Sangareddy,2025-07-25,Opportunistic screening,185,115,208,25.5,Hypertension+Diabetes,Uncontrolled,2025-09-23
NCDR0003091,NCP0002351,Santosh Laxman,M,57,9501011418,Kohir,Zaheerabad,Sangareddy,2025-09-14,HWC screening,163,84,233,24.0,Hypertension+Diabetes,Borderline,2025-10-14
NCDR0003092,NCP0002352,Praveen Chary,M,47,9479344547,Narayankhed,Narayankhed,Sangareddy,2026-04-26,Community screening,108,72,155,20.0,None,Not diagnosed,
NCDR0003093,NCP0002353,Ramesh Goud,M,52,9669961912,Nermata,Chandur,Nalgonda,2026-05-04,Community screening,170,97,106,20.0,Hypertension,Uncontrolled,2026-07-03
NCDR0003094,NCP0002353,Ramesh Goud,M,53,9689961912,NERMATA,Chandur,Nalgonda,2026-07-01,HWC screening,141,89,134,19.8,Hypertension,Borderline,2026-09-29
NCDR0003095,NCP0002354,Vinod Shekar,M,38,9920202601,MARRUR,Nakrekal,Nalgonda,2026-05-09,Community screening,162,87,127,26.0,Hypertension,Uncontrolled,2026-08-07
NCDR0003096,NCP0002355,Ravi Patel,M,46,9390772519,Mogudampally,Zaheerabad,Sangareddy,2025-09-14,HWC screening,114,94,316,29.6,Diabetes,Borderline,2025-12-13
NCDR0003097,NCP0002355,Ravi Patel,M,47,9390772519,Mogudampally,Zaheerabad,Sangareddy,2026-01-10,HWC screening,134,75,221,26.2,Diabetes,Uncontrolled,2026-03-11
NCDR0003098,NCP0002356,Raghav Shekar,M,49,9735373342,Peddadinne,Devarakonda,Nalgonda,2025-07-07,HWC screening,138,89,131,33.2,None,Not diagnosed,
NCDR0003099,NCP0002356,Raghav Shekar,M,49,,Peddadinne,Devarakonda,Nalgonda,2025-09-13,Community screening,135,89,108,23.2,None,Not diagnosed,
NCDR0003100,NCP0002357,Neermala Krishna,F,47,9011914128,Kallepally,Balanagar,Mahabubnagar,2026-03-07,HWC screening,177,86,82,24.9,Hypertension,Controlled,2026-06-05
NCDR0003101,NCP0002358,Lakshmi Devi,F,71,9350030733,Bodajanampet,Balanagar,Mahabubnagar,2026-01-27,HWC screening,153,112,164,25.6,Hypertension,Uncontrolled,2026-03-28
NCDR0003102,NCP0002358,Lakshmi Devi,F,70,9350030733,Bodajanampet,Balanagar,Mahabubnagar,2026-05-11,Opportunistic screening,184,96,126,26.5,Hypertension,Controlled,2026-06-10
NCDR0003103,NCP0002359,Anjali Basha,F,50,9301230799,Badepally,Jadcherla,Mahabubnagar,2026-01-29,Opportunistic screening,132,75,78,28.8,None,Not diagnosed,
NCDR0003104,NCP0002360,Swathi Shekar,F,51,9959024121,Nomula,Nakrekal,Nalgonda,2026-01-13,Community screening,116,88,81,27.1,None,Not diagnosed,
NCDR0003105,NCP0002360,Swathi Shekar,F,49,9959024121,Nomula,Nakrekal,Nalgonda,2026-04-21,Opportunistic screening,131,95,152,24.2,None,Not diagnosed,
NCDR0003106,NCP0002361,Mohan Laxman,M,50,9203624184,Chandur,Chandur,Nalgonda,2026-01-08,Opportunistic screening,190,93,161,18.5,Hypertension+Diabetes,Uncontrolled,2026-03-09
NCDR0003107,NCP0002362,Mounika Narsimha,F,49,9926807654,Polepally,Jadcherla,Mahabubnagar,2026-01-09,Community screening,172,84,115,34.1,Hypertension,Borderline,2026-02-08
NCDR0003108,NCP0002362,Mounika Narsimha,F,49,9926807654,Polepally,Jadcherla,Mahabubnagar,2026-03-29,Opportunistic screening,156,91,93,20.9,Hypertension,Uncontrolled,2026-04-28
NCDR0003109,NCP0002363,Padma Krishna,F,41,,Polepally,Jadcherla,Mahabubnagar,2026-02-12,Community screening,135,83,308,29.2,Diabetes,Uncontrolled,2026-03-14
NCDR0003110,NCP0002364,Padma Naik,F,62,9506694803,MIDJIL,Midjil,Mahabubnagar,2026-04-01,Opportunistic screening,137,74,182,23.9,Diabetes,Uncontrolled,2026-06-30
NCDR0003111,NCP0002365,Mohan Basha,M,40,9869513461,Bangarigadda,Chandur,Nalgonda,2025-11-21,HWC screening,107,74,234,21.8,Diabetes,Controlled,2026-01-20
NCDR0003112,NCP0002365,Mohan Basha,M,38,9869513461,Bangarigadd,Chandur,Nalgonda,2026-02-01,HWC screening,143,96,287,27.8,Diabetes,Controlled,2026-03-03
NCDR0003113,NCP0002366,Mohan Narsimha,M,57,9485809771,Nomula,Nakrekal,Nalgonda,2026-02-13,HWC screening,156,99,87,32.8,Hypertension,Uncontrolled,2026-03-15
NCDR0003114,NCP0002367,Vinod Begum,M,85,9086349504,Narayankhed,Narayankhed,Sangareddy,2025-08-14,HWC screening,108,88,303,31.8,Diabetes,Uncontrolled,2025-09-13
NCDR0003115,NCP0002368,Suresh Goud,M,39,9443985535,Patancheru,Patancheru,Sangareddy,2025-12-19,Community screening,153,91,83,32.7,Hypertension,Controlled,2026-02-17
NCDR0003116,NCP0002369,Ramesh Goud,M,51,9150424296,Badepalli,Jadcherla,Mahabubnagar,2026-05-26,HWC screening,114,75,223,22.0,Diabetes,Controlled,2026-07-25
NCDR0003117,NCP0002370,Srinivas Das,M,50,9683439193,Bodajanampet,Balanagar,Mahabubnagar,2026-02-26,HWC screening,155,101,154,29.0,Hypertension,Controlled,2026-04-27
NCDR0003118,NCP0002371,Bhavani Basha,F,51,9103309694,Gundlapally,Devarakonda,Nalgonda,2025-12-26,Opportunistic screening,143,104,136,30.4,Hypertension,Uncontrolled,2026-01-25
NCDR0003119,NCP0002371,Bhavani Basha,F,51,9103309694,Gundlapally,Devarakonda,Nalgonda,2026-03-08,Community screening,169,107,89,23.6,Hypertension,Controlled,2026-05-07
NCDR0003120,NCP0002372,Kiran Rao,M,80,9098152216,Kangti,Narayankhed,Sangareddy,2025-07-24,Community screening,139,95,90,29.3,Hypertension,Borderline,2025-09-22
NCDR0003121,NCP0002373,Swathi Shekar,F,44,9977992587,Balanagar,Balanagar,Mahabubnagar,2026-01-24,Opportunistic screening,164,106,237,22.5,Hypertension+Diabetes,Controlled,2026-04-24
NCDR0003122,NCP0002374,Shobha Naik,F,43,9382368613,JHARASANGAM,Zaheerabad,Sangareddy,2026-06-13,HWC screening,188,109,232,21.2,Hypertension+Diabetes,Borderline,2026-07-13
NCDR0003123,NCP0002375,Rajesh Mallaiah,M,55,9113629055,Marrur,Nakrekal,Nalgonda,2025-11-15,Opportunistic screening,105,78,173,26.6,Diabetes,Controlled,2026-02-13
NCDR0003124,NCP0002376,Kavitha Mudiraj,F,73,9861618712,Polepally,Jadcherla,Mahabubnagar,2026-03-04,HWC screening,118,74,174,27.8,Diabetes,Uncontrolled,2026-04-03
NCDR0003125,NCP0002377,Divya Das,F,69,9208374505,Badepally,Jadcherla,Mahabubnagar,2025-12-06,HWC screening,145,79,236,27.9,Diabetes,Uncontrolled,2026-03-06
NCDR0003126,NCP0002378,Rani Yadav,F,52,+91-95164-27827,Devarakonda,Devarakonda,Nalgonda,2026-05-03,Community screening,130,93,127,21.8,None,Not diagnosed,
NCDR0003127,NCP0002378,Rani Yadav,F,52,+91-95164-27827,Devarakonda,Devarakonda,Nalgonda,2026-07-03,Community screening,124,80,152,33.4,None,Not diagnosed,
NCDR0003128,NCP0002379,Srilatha Chary,F,89,9260613185,Kangti,Narayankhed,Sangareddy,2026-01-19,Community screening,143,85,119,25.9,Hypertension,Uncontrolled,2026-03-20
NCDR0003129,NCP0002380,Mohan Naik,M,52,9270664562,Nakrekal,Nakrekal,Nalgonda,2025-08-17,Opportunistic screening,158,100,97,19.1,Hypertension,Uncontrolled,2025-11-15
NCDR0003130,NCP0002381,Mahesh Yadav,M,21,9650798223,Nomula,Nakrekal,Nalgonda,2026-03-29,Community screening,151,90,127,29.8,Hypertension,Uncontrolled,2026-04-28
NCDR0003131,NCP0002382,Raghav Basha,M,61,9432304726,Rajapur,Balanagar,Mahabubnagar,2025-12-09,HWC screening,184,98,161,23.2,Hypertension,Uncontrolled,2026-01-08
NCDR0003132,NCP0002383,Jyoti Patel,F,25,9479955084,Nomula,Nakrekal,Nalgonda,2025-08-28,HWC screening,110,83,306,32.5,Diabetes,Borderline,2025-11-26
NCDR0003133,NCP0002384,Sai Yadav,M,49,9501440558,Bangarigadda,Chandur,Nalgonda,2025-07-25,Opportunistic screening,154,102,330,19.9,Hypertension+Diabetes,Uncontrolled,2025-08-24
NCDR0003134,NCP0002384,Si Yadav,M,48,9501440558,Bangarigadda,Chandur,Nalgonda,2025-10-22,Opportunistic screening,185,109,153,29.6,Hypertension+Diabetes,Controlled,2025-11-21
NCDR0003135,NCP0002384,Sai Yadav,M,48,9501440958,Bangarigadda,Chandur,Nalgonda,2026-02-14,Community screening,162,89,181,31.8,Hypertension+Diabetes,Uncontrolled,2026-04-15
NCDR0003136,NCP0002385,Swathi Begum,F,41,9994981950,Kallepally,Balanagar,Mahabubnagar,2026-02-28,Opportunistic screening,166,105,83,19.9,Hypertension,Uncontrolled,2026-05-29
NCDR0003137,NCP0002386,Anitha Shekar,F,30,9725552700,Gangapur,Jadcherla,Mahabubnagar,2026-02-08,HWC screening,151,113,156,19.6,Hypertension+Diabetes,Borderline,2026-05-09
NCDR0003138,NCP0002387,Rajesh Reddy,M,70,9862684605,Nomula,Nakrekal,Nalgonda,2025-11-02,Opportunistic screening,187,84,83,23.5,Hypertension,Borderline,2025-12-02
NCDR0003139,NCP0002388,Bhavani Basha,F,42,9850540365,Nakrekal,Nakrekal,Nalgonda,2026-04-07,Opportunistic screening,116,95,133,19.3,None,Not diagnosed,
NCDR0003140,NCP0002388,Bhavanee Basha,F,42,9850540365,Nakrekal,Nakrekal,Nalgonda,2026-07-27,HWC screening,142,72,111,27.7,None,Not diagnosed,
NCDR0003141,NCP0002389,Anitha Yadav,F,55,9296658031,Kallepally,Balanagar,Mahabubnagar,2026-02-10,Community screening,167,109,299,28.6,Hypertension+Diabetes,Uncontrolled,2026-03-12
NCDR0003142,NCP0002390,Suresh Begum,M,47,9725840205,Devarakonda,Devarakonda,Nalgonda,2026-03-04,Community screening,133,69,98,32.4,None,Not diagnosed,
NCDR0003143,NCP0002390,Suresh Begum,M,49,+91-97258-40205,Devarakonda,Devarakonda,Nalgonda,2026-04-25,Opportunistic screening,107,70,105,32.2,None,Not diagnosed,
NCDR0003144,NCP0002390,Suresh Begum,M,47,+91-97258-40205,Devarakonda,Devarakonda,Nalgonda,2026-06-28,HWC screening,111,82,99,26.0,None,Not diagnosed,
NCDR0003145,NCP0002391,Kavitha Yadav,F,37,9122234773,Ameenpur,Patancheru,Sangareddy,2026-05-17,Community screening,183,107,180,29.4,Hypertension+Diabetes,Borderline,2026-06-16
NCDR0003146,NCP0002392,Pdma Mallaiah,F,60,9829298408,Kohir,Zaheerabad,Sangareddy,2026-03-19,Opportunistic screening,133,88,160,20.0,None,Not diagnosed,
NCDR0003147,NCP0002393,Mahesh Khan,M,48,9364927370,Kondamallepally,Devarakonda,Nalgonda,2026-03-22,Opportunistic screening,140,116,271,22.8,Hypertension+Diabetes,Controlled,2026-05-21
NCDR0003148,NCP0002394,Anil Mallaiah,M,37,9514024807,Narayankhed,Narayankhed,Sangareddy,2026-04-24,Opportunistic screening,155,114,84,23.2,Hypertension,Uncontrolled,2026-05-24
NCDR0003149,NCP0002395,Deepika Laxman,F,64,9335019769,Donur,Midjil,Mahabubnagar,2025-09-21,Community screening,141,74,83,28.1,None,Not diagnosed,
NCDR0003150,NCP0002395,Deepika Laxman,F,62,9335019769,Donur,Midjil,Mahabubnagar,2026-01-06,Opportunistic screening,112,78,111,21.9,None,Not diagnosed,
NCDR0003151,NCP0002396,Naresh Khan,M,77,9279753810,Manoor,Narayankhed,Sangareddy,2025-11-17,HWC screening,165,97,149,30.8,Hypertension,Uncontrolled,2026-02-15
NCDR0003152,NCP0002397,Swathi Shekar,F,50,9694596863,Mangalapally,Nakrekal,Nalgonda,2025-09-28,Community screening,169,92,116,30.5,Hypertension,Borderline,2025-12-27
NCDR0003153,NCP0002398,Renuka Begum,F,33,9077383410,Marrur,Nakrekal,Nalgonda,2026-03-10,Opportunistic screening,160,92,179,28.0,Hypertension+Diabetes,Controlled,2026-05-09
NCDR0003154,NCP0002399,Venkatesh Chary,M,69,,Macharam,Jadcherla,Mahabubnagar,2026-03-08,Community screening,150,93,147,20.3,Diabetes,Borderline,2026-05-07
NCDR0003155,NCP0002399,Venkatesh Chary,M,71,9366391723,Macharam,Jadcherla,Mahabubnagar,2026-06-17,HWC screening,111,81,275,22.1,Diabetes,Uncontrolled,2026-08-16
NCDR0003156,NCP0002400,Mohan Kumar,M,57,9159077873,Nermata,Chandur,Nalgonda,2026-01-09,Opportunistic screening,119,72,159,20.6,None,Not diagnosed,
NCDR0003157,NCP0002400,Mohan Kumar,M,57,9159077873,Nermata,Chandur,Nalgonda,2026-04-14,Opportunistic screening,137,93,134,30.8,None,Not diagnosed,
NCDR0003158,NCP0002400,Mohan Kumar,M,57,9159077873,Nermata,Chandur,Nalgonda,2026-05-19,Community screening,133,96,152,34.1,None,Not diagnosed,
NCDR0003159,NCP0002401,Srilatha Khan,F,57,9875135625,CHANDUR,Chandur,Nalgonda,2026-04-13,HWC screening,187,106,89,28.8,Hypertension,Controlled,2026-06-12
NCDR0003160,NCP0002402,Harika Krishna,F,33,+91-90467-83064,Bodajanampet,Balanagar,Mahabubnagar,2025-10-06,Community screening,143,104,279,32.4,Hypertension+Diabetes,Uncontrolled,2025-11-05
NCDR0003161,NCP0002403,Anjali Laxman,F,58,,Nermata,Chandur,Nalgonda,2026-03-24,Community screening,171,84,299,30.2,Hypertension+Diabetes,Controlled,2026-04-23
NCDR0003162,NCP0002404,Srilatha Mudiraj,F,30,9476261032,Peddadinne,Devarakonda,Nalgonda,2025-11-18,HWC screening,142,84,269,30.6,Diabetes,Controlled,2026-01-17
NCDR0003163,NCP0002404,Srilatha Mudiraj,F,29,,Peddadinne,Devarakonda,Nalgonda,2026-03-13,HWC screening,123,77,205,33.3,Diabetes,Uncontrolled,2026-04-12
NCDR0003164,NCP0002405,Kiran Mallaiah,M,47,9275356621,Kallepally,Balanagar,Mahabubnagar,2026-01-03,Opportunistic screening,143,114,164,19.9,Hypertension,Controlled,2026-02-02
NCDR0003165,NCP0002406,Divya Basha,F,61,9664295990,Kalher,Narayankhed,Sangareddy,2025-07-08,Community screening,156,115,146,28.5,Hypertension+Diabetes,Uncontrolled,2025-10-06
NCDR0003166,NCP0002406,Divya Basha,F,61,9664295990,Kalher,Narayankhed,Sangareddy,2025-10-27,HWC screening,150,108,329,22.8,Hypertension+Diabetes,Controlled,2025-11-26
NCDR0003167,NCP0002407,Naveen Laxman,M,53,9360589164,Narayankhed,Narayankhed,Sangareddy,2025-11-09,HWC screening,127,84,134,27.9,None,Not diagnosed,
NCDR0003168,NCP0002408,Shankar Yadav,M,35,+91-92179-52050,Manoor,Narayankhed,Sangareddy,2026-06-07,Community screening,123,89,246,28.7,Diabetes,Controlled,2026-08-06
NCDR0003169,NCP0002409,Lalitha Kumar,F,18,9664317080,MACHARAM,Jadcherla,Mahabubnagar,2026-03-25,Opportunistic screening,139,86,284,26.3,Hypertension+Diabetes,Uncontrolled,2026-06-23
NCDR0003170,NCP0002410,Shankar Rao,M,60,9325376415,Nakrekal,Nakrekal,Nalgonda,2025-11-22,Opportunistic screening,178,110,294,25.6,Hypertension+Diabetes,Uncontrolled,2026-02-20
NCDR0003171,NCP0002411,Saritha Devi,F,35,+91-97510-28573,Nakrekal,Nakrekal,Nalgonda,2025-09-06,Community screening,119,79,136,19.3,None,Not diagnosed,
NCDR0003172,NCP0002412,Raghav Das,M,64,9847755972,Nermata,Chandur,Nalgonda,2025-11-16,Community screening,159,91,84,23.2,Hypertension,Borderline,2026-01-15
NCDR0003173,NCP0002412,Raghav Das,M,63,9847755972,Nermata,Chandur,Nalgonda,2026-02-02,Community screening,162,99,139,33.7,Hypertension,Uncontrolled,2026-03-04
NCDR0003174,NCP0002413,Lalitha Goud,F,50,9757714101,Indresham,Patancheru,Sangareddy,2026-01-25,HWC screening,182,110,316,27.4,Hypertension+Diabetes,Controlled,2026-04-25
NCDR0003175,NCP0002414,Renuka Laxman,F,57,9244313394,Badepally,Jadcherla,Mahabubnagar,2026-02-26,Community screening,173,115,115,20.4,Hypertension,Uncontrolled,2026-03-28
NCDR0003176,NCP0002414,Renuka Laxman,F,57,,Badepally,Jadcherla,Mahabubnagar,2026-04-21,Opportunistic screening,186,99,84,19.1,Hypertension,Controlled,2026-05-21
NCDR0003177,NCP0002415,Sushma Shekar,F,67,,Polepall,Jadcherla,Mahabubnagar,2026-06-05,HWC screening,123,72,292,23.3,Diabetes,Uncontrolled,2026-09-03
NCDR0003178,NCP0002416,Anil Reddy,M,30,9196705280,Gundlapally,Devarakonda,Nalgonda,2026-06-12,Community screening,110,85,247,25.5,Diabetes,Controlled,2026-08-11
NCDR0003179,NCP0002417,Nirmala Begum,F,35,,Peddadinne,Devarakonda,Nalgonda,2026-01-16,HWC screening,143,91,97,32.2,Hypertension,Controlled,2026-02-15
NCDR0003180,NCP0002417,Nirmala Begum,F,36,9584181325,Peddadinne,Devarakonda,Nalgonda,2026-05-12,Opportunistic screening,159,93,81,29.2,Hypertension,Borderline,2026-08-10
NCDR0003181,NCP0002418,Srinivas Goud,M,41,9766889607,Kalher,Narayankhed,Sangareddy,2025-11-02,Opportunistic screening,186,85,121,32.8,Hypertension,Borderline,2026-01-31
NCDR0003182,NCP0002419,Deepika Basha,F,40,9208097713,Kummarikunta,Chandur,Nalgonda,2026-02-02,HWC screening,184,94,118,22.0,Hypertension,Borderline,2026-04-03
NCDR0003183,NCP0002420,Anitha Devi,F,52,9301959193,Peddadinne,Devarakonda,Nalgonda,2025-08-18,Opportunistic screening,170,89,222,27.1,Hypertension+Diabetes,Borderline,2025-11-16
NCDR0003184,NCP0002421,Jyothee Laxman,F,83,,Kondamallepally,Devarakonda,Nalgonda,2026-04-18,Opportunistic screening,123,88,149,30.2,None,Not diagnosed,
NCDR0003185,NCP0002422,Saritha Narsimha,F,70,9072428170,Indresham,Patancheru,Sangareddy,2025-09-13,HWC screening,137,82,141,31.5,None,Not diagnosed,
NCDR0003186,NCP0002423,Santosh Patel,M,50,,ZAHEERABAD,Zaheerabad,Sangareddy,2025-10-10,Community screening,188,111,316,29.3,Hypertension+Diabetes,Controlled,2025-11-09
NCDR0003187,NCP0002423,Santosh Patel,M,53,9923112427,Zaheerabad,Zaheerabad,Sangareddy,2026-02-07,Opportunistic screening,169,89,201,33.2,Hypertension+Diabetes,Borderline,2026-03-09
NCDR0003188,NCP0002424,Hrika Mudiraj,F,58,9128367611,Chandur,Chandur,Nalgonda,2025-12-13,Opportunistic screening,189,99,78,34.0,Hypertension,Borderline,2026-03-13
NCDR0003189,NCP0002424,Harika Mudiraj,F,58,9128367611,Chandur,Chandur,Nalgonda,2026-02-08,Opportunistic screening,146,110,123,23.9,Hypertension,Borderline,2026-05-09
NCDR0003190,NCP0002425,Venkatesh Yadav,M,64,9554194336,Peddadinne,Devarakonda,Nalgonda,2026-03-29,HWC screening,190,94,143,19.7,Hypertension,Uncontrolled,2026-06-27
NCDR0003191,NCP0002426,Bhavani Laxman,F,31,9923025491,INDRESHAM,Patancheru,Sangareddy,2025-12-21,HWC screening,154,93,299,29.7,Hypertension+Diabetes,Uncontrolled,2026-01-20
NCDR0003192,NCP0002427,Ravi Patel,M,36,9196009790,Velpula,Midjil,Mahabubnagar,2026-03-02,Opportunistic screening,151,84,121,24.0,Hypertension,Controlled,2026-04-01
NCDR0003193,NCP0002427,Ravi Patel,M,38,9196009790,VELPULA,Midjil,Mahabubnagar,2026-06-16,HWC screening,171,110,119,19.6,Hypertension,Borderline,2026-09-14
NCDR0003194,NCP0002428,Mouneeka Jangam,F,43,9903884276,Mangalapalli,Nakrekal,Nalgonda,2025-12-29,Community screening,112,92,273,25.7,Diabetes,Uncontrolled,2026-01-28
NCDR0003195,NCP0002429,Hrika Shekar,F,41,9458760471,Macharam,Jadcherla,Mahabubnagar,2025-12-31,Opportunistic screening,173,94,317,28.6,Hypertension+Diabetes,Uncontrolled,2026-01-30
NCDR0003196,NCP0002429,Harika Shekar,F,42,9458760471,Macharam,Jadcherla,Mahabubnagar,2026-03-04,HWC screening,140,105,278,18.9,Hypertension+Diabetes,Uncontrolled,2026-06-02
NCDR0003197,NCP0002429,Harika Shekar,F,40,9458760471,Macharam,Jadcherla,Mahabubnagar,2026-05-02,HWC screening,184,99,202,21.8,Hypertension+Diabetes,Uncontrolled,2026-07-01
NCDR0003198,NCP0002430,Rghav Laxman,M,60,+91-93470-15672,DONUR,Midjil,Mahabubnagar,2025-11-22,Opportunistic screening,185,99,103,24.2,Hypertension,Uncontrolled,2025-12-22
NCDR0003199,NCP0002431,Anjali Narsimha,F,53,+91-90235-80050,Kondamallepally,Devarakonda,Nalgonda,2026-02-11,Community screening,165,86,79,18.9,Hypertension,Uncontrolled,2026-04-12
NCDR0003200,NCP0002432,Deepika Rao,F,28,9547667155,Chandur,Chandur,Nalgonda,2026-03-01,Opportunistic screening,108,85,290,33.1,Diabetes,Controlled,2026-03-31
NCDR0003201,NCP0002433,Anitha Goud,F,43,9009169250,Rajapur,Balanagar,Mahabubnagar,2026-04-19,Opportunistic screening,129,86,150,34.0,Diabetes,Controlled,2026-05-19
NCDR0003202,NCP0002433,Anitha Goud,F,45,9009169850,Rajapu,Balanagar,Mahabubnagar,2026-07-18,Opportunistic screening,140,84,263,26.1,Diabetes,Uncontrolled,2026-09-16
NCDR0003203,NCP0002433,Anitha Goud,F,45,9009169850,Rajapur,Balanagar,Mahabubnagar,2026-07-28,HWC screening,135,83,181,22.3,Diabetes,Uncontrolled,2026-08-27
NCDR0003204,NCP0002434,Shankar Mudiraj,M,50,9010315418,Bangarigadda,Chandur,Nalgonda,2026-02-08,HWC screening,138,105,154,23.6,Hypertension+Diabetes,Uncontrolled,2026-03-10
NCDR0003205,NCP0002434,Shankar Mudiraj,M,51,9010315418,Bangarigadda,Chandur,Nalgonda,2026-05-07,Opportunistic screening,175,94,304,32.1,Hypertension+Diabetes,Borderline,2026-08-05
NCDR0003206,NCP0002435,Rani Jangam,F,32,9873095934,JHARASANGAM,Zaheerabad,Sangareddy,2025-10-18,Community screening,109,82,173,32.9,Diabetes,Borderline,2025-12-17
NCDR0003207,NCP0002435,Rani Jangam,F,32,9873095934,Jharasangam,Zaheerabad,Sangareddy,2025-12-25,Opportunistic screening,131,76,188,19.1,Diabetes,Controlled,2026-03-25
NCDR0003208,NCP0002436,Lakshmee Khan,F,49,9797843406,Jharasangam,Zaheerabad,Sangareddy,2025-10-28,Opportunistic screening,105,71,178,18.5,Diabetes,Controlled,2025-12-27
NCDR0003209,NCP0002437,Jyothi Begum,F,48,,Peddadinne,Devarakonda,Nalgonda,2026-04-14,Community screening,130,70,246,31.7,Diabetes,Controlled,2026-07-13
NCDR0003210,NCP0002437,Jyothi Begum,F,47,9268261338,Peddadinne,Devarakonda,Nalgonda,2026-08-01,Opportunistic screening,144,89,196,20.4,Diabetes,Uncontrolled,2026-08-31
NCDR0003211,NCP0002438,Deepika Laxman,F,35,9801205985,Kallepally,Balanagar,Mahabubnagar,2025-09-10,HWC screening,150,96,269,22.6,Hypertension+Diabetes,Uncontrolled,2025-10-10
NCDR0003212,NCP0002438,Deepika Laxman,F,33,9801205985,Kallepally,Balanagar,Mahabubnagar,2025-11-30,HWC screening,161,115,291,25.1,Hypertension+Diabetes,Borderline,2026-01-29
NCDR0003213,NCP0002438,Deepika Laxman,F,35,+91-98012-05985,Kallepally,Balanagar,Mahabubnagar,2026-03-17,Opportunistic screening,187,94,327,19.3,Hypertension+Diabetes,Borderline,2026-05-16
NCDR0003214,NCP0002439,Swathi Mallaiah,F,57,9192620505,Balanagar,Balanagar,Mahabubnagar,2026-05-07,Community screening,166,94,112,18.9,Hypertension,Borderline,2026-06-06
NCDR0003215,NCP0002440,Sushma Patel,F,32,9982366111,Manoor,Narayankhed,Sangareddy,2025-12-30,Opportunistic screening,119,76,147,30.0,None,Not diagnosed,
NCDR0003216,NCP0002440,Sushma Patel,F,33,,Manoor,Narayankhed,Sangareddy,2026-02-16,Opportunistic screening,106,83,112,25.4,None,Not diagnosed,
NCDR0003217,NCP0002441,Vinod Basha,M,43,9181379223,Gundlapally,Devarakonda,Nalgonda,2026-03-17,Opportunistic screening,106,84,156,23.7,Diabetes,Controlled,2026-06-15
NCDR0003218,NCP0002442,Deepika Begum,F,87,9176151755,Devarakonda,Devarakonda,Nalgonda,2025-10-08,HWC screening,150,93,86,33.7,None,Not diagnosed,
NCDR0003219,NCP0002442,Deepika Begum,F,84,9176151755,Devarakonda,Devarakonda,Nalgonda,2025-11-30,Community screening,145,92,99,21.3,None,Not diagnosed,
NCDR0003220,NCP0002443,Saritha Chary,F,59,9632133012,BALANAGAR,Balanagar,Mahabubnagar,2025-09-06,HWC screening,143,86,235,32.7,Hypertension+Diabetes,Uncontrolled,2025-10-06
NCDR0003221,NCP0002443,Saritha Chary,F,60,9632133012,Balanaga,Balanagar,Mahabubnagar,2025-12-08,HWC screening,174,88,251,22.4,Hypertension+Diabetes,Controlled,2026-02-06
NCDR0003222,NCP0002444,Srinivas Rao,M,48,9452473297,Bodajanampet,Balanagar,Mahabubnagar,2025-09-23,Opportunistic screening,139,116,99,26.8,Hypertension,Borderline,2025-12-22
NCDR0003223,NCP0002445,Ravi Mudiraj,M,74,9809471762,Marrur,Nakrekal,Nalgonda,2026-01-17,Community screening,161,110,109,22.9,Hypertension,Borderline,2026-02-16
NCDR0003224,NCP0002446,Padma Patel,F,55,9043447036,Zaheerabad,Zaheerabad,Sangareddy,2025-08-11,HWC screening,184,106,145,23.4,Hypertension,Uncontrolled,2025-11-09
NCDR0003225,NCP0002447,Rani Begum,F,63,9280674104,Donur,Midjil,Mahabubnagar,2025-07-12,HWC screening,155,108,91,18.7,Hypertension,Uncontrolled,2025-10-10
NCDR0003226,NCP0002448,Sriltha Mallaiah,F,55,9751189680,Badepally,Jadcherla,Mahabubnagar,2026-01-01,Community screening,139,70,279,31.7,Diabetes,Uncontrolled,2026-04-01
NCDR0003227,NCP0002448,Srilatha Mallaiah,F,56,9751189680,Badepally,Jadcherla,Mahabubnagar,2026-04-05,HWC screening,117,83,152,29.2,Diabetes,Controlled,2026-06-04
NCDR0003228,NCP0002449,Jyothi Begum,F,26,9709971262,Patancheru,Patancheru,Sangareddy,2026-05-12,HWC screening,121,69,243,25.8,Diabetes,Controlled,2026-06-11
NCDR0003229,NCP0002450,Pravin Goud,M,51,9343942214,VEMULA,Midjil,Mahabubnagar,2026-05-10,Opportunistic screening,177,94,126,23.2,Hypertension,Controlled,2026-07-09
NCDR0003230,NCP0002451,Anil Rao,M,54,9702698933,Chandur,Chandur,Nalgonda,2026-06-05,Opportunistic screening,181,100,151,32.3,Hypertension,Borderline,2026-09-03
NCDR0003231,NCP0002452,Suresh Mudirj,M,52,9270951129,Gangapur,Jadcherla,Mahabubnagar,2025-11-03,Community screening,149,87,177,25.1,Diabetes,Uncontrolled,2025-12-03
NCDR0003232,NCP0002453,Naveen Narsimha,M,48,9660345090,Kummarikunta,Chandur,Nalgonda,2026-04-12,Opportunistic screening,172,104,93,26.2,Hypertension,Uncontrolled,2026-05-12
NCDR0003233,NCP0002453,Naveen Narsimha,M,47,+91-96603-45090,Kummarikunta,Chandur,Nalgonda,2026-07-08,Opportunistic screening,167,85,151,34.2,Hypertension,Controlled,2026-08-07
NCDR0003234,NCP0002454,Mohan Jangam,M,52,+91-98196-86266,Velpula,Midjil,Mahabubnagar,2026-04-21,Community screening,158,101,118,25.1,Hypertension,Uncontrolled,2026-05-21
NCDR0003235,NCP0002455,Renuka Khan,F,18,9934880461,Chandur,Chandur,Nalgonda,2025-12-10,Community screening,175,90,149,34.2,Hypertension,Uncontrolled,2026-03-10
NCDR0003236,NCP0002456,Swathi,F,33,9885339983,Velpula,Midjil,Mahabubnagar,2025-12-30,HWC screening,120,80,241,19.1,Diabetes,Uncontrolled,2026-03-30
NCDR0003237,NCP0002457,Sushma Das,F,58,+91-93788-61113,Chandur,Chandur,Nalgonda,2025-07-06,Opportunistic screening,133,74,150,31.3,None,Not diagnosed,
NCDR0003238,NCP0002458,Srinivas Das,M,34,9992525601,Bangarigadda,Chandur,Nalgonda,2025-09-13,Community screening,107,89,89,34.2,None,Not diagnosed,
NCDR0003239,NCP0002459,Ravi Devi,M,45,9324098653,Manoor,Narayankhed,Sangareddy,2025-11-19,Opportunistic screening,159,93,250,21.9,Hypertension+Diabetes,Uncontrolled,2026-02-17
NCDR0003240,NCP0002460,Deepika Yadav,F,88,9288737679,Kummarikunta,Chandur,Nalgonda,2026-02-07,Opportunistic screening,113,80,105,29.1,None,Not diagnosed,
NCDR0003241,NCP0002461,Anjali Chary,F,40,9485278317,Chandur,Chandur,Nalgonda,2026-05-05,Opportunistic screening,109,73,88,32.7,None,Not diagnosed,
NCDR0003242,NCP0002462,Mounika Khan,F,88,9688056746,AMEENPUR,Patancheru,Sangareddy,2026-01-30,Opportunistic screening,130,86,170,31.8,Diabetes,Borderline,2026-04-30
NCDR0003243,NCP0002463,Praween Shekar,M,88,9040279062,DONUR,Midjil,Mahabubnagar,2025-08-14,HWC screening,184,100,132,31.1,Hypertension,Uncontrolled,2025-09-13
NCDR0003244,NCP0002464,Rani Kumar,F,59,9659466905,Badepally,Jadcherla,Mahabubnagar,2026-03-19,Community screening,106,92,197,21.7,Diabetes,Controlled,2026-06-17
NCDR0003245,NCP0002465,Santosh Mudiraj,M,83,+91-99103-30974,Nomula,Nakrekal,Nalgonda,2025-08-11,Opportunistic screening,125,84,150,28.5,Diabetes,Borderline,2025-09-10
NCDR0003246,NCP0002466,Shankar Basha,M,67,+91-92904-88974,Velpula,Midjil,Mahabubnagar,2025-10-10,Opportunistic screening,149,83,183,22.2,Diabetes,Uncontrolled,2025-11-09
NCDR0003247,NCP0002467,Saritha Yadaw,F,38,9477774933,Kohir,Zaheerabad,Sangareddy,2025-08-24,Community screening,138,68,121,23.7,None,Not diagnosed,
NCDR0003248,NCP0002468,Lalitha Yadav,F,52,9086914955,Nomula,Nakrekal,Nalgonda,2025-11-01,HWC screening,186,91,87,21.1,Hypertension,Controlled,2026-01-30
NCDR0003249,NCP0002468,Lalitha Yadav,F,54,9086914955,Nomula,Nakrekal,Nalgonda,2026-01-31,HWC screening,157,94,128,26.1,Hypertension,Controlled,2026-05-01
NCDR0003250,NCP0002469,Lakshmi Chary,F,73,9135370233,Mangalapally,Nakrekal,Nalgonda,2026-05-17,HWC screening,143,96,287,31.2,Diabetes,Controlled,2026-08-15
NCDR0003251,NCP0002470,Praveen Kumar,M,40,9272916678,Macharam,Jadcherla,Mahabubnagar,2026-05-28,HWC screening,170,94,326,33.6,Hypertension+Diabetes,Uncontrolled,2026-08-26
NCDR0003252,NCP0002471,Raghav Chary,M,67,9488224827,Marrur,Nakrekal,Nalgonda,2025-09-02,Opportunistic screening,173,85,158,28.4,Hypertension,Uncontrolled,2025-12-01
NCDR0003253,NCP0002472,Shankar Das,M,55,9668935960,Kallepally,Balanagar,Mahabubnagar,2026-01-18,Community screening,165,103,145,28.1,Hypertension,Controlled,2026-02-17
NCDR0003254,NCP0002473,Rni Basha,F,63,9970387702,Nermata,Chandur,Nalgonda,2026-06-05,Opportunistic screening,157,106,163,25.8,Hypertension,Controlled,2026-09-03
NCDR0003255,NCP0002474,Rajesh Das,M,44,9846357684,Gundlapally,Devarakonda,Nalgonda,2026-05-06,Community screening,176,91,97,24.2,Hypertension,Uncontrolled,2026-06-05
NCDR0003256,NCP0002475,Srilatha Basha,F,48,9509937648,Nakrekal,Nakrekal,Nalgonda,2025-10-06,Community screening,180,102,163,23.0,Hypertension+Diabetes,Borderline,2025-11-05
NCDR0003257,NCP0002476,Swathi Kumar,F,56,9181638961,Vemula,Midjil,Mahabubnagar,2025-09-09,Community screening,161,115,280,21.7,Hypertension+Diabetes,Controlled,2025-10-09
NCDR0003258,NCP0002477,Divya Naik,F,46,9994212283,Nakrekal,Nakrekal,Nalgonda,2025-08-01,HWC screening,147,106,170,30.6,Hypertension+Diabetes,Borderline,2025-10-30
NCDR0003259,NCP0002478,Bhavani Shekar,F,79,9385225196,Vemula,Midjil,Mahabubnagar,2025-08-12,Community screening,122,77,162,26.4,None,Not diagnosed,
NCDR0003260,NCP0002479,Nirmala Laxman,F,31,9444354189,Nermata,Chandur,Nalgonda,2025-08-29,HWC screening,173,101,305,24.5,Hypertension+Diabetes,Uncontrolled,2025-11-27
NCDR0003261,NCP0002479,Nirmla Laxman,F,33,9444354189,Nermata,Chandur,Nalgonda,2025-11-13,HWC screening,159,93,294,23.0,Hypertension+Diabetes,Controlled,2026-01-12
NCDR0003262,NCP0002480,Ramesh Narsimha,M,18,9957655205,Chandur,Chandur,Nalgonda,2025-08-18,HWC screening,161,108,81,28.9,Hypertension,Borderline,2025-11-16
NCDR0003263,NCP0002481,Vinod Krishna,M,54,,Nomula,Nakrekal,Nalgonda,2025-08-06,Opportunistic screening,112,93,136,23.6,None,Not diagnosed,
NCDR0003264,NCP0002482,Kavitha Krishna,F,37,9107029216,Kummarikunta,Chandur,Nalgonda,2026-05-25,HWC screening,154,84,183,22.8,Hypertension+Diabetes,Controlled,2026-08-23
NCDR0003265,NCP0002483,Nirmala Das,F,37,9771781381,Bangarigadda,Chandur,Nalgonda,2026-01-16,HWC screening,136,68,139,32.9,None,Not diagnosed,
NCDR0003266,NCP0002484,Mahesh Laxman,M,18,9268891773,Patancheru,Patancheru,Sangareddy,2026-03-16,HWC screening,134,95,107,33.7,None,Not diagnosed,
NCDR0003267,NCP0002484,Mahesh Laxman,M,18,9268891773,Patancher,Patancheru,Sangareddy,2026-05-01,Community screening,110,72,116,33.0,None,Not diagnosed,
NCDR0003268,NCP0002485,Lakshmi Das,F,39,9102779083,Polepalli,Jadcherla,Mahabubnagar,2025-08-02,Opportunistic screening,160,91,159,32.4,Hypertension+Diabetes,Uncontrolled,2025-10-01
NCDR0003269,NCP0002485,Lakshmi Das,F,41,,Polepalli,Jadcherla,Mahabubnagar,2025-11-28,Opportunistic screening,139,104,259,28.8,Hypertension+Diabetes,Uncontrolled,2026-02-26
NCDR0003270,NCP0002485,Lakshmi Das,F,42,9102779083,POLEPALLY,Jadcherla,Mahabubnagar,2026-01-23,Community screening,143,101,167,26.7,Hypertension+Diabetes,Borderline,2026-03-24
NCDR0003271,NCP0002486,Jyothi Naik,F,48,9349694595,Velpul,Midjil,Mahabubnagar,2025-07-27,Community screening,137,68,100,30.6,None,Not diagnosed,
NCDR0003272,NCP0002487,Naveen Naik,M,50,9221049631,Polepally,Jadcherla,Mahabubnagar,2026-02-19,Community screening,190,109,252,27.7,Hypertension+Diabetes,Controlled,2026-03-21
NCDR0003273,NCP0002488,Ramesh Patel,M,59,9285107977,Jharasangam,Zaheerabad,Sangareddy,2025-10-24,Opportunistic screening,141,105,133,28.2,Hypertension,Borderline,2026-01-22
NCDR0003274,NCP0002489,Vinod Shekar,M,43,+91-98858-74318,Balanagar,Balanagar,Mahabubnagar,2025-07-11,Community screening,148,74,271,34.5,Diabetes,Uncontrolled,2025-10-09
NCDR0003275,NCP0002490,Mahesh Krishna,M,60,9944860549,Patancheru,Patancheru,Sangareddy,2026-04-19,HWC screening,171,110,130,27.4,Hypertension,Borderline,2026-07-18
NCDR0003276,NCP0002491,Praveen Laxman,M,37,9469658958,RAJAPUR,Balanagar,Mahabubnagar,2025-08-25,Community screening,119,91,304,24.0,Diabetes,Borderline,2025-09-24
NCDR0003277,NCP0002491,Praveen Laxman,M,37,9469658908,Rajapur,Balanagar,Mahabubnagar,2025-12-07,Community screening,124,90,324,21.7,Diabetes,Uncontrolled,2026-02-05
NCDR0003278,NCP0002492,Rajesh Yadav,M,58,,Polepally,Jadcherla,Mahabubnagar,2025-10-22,Community screening,159,104,205,26.1,Hypertension+Diabetes,Uncontrolled,2025-12-21
NCDR0003279,NCP0002492,Rajesh Yadav,M,58,9456443591,Polepally,Jadcherla,Mahabubnagar,2026-02-01,Community screening,145,113,307,29.7,Hypertension+Diabetes,Uncontrolled,2026-05-02
NCDR0003280,NCP0002493,Srinivas Narsimha,M,65,9747652105,Manoor,Narayankhed,Sangareddy,2026-03-08,HWC screening,119,70,330,27.8,Diabetes,Borderline,2026-06-06
NCDR0003281,NCP0002493,Srinivas Narsimha,M,65,9747652105,Manoor,Narayankhed,Sangareddy,2026-05-09,Community screening,147,76,288,30.7,Diabetes,Borderline,2026-06-08
NCDR0003282,NCP0002494,Rani Mallaiah,F,22,+91-91865-78174,Jharasangam,Zaheerabad,Sangareddy,2025-11-22,Community screening,179,99,142,28.8,Hypertension,Uncontrolled,2025-12-22
NCDR0003283,NCP0002495,Rajesh Das,M,47,9252726525,Narayankhed,Narayankhed,Sangareddy,2026-05-20,Opportunistic screening,145,78,318,23.7,Diabetes,Uncontrolled,2026-07-19
NCDR0003284,NCP0002496,Srinivas Kumar,M,24,9452454766,Bangarigadda,Chandur,Nalgonda,2026-05-07,Opportunistic screening,146,85,82,26.2,None,Not diagnosed,
NCDR0003285,NCP0002497,Kavitha Reddy,F,76,9529664468,Kangti,Narayankhed,Sangareddy,2025-07-22,Opportunistic screening,180,106,163,22.7,Hypertension,Borderline,2025-10-20
NCDR0003286,NCP0002497,Kavitha Reddy,F,74,9529664468,Kangti,Narayankhed,Sangareddy,2025-10-03,HWC screening,166,93,98,32.5,Hypertension,Uncontrolled,2025-11-02
NCDR0003287,NCP0002498,Harika Krishna,F,65,9417124556,Badepally,Jadcherla,Mahabubnagar,2026-03-09,Opportunistic screening,177,86,251,22.6,Hypertension+Diabetes,Controlled,2026-06-07
NCDR0003288,NCP0002499,Rajesh Yadav,M,36,9884563231,Nermata,Chandur,Nalgonda,2025-09-19,HWC screening,138,116,123,33.8,Hypertension,Uncontrolled,2025-12-18
NCDR0003289,NCP0002499,Rajesh Yadav,M,37,9884563261,Nermata,Chandur,Nalgonda,2025-12-21,Opportunistic screening,141,98,93,33.1,Hypertension,Borderline,2026-03-21
NCDR0003290,NCP0002500,Raghav Das,M,35,9608660978,Devarakonda,Devarakonda,Nalgonda,2025-10-22,HWC screening,132,83,329,34.2,Diabetes,Borderline,2025-12-21
NCDR0003291,NCP0002500,Raghav Das,M,33,9608660978,Devarakonda,Devarakonda,Nalgonda,2025-12-19,Community screening,129,75,223,21.6,Diabetes,Borderline,2026-02-17
NCDR0003292,NCP0002500,Raghav Das,M,33,+91-96086-60978,Devarakonda,Devarakonda,Nalgonda,2026-06-19,Community screening,142,76,284,32.1,Diabetes,Uncontrolled,2026-08-18
NCDR0003293,NCP0002501,Rajesh Laxman,M,41,+91-97714-65286,Peddadinne,Devarakonda,Nalgonda,2026-05-04,Opportunistic screening,158,107,103,28.9,Hypertension,Borderline,2026-07-03
NCDR0003294,NCP0002501,Rajesh Laxman,M,41,,Peddadinne,Devarakonda,Nalgonda,2026-06-19,Opportunistic screening,152,103,155,33.9,Hypertension,Borderline,2026-07-19
NCDR0003295,NCP0002502,Navin Naik,M,48,9497119645,Narayankhed,Narayankhed,Sangareddy,2025-12-24,HWC screening,107,72,148,25.7,Diabetes,Uncontrolled,2026-01-23
NCDR0003296,NCP0002502,Naveen Naik,M,48,+91-94971-19645,Narayankhed,Narayankhed,Sangareddy,2026-04-09,Opportunistic screening,132,81,326,27.5,Diabetes,Borderline,2026-06-08
NCDR0003297,NCP0002503,Ravi Basha,M,35,9190570345,Polepally,Jadcherla,Mahabubnagar,2025-09-17,HWC screening,153,108,79,33.7,Hypertension,Uncontrolled,2025-11-16
NCDR0003298,NCP0002504,Ramesh Goud,M,26,+91-90572-19674,PATANCHERU,Patancheru,Sangareddy,2026-03-10,Community screening,167,104,158,33.4,Hypertension,Controlled,2026-04-09
NCDR0003299,NCP0002504,Ramesh Goud,M,26,9057219674,Patancheru,Patancheru,Sangareddy,2026-06-11,Opportunistic screening,153,98,100,25.2,Hypertension,Uncontrolled,2026-07-11
NCDR0003300,NCP0002505,Shobha Mallaiah,F,56,9955258019,Balanagar,Balanagar,Mahabubnagar,2026-05-19,Opportunistic screening,149,73,111,25.9,None,Not diagnosed,
NCDR0003301,NCP0002506,Rvi Das,M,39,,Marrur,Nakrekal,Nalgonda,2025-11-06,Community screening,132,72,124,22.4,None,Not diagnosed,
NCDR0003302,NCP0002506,Ravi Das,M,39,9257313384,Marru,Nakrekal,Nalgonda,2026-02-13,Community screening,124,69,96,21.2,None,Not diagnosed,
NCDR0003303,NCP0002507,Srinivs Basha,M,78,9359010069,Kohir,Zaheerabad,Sangareddy,2026-06-14,Opportunistic screening,150,94,189,23.1,Diabetes,Controlled,2026-09-12
NCDR0003304,NCP0002508,Venkatesh Devi,M,54,9017317965,Bodajanampet,Balanagar,Mahabubnagar,2025-09-02,Community screening,116,90,80,19.2,None,Not diagnosed,
NCDR0003305,NCP0002509,Lakshmi Naik,F,48,9638899923,Gundlapally,Devarakonda,Nalgonda,2025-08-15,Opportunistic screening,151,102,140,26.8,Hypertension,Controlled,2025-10-14
NCDR0003306,NCP0002509,Lakshmi Naik,F,46,9638899923,Gundlapally,Devarakonda,Nalgonda,2025-10-14,Opportunistic screening,160,89,96,25.6,Hypertension,Controlled,2025-12-13
NCDR0003307,NCP0002510,Padma Krishna,F,40,,Zaheerabad,Zaheerabad,Sangareddy,2026-01-25,HWC screening,153,89,321,29.5,Hypertension+Diabetes,Uncontrolled,2026-04-25
NCDR0003308,NCP0002511,Harika Jangam,F,53,9025773326,Bhanur,Patancheru,Sangareddy,2025-12-25,HWC screening,120,92,150,33.2,None,Not diagnosed,
NCDR0003309,NCP0002512,Lakshmi Reddy,F,69,9271863562,Bangarigadd,Chandur,Nalgonda,2025-11-09,Opportunistic screening,147,112,164,21.7,Hypertension+Diabetes,Controlled,2026-01-08
NCDR0003310,NCP0002513,Nveen Begum,M,24,9412185334,Kalher,Narayankhed,Sangareddy,2026-04-01,Opportunistic screening,148,100,151,32.1,Hypertension,Borderline,2026-05-31
NCDR0003311,NCP0002514,Lalitha Naik,F,47,9343194882,Indresham,Patancheru,Sangareddy,2026-03-24,Opportunistic screening,187,106,148,21.4,Hypertension,Controlled,2026-04-23
NCDR0003312,NCP0002515,Lakshmi Basha,F,30,9786083631,Kohir,Zaheerabad,Sangareddy,2025-12-31,Opportunistic screening,137,96,233,24.2,Diabetes,Borderline,2026-03-01
NCDR0003313,NCP0002515,Lakshmi Basha,F,32,9786083631,Kohir,Zaheerabad,Sangareddy,2026-03-15,Community screening,142,89,280,19.8,Diabetes,Controlled,2026-04-14
NCDR0003314,NCP0002516,Mohan Krishna,M,53,9384360811,Vemula,Midjil,Mahabubnagar,2025-11-09,HWC screening,126,75,229,22.1,Diabetes,Controlled,2026-02-07
NCDR0003315,NCP0002516,Mohan Krishna,M,52,+91-93843-60811,Vemula,Midjil,Mahabubnagar,2026-03-07,HWC screening,123,74,211,23.3,Diabetes,Borderline,2026-06-05
NCDR0003316,NCP0002517,Harika Naik,F,79,9702051485,BANGARIGADDA,Chandur,Nalgonda,2025-07-25,HWC screening,157,115,200,19.3,Hypertension+Diabetes,Controlled,2025-09-23
NCDR0003317,NCP0002518,Arun Mallaiah,M,44,9062484242,Jharasangam,Zaheerabad,Sangareddy,2026-03-19,Community screening,188,95,88,27.4,Hypertension,Uncontrolled,2026-06-17
NCDR0003318,NCP0002519,Divya Yadav,F,29,+91-94709-81657,Kohir,Zaheerabad,Sangareddy,2026-06-15,HWC screening,164,91,122,22.7,Hypertension,Borderline,2026-07-15
NCDR0003319,NCP0002520,Arun Jangam,M,54,9509567752,Narayankhed,Narayankhed,Sangareddy,2025-11-23,Opportunistic screening,106,81,194,28.2,Diabetes,Controlled,2026-02-21
NCDR0003320,NCP0002521,Swathi Laxman,F,40,9963134876,Devarakonda,Devarakonda,Nalgonda,2025-08-04,HWC screening,119,76,215,30.2,Diabetes,Uncontrolled,2025-11-02
NCDR0003321,NCP0002521,Swathee Laxman,F,40,9963234876,Devarakonda,Devarakonda,Nalgonda,2025-11-24,Community screening,118,79,219,19.8,Diabetes,Uncontrolled,2026-01-23
NCDR0003322,NCP0002522,Mahesh,M,70,,Ameenpur,Patancheru,Sangareddy,2025-07-04,Community screening,165,111,305,30.6,Hypertension+Diabetes,Controlled,2025-10-02
NCDR0003323,NCP0002523,Rajesh Jangam,M,52,9991810797,Kohir,Zaheerabad,Sangareddy,2025-11-06,Opportunistic screening,142,87,111,22.1,None,Not diagnosed,
NCDR0003324,NCP0002523,Rajesh Jangam,M,54,9991810797,Kohir,Zaheerabad,Sangareddy,2026-02-05,Community screening,117,70,156,27.2,None,Not diagnosed,
NCDR0003325,NCP0002524,Raju Laxman,M,30,9204088601,Bangarigadda,Chandur,Nalgonda,2025-08-15,HWC screening,110,69,251,22.2,Diabetes,Borderline,2025-11-13
NCDR0003326,NCP0002525,Kiran Devi,M,26,9604147892,Nermata,Chandur,Nalgonda,2026-03-06,Community screening,158,115,193,33.8,Hypertension+Diabetes,Uncontrolled,2026-06-04
NCDR0003327,NCP0002526,Shnkar Yadav,M,21,9295686924,Macharam,Jadcherla,Mahabubnagar,2026-06-16,Community screening,160,103,136,21.8,Hypertension,Uncontrolled,2026-07-16
NCDR0003328,NCP0002526,Shankar Yadav,M,23,9295686924,Macharam,Jadcherla,Mahabubnagar,2026-08-15,HWC screening,173,115,140,20.1,Hypertension,Borderline,2026-11-13
NCDR0003329,NCP0002527,Lakshmi Laxman,F,60,9678943042,Narayankhed,Narayankhed,Sangareddy,2025-07-26,Community screening,179,94,145,29.4,Hypertension,Uncontrolled,2025-09-24
NCDR0003330,NCP0002528,Arun Naik,M,64,,Kondamallepally,Devarakonda,Nalgonda,2025-07-07,HWC screening,155,112,172,25.4,Hypertension+Diabetes,Uncontrolled,2025-10-05
NCDR0003331,NCP0002529,Ravi Reddy,M,54,9551630939,Chandur,Chandur,Nalgonda,2025-08-15,HWC screening,118,75,186,20.2,Diabetes,Uncontrolled,2025-09-14
NCDR0003332,NCP0002530,Anitha Yadav,F,32,9965035311,Velpula,Midjil,Mahabubnagar,2025-07-20,HWC screening,123,68,165,25.4,None,Not diagnosed,
NCDR0003333,NCP0002531,Padma Rao,F,33,9321059677,Kalher,Narayankhed,Sangareddy,2025-10-09,HWC screening,167,103,145,24.6,Hypertension,Uncontrolled,2025-11-08
NCDR0003334,NCP0002532,Suresh Begum,M,47,9414468441,Kangti,Narayankhed,Sangareddy,2025-10-19,Community screening,138,98,278,21.3,Hypertension+Diabetes,Uncontrolled,2026-01-17
NCDR0003335,NCP0002532,Suresh Begum,M,47,+91-94144-68441,Kangti,Narayankhed,Sangareddy,2026-01-04,HWC screening,176,96,256,23.8,Hypertension+Diabetes,Uncontrolled,2026-04-04
NCDR0003336,NCP0002533,Sai Yadav,M,18,+91-94960-05560,Manoor,Narayankhed,Sangareddy,2026-05-16,Opportunistic screening,140,91,255,27.2,Hypertension+Diabetes,Uncontrolled,2026-07-15
NCDR0003337,NCP0002534,Kiran Patel,M,40,9527717772,Zaheerabad,Zaheerabad,Sangareddy,2026-04-26,Opportunistic screening,134,89,126,24.6,None,Not diagnosed,
NCDR0003338,NCP0002535,Renuka Narsimha,F,46,9287101897,Bangarigadda,Chandur,Nalgonda,2026-03-09,Opportunistic screening,134,79,281,29.9,Diabetes,Controlled,2026-05-08
NCDR0003339,NCP0002535,Renuka Narsimha,F,46,9287101897,Bangarigadda,Chandur,Nalgonda,2026-06-20,Opportunistic screening,149,70,170,23.6,Diabetes,Controlled,2026-08-19
NCDR0003340,NCP0002536,Santosh Goud,M,60,9362050624,PATANCHERU,Patancheru,Sangareddy,2026-03-29,Community screening,179,115,323,23.8,Hypertension+Diabetes,Uncontrolled,2026-05-28
NCDR0003341,NCP0002537,Arun Reddy,M,55,+91-91941-12619,Kangti,Narayankhed,Sangareddy,2026-02-25,HWC screening,132,68,127,31.2,None,Not diagnosed,
NCDR0003342,NCP0002537,Arun Reddy,M,54,9194112619,Kangti,Narayankhed,Sangareddy,2026-05-25,Community screening,136,82,118,23.2,None,Not diagnosed,
NCDR0003343,NCP0002538,Rani Begum,F,47,,Mogudampalli,Zaheerabad,Sangareddy,2025-11-11,Community screening,190,113,164,30.9,Hypertension,Uncontrolled,2025-12-11
NCDR0003344,NCP0002539,Srinivas Goud,M,24,9158318825,Gangapur,Jadcherla,Mahabubnagar,2025-09-30,Community screening,127,71,107,30.6,None,Not diagnosed,
NCDR0003345,NCP0002540,Renuka Jangam,F,67,9020524075,Kummarikunta,Chandur,Nalgonda,2026-03-30,Community screening,137,81,150,32.7,None,Not diagnosed,
NCDR0003346,NCP0002540,Renuka Jangam,F,65,9520524075,Kummarikunta,Chandur,Nalgonda,2026-05-15,Community screening,133,92,148,24.0,None,Not diagnosed,
NCDR0003347,NCP0002541,Harika Kumar,F,66,9941244393,Balanagar,Balanagar,Mahabubnagar,2025-10-01,Community screening,174,86,158,21.6,Hypertension,Borderline,2025-12-30
NCDR0003348,NCP0002542,Bhavani Patel,F,45,9135120335,Bhanur,Patancheru,Sangareddy,2025-12-30,Opportunistic screening,127,82,147,29.9,None,Not diagnosed,
NCDR0003349,NCP0002542,Bhavani Patel,F,45,,Bhanur,Patancheru,Sangareddy,2026-04-09,HWC screening,134,78,162,31.4,None,Not diagnosed,
NCDR0003350,NCP0002543,Mahesh,M,62,,Zaheerabad,Zaheerabad,Sangareddy,2026-01-23,Opportunistic screening,185,97,110,29.1,Hypertension,Borderline,2026-04-23
NCDR0003351,NCP0002543,Mahesh Shekar,M,61,9903542344,Zaheerabad,Zaheerabad,Sangareddy,2026-04-02,HWC screening,145,85,104,26.1,Hypertension,Uncontrolled,2026-05-02
NCDR0003352,NCP0002544,Swathi Yadav,F,39,9430178662,Kalher,Narayankhed,Sangareddy,2026-04-18,Opportunistic screening,133,70,143,28.7,None,Not diagnosed,
NCDR0003353,NCP0002545,Kawitha Jangam,F,57,9792130946,Gundlapally,Devarakonda,Nalgonda,2026-02-09,HWC screening,112,83,148,29.5,Diabetes,Controlled,2026-03-11
NCDR0003354,NCP0002546,Sushma Basha,F,61,9898083071,Indresham,Patancheru,Sangareddy,2025-08-17,HWC screening,112,92,228,21.7,Diabetes,Uncontrolled,2025-11-15
NCDR0003355,NCP0002547,Anjali Narsimha,F,77,9172816392,Narayankhed,Narayankhed,Sangareddy,2025-12-29,HWC screening,140,77,235,18.8,Diabetes,Uncontrolled,2026-01-28
NCDR0003356,NCP0002548,Rani Goud,F,18,9146367114,Kalher,Narayankhed,Sangareddy,2025-07-17,Community screening,163,92,128,22.0,Hypertension,Borderline,2025-10-15
NCDR0003357,NCP0002548,Rani Goud,F,18,9146367114,Kalher,Narayankhed,Sangareddy,2025-10-10,Opportunistic screening,164,110,143,27.2,Hypertension,Borderline,2025-11-09
NCDR0003358,NCP0002549,Santosh Reddy,M,37,9819404647,Rajapur,Balanagar,Mahabubnagar,2025-09-22,Opportunistic screening,125,90,152,33.5,Diabetes,Uncontrolled,2025-11-21
NCDR0003359,NCP0002550,Venkatesh Laxman,M,83,9229680813,Kondamallepally,Devarakonda,Nalgonda,2025-07-23,HWC screening,150,95,287,27.6,Diabetes,Borderline,2025-08-22
NCDR0003360,NCP0002551,Anil Khan,M,61,9418934740,Manoor,Narayankhed,Sangareddy,2026-04-15,HWC screening,166,93,159,19.4,Hypertension,Uncontrolled,2026-07-14
NCDR0003361,NCP0002552,Rajesh Laxman,M,29,9147096912,Peddadinne,Devarakonda,Nalgonda,2026-05-18,Opportunistic screening,178,88,162,22.7,Hypertension+Diabetes,Controlled,2026-07-17
NCDR0003362,NCP0002552,Rajesh Laxman,M,33,+91-91470-96912,Peddadinne,Devarakonda,Nalgonda,2026-07-19,Opportunistic screening,163,106,312,18.6,Hypertension+Diabetes,Controlled,2026-08-18
NCDR0003363,NCP0002553,Hareeka Patel,F,69,9112361337,KUMMARIKUNTA,Chandur,Nalgonda,2026-05-17,Opportunistic screening,149,74,97,25.8,None,Not diagnosed,
NCDR0003364,NCP0002554,Hrika Kumar,F,27,9475789099,Gundlapally,Devarakonda,Nalgonda,2025-10-21,HWC screening,151,99,270,30.6,Hypertension+Diabetes,Borderline,2025-11-20
NCDR0003365,NCP0002555,Srilatha Narsimha,F,62,9617246373,Rajapur,Balanagar,Mahabubnagar,2026-01-12,HWC screening,140,75,149,20.4,Diabetes,Uncontrolled,2026-03-13
NCDR0003366,NCP0002555,Srilatha Narsimha,F,62,+91-96172-46373,RAJAPUR,Balanagar,Mahabubnagar,2026-04-24,HWC screening,149,81,185,26.5,Diabetes,Uncontrolled,2026-05-24
NCDR0003367,NCP0002556,Lalitha Narsimha,F,59,9825561968,Nakrekal,Nakrekal,Nalgonda,2026-01-17,HWC screening,165,99,80,29.6,Hypertension,Borderline,2026-04-17
NCDR0003368,NCP0002557,Divya Reddy,F,45,+91-90148-06737,Patancheru,Patancheru,Sangareddy,2025-10-28,Opportunistic screening,135,74,195,30.0,Diabetes,Controlled,2025-11-27
NCDR0003369,NCP0002558,njali Mudiraj,F,18,9842715524,Zaheerabad,Zaheerabad,Sangareddy,2026-05-17,HWC screening,138,87,259,24.2,Diabetes,Borderline,2026-07-16
NCDR0003370,NCP0002559,Kavitha Chary,F,51,9269508606,Manoor,Narayankhed,Sangareddy,2025-07-28,Community screening,184,85,140,19.5,Hypertension,Borderline,2025-08-27
NCDR0003371,NCP0002560,Harika Yadav,F,28,9963918487,BADEPALLY,Jadcherla,Mahabubnagar,2025-08-02,Community screening,141,110,285,27.5,Hypertension+Diabetes,Controlled,2025-10-01
NCDR0003372,NCP0002561,Arun Mallaiah,M,40,9955804538,Gangapur,Jadcherla,Mahabubnagar,2026-01-17,Community screening,187,109,300,25.2,Hypertension+Diabetes,Controlled,2026-02-16
NCDR0003373,NCP0002561,Arun Mallaiah,M,41,9955804538,Gangapur,Jadcherla,Mahabubnagar,2026-03-10,Opportunistic screening,175,108,145,24.6,Hypertension+Diabetes,Uncontrolled,2026-06-08
NCDR0003374,NCP0002562,Mohan Begum,M,77,+91-95791-46943,Kondamallepally,Devarakonda,Nalgonda,2026-03-06,HWC screening,115,89,206,32.9,Diabetes,Uncontrolled,2026-05-05
NCDR0003375,NCP0002563,Naveen Begum,M,61,+91-95015-68405,Balanagar,Balanagar,Mahabubnagar,2025-12-28,Community screening,129,73,79,19.3,None,Not diagnosed,
NCDR0003376,NCP0002564,Naveen Mudiraj,M,54,9169781222,Chandur,Chandur,Nalgonda,2026-04-17,HWC screening,108,91,174,29.0,Diabetes,Controlled,2026-05-17
NCDR0003377,NCP0002565,Anitha Patel,F,66,9887742168,Nermata,Chandur,Nalgonda,2026-01-07,HWC screening,162,110,154,24.5,Hypertension,Borderline,2026-03-08
NCDR0003378,NCP0002566,Kiran Kumar,M,23,,Mogudampally,Zaheerabad,Sangareddy,2025-08-02,HWC screening,128,90,320,18.5,Diabetes,Uncontrolled,2025-10-31
NCDR0003379,NCP0002567,Arun Devi,M,54,9043441455,Kohir,Zaheerabad,Sangareddy,2025-07-11,Opportunistic screening,170,86,254,30.5,Hypertension+Diabetes,Controlled,2025-09-09
NCDR0003380,NCP0002568,Saritha Yadav,F,44,9992102681,Chandur,Chandur,Nalgonda,2026-01-16,Community screening,145,77,121,32.1,None,Not diagnosed,
NCDR0003381,NCP0002568,Saritha Yadav,F,43,9992152681,Chandur,Chandur,Nalgonda,2026-03-21,HWC screening,142,85,146,20.8,None,Not diagnosed,
NCDR0003382,NCP0002569,Shobha Laxman,F,42,9819341612,Bodajanampet,Balanagar,Mahabubnagar,2026-02-22,Opportunistic screening,175,89,139,19.9,Hypertension,Uncontrolled,2026-04-23
NCDR0003383,NCP0002570,Renuka Narsimha,F,38,9170713727,Nomula,Nakrekal,Nalgonda,2026-03-20,HWC screening,150,85,161,31.6,None,Not diagnosed,
NCDR0003384,NCP0002571,Renuka Reddy,F,60,9046534393,Macharam,Jadcherla,Mahabubnagar,2025-12-31,Opportunistic screening,116,78,134,33.3,None,Not diagnosed,
NCDR0003385,NCP0002572,Jyoti Patel,F,67,9736999579,Marrur,Nakrekal,Nalgonda,2026-04-18,Opportunistic screening,143,79,247,29.6,Diabetes,Uncontrolled,2026-06-17
NCDR0003386,NCP0002573,Raghav Patel,M,46,,Midjil,Midjil,Mahabubnagar,2026-02-26,Opportunistic screening,122,95,273,32.1,Diabetes,Borderline,2026-05-27
NCDR0003387,NCP0002573,Raghaw Patel,M,46,9223683845,Midjil,Midjil,Mahabubnagar,2026-04-16,HWC screening,108,76,232,33.1,Diabetes,Borderline,2026-05-16
NCDR0003388,NCP0002574,Raju Begum,M,56,+91-91491-02191,Polepally,Jadcherla,Mahabubnagar,2025-12-17,Opportunistic screening,111,84,285,30.9,Diabetes,Controlled,2026-01-16
NCDR0003389,NCP0002575,Saritha Begum,F,40,9000743763,Narayankhed,Narayankhed,Sangareddy,2026-06-11,Community screening,153,106,144,27.3,Hypertension,Uncontrolled,2026-09-09
NCDR0003390,NCP0002576,Padma Shekar,F,47,9549748771,Bhanur,Patancheru,Sangareddy,2025-11-27,Community screening,174,111,167,25.1,Hypertension+Diabetes,Uncontrolled,2025-12-27
NCDR0003391,NCP0002577,Srilatha Kumar,F,46,9422496309,Patancheru,Patancheru,Sangareddy,2025-08-05,Community screening,182,104,153,30.6,Hypertension,Controlled,2025-11-03
NCDR0003392,NCP0002577,Srilatha Kumar,F,46,+91-94224-96309,Patancheru,Patancheru,Sangareddy,2025-10-09,HWC screening,164,109,103,32.8,Hypertension,Uncontrolled,2026-01-07
NCDR0003393,NCP0002578,Padma Yadav,F,77,+91-97749-11763,Midjil,Midjil,Mahabubnagar,2025-08-24,HWC screening,163,95,123,22.1,Hypertension,Borderline,2025-09-23
NCDR0003394,NCP0002579,Santosh Devi,M,43,9155005938,KANGTI,Narayankhed,Sangareddy,2025-10-10,Community screening,121,81,156,29.4,None,Not diagnosed,
NCDR0003395,NCP0002579,Santosh Devi,M,44,9155605938,Kangti,Narayankhed,Sangareddy,2026-01-12,HWC screening,118,69,142,29.5,None,Not diagnosed,
NCDR0003396,NCP0002580,Sushma Kumar,F,38,+91-90235-86429,Nomula,Nakrekal,Nalgonda,2025-12-17,HWC screening,141,96,122,31.0,Hypertension,Borderline,2026-01-16
NCDR0003397,NCP0002581,Raghav Narsimha,M,41,9252878355,Balanagar,Balanagar,Mahabubnagar,2026-04-07,Opportunistic screening,178,105,142,21.4,Hypertension,Controlled,2026-07-06
NCDR0003398,NCP0002581,Raghav Narsimha,M,40,9252878355,Balanagar,Balanagar,Mahabubnagar,2026-05-24,Community screening,154,96,84,22.9,Hypertension,Controlled,2026-08-22
NCDR0003399,NCP0002582,Anitha Kumar,F,56,9894803053,Polepally,Jadcherla,Mahabubnagar,2025-07-17,Opportunistic screening,178,114,158,18.5,Hypertension,Controlled,2025-10-15
NCDR0003400,NCP0002583,Raju Shekar,M,71,9889869438,Velpula,Midjil,Mahabubnagar,2025-12-13,Community screening,129,68,184,20.6,Diabetes,Controlled,2026-01-12
NCDR0003401,NCP0002583,Raju Shekar,M,70,9889869438,Velpula,Midjil,Mahabubnagar,2026-03-03,Opportunistic screening,115,76,202,32.4,Diabetes,Controlled,2026-05-02
NCDR0003402,NCP0002584,Divya Das,F,51,9038444421,GUNDLAPALLY,Devarakonda,Nalgonda,2025-07-10,HWC screening,106,89,94,32.9,None,Not diagnosed,
NCDR0003403,NCP0002585,Rajesh Kumar,M,66,9806113096,Mogudampally,Zaheerabad,Sangareddy,2026-05-08,Community screening,160,106,82,22.5,Hypertension,Controlled,2026-06-07
NCDR0003404,NCP0002585,Rajesh Kumar,M,66,9806113096,Mogudampalli,Zaheerabad,Sangareddy,2026-07-22,Community screening,144,111,82,22.8,Hypertension,Uncontrolled,2026-08-21
NCDR0003405,NCP0002586,Divya Khan,F,72,9434174298,Mangalapally,Nakrekal,Nalgonda,2025-10-27,HWC screening,144,71,208,28.8,Diabetes,Borderline,2025-12-26
NCDR0003406,NCP0002587,Jyothi Reddy,F,46,9148380906,Nomula,Nakrekal,Nalgonda,2025-07-02,Community screening,152,89,164,33.0,Hypertension,Controlled,2025-08-01
NCDR0003407,NCP0002588,Raghav Das,M,42,9183193969,Macharam,Jadcherla,Mahabubnagar,2025-12-30,HWC screening,122,94,131,28.0,None,Not diagnosed,
NCDR0003408,NCP0002588,Raghav Das,M,42,9183193969,Macharam,Jadcherla,Mahabubnagar,2026-04-03,HWC screening,105,83,156,27.2,None,Not diagnosed,
NCDR0003409,NCP0002589,Kiran Devi,M,81,+91-98677-37914,Kallepally,Balanagar,Mahabubnagar,2025-09-05,Opportunistic screening,166,96,155,32.2,Hypertension+Diabetes,Borderline,2025-12-04
NCDR0003410,NCP0002590,Mounik Mudiraj,F,41,9194710245,Bodajanampet,Balanagar,Mahabubnagar,2025-09-14,Community screening,183,89,164,31.6,Hypertension,Borderline,2025-12-13
NCDR0003411,NCP0002591,Praveen,M,61,9651985168,Jharasangam,Zaheerabad,Sangareddy,2025-10-23,HWC screening,157,97,316,23.3,Hypertension+Diabetes,Uncontrolled,2026-01-21
NCDR0003412,NCP0002592,Deepika Reddy,F,43,9564294457,Badepally,Jadcherla,Mahabubnagar,2025-12-31,Opportunistic screening,145,76,114,31.3,None,Not diagnosed,
NCDR0003413,NCP0002593,Renuka Krishna,F,46,9418392119,Mangalapall,Nakrekal,Nalgonda,2026-01-21,Opportunistic screening,140,96,302,32.1,Diabetes,Borderline,2026-04-21
NCDR0003414,NCP0002593,Renuka Krishna,F,45,+91-94183-92119,Mangalapally,Nakrekal,Nalgonda,2026-03-27,HWC screening,123,90,192,22.0,Diabetes,Borderline,2026-06-25
NCDR0003415,NCP0002594,Kavitha Rao,F,35,9608236639,Rajapur,Balanagar,Mahabubnagar,2026-03-21,Opportunistic screening,107,92,253,33.6,Diabetes,Borderline,2026-05-20
NCDR0003416,NCP0002595,Vinod Narsimha,M,41,9672177399,Gundlapally,Devarakonda,Nalgonda,2025-12-06,HWC screening,147,83,203,33.2,Diabetes,Borderline,2026-02-04
NCDR0003417,NCP0002596,Anjali Mudiraj,F,55,9236760691,Balanagar,Balanagar,Mahabubnagar,2025-12-30,HWC screening,110,74,312,34.5,Diabetes,Borderline,2026-03-30
NCDR0003418,NCP0002596,Anjali Mudiraj,F,55,9236760691,Balanagar,Balanagar,Mahabubnagar,2026-04-25,HWC screening,108,91,159,31.3,Diabetes,Borderline,2026-07-24
NCDR0003419,NCP0002596,Anjali Mudiraj,F,55,9236760691,Balanagar,Balanagar,Mahabubnagar,2026-05-23,Community screening,113,69,194,22.4,Diabetes,Controlled,2026-08-21
NCDR0003420,NCP0002597,Harika Devi,F,64,9818071716,Kangti,Narayankhed,Sangareddy,2025-08-24,Opportunistic screening,131,72,151,27.7,None,Not diagnosed,
NCDR0003421,NCP0002597,Harika Devi,F,65,9818071716,KANGTI,Narayankhed,Sangareddy,2025-10-24,Opportunistic screening,142,82,99,27.9,None,Not diagnosed,
NCDR0003422,NCP0002598,Venkatesh Krishna,M,43,9683127158,Kangti,Narayankhed,Sangareddy,2025-08-24,Opportunistic screening,155,101,143,31.6,Hypertension,Uncontrolled,2025-11-22
NCDR0003423,NCP0002599,Praveen Jangam,M,35,+91-90659-07448,Kohir,Zaheerabad,Sangareddy,2025-09-14,Community screening,113,92,104,33.6,None,Not diagnosed,
NCDR0003424,NCP0002600,Shankar Yadaw,M,59,9735548167,Nomula,Nakrekal,Nalgonda,2026-05-16,Community screening,161,99,108,31.0,Hypertension,Borderline,2026-06-15
NCDR0003425,NCP0002601,Srinivas Goud,M,54,9870125448,Bangarigadda,Chandur,Nalgonda,2026-06-06,HWC screening,179,108,313,23.7,Hypertension+Diabetes,Borderline,2026-08-05
NCDR0003426,NCP0002602,Rani Mudiraj,F,54,,DONUR,Midjil,Mahabubnagar,2025-10-02,Community screening,145,92,83,22.4,Hypertension,Uncontrolled,2025-12-01
NCDR0003427,NCP0002603,Saritha Laxman,F,35,9678080865,Velpula,Midjil,Mahabubnagar,2026-02-01,Opportunistic screening,134,83,105,19.2,None,Not diagnosed,
NCDR0003428,NCP0002604,Saritha Rao,F,53,9168076336,Badepally,Jadcherla,Mahabubnagar,2025-08-06,Opportunistic screening,182,90,108,31.0,Hypertension,Uncontrolled,2025-11-04
NCDR0003429,NCP0002605,Srinivas Narsimha,M,48,9546259815,Zaheerabad,Zaheerabad,Sangareddy,2026-03-01,Community screening,121,76,158,34.2,Diabetes,Uncontrolled,2026-03-31
NCDR0003430,NCP0002605,Srinivas Narsimha,M,47,9546259815,Zaheerabad,Zaheerabad,Sangareddy,2026-06-23,HWC screening,149,82,171,20.0,Diabetes,Borderline,2026-08-22
NCDR0003431,NCP0002606,Shankar Chary,M,39,9347203030,Badepalli,Jadcherla,Mahabubnagar,2026-03-27,HWC screening,143,94,128,18.6,Hypertension,Controlled,2026-05-26
NCDR0003432,NCP0002607,Rajesh Reddy,M,50,9071212128,Marrur,Nakrekal,Nalgonda,2026-06-08,HWC screening,183,113,127,32.1,Hypertension,Controlled,2026-08-07
NCDR0003433,NCP0002608,Arun Rao,M,49,9733486738,Polepally,Jadcherla,Mahabubnagar,2026-04-30,Opportunistic screening,181,102,115,32.7,Hypertension,Borderline,2026-05-30
NCDR0003434,NCP0002609,Lakshmi Rao,F,46,9647126093,Peddadinne,Devarakonda,Nalgonda,2026-03-27,Community screening,113,71,275,33.3,Diabetes,Controlled,2026-05-26
NCDR0003435,NCP0002609,Lakshmee Rao,F,47,9647126093,Peddadinne,Devarakonda,Nalgonda,2026-07-18,Community screening,146,86,151,24.5,Diabetes,Uncontrolled,2026-09-16
NCDR0003436,NCP0002610,Deepika Basha,F,69,,Kummarikunta,Chandur,Nalgonda,2025-08-16,HWC screening,152,86,152,25.6,Hypertension,Controlled,2025-09-15
NCDR0003437,NCP0002611,Saritha Das,F,73,9942558011,Rajapur,Balanagar,Mahabubnagar,2026-01-09,HWC screening,143,75,247,33.0,Diabetes,Controlled,2026-02-08
NCDR0003438,NCP0002611,Saritha Das,F,74,9942558011,Rajapu,Balanagar,Mahabubnagar,2026-03-13,Opportunistic screening,113,81,252,25.2,Diabetes,Borderline,2026-05-12
NCDR0003439,NCP0002612,Bhavani Rao,F,19,9033486724,Chandur,Chandur,Nalgonda,2026-03-05,HWC screening,126,72,208,27.8,Diabetes,Borderline,2026-04-04
NCDR0003440,NCP0002612,Bhavanee Rao,F,22,9033486724,Chandur,Chandur,Nalgonda,2026-06-22,HWC screening,149,69,231,21.6,Diabetes,Controlled,2026-09-20
NCDR0003441,NCP0002612,Bhavani Rao,F,21,9033486724,Chandur,Chandur,Nalgonda,2026-08-06,Community screening,140,72,303,24.9,Diabetes,Uncontrolled,2026-10-05
NCDR0003442,NCP0002613,Santosh Chary,M,74,9470041825,Nermata,Chandur,Nalgonda,2026-06-06,Opportunistic screening,134,91,157,22.1,None,Not diagnosed,
NCDR0003443,NCP0002614,Nirmala Reddy,F,27,9747044243,Velpula,Midjil,Mahabubnagar,2026-03-01,Opportunistic screening,162,93,109,26.6,Hypertension,Uncontrolled,2026-04-30
NCDR0003444,NCP0002615,Deepika Mudiraj,F,46,9454665851,Donur,Midjil,Mahabubnagar,2026-05-08,HWC screening,183,85,159,22.1,Hypertension,Uncontrolled,2026-08-06
NCDR0003445,NCP0002616,Kavitha Narsimha,F,61,9912921766,Bodajanampet,Balanagar,Mahabubnagar,2026-05-02,Community screening,159,87,155,29.9,Hypertension,Controlled,2026-07-01
NCDR0003446,NCP0002617,Kavitha Narsimha,F,52,9739396566,Nakrekal,Nakrekal,Nalgonda,2025-10-04,Community screening,117,93,129,24.1,None,Not diagnosed,
NCDR0003447,NCP0002618,Bhavani Patel,F,61,9763649329,Bangarigadda,Chandur,Nalgonda,2026-01-08,HWC screening,131,73,95,34.3,None,Not diagnosed,
NCDR0003448,NCP0002619,Anitha Mallaiah,F,18,+91-91889-80923,Bangarigadda,Chandur,Nalgonda,2026-01-17,Community screening,171,92,202,27.4,Hypertension+Diabetes,Controlled,2026-04-17
NCDR0003449,NCP0002619,Anitha Mallaiah,F,18,9188980923,Bangarigadda,Chandur,Nalgonda,2026-04-21,HWC screening,150,96,280,32.2,Hypertension+Diabetes,Borderline,2026-05-21
NCDR0003450,NCP0002620,Kavitha Patel,F,43,9826617210,Donur,Midjil,Mahabubnagar,2026-02-11,Community screening,147,89,260,24.3,Diabetes,Uncontrolled,2026-05-12
NCDR0003451,NCP0002621,Divya Krishna,F,57,9935591363,KUMMARIKUNTA,Chandur,Nalgonda,2026-01-18,Community screening,105,85,249,29.0,Diabetes,Uncontrolled,2026-03-19
NCDR0003452,NCP0002622,Kaveetha Rao,F,46,9277052956,Devarakonda,Devarakonda,Nalgonda,2026-01-31,HWC screening,117,68,82,20.8,None,Not diagnosed,
NCDR0003453,NCP0002623,Sushma Yadav,F,38,+91-97619-39946,Marrur,Nakrekal,Nalgonda,2026-03-21,HWC screening,150,73,82,25.9,None,Not diagnosed,
NCDR0003454,NCP0002623,Sushma Yadav,F,42,9761939946,Marrur,Nakrekal,Nalgonda,2026-05-07,Community screening,147,92,106,19.1,None,Not diagnosed,
NCDR0003455,NCP0002624,Shobha Mallaiah,F,33,9681584411,Nermata,Chandur,Nalgonda,2026-01-28,Opportunistic screening,182,113,134,24.8,Hypertension,Borderline,2026-02-27
NCDR0003456,NCP0002625,Anitha Goud,F,44,9120230529,MANGALAPALLY,Nakrekal,Nalgonda,2026-01-16,HWC screening,180,85,128,21.6,Hypertension,Controlled,2026-04-16
NCDR0003457,NCP0002625,Anitha Goud,F,48,9120230529,Mangalapalli,Nakrekal,Nalgonda,2026-04-16,Community screening,188,98,92,26.6,Hypertension,Uncontrolled,2026-07-15
NCDR0003458,NCP0002626,Mohan Krishna,M,46,9505982323,Kondamallepally,Devarakonda,Nalgonda,2025-12-31,HWC screening,182,91,107,25.8,Hypertension,Uncontrolled,2026-03-01
NCDR0003459,NCP0002627,Raju Goud,M,64,9588954602,Kalher,Narayankhed,Sangareddy,2025-10-18,Opportunistic screening,151,95,134,32.6,Hypertension,Borderline,2025-11-17
NCDR0003460,NCP0002628,Mounika Chary,F,58,,Vemula,Midjil,Mahabubnagar,2026-03-10,Community screening,143,93,81,28.9,Hypertension,Uncontrolled,2026-06-08
NCDR0003461,NCP0002629,Mahesh Naik,M,37,+91-95804-78942,Bhanur,Patancheru,Sangareddy,2026-02-22,Community screening,153,104,129,22.3,Hypertension,Uncontrolled,2026-05-23
NCDR0003462,NCP0002630,Swathi Khan,F,70,9412867324,CHANDUR,Chandur,Nalgonda,2025-07-23,HWC screening,168,100,95,22.0,Hypertension,Borderline,2025-10-21
NCDR0003463,NCP0002631,Raghav Laxman,M,44,9793960693,RAJAPUR,Balanagar,Mahabubnagar,2026-05-14,Community screening,130,94,86,29.7,None,Not diagnosed,
NCDR0003464,NCP0002632,Pdma Patel,F,64,9698652214,Kummarikunta,Chandur,Nalgonda,2025-07-29,Community screening,181,103,221,18.7,Hypertension+Diabetes,Uncontrolled,2025-10-27
NCDR0003465,NCP0002633,Swathi Mallaiah,F,40,,Kummarikunta,Chandur,Nalgonda,2025-11-08,Opportunistic screening,141,90,78,19.6,Hypertension,Controlled,2026-02-06
NCDR0003466,NCP0002634,Srilatha Chary,F,72,9116065762,Donur,Midjil,Mahabubnagar,2025-12-26,Opportunistic screening,150,96,114,22.5,None,Not diagnosed,
NCDR0003467,NCP0002634,Srilatha Chary,F,74,9116065762,Donur,Midjil,Mahabubnagar,2026-04-17,HWC screening,114,81,110,22.4,None,Not diagnosed,
NCDR0003468,NCP0002635,Nirmala Yadav,F,48,+91-95685-22262,Zaheerabad,Zaheerabad,Sangareddy,2025-12-23,Opportunistic screening,182,88,211,22.7,Hypertension+Diabetes,Borderline,2026-02-21
NCDR0003469,NCP0002636,Padma Jangam,F,55,9037946562,Vemula,Midjil,Mahabubnagar,2025-10-02,Opportunistic screening,176,94,138,28.4,Hypertension,Borderline,2025-11-01
NCDR0003470,NCP0002636,Padma Jangam,F,53,9037946562,Vemula,Midjil,Mahabubnagar,2026-01-11,Opportunistic screening,185,110,125,22.2,Hypertension,Borderline,2026-04-11
NCDR0003471,NCP0002637,Raghaw Basha,M,38,9161628296,Nomula,Nakrekal,Nalgonda,2025-07-28,Community screening,128,86,186,20.9,Diabetes,Uncontrolled,2025-08-27
NCDR0003472,NCP0002638,Raju Reddy,M,34,,Peddadinn,Devarakonda,Nalgonda,2025-07-26,Community screening,152,111,167,22.1,Hypertension+Diabetes,Controlled,2025-08-25
NCDR0003473,NCP0002638,Raju Reddy,M,35,9637420360,Peddadinne,Devarakonda,Nalgonda,2025-09-11,Community screening,164,105,242,29.5,Hypertension+Diabetes,Uncontrolled,2025-12-10
NCDR0003474,NCP0002639,Anitha Rao,F,41,9446652166,Jharasangam,Zaheerabad,Sangareddy,2026-03-07,Community screening,117,96,173,23.0,Diabetes,Borderline,2026-05-06
NCDR0003475,NCP0002640,Mohan Patel,M,26,9730539899,Mangalapally,Nakrekal,Nalgonda,2026-02-20,HWC screening,142,70,217,33.9,Diabetes,Uncontrolled,2026-05-21
NCDR0003476,NCP0002641,Anitha Chary,F,52,9987816630,Narayankhed,Narayankhed,Sangareddy,2025-09-03,Community screening,164,109,154,26.6,Hypertension,Uncontrolled,2025-12-02
NCDR0003477,NCP0002641,Anitha Chary,F,52,9987816630,Narayankhe,Narayankhed,Sangareddy,2025-11-28,HWC screening,154,116,97,20.6,Hypertension,Controlled,2025-12-28
NCDR0003478,NCP0002642,Shobha Yadav,F,18,9994667961,Nomula,Nakrekal,Nalgonda,2025-12-19,HWC screening,131,91,273,31.0,Diabetes,Uncontrolled,2026-01-18
NCDR0003479,NCP0002643,Divya Narsimha,F,55,9577474230,Balanagar,Balanagar,Mahabubnagar,2025-12-21,Community screening,170,88,86,32.7,Hypertension,Controlled,2026-02-19
NCDR0003480,NCP0002643,Divya Narsimha,F,55,9577474230,Balanagar,Balanagar,Mahabubnagar,2026-02-11,HWC screening,176,108,148,22.9,Hypertension,Controlled,2026-04-12
NCDR0003481,NCP0002644,Swathi Jangam,F,41,9801667653,Nomula,Nakrekal,Nalgonda,2025-09-24,Opportunistic screening,173,110,156,30.0,Hypertension+Diabetes,Borderline,2025-12-23
NCDR0003482,NCP0002644,Swathi Jangam,F,41,9801667653,Nomula,Nakrekal,Nalgonda,2025-12-02,Opportunistic screening,158,97,286,32.8,Hypertension+Diabetes,Borderline,2026-03-02
NCDR0003483,NCP0002645,Naresh Goud,M,21,9623818021,Chandur,Chandur,Nalgonda,2025-08-17,Opportunistic screening,106,94,132,19.2,None,Not diagnosed,
NCDR0003484,NCP0002646,Nirmala Khan,F,47,9243432663,MOGUDAMPALLY,Zaheerabad,Sangareddy,2026-06-04,HWC screening,161,103,120,33.3,Hypertension,Uncontrolled,2026-07-04
NCDR0003485,NCP0002647,Bhavani Narsimha,F,50,9810179624,Kondamallepally,Devarakonda,Nalgonda,2026-01-25,Community screening,182,96,160,33.0,Hypertension,Uncontrolled,2026-02-24
NCDR0003486,NCP0002647,Bhawani Narsimha,F,49,9810179624,KONDAMALLEPALLY,Devarakonda,Nalgonda,2026-04-24,Opportunistic screening,188,85,130,18.6,Hypertension,Uncontrolled,2026-05-24
NCDR0003487,NCP0002648,Shankar Jangam,M,45,9767709812,Ameenpur,Patancheru,Sangareddy,2026-03-13,Community screening,110,76,277,28.8,Diabetes,Uncontrolled,2026-05-12
NCDR0003488,NCP0002648,Shankar Jangam,M,45,9767709812,Ameenpur,Patancheru,Sangareddy,2026-06-18,HWC screening,144,96,205,23.2,Diabetes,Uncontrolled,2026-09-16
NCDR0003489,NCP0002649,Divya Rao,F,30,9746645280,Marrur,Nakrekal,Nalgonda,2025-09-30,Community screening,134,79,195,33.1,Diabetes,Uncontrolled,2025-11-29
NCDR0003490,NCP0002650,Mahes Mudiraj,M,48,,Ameenpur,Patancheru,Sangareddy,2025-11-26,Community screening,158,114,113,34.5,Hypertension,Borderline,2026-01-25
NCDR0003491,NCP0002651,Sushma Naik,F,18,9680353714,Kalher,Narayankhed,Sangareddy,2025-07-31,Community screening,190,100,275,22.9,Hypertension+Diabetes,Borderline,2025-08-30
NCDR0003492,NCP0002652,Mahesh Laxman,M,50,9057701083,Mangalapally,Nakrekal,Nalgonda,2025-10-27,HWC screening,161,84,92,30.3,Hypertension,Controlled,2026-01-25
NCDR0003493,NCP0002653,Sushma Kumar,F,34,9420598098,Gangapur,Jadcherla,Mahabubnagar,2026-04-27,Opportunistic screening,152,100,164,20.1,Hypertension,Uncontrolled,2026-06-26
NCDR0003494,NCP0002654,Saritha Yadav,F,70,9224302545,Polepally,Jadcherla,Mahabubnagar,2025-07-29,Community screening,150,100,102,33.8,Hypertension,Controlled,2025-08-28
NCDR0003495,NCP0002654,Saritha Yadav,F,70,9224304545,Polepally,Jadcherla,Mahabubnagar,2025-11-06,Opportunistic screening,168,116,90,22.0,Hypertension,Controlled,2026-02-04
NCDR0003496,NCP0002655,Naveen Kumar,M,33,9412244258,Jharasangam,Zaheerabad,Sangareddy,2026-02-18,Community screening,140,74,153,32.2,Diabetes,Controlled,2026-05-19
NCDR0003497,NCP0002655,Naveen Kumar,M,31,9412244258,Jharasangam,Zaheerabad,Sangareddy,2026-05-28,HWC screening,123,89,210,22.4,Diabetes,Borderline,2026-07-27
NCDR0003498,NCP0002656,Lalitha Goud,F,65,,Kangti,Narayankhed,Sangareddy,2026-01-16,Opportunistic screening,118,88,84,30.4,None,Not diagnosed,
NCDR0003499,NCP0002657,Praveen Reddy,M,67,+91-92402-58292,Narayankhed,Narayankhed,Sangareddy,2026-02-15,Community screening,119,69,152,30.6,Diabetes,Controlled,2026-05-16
NCDR0003500,NCP0002658,Sai Khan,M,69,9084644702,Jharasangam,Zaheerabad,Sangareddy,2025-07-10,HWC screening,180,87,301,28.1,Hypertension+Diabetes,Controlled,2025-09-08
NCDR0003501,NCP0002658,Sai Khan,M,67,+91-90846-44702,Jharasangam,Zaheerabad,Sangareddy,2025-09-30,Community screening,146,115,326,21.5,Hypertension+Diabetes,Borderline,2025-11-29
NCDR0003502,NCP0002659,Naresh Begum,M,55,9311155544,Kalher,Narayankhed,Sangareddy,2025-08-26,Community screening,153,106,187,18.8,Hypertension+Diabetes,Controlled,2025-11-24
NCDR0003503,NCP0002659,Naresh Begum,M,55,9311155544,Kalher,Narayankhed,Sangareddy,2025-11-03,HWC screening,139,108,330,30.8,Hypertension+Diabetes,Uncontrolled,2026-01-02
NCDR0003504,NCP0002659,Naresh Begum,M,55,9311155544,Kalher,Narayankhed,Sangareddy,2026-01-31,Opportunistic screening,140,99,318,32.0,Hypertension+Diabetes,Uncontrolled,2026-05-01
NCDR0003505,NCP0002660,Srinivas Mudiraj,M,53,9644412412,Nakrekal,Nakrekal,Nalgonda,2025-10-01,HWC screening,144,83,196,32.5,Diabetes,Uncontrolled,2025-11-30
NCDR0003506,NCP0002661,Praveen Laxman,M,51,9633419399,Mangalapally,Nakrekal,Nalgonda,2025-07-03,Opportunistic screening,142,69,170,27.7,Diabetes,Borderline,2025-08-02
NCDR0003507,NCP0002662,Praveen Kumar,M,38,9810519842,Velpula,Midjil,Mahabubnagar,2025-11-14,Opportunistic screening,163,90,158,19.5,Hypertension,Borderline,2026-01-13
NCDR0003508,NCP0002663,Naresh Yadav,M,36,9978107856,Narayankhed,Narayankhed,Sangareddy,2025-11-07,Community screening,135,86,130,32.2,None,Not diagnosed,
NCDR0003509,NCP0002664,Vinod Shekar,M,54,9024564479,Patancheru,Patancheru,Sangareddy,2025-12-23,HWC screening,172,110,124,32.0,Hypertension,Controlled,2026-01-22
NCDR0003510,NCP0002664,Veenod Shekar,M,54,9024564479,Patancher,Patancheru,Sangareddy,2026-03-29,Community screening,176,108,159,32.6,Hypertension,Controlled,2026-06-27
NCDR0003511,NCP0002665,Kavitha Kumar,F,74,+91-94252-84706,Bhanur,Patancheru,Sangareddy,2025-09-22,Community screening,181,87,141,18.9,Hypertension,Uncontrolled,2025-10-22
NCDR0003512,NCP0002666,Renuka Kumar,F,66,9183649967,Nomula,Nakrekal,Nalgonda,2026-04-28,Community screening,181,110,273,30.9,Hypertension+Diabetes,Uncontrolled,2026-06-27
NCDR0003513,NCP0002667,Arun Reddy,M,48,9143840080,Kondamallepally,Devarakonda,Nalgonda,2026-05-16,HWC screening,131,78,190,26.6,Diabetes,Borderline,2026-08-14
NCDR0003514,NCP0002668,Rajesh Devi,M,50,9187159000,Macharam,Jadcherla,Mahabubnagar,2025-12-13,Community screening,189,89,107,23.7,Hypertension,Borderline,2026-02-11
NCDR0003515,NCP0002669,Deepika Rao,F,18,9320512227,Narayankhed,Narayankhed,Sangareddy,2025-10-28,HWC screening,134,78,190,25.5,Diabetes,Borderline,2025-12-27
NCDR0003516,NCP0002670,Srilatha Devi,F,55,9201999570,Midjil,Midjil,Mahabubnagar,2025-12-12,Community screening,142,75,175,31.1,Diabetes,Borderline,2026-03-12
NCDR0003517,NCP0002671,Ravi Patel,M,46,9460915346,Bhanur,Patancheru,Sangareddy,2025-07-23,Opportunistic screening,170,98,197,32.2,Hypertension+Diabetes,Borderline,2025-08-22
NCDR0003518,NCP0002672,Laleetha Rao,F,26,9477762659,Ameenpur,Patancheru,Sangareddy,2025-07-08,Community screening,112,68,208,30.3,Diabetes,Controlled,2025-08-07
NCDR0003519,NCP0002673,Praveen Rao,M,72,9340501849,Midjil,Midjil,Mahabubnagar,2025-12-31,Community screening,157,96,136,19.0,Hypertension,Uncontrolled,2026-03-01
NCDR0003520,NCP0002674,Renuka Laxman,F,52,9368298459,Patancheru,Patancheru,Sangareddy,2025-07-24,HWC screening,166,113,130,28.3,Hypertension,Borderline,2025-10-22
NCDR0003521,NCP0002674,Renuka Laxman,F,52,9368298459,PATANCHERU,Patancheru,Sangareddy,2025-09-18,HWC screening,186,91,80,22.7,Hypertension,Controlled,2025-11-17
NCDR0003522,NCP0002675,Saritha Khan,F,66,9200260106,Zaheerabad,Zaheerabad,Sangareddy,2026-04-21,Opportunistic screening,144,82,105,27.9,None,Not diagnosed,
NCDR0003523,NCP0002675,Sareetha Khan,F,64,9200260106,Zaheerabad,Zaheerabad,Sangareddy,2026-07-20,HWC screening,135,69,147,30.8,None,Not diagnosed,
NCDR0003524,NCP0002676,Bhavani Begum,F,73,9197010349,Manoor,Narayankhed,Sangareddy,2025-12-12,HWC screening,187,111,93,27.1,Hypertension,Borderline,2026-01-11
NCDR0003525,NCP0002677,Srilatha Khan,F,62,9671036697,Bodajanampet,Balanagar,Mahabubnagar,2025-11-18,Opportunistic screening,184,98,237,33.2,Hypertension+Diabetes,Controlled,2025-12-18
NCDR0003526,NCP0002678,Mounik Mallaiah,F,80,9808431084,Vemula,Midjil,Mahabubnagar,2026-01-25,Opportunistic screening,190,109,276,27.8,Hypertension+Diabetes,Uncontrolled,2026-04-25
NCDR0003527,NCP0002679,Sarita Patel,F,64,9542096225,BALANAGAR,Balanagar,Mahabubnagar,2025-12-20,Community screening,156,109,278,26.6,Hypertension+Diabetes,Controlled,2026-01-19
NCDR0003528,NCP0002680,Jyothee Begum,F,50,9179147783,Jharasangam,Zaheerabad,Sangareddy,2026-01-01,HWC screening,183,106,100,22.7,Hypertension,Controlled,2026-01-31
NCDR0003529,NCP0002680,Jyothi Begum,F,50,,Jharasangam,Zaheerabad,Sangareddy,2026-03-22,HWC screening,190,94,133,32.7,Hypertension,Uncontrolled,2026-04-21
NCDR0003530,NCP0002681,Kavitha Kumar,F,22,9538926036,Mangalapally,Nakrekal,Nalgonda,2025-09-12,HWC screening,114,94,164,31.5,None,Not diagnosed,
NCDR0003531,NCP0002681,Kawitha Kumar,F,22,9538926036,Mangalapally,Nakrekal,Nalgonda,2025-12-18,HWC screening,150,83,156,23.7,None,Not diagnosed,
NCDR0003532,NCP0002682,Raghav Patel,M,44,9861596360,Badepally,Jadcherla,Mahabubnagar,2026-02-07,Community screening,144,97,315,28.3,Hypertension+Diabetes,Borderline,2026-05-08
NCDR0003533,NCP0002682,Raghav Patel,M,44,+91-98315-96360,Badepally,Jadcherla,Mahabubnagar,2026-03-26,Community screening,143,96,173,18.7,Hypertension+Diabetes,Borderline,2026-06-24
NCDR0003534,NCP0002683,Santosh Narsimha,M,61,9715815042,Gundlapalli,Devarakonda,Nalgonda,2026-01-29,Community screening,186,85,190,21.6,Hypertension+Diabetes,Controlled,2026-04-29
NCDR0003535,NCP0002684,Lalitha Yadav,F,47,9160388994,Ameenpur,Patancheru,Sangareddy,2026-06-06,Community screening,144,97,159,22.1,Hypertension+Diabetes,Borderline,2026-07-06
NCDR0003536,NCP0002685,Deepika Kumar,F,47,9495939789,Gundlapall,Devarakonda,Nalgonda,2025-08-02,HWC screening,186,107,111,30.0,Hypertension,Borderline,2025-10-01
NCDR0003537,NCP0002685,Deepika Kumar,F,47,+91-94959-39789,Gundlapally,Devarakonda,Nalgonda,2025-11-24,Opportunistic screening,175,85,128,19.4,Hypertension,Uncontrolled,2026-01-23
NCDR0003538,NCP0002685,Deepika Kumar,F,45,9495939789,Gundlapalli,Devarakonda,Nalgonda,2026-01-09,Opportunistic screening,168,92,134,22.5,Hypertension,Controlled,2026-04-09
NCDR0003539,NCP0002686,Nirmala Mallaiah,F,30,9053015198,Vemula,Midjil,Mahabubnagar,2025-10-15,HWC screening,187,111,108,24.3,Hypertension,Borderline,2025-11-14
NCDR0003540,NCP0002687,Anil Rao,M,57,9035170499,Nomula,Nakrekal,Nalgonda,2025-10-11,Opportunistic screening,142,73,177,30.6,Diabetes,Borderline,2026-01-09
NCDR0003541,NCP0002687,Anil Rao,M,58,9035170499,Nomula,Nakrekal,Nalgonda,2026-01-20,HWC screening,147,96,160,28.6,Diabetes,Uncontrolled,2026-04-20
NCDR0003542,NCP0002688,Lalitha Mallaiah,F,67,9870203693,Kohir,Zaheerabad,Sangareddy,2025-12-19,HWC screening,160,103,115,19.0,Hypertension,Borderline,2026-02-17
NCDR0003543,NCP0002688,Lalitha Mallaiah,F,66,9870203693,Kohir,Zaheerabad,Sangareddy,2026-03-15,Opportunistic screening,139,92,101,22.3,Hypertension,Controlled,2026-05-14
NCDR0003544,NCP0002689,Anitha Begum,F,18,,Ameenpur,Patancheru,Sangareddy,2025-11-17,Community screening,105,78,94,19.1,None,Not diagnosed,
NCDR0003545,NCP0002690,Mohan Yadav,M,59,9156002657,Nomula,Nakrekal,Nalgonda,2025-11-04,Community screening,149,88,114,27.7,Hypertension,Controlled,2025-12-04
NCDR0003546,NCP0002691,Srinivas Laxman,M,70,9425370753,Rajapur,Balanagar,Mahabubnagar,2025-08-01,Community screening,178,110,99,28.8,Hypertension,Uncontrolled,2025-10-30
NCDR0003547,NCP0002691,Srinivas Laxman,M,71,9425370753,Rajapur,Balanagar,Mahabubnagar,2025-11-05,Opportunistic screening,185,93,141,23.5,Hypertension,Borderline,2026-01-04
NCDR0003548,NCP0002691,Srinivas Laxman,M,73,9425370753,Rajapur,Balanagar,Mahabubnagar,2026-02-01,Opportunistic screening,188,107,102,21.4,Hypertension,Uncontrolled,2026-04-02
NCDR0003549,NCP0002692,Rani Basha,F,50,9602342833,Indresham,Patancheru,Sangareddy,2025-12-17,Opportunistic screening,117,82,143,19.7,None,Not diagnosed,
NCDR0003550,NCP0002693,Dipika Narsimha,F,46,+91-96258-82292,GUNDLAPALLY,Devarakonda,Nalgonda,2026-01-20,HWC screening,137,92,164,18.7,Diabetes,Uncontrolled,2026-02-19
NCDR0003551,NCP0002694,Ravi Mudiraj,M,53,9767316429,Indresham,Patancheru,Sangareddy,2025-12-12,HWC screening,166,88,132,31.7,Hypertension,Borderline,2026-02-10
NCDR0003552,NCP0002695,Naresh Patel,M,66,9471075291,Macharam,Jadcherla,Mahabubnagar,2025-10-18,Community screening,170,85,155,29.9,Hypertension,Controlled,2026-01-16
NCDR0003553,NCP0002696,Mahesh Goud,M,39,9030477639,Badepally,Jadcherla,Mahabubnagar,2026-04-05,Opportunistic screening,139,78,91,28.8,None,Not diagnosed,
NCDR0003554,NCP0002697,Suresh Mudiraj,M,63,9297608997,Patancheru,Patancheru,Sangareddy,2026-05-17,HWC screening,183,103,148,23.0,Hypertension,Borderline,2026-08-15
NCDR0003555,NCP0002697,Suresh Mudiraj,M,62,9297608997,PATANCHERU,Patancheru,Sangareddy,2026-08-14,Community screening,142,109,128,23.9,Hypertension,Controlled,2026-11-12
NCDR0003556,NCP0002698,Srinivas Jangam,M,60,9451854182,Balanagar,Balanagar,Mahabubnagar,2025-09-19,Opportunistic screening,143,81,202,27.3,Diabetes,Uncontrolled,2025-12-18
NCDR0003557,NCP0002698,Srinivas Jangam,M,58,9451854182,Balanagar,Balanagar,Mahabubnagar,2025-11-23,Community screening,130,74,260,22.9,Diabetes,Uncontrolled,2025-12-23
NCDR0003558,NCP0002699,Nirmala Rao,F,70,9005269850,Marrur,Nakrekal,Nalgonda,2026-04-25,Opportunistic screening,125,91,290,19.5,Diabetes,Controlled,2026-06-24
NCDR0003559,NCP0002700,Anjali Patel,F,64,,Kummarikunta,Chandur,Nalgonda,2025-09-30,HWC screening,116,76,116,30.3,None,Not diagnosed,
NCDR0003560,NCP0002700,Anjali Patel,F,62,9759916595,Kummarikunta,Chandur,Nalgonda,2026-01-01,Community screening,116,81,124,20.7,None,Not diagnosed,
NCDR0003561,NCP0002701,Suresh Laxman,M,49,9373078255,Kalher,Narayankhed,Sangareddy,2026-04-05,HWC screening,174,96,201,21.9,Hypertension+Diabetes,Borderline,2026-06-04
NCDR0003562,NCP0002702,Anjali Narsimha,F,51,9939703026,Polepally,Jadcherla,Mahabubnagar,2025-09-02,HWC screening,130,89,149,30.8,None,Not diagnosed,
NCDR0003563,NCP0002702,Anjali Narsimha,F,52,9939703026,Polepally,Jadcherla,Mahabubnagar,2025-12-31,Opportunistic screening,115,85,135,20.6,None,Not diagnosed,
NCDR0003564,NCP0002703,Lalitha Chary,F,59,9489331469,Midjil,Midjil,Mahabubnagar,2026-04-08,Community screening,154,103,116,22.2,Hypertension,Controlled,2026-07-07
NCDR0003565,NCP0002704,Lakshmee Yadav,F,18,9720906721,Mogudampally,Zaheerabad,Sangareddy,2026-02-13,HWC screening,161,115,92,25.3,Hypertension,Controlled,2026-04-14
NCDR0003566,NCP0002705,Raju Jangam,M,59,9416285830,Devarakonda,Devarakonda,Nalgonda,2025-08-26,Opportunistic screening,161,92,94,24.5,Hypertension,Controlled,2025-11-24
NCDR0003567,NCP0002706,Jyothi Krishna,F,59,9434679655,Badepally,Jadcherla,Mahabubnagar,2025-09-27,Community screening,123,82,287,34.0,Diabetes,Borderline,2025-10-27
NCDR0003568,NCP0002707,Vinod Kumar,M,55,9368943860,Peddadinne,Devarakonda,Nalgonda,2026-04-25,HWC screening,134,73,146,25.9,None,Not diagnosed,
NCDR0003569,NCP0002708,Srinivas Reddy,M,68,9377631998,BHANUR,Patancheru,Sangareddy,2026-01-20,Opportunistic screening,152,106,117,27.7,Hypertension,Uncontrolled,2026-02-19
NCDR0003570,NCP0002709,Rajesh Krishna,M,52,+91-98832-77784,Devarakonda,Devarakonda,Nalgonda,2025-09-15,Opportunistic screening,147,110,150,21.6,Hypertension,Borderline,2025-10-15
NCDR0003571,NCP0002710,Kiran Narsimha,M,27,+91-90792-65036,Polepally,Jadcherla,Mahabubnagar,2025-08-03,HWC screening,160,88,297,20.9,Hypertension+Diabetes,Controlled,2025-09-02
NCDR0003572,NCP0002711,Rajesh Shekar,M,47,,Kallepally,Balanagar,Mahabubnagar,2025-08-31,Community screening,120,85,217,32.2,Diabetes,Borderline,2025-10-30
NCDR0003573,NCP0002712,Mounika Begum,F,54,9568671156,Nomula,Nakrekal,Nalgonda,2026-02-21,Opportunistic screening,140,109,294,25.1,Hypertension+Diabetes,Borderline,2026-03-23
NCDR0003574,NCP0002713,Shankar Khan,M,74,9658561813,Nakrekal,Nakrekal,Nalgonda,2025-12-15,Community screening,145,72,217,21.8,Diabetes,Borderline,2026-03-15
NCDR0003575,NCP0002714,Kiran Laxman,M,41,9849681478,Velpula,Midjil,Mahabubnagar,2025-12-29,Community screening,148,113,329,33.1,Hypertension+Diabetes,Uncontrolled,2026-02-27
NCDR0003576,NCP0002715,Srinivas Goud,M,39,,GANGAPUR,Jadcherla,Mahabubnagar,2025-11-10,Opportunistic screening,188,110,115,33.3,Hypertension,Controlled,2026-01-09
NCDR0003577,NCP0002716,Kavitha Yadav,F,41,,Marrur,Nakrekal,Nalgonda,2025-11-04,HWC screening,139,96,140,33.8,Hypertension,Uncontrolled,2025-12-04
NCDR0003578,NCP0002716,Kavitha Yadav,F,43,9592106016,Marru,Nakrekal,Nalgonda,2026-01-07,Opportunistic screening,182,114,162,24.8,Hypertension,Uncontrolled,2026-03-08
NCDR0003579,NCP0002717,Shobha Naik,F,40,+91-99547-97977,Vemula,Midjil,Mahabubnagar,2025-10-28,Opportunistic screening,162,116,114,22.0,Hypertension,Borderline,2025-12-27
NCDR0003580,NCP0002718,Renuka Das,F,35,+91-91987-08813,Donur,Midjil,Mahabubnagar,2025-10-12,HWC screening,149,85,220,33.4,Diabetes,Controlled,2025-11-11
NCDR0003581,NCP0002719,Anjali Basha,F,46,9402144775,Ameenpur,Patancheru,Sangareddy,2025-08-15,Opportunistic screening,118,76,199,23.3,Diabetes,Uncontrolled,2025-10-14
NCDR0003582,NCP0002719,Anjali Basha,F,47,9402144775,Ameenpur,Patancheru,Sangareddy,2025-12-03,Opportunistic screening,145,79,277,25.6,Diabetes,Controlled,2026-03-03
NCDR0003583,NCP0002719,Anjali Basha,F,47,9402144775,Ameenpur,Patancheru,Sangareddy,2026-03-25,Community screening,138,93,322,31.1,Diabetes,Uncontrolled,2026-06-23
NCDR0003584,NCP0002720,Sreenivas Begum,M,51,9070860472,Velpula,Midjil,Mahabubnagar,2026-01-04,HWC screening,106,84,187,21.6,Diabetes,Borderline,2026-03-05
NCDR0003585,NCP0002721,Padma Khan,F,33,9731081403,MIDJIL,Midjil,Mahabubnagar,2025-08-16,Community screening,164,90,163,21.5,Hypertension,Uncontrolled,2025-09-15
NCDR0003586,NCP0002722,Harika Mudiraj,F,51,+91-92701-43647,Nomula,Nakrekal,Nalgonda,2026-03-22,Community screening,181,104,144,20.4,Hypertension,Controlled,2026-05-21
NCDR0003587,NCP0002723,Kavitha Devi,F,46,9378049107,Nermata,Chandur,Nalgonda,2025-07-09,HWC screening,181,98,156,20.4,Hypertension+Diabetes,Uncontrolled,2025-10-07
NCDR0003588,NCP0002724,Sai Narsimha,M,36,9780542365,Patancheru,Patancheru,Sangareddy,2026-01-30,Community screening,170,103,157,25.6,Hypertension,Borderline,2026-04-30
NCDR0003589,NCP0002725,Lalitha Goud,F,25,9839435722,Narayankhed,Narayankhed,Sangareddy,2025-12-11,Opportunistic screening,106,76,225,21.8,Diabetes,Uncontrolled,2026-01-10
NCDR0003590,NCP0002726,Anjali Shekar,F,44,9907747139,Mogudampally,Zaheerabad,Sangareddy,2025-12-10,Opportunistic screening,122,95,109,32.0,None,Not diagnosed,
NCDR0003591,NCP0002726,Anjali Shekar,F,42,9907747139,Mogudampally,Zaheerabad,Sangareddy,2026-01-25,Community screening,106,75,89,18.7,None,Not diagnosed,
NCDR0003592,NCP0002727,Divya,F,41,9225080088,Bangarigadda,Chandur,Nalgonda,2026-05-11,HWC screening,173,103,147,22.1,Hypertension,Uncontrolled,2026-07-10
NCDR0003593,NCP0002728,Naresh Kumar,M,30,9195809907,Chandur,Chandur,Nalgonda,2025-08-27,Community screening,132,74,100,25.3,None,Not diagnosed,
NCDR0003594,NCP0002728,Naresh Kumar,M,31,9195809907,Chandur,Chandur,Nalgonda,2025-10-17,HWC screening,105,81,121,30.9,None,Not diagnosed,
NCDR0003595,NCP0002728,Naresh Kumar,M,28,9195809907,CHANDUR,Chandur,Nalgonda,2026-03-15,Community screening,142,87,100,27.6,None,Not diagnosed,
NCDR0003596,NCP0002729,Mahesh Devi,M,52,9870167210,Nermata,Chandur,Nalgonda,2026-02-28,Opportunistic screening,149,105,202,27.8,Hypertension+Diabetes,Uncontrolled,2026-03-30
NCDR0003597,NCP0002729,Mahesh,M,51,9870167210,Nermata,Chandur,Nalgonda,2026-06-12,Community screening,160,116,234,20.0,Hypertension+Diabetes,Borderline,2026-07-12
NCDR0003598,NCP0002730,Renuka Shekar,F,32,9993845530,Patancheru,Patancheru,Sangareddy,2025-11-12,Community screening,145,97,158,30.5,Hypertension+Diabetes,Borderline,2025-12-12
NCDR0003599,NCP0002731,Anil Laxman,M,42,9831553747,PATANCHERU,Patancheru,Sangareddy,2026-03-01,Community screening,140,87,150,20.5,None,Not diagnosed,
NCDR0003600,NCP0002732,Swathi,F,39,9222059927,Polepally,Jadcherla,Mahabubnagar,2026-05-13,Opportunistic screening,179,98,162,24.7,Hypertension,Controlled,2026-07-12
NCDR0003601,NCP0002733,Kavitha Laxman,F,58,9596593625,Gundlapally,Devarakonda,Nalgonda,2025-11-20,Opportunistic screening,149,88,78,26.1,None,Not diagnosed,
NCDR0003602,NCP0002734,Harika Kumar,F,61,9838819580,Mangalapally,Nakrekal,Nalgonda,2026-01-22,HWC screening,186,91,165,33.6,Hypertension+Diabetes,Controlled,2026-04-22
NCDR0003603,NCP0002735,Harika Laxman,F,32,9755297921,Zaheerabad,Zaheerabad,Sangareddy,2025-12-14,Community screening,155,87,254,34.5,Hypertension+Diabetes,Uncontrolled,2026-01-13
NCDR0003604,NCP0002736,Raju Das,M,38,9906936805,Gundlapally,Devarakonda,Nalgonda,2025-07-07,Opportunistic screening,116,73,207,24.4,Diabetes,Borderline,2025-08-06
NCDR0003605,NCP0002736,Raju Das,M,37,9906936805,Gundlapally,Devarakonda,Nalgonda,2025-09-23,Opportunistic screening,116,94,312,31.7,Diabetes,Borderline,2025-10-23
NCDR0003606,NCP0002737,Sai Reddy,M,63,9350651486,Velpula,Midjil,Mahabubnagar,2026-05-20,HWC screening,151,102,164,26.8,Hypertension,Controlled,2026-08-18
NCDR0003607,NCP0002738,Shobha Krishna,F,53,9228173877,Velpula,Midjil,Mahabubnagar,2025-11-12,Community screening,145,89,91,27.3,Hypertension,Uncontrolled,2025-12-12
NCDR0003608,NCP0002738,Shobha Krishna,F,51,9228173877,Velpula,Midjil,Mahabubnagar,2026-01-19,Community screening,165,107,155,19.9,Hypertension,Borderline,2026-02-18
NCDR0003609,NCP0002739,Arun Reddy,M,36,9683665001,RAJAPUR,Balanagar,Mahabubnagar,2026-05-13,Opportunistic screening,113,70,277,24.3,Diabetes,Controlled,2026-06-12
NCDR0003610,NCP0002739,Arun Reddy,M,33,9683665001,Rajapur,Balanagar,Mahabubnagar,2026-08-01,HWC screening,126,88,255,30.9,Diabetes,Controlled,2026-09-30
NCDR0003611,NCP0002740,Rajesh Patel,M,52,9200023209,Polepally,Jadcherla,Mahabubnagar,2025-10-04,Opportunistic screening,182,101,281,21.1,Hypertension+Diabetes,Controlled,2026-01-02
NCDR0003612,NCP0002741,Renuka Krishna,F,48,9605447729,Midjil,Midjil,Mahabubnagar,2026-03-24,Community screening,125,79,229,21.3,Diabetes,Controlled,2026-05-23
NCDR0003613,NCP0002742,Padma Das,F,55,+91-90463-87130,Jharasangam,Zaheerabad,Sangareddy,2025-11-11,HWC screening,117,92,93,26.1,None,Not diagnosed,
NCDR0003614,NCP0002743,Sai Laxman,M,65,9861823978,Nomula,Nakrekal,Nalgonda,2026-05-17,Community screening,133,69,277,19.3,Diabetes,Uncontrolled,2026-08-15
NCDR0003615,NCP0002744,Anjali Laxman,F,31,9666779986,Ameenpur,Patancheru,Sangareddy,2025-10-13,HWC screening,142,115,138,24.7,Hypertension,Borderline,2026-01-11
NCDR0003616,NCP0002745,Kiran Basha,M,65,9195431187,Kondamallepalli,Devarakonda,Nalgonda,2025-07-02,HWC screening,143,115,113,31.1,Hypertension,Borderline,2025-08-01
NCDR0003617,NCP0002746,Rajesh Basha,M,64,+91-95438-95478,DONUR,Midjil,Mahabubnagar,2025-11-20,HWC screening,189,116,125,31.4,Hypertension,Uncontrolled,2026-02-18
NCDR0003618,NCP0002747,Saritha Patel,F,66,9677970570,NARAYANKHED,Narayankhed,Sangareddy,2025-11-19,Opportunistic screening,138,96,162,22.7,None,Not diagnosed,
NCDR0003619,NCP0002747,Saritha Patel,F,66,9677970570,Narayankhed,Narayankhed,Sangareddy,2026-03-15,Community screening,110,72,98,19.7,None,Not diagnosed,
NCDR0003620,NCP0002748,Naresh Das,M,34,9263636709,Gangapur,Jadcherla,Mahabubnagar,2025-11-26,Community screening,172,110,161,24.4,Hypertension,Uncontrolled,2026-02-24
NCDR0003621,NCP0002748,Naresh Das,M,36,9263136709,Gangapur,Jadcherla,Mahabubnagar,2026-02-23,Community screening,150,103,82,19.6,Hypertension,Uncontrolled,2026-04-24
NCDR0003622,NCP0002749,Venkatesh Das,M,46,,Mangalapally,Nakrekal,Nalgonda,2025-09-13,Community screening,175,85,255,25.2,Hypertension+Diabetes,Borderline,2025-11-12
NCDR0003623,NCP0002750,Mounika Devi,F,33,9148432990,Nermata,Chandur,Nalgonda,2026-05-22,Community screening,142,91,145,20.2,Hypertension,Uncontrolled,2026-06-21
NCDR0003624,NCP0002751,Anil Shekar,M,52,9911884048,Bodajanampet,Balanagar,Mahabubnagar,2025-09-11,HWC screening,162,97,141,22.1,Hypertension,Controlled,2025-11-10
NCDR0003625,NCP0002752,Santosh Goud,M,48,9754202966,Nakrekal,Nakrekal,Nalgonda,2026-05-07,Community screening,185,102,78,20.0,Hypertension,Uncontrolled,2026-07-06
NCDR0003626,NCP0002753,Swathi Reddy,F,61,,Donur,Midjil,Mahabubnagar,2026-03-02,HWC screening,184,112,157,28.6,Hypertension,Controlled,2026-05-31
NCDR0003627,NCP0002753,Swati Reddy,F,61,9093792131,Donur,Midjil,Mahabubnagar,2026-06-12,Opportunistic screening,148,88,122,33.3,Hypertension,Uncontrolled,2026-07-12
NCDR0003628,NCP0002754,Renuka Goud,F,33,+91-91727-91058,Rajapur,Balanagar,Mahabubnagar,2026-02-02,Opportunistic screening,112,94,312,18.5,Diabetes,Borderline,2026-03-04
NCDR0003629,NCP0002754,Renuka Goud,F,35,+91-91727-91058,Rajapur,Balanagar,Mahabubnagar,2026-05-21,Community screening,110,78,269,30.4,Diabetes,Borderline,2026-06-20
NCDR0003630,NCP0002755,Mahesh Jangam,M,34,9111777801,Kummarikunta,Chandur,Nalgonda,2025-10-27,Community screening,186,90,318,33.7,Hypertension+Diabetes,Controlled,2026-01-25
NCDR0003631,NCP0002755,Mahes Jangam,M,36,9111777801,Kummarikunta,Chandur,Nalgonda,2026-02-06,Community screening,154,113,219,20.9,Hypertension+Diabetes,Uncontrolled,2026-04-07
NCDR0003632,NCP0002756,Mounika Narsimha,F,34,9091484914,Kalher,Narayankhed,Sangareddy,2025-11-06,HWC screening,174,94,295,24.1,Hypertension+Diabetes,Controlled,2026-02-04
NCDR0003633,NCP0002757,Anitha Mudiraj,F,81,9910915253,Devarakonda,Devarakonda,Nalgonda,2026-02-15,Community screening,122,79,222,28.5,Diabetes,Controlled,2026-04-16
NCDR0003634,NCP0002757,Anitha Mudiraj,F,81,9910915253,Devarakonda,Devarakonda,Nalgonda,2026-06-01,Community screening,127,76,237,25.2,Diabetes,Borderline,2026-08-30
NCDR0003635,NCP0002758,Mohan Naik,M,52,9877450539,Ameenpur,Patancheru,Sangareddy,2025-12-09,Community screening,164,89,131,25.1,Hypertension,Controlled,2026-02-07
NCDR0003636,NCP0002759,Ravi Naik,M,61,9284180873,Manoor,Narayankhed,Sangareddy,2025-11-16,Community screening,190,109,94,26.7,Hypertension,Controlled,2026-01-15
NCDR0003637,NCP0002760,Srilatha Mallaiah,F,20,9355435123,Badepally,Jadcherla,Mahabubnagar,2026-06-06,Community screening,154,113,247,20.0,Hypertension+Diabetes,Borderline,2026-09-04
NCDR0003638,NCP0002761,Lakshmi Yadav,F,32,9049050326,Nermata,Chandur,Nalgonda,2025-08-05,Opportunistic screening,133,81,189,20.2,Diabetes,Uncontrolled,2025-11-03
NCDR0003639,NCP0002762,Arun,M,63,9197081212,MARRUR,Nakrekal,Nalgonda,2025-07-02,Opportunistic screening,111,74,78,22.6,None,Not diagnosed,
NCDR0003640,NCP0002763,Nirmala Shekar,F,48,9106970325,Badepall,Jadcherla,Mahabubnagar,2025-08-10,Community screening,127,82,150,28.3,None,Not diagnosed,
NCDR0003641,NCP0002764,Lalitha Devi,F,50,9102170977,Kalher,Narayankhed,Sangareddy,2025-08-22,HWC screening,188,112,131,25.8,Hypertension,Uncontrolled,2025-11-20
NCDR0003642,NCP0002765,Raju Narsimha,M,34,9731646888,AMEENPUR,Patancheru,Sangareddy,2025-08-26,Community screening,177,85,132,25.4,Hypertension,Borderline,2025-09-25
NCDR0003643,NCP0002765,Raju Narsimha,M,36,9731646888,Ameenpur,Patancheru,Sangareddy,2025-10-23,HWC screening,155,110,116,20.6,Hypertension,Borderline,2025-12-22
NCDR0003644,NCP0002766,Lalitha Naik,F,77,9416767860,Bodajanampe,Balanagar,Mahabubnagar,2025-09-27,Community screening,147,93,264,28.1,Diabetes,Uncontrolled,2025-11-26
NCDR0003645,NCP0002766,Lalitha Naik,F,77,+91-94167-67860,Bodajanampet,Balanagar,Mahabubnagar,2026-01-03,Opportunistic screening,148,93,260,33.5,Diabetes,Uncontrolled,2026-03-04
NCDR0003646,NCP0002767,Saritha Khan,F,75,9946974923,Bodajanampet,Balanagar,Mahabubnagar,2026-02-13,Opportunistic screening,143,79,324,32.9,Diabetes,Borderline,2026-05-14
NCDR0003647,NCP0002768,Nirmala Jangam,F,66,9849266776,Gangapur,Jadcherla,Mahabubnagar,2025-11-07,Community screening,121,73,162,23.9,None,Not diagnosed,
NCDR0003648,NCP0002768,Nirmala Jangam,F,66,9849266776,Gangapur,Jadcherla,Mahabubnagar,2026-02-05,Opportunistic screening,118,71,97,22.2,None,Not diagnosed,
NCDR0003649,NCP0002769,Raju Devi,M,60,9815627436,Kondamallepalli,Devarakonda,Nalgonda,2025-12-04,HWC screening,113,90,327,22.3,Diabetes,Controlled,2026-01-03
NCDR0003650,NCP0002770,Bhavani Basha,F,51,9977577371,Kangti,Narayankhed,Sangareddy,2026-04-05,Community screening,159,85,245,31.3,Hypertension+Diabetes,Controlled,2026-05-05
NCDR0003651,NCP0002770,Bhavani Basha,F,52,,Kangti,Narayankhed,Sangareddy,2026-06-22,Opportunistic screening,187,106,329,28.1,Hypertension+Diabetes,Borderline,2026-09-20
NCDR0003652,NCP0002771,Mounika Kumar,F,55,9473596228,Indresham,Patancheru,Sangareddy,2025-11-04,Community screening,118,81,89,24.6,None,Not diagnosed,
NCDR0003653,NCP0002772,Naresh Goud,M,28,9448038209,Nomula,Nakrekal,Nalgonda,2026-02-01,Opportunistic screening,176,102,93,23.8,Hypertension,Controlled,2026-04-02
NCDR0003654,NCP0002773,Lakshmi Begum,F,39,9765643440,JHARASANGAM,Zaheerabad,Sangareddy,2026-04-11,Opportunistic screening,114,89,130,23.8,None,Not diagnosed,
NCDR0003655,NCP0002774,Padma Shekar,F,32,9863353558,Bodajanampet,Balanagar,Mahabubnagar,2025-08-10,Opportunistic screening,142,111,90,23.5,Hypertension,Borderline,2025-11-08
NCDR0003656,NCP0002774,Padma Shekar,F,32,9863353558,Bodajanampet,Balanagar,Mahabubnagar,2025-10-13,HWC screening,181,116,111,32.7,Hypertension,Uncontrolled,2025-11-12
NCDR0003657,NCP0002775,Rani Kumar,F,52,9355618410,Kangti,Narayankhed,Sangareddy,2026-04-02,Community screening,114,68,165,32.9,None,Not diagnosed,
NCDR0003658,NCP0002776,Arun Khan,M,45,9914243804,Kummarikunta,Chandur,Nalgonda,2026-02-28,Opportunistic screening,148,93,151,21.5,Hypertension,Controlled,2026-03-30
NCDR0003659,NCP0002777,Suresh Chary,M,64,9130804982,KALLEPALLY,Balanagar,Mahabubnagar,2025-08-05,Community screening,188,86,211,23.7,Hypertension+Diabetes,Borderline,2025-11-03
NCDR0003660,NCP0002777,Suresh Chary,M,64,9130804982,Kallepalli,Balanagar,Mahabubnagar,2025-11-30,Opportunistic screening,158,96,318,33.1,Hypertension+Diabetes,Borderline,2026-01-29
NCDR0003661,NCP0002777,Suresh Chary,M,64,9130804982,Kallepally,Balanagar,Mahabubnagar,2026-02-03,Opportunistic screening,142,96,261,23.5,Hypertension+Diabetes,Controlled,2026-03-05
NCDR0003662,NCP0002778,Sushma Rao,F,45,9261772045,Mogudampally,Zaheerabad,Sangareddy,2026-04-10,HWC screening,167,99,271,21.6,Hypertension+Diabetes,Uncontrolled,2026-05-10
NCDR0003663,NCP0002778,Sushma Rao,F,47,9261772045,Mogudampally,Zaheerabad,Sangareddy,2026-05-31,Community screening,185,100,317,28.1,Hypertension+Diabetes,Borderline,2026-07-30
NCDR0003664,NCP0002779,Kavitha Krishna,F,50,9354460084,Kohir,Zaheerabad,Sangareddy,2025-11-20,Opportunistic screening,157,94,269,23.7,Hypertension+Diabetes,Borderline,2026-01-19
NCDR0003665,NCP0002779,Kavitha Krishna,F,48,9354460084,Kohir,Zaheerabad,Sangareddy,2026-03-18,Opportunistic screening,140,111,329,24.6,Hypertension+Diabetes,Borderline,2026-06-16
NCDR0003666,NCP0002779,Kavitha Krishna,F,50,9354460084,Kohir,Zaheerabad,Sangareddy,2026-05-23,Community screening,167,116,282,33.1,Hypertension+Diabetes,Controlled,2026-08-21
NCDR0003667,NCP0002780,Jyothi Yadav,F,20,9611129613,Donur,Midjil,Mahabubnagar,2025-10-13,Opportunistic screening,172,94,323,19.0,Hypertension+Diabetes,Borderline,2025-12-12
NCDR0003668,NCP0002781,Shobha Laxman,F,56,9891912418,Bhanur,Patancheru,Sangareddy,2026-02-10,Community screening,150,109,147,25.9,Hypertension+Diabetes,Controlled,2026-04-11
NCDR0003669,NCP0002782,Lakshmi Goud,F,69,9481930824,DEVARAKONDA,Devarakonda,Nalgonda,2025-11-22,Opportunistic screening,134,80,141,28.5,None,Not diagnosed,
NCDR0003670,NCP0002783,Praveen Krishna,M,52,9641752992,Midjil,Midjil,Mahabubnagar,2025-11-01,Community screening,182,90,258,21.3,Hypertension+Diabetes,Borderline,2025-12-31
NCDR0003671,NCP0002784,Anil Laxman,M,40,+91-97216-92895,Donur,Midjil,Mahabubnagar,2025-10-21,Community screening,169,96,152,24.6,Hypertension,Uncontrolled,2026-01-19
NCDR0003672,NCP0002785,Vinod Narsimha,M,26,9108147280,Devarakonda,Devarakonda,Nalgonda,2026-02-26,Opportunistic screening,175,107,132,27.3,Hypertension,Borderline,2026-03-28
NCDR0003673,NCP0002786,Naveen Khan,M,73,+91-99808-00389,Rajapur,Balanagar,Mahabubnagar,2026-06-06,Opportunistic screening,171,94,137,18.6,Hypertension,Borderline,2026-07-06
NCDR0003674,NCP0002787,Rani Goud,F,54,9703462347,Vemula,Midjil,Mahabubnagar,2025-08-24,HWC screening,153,94,208,32.7,Hypertension+Diabetes,Uncontrolled,2025-11-22
NCDR0003675,NCP0002788,Mahesh Narsimha,M,34,9351226258,Peddadinne,Devarakonda,Nalgonda,2026-01-16,HWC screening,161,110,133,24.7,Hypertension,Uncontrolled,2026-03-17
NCDR0003676,NCP0002789,Swathi Laxman,F,44,9081994861,Bhanur,Patancheru,Sangareddy,2026-01-21,Community screening,137,83,300,23.0,Diabetes,Controlled,2026-02-20
NCDR0003677,NCP0002790,Anitha Das,F,44,9631349677,Kangti,Narayankhed,Sangareddy,2025-07-07,HWC screening,138,74,223,33.7,Diabetes,Uncontrolled,2025-08-06
NCDR0003678,NCP0002791,Kavitha Shekar,F,51,9060478779,Nakrekal,Nakrekal,Nalgonda,2026-03-02,HWC screening,164,110,113,27.0,Hypertension,Borderline,2026-05-01
NCDR0003679,NCP0002792,Vinod Yadav,M,18,,Badepally,Jadcherla,Mahabubnagar,2025-08-29,Opportunistic screening,151,96,133,25.5,Hypertension,Uncontrolled,2025-11-27
NCDR0003680,NCP0002792,Vinod Yadav,M,18,9418106374,Badepally,Jadcherla,Mahabubnagar,2025-10-22,Community screening,190,84,145,21.4,Hypertension,Uncontrolled,2025-11-21
NCDR0003681,NCP0002793,Santosh Mallaiah,M,53,9139726136,Manoor,Narayankhed,Sangareddy,2026-01-07,HWC screening,109,75,148,30.0,Diabetes,Uncontrolled,2026-04-07
NCDR0003682,NCP0002793,Santosh,M,54,+91-91394-26136,Manoor,Narayankhed,Sangareddy,2026-03-07,Community screening,147,70,195,22.0,Diabetes,Borderline,2026-04-06
NCDR0003683,NCP0002794,nil Devi,M,53,9491071682,Kangti,Narayankhed,Sangareddy,2025-12-01,Opportunistic screening,178,104,241,23.1,Hypertension+Diabetes,Uncontrolled,2025-12-31
NCDR0003684,NCP0002795,Ravi Mallaiah,M,55,9682898840,Bangarigadda,Chandur,Nalgonda,2026-02-12,Community screening,105,80,180,33.6,Diabetes,Borderline,2026-03-14
NCDR0003685,NCP0002796,Anitha,F,19,9800686239,Bodajanampet,Balanagar,Mahabubnagar,2025-12-21,Opportunistic screening,131,85,211,33.3,Diabetes,Controlled,2026-02-19
NCDR0003686,NCP0002796,Anitha Kumar,F,19,9800686239,Bodajanampet,Balanagar,Mahabubnagar,2026-03-23,HWC screening,132,79,269,19.0,Diabetes,Borderline,2026-05-22
NCDR0003687,NCP0002797,Raju Naik,M,46,9119143527,Bhanur,Patancheru,Sangareddy,2026-05-18,HWC screening,149,96,211,31.3,Diabetes,Controlled,2026-08-16
NCDR0003688,NCP0002798,Padma Krishna,F,39,9726006169,Ameenpur,Patancheru,Sangareddy,2025-10-14,HWC screening,143,99,147,19.6,Hypertension,Controlled,2025-11-13
NCDR0003689,NCP0002798,Padma Krishna,F,40,,Ameenpur,Patancheru,Sangareddy,2025-11-28,Opportunistic screening,148,91,160,20.9,Hypertension,Controlled,2025-12-28
NCDR0003690,NCP0002799,Mounika Reddy,F,37,9200855373,Badepally,Jadcherla,Mahabubnagar,2026-02-11,Community screening,137,83,160,33.8,None,Not diagnosed,
NCDR0003691,NCP0002800,Rani Reddy,F,31,9380076893,Jharasanga,Zaheerabad,Sangareddy,2025-07-26,HWC screening,114,69,239,23.5,Diabetes,Uncontrolled,2025-08-25
NCDR0003692,NCP0002801,Naveen Das,M,64,,Kummarikunta,Chandur,Nalgonda,2025-12-11,Opportunistic screening,145,91,317,23.8,Diabetes,Uncontrolled,2026-03-11
NCDR0003693,NCP0002802,Shankar Goud,M,71,9806141528,Ameenpur,Patancheru,Sangareddy,2026-03-08,HWC screening,134,85,301,24.1,Diabetes,Uncontrolled,2026-05-07
NCDR0003694,NCP0002802,Shankar Goud,M,73,9806141528,Ameenpur,Patancheru,Sangareddy,2026-06-01,HWC screening,115,79,165,20.8,Diabetes,Borderline,2026-07-31
NCDR0003695,NCP0002803,Srilatha Khan,F,32,9792990619,Peddadinne,Devarakonda,Nalgonda,2026-02-09,Community screening,142,90,142,26.0,None,Not diagnosed,
NCDR0003696,NCP0002803,Srilatha Khan,F,32,9792990619,Peddadinne,Devarakonda,Nalgonda,2026-04-29,HWC screening,133,74,153,19.0,None,Not diagnosed,
NCDR0003697,NCP0002803,Srilatha Khan,F,34,9792990619,Peddadinne,Devarakonda,Nalgonda,2026-08-14,Community screening,142,74,90,22.0,None,Not diagnosed,
NCDR0003698,NCP0002804,Sriniwas Krishna,M,42,9634887829,Gangapur,Jadcherla,Mahabubnagar,2026-05-16,Community screening,145,105,323,31.4,Hypertension+Diabetes,Borderline,2026-08-14
NCDR0003699,NCP0002804,Srinivas Krishna,M,44,,Gangapur,Jadcherla,Mahabubnagar,2026-07-20,Opportunistic screening,151,84,270,22.4,Hypertension+Diabetes,Borderline,2026-09-18
NCDR0003700,NCP0002805,Praveen Kumar,M,44,9809786276,Rajapur,Balanagar,Mahabubnagar,2025-09-09,Opportunistic screening,162,104,237,31.1,Hypertension+Diabetes,Uncontrolled,2025-12-08
NCDR0003701,NCP0002806,Mohan Jangam,M,55,9841492414,Balanagar,Balanagar,Mahabubnagar,2025-12-17,Community screening,183,101,217,28.2,Hypertension+Diabetes,Controlled,2026-01-16
NCDR0003702,NCP0002807,Naveen Devi,M,57,9253743074,Kalher,Narayankhed,Sangareddy,2025-12-20,Community screening,108,94,104,22.1,None,Not diagnosed,
NCDR0003703,NCP0002808,Deepika Mudiraj,F,38,9668206606,Donur,Midjil,Mahabubnagar,2026-05-22,Community screening,129,77,297,33.8,Diabetes,Controlled,2026-08-20
NCDR0003704,NCP0002809,Bhavani Begum,F,54,+91-97748-00046,Kalher,Narayankhed,Sangareddy,2025-10-05,Opportunistic screening,128,77,144,20.3,None,Not diagnosed,
NCDR0003705,NCP0002810,Raju Das,M,88,9843269348,Donur,Midjil,Mahabubnagar,2025-09-09,HWC screening,136,80,78,20.6,None,Not diagnosed,
NCDR0003706,NCP0002810,Raju Das,M,88,9843269348,Donur,Midjil,Mahabubnagar,2025-11-02,HWC screening,132,85,143,23.3,None,Not diagnosed,
NCDR0003707,NCP0002811,Praveen Begum,M,64,9860636910,Mangalapally,Nakrekal,Nalgonda,2025-12-28,HWC screening,133,78,135,26.6,None,Not diagnosed,
NCDR0003708,NCP0002812,Saritha Naik,F,66,9435595473,Ameenpur,Patancheru,Sangareddy,2026-05-02,Opportunistic screening,139,97,147,19.1,Hypertension,Controlled,2026-06-01
NCDR0003709,NCP0002813,Bhavani Narsimha,F,34,9180684397,Bhanur,Patancheru,Sangareddy,2026-01-11,Opportunistic screening,179,113,159,24.7,Hypertension,Controlled,2026-04-11
NCDR0003710,NCP0002814,Kavitha Mudiraj,F,64,+91-99551-13509,Velpula,Midjil,Mahabubnagar,2025-10-13,Opportunistic screening,107,70,130,30.1,None,Not diagnosed,
NCDR0003711,NCP0002815,Venkatesh Devi,M,61,9788805462,Kangti,Narayankhed,Sangareddy,2025-11-21,HWC screening,156,100,102,26.6,Hypertension,Uncontrolled,2026-02-19
NCDR0003712,NCP0002816,Jyothi Jangam,F,45,9953397588,Kangti,Narayankhed,Sangareddy,2026-03-21,Community screening,168,102,216,23.4,Hypertension+Diabetes,Controlled,2026-06-19
NCDR0003713,NCP0002816,Jyothi Jangam,F,47,9953397588,Kangti,Narayankhed,Sangareddy,2026-05-18,Community screening,157,114,161,29.3,Hypertension+Diabetes,Borderline,2026-06-17
NCDR0003714,NCP0002817,Deepika Das,F,79,9069263591,Bodajanampet,Balanagar,Mahabubnagar,2026-05-20,HWC screening,140,71,202,21.5,Diabetes,Controlled,2026-07-19
NCDR0003715,NCP0002818,Srinivas Basha,M,68,9010015020,Marrur,Nakrekal,Nalgonda,2025-07-13,Community screening,119,84,193,30.2,Diabetes,Controlled,2025-09-11
NCDR0003716,NCP0002818,Srinivas Basha,M,67,9010015920,Marrur,Nakrekal,Nalgonda,2025-11-02,HWC screening,120,90,271,26.6,Diabetes,Uncontrolled,2025-12-02
NCDR0003717,NCP0002819,Bhvani Khan,F,26,9042377291,Patancheru,Patancheru,Sangareddy,2025-09-21,Opportunistic screening,106,75,110,33.5,None,Not diagnosed,
NCDR0003718,NCP0002820,Vinod Krishna,M,59,9768598238,Nomula,Nakrekal,Nalgonda,2025-11-24,HWC screening,128,75,85,21.8,None,Not diagnosed,
NCDR0003719,NCP0002821,Nirmala Goud,F,67,9375803203,MANGALAPALLY,Nakrekal,Nalgonda,2026-05-06,Opportunistic screening,160,85,132,22.9,Hypertension,Borderline,2026-08-04
NCDR0003720,NCP0002822,Lakshmi Mudiraj,F,57,9935460954,Kangt,Narayankhed,Sangareddy,2025-12-13,HWC screening,126,72,111,28.3,None,Not diagnosed,
NCDR0003721,NCP0002822,Lakshmi Mudiraj,F,57,9935460954,Kangti,Narayankhed,Sangareddy,2026-02-12,Community screening,115,92,129,26.0,None,Not diagnosed,
NCDR0003722,NCP0002823,Santosh Rao,M,70,9937378739,Donur,Midjil,Mahabubnagar,2026-03-03,HWC screening,124,90,284,33.9,Diabetes,Controlled,2026-05-02
NCDR0003723,NCP0002824,Sai Reddy,M,43,9331791134,Bhanur,Patancheru,Sangareddy,2025-11-02,Community screening,178,92,111,29.0,Hypertension,Borderline,2026-01-31
NCDR0003724,NCP0002825,Mounika Jangam,F,56,9785057111,Velpula,Midjil,Mahabubnagar,2025-11-27,Opportunistic screening,146,88,136,23.8,None,Not diagnosed,
NCDR0003725,NCP0002825,Mounika Jangam,F,53,9785057111,VELPULA,Midjil,Mahabubnagar,2026-02-09,Opportunistic screening,134,84,93,31.1,None,Not diagnosed,
NCDR0003726,NCP0002826,Santosh Rao,M,52,9744954680,Marrur,Nakrekal,Nalgonda,2026-05-01,HWC screening,145,90,114,23.5,Hypertension,Borderline,2026-07-30
NCDR0003727,NCP0002827,Mounika Kumar,F,62,,Peddadinne,Devarakonda,Nalgonda,2025-08-05,Community screening,140,70,291,24.1,Diabetes,Controlled,2025-10-04
NCDR0003728,NCP0002828,Rani Begum,F,32,9728494927,Narayankhed,Narayankhed,Sangareddy,2026-03-27,Opportunistic screening,131,85,112,33.3,None,Not diagnosed,
NCDR0003729,NCP0002829,Saritha Reddy,F,48,9559295200,Balanagar,Balanagar,Mahabubnagar,2026-05-25,HWC screening,135,70,262,28.5,Diabetes,Borderline,2026-07-24
NCDR0003730,NCP0002830,Praveen Mudiraj,M,44,9598667508,JHARASANGAM,Zaheerabad,Sangareddy,2025-08-25,Opportunistic screening,146,103,132,20.4,Hypertension,Controlled,2025-09-24
NCDR0003731,NCP0002831,Lalitha Khan,F,71,,Nakrekal,Nakrekal,Nalgonda,2025-09-24,Opportunistic screening,125,91,277,23.4,Diabetes,Borderline,2025-12-23
NCDR0003732,NCP0002832,Lalitha Kumar,F,40,9824951142,Kangti,Narayankhed,Sangareddy,2025-08-22,Opportunistic screening,155,89,92,26.8,Hypertension,Uncontrolled,2025-10-21
NCDR0003733,NCP0002832,Lalitha Kumar,F,42,9124951142,Kangti,Narayankhed,Sangareddy,2025-12-15,HWC screening,168,114,87,28.1,Hypertension,Controlled,2026-02-13
NCDR0003734,NCP0002833,Santosh Mudiraj,M,35,9436474469,Kalher,Narayankhed,Sangareddy,2026-01-23,Community screening,144,111,99,32.4,Hypertension,Borderline,2026-04-23
NCDR0003735,NCP0002834,Kiran Patel,M,43,,Badepally,Jadcherla,Mahabubnagar,2025-08-12,Opportunistic screening,143,99,94,21.1,Hypertension,Controlled,2025-11-10
NCDR0003736,NCP0002835,Praveen Naik,M,55,9360530751,KOHIR,Zaheerabad,Sangareddy,2025-09-13,Opportunistic screening,163,89,88,18.7,Hypertension,Uncontrolled,2025-11-12
NCDR0003737,NCP0002836,Vinod Jangam,M,37,,Badepally,Jadcherla,Mahabubnagar,2025-09-02,Community screening,122,93,314,19.5,Diabetes,Uncontrolled,2025-10-02
NCDR0003738,NCP0002837,Harika Begum,F,63,9182595932,Midjil,Midjil,Mahabubnagar,2026-02-11,HWC screening,108,74,163,22.7,Diabetes,Controlled,2026-04-12
NCDR0003739,NCP0002837,Harika Begum,F,63,9182595932,Midjil,Midjil,Mahabubnagar,2026-06-08,Community screening,145,77,185,32.9,Diabetes,Borderline,2026-09-06
NCDR0003740,NCP0002837,Harika Begum,F,63,+91-91825-95932,Midjil,Midjil,Mahabubnagar,2026-05-24,Community screening,141,76,165,25.9,Diabetes,Controlled,2026-08-22
NCDR0003741,NCP0002838,Kiran Reddy,M,57,9522589864,Kalher,Narayankhed,Sangareddy,2026-01-10,Opportunistic screening,123,73,161,22.1,None,Not diagnosed,
NCDR0003742,NCP0002838,Kiran Reddy,M,57,9522589864,Kalher,Narayankhed,Sangareddy,2026-04-07,Opportunistic screening,115,89,150,34.2,None,Not diagnosed,
NCDR0003743,NCP0002839,Raju Shekar,M,28,9813566772,Zaheerabad,Zaheerabad,Sangareddy,2025-12-19,Opportunistic screening,164,111,157,19.6,Hypertension,Borderline,2026-01-18
NCDR0003744,NCP0002840,Shobh Begum,F,47,9592012695,Kalher,Narayankhed,Sangareddy,2026-02-23,Opportunistic screening,113,94,234,28.5,Diabetes,Uncontrolled,2026-05-24
NCDR0003745,NCP0002841,Bhavani Narsimha,F,39,9071789659,Badepally,Jadcherla,Mahabubnagar,2026-04-03,HWC screening,149,115,245,28.7,Hypertension+Diabetes,Borderline,2026-07-02
NCDR0003746,NCP0002841,Bhavani Narsimha,F,38,9071789659,Badepally,Jadcherla,Mahabubnagar,2026-07-21,Opportunistic screening,151,101,178,25.0,Hypertension+Diabetes,Uncontrolled,2026-09-19
NCDR0003747,NCP0002842,Sai Goud,M,38,9861548712,Macharam,Jadcherla,Mahabubnagar,2025-12-21,HWC screening,108,92,198,25.6,Diabetes,Uncontrolled,2026-02-19
NCDR0003748,NCP0002842,Sai Goud,M,39,,Macharam,Jadcherla,Mahabubnagar,2026-03-22,Community screening,145,82,285,26.3,Diabetes,Borderline,2026-05-21
NCDR0003749,NCP0002843,Kiran Reddy,M,43,9029504977,Chandur,Chandur,Nalgonda,2026-03-22,HWC screening,174,109,109,20.6,Hypertension,Uncontrolled,2026-05-21
NCDR0003750,NCP0002844,Vinod Jngam,M,75,9894654521,CHANDUR,Chandur,Nalgonda,2026-05-17,HWC screening,159,96,96,31.2,Hypertension,Uncontrolled,2026-06-16
NCDR0003751,NCP0002845,Divya Jangam,F,64,9736813196,Chandur,Chandur,Nalgonda,2026-04-17,Opportunistic screening,125,96,81,19.2,None,Not diagnosed,
NCDR0003752,NCP0002846,Rawi Kumar,M,72,,Kalher,Narayankhed,Sangareddy,2025-12-21,Community screening,145,116,151,30.0,Hypertension+Diabetes,Borderline,2026-01-20
NCDR0003753,NCP0002847,Shobha Chary,F,49,+91-97709-88763,Devarakonda,Devarakonda,Nalgonda,2026-02-25,Opportunistic screening,189,108,85,27.8,Hypertension,Controlled,2026-03-27
NCDR0003754,NCP0002847,sobha Chary,F,47,9770988763,Devarakonda,Devarakonda,Nalgonda,2026-04-30,Community screening,140,113,134,26.6,Hypertension,Borderline,2026-07-29
NCDR0003755,NCP0002848,Nirmala Das,F,65,9628047693,Gundlapally,Devarakonda,Nalgonda,2026-04-22,Community screening,140,111,180,33.0,Hypertension+Diabetes,Controlled,2026-07-21
NCDR0003756,NCP0002848,Nirmala Das,F,65,9628047693,Gundlapally,Devarakonda,Nalgonda,2026-07-13,Opportunistic screening,189,92,254,25.3,Hypertension+Diabetes,Controlled,2026-10-11
NCDR0003757,NCP0002849,Srinivas Goud,M,68,9958060367,Patancheru,Patancheru,Sangareddy,2026-01-26,Community screening,142,109,159,20.2,Hypertension+Diabetes,Borderline,2026-04-26
NCDR0003758,NCP0002850,Sushma,F,41,9869683958,Kondamallepally,Devarakonda,Nalgonda,2026-04-20,Community screening,173,112,241,26.0,Hypertension+Diabetes,Uncontrolled,2026-06-19
NCDR0003759,NCP0002851,Lkshmi Krishna,F,28,9247018003,Balanagar,Balanagar,Mahabubnagar,2025-08-01,HWC screening,158,108,256,27.3,Hypertension+Diabetes,Uncontrolled,2025-08-31
NCDR0003760,NCP0002851,Lakshmi Krishna,F,27,9247018003,Balanagar,Balanagar,Mahabubnagar,2025-10-21,HWC screening,161,85,258,22.9,Hypertension+Diabetes,Borderline,2025-12-20
NCDR0003761,NCP0002851,Lakshmi Krishna,F,25,9247018003,Balanagar,Balanagar,Mahabubnagar,2026-01-16,HWC screening,160,95,325,21.2,Hypertension+Diabetes,Uncontrolled,2026-02-15
NCDR0003762,NCP0002852,Naresh Mudiraj,M,59,9905170148,Bodajanampet,Balanagar,Mahabubnagar,2026-05-30,Opportunistic screening,163,88,327,29.2,Hypertension+Diabetes,Controlled,2026-06-29
NCDR0003763,NCP0002853,Swathi Reddy,F,56,9466652903,Chandur,Chandur,Nalgonda,2025-12-05,HWC screening,159,97,141,32.6,Hypertension,Controlled,2026-03-05
NCDR0003764,NCP0002853,Swathi Reddy,F,56,9466652603,Chandur,Chandur,Nalgonda,2026-02-03,Opportunistic screening,154,106,125,28.1,Hypertension,Uncontrolled,2026-03-05
NCDR0003765,NCP0002854,Anil Rao,M,29,9217005752,Nakrekal,Nakrekal,Nalgonda,2025-07-14,HWC screening,158,108,84,31.8,Hypertension,Controlled,2025-09-12
NCDR0003766,NCP0002855,Anitha Mallaiah,F,53,9648204679,Velpula,Midjil,Mahabubnagar,2026-03-29,Community screening,122,70,231,31.1,Diabetes,Uncontrolled,2026-04-28
NCDR0003767,NCP0002856,Jyothi Krishna,F,52,,Balanagar,Balanagar,Mahabubnagar,2025-07-02,HWC screening,162,102,188,22.7,Hypertension+Diabetes,Uncontrolled,2025-09-30
NCDR0003768,NCP0002856,Jyothi Krishna,F,56,9229627171,Balanagar,Balanagar,Mahabubnagar,2025-10-26,Community screening,155,115,265,31.9,Hypertension+Diabetes,Borderline,2026-01-24
NCDR0003769,NCP0002857,Praveen Das,M,75,9998296810,AMEENPUR,Patancheru,Sangareddy,2026-05-05,HWC screening,168,112,104,18.8,Hypertension,Controlled,2026-08-03
NCDR0003770,NCP0002858,Naveen Yadav,M,18,,Macharam,Jadcherla,Mahabubnagar,2026-05-23,Opportunistic screening,137,86,89,28.1,None,Not diagnosed,
NCDR0003771,NCP0002859,Saritha Krishna,F,37,+91-97652-41329,Manoor,Narayankhed,Sangareddy,2025-10-02,Opportunistic screening,182,116,96,20.9,Hypertension,Uncontrolled,2025-11-01
NCDR0003772,NCP0002859,Saritha Krishna,F,37,,Manoor,Narayankhed,Sangareddy,2026-01-07,Opportunistic screening,183,101,120,31.5,Hypertension,Uncontrolled,2026-04-07
NCDR0003773,NCP0002860,Ramesh Das,M,35,9564127182,Bodajanampet,Balanagar,Mahabubnagar,2025-09-16,Opportunistic screening,168,113,151,28.2,Hypertension,Uncontrolled,2025-10-16
NCDR0003774,NCP0002861,Sushma Mallaiah,F,35,9340946610,Patancheru,Patancheru,Sangareddy,2025-09-27,Community screening,111,78,172,22.3,Diabetes,Uncontrolled,2025-12-26
NCDR0003775,NCP0002862,Praveen Mallaiah,M,78,9765088123,Gangapur,Jadcherla,Mahabubnagar,2026-03-19,HWC screening,161,100,180,32.6,Hypertension+Diabetes,Borderline,2026-06-17
NCDR0003776,NCP0002863,Sushma Naik,F,45,9067130734,Donur,Midjil,Mahabubnagar,2026-04-18,Community screening,158,116,91,21.3,Hypertension,Uncontrolled,2026-05-18
NCDR0003777,NCP0002863,Sushma Naik,F,46,9067130734,Donur,Midjil,Mahabubnagar,2026-07-15,Opportunistic screening,139,88,130,32.3,Hypertension,Borderline,2026-08-14
NCDR0003778,NCP0002864,Praveen Khan,M,41,9573820235,Kondamallepally,Devarakonda,Nalgonda,2025-09-30,Community screening,140,77,273,22.1,Diabetes,Uncontrolled,2025-11-29
NCDR0003779,NCP0002864,Praveen Khan,M,40,9573820235,KONDAMALLEPALLY,Devarakonda,Nalgonda,2026-01-11,Community screening,135,88,156,22.5,Diabetes,Controlled,2026-03-12
NCDR0003780,NCP0002865,Rani Reddy,F,24,9504305515,Patancheru,Patancheru,Sangareddy,2026-04-27,Opportunistic screening,148,87,89,25.3,Hypertension,Borderline,2026-07-26
NCDR0003781,NCP0002866,Raghav Begum,M,74,+91-95112-25288,Gundlapally,Devarakonda,Nalgonda,2026-05-17,Community screening,139,113,175,30.8,Hypertension+Diabetes,Controlled,2026-06-16
NCDR0003782,NCP0002867,Swathi Das,F,62,+91-96274-50964,Midjil,Midjil,Mahabubnagar,2026-01-06,Community screening,163,99,117,22.9,Hypertension,Controlled,2026-04-06
NCDR0003783,NCP0002868,Arun Krishna,M,43,9413810809,Kummarikunta,Chandur,Nalgonda,2026-03-13,Community screening,137,73,203,20.8,Diabetes,Borderline,2026-04-12
NCDR0003784,NCP0002868,Arun Krishna,M,42,9413810809,Kummarikunta,Chandur,Nalgonda,2026-04-30,Opportunistic screening,105,78,240,19.8,Diabetes,Controlled,2026-06-29
NCDR0003785,NCP0002869,Deepika Naik,F,61,9053527703,Vemula,Midjil,Mahabubnagar,2026-03-26,Opportunistic screening,178,108,129,27.2,Hypertension,Uncontrolled,2026-05-25
NCDR0003786,NCP0002870,Renuka Devi,F,57,9910805078,Nomula,Nakrekal,Nalgonda,2026-03-30,HWC screening,143,95,163,33.3,Diabetes,Borderline,2026-05-29
NCDR0003787,NCP0002871,Padma Basha,F,18,9231540985,Polepally,Jadcherla,Mahabubnagar,2026-03-19,HWC screening,106,70,218,23.7,Diabetes,Controlled,2026-04-18
NCDR0003788,NCP0002871,Padma Basha,F,18,,Polepally,Jadcherla,Mahabubnagar,2026-06-02,Opportunistic screening,150,82,205,27.7,Diabetes,Uncontrolled,2026-08-01
NCDR0003789,NCP0002872,Lakshmi Narsimha,F,46,9146702530,Indresha,Patancheru,Sangareddy,2025-12-04,Opportunistic screening,165,97,125,33.2,Hypertension,Uncontrolled,2026-01-03
NCDR0003790,NCP0002872,Lakshmi Narsimha,F,45,9146702530,Indresham,Patancheru,Sangareddy,2026-03-27,HWC screening,156,111,120,24.1,Hypertension,Controlled,2026-04-26
NCDR0003791,NCP0002872,Lakshmi Narsimha,F,48,9146702530,Indresham,Patancheru,Sangareddy,2026-05-07,Opportunistic screening,153,90,144,20.8,Hypertension,Controlled,2026-07-06
NCDR0003792,NCP0002873,Arun Naik,M,55,9141217588,KALLEPALLY,Balanagar,Mahabubnagar,2025-10-24,Opportunistic screening,173,87,254,24.5,Hypertension+Diabetes,Borderline,2025-11-23
NCDR0003793,NCP0002874,Mohan Chary,M,35,9638424372,Zaheerabad,Zaheerabad,Sangareddy,2025-07-26,Community screening,165,86,127,19.0,Hypertension,Borderline,2025-10-24
NCDR0003794,NCP0002874,Mohan Chary,M,35,9638424572,Zaheerabad,Zaheerabad,Sangareddy,2025-10-27,Community screening,179,115,80,18.7,Hypertension,Borderline,2026-01-25
NCDR0003795,NCP0002875,Sushma Chary,F,73,9130371271,BADEPALLY,Jadcherla,Mahabubnagar,2026-01-01,Opportunistic screening,142,116,323,21.6,Hypertension+Diabetes,Controlled,2026-01-31
NCDR0003796,NCP0002876,Arun Das,M,48,9022776242,Midjil,Midjil,Mahabubnagar,2026-01-07,Community screening,146,102,115,22.5,Hypertension,Uncontrolled,2026-02-06
NCDR0003797,NCP0002877,Lalitha Reddy,F,53,9674653443,Zaheerabad,Zaheerabad,Sangareddy,2025-08-07,Opportunistic screening,137,93,95,33.6,None,Not diagnosed,
NCDR0003798,NCP0002878,Mounika Yadav,F,54,9553339554,JHARASANGAM,Zaheerabad,Sangareddy,2026-05-21,Opportunistic screening,141,76,305,24.5,Diabetes,Uncontrolled,2026-08-19
NCDR0003799,NCP0002879,Raju Krishna,M,42,9907627489,Bhanur,Patancheru,Sangareddy,2025-12-28,HWC screening,185,95,94,33.0,Hypertension,Controlled,2026-01-27
NCDR0003800,NCP0002879,Raju Krishna,M,44,9907622489,Bhanur,Patancheru,Sangareddy,2026-04-01,Opportunistic screening,144,92,111,21.5,Hypertension,Controlled,2026-05-31
NCDR0003801,NCP0002880,Sreenivas Mallaiah,M,44,9651006095,Kalher,Narayankhed,Sangareddy,2025-08-31,Opportunistic screening,129,71,113,30.2,None,Not diagnosed,
NCDR0003802,NCP0002880,Srinivas Mallaiah,M,43,9651006095,Kalher,Narayankhed,Sangareddy,2025-12-20,Opportunistic screening,128,87,102,28.1,None,Not diagnosed,
NCDR0003803,NCP0002880,Srinivas Mallaiah,M,45,9681006095,Kalher,Narayankhed,Sangareddy,2025-12-25,HWC screening,128,92,128,20.9,None,Not diagnosed,
NCDR0003804,NCP0002881,Mohn Reddy,M,24,,Indresham,Patancheru,Sangareddy,2025-08-02,HWC screening,179,93,124,23.2,Hypertension,Borderline,2025-09-01
NCDR0003805,NCP0002882,Nirmala Laxman,F,52,9673158326,Midjil,Midjil,Mahabubnagar,2025-11-24,Opportunistic screening,187,87,209,24.3,Hypertension+Diabetes,Uncontrolled,2026-01-23
NCDR0003806,NCP0002883,Srilatha Das,F,22,,Nakrekal,Nakrekal,Nalgonda,2026-01-27,HWC screening,170,103,83,20.3,Hypertension,Controlled,2026-02-26
NCDR0003807,NCP0002884,Santosh Narsimha,M,36,9434423627,Vemula,Midjil,Mahabubnagar,2026-04-27,Community screening,172,96,105,21.4,Hypertension,Borderline,2026-07-26
NCDR0003808,NCP0002884,Santosh Narsimha,M,35,9434423627,Vemula,Midjil,Mahabubnagar,2026-07-21,Community screening,171,116,84,24.3,Hypertension,Controlled,2026-08-20
NCDR0003809,NCP0002885,Praveen Reddy,M,49,9108833148,Kangti,Narayankhed,Sangareddy,2026-05-14,HWC screening,144,80,262,27.4,Diabetes,Uncontrolled,2026-07-13
NCDR0003810,NCP0002886,Mounika Khan,F,50,9319382621,Kummarikunta,Chandur,Nalgonda,2025-08-24,Opportunistic screening,163,113,308,28.2,Hypertension+Diabetes,Uncontrolled,2025-10-23
NCDR0003811,NCP0002887,Renuka Begum,F,58,9820423001,Ameenpur,Patancheru,Sangareddy,2026-02-08,Community screening,162,101,159,25.1,Hypertension,Controlled,2026-03-10
NCDR0003812,NCP0002888,Saritha Jangam,F,49,+91-99938-41727,MANGALAPALLY,Nakrekal,Nalgonda,2025-07-25,Opportunistic screening,172,86,207,31.1,Hypertension+Diabetes,Uncontrolled,2025-08-24
NCDR0003813,NCP0002889,Renuka Das,F,82,,Donur,Midjil,Mahabubnagar,2026-05-20,Community screening,140,82,219,24.4,Diabetes,Borderline,2026-08-18
NCDR0003814,NCP0002890,Vinod Goud,M,83,,Patancheru,Patancheru,Sangareddy,2025-09-20,HWC screening,158,116,100,31.0,Hypertension,Controlled,2025-11-19
NCDR0003815,NCP0002891,Jyothi Begum,F,40,9221803798,Kondamallepally,Devarakonda,Nalgonda,2026-01-05,HWC screening,148,116,170,28.1,Hypertension+Diabetes,Controlled,2026-03-06
NCDR0003816,NCP0002892,Deepika Mudiraj,F,34,9216468828,Velpula,Midjil,Mahabubnagar,2025-07-10,HWC screening,123,80,239,33.4,Diabetes,Controlled,2025-08-09
NCDR0003817,NCP0002893,Anjali Kumar,F,45,9406818361,KALLEPALLY,Balanagar,Mahabubnagar,2026-03-22,Community screening,128,69,113,33.6,None,Not diagnosed,
NCDR0003818,NCP0002893,Anjalee Kumar,F,46,,Kallepally,Balanagar,Mahabubnagar,2026-05-21,Opportunistic screening,149,76,82,20.7,None,Not diagnosed,
NCDR0003819,NCP0002894,Shobha Naik,F,70,9897005827,Nakrekal,Nakrekal,Nalgonda,2025-08-07,Opportunistic screening,179,105,117,33.6,Hypertension,Controlled,2025-10-06
NCDR0003820,NCP0002894,Shobha Naik,F,70,,Nakrekal,Nakrekal,Nalgonda,2025-11-21,Opportunistic screening,155,106,146,25.9,Hypertension,Borderline,2026-02-19
NCDR0003821,NCP0002895,Anjali Khan,F,18,9150218326,Marrur,Nakrekal,Nalgonda,2026-02-20,HWC screening,161,106,135,27.6,Hypertension,Controlled,2026-04-21
NCDR0003822,NCP0002896,Mahesh Khan,M,66,9661793035,Chandur,Chandur,Nalgonda,2025-09-30,Opportunistic screening,150,90,229,31.5,Diabetes,Controlled,2025-12-29
NCDR0003823,NCP0002897,Padma Das,F,68,9534453764,Devarakonda,Devarakonda,Nalgonda,2025-09-20,HWC screening,164,111,119,20.5,Hypertension,Uncontrolled,2025-12-19
NCDR0003824,NCP0002898,Raju Laxman,M,51,+91-94193-60238,Devarakonda,Devarakonda,Nalgonda,2025-07-19,Community screening,150,86,193,19.5,Hypertension+Diabetes,Borderline,2025-10-17
NCDR0003825,NCP0002899,Mohan Patel,M,34,+91-98572-39262,Vemula,Midjil,Mahabubnagar,2025-10-29,Community screening,167,86,162,28.4,Hypertension+Diabetes,Controlled,2026-01-27
NCDR0003826,NCP0002900,Suresh Khan,M,51,9512538021,Ameenpur,Patancheru,Sangareddy,2025-09-12,Community screening,122,91,264,18.9,Diabetes,Borderline,2025-12-11
NCDR0003827,NCP0002900,Sures Khan,M,50,9512538021,AMEENPUR,Patancheru,Sangareddy,2025-12-31,Community screening,122,94,145,32.6,Diabetes,Borderline,2026-01-30
NCDR0003828,NCP0002900,Suresh Khan,M,50,9512538021,Ameenpur,Patancheru,Sangareddy,2026-01-10,Community screening,123,79,242,24.1,Diabetes,Uncontrolled,2026-03-11
NCDR0003829,NCP0002901,Deepik Kumar,F,29,9482625981,Nomula,Nakrekal,Nalgonda,2025-07-22,Opportunistic screening,167,108,101,33.7,Hypertension,Controlled,2025-09-20
NCDR0003830,NCP0002901,Deepika Kumar,F,27,9482625981,Nomula,Nakrekal,Nalgonda,2025-09-13,Community screening,154,95,134,20.6,Hypertension,Borderline,2025-10-13
NCDR0003831,NCP0002902,Lakshmi Naik,F,52,,Vemula,Midjil,Mahabubnagar,2026-03-14,Community screening,127,89,94,20.7,None,Not diagnosed,
NCDR0003832,NCP0002903,Rjesh Mudiraj,M,24,9863956024,Zaheerabad,Zaheerabad,Sangareddy,2026-03-02,HWC screening,164,86,91,29.3,Hypertension,Uncontrolled,2026-05-31
NCDR0003833,NCP0002904,Swathi Rao,F,54,9095678742,Vemula,Midjil,Mahabubnagar,2025-07-11,Opportunistic screening,150,94,191,22.0,Diabetes,Borderline,2025-10-09
NCDR0003834,NCP0002905,Shobha Basha,F,54,+91-96459-03261,Bhanur,Patancheru,Sangareddy,2025-08-14,Opportunistic screening,128,92,268,30.6,Diabetes,Borderline,2025-11-12
NCDR0003835,NCP0002906,Srilatha Naik,F,29,9963111272,Macharam,Jadcherla,Mahabubnagar,2026-02-13,HWC screening,181,94,110,20.1,Hypertension,Uncontrolled,2026-04-14
NCDR0003836,NCP0002906,Srilatha Naik,F,29,9963111272,Macharam,Jadcherla,Mahabubnagar,2026-04-07,HWC screening,141,116,82,26.7,Hypertension,Controlled,2026-07-06
NCDR0003837,NCP0002907,Kaveetha Khan,F,73,9991793499,Gangapur,Jadcherla,Mahabubnagar,2026-04-14,Community screening,127,85,85,26.2,None,Not diagnosed,
NCDR0003838,NCP0002908,Srilatha Laxman,F,52,9259546166,Badepally,Jadcherla,Mahabubnagar,2026-03-08,HWC screening,106,88,300,26.3,Diabetes,Uncontrolled,2026-04-07
NCDR0003839,NCP0002909,Jyothi Yadav,F,79,,Kummarikunta,Chandur,Nalgonda,2026-05-15,Community screening,179,112,94,25.2,Hypertension,Controlled,2026-08-13
NCDR0003840,NCP0002910,Santosh Laxman,M,65,9179581700,Devarakonda,Devarakonda,Nalgonda,2026-03-20,Opportunistic screening,171,102,126,21.4,Hypertension,Uncontrolled,2026-06-18
NCDR0003841,NCP0002911,Srinivas Patel,M,31,9554517568,Bangarigadda,Chandur,Nalgonda,2025-11-29,HWC screening,130,84,296,33.5,Diabetes,Controlled,2026-01-28
NCDR0003842,NCP0002911,Srinivas Patel,M,30,9554517568,Bangarigadda,Chandur,Nalgonda,2026-03-26,Community screening,149,92,198,29.3,Diabetes,Controlled,2026-04-25
NCDR0003843,NCP0002911,Srinivas Patel,M,33,9554517568,Bangarigadda,Chandur,Nalgonda,2026-06-23,Community screening,106,69,184,25.1,Diabetes,Controlled,2026-08-22
NCDR0003844,NCP0002912,Swathi Das,F,57,9815018410,Nakrekal,Nakrekal,Nalgonda,2026-05-06,HWC screening,146,92,321,24.4,Diabetes,Uncontrolled,2026-06-05
NCDR0003845,NCP0002913,Kavitha,F,43,9187260091,MIDJIL,Midjil,Mahabubnagar,2025-09-28,HWC screening,156,116,160,26.7,Hypertension+Diabetes,Borderline,2025-12-27
NCDR0003846,NCP0002913,Kvitha Laxman,F,43,9187260291,Midjil,Midjil,Mahabubnagar,2025-12-20,Community screening,184,112,248,34.2,Hypertension+Diabetes,Borderline,2026-01-19
NCDR0003847,NCP0002914,Ramesh Goud,M,51,+91-93973-33879,Mangalapally,Nakrekal,Nalgonda,2026-02-06,HWC screening,139,106,136,21.4,Hypertension,Borderline,2026-05-07
NCDR0003848,NCP0002914,Ramesh Goud,M,52,9397333879,Mangalapally,Nakrekal,Nalgonda,2026-04-09,HWC screening,151,100,122,27.1,Hypertension,Controlled,2026-05-09
NCDR0003849,NCP0002915,Arun Yadav,M,26,9681665832,Ameenpur,Patancheru,Sangareddy,2026-01-29,Community screening,142,114,230,31.8,Hypertension+Diabetes,Uncontrolled,2026-03-30
NCDR0003850,NCP0002916,Anjali Reddy,F,45,9081384105,Manoor,Narayankhed,Sangareddy,2025-09-10,Opportunistic screening,175,86,101,22.2,Hypertension,Uncontrolled,2025-10-10
NCDR0003851,NCP0002916,Anjali Reddy,F,47,9081384105,Manoor,Narayankhed,Sangareddy,2025-12-28,Opportunistic screening,146,105,158,26.0,Hypertension,Uncontrolled,2026-01-27
NCDR0003852,NCP0002917,Kiran Basha,M,18,9896605064,Marrur,Nakrekal,Nalgonda,2025-07-02,Opportunistic screening,190,87,312,26.4,Hypertension+Diabetes,Controlled,2025-08-01
NCDR0003853,NCP0002917,Kiran Basha,M,18,9896605064,Marrur,Nakrekal,Nalgonda,2025-10-28,Opportunistic screening,151,102,252,19.3,Hypertension+Diabetes,Controlled,2026-01-26
NCDR0003854,NCP0002918,Renuka Patel,F,57,9603574891,Indresham,Patancheru,Sangareddy,2026-02-24,Community screening,183,92,164,25.6,Hypertension,Borderline,2026-04-25
NCDR0003855,NCP0002919,Sai Kumar,M,62,9216403192,Velpula,Midjil,Mahabubnagar,2026-01-10,Community screening,142,95,201,31.4,Diabetes,Uncontrolled,2026-03-11
NCDR0003856,NCP0002919,Sai Kumar,M,60,9216403192,VELPULA,Midjil,Mahabubnagar,2026-05-07,Opportunistic screening,143,76,193,32.1,Diabetes,Controlled,2026-06-06
NCDR0003857,NCP0002920,Shankar Mudiraj,M,48,,Chandur,Chandur,Nalgonda,2025-10-10,Opportunistic screening,184,114,86,22.3,Hypertension,Borderline,2026-01-08
NCDR0003858,NCP0002920,Shankar Mudiraj,M,50,9441385329,Chandur,Chandur,Nalgonda,2026-01-20,HWC screening,157,94,88,24.8,Hypertension,Uncontrolled,2026-03-21
NCDR0003859,NCP0002921,Bhavani Goud,F,46,,Polepally,Jadcherla,Mahabubnagar,2026-01-21,HWC screening,133,85,132,28.8,None,Not diagnosed,
NCDR0003860,NCP0002921,Bhavani Goud,F,46,9310600629,Polepally,Jadcherla,Mahabubnagar,2026-03-29,Opportunistic screening,145,91,84,29.2,None,Not diagnosed,
NCDR0003861,NCP0002922,Rani Narsimha,F,54,9543517641,Donur,Midjil,Mahabubnagar,2025-10-31,Opportunistic screening,111,90,275,26.9,Diabetes,Controlled,2025-12-30
NCDR0003862,NCP0002923,Anil Patel,M,53,+91-98351-89169,Badepally,Jadcherla,Mahabubnagar,2026-02-28,Community screening,145,93,291,33.8,Hypertension+Diabetes,Borderline,2026-05-29
NCDR0003863,NCP0002924,Anitha Mallaiah,F,18,9235808686,AMEENPUR,Patancheru,Sangareddy,2026-03-05,Community screening,150,102,111,25.0,Hypertension,Controlled,2026-05-04
NCDR0003864,NCP0002925,Rajesh Basha,M,42,9981512999,Kohir,Zaheerabad,Sangareddy,2025-07-11,Community screening,189,110,223,24.9,Hypertension+Diabetes,Borderline,2025-09-09
NCDR0003865,NCP0002926,Divya Khan,F,46,9486426332,Patancheru,Patancheru,Sangareddy,2025-11-27,Community screening,159,95,114,23.5,Hypertension,Controlled,2025-12-27
NCDR0003866,NCP0002927,Llitha Goud,F,85,+91-91418-23293,Patancheru,Patancheru,Sangareddy,2026-01-30,HWC screening,166,89,116,19.2,Hypertension,Uncontrolled,2026-03-31
NCDR0003867,NCP0002928,Anil Rao,M,37,,Kohir,Zaheerabad,Sangareddy,2026-01-25,Opportunistic screening,186,93,113,18.8,Hypertension,Borderline,2026-02-24
NCDR0003868,NCP0002929,Shobha Kumar,F,49,9085230184,Bodajanampet,Balanagar,Mahabubnagar,2025-08-26,Opportunistic screening,153,109,281,34.0,Hypertension+Diabetes,Borderline,2025-09-25
NCDR0003869,NCP0002929,Shobha Kumar,F,49,9085230184,Bodajanampet,Balanagar,Mahabubnagar,2025-10-18,Community screening,175,110,145,20.3,Hypertension+Diabetes,Uncontrolled,2025-12-17
NCDR0003870,NCP0002930,Kawitha Devi,F,54,9263005459,Gundlapally,Devarakonda,Nalgonda,2025-07-03,Opportunistic screening,123,95,236,25.9,Diabetes,Controlled,2025-08-02
NCDR0003871,NCP0002931,Harika Rao,F,73,9291392148,Bhanur,Patancheru,Sangareddy,2025-10-27,HWC screening,145,79,109,27.2,None,Not diagnosed,
NCDR0003872,NCP0002931,Harika Rao,F,75,,Bhanur,Patancheru,Sangareddy,2026-02-24,Community screening,122,76,141,22.8,None,Not diagnosed,
NCDR0003873,NCP0002932,Rani Yadav,F,63,9827267344,Gangapur,Jadcherla,Mahabubnagar,2025-09-16,Opportunistic screening,189,99,148,30.8,Hypertension,Borderline,2025-11-15
NCDR0003874,NCP0002933,Rghav Naik,M,22,,Balanagar,Balanagar,Mahabubnagar,2026-03-11,HWC screening,143,92,159,30.1,Hypertension+Diabetes,Controlled,2026-04-10
NCDR0003875,NCP0002934,Venkatesh Jangam,M,54,9044573032,Badepally,Jadcherla,Mahabubnagar,2026-02-19,Opportunistic screening,128,85,244,32.9,Diabetes,Borderline,2026-03-21
NCDR0003876,NCP0002935,Mahesh Laxman,M,29,9958937863,Indresham,Patancheru,Sangareddy,2026-04-02,HWC screening,120,90,271,24.1,Diabetes,Borderline,2026-07-01
NCDR0003877,NCP0002935,Mahesh Laxman,M,27,9958937863,Indresham,Patancheru,Sangareddy,2026-05-27,Opportunistic screening,120,75,304,20.9,Diabetes,Controlled,2026-07-26
NCDR0003878,NCP0002935,Mahesh Laxman,M,29,+91-99589-37863,Indresham,Patancheru,Sangareddy,2026-07-27,Opportunistic screening,144,86,260,27.9,Diabetes,Uncontrolled,2026-09-25
NCDR0003879,NCP0002936,Mounika Khan,F,32,9598891188,Nakrekal,Nakrekal,Nalgonda,2025-10-06,HWC screening,138,112,161,33.5,Hypertension+Diabetes,Uncontrolled,2025-12-05
NCDR0003880,NCP0002937,Srilata Rao,F,48,9588440345,Manoor,Narayankhed,Sangareddy,2025-10-02,Community screening,122,90,127,20.9,None,Not diagnosed,
NCDR0003881,NCP0002937,Srilatha Rao,F,50,9588440345,Manoor,Narayankhed,Sangareddy,2026-01-18,Opportunistic screening,118,88,86,29.9,None,Not diagnosed,
NCDR0003882,NCP0002937,Srilatha Rao,F,48,9588440345,Manoor,Narayankhed,Sangareddy,2026-01-24,HWC screening,149,73,104,26.1,None,Not diagnosed,
NCDR0003883,NCP0002938,Naresh Yadav,M,67,9761736997,Peddadinne,Devarakonda,Nalgonda,2026-04-27,HWC screening,149,108,305,19.3,Hypertension+Diabetes,Uncontrolled,2026-05-27
NCDR0003884,NCP0002939,Keeran Narsimha,M,51,,Velpula,Midjil,Mahabubnagar,2025-11-14,Community screening,168,114,98,20.5,Hypertension,Controlled,2026-01-13
NCDR0003885,NCP0002939,Kiran Narsimha,M,51,9841113405,Velpula,Midjil,Mahabubnagar,2026-01-18,HWC screening,179,110,162,33.6,Hypertension,Uncontrolled,2026-03-19
NCDR0003886,NCP0002939,Kiran Narsimha,M,51,+91-98411-13405,Velpula,Midjil,Mahabubnagar,2026-03-26,HWC screening,160,96,142,29.5,Hypertension,Borderline,2026-04-25
NCDR0003887,NCP0002940,Padma Mallaiah,F,61,9977354851,Peddadinne,Devarakonda,Nalgonda,2026-06-16,Opportunistic screening,182,87,91,19.5,Hypertension,Borderline,2026-09-14
NCDR0003888,NCP0002941,Mounika Khan,F,65,9429321444,Manoor,Narayankhed,Sangareddy,2025-12-17,Opportunistic screening,172,110,99,18.8,Hypertension,Controlled,2026-02-15
NCDR0003889,NCP0002942,Raju Yadav,M,40,,Nakrekal,Nakrekal,Nalgonda,2025-11-28,Opportunistic screening,164,88,208,18.5,Hypertension+Diabetes,Uncontrolled,2025-12-28
NCDR0003890,NCP0002943,Ramesh Krishna,M,33,9513597189,Peddadinne,Devarakonda,Nalgonda,2025-08-28,Opportunistic screening,148,101,189,31.2,Hypertension+Diabetes,Controlled,2025-09-27
NCDR0003891,NCP0002944,Deepika Jangam,F,55,+91-91788-07836,Gundlapally,Devarakonda,Nalgonda,2025-12-28,HWC screening,131,86,125,19.2,None,Not diagnosed,
NCDR0003892,NCP0002945,Swathi Kumar,F,35,9219184421,Badepally,Jadcherla,Mahabubnagar,2025-09-22,Opportunistic screening,116,80,281,31.2,Diabetes,Uncontrolled,2025-12-21
NCDR0003893,NCP0002946,Srilatha Yadav,F,37,9705973072,Macharam,Jadcherla,Mahabubnagar,2026-06-02,Community screening,129,90,325,18.6,Diabetes,Borderline,2026-08-31
NCDR0003894,NCP0002947,Saritha Narsimha,F,43,+91-93165-89696,Vemula,Midjil,Mahabubnagar,2025-08-27,Community screening,118,96,121,28.8,None,Not diagnosed,
NCDR0003895,NCP0002948,Lakshmi Basha,F,55,9022215240,Kalher,Narayankhed,Sangareddy,2026-01-13,HWC screening,119,96,301,28.8,Diabetes,Uncontrolled,2026-04-13
NCDR0003896,NCP0002948,Lakshmi Basha,F,53,9022215240,Kalher,Narayankhed,Sangareddy,2026-04-30,Community screening,131,82,320,25.2,Diabetes,Borderline,2026-05-30
NCDR0003897,NCP0002948,Lakshmi Basha,F,51,9022215240,Kalher,Narayankhed,Sangareddy,2026-06-16,Opportunistic screening,137,77,269,26.3,Diabetes,Uncontrolled,2026-08-15
NCDR0003898,NCP0002949,Divya Begum,F,30,9747635311,Ameenpur,Patancheru,Sangareddy,2026-02-24,Opportunistic screening,148,68,178,24.5,Diabetes,Uncontrolled,2026-04-25
NCDR0003899,NCP0002949,Divya Begum,F,30,9747635311,Ameenpur,Patancheru,Sangareddy,2026-05-31,HWC screening,145,83,168,31.4,Diabetes,Uncontrolled,2026-06-30
NCDR0003900,NCP0002950,Padma Khan,F,46,9861646207,Narayankhed,Narayankhed,Sangareddy,2026-01-14,HWC screening,139,80,125,30.2,None,Not diagnosed,
NCDR0003901,NCP0002951,Anil Chary,M,36,9798766388,BODAJANAMPET,Balanagar,Mahabubnagar,2025-11-18,Opportunistic screening,145,74,131,23.5,None,Not diagnosed,
NCDR0003902,NCP0002952,Srinivas Rao,M,38,9053767541,Marrur,Nakrekal,Nalgonda,2026-05-21,Community screening,140,83,142,33.8,None,Not diagnosed,
NCDR0003903,NCP0002953,Bhavani Begum,F,47,9624889567,Jharasangam,Zaheerabad,Sangareddy,2026-01-16,HWC screening,143,72,209,33.7,Diabetes,Borderline,2026-02-15
NCDR0003904,NCP0002954,Srinivas Basha,M,27,9336962059,Rajapur,Balanagar,Mahabubnagar,2025-11-27,Community screening,146,95,84,29.5,Hypertension,Borderline,2026-01-26
NCDR0003905,NCP0002954,Srinivs Basha,M,25,9339962259,Rajapur,Balanagar,Mahabubnagar,2026-02-18,Community screening,143,91,127,21.3,Hypertension,Uncontrolled,2026-05-19
NCDR0003906,NCP0002955,Deepeeka Laxman,F,45,9843197831,AMEENPUR,Patancheru,Sangareddy,2026-04-16,Opportunistic screening,132,83,139,34.1,None,Not diagnosed,
NCDR0003907,NCP0002955,Deepika Laxman,F,43,+91-98431-97831,Ameenpur,Patancheru,Sangareddy,2026-07-31,Community screening,126,69,165,26.6,None,Not diagnosed,
NCDR0003908,NCP0002956,Praveen Mudiraj,M,66,9192364388,RAJAPUR,Balanagar,Mahabubnagar,2025-10-21,Community screening,168,113,115,21.5,Hypertension,Uncontrolled,2025-12-20
NCDR0003909,NCP0002957,Lalitha,F,33,+91-93374-07069,Kohir,Zaheerabad,Sangareddy,2025-11-21,HWC screening,150,94,258,27.6,Diabetes,Controlled,2026-01-20
NCDR0003910,NCP0002958,Vinod Yadav,M,70,9252497124,Midjil,Midjil,Mahabubnagar,2026-05-14,Community screening,154,114,154,28.9,Hypertension,Uncontrolled,2026-08-12
NCDR0003911,NCP0002959,Raju Reddy,M,61,9597540270,Kangti,Narayankhed,Sangareddy,2026-05-08,Opportunistic screening,174,97,163,31.2,Hypertension,Controlled,2026-07-07
NCDR0003912,NCP0002959,Raju Reddy,M,59,9597540270,Kangti,Narayankhed,Sangareddy,2026-08-02,Opportunistic screening,175,107,119,28.8,Hypertension,Controlled,2026-09-01
NCDR0003913,NCP0002960,Bhavani Krishna,F,64,9551132750,Nomula,Nakrekal,Nalgonda,2026-01-22,HWC screening,140,74,129,19.8,None,Not diagnosed,
NCDR0003914,NCP0002961,Mouneeka Patel,F,31,9705215421,Devarakonda,Devarakonda,Nalgonda,2025-12-18,HWC screening,145,69,190,18.8,Diabetes,Borderline,2026-01-17
NCDR0003915,NCP0002962,Ramesh Laxman,M,69,,Nakrekal,Nakrekal,Nalgonda,2025-09-15,HWC screening,108,73,164,30.0,Diabetes,Borderline,2025-11-14
NCDR0003916,NCP0002962,Ramesh Laxman,M,69,9103347492,NAKREKAL,Nakrekal,Nalgonda,2025-11-25,Community screening,116,79,306,29.7,Diabetes,Borderline,2025-12-25
NCDR0003917,NCP0002963,Saritha Reddy,F,45,9525473723,Kohir,Zaheerabad,Sangareddy,2026-05-14,Opportunistic screening,148,79,146,31.8,None,Not diagnosed,
NCDR0003918,NCP0002964,Prveen Khan,M,40,9495993984,Devarakonda,Devarakonda,Nalgonda,2026-02-22,Community screening,136,76,96,22.7,None,Not diagnosed,
NCDR0003919,NCP0002964,Praveen Khan,M,37,9495993984,DEVARAKONDA,Devarakonda,Nalgonda,2026-04-29,Community screening,137,81,117,27.0,None,Not diagnosed,
NCDR0003920,NCP0002965,Raghav Chary,M,67,9213869571,Kangti,Narayankhed,Sangareddy,2026-05-01,Opportunistic screening,124,79,91,32.2,None,Not diagnosed,
NCDR0003921,NCP0002966,Ravi Krishna,M,35,,Bodajanampet,Balanagar,Mahabubnagar,2025-12-15,HWC screening,157,92,150,26.3,Hypertension,Uncontrolled,2026-01-14
NCDR0003922,NCP0002967,Mahesh Khan,M,49,,Kallepally,Balanagar,Mahabubnagar,2026-04-20,Community screening,176,113,149,22.7,Hypertension,Uncontrolled,2026-07-19
NCDR0003923,NCP0002968,run Mudiraj,M,32,9333547218,Velpula,Midjil,Mahabubnagar,2026-01-08,Community screening,127,94,322,33.4,Diabetes,Uncontrolled,2026-03-09
NCDR0003924,NCP0002969,Anjali Yadav,F,31,9579110856,Zaheerabad,Zaheerabad,Sangareddy,2025-11-20,Community screening,169,88,111,26.9,Hypertension,Borderline,2026-01-19
NCDR0003925,NCP0002970,Anil Yadav,M,32,9620413046,Devarakonda,Devarakonda,Nalgonda,2025-11-26,Community screening,124,85,211,27.7,Diabetes,Controlled,2026-01-25
NCDR0003926,NCP0002971,Sushma Patel,F,45,9812231364,Donur,Midjil,Mahabubnagar,2025-12-09,Community screening,138,85,282,22.5,Diabetes,Controlled,2026-03-09
NCDR0003927,NCP0002972,Mounika Jangam,F,64,,Badepall,Jadcherla,Mahabubnagar,2026-05-26,Opportunistic screening,117,96,304,31.6,Diabetes,Controlled,2026-06-25
NCDR0003928,NCP0002973,Kiran Kumar,M,39,9364052818,Peddadinne,Devarakonda,Nalgonda,2026-02-27,Opportunistic screening,170,88,271,32.6,Hypertension+Diabetes,Uncontrolled,2026-04-28
NCDR0003929,NCP0002973,Kiran Kumar,M,41,9364052818,Peddadinne,Devarakonda,Nalgonda,2026-04-26,Community screening,140,93,327,27.3,Hypertension+Diabetes,Borderline,2026-06-25
NCDR0003930,NCP0002974,Nares Naik,M,48,9620007609,Midjil,Midjil,Mahabubnagar,2026-03-26,Community screening,138,70,128,30.6,None,Not diagnosed,
NCDR0003931,NCP0002975,Suresh Das,M,18,9384140507,Devarakonda,Devarakonda,Nalgonda,2025-08-22,HWC screening,132,76,325,30.5,Diabetes,Controlled,2025-11-20
NCDR0003932,NCP0002975,Suresh Das,M,18,,Devarakonda,Devarakonda,Nalgonda,2025-11-04,Community screening,110,85,291,29.2,Diabetes,Uncontrolled,2025-12-04
NCDR0003933,NCP0002975,Suresh Das,M,18,9384140567,Devarakonda,Devarakonda,Nalgonda,2026-03-18,Opportunistic screening,106,96,327,29.0,Diabetes,Uncontrolled,2026-04-17
NCDR0003934,NCP0002976,Kirn Khan,M,84,9942943985,Bodajanampet,Balanagar,Mahabubnagar,2026-01-27,HWC screening,118,74,78,23.1,None,Not diagnosed,
NCDR0003935,NCP0002976,Kiran Khan,M,84,9942943985,Bodajanampet,Balanagar,Mahabubnagar,2026-05-21,Opportunistic screening,134,74,138,25.3,None,Not diagnosed,
NCDR0003936,NCP0002977,Raghav Basha,M,39,9378557233,Nakreka,Nakrekal,Nalgonda,2025-10-09,Community screening,154,86,136,25.3,Hypertension,Borderline,2025-11-08
NCDR0003937,NCP0002978,Shobha Khan,F,58,9848006014,Indresham,Patancheru,Sangareddy,2026-02-26,HWC screening,154,87,217,28.7,Hypertension+Diabetes,Borderline,2026-03-28
NCDR0003938,NCP0002978,Shobha Khan,F,60,,Indresham,Patancheru,Sangareddy,2026-05-23,HWC screening,169,92,232,32.1,Hypertension+Diabetes,Borderline,2026-07-22
NCDR0003939,NCP0002978,Shobha Khan,F,57,,Indresham,Patancheru,Sangareddy,2026-07-18,Community screening,147,115,192,20.7,Hypertension+Diabetes,Uncontrolled,2026-08-17
NCDR0003940,NCP0002979,Anitha Naik,F,30,9566184104,Zaheerabad,Zaheerabad,Sangareddy,2025-11-25,Community screening,111,91,215,25.8,Diabetes,Controlled,2026-02-23
NCDR0003941,NCP0002979,Anitha Naik,F,30,9566184104,Zaheerabad,Zaheerabad,Sangareddy,2026-03-16,Opportunistic screening,137,90,208,21.8,Diabetes,Controlled,2026-05-15
NCDR0003942,NCP0002980,Srilatha Das,F,42,,Bangarigadda,Chandur,Nalgonda,2026-01-05,Opportunistic screening,107,73,181,24.9,Diabetes,Borderline,2026-03-06
NCDR0003943,NCP0002981,Anitha Khan,F,85,9829859948,Narayankhed,Narayankhed,Sangareddy,2026-02-08,Community screening,107,91,114,30.0,None,Not diagnosed,
NCDR0003944,NCP0002981,Anitha Khan,F,85,9829859948,Narayankhed,Narayankhed,Sangareddy,2026-05-14,Opportunistic screening,115,68,113,26.0,None,Not diagnosed,
NCDR0003945,NCP0002982,Kavitha Krishna,F,48,9482547296,KOHIR,Zaheerabad,Sangareddy,2026-04-17,HWC screening,161,103,159,24.4,Hypertension,Uncontrolled,2026-06-16
NCDR0003946,NCP0002983,Neermala Goud,F,61,,Kallepally,Balanagar,Mahabubnagar,2026-01-05,Opportunistic screening,138,72,136,32.3,None,Not diagnosed,
NCDR0003947,NCP0002984,Renuka Devi,F,18,9093589820,Zaheerabad,Zaheerabad,Sangareddy,2026-05-20,Opportunistic screening,129,77,88,32.8,None,Not diagnosed,
NCDR0003948,NCP0002984,Renuka Devi,F,18,9093589820,Zaheerabad,Zaheerabad,Sangareddy,2026-08-04,Community screening,144,96,78,27.6,None,Not diagnosed,
NCDR0003949,NCP0002985,Ravi Yadav,M,59,9718119957,Patancheru,Patancheru,Sangareddy,2026-04-20,Opportunistic screening,187,106,156,24.8,Hypertension,Uncontrolled,2026-07-19
NCDR0003950,NCP0002986,Anitha Naik,F,56,9960810008,Kangti,Narayankhed,Sangareddy,2026-03-13,Community screening,142,90,164,25.7,Hypertension,Uncontrolled,2026-05-12
NCDR0003951,NCP0002987,Jyothee Laxman,F,39,,Patancheru,Patancheru,Sangareddy,2026-01-30,Community screening,147,92,199,19.7,Hypertension+Diabetes,Borderline,2026-03-01
NCDR0003952,NCP0002987,Jyothi Laxman,F,38,9201182448,Patancheru,Patancheru,Sangareddy,2026-05-14,Community screening,146,91,267,30.9,Hypertension+Diabetes,Uncontrolled,2026-07-13
NCDR0003953,NCP0002988,Jyothi Basha,F,54,9518921269,Marrur,Nakrekal,Nalgonda,2025-09-08,HWC screening,150,86,258,34.1,Diabetes,Uncontrolled,2025-10-08
NCDR0003954,NCP0002989,Sai Reddy,M,74,9840091938,Mogudampally,Zaheerabad,Sangareddy,2025-07-01,HWC screening,188,93,157,19.4,Hypertension,Uncontrolled,2025-07-31
NCDR0003955,NCP0002990,Venkatesh Kumar,M,72,9849315128,Kummarikunta,Chandur,Nalgonda,2026-05-11,Community screening,151,101,180,20.8,Hypertension+Diabetes,Controlled,2026-08-09
NCDR0003956,NCP0002990,Venkatesh Kumar,M,70,9849315128,Kummarikunta,Chandur,Nalgonda,2026-07-20,Community screening,180,89,213,27.1,Hypertension+Diabetes,Uncontrolled,2026-08-19
NCDR0003957,NCP0002991,Jyothi Goud,F,45,9049918018,Bodajanampet,Balanagar,Mahabubnagar,2025-07-24,Opportunistic screening,183,115,115,31.1,Hypertension,Uncontrolled,2025-08-23
NCDR0003958,NCP0002992,Kavitha Reddy,F,61,,Jharasangam,Zaheerabad,Sangareddy,2025-11-26,Opportunistic screening,183,91,188,25.0,Hypertension+Diabetes,Borderline,2025-12-26
NCDR0003959,NCP0002993,Mounika Mallaiah,F,46,,Vemula,Midjil,Mahabubnagar,2025-08-23,HWC screening,152,99,128,21.5,Hypertension,Borderline,2025-10-22
NCDR0003960,NCP0002994,Harika Laxman,F,51,9866653224,Vemula,Midjil,Mahabubnagar,2026-03-23,HWC screening,107,87,99,18.8,None,Not diagnosed,
NCDR0003961,NCP0002994,Harika Laxman,F,53,9866653224,Vemula,Midjil,Mahabubnagar,2026-06-15,Opportunistic screening,134,79,141,26.2,None,Not diagnosed,
NCDR0003962,NCP0002995,Anjalee Kumar,F,78,9153549719,Kondamallepally,Devarakonda,Nalgonda,2025-10-27,Opportunistic screening,186,112,148,31.2,Hypertension,Uncontrolled,2025-12-26
NCDR0003963,NCP0002995,Anjali Kumar,F,77,9153549719,Kondamallepall,Devarakonda,Nalgonda,2026-02-08,Community screening,165,109,142,29.3,Hypertension,Borderline,2026-03-10
NCDR0003964,NCP0002996,Nirmala Yadav,F,67,,Marrur,Nakrekal,Nalgonda,2025-11-16,Opportunistic screening,155,95,148,30.9,Hypertension+Diabetes,Uncontrolled,2025-12-16
NCDR0003965,NCP0002997,Swathi Goud,F,33,9478429258,Peddadinne,Devarakonda,Nalgonda,2025-10-29,Community screening,145,111,175,27.7,Hypertension+Diabetes,Uncontrolled,2025-11-28
NCDR0003966,NCP0002998,Rani Patel,F,69,9516758462,Badepally,Jadcherla,Mahabubnagar,2026-03-17,Opportunistic screening,139,108,120,19.3,Hypertension,Borderline,2026-06-15
NCDR0003967,NCP0002999,Swathi Kumar,F,30,9449992022,Manoo,Narayankhed,Sangareddy,2026-02-21,HWC screening,185,99,181,26.0,Hypertension+Diabetes,Borderline,2026-04-22
NCDR0003968,NCP0003000,Vinod Jngam,M,57,,MACHARAM,Jadcherla,Mahabubnagar,2025-10-16,HWC screening,180,86,96,33.5,Hypertension,Controlled,2026-01-14
NCDR0003969,NCP0003001,Rajesh Laxman,M,44,,Bhanur,Patancheru,Sangareddy,2025-12-22,HWC screening,186,108,242,24.9,Hypertension+Diabetes,Uncontrolled,2026-03-22
NCDR0003970,NCP0003001,Rajesh Laxman,M,42,9319940963,Bhanur,Patancheru,Sangareddy,2026-03-01,Community screening,181,101,182,29.5,Hypertension+Diabetes,Borderline,2026-05-30
NCDR0003971,NCP0003001,Rajesh Laxman,M,43,9319940963,Bhanu,Patancheru,Sangareddy,2026-05-21,Community screening,189,109,218,29.6,Hypertension+Diabetes,Controlled,2026-06-20
NCDR0003972,NCP0003002,Divya Mudiraj,F,69,9231310143,Balanagar,Balanagar,Mahabubnagar,2025-12-30,Opportunistic screening,170,102,137,18.9,Hypertension,Uncontrolled,2026-01-29
NCDR0003973,NCP0003002,Divya Mudiraj,F,68,9231310143,Balanagar,Balanagar,Mahabubnagar,2026-04-20,Community screening,172,96,158,23.3,Hypertension,Borderline,2026-06-19
NCDR0003974,NCP0003002,Divya Mudiraj,F,66,9231310143,Balanagar,Balanagar,Mahabubnagar,2026-08-07,HWC screening,180,95,143,33.3,Hypertension,Controlled,2026-09-06
NCDR0003975,NCP0003003,Anitha Mudiraj,F,59,9895677278,Nermata,Chandur,Nalgonda,2025-07-04,HWC screening,149,85,133,22.9,Hypertension,Uncontrolled,2025-09-02
NCDR0003976,NCP0003004,Srinivas Reddy,M,63,+91-91785-79715,Bangarigadda,Chandur,Nalgonda,2026-03-29,Opportunistic screening,150,74,129,23.8,None,Not diagnosed,
NCDR0003977,NCP0003004,Srinivas Reddy,M,65,9178579715,Bangarigadda,Chandur,Nalgonda,2026-07-10,Community screening,133,71,106,26.3,None,Not diagnosed,
NCDR0003978,NCP0003005,Saritha Chary,F,55,9884093659,Bodajanampet,Balanagar,Mahabubnagar,2025-11-21,HWC screening,182,94,131,34.0,Hypertension,Controlled,2026-01-20
NCDR0003979,NCP0003006,Mounika Devi,F,57,9565656480,Indresha,Patancheru,Sangareddy,2025-10-24,Opportunistic screening,120,74,184,22.8,Diabetes,Controlled,2026-01-22
NCDR0003980,NCP0003007,Suresh Jangam,M,36,9909316513,Midjil,Midjil,Mahabubnagar,2025-12-05,HWC screening,120,86,162,19.1,Diabetes,Borderline,2026-03-05
NCDR0003981,NCP0003007,Suresh Jangam,M,36,9909316513,Midjil,Midjil,Mahabubnagar,2026-03-14,Opportunistic screening,132,79,280,27.3,Diabetes,Controlled,2026-05-13
NCDR0003982,NCP0003007,Suresh Jangam,M,38,9909316513,Midjil,Midjil,Mahabubnagar,2026-05-10,Community screening,106,72,150,25.7,Diabetes,Uncontrolled,2026-08-08
NCDR0003983,NCP0003008,njali Narsimha,F,29,9942391530,ZAHEERABAD,Zaheerabad,Sangareddy,2026-01-22,Opportunistic screening,114,76,254,19.3,Diabetes,Controlled,2026-03-23
NCDR0003984,NCP0003009,Shankar Begum,M,28,9666333933,NARAYANKHED,Narayankhed,Sangareddy,2025-10-03,HWC screening,114,89,125,23.1,None,Not diagnosed,
NCDR0003985,NCP0003009,Shankar Begum,M,26,9666333933,Narayankhed,Narayankhed,Sangareddy,2026-01-13,HWC screening,122,89,107,33.0,None,Not diagnosed,
NCDR0003986,NCP0003010,Jyothi Laxman,F,38,9865758707,PEDDADINNE,Devarakonda,Nalgonda,2025-07-17,Opportunistic screening,181,106,94,26.9,Hypertension,Controlled,2025-09-15
NCDR0003987,NCP0003011,Anitha Khan,F,42,9278580233,Bhanur,Patancheru,Sangareddy,2026-05-15,HWC screening,149,116,142,24.3,Hypertension,Uncontrolled,2026-08-13
NCDR0003988,NCP0003011,nitha Khan,F,44,9278580233,Bhanur,Patancheru,Sangareddy,2026-08-10,Community screening,187,106,133,32.4,Hypertension,Uncontrolled,2026-09-09
NCDR0003989,NCP0003012,Mounika Jangam,F,40,9197790400,Zaheeraba,Zaheerabad,Sangareddy,2026-06-07,Community screening,187,108,79,19.4,Hypertension,Borderline,2026-09-05
NCDR0003990,NCP0003013,Ravi Kumar,M,33,9244880546,NARAYANKHED,Narayankhed,Sangareddy,2026-06-01,Community screening,135,82,162,28.1,None,Not diagnosed,
NCDR0003991,NCP0003014,Vinod Narsimha,M,76,9153507352,INDRESHAM,Patancheru,Sangareddy,2026-02-18,HWC screening,189,114,124,26.6,Hypertension,Controlled,2026-04-19
NCDR0003992,NCP0003014,Vinod Narsimha,M,76,9153507352,INDRESHAM,Patancheru,Sangareddy,2026-05-05,Community screening,159,107,148,23.4,Hypertension,Controlled,2026-07-04
NCDR0003993,NCP0003015,Mahesh Shekar,M,43,+91-94569-90147,Rajapur,Balanagar,Mahabubnagar,2026-04-28,Opportunistic screening,133,79,125,25.9,None,Not diagnosed,
NCDR0003994,NCP0003015,Mahesh Shekar,M,43,9456990147,Rajapur,Balanagar,Mahabubnagar,2026-07-02,Community screening,150,83,144,30.7,None,Not diagnosed,
NCDR0003995,NCP0003016,Deepeeka Rao,F,44,9940664604,Bhanu,Patancheru,Sangareddy,2025-10-24,Community screening,150,95,154,19.0,Diabetes,Controlled,2025-12-23
NCDR0003996,NCP0003017,Divya Kumar,F,84,9003857659,Marrur,Nakrekal,Nalgonda,2025-12-08,Community screening,164,86,271,27.7,Hypertension+Diabetes,Borderline,2026-01-07
NCDR0003997,NCP0003017,Divy Kumar,F,86,9003857659,Marrur,Nakrekal,Nalgonda,2026-03-11,Opportunistic screening,164,99,309,27.4,Hypertension+Diabetes,Controlled,2026-05-10
NCDR0003998,NCP0003017,Divya Kumar,F,86,9003857659,Marrur,Nakrekal,Nalgonda,2026-05-13,Community screening,153,113,256,32.5,Hypertension+Diabetes,Controlled,2026-08-11
NCDR0003999,NCP0003018,Divya Jangam,F,60,9574409740,Bangarigadda,Chandur,Nalgonda,2026-03-08,Community screening,176,93,321,29.8,Hypertension+Diabetes,Controlled,2026-06-06
NCDR0004000,NCP0003019,Mounika Rao,F,35,9381278659,MARRUR,Nakrekal,Nalgonda,2025-09-09,HWC screening,160,112,99,31.2,Hypertension,Uncontrolled,2025-11-08
NCDR0004001,NCP0003020,Shankar Yadav,M,43,9927115596,Devarakonda,Devarakonda,Nalgonda,2026-04-08,Opportunistic screening,187,96,118,24.8,Hypertension,Uncontrolled,2026-05-08
NCDR0004002,NCP0003021,Divya Basha,F,40,9703407057,Donur,Midjil,Mahabubnagar,2025-08-03,Opportunistic screening,112,92,99,29.5,None,Not diagnosed,
NCDR0004003,NCP0003022,Deepika Shekar,F,29,,Kummarikunta,Chandur,Nalgonda,2025-07-25,Community screening,132,92,100,23.2,None,Not diagnosed,
NCDR0004004,NCP0003023,Ramesh Reddy,M,32,9839515822,Balanagar,Balanagar,Mahabubnagar,2025-08-02,HWC screening,177,97,148,21.0,Hypertension,Controlled,2025-09-01
NCDR0004005,NCP0003024,Naresh Basha,M,64,9486807742,VELPULA,Midjil,Mahabubnagar,2026-06-14,HWC screening,142,84,124,31.4,Hypertension,Uncontrolled,2026-09-12
NCDR0004006,NCP0003025,Jyothee Mallaiah,F,47,9963647589,Rajapur,Balanagar,Mahabubnagar,2025-12-03,HWC screening,173,87,136,24.3,Hypertension,Borderline,2026-02-01
NCDR0004007,NCP0003026,Saritha Laxman,F,49,,Donur,Midjil,Mahabubnagar,2026-04-01,HWC screening,152,96,125,27.7,Hypertension,Borderline,2026-05-31
NCDR0004008,NCP0003027,Shobha Khan,F,59,9158837509,Chandur,Chandur,Nalgonda,2025-12-08,HWC screening,117,80,268,32.4,Diabetes,Uncontrolled,2026-03-08
NCDR0004009,NCP0003028,Rajesh Laxman,M,43,9548617278,Devarakonda,Devarakonda,Nalgonda,2026-03-09,Opportunistic screening,132,71,141,22.3,None,Not diagnosed,
NCDR0004010,NCP0003029,Bhavani Das,F,36,9907317724,Zaheerabad,Zaheerabad,Sangareddy,2025-08-08,Community screening,107,68,237,29.5,Diabetes,Borderline,2025-09-07
NCDR0004011,NCP0003030,Jyothi Khan,F,81,9351692023,Ameenpur,Patancheru,Sangareddy,2025-10-29,Community screening,132,70,107,19.0,None,Not diagnosed,
NCDR0004012,NCP0003031,Praveen Jangam,M,74,9367143256,Ameenpur,Patancheru,Sangareddy,2026-05-30,Community screening,106,87,163,32.3,None,Not diagnosed,
NCDR0004013,NCP0003032,Saritha,F,45,9540619018,Jharasangam,Zaheerabad,Sangareddy,2025-12-05,Community screening,189,89,81,34.0,Hypertension,Controlled,2026-02-03
NCDR0004014,NCP0003033,Raghav Patel,M,24,+91-90687-83259,Macharam,Jadcherla,Mahabubnagar,2025-11-21,Community screening,161,96,89,22.2,Hypertension,Borderline,2025-12-21
NCDR0004015,NCP0003033,Raghav Patel,M,23,9068783259,Macharam,Jadcherla,Mahabubnagar,2026-02-18,Community screening,145,91,137,19.2,Hypertension,Controlled,2026-05-19
NCDR0004016,NCP0003034,Kavitha Begum,F,33,9039702349,Nakrekal,Nakrekal,Nalgonda,2026-03-22,Opportunistic screening,160,110,312,31.4,Hypertension+Diabetes,Uncontrolled,2026-06-20
NCDR0004017,NCP0003035,Santosh Basha,M,72,9454205520,Kohir,Zaheerabad,Sangareddy,2025-08-25,HWC screening,133,86,155,34.1,Diabetes,Uncontrolled,2025-11-23
NCDR0004018,NCP0003036,Venkatesh Krishna,M,39,,Devarakonda,Devarakonda,Nalgonda,2026-05-18,Opportunistic screening,181,111,156,24.5,Hypertension,Controlled,2026-08-16
NCDR0004019,NCP0003037,Santosh Mudiraj,M,46,9376663040,Mangalapally,Nakrekal,Nalgonda,2025-07-31,HWC screening,158,87,99,26.5,Hypertension,Uncontrolled,2025-10-29
NCDR0004020,NCP0003038,Lalitha Laxman,F,63,+91-97092-23125,Bangarigadda,Chandur,Nalgonda,2026-06-15,HWC screening,120,86,162,30.3,None,Not diagnosed,
NCDR0004021,NCP0003039,Bhavani Das,F,39,9034906060,Kondamallepally,Devarakonda,Nalgonda,2025-09-02,Community screening,129,72,135,29.5,None,Not diagnosed,
NCDR0004022,NCP0003040,Mounika Naik,F,54,9361649496,Donur,Midjil,Mahabubnagar,2026-01-05,HWC screening,116,96,179,24.6,Diabetes,Uncontrolled,2026-03-06
NCDR0004023,NCP0003041,Renuka Narsimha,F,53,9739291185,Devarakonda,Devarakonda,Nalgonda,2026-02-08,HWC screening,140,80,302,33.9,Diabetes,Controlled,2026-04-09
NCDR0004024,NCP0003042,Arun Basha,M,75,9152315414,Gangapur,Jadcherla,Mahabubnagar,2025-08-22,HWC screening,179,102,190,29.2,Hypertension+Diabetes,Uncontrolled,2025-11-20
NCDR0004025,NCP0003043,Anil Rao,M,49,9554730180,Bhanur,Patancheru,Sangareddy,2025-12-24,HWC screening,148,79,104,33.0,None,Not diagnosed,
NCDR0004026,NCP0003044,Anil Begum,M,45,9776093786,Kangti,Narayankhed,Sangareddy,2025-12-01,HWC screening,142,79,297,25.6,Diabetes,Uncontrolled,2026-01-30
NCDR0004027,NCP0003044,Anil Begum,M,47,9776093786,Kangti,Narayankhed,Sangareddy,2026-03-17,Community screening,131,73,277,19.7,Diabetes,Controlled,2026-05-16
NCDR0004028,NCP0003045,Saritha Krishna,F,71,9093964452,Bodajanampet,Balanagar,Mahabubnagar,2026-05-09,Community screening,144,80,187,28.6,Diabetes,Borderline,2026-08-07
NCDR0004029,NCP0003046,Suresh Goud,M,44,9640223811,Indresham,Patancheru,Sangareddy,2026-05-01,HWC screening,145,77,153,27.6,Diabetes,Borderline,2026-05-31
NCDR0004030,NCP0003047,Shankar Patel,M,37,9999392369,Donur,Midjil,Mahabubnagar,2025-07-09,HWC screening,159,114,158,23.0,Hypertension,Uncontrolled,2025-08-08
NCDR0004031,NCP0003047,Shankar Patel,M,35,9499392369,DONUR,Midjil,Mahabubnagar,2025-09-03,HWC screening,189,88,101,19.5,Hypertension,Controlled,2025-10-03
NCDR0004032,NCP0003048,Ramesh Reddy,M,41,+91-99015-64478,Gangapur,Jadcherla,Mahabubnagar,2025-08-25,Community screening,151,107,189,30.8,Hypertension+Diabetes,Borderline,2025-11-23
NCDR0004033,NCP0003048,Ramesh Reddy,M,43,9901564478,Gangapur,Jadcherla,Mahabubnagar,2025-10-21,Opportunistic screening,145,93,247,23.5,Hypertension+Diabetes,Uncontrolled,2026-01-19
NCDR0004034,NCP0003049,Naveen Khan,M,54,9036830759,Kalher,Narayankhed,Sangareddy,2025-08-02,HWC screening,156,101,277,21.2,Hypertension+Diabetes,Borderline,2025-10-31
NCDR0004035,NCP0003050,Kiran Goud,M,58,9414272297,Bangarigadda,Chandur,Nalgonda,2025-09-08,Community screening,189,91,316,23.1,Hypertension+Diabetes,Uncontrolled,2025-11-07
NCDR0004036,NCP0003050,Kiran Goud,M,58,9418272297,Bangarigadda,Chandur,Nalgonda,2025-12-02,Opportunistic screening,171,99,324,34.5,Hypertension+Diabetes,Borderline,2026-01-01
NCDR0004037,NCP0003051,Srinivas Shekar,M,33,9675711609,Mangalapall,Nakrekal,Nalgonda,2026-02-05,HWC screening,170,84,110,26.7,Hypertension,Borderline,2026-03-07
NCDR0004038,NCP0003052,Sushma Shekar,F,43,9441234174,Bangarigadda,Chandur,Nalgonda,2026-02-19,HWC screening,166,93,240,22.6,Hypertension+Diabetes,Controlled,2026-05-20
NCDR0004039,NCP0003053,Naresh Rao,M,51,9526806496,Nomula,Nakrekal,Nalgonda,2025-11-06,Community screening,177,86,286,33.2,Hypertension+Diabetes,Controlled,2026-02-04
NCDR0004040,NCP0003054,Swathi Goud,F,46,9840843828,Manoo,Narayankhed,Sangareddy,2025-07-04,Community screening,175,101,86,20.9,Hypertension,Borderline,2025-08-03
NCDR0004041,NCP0003055,Mohan Krishna,M,42,9357443890,Kondamallepally,Devarakonda,Nalgonda,2025-07-12,HWC screening,111,89,310,29.7,Diabetes,Borderline,2025-09-10
NCDR0004042,NCP0003056,Rajesh Naik,M,59,9896554339,Balanagar,Balanagar,Mahabubnagar,2026-02-06,Community screening,139,105,142,26.4,Hypertension,Uncontrolled,2026-04-07
NCDR0004043,NCP0003057,Shobha Laxman,F,61,+91-98631-86098,Zaheerabad,Zaheerabad,Sangareddy,2025-07-27,Opportunistic screening,140,105,129,34.5,Hypertension,Borderline,2025-08-26
NCDR0004044,NCP0003058,Venkatesh Patel,M,47,,BANGARIGADDA,Chandur,Nalgonda,2025-12-07,Opportunistic screening,175,110,152,28.4,Hypertension,Uncontrolled,2026-01-06
NCDR0004045,NCP0003059,Rani Mallaiah,F,48,,Patancheru,Patancheru,Sangareddy,2025-10-15,HWC screening,144,107,90,29.7,Hypertension,Controlled,2025-12-14
NCDR0004046,NCP0003060,Shobha Shekar,F,69,9499792440,Jharasangam,Zaheerabad,Sangareddy,2026-05-13,Opportunistic screening,168,99,115,30.2,Hypertension,Borderline,2026-07-12
NCDR0004047,NCP0003061,Renuka Yadav,F,18,9830475114,Mangalapally,Nakrekal,Nalgonda,2026-03-17,HWC screening,143,96,246,34.3,Hypertension+Diabetes,Controlled,2026-04-16
NCDR0004048,NCP0003062,Sai Rao,M,73,9944734544,Manoor,Narayankhed,Sangareddy,2026-05-05,Community screening,127,95,150,26.6,None,Not diagnosed,
NCDR0004049,NCP0003063,Kavitha Das,F,18,9493084836,Mogudampally,Zaheerabad,Sangareddy,2026-06-07,Community screening,105,86,224,29.6,Diabetes,Uncontrolled,2026-07-07
NCDR0004050,NCP0003063,Kaveetha Das,F,18,9493084836,Mogudampally,Zaheerabad,Sangareddy,2026-08-08,Opportunistic screening,107,76,164,21.4,Diabetes,Controlled,2026-11-06
NCDR0004051,NCP0003064,Deepika Narsimha,F,40,+91-95725-78213,Kallepally,Balanagar,Mahabubnagar,2025-12-29,Opportunistic screening,110,71,149,25.5,Diabetes,Controlled,2026-03-29
NCDR0004052,NCP0003065,Anitha Shekar,F,48,9565254291,Kondamallepally,Devarakonda,Nalgonda,2026-04-01,Opportunistic screening,188,105,134,22.5,Hypertension,Controlled,2026-05-01
NCDR0004053,NCP0003066,Venkatesh Basha,M,55,9303259157,Rajapur,Balanagar,Mahabubnagar,2026-03-23,Community screening,147,98,113,19.2,Hypertension,Borderline,2026-04-22
NCDR0004054,NCP0003066,Venkatesh Basha,M,54,9303259157,Rajapur,Balanagar,Mahabubnagar,2026-06-15,HWC screening,140,105,134,29.4,Hypertension,Uncontrolled,2026-07-15
NCDR0004055,NCP0003067,Arun Mudeeraj,M,64,9311899668,Indresham,Patancheru,Sangareddy,2026-06-04,Opportunistic screening,121,80,193,24.4,Diabetes,Borderline,2026-09-02
NCDR0004056,NCP0003068,Sai Mudiraj,M,48,9640389832,Bhanur,Patancheru,Sangareddy,2025-12-08,Community screening,179,111,164,22.9,Hypertension,Controlled,2026-03-08
NCDR0004057,NCP0003068,Sai Mudiraj,M,46,+91-96403-89832,Bhanur,Patancheru,Sangareddy,2026-02-25,Opportunistic screening,175,109,143,27.8,Hypertension,Uncontrolled,2026-03-27
NCDR0004058,NCP0003069,Rani Laxman,F,25,+91-91396-15927,Mangalapally,Nakrekal,Nalgonda,2025-09-22,HWC screening,128,83,119,30.1,None,Not diagnosed,
NCDR0004059,NCP0003070,Lakshmi Devi,F,51,9237483758,Mangalapally,Nakrekal,Nalgonda,2026-05-27,Community screening,132,92,78,24.2,None,Not diagnosed,
NCDR0004060,NCP0003071,Shankar Goud,M,54,9184113689,Midjil,Midjil,Mahabubnagar,2025-11-10,Opportunistic screening,152,100,151,21.3,Hypertension,Borderline,2025-12-10
NCDR0004061,NCP0003071,Shankar Goud,M,54,9184113689,Midji,Midjil,Mahabubnagar,2026-01-26,Opportunistic screening,188,109,148,28.6,Hypertension,Controlled,2026-02-25
NCDR0004062,NCP0003072,Praveen Patel,M,54,9757792573,Patancheru,Patancheru,Sangareddy,2026-02-19,Opportunistic screening,190,106,133,26.5,Hypertension,Uncontrolled,2026-04-20
NCDR0004063,NCP0003073,Ravi Begum,M,18,9613320244,Narayankhe,Narayankhed,Sangareddy,2026-01-03,Opportunistic screening,129,72,281,33.2,Diabetes,Borderline,2026-04-03
NCDR0004064,NCP0003073,Ravi Begum,M,18,9613320244,Narayankhed,Narayankhed,Sangareddy,2026-04-28,Community screening,138,72,219,24.8,Diabetes,Borderline,2026-06-27
NCDR0004065,NCP0003074,Ramesh Laxman,M,54,+91-92962-25174,Macharam,Jadcherla,Mahabubnagar,2026-01-19,Community screening,145,78,165,31.4,None,Not diagnosed,
NCDR0004066,NCP0003075,Mahesh Dewi,M,18,,Bodajanampet,Balanagar,Mahabubnagar,2026-06-07,Opportunistic screening,109,78,203,32.8,Diabetes,Borderline,2026-08-06
NCDR0004067,NCP0003076,Lakshmi Goud,F,49,9518195504,Kohir,Zaheerabad,Sangareddy,2026-04-09,Opportunistic screening,140,99,87,30.0,Hypertension,Uncontrolled,2026-07-08
NCDR0004068,NCP0003077,Swathi Devi,F,45,9272301701,Kangti,Narayankhed,Sangareddy,2025-08-12,Opportunistic screening,170,86,301,32.7,Hypertension+Diabetes,Controlled,2025-09-11
NCDR0004069,NCP0003078,Harika Jangam,F,39,9547713616,Gundlapally,Devarakonda,Nalgonda,2025-08-18,Community screening,133,74,264,33.4,Diabetes,Uncontrolled,2025-11-16
NCDR0004070,NCP0003079,Arun Yadav,M,78,9712913815,Indresham,Patancheru,Sangareddy,2025-10-17,Opportunistic screening,128,77,299,28.4,Diabetes,Controlled,2025-12-16
NCDR0004071,NCP0003080,Raju Mallaiah,M,34,+91-94324-72300,Bhanu,Patancheru,Sangareddy,2026-02-10,HWC screening,165,93,163,31.2,Hypertension,Controlled,2026-03-12
NCDR0004072,NCP0003081,Kiran Reddy,M,20,9274671241,Chandur,Chandur,Nalgonda,2026-03-10,Community screening,117,89,234,24.5,Diabetes,Uncontrolled,2026-06-08
NCDR0004073,NCP0003082,Sushma Reddy,F,32,9222470241,Kondamallepally,Devarakonda,Nalgonda,2025-11-06,Community screening,157,86,115,32.2,Hypertension,Controlled,2025-12-06
NCDR0004074,NCP0003083,sobha Yadav,F,38,,Kalhe,Narayankhed,Sangareddy,2025-09-12,Community screening,108,73,141,30.4,None,Not diagnosed,
NCDR0004075,NCP0003083,Shobha Yadav,F,37,9337722084,Kalher,Narayankhed,Sangareddy,2025-10-31,HWC screening,146,86,129,31.1,None,Not diagnosed,
NCDR0004076,NCP0003083,Shobha Yadav,F,36,9337722084,Kalher,Narayankhed,Sangareddy,2026-03-03,Opportunistic screening,147,77,93,18.9,None,Not diagnosed,
NCDR0004077,NCP0003084,Lalitha Patel,F,50,9789499677,Ameenpur,Patancheru,Sangareddy,2025-10-13,HWC screening,124,91,134,32.2,None,Not diagnosed,
NCDR0004078,NCP0003085,Anil Begum,M,18,9694484446,Kohir,Zaheerabad,Sangareddy,2025-12-12,HWC screening,120,69,109,26.9,None,Not diagnosed,
NCDR0004079,NCP0003086,Rajesh Khan,M,24,9461007722,Jharasangam,Zaheerabad,Sangareddy,2026-01-30,Community screening,132,94,311,33.2,Diabetes,Controlled,2026-04-30
NCDR0004080,NCP0003087,Ramesh Mudiraj,M,47,9501702608,Rajapur,Balanagar,Mahabubnagar,2026-03-13,Opportunistic screening,116,80,255,29.9,Diabetes,Uncontrolled,2026-04-12
NCDR0004081,NCP0003088,Vinod Yadav,M,50,9249446410,BADEPALLY,Jadcherla,Mahabubnagar,2026-01-10,Community screening,176,84,136,33.7,Hypertension,Uncontrolled,2026-04-10
NCDR0004082,NCP0003089,Padma Das,F,49,9547662099,Kummarikunta,Chandur,Nalgonda,2026-03-06,HWC screening,132,81,154,24.0,None,Not diagnosed,
NCDR0004083,NCP0003090,Naween Patel,M,70,,Bhanur,Patancheru,Sangareddy,2025-10-28,Opportunistic screening,179,101,145,31.9,Hypertension,Borderline,2025-12-27
NCDR0004084,NCP0003091,Ramesh Shekar,M,72,9419794753,Jharasangam,Zaheerabad,Sangareddy,2025-10-13,Opportunistic screening,145,90,154,29.0,None,Not diagnosed,
NCDR0004085,NCP0003091,Ramesh Shekar,M,72,+91-94197-94753,Jharasangam,Zaheerabad,Sangareddy,2026-02-02,Opportunistic screening,119,92,122,32.2,None,Not diagnosed,
NCDR0004086,NCP0003091,Ramesh Shekar,M,72,9419794753,Jharasangam,Zaheerabad,Sangareddy,2026-01-23,Community screening,125,69,130,23.1,None,Not diagnosed,
NCDR0004087,NCP0003092,Anitha Narsimha,F,33,9160307144,Velpula,Midjil,Mahabubnagar,2025-12-21,Community screening,111,94,138,27.3,None,Not diagnosed,
NCDR0004088,NCP0003093,Shankar Devi,M,64,,Mogudampally,Zaheerabad,Sangareddy,2025-11-25,HWC screening,131,84,159,22.6,None,Not diagnosed,
NCDR0004089,NCP0003094,Saritha Jangam,F,41,,Zaheerabad,Zaheerabad,Sangareddy,2026-01-17,HWC screening,105,78,103,33.6,None,Not diagnosed,
NCDR0004090,NCP0003094,Saritha Jangam,F,43,9253162337,Zaheerabad,Zaheerabad,Sangareddy,2026-03-21,Opportunistic screening,128,85,147,33.0,None,Not diagnosed,
NCDR0004091,NCP0003095,Divya Begum,F,35,9490771578,Midjil,Midjil,Mahabubnagar,2025-08-18,Opportunistic screening,165,109,129,29.3,Hypertension,Controlled,2025-09-17
NCDR0004092,NCP0003096,Saritha Reddy,F,33,9598340632,Bhanur,Patancheru,Sangareddy,2026-03-30,HWC screening,121,83,218,28.1,Diabetes,Controlled,2026-06-28
NCDR0004093,NCP0003097,Renuka Narsimha,F,68,9762848932,Rajapur,Balanagar,Mahabubnagar,2026-05-31,Opportunistic screening,188,96,83,26.4,Hypertension,Uncontrolled,2026-07-30
NCDR0004094,NCP0003098,Renuka Begum,F,35,9977439906,Kummarikunta,Chandur,Nalgonda,2026-01-21,HWC screening,145,72,227,19.7,Diabetes,Uncontrolled,2026-04-21
NCDR0004095,NCP0003099,Sushma Naik,F,52,9256375325,Narayankhed,Narayankhed,Sangareddy,2026-01-13,Opportunistic screening,187,104,128,25.0,Hypertension,Uncontrolled,2026-02-12
NCDR0004096,NCP0003099,Sushma Naik,F,53,9256375325,Narayankhed,Narayankhed,Sangareddy,2026-03-23,Community screening,154,102,113,27.1,Hypertension,Uncontrolled,2026-04-22
NCDR0004097,NCP0003100,Padma Shekar,F,54,9628683557,Zaheerabad,Zaheerabad,Sangareddy,2026-01-12,Community screening,121,84,125,28.2,None,Not diagnosed,
NCDR0004098,NCP0003101,Anjali Khan,F,37,9782029828,Gundlapally,Devarakonda,Nalgonda,2025-09-15,HWC screening,139,79,102,25.4,None,Not diagnosed,
NCDR0004099,NCP0003102,Ramesh Basha,M,39,9076862667,Indresham,Patancheru,Sangareddy,2025-07-26,HWC screening,169,112,129,23.0,Hypertension,Controlled,2025-09-24
NCDR0004100,NCP0003102,Ramesh Basha,M,39,9076862667,Indresham,Patancheru,Sangareddy,2025-09-11,HWC screening,185,101,105,29.6,Hypertension,Uncontrolled,2025-10-11
NCDR0004101,NCP0003103,Arun Basha,M,30,+91-98116-31314,Midjil,Midjil,Mahabubnagar,2026-06-11,HWC screening,159,88,323,21.1,Hypertension+Diabetes,Borderline,2026-08-10
NCDR0004102,NCP0003104,Renuka Das,F,30,9447204253,KONDAMALLEPALLY,Devarakonda,Nalgonda,2025-09-08,HWC screening,134,92,96,31.4,None,Not diagnosed,
NCDR0004103,NCP0003105,Padma Narsimha,F,44,9021645332,Macharam,Jadcherla,Mahabubnagar,2026-04-07,Opportunistic screening,128,90,206,32.2,Diabetes,Controlled,2026-05-07
NCDR0004104,NCP0003105,Padma Narsimha,F,42,+91-90216-45332,Macharam,Jadcherla,Mahabubnagar,2026-07-12,Community screening,149,68,280,21.2,Diabetes,Borderline,2026-09-10
NCDR0004105,NCP0003106,Renuka Mudiraj,F,58,9338556303,Gangapur,Jadcherla,Mahabubnagar,2025-10-16,Opportunistic screening,131,74,264,33.0,Diabetes,Controlled,2026-01-14
NCDR0004106,NCP0003107,Venkatesh Das,M,74,9216660187,Kangti,Narayankhed,Sangareddy,2026-05-17,Community screening,131,78,212,24.7,Diabetes,Controlled,2026-07-16
NCDR0004107,NCP0003107,Venktesh Das,M,75,9216660187,Kangti,Narayankhed,Sangareddy,2026-08-09,Community screening,140,93,164,32.1,Diabetes,Controlled,2026-11-07
NCDR0004108,NCP0003108,Raju Mallaiah,M,39,9671851570,Manoor,Narayankhed,Sangareddy,2026-02-20,HWC screening,111,70,249,31.9,Diabetes,Uncontrolled,2026-03-22
NCDR0004109,NCP0003109,Anil Patel,M,41,9437824030,Narayankhe,Narayankhed,Sangareddy,2025-08-09,Community screening,172,87,117,32.2,Hypertension,Controlled,2025-09-08
NCDR0004110,NCP0003109,Anil Patel,M,43,9437824030,Narayankhed,Narayankhed,Sangareddy,2025-11-29,HWC screening,188,89,139,28.7,Hypertension,Controlled,2025-12-29
NCDR0004111,NCP0003110,Anitha Chary,F,59,,Macharam,Jadcherla,Mahabubnagar,2025-07-31,Opportunistic screening,150,96,211,24.9,Hypertension+Diabetes,Controlled,2025-09-29
NCDR0004112,NCP0003110,Anitha Chary,F,57,9457640437,Macharam,Jadcherla,Mahabubnagar,2025-09-19,HWC screening,169,108,173,22.8,Hypertension+Diabetes,Uncontrolled,2025-12-18
NCDR0004113,NCP0003111,Kiran Naik,M,30,9229555919,Mangalapally,Nakrekal,Nalgonda,2026-01-03,HWC screening,121,87,303,24.1,Diabetes,Controlled,2026-04-03
NCDR0004114,NCP0003111,Kiran Naik,M,30,9229555999,Mangalapally,Nakrekal,Nalgonda,2026-04-19,Opportunistic screening,112,68,293,33.8,Diabetes,Borderline,2026-05-19
NCDR0004115,NCP0003111,Kiran Naik,M,30,9229555919,MANGALAPALLY,Nakrekal,Nalgonda,2026-05-29,Community screening,116,91,294,26.0,Diabetes,Controlled,2026-08-27
NCDR0004116,NCP0003112,Mohan Goud,M,56,9801975838,Gangapur,Jadcherla,Mahabubnagar,2025-08-18,HWC screening,144,116,247,22.7,Hypertension+Diabetes,Borderline,2025-09-17
NCDR0004117,NCP0003113,Renuka Goud,F,46,+91-91048-66595,Mogudampally,Zaheerabad,Sangareddy,2026-06-08,Community screening,142,104,327,19.4,Hypertension+Diabetes,Controlled,2026-07-08
NCDR0004118,NCP0003114,Harika Basha,F,19,9772768969,Donur,Midjil,Mahabubnagar,2025-07-30,Opportunistic screening,146,91,142,19.8,Hypertension,Borderline,2025-08-29
NCDR0004119,NCP0003115,Sritha Yadav,F,53,9316740226,Machara,Jadcherla,Mahabubnagar,2026-02-08,Community screening,189,89,154,33.1,Hypertension,Controlled,2026-04-09
NCDR0004120,NCP0003116,winod Reddy,M,43,9600878020,Vemula,Midjil,Mahabubnagar,2026-01-11,HWC screening,143,77,102,31.7,None,Not diagnosed,
NCDR0004121,NCP0003117,Divya Rao,F,46,9926274842,Polepalli,Jadcherla,Mahabubnagar,2026-06-01,HWC screening,150,80,152,25.4,None,Not diagnosed,
NCDR0004122,NCP0003118,Lakshmi Laxman,F,59,+91-98962-16373,Kalhe,Narayankhed,Sangareddy,2025-11-11,Opportunistic screening,188,104,155,27.6,Hypertension,Borderline,2026-02-09
NCDR0004123,NCP0003119,Llitha Basha,F,71,9760641643,Nomula,Nakrekal,Nalgonda,2026-05-25,Opportunistic screening,183,106,308,28.9,Hypertension+Diabetes,Controlled,2026-08-23
NCDR0004124,NCP0003120,Harika Laxman,F,72,9554147233,Gundlapally,Devarakonda,Nalgonda,2025-08-14,Opportunistic screening,183,106,101,23.0,Hypertension,Uncontrolled,2025-11-12
NCDR0004125,NCP0003121,Praveen Das,M,40,9057788839,Donur,Midjil,Mahabubnagar,2025-10-04,Community screening,148,84,207,24.3,Diabetes,Uncontrolled,2025-11-03
NCDR0004126,NCP0003121,Praveen Das,M,41,9057788839,Donur,Midjil,Mahabubnagar,2025-12-17,Opportunistic screening,147,81,206,31.8,Diabetes,Borderline,2026-01-16
NCDR0004127,NCP0003122,Arun Begum,M,43,9660863135,Vemula,Midjil,Mahabubnagar,2026-05-27,Community screening,121,89,179,32.1,Diabetes,Controlled,2026-08-25
NCDR0004128,NCP0003123,Kvitha Patel,F,48,9873325121,Balanagar,Balanagar,Mahabubnagar,2025-07-14,Opportunistic screening,184,108,211,33.6,Hypertension+Diabetes,Borderline,2025-10-12
NCDR0004129,NCP0003124,Rani Khan,F,34,9262334358,Zaheerabad,Zaheerabad,Sangareddy,2025-10-22,HWC screening,127,79,130,19.5,None,Not diagnosed,
NCDR0004130,NCP0003124,Rani Khan,F,34,9262334358,Zaheerabad,Zaheerabad,Sangareddy,2026-01-21,Opportunistic screening,138,82,159,19.8,None,Not diagnosed,
NCDR0004131,NCP0003124,Rani Khan,F,34,9262334358,ZAHEERABAD,Zaheerabad,Sangareddy,2026-03-25,HWC screening,118,84,85,31.3,None,Not diagnosed,
NCDR0004132,NCP0003125,Praveen Laxman,M,29,9147507549,Zaheerabad,Zaheerabad,Sangareddy,2026-03-19,Opportunistic screening,143,95,81,33.3,Hypertension,Uncontrolled,2026-06-17
NCDR0004133,NCP0003125,Praveen Laxman,M,30,9147507549,Zaheerabad,Zaheerabad,Sangareddy,2026-07-08,HWC screening,153,112,119,18.5,Hypertension,Borderline,2026-10-06
NCDR0004134,NCP0003126,Padma Devi,F,40,+91-99600-03499,Badepalli,Jadcherla,Mahabubnagar,2026-01-20,Opportunistic screening,107,91,234,34.4,Diabetes,Borderline,2026-04-20
NCDR0004135,NCP0003127,Raju Mudiraj,M,60,9624434246,Vemula,Midjil,Mahabubnagar,2026-05-07,Community screening,164,106,99,19.2,Hypertension,Borderline,2026-08-05
NCDR0004136,NCP0003128,Lakshmee Krishna,F,28,9765900630,Patancher,Patancheru,Sangareddy,2026-06-06,Community screening,149,86,134,19.5,Hypertension,Uncontrolled,2026-07-06
NCDR0004137,NCP0003129,Raju Reddy,M,18,9919820763,Badepally,Jadcherla,Mahabubnagar,2026-05-10,Opportunistic screening,147,89,99,23.0,Hypertension,Controlled,2026-07-09
NCDR0004138,NCP0003130,Raghav Chary,M,64,9604119594,Polepally,Jadcherla,Mahabubnagar,2026-03-22,HWC screening,168,109,262,20.2,Hypertension+Diabetes,Borderline,2026-04-21
NCDR0004139,NCP0003130,Raghav Chary,M,64,9604119594,Polepally,Jadcherla,Mahabubnagar,2026-07-06,HWC screening,190,86,199,18.7,Hypertension+Diabetes,Controlled,2026-08-05
NCDR0004140,NCP0003131,Jyothi Chary,F,41,9587084713,Indresham,Patancheru,Sangareddy,2025-07-31,Opportunistic screening,157,84,149,33.4,Hypertension,Controlled,2025-10-29
NCDR0004141,NCP0003131,Jyothi Chary,F,41,9487084713,Indresham,Patancheru,Sangareddy,2025-11-01,Opportunistic screening,188,111,139,32.6,Hypertension,Borderline,2026-01-30
NCDR0004142,NCP0003132,Anitha Begum,F,51,9059483105,Kalher,Narayankhed,Sangareddy,2025-12-22,HWC screening,154,96,148,33.3,Hypertension,Uncontrolled,2026-01-21
NCDR0004143,NCP0003132,Anitha Begum,F,52,+91-90594-83105,KALHER,Narayankhed,Sangareddy,2026-03-31,HWC screening,140,105,109,24.5,Hypertension,Uncontrolled,2026-06-29
NCDR0004144,NCP0003133,Venkates Patel,M,42,9903644664,Jharasangam,Zaheerabad,Sangareddy,2026-04-12,HWC screening,123,96,117,26.4,None,Not diagnosed,
NCDR0004145,NCP0003134,Lalita Krishna,F,20,9490705211,Mogudampally,Zaheerabad,Sangareddy,2026-05-06,Opportunistic screening,153,104,122,20.6,Hypertension,Uncontrolled,2026-08-04
NCDR0004146,NCP0003135,Santosh Reddy,M,30,9881280215,Devarakonda,Devarakonda,Nalgonda,2025-10-04,HWC screening,164,105,94,29.9,Hypertension,Uncontrolled,2025-12-03
NCDR0004147,NCP0003136,Srinivas Mudiraj,M,56,9460142898,Marru,Nakrekal,Nalgonda,2026-05-24,Opportunistic screening,184,98,211,32.3,Hypertension+Diabetes,Controlled,2026-06-23
NCDR0004148,NCP0003137,Renuka Patel,F,41,9072422786,Velpula,Midjil,Mahabubnagar,2026-03-30,Community screening,147,107,147,24.5,Hypertension,Controlled,2026-04-29
NCDR0004149,NCP0003137,Renuka Patel,F,41,9072422776,Velpula,Midjil,Mahabubnagar,2026-05-14,Opportunistic screening,148,105,134,22.0,Hypertension,Borderline,2026-06-13
NCDR0004150,NCP0003138,Nirmala Rao,F,30,9053706762,MIDJIL,Midjil,Mahabubnagar,2026-06-13,Community screening,175,94,177,20.1,Hypertension+Diabetes,Uncontrolled,2026-08-12
NCDR0004151,NCP0003139,Naveen Narsimha,M,31,9145564565,Macharam,Jadcherla,Mahabubnagar,2025-07-11,HWC screening,144,93,121,19.9,Hypertension,Borderline,2025-09-09
NCDR0004152,NCP0003140,Shankar Rao,M,70,,Mogudampally,Zaheerabad,Sangareddy,2025-12-05,Opportunistic screening,188,95,314,31.7,Hypertension+Diabetes,Uncontrolled,2026-02-03
NCDR0004153,NCP0003141,Bhavani Kumar,F,53,9614945433,Ameenpur,Patancheru,Sangareddy,2025-11-24,Opportunistic screening,186,109,159,32.5,Hypertension,Controlled,2026-01-23
NCDR0004154,NCP0003142,Srinivas Das,M,30,9114161879,Gangapur,Jadcherla,Mahabubnagar,2025-10-15,Community screening,148,113,150,22.8,Hypertension,Uncontrolled,2025-11-14
NCDR0004155,NCP0003143,Santosh Mudiraj,M,30,+91-93748-84890,Nermata,Chandur,Nalgonda,2025-12-08,HWC screening,141,100,96,27.9,Hypertension,Borderline,2026-01-07
NCDR0004156,NCP0003144,Mahesh Reddy,M,53,,Nomula,Nakrekal,Nalgonda,2026-04-03,Community screening,143,86,198,32.5,Hypertension+Diabetes,Borderline,2026-06-02
NCDR0004157,NCP0003145,Bhavani Laxman,F,41,9559404116,Mogudampally,Zaheerabad,Sangareddy,2025-11-24,Opportunistic screening,174,90,153,30.9,Hypertension,Uncontrolled,2025-12-24
NCDR0004158,NCP0003146,Naveen Goud,M,50,9814704274,Narayankhed,Narayankhed,Sangareddy,2026-03-25,Community screening,141,88,159,19.4,Hypertension,Controlled,2026-06-23
NCDR0004159,NCP0003147,Deepika Narsimha,F,41,+91-97701-76615,Kondamallepally,Devarakonda,Nalgonda,2025-12-17,HWC screening,122,73,133,30.0,None,Not diagnosed,
NCDR0004160,NCP0003148,Deepika Mudiraj,F,21,9767483378,POLEPALLY,Jadcherla,Mahabubnagar,2025-09-24,Community screening,182,100,118,19.7,Hypertension,Borderline,2025-12-23
NCDR0004161,NCP0003149,Naveen Patel,M,43,9313835167,Devarakonda,Devarakonda,Nalgonda,2025-09-03,HWC screening,170,94,311,30.0,Hypertension+Diabetes,Uncontrolled,2025-10-03
NCDR0004162,NCP0003150,Anil Jangam,M,59,9366196682,Balanagar,Balanagar,Mahabubnagar,2026-01-01,HWC screening,145,86,262,23.6,Diabetes,Borderline,2026-03-02
NCDR0004163,NCP0003150,Anil Jangam,M,60,9366196652,Balanagar,Balanagar,Mahabubnagar,2026-02-23,Community screening,117,81,148,34.0,Diabetes,Controlled,2026-03-25
NCDR0004164,NCP0003151,Shobha Naik,F,64,9252308300,Ameenpur,Patancheru,Sangareddy,2025-11-10,Opportunistic screening,123,82,97,25.7,None,Not diagnosed,
NCDR0004165,NCP0003151,Shobha Naik,F,63,+91-92523-08300,Ameenpur,Patancheru,Sangareddy,2026-02-06,HWC screening,150,69,78,21.9,None,Not diagnosed,
NCDR0004166,NCP0003152,Arun Devi,M,40,9599124534,Donur,Midjil,Mahabubnagar,2026-02-01,Opportunistic screening,168,110,163,18.9,Hypertension,Controlled,2026-04-02
NCDR0004167,NCP0003153,Rani Basha,F,51,+91-98792-54175,Bangarigadda,Chandur,Nalgonda,2026-01-18,Opportunistic screening,126,95,154,22.7,None,Not diagnosed,
NCDR0004168,NCP0003154,Saritha Rao,F,45,9262565595,Indresham,Patancheru,Sangareddy,2026-05-14,Opportunistic screening,113,96,272,31.2,Diabetes,Uncontrolled,2026-07-13
NCDR0004169,NCP0003155,Raghav Begum,M,33,+91-95653-77517,Kalher,Narayankhed,Sangareddy,2026-05-06,HWC screening,113,79,182,32.6,Diabetes,Controlled,2026-08-04
NCDR0004170,NCP0003156,Divya Naik,F,56,9313830873,Narayankhe,Narayankhed,Sangareddy,2026-05-21,Opportunistic screening,118,91,154,34.0,None,Not diagnosed,
NCDR0004171,NCP0003157,Venkatesh Patel,M,55,9975334068,Mogudampally,Zaheerabad,Sangareddy,2026-06-04,Community screening,172,101,90,32.7,Hypertension,Uncontrolled,2026-09-02
NCDR0004172,NCP0003158,Praveen Yadav,M,64,9159114598,Kummarikunta,Chandur,Nalgonda,2026-01-29,HWC screening,159,96,165,25.4,Hypertension+Diabetes,Uncontrolled,2026-04-29
NCDR0004173,NCP0003159,Lakshmi Goud,F,38,9406571356,Kalher,Narayankhed,Sangareddy,2025-09-01,Opportunistic screening,181,105,81,33.1,Hypertension,Uncontrolled,2025-10-31
NCDR0004174,NCP0003159,Lakshmi Goud,F,38,9406571356,Kalher,Narayankhed,Sangareddy,2025-11-20,Opportunistic screening,143,109,139,26.2,Hypertension,Controlled,2025-12-20
NCDR0004175,NCP0003160,Srinivas Devi,M,24,9930646748,Chandur,Chandur,Nalgonda,2025-08-03,Opportunistic screening,139,88,129,29.5,Hypertension,Borderline,2025-10-02
NCDR0004176,NCP0003161,Sushma Devi,F,76,9035153583,Bangarigadda,Chandur,Nalgonda,2025-12-02,HWC screening,126,71,308,18.8,Diabetes,Controlled,2026-03-02
NCDR0004177,NCP0003162,Jyothi Krishna,F,20,9528864219,Peddadinne,Devarakonda,Nalgonda,2026-06-05,HWC screening,175,110,120,23.9,Hypertension,Uncontrolled,2026-08-04
NCDR0004178,NCP0003163,Rajesh Patel,M,76,9282834093,MANOOR,Narayankhed,Sangareddy,2026-02-27,Community screening,154,89,178,22.1,Hypertension+Diabetes,Borderline,2026-03-29
NCDR0004179,NCP0003164,Harika Shekar,F,23,,Manoor,Narayankhed,Sangareddy,2025-09-29,Opportunistic screening,141,70,183,30.3,Diabetes,Uncontrolled,2025-12-28
NCDR0004180,NCP0003164,Harika Shekar,F,23,9463146417,Manoor,Narayankhed,Sangareddy,2025-12-07,Opportunistic screening,131,87,193,27.4,Diabetes,Controlled,2026-01-06
NCDR0004181,NCP0003165,Srinivas Narsimha,M,56,9975172890,Zaheerabad,Zaheerabad,Sangareddy,2026-01-12,HWC screening,171,108,207,27.9,Hypertension+Diabetes,Controlled,2026-02-11
NCDR0004182,NCP0003166,Suresh Yadav,M,18,9173673901,Velpula,Midjil,Mahabubnagar,2026-06-09,HWC screening,172,110,145,28.8,Hypertension,Uncontrolled,2026-09-07
NCDR0004183,NCP0003167,Anil Kumar,M,51,9676927717,Donur,Midjil,Mahabubnagar,2026-02-07,Community screening,115,96,98,21.0,None,Not diagnosed,
NCDR0004184,NCP0003168,Shobha Krishna,F,18,+91-95668-85929,Kalher,Narayankhed,Sangareddy,2026-01-16,Community screening,150,72,87,32.8,None,Not diagnosed,
NCDR0004185,NCP0003169,Divya Basha,F,68,,Kallepally,Balanagar,Mahabubnagar,2026-06-06,Community screening,149,87,191,23.3,Diabetes,Borderline,2026-07-06
NCDR0004186,NCP0003170,Padma Khan,F,63,9165826707,Nomula,Nakrekal,Nalgonda,2026-02-25,HWC screening,169,100,330,26.3,Hypertension+Diabetes,Uncontrolled,2026-05-26
NCDR0004187,NCP0003171,Bhavani Krishna,F,30,9265478582,Devarakonda,Devarakonda,Nalgonda,2025-09-27,Opportunistic screening,157,110,118,22.6,Hypertension,Uncontrolled,2025-12-26
NCDR0004188,NCP0003171,Bhavani Krishna,F,29,9265478582,Devarakonda,Devarakonda,Nalgonda,2025-11-18,Community screening,178,85,137,22.5,Hypertension,Controlled,2026-01-17
NCDR0004189,NCP0003172,Vinod Das,M,34,9929216224,Gangapur,Jadcherla,Mahabubnagar,2026-03-16,Opportunistic screening,175,90,117,28.9,Hypertension,Borderline,2026-05-15
NCDR0004190,NCP0003172,Vinod Das,M,34,9929216224,Gangapur,Jadcherla,Mahabubnagar,2026-06-08,Opportunistic screening,145,97,135,19.4,Hypertension,Borderline,2026-09-06
NCDR0004191,NCP0003172,Vinod Das,M,33,9929216224,Gangapur,Jadcherla,Mahabubnagar,2026-06-20,Community screening,182,105,103,30.4,Hypertension,Uncontrolled,2026-09-18
NCDR0004192,NCP0003173,Mohn Goud,M,45,9002437709,Velpula,Midjil,Mahabubnagar,2026-02-04,Opportunistic screening,133,84,97,27.0,None,Not diagnosed,
NCDR0004193,NCP0003174,Bhavani,F,43,9103400419,Chandur,Chandur,Nalgonda,2026-04-29,Opportunistic screening,152,108,102,34.1,Hypertension,Uncontrolled,2026-06-28
NCDR0004194,NCP0003175,Jyothi Das,F,64,9174300319,Devarakonda,Devarakonda,Nalgonda,2025-09-12,Opportunistic screening,151,94,114,26.9,Hypertension,Uncontrolled,2025-12-11
NCDR0004195,NCP0003176,Anil Jangam,M,63,9284666014,Manoor,Narayankhed,Sangareddy,2025-12-20,HWC screening,156,98,113,34.3,Hypertension,Borderline,2026-02-18
NCDR0004196,NCP0003177,Mounika Patel,F,59,9418181372,RAJAPUR,Balanagar,Mahabubnagar,2025-07-01,Opportunistic screening,179,104,110,21.4,Hypertension,Controlled,2025-09-29
NCDR0004197,NCP0003178,Vinod Narsimha,M,57,9262573754,Bhanur,Patancheru,Sangareddy,2025-11-13,HWC screening,149,90,114,23.1,None,Not diagnosed,
NCDR0004198,NCP0003179,Padma Basha,F,45,9206808170,Chandur,Chandur,Nalgonda,2026-04-14,Opportunistic screening,178,97,184,22.3,Hypertension+Diabetes,Uncontrolled,2026-07-13
NCDR0004199,NCP0003179,Padma Basha,F,45,9206808170,Chandur,Chandur,Nalgonda,2026-06-17,Community screening,168,95,216,29.9,Hypertension+Diabetes,Controlled,2026-07-17
NCDR0004200,NCP0003180,Divya Yadav,F,47,9767171326,Donur,Midjil,Mahabubnagar,2025-11-21,Opportunistic screening,126,94,192,27.1,Diabetes,Uncontrolled,2026-01-20
NCDR0004201,NCP0003180,Divya Yadav,F,46,9767171326,Donur,Midjil,Mahabubnagar,2026-03-01,Opportunistic screening,142,74,273,30.1,Diabetes,Uncontrolled,2026-05-30
NCDR0004202,NCP0003180,Divya Yadav,F,48,9767171326,Donur,Midjil,Mahabubnagar,2026-07-09,Opportunistic screening,111,70,324,22.1,Diabetes,Controlled,2026-10-07
NCDR0004203,NCP0003181,Lakshmi,F,29,9507319841,Gangapur,Jadcherla,Mahabubnagar,2025-12-07,HWC screening,110,88,316,31.6,Diabetes,Borderline,2026-02-05
NCDR0004204,NCP0003182,Suresh Shekar,M,54,9805530408,Polepally,Jadcherla,Mahabubnagar,2025-11-14,Community screening,163,114,118,30.9,Hypertension,Borderline,2025-12-14
NCDR0004205,NCP0003182,Suresh Shekar,M,56,9805530408,Polepally,Jadcherla,Mahabubnagar,2025-12-29,Community screening,180,86,125,20.5,Hypertension,Uncontrolled,2026-01-28
NCDR0004206,NCP0003183,Venkatesh,M,63,9936890397,Gundlapally,Devarakonda,Nalgonda,2025-09-05,Community screening,146,89,307,25.4,Diabetes,Uncontrolled,2025-10-05
NCDR0004207,NCP0003184,Kavitha Shekar,F,40,9449972569,KUMMARIKUNTA,Chandur,Nalgonda,2026-03-07,HWC screening,179,100,111,34.3,Hypertension,Controlled,2026-06-05
NCDR0004208,NCP0003185,Naveen Naik,M,52,9225625255,Midjil,Midjil,Mahabubnagar,2026-01-09,Community screening,131,80,174,25.2,Diabetes,Borderline,2026-03-10
NCDR0004209,NCP0003185,Naveen Naik,M,53,,Midjil,Midjil,Mahabubnagar,2026-04-05,Community screening,113,70,224,34.1,Diabetes,Borderline,2026-06-04
NCDR0004210,NCP0003185,Naveen Naik,M,53,9225625255,Midjil,Midjil,Mahabubnagar,2026-08-01,Community screening,110,82,328,21.6,Diabetes,Controlled,2026-08-31
NCDR0004211,NCP0003186,Kavitha Das,F,57,,Nomula,Nakrekal,Nalgonda,2025-07-24,Opportunistic screening,126,84,236,26.3,Diabetes,Borderline,2025-09-22
NCDR0004212,NCP0003186,Kawitha Das,F,57,9533203113,Nomula,Nakrekal,Nalgonda,2025-10-14,Opportunistic screening,125,95,292,21.0,Diabetes,Controlled,2025-11-13
NCDR0004213,NCP0003186,Kaveetha Das,F,57,9533203113,Nomula,Nakrekal,Nalgonda,2025-11-23,Community screening,107,93,330,29.6,Diabetes,Borderline,2025-12-23
NCDR0004214,NCP0003187,Ravi Kumar,M,38,9328189161,Polepally,Jadcherla,Mahabubnagar,2026-02-27,Community screening,114,75,305,21.6,Diabetes,Borderline,2026-03-29
NCDR0004215,NCP0003188,Kavitha Chary,F,67,9520595351,Kondamallepally,Devarakonda,Nalgonda,2025-08-11,Community screening,106,78,217,24.4,Diabetes,Borderline,2025-09-10
NCDR0004216,NCP0003189,Arun Yadaw,M,32,9588616856,Gangapur,Jadcherla,Mahabubnagar,2025-10-02,Opportunistic screening,174,96,116,20.9,Hypertension,Uncontrolled,2025-11-01
NCDR0004217,NCP0003190,Santosh Naik,M,63,9657832894,Velpula,Midjil,Mahabubnagar,2026-01-03,Community screening,137,89,189,19.4,Diabetes,Borderline,2026-04-03
NCDR0004218,NCP0003191,Kavitha Mallaiah,F,40,9428059364,Polepalli,Jadcherla,Mahabubnagar,2026-06-12,Community screening,160,100,118,22.9,Hypertension,Controlled,2026-08-11
NCDR0004219,NCP0003192,Raghav Naik,M,50,9931745669,Velpula,Midjil,Mahabubnagar,2026-02-16,Opportunistic screening,176,115,304,25.4,Hypertension+Diabetes,Controlled,2026-03-18
NCDR0004220,NCP0003193,Jyothi Kumar,F,33,9614660556,Nakrekal,Nakrekal,Nalgonda,2025-12-19,Community screening,131,91,268,29.3,Diabetes,Uncontrolled,2026-02-17
NCDR0004221,NCP0003193,Jyothi Kumar,F,35,9614660556,Nakrekal,Nakrekal,Nalgonda,2026-03-29,Community screening,119,76,189,27.1,Diabetes,Borderline,2026-06-27
NCDR0004222,NCP0003194,Saritha Patel,F,27,9213316470,Kangti,Narayankhed,Sangareddy,2026-05-23,Community screening,181,105,97,22.6,Hypertension,Controlled,2026-07-22
NCDR0004223,NCP0003195,Rani Goud,F,63,9614142741,Manoor,Narayankhed,Sangareddy,2025-08-10,Community screening,139,92,112,28.1,Hypertension,Borderline,2025-11-08
NCDR0004224,NCP0003196,Praveen Laxman,M,49,9458970118,Nomula,Nakrekal,Nalgonda,2026-04-15,Opportunistic screening,125,77,312,22.0,Diabetes,Borderline,2026-06-14
NCDR0004225,NCP0003197,Rani Rao,F,39,9615987261,Midjil,Midjil,Mahabubnagar,2025-11-10,HWC screening,163,109,162,24.9,Hypertension,Controlled,2026-01-09
NCDR0004226,NCP0003198,Mounika Khan,F,51,9168656389,Narayankhed,Narayankhed,Sangareddy,2026-03-07,Community screening,143,105,248,24.2,Hypertension+Diabetes,Uncontrolled,2026-05-06
NCDR0004227,NCP0003199,Padma Mudiraj,F,64,9636168051,Gangapu,Jadcherla,Mahabubnagar,2026-04-21,Opportunistic screening,185,114,249,20.0,Hypertension+Diabetes,Borderline,2026-05-21
NCDR0004228,NCP0003200,Anjali Mudiraj,F,42,9138170126,Mangalapally,Nakrekal,Nalgonda,2025-09-19,Opportunistic screening,114,92,141,28.2,None,Not diagnosed,
NCDR0004229,NCP0003201,Mahesh Khan,M,53,9378280996,Mangalapally,Nakrekal,Nalgonda,2026-06-13,HWC screening,174,101,78,32.3,Hypertension,Uncontrolled,2026-08-12
NCDR0004230,NCP0003202,Arun Goud,M,54,,Kallepally,Balanagar,Mahabubnagar,2025-12-17,Community screening,150,96,186,28.1,Diabetes,Controlled,2026-02-15
NCDR0004231,NCP0003203,Srinivs Yadav,M,47,9627443761,Balanagar,Balanagar,Mahabubnagar,2026-04-26,Opportunistic screening,119,78,242,27.7,Diabetes,Uncontrolled,2026-05-26
NCDR0004232,NCP0003203,Srinivas Yadav,M,46,9627443761,Balanagar,Balanagar,Mahabubnagar,2026-06-19,HWC screening,150,74,326,22.2,Diabetes,Borderline,2026-08-18
NCDR0004233,NCP0003204,Srinivas Reddy,M,57,9711201431,Kallepally,Balanagar,Mahabubnagar,2026-04-18,HWC screening,188,114,182,25.3,Hypertension+Diabetes,Uncontrolled,2026-05-18
NCDR0004234,NCP0003204,Srinivas Reddy,M,57,9711201431,KALLEPALLY,Balanagar,Mahabubnagar,2026-07-06,HWC screening,182,95,206,21.2,Hypertension+Diabetes,Uncontrolled,2026-10-04
NCDR0004235,NCP0003205,Kavitha Mallaiah,F,88,9888555189,Rajapur,Balanagar,Mahabubnagar,2025-08-01,Opportunistic screening,148,88,120,29.5,Hypertension,Borderline,2025-08-31
NCDR0004236,NCP0003206,Raju Reddy,M,42,9286107551,Rajapur,Balanagar,Mahabubnagar,2025-07-14,Community screening,166,90,252,28.5,Hypertension+Diabetes,Uncontrolled,2025-10-12
NCDR0004237,NCP0003207,nil Kumar,M,68,9561352108,Kondamallepally,Devarakonda,Nalgonda,2025-11-22,Community screening,150,75,132,32.9,None,Not diagnosed,
NCDR0004238,NCP0003207,Anil Kumar,M,69,9561352508,Kondamallepally,Devarakonda,Nalgonda,2026-01-10,Opportunistic screening,117,69,96,20.1,None,Not diagnosed,
NCDR0004239,NCP0003208,Ravi Mudiraj,M,58,9242060988,Vemula,Midjil,Mahabubnagar,2025-11-28,Community screening,138,100,156,30.7,Hypertension+Diabetes,Uncontrolled,2026-01-27
NCDR0004240,NCP0003209,Rani Mudiraj,F,66,9410894701,BANGARIGADDA,Chandur,Nalgonda,2026-05-16,HWC screening,136,70,237,29.8,Diabetes,Uncontrolled,2026-06-15
NCDR0004241,NCP0003210,Kavitha Basha,F,45,,Balanaga,Balanagar,Mahabubnagar,2025-12-03,Opportunistic screening,130,76,122,24.7,None,Not diagnosed,
NCDR0004242,NCP0003211,Naveen Kumar,M,48,9004791612,Gundlapally,Devarakonda,Nalgonda,2025-11-07,HWC screening,143,92,304,28.3,Diabetes,Uncontrolled,2025-12-07
NCDR0004243,NCP0003212,Lakshmi Kumar,F,46,,Devarakonda,Devarakonda,Nalgonda,2025-12-13,HWC screening,183,99,160,29.5,Hypertension,Controlled,2026-02-11
NCDR0004244,NCP0003213,Venkatesh Mudiraj,M,37,9085231699,Bangarigadda,Chandur,Nalgonda,2025-11-08,Community screening,139,116,147,19.2,Hypertension,Controlled,2025-12-08
NCDR0004245,NCP0003213,Venktesh Mudiraj,M,36,9085231699,Bangarigadda,Chandur,Nalgonda,2026-01-29,HWC screening,160,110,124,23.8,Hypertension,Uncontrolled,2026-04-29
NCDR0004246,NCP0003214,Lkshmi Jangam,F,32,,Kummarikunta,Chandur,Nalgonda,2025-08-04,Opportunistic screening,164,84,157,28.9,Hypertension+Diabetes,Borderline,2025-09-03
NCDR0004247,NCP0003215,Anitha Das,F,49,+91-99091-40504,Vemula,Midjil,Mahabubnagar,2025-08-21,HWC screening,186,86,146,33.6,Hypertension+Diabetes,Uncontrolled,2025-09-20
NCDR0004248,NCP0003215,Anitha Das,F,47,,Vemula,Midjil,Mahabubnagar,2025-10-19,Opportunistic screening,157,90,225,18.6,Hypertension+Diabetes,Controlled,2025-11-18
NCDR0004249,NCP0003215,Anitha Das,F,47,9909140504,Vemul,Midjil,Mahabubnagar,2026-04-08,Opportunistic screening,168,111,313,26.6,Hypertension+Diabetes,Borderline,2026-06-07
NCDR0004250,NCP0003216,Lakshmi Chary,F,57,9035001291,Peddadinne,Devarakonda,Nalgonda,2025-07-28,Opportunistic screening,109,68,116,28.7,None,Not diagnosed,
NCDR0004251,NCP0003216,Lakshmi Chary,F,54,+91-90350-01291,PEDDADINNE,Devarakonda,Nalgonda,2025-11-02,Opportunistic screening,137,96,110,29.8,None,Not diagnosed,
NCDR0004252,NCP0003217,Rajes Yadav,M,41,9848157893,Rajapur,Balanagar,Mahabubnagar,2026-05-25,Community screening,135,71,293,20.0,Diabetes,Uncontrolled,2026-08-23
NCDR0004253,NCP0003218,Santosh Mallaiah,M,61,9292166274,Velpula,Midjil,Mahabubnagar,2026-03-07,HWC screening,147,109,133,26.4,Hypertension,Borderline,2026-05-06
NCDR0004254,NCP0003219,Suresh Patel,M,52,+91-95625-89289,Kohir,Zaheerabad,Sangareddy,2025-08-26,Community screening,105,82,111,30.1,None,Not diagnosed,
NCDR0004255,NCP0003220,Renuka Reddy,F,49,9973449406,KALLEPALLY,Balanagar,Mahabubnagar,2026-02-11,HWC screening,184,111,99,21.0,Hypertension,Controlled,2026-05-12
NCDR0004256,NCP0003220,Renuka Reddy,F,51,9973449406,Kallepally,Balanagar,Mahabubnagar,2026-04-03,Opportunistic screening,160,94,121,20.9,Hypertension,Controlled,2026-05-03
NCDR0004257,NCP0003221,Naresh Khan,M,46,9345117985,Zaheeraba,Zaheerabad,Sangareddy,2026-05-25,HWC screening,166,95,110,21.4,Hypertension,Controlled,2026-08-23
NCDR0004258,NCP0003222,Bhawani Chary,F,34,,Bodajanampet,Balanagar,Mahabubnagar,2025-12-18,Opportunistic screening,120,82,156,24.8,None,Not diagnosed,
NCDR0004259,NCP0003223,Padma Patel,F,52,9300990889,Polepally,Jadcherla,Mahabubnagar,2026-04-28,HWC screening,149,82,129,33.1,None,Not diagnosed,
NCDR0004260,NCP0003224,Raju Patel,M,84,9199322419,Jharasangam,Zaheerabad,Sangareddy,2025-12-16,Opportunistic screening,179,88,273,34.3,Hypertension+Diabetes,Controlled,2026-03-16
NCDR0004261,NCP0003224,Raju Patel,M,84,9199322419,Jharasangam,Zaheerabad,Sangareddy,2026-02-24,Opportunistic screening,159,108,252,31.6,Hypertension+Diabetes,Borderline,2026-03-26
NCDR0004262,NCP0003225,Anjali Basha,F,60,9205473708,Bhanur,Patancheru,Sangareddy,2025-11-13,HWC screening,157,97,99,25.0,Hypertension,Uncontrolled,2026-02-11
NCDR0004263,NCP0003225,Anjali Basha,F,60,9205473708,Bhanur,Patancheru,Sangareddy,2026-01-14,Community screening,175,107,121,29.7,Hypertension,Controlled,2026-03-15
NCDR0004264,NCP0003226,Renuka Das,F,60,9558931999,Zaheerabad,Zaheerabad,Sangareddy,2025-09-10,HWC screening,154,92,161,24.9,Hypertension,Controlled,2025-11-09
NCDR0004265,NCP0003227,Anitha Naik,F,42,+91-93773-50008,Jharasangam,Zaheerabad,Sangareddy,2025-10-19,Opportunistic screening,174,99,149,24.1,Hypertension,Borderline,2025-11-18
NCDR0004266,NCP0003228,Anjali Shekar,F,49,+91-92901-87533,Kondamallepally,Devarakonda,Nalgonda,2025-11-16,Opportunistic screening,161,86,87,28.7,Hypertension,Uncontrolled,2025-12-16
NCDR0004267,NCP0003229,Sai Naik,M,49,+91-95813-64398,Velpula,Midjil,Mahabubnagar,2025-08-29,Opportunistic screening,109,89,328,24.0,Diabetes,Controlled,2025-11-27
NCDR0004268,NCP0003230,Sai Goud,M,63,9604965484,Jharasangam,Zaheerabad,Sangareddy,2025-12-24,HWC screening,188,112,106,20.5,Hypertension,Controlled,2026-01-23
NCDR0004269,NCP0003231,nil Jangam,M,63,9870040252,Jharasangam,Zaheerabad,Sangareddy,2025-12-23,HWC screening,150,94,174,26.7,Diabetes,Borderline,2026-03-23
NCDR0004270,NCP0003231,Anil Jangam,M,62,,Jharasangam,Zaheerabad,Sangareddy,2026-03-20,Opportunistic screening,133,93,269,24.5,Diabetes,Controlled,2026-04-19
NCDR0004271,NCP0003232,Ravi Reddy,M,37,9168148251,Nomula,Nakrekal,Nalgonda,2025-08-09,Opportunistic screening,185,111,250,25.9,Hypertension+Diabetes,Uncontrolled,2025-11-07
NCDR0004272,NCP0003233,Llitha Krishna,F,59,9009003720,Rajapur,Balanagar,Mahabubnagar,2026-01-04,HWC screening,122,86,279,20.4,Diabetes,Controlled,2026-03-05
NCDR0004273,NCP0003234,Lakshmi Shekar,F,56,9811644807,Vemul,Midjil,Mahabubnagar,2026-01-07,Opportunistic screening,165,84,118,22.2,Hypertension,Controlled,2026-03-08
NCDR0004274,NCP0003234,Lakshmi Shekar,F,59,9811644807,Vemul,Midjil,Mahabubnagar,2026-03-10,Opportunistic screening,165,101,111,32.7,Hypertension,Controlled,2026-05-09
NCDR0004275,NCP0003235,Mohan Reddy,M,24,9046962858,Nomula,Nakrekal,Nalgonda,2025-12-04,Opportunistic screening,135,86,236,30.9,Diabetes,Uncontrolled,2026-01-03
NCDR0004276,NCP0003235,Mohan Reddy,M,28,9046962858,Nomula,Nakrekal,Nalgonda,2026-03-25,Opportunistic screening,107,86,257,24.4,Diabetes,Controlled,2026-05-24
NCDR0004277,NCP0003236,Praveen Laxman,M,38,,Midjil,Midjil,Mahabubnagar,2026-02-23,Opportunistic screening,109,80,264,30.0,Diabetes,Controlled,2026-05-24
NCDR0004278,NCP0003237,Naveen Reddy,M,32,9256756193,Kallepally,Balanagar,Mahabubnagar,2026-04-22,HWC screening,119,76,162,18.6,None,Not diagnosed,
NCDR0004279,NCP0003238,Padma Devi,F,41,9562264542,Indresham,Patancheru,Sangareddy,2025-11-17,HWC screening,122,91,98,22.9,None,Not diagnosed,
NCDR0004280,NCP0003239,Rajesh Mallaiah,M,52,9402940959,Rajapur,Balanagar,Mahabubnagar,2025-10-20,HWC screening,118,76,87,24.5,None,Not diagnosed,
NCDR0004281,NCP0003239,Rajesh Mallaiah,M,54,9402940959,Rajapur,Balanagar,Mahabubnagar,2025-12-31,Opportunistic screening,123,78,157,32.7,None,Not diagnosed,
NCDR0004282,NCP0003240,Renuka Devi,F,48,9837840015,Nomula,Nakrekal,Nalgonda,2025-08-20,HWC screening,141,101,202,26.5,Hypertension+Diabetes,Uncontrolled,2025-09-19
NCDR0004283,NCP0003240,Renuka Devi,F,47,9837840015,NOMULA,Nakrekal,Nalgonda,2025-12-11,Community screening,176,106,173,22.5,Hypertension+Diabetes,Controlled,2026-03-11
NCDR0004284,NCP0003241,Anitha Naik,F,56,9518293686,Jharasangam,Zaheerabad,Sangareddy,2026-04-10,HWC screening,170,86,239,31.1,Hypertension+Diabetes,Uncontrolled,2026-07-09
NCDR0004285,NCP0003242,Keeran Yadav,M,79,9206689255,Bhanur,Patancheru,Sangareddy,2026-05-28,Community screening,146,70,81,27.2,None,Not diagnosed,
NCDR0004286,NCP0003243,Santosh Kumar,M,18,9570565587,Donur,Midjil,Mahabubnagar,2025-07-25,HWC screening,180,86,155,24.3,Hypertension,Controlled,2025-10-23
NCDR0004287,NCP0003244,Renuka Devi,F,76,9789787594,Velpula,Midjil,Mahabubnagar,2026-05-19,HWC screening,145,92,78,31.5,None,Not diagnosed,
NCDR0004288,NCP0003245,Raju Rao,M,59,9725793882,Donur,Midjil,Mahabubnagar,2025-07-10,Community screening,153,112,221,19.1,Hypertension+Diabetes,Borderline,2025-09-08
NCDR0004289,NCP0003246,Rani Laxman,F,33,9723803999,Nomula,Nakrekal,Nalgonda,2025-11-29,HWC screening,168,107,89,29.3,Hypertension,Borderline,2026-01-28
NCDR0004290,NCP0003247,Deepika Basha,F,45,9686180123,Indresham,Patancheru,Sangareddy,2025-10-05,HWC screening,146,89,112,21.1,None,Not diagnosed,
NCDR0004291,NCP0003248,Srinivas Reddy,M,65,9807983995,Ameenpur,Patancheru,Sangareddy,2025-11-30,HWC screening,141,88,141,27.9,None,Not diagnosed,
NCDR0004292,NCP0003249,Praveen Rao,M,75,9573389148,Bodajanampet,Balanagar,Mahabubnagar,2026-04-07,Community screening,126,73,310,31.6,Diabetes,Uncontrolled,2026-07-06
NCDR0004293,NCP0003250,Padma Goud,F,53,,VEMULA,Midjil,Mahabubnagar,2026-02-03,Community screening,133,82,273,33.3,Diabetes,Borderline,2026-05-04
NCDR0004294,NCP0003250,Padma Goud,F,52,9409233859,Vemula,Midjil,Mahabubnagar,2026-04-26,Opportunistic screening,134,74,283,33.0,Diabetes,Borderline,2026-07-25
NCDR0004295,NCP0003251,Neermala Devi,F,57,9857320075,Ameenpur,Patancheru,Sangareddy,2025-07-05,Community screening,152,99,319,32.3,Hypertension+Diabetes,Controlled,2025-10-03
NCDR0004296,NCP0003252,Lakshmi Kumar,F,65,9053059352,Ameenpur,Patancheru,Sangareddy,2025-11-30,Community screening,150,90,202,27.2,Diabetes,Controlled,2025-12-30
NCDR0004297,NCP0003253,Rajesh Reddy,M,76,9951869858,Balanagar,Balanagar,Mahabubnagar,2026-03-08,Opportunistic screening,108,92,86,28.0,None,Not diagnosed,
NCDR0004298,NCP0003253,Rajesh Reddy,M,77,9911869858,Balanagar,Balanagar,Mahabubnagar,2026-06-19,Community screening,128,76,96,31.0,None,Not diagnosed,
NCDR0004299,NCP0003254,Suresh Chary,M,69,+91-93001-44683,Kohir,Zaheerabad,Sangareddy,2025-09-27,Community screening,169,111,156,22.5,Hypertension,Uncontrolled,2025-12-26
NCDR0004300,NCP0003255,Raju Devi,M,69,,Ameenpur,Patancheru,Sangareddy,2026-03-24,HWC screening,141,98,125,25.2,Hypertension,Borderline,2026-06-22
NCDR0004301,NCP0003255,Raju Devi,M,66,9367611169,Ameenpur,Patancheru,Sangareddy,2026-07-04,HWC screening,186,98,157,25.5,Hypertension,Borderline,2026-10-02
NCDR0004302,NCP0003256,Nirmala Reddy,F,79,9774732824,Devarakonda,Devarakonda,Nalgonda,2026-04-28,Opportunistic screening,165,99,217,31.0,Hypertension+Diabetes,Borderline,2026-07-27
NCDR0004303,NCP0003257,Divya Devi,F,53,9272979944,Bodajanampet,Balanagar,Mahabubnagar,2026-04-27,Community screening,154,99,99,22.8,Hypertension,Uncontrolled,2026-05-27
NCDR0004304,NCP0003258,Padma Goud,F,40,9893546443,Gangapur,Jadcherla,Mahabubnagar,2026-05-05,HWC screening,154,91,90,27.8,Hypertension,Controlled,2026-07-04
NCDR0004305,NCP0003259,Lalitha Das,F,37,9757722405,Kalher,Narayankhed,Sangareddy,2026-02-17,HWC screening,163,89,110,24.4,Hypertension,Controlled,2026-03-19
NCDR0004306,NCP0003260,Raghav Chary,M,56,9090020371,Patancheru,Patancheru,Sangareddy,2025-12-27,Community screening,122,88,207,30.0,Diabetes,Borderline,2026-03-27
NCDR0004307,NCP0003261,Kaveetha Narsimha,F,43,,Mogudampall,Zaheerabad,Sangareddy,2025-08-15,HWC screening,162,88,95,33.4,Hypertension,Uncontrolled,2025-09-14
NCDR0004308,NCP0003261,Kavitha Narsimha,F,43,9701682543,MOGUDAMPALLY,Zaheerabad,Sangareddy,2025-09-30,Community screening,164,111,141,23.6,Hypertension,Controlled,2025-11-29
NCDR0004309,NCP0003262,Swati Laxman,F,38,9110706888,Badepally,Jadcherla,Mahabubnagar,2026-05-01,Opportunistic screening,142,84,87,27.2,Hypertension,Uncontrolled,2026-05-31
NCDR0004310,NCP0003262,Swathi Laxman,F,40,9110706888,Badepally,Jadcherla,Mahabubnagar,2026-06-21,Opportunistic screening,169,107,123,25.6,Hypertension,Controlled,2026-09-19
NCDR0004311,NCP0003263,Ravi Rao,M,24,+91-92769-70865,Midjil,Midjil,Mahabubnagar,2025-10-13,Community screening,151,111,162,34.0,Hypertension,Borderline,2026-01-11
NCDR0004312,NCP0003264,Kiran Naik,M,39,+91-99219-53039,Bhanur,Patancheru,Sangareddy,2025-07-26,HWC screening,160,115,123,20.1,Hypertension,Controlled,2025-10-24
NCDR0004313,NCP0003265,Ravi,M,51,9293609433,Badepalli,Jadcherla,Mahabubnagar,2025-10-21,Opportunistic screening,132,72,240,27.4,Diabetes,Uncontrolled,2026-01-19
NCDR0004314,NCP0003266,Bhavani Krishna,F,22,,Macharam,Jadcherla,Mahabubnagar,2026-03-03,Opportunistic screening,116,92,154,21.1,None,Not diagnosed,
NCDR0004315,NCP0003267,Srinivas Mallaiah,M,35,,Mogudampally,Zaheerabad,Sangareddy,2026-01-22,Opportunistic screening,146,116,130,19.2,Hypertension,Controlled,2026-02-21
NCDR0004316,NCP0003268,Nirmala Begum,F,36,9610503749,Kummarikunta,Chandur,Nalgonda,2025-10-13,HWC screening,180,109,116,33.4,Hypertension,Uncontrolled,2025-12-12
NCDR0004317,NCP0003268,Nirmala Begum,F,39,9610503749,Kummarikunta,Chandur,Nalgonda,2026-01-15,HWC screening,177,110,102,27.3,Hypertension,Borderline,2026-03-16
NCDR0004318,NCP0003269,Mahesh Kumar,M,34,+91-90153-10440,Gundlapally,Devarakonda,Nalgonda,2025-10-02,HWC screening,181,101,105,33.6,Hypertension,Borderline,2025-12-01
NCDR0004319,NCP0003270,Srinivas Khan,M,50,9101134345,Patancheru,Patancheru,Sangareddy,2026-01-29,Community screening,182,100,91,23.5,Hypertension,Borderline,2026-02-28
NCDR0004320,NCP0003271,Arun Rao,M,55,9802119130,Kummarikunta,Chandur,Nalgonda,2026-06-02,Opportunistic screening,179,89,222,27.7,Hypertension+Diabetes,Uncontrolled,2026-08-01
NCDR0004321,NCP0003272,Raghav Rao,M,61,9633300728,Kohir,Zaheerabad,Sangareddy,2026-05-29,Community screening,146,76,114,33.0,None,Not diagnosed,
NCDR0004322,NCP0003273,Mahesh Begum,M,19,9891142146,Peddadinne,Devarakonda,Nalgonda,2026-01-05,HWC screening,127,70,128,18.6,None,Not diagnosed,
NCDR0004323,NCP0003274,Venkatesh Devi,M,61,+91-92289-59902,Badepally,Jadcherla,Mahabubnagar,2026-04-26,Opportunistic screening,154,90,143,21.0,Hypertension,Controlled,2026-05-26
NCDR0004324,NCP0003275,Sarita Das,F,66,9012031678,Peddadinne,Devarakonda,Nalgonda,2026-02-19,Community screening,174,98,95,22.6,Hypertension,Uncontrolled,2026-04-20
NCDR0004325,NCP0003276,Ramesh Begum,M,49,9569912980,Narayankhed,Narayankhed,Sangareddy,2026-04-07,Community screening,149,94,141,27.2,Hypertension,Borderline,2026-05-07
NCDR0004326,NCP0003276,Ramesh Begum,M,48,9569912980,Narayankhed,Narayankhed,Sangareddy,2026-05-26,Opportunistic screening,161,110,82,29.2,Hypertension,Borderline,2026-06-25
NCDR0004327,NCP0003276,Ramesh Begum,M,51,9569912980,Narayankhed,Narayankhed,Sangareddy,2026-08-15,Opportunistic screening,148,98,100,31.2,Hypertension,Borderline,2026-11-13
NCDR0004328,NCP0003277,Harika Reddy,F,52,9410062059,Marru,Nakrekal,Nalgonda,2025-10-23,Community screening,168,107,160,20.2,Hypertension,Uncontrolled,2025-11-22
NCDR0004329,NCP0003278,Srilatha Chary,F,36,9244199517,Gundlapally,Devarakonda,Nalgonda,2025-08-20,HWC screening,106,88,311,30.3,Diabetes,Borderline,2025-10-19
NCDR0004330,NCP0003279,Jyothi Krishn,F,49,9763322869,Midjil,Midjil,Mahabubnagar,2025-12-25,Community screening,144,94,102,20.2,Hypertension,Controlled,2026-01-24
NCDR0004331,NCP0003279,Jyothi Krishna,F,49,9763322869,Midjil,Midjil,Mahabubnagar,2026-04-08,Opportunistic screening,168,110,109,33.9,Hypertension,Borderline,2026-05-08
NCDR0004332,NCP0003279,Jyothi Krishna,F,49,9763322869,Midji,Midjil,Mahabubnagar,2026-07-15,HWC screening,167,104,133,29.0,Hypertension,Uncontrolled,2026-08-14
NCDR0004333,NCP0003280,Mahesh,M,36,9389616713,Manoo,Narayankhed,Sangareddy,2025-12-12,HWC screening,155,104,129,28.0,Hypertension,Controlled,2026-02-10
NCDR0004334,NCP0003281,Deepika Khan,F,47,+91-96565-59188,Gundlapally,Devarakonda,Nalgonda,2026-02-10,HWC screening,147,106,91,22.4,Hypertension,Uncontrolled,2026-05-11
NCDR0004335,NCP0003282,Anjali Laxman,F,69,,Gangapur,Jadcherla,Mahabubnagar,2025-11-19,Community screening,135,95,148,26.7,Diabetes,Borderline,2026-01-18
NCDR0004336,NCP0003282,Anjali Laxman,F,70,9902504218,Gangapur,Jadcherla,Mahabubnagar,2026-01-09,HWC screening,150,89,162,18.6,Diabetes,Borderline,2026-03-10
NCDR0004337,NCP0003283,Kiran Mudiraj,M,40,9683370668,Macharam,Jadcherla,Mahabubnagar,2026-03-26,Community screening,157,109,157,19.8,Hypertension,Borderline,2026-06-24
NCDR0004338,NCP0003284,Praveen Basha,M,46,9012256954,Chandu,Chandur,Nalgonda,2026-04-18,Opportunistic screening,164,102,260,18.8,Hypertension+Diabetes,Borderline,2026-05-18
NCDR0004339,NCP0003285,Venkatesh Mudiraj,M,50,9664945114,Gundlapally,Devarakonda,Nalgonda,2025-07-12,HWC screening,155,91,158,24.8,Hypertension,Controlled,2025-10-10
NCDR0004340,NCP0003286,Bhavanee Devi,F,23,9443043012,Manoor,Narayankhed,Sangareddy,2025-10-08,Opportunistic screening,106,83,148,30.5,None,Not diagnosed,
NCDR0004341,NCP0003287,Anil Basha,M,70,9816165478,Devarakonda,Devarakonda,Nalgonda,2026-05-17,Opportunistic screening,147,110,95,24.5,Hypertension,Controlled,2026-06-16
NCDR0004342,NCP0003288,Anil Naik,M,70,9913295664,Donur,Midjil,Mahabubnagar,2025-08-21,HWC screening,131,95,118,28.0,None,Not diagnosed,
NCDR0004343,NCP0003289,Anil Reddy,M,48,+91-99144-86961,Chandur,Chandur,Nalgonda,2025-10-25,HWC screening,130,79,152,34.1,Diabetes,Borderline,2025-11-24
NCDR0004344,NCP0003290,Shobha Kumar,F,21,9749849396,NERMATA,Chandur,Nalgonda,2025-07-26,Opportunistic screening,109,75,210,25.4,Diabetes,Controlled,2025-09-24
NCDR0004345,NCP0003290,Shobha Kumar,F,23,9749849396,Nermata,Chandur,Nalgonda,2025-10-05,Community screening,114,71,285,19.8,Diabetes,Borderline,2025-12-04
NCDR0004346,NCP0003291,Anitha Naik,F,46,9566092025,Kangti,Narayankhed,Sangareddy,2026-06-03,HWC screening,124,72,245,24.3,Diabetes,Borderline,2026-08-02
NCDR0004347,NCP0003292,Swathi Mudiraj,F,40,+91-99712-75654,Macharam,Jadcherla,Mahabubnagar,2026-06-12,HWC screening,169,87,89,26.5,Hypertension,Uncontrolled,2026-07-12
NCDR0004348,NCP0003293,Anil Mallaiah,M,60,9290800293,Manoor,Narayankhed,Sangareddy,2025-07-08,Opportunistic screening,144,83,141,32.2,None,Not diagnosed,
NCDR0004349,NCP0003293,Anil Mallaiah,M,59,9290800293,Manoor,Narayankhed,Sangareddy,2025-10-18,Community screening,127,86,86,24.6,None,Not diagnosed,
NCDR0004350,NCP0003294,Mohan Begum,M,57,9424173862,Kangti,Narayankhed,Sangareddy,2025-12-04,Community screening,175,110,153,33.6,Hypertension,Controlled,2026-01-03
NCDR0004351,NCP0003295,Sushma Reddy,F,28,,Kallepally,Balanagar,Mahabubnagar,2026-02-09,Community screening,140,101,192,19.2,Hypertension+Diabetes,Borderline,2026-04-10
NCDR0004352,NCP0003296,Ravi Basha,M,31,+91-99775-55027,Narayankhed,Narayankhed,Sangareddy,2025-12-12,Community screening,168,110,134,27.9,Hypertension,Borderline,2026-02-10
NCDR0004353,NCP0003297,Shankar Naik,M,35,9194003088,Indresham,Patancheru,Sangareddy,2026-06-07,Opportunistic screening,119,79,193,31.3,Diabetes,Borderline,2026-09-05
NCDR0004354,NCP0003298,Ramesh Kumar,M,43,9860200937,Mogudampally,Zaheerabad,Sangareddy,2026-01-11,Opportunistic screening,174,87,105,31.8,Hypertension,Controlled,2026-03-12
NCDR0004355,NCP0003299,Kirn Patel,M,46,+91-97090-12553,Nermata,Chandur,Nalgonda,2025-09-13,HWC screening,179,99,326,27.1,Hypertension+Diabetes,Borderline,2025-10-13
NCDR0004356,NCP0003299,Kiran Patel,M,43,9509012553,Nermata,Chandur,Nalgonda,2025-11-10,Opportunistic screening,178,95,311,25.8,Hypertension+Diabetes,Borderline,2026-02-08
NCDR0004357,NCP0003300,Harika Narsimha,F,71,+91-91606-40205,Mangalapally,Nakrekal,Nalgonda,2026-06-05,HWC screening,155,97,100,32.7,Hypertension,Borderline,2026-07-05
NCDR0004358,NCP0003301,Srilatha Rao,F,40,9602716053,Zaheerabad,Zaheerabad,Sangareddy,2025-10-26,HWC screening,174,93,151,26.6,Hypertension,Controlled,2026-01-24
NCDR0004359,NCP0003302,Kiran Naik,M,51,9140084354,Polepally,Jadcherla,Mahabubnagar,2026-05-31,Community screening,155,113,125,32.7,Hypertension,Uncontrolled,2026-08-29
NCDR0004360,NCP0003303,Praween Mallaiah,M,74,,Marru,Nakrekal,Nalgonda,2026-04-09,HWC screening,173,106,118,24.8,Hypertension,Controlled,2026-06-08
NCDR0004361,NCP0003303,Praveen Mallaiah,M,74,9776988209,Marrur,Nakrekal,Nalgonda,2026-07-18,Opportunistic screening,173,109,87,26.7,Hypertension,Controlled,2026-09-16
NCDR0004362,NCP0003304,Bhavani Kumar,F,66,9650905818,Bhanur,Patancheru,Sangareddy,2026-02-19,Community screening,110,95,180,23.4,Diabetes,Uncontrolled,2026-05-20
NCDR0004363,NCP0003305,Padma Shekar,F,19,9134808485,Jharasangam,Zaheerabad,Sangareddy,2025-08-08,Opportunistic screening,174,87,303,29.7,Hypertension+Diabetes,Controlled,2025-09-07
NCDR0004364,NCP0003306,Mohan Reddy,M,49,9067559126,Devarakonda,Devarakonda,Nalgonda,2025-09-25,Opportunistic screening,165,106,175,33.6,Hypertension+Diabetes,Controlled,2025-12-24
NCDR0004365,NCP0003307,Ravi Jangam,M,45,9075690271,Bhanur,Patancheru,Sangareddy,2026-04-26,Community screening,168,115,227,19.3,Hypertension+Diabetes,Borderline,2026-07-25
NCDR0004366,NCP0003308,Padma Goud,F,34,9722056774,Bangarigadda,Chandur,Nalgonda,2025-12-04,Community screening,120,78,264,31.9,Diabetes,Uncontrolled,2026-03-04
NCDR0004367,NCP0003308,Padma Goud,F,36,9722056774,BANGARIGADDA,Chandur,Nalgonda,2026-03-25,HWC screening,124,69,166,30.0,Diabetes,Controlled,2026-05-24
NCDR0004368,NCP0003309,Shankar Shekar,M,88,9183259127,Bangarigadda,Chandur,Nalgonda,2026-06-13,Opportunistic screening,164,112,139,28.3,Hypertension,Uncontrolled,2026-08-12
NCDR0004369,NCP0003310,Padma Mudeeraj,F,23,9368838922,Peddadinne,Devarakonda,Nalgonda,2026-01-16,Opportunistic screening,163,96,162,20.1,Hypertension+Diabetes,Borderline,2026-04-16
NCDR0004370,NCP0003311,Rjesh Goud,M,57,9964857979,Macharam,Jadcherla,Mahabubnagar,2025-07-08,Opportunistic screening,178,105,229,27.0,Hypertension+Diabetes,Controlled,2025-10-06
NCDR0004371,NCP0003312,Shobha Krishna,F,55,9567395926,Vemula,Midjil,Mahabubnagar,2025-10-09,HWC screening,142,94,110,28.0,None,Not diagnosed,
NCDR0004372,NCP0003312,Shobha Krishna,F,53,9567395926,Vemula,Midjil,Mahabubnagar,2026-02-03,Opportunistic screening,134,68,155,21.1,None,Not diagnosed,
NCDR0004373,NCP0003313,Deepika Devi,F,77,9277694510,Velpula,Midjil,Mahabubnagar,2025-12-19,Community screening,131,85,328,22.4,Diabetes,Uncontrolled,2026-02-17
NCDR0004374,NCP0003314,Srilatha Mallaiah,F,54,,Velpula,Midjil,Mahabubnagar,2025-11-03,Community screening,113,71,140,28.1,None,Not diagnosed,
NCDR0004375,NCP0003315,Kavitha Patel,F,45,9845049632,Midji,Midjil,Mahabubnagar,2026-01-19,Opportunistic screening,114,69,98,31.7,None,Not diagnosed,
NCDR0004376,NCP0003315,Kavitha,F,46,9825049632,Midjil,Midjil,Mahabubnagar,2026-03-18,Community screening,145,70,103,34.3,None,Not diagnosed,
NCDR0004377,NCP0003316,Anitha Patel,F,49,+91-92730-09268,Patancheru,Patancheru,Sangareddy,2025-09-30,Community screening,186,98,150,31.4,Hypertension,Uncontrolled,2025-11-29
NCDR0004378,NCP0003316,Anitha Patel,F,49,9273009268,Patancheru,Patancheru,Sangareddy,2025-12-01,HWC screening,171,116,152,20.9,Hypertension,Borderline,2026-03-01
NCDR0004379,NCP0003317,Divya Das,F,24,9440082891,Indresham,Patancheru,Sangareddy,2026-01-07,Opportunistic screening,133,93,83,31.6,None,Not diagnosed,
NCDR0004380,NCP0003318,Deepik Rao,F,39,9389756773,Zaheerabad,Zaheerabad,Sangareddy,2026-04-28,Opportunistic screening,114,73,112,26.9,None,Not diagnosed,
NCDR0004381,NCP0003319,Suresh Naik,M,36,9608462196,Bhanur,Patancheru,Sangareddy,2026-03-13,HWC screening,173,84,271,28.1,Hypertension+Diabetes,Uncontrolled,2026-06-11
NCDR0004382,NCP0003320,Shankar Patel,M,25,9487308759,Kallepally,Balanagar,Mahabubnagar,2026-01-18,HWC screening,168,98,158,22.4,Hypertension,Uncontrolled,2026-04-18
NCDR0004383,NCP0003321,Ravi Jangam,M,28,+91-99907-60934,Nomula,Nakrekal,Nalgonda,2026-05-27,Community screening,130,81,194,20.8,Diabetes,Controlled,2026-06-26
NCDR0004384,NCP0003322,Saritha sekar,F,43,9202794768,Kummarikunta,Chandur,Nalgonda,2025-07-26,HWC screening,134,93,87,21.6,None,Not diagnosed,
NCDR0004385,NCP0003323,Shankar Chary,M,52,9635590742,Zaheerabad,Zaheerabad,Sangareddy,2025-07-22,Opportunistic screening,140,79,286,19.5,Diabetes,Borderline,2025-09-20
NCDR0004386,NCP0003324,Venkatesh Narsimha,M,77,9335924259,Vemula,Midjil,Mahabubnagar,2026-02-02,HWC screening,177,104,298,29.4,Hypertension+Diabetes,Uncontrolled,2026-05-03
NCDR0004387,NCP0003325,Mounika Basha,F,70,+91-96168-53650,Kummarikunta,Chandur,Nalgonda,2026-01-18,Opportunistic screening,158,112,110,30.8,Hypertension,Borderline,2026-03-19
NCDR0004388,NCP0003326,Shankar Jangam,M,78,,Patancheru,Patancheru,Sangareddy,2025-09-11,HWC screening,146,95,131,28.0,Hypertension,Uncontrolled,2025-10-11
NCDR0004389,NCP0003327,Bhavani Yadav,F,40,9543449364,Kondamallepall,Devarakonda,Nalgonda,2026-02-02,HWC screening,124,77,116,30.4,None,Not diagnosed,
NCDR0004390,NCP0003327,Bhawani Yadav,F,40,9543449364,Kondamallepally,Devarakonda,Nalgonda,2026-05-07,Opportunistic screening,134,88,128,20.7,None,Not diagnosed,
NCDR0004391,NCP0003328,Mahesh,M,28,9385133924,Kondamallepally,Devarakonda,Nalgonda,2026-01-08,Community screening,150,68,312,25.7,Diabetes,Uncontrolled,2026-03-09
NCDR0004392,NCP0003328,Mahesh Rao,M,28,9385133924,Kondamallepally,Devarakonda,Nalgonda,2026-05-03,HWC screening,116,73,277,25.2,Diabetes,Borderline,2026-06-02
NCDR0004393,NCP0003329,Deepika Patel,F,77,+91-94324-21958,Chandur,Chandur,Nalgonda,2026-01-14,Community screening,170,114,176,29.0,Hypertension+Diabetes,Uncontrolled,2026-03-15
NCDR0004394,NCP0003330,Sriniwas Kumar,M,67,9630323516,Nomula,Nakrekal,Nalgonda,2025-10-31,Community screening,127,81,319,27.1,Diabetes,Uncontrolled,2026-01-29
NCDR0004395,NCP0003330,Srinivas Kumar,M,67,9630323516,Nomula,Nakrekal,Nalgonda,2026-01-14,Opportunistic screening,138,71,321,31.3,Diabetes,Controlled,2026-04-14
NCDR0004396,NCP0003330,Srinivas Kumar,M,66,9630323516,Nomula,Nakrekal,Nalgonda,2026-03-08,Community screening,106,88,201,24.6,Diabetes,Borderline,2026-04-07
NCDR0004397,NCP0003331,Swathi Khan,F,18,9459859528,DONUR,Midjil,Mahabubnagar,2026-02-28,Opportunistic screening,156,115,257,20.8,Hypertension+Diabetes,Borderline,2026-05-29
NCDR0004398,NCP0003332,Raju Yadav,M,65,9700513065,Kohir,Zaheerabad,Sangareddy,2025-10-03,Community screening,136,69,314,25.5,Diabetes,Uncontrolled,2025-12-02
NCDR0004399,NCP0003332,Raju Yadav,M,64,9700513065,Kohir,Zaheerabad,Sangareddy,2025-12-26,HWC screening,134,74,146,20.7,Diabetes,Borderline,2026-02-24
NCDR0004400,NCP0003333,Rani Rao,F,56,9786393452,Chandur,Chandur,Nalgonda,2026-01-14,Opportunistic screening,173,107,83,29.3,Hypertension,Borderline,2026-04-14
NCDR0004401,NCP0003334,Rajesh Khan,M,69,9613569399,Kalher,Narayankhed,Sangareddy,2026-02-14,HWC screening,174,96,98,34.3,Hypertension,Borderline,2026-05-15
NCDR0004402,NCP0003335,Padma Rao,F,34,9299063950,Indresham,Patancheru,Sangareddy,2025-09-01,Community screening,146,81,97,29.7,None,Not diagnosed,
NCDR0004403,NCP0003335,Padma Rao,F,33,9299063950,Indresham,Patancheru,Sangareddy,2025-10-23,Opportunistic screening,114,80,84,21.8,None,Not diagnosed,
NCDR0004404,NCP0003336,Sushma Shekar,F,26,9646952731,Bhanur,Patancheru,Sangareddy,2026-01-07,HWC screening,122,71,308,20.9,Diabetes,Uncontrolled,2026-04-07
NCDR0004405,NCP0003337,Raju Rao,M,43,9042015846,Chandur,Chandur,Nalgonda,2025-08-12,HWC screening,129,94,157,31.3,Diabetes,Uncontrolled,2025-09-11
NCDR0004406,NCP0003338,Raghav Naik,M,50,9976487286,Jharasangam,Zaheerabad,Sangareddy,2025-08-14,Community screening,163,102,286,20.7,Hypertension+Diabetes,Controlled,2025-09-13
NCDR0004407,NCP0003339,Saritha Jangam,F,35,,Bangarigadda,Chandur,Nalgonda,2026-02-04,Opportunistic screening,140,81,162,33.0,None,Not diagnosed,
NCDR0004408,NCP0003339,Saritha Jangam,F,35,+91-92885-93055,Bangarigadda,Chandur,Nalgonda,2026-05-20,Community screening,125,89,82,26.0,None,Not diagnosed,
NCDR0004409,NCP0003340,Mahesh Mudiraj,M,52,9266004239,Marrur,Nakrekal,Nalgonda,2025-07-11,Community screening,163,98,315,30.7,Hypertension+Diabetes,Borderline,2025-10-09
NCDR0004410,NCP0003341,Nresh Devi,M,47,9221477164,Rajapur,Balanagar,Mahabubnagar,2025-11-07,HWC screening,164,95,152,25.7,Hypertension,Borderline,2026-01-06
NCDR0004411,NCP0003342,Shobha Mallaeeah,F,58,9880942383,Kallepally,Balanagar,Mahabubnagar,2025-07-16,Community screening,146,85,100,20.4,None,Not diagnosed,
NCDR0004412,NCP0003343,Deepika Yadav,F,44,9766448272,Patancheru,Patancheru,Sangareddy,2026-06-13,HWC screening,144,85,292,27.9,Hypertension+Diabetes,Controlled,2026-07-13
NCDR0004413,NCP0003344,Lakshmi Jangam,F,62,9898508470,Velpula,Midjil,Mahabubnagar,2025-12-09,HWC screening,170,113,133,32.9,Hypertension,Uncontrolled,2026-01-08
NCDR0004414,NCP0003344,Lakshmi Jangam,F,62,9898508470,Velpula,Midjil,Mahabubnagar,2026-04-03,Community screening,171,110,127,24.1,Hypertension,Borderline,2026-06-02
NCDR0004415,NCP0003345,Lakshmi Patel,F,81,9342780062,Bangarigadda,Chandur,Nalgonda,2025-11-01,Opportunistic screening,148,88,220,28.3,Diabetes,Controlled,2025-12-31
NCDR0004416,NCP0003346,Mahesh Reddy,M,43,+91-95975-52440,Manoor,Narayankhed,Sangareddy,2026-02-28,Community screening,175,88,192,18.6,Hypertension+Diabetes,Uncontrolled,2026-03-30
NCDR0004417,NCP0003347,Mohan Kumar,M,51,+91-96587-84281,Midjil,Midjil,Mahabubnagar,2026-01-26,HWC screening,107,77,119,20.9,None,Not diagnosed,
NCDR0004418,NCP0003348,Mounika Shekar,F,47,9637708289,Midjil,Midjil,Mahabubnagar,2025-09-28,Opportunistic screening,106,77,274,32.2,Diabetes,Controlled,2025-12-27
NCDR0004419,NCP0003349,Nirmla Chary,F,56,9547670805,Kallepally,Balanagar,Mahabubnagar,2026-05-28,Opportunistic screening,165,91,151,26.6,Hypertension,Borderline,2026-06-27
NCDR0004420,NCP0003350,Swathi Begum,F,78,9604894286,Patancheru,Patancheru,Sangareddy,2026-04-18,Opportunistic screening,137,84,205,26.2,Diabetes,Borderline,2026-06-17
NCDR0004421,NCP0003351,Srilatha Devi,F,30,9357379580,Zaheerabad,Zaheerabad,Sangareddy,2026-02-01,Opportunistic screening,173,108,135,29.3,Hypertension,Controlled,2026-03-03
NCDR0004422,NCP0003352,Sai Narsimha,M,32,9790433140,Zaheerabad,Zaheerabad,Sangareddy,2025-09-13,Opportunistic screening,152,106,99,20.2,Hypertension,Uncontrolled,2025-10-13
NCDR0004423,NCP0003353,Saritha Begum,F,65,9804005094,KOHIR,Zaheerabad,Sangareddy,2025-08-09,HWC screening,161,102,274,28.3,Hypertension+Diabetes,Controlled,2025-09-08
NCDR0004424,NCP0003354,Rani,F,61,9589602410,Patancheru,Patancheru,Sangareddy,2026-04-25,HWC screening,138,95,91,24.5,Hypertension,Uncontrolled,2026-05-25
NCDR0004425,NCP0003355,Rni Reddy,F,43,9094842766,Machara,Jadcherla,Mahabubnagar,2026-05-04,Opportunistic screening,141,108,151,24.6,Hypertension,Uncontrolled,2026-08-02
NCDR0004426,NCP0003355,Rani Reddy,F,42,9094842766,Macharam,Jadcherla,Mahabubnagar,2026-08-05,Community screening,163,104,120,29.6,Hypertension,Controlled,2026-11-03
NCDR0004427,NCP0003356,Padma Kumar,F,69,,Kangti,Narayankhed,Sangareddy,2025-12-27,Community screening,153,109,104,29.5,Hypertension,Uncontrolled,2026-02-25
NCDR0004428,NCP0003357,Arun Devi,M,48,9840555571,Bhanur,Patancheru,Sangareddy,2025-11-06,Opportunistic screening,138,92,99,25.2,Hypertension,Controlled,2026-02-04
NCDR0004429,NCP0003358,Anil Yadav,M,27,9852102916,Peddadinne,Devarakonda,Nalgonda,2026-02-02,HWC screening,185,99,329,27.6,Hypertension+Diabetes,Borderline,2026-05-03
NCDR0004430,NCP0003358,nil Yadav,M,28,9852702916,Peddadinne,Devarakonda,Nalgonda,2026-03-20,HWC screening,148,114,214,29.9,Hypertension+Diabetes,Uncontrolled,2026-06-18
NCDR0004431,NCP0003359,Jyothi Mallaiah,F,63,9141247565,Kallepalli,Balanagar,Mahabubnagar,2025-07-22,HWC screening,183,102,162,23.7,Hypertension,Borderline,2025-08-21
NCDR0004432,NCP0003360,Sushma Mallaeeah,F,71,+91-98108-12751,Jharasangam,Zaheerabad,Sangareddy,2026-05-21,Community screening,146,82,306,26.6,Diabetes,Uncontrolled,2026-07-20
NCDR0004433,NCP0003361,Kiran Naik,M,49,9694814414,Kangti,Narayankhed,Sangareddy,2025-10-05,HWC screening,185,84,122,27.6,Hypertension,Uncontrolled,2025-12-04
NCDR0004434,NCP0003362,Naveen Chary,M,38,9839981360,Nermata,Chandur,Nalgonda,2026-01-28,Community screening,150,98,122,30.9,Hypertension,Borderline,2026-03-29
NCDR0004435,NCP0003362,Naveen Chary,M,38,+91-98399-81360,Nermata,Chandur,Nalgonda,2026-04-28,HWC screening,171,114,156,27.8,Hypertension,Borderline,2026-07-27
NCDR0004436,NCP0003362,Nveen Chary,M,37,+91-98399-81360,Nermata,Chandur,Nalgonda,2026-06-03,HWC screening,166,96,122,32.3,Hypertension,Uncontrolled,2026-09-01
NCDR0004437,NCP0003363,Naresh Laxman,M,54,9865087448,Nomula,Nakrekal,Nalgonda,2025-11-09,Opportunistic screening,145,93,132,25.9,None,Not diagnosed,
NCDR0004438,NCP0003364,Srilatha Goud,F,50,9722744459,Badepally,Jadcherla,Mahabubnagar,2025-09-05,Opportunistic screening,142,80,163,32.3,Diabetes,Uncontrolled,2025-11-04
NCDR0004439,NCP0003365,Mohan Begum,M,33,9486204405,Badepally,Jadcherla,Mahabubnagar,2026-05-07,HWC screening,186,90,106,33.2,Hypertension,Uncontrolled,2026-06-06
NCDR0004440,NCP0003365,Mohan Begum,M,33,9486204405,Badepally,Jadcherla,Mahabubnagar,2026-07-18,Opportunistic screening,144,84,139,31.4,Hypertension,Controlled,2026-09-16
NCDR0004441,NCP0003366,Naveen Patel,M,70,9389411320,Kohir,Zaheerabad,Sangareddy,2026-02-17,HWC screening,121,75,81,32.0,None,Not diagnosed,
NCDR0004442,NCP0003367,Saritha Khan,F,67,9095960879,Donur,Midjil,Mahabubnagar,2025-11-01,Opportunistic screening,190,109,80,28.8,Hypertension,Controlled,2025-12-31
NCDR0004443,NCP0003367,Sarita Khan,F,67,9095260879,Donur,Midjil,Mahabubnagar,2026-01-28,Community screening,168,87,113,20.2,Hypertension,Controlled,2026-04-28
NCDR0004444,NCP0003368,Mahesh Naik,M,37,9933621794,Kohir,Zaheerabad,Sangareddy,2025-09-25,Community screening,151,84,304,29.0,Hypertension+Diabetes,Borderline,2025-11-24
NCDR0004445,NCP0003368,Mahesh Naik,M,37,9933621794,Kohir,Zaheerabad,Sangareddy,2025-11-28,Community screening,172,98,314,32.1,Hypertension+Diabetes,Uncontrolled,2025-12-28
NCDR0004446,NCP0003368,Mahesh Naik,M,35,9934621794,Kohir,Zaheerabad,Sangareddy,2026-03-30,Community screening,152,95,217,33.6,Hypertension+Diabetes,Controlled,2026-06-28
NCDR0004447,NCP0003369,Ranee Mallaiah,F,48,9293670493,Kalher,Narayankhed,Sangareddy,2026-01-27,Opportunistic screening,159,102,130,26.8,Hypertension,Uncontrolled,2026-03-28
NCDR0004448,NCP0003370,Swathi Reddy,F,41,9632640505,Nomula,Nakrekal,Nalgonda,2026-05-28,Community screening,148,108,126,24.7,Hypertension,Borderline,2026-07-27
NCDR0004449,NCP0003371,Harika Mallaiah,F,26,9783576576,Marrur,Nakrekal,Nalgonda,2026-03-14,HWC screening,149,87,136,34.4,None,Not diagnosed,
NCDR0004450,NCP0003371,Harika Mallaiah,F,23,9783576576,Marrur,Nakrekal,Nalgonda,2026-07-04,HWC screening,128,77,109,31.7,None,Not diagnosed,
NCDR0004451,NCP0003372,Sreelatha Jangam,F,60,,Kondamallepall,Devarakonda,Nalgonda,2025-07-29,Opportunistic screening,128,80,184,30.6,Diabetes,Uncontrolled,2025-08-28
NCDR0004452,NCP0003372,Srilatha Jangam,F,59,9488255599,KONDAMALLEPALLY,Devarakonda,Nalgonda,2025-10-29,Community screening,126,87,167,29.1,Diabetes,Borderline,2025-11-28
NCDR0004453,NCP0003373,Vinod Rao,M,47,9416473251,Patancheru,Patancheru,Sangareddy,2026-05-22,HWC screening,138,103,93,20.0,Hypertension,Controlled,2026-07-21
NCDR0004454,NCP0003373,Vinod Ro,M,48,,Patancheru,Patancheru,Sangareddy,2026-07-22,Opportunistic screening,152,114,134,21.9,Hypertension,Controlled,2026-10-20
NCDR0004455,NCP0003374,Padma Mallaiah,F,52,9557093311,Manoor,Narayankhed,Sangareddy,2026-04-13,Opportunistic screening,144,98,111,19.8,Hypertension,Uncontrolled,2026-06-12
NCDR0004456,NCP0003374,Padma Mallaiah,F,55,+91-95570-93311,Manoor,Narayankhed,Sangareddy,2026-06-17,Community screening,188,87,163,26.0,Hypertension,Controlled,2026-08-16
NCDR0004457,NCP0003375,Diwya Shekar,F,81,9067137295,Ameenpur,Patancheru,Sangareddy,2026-01-07,HWC screening,189,93,139,34.4,Hypertension,Controlled,2026-04-07
NCDR0004458,NCP0003375,Divya Shekar,F,79,9067137295,Ameenpur,Patancheru,Sangareddy,2026-02-23,Opportunistic screening,162,103,116,19.6,Hypertension,Controlled,2026-05-24
NCDR0004459,NCP0003375,Divya Shekar,F,79,,Ameenpur,Patancheru,Sangareddy,2026-05-09,HWC screening,181,92,111,28.6,Hypertension,Controlled,2026-07-08
NCDR0004460,NCP0003376,Raghav Goud,M,37,+91-96797-35833,Marrur,Nakrekal,Nalgonda,2026-05-22,Community screening,108,92,273,30.0,Diabetes,Controlled,2026-07-21
NCDR0004461,NCP0003377,Rajesh Mudiraj,M,48,9884500154,Indresham,Patancheru,Sangareddy,2025-07-15,Community screening,143,88,218,29.7,Hypertension+Diabetes,Controlled,2025-09-13
NCDR0004462,NCP0003377,Rajesh Mudiraj,M,47,,Indresham,Patancheru,Sangareddy,2025-09-27,Community screening,152,86,160,26.8,Hypertension+Diabetes,Uncontrolled,2025-10-27
NCDR0004463,NCP0003378,Shobha Patel,F,46,9904903770,Balanagar,Balanagar,Mahabubnagar,2025-10-24,HWC screening,141,97,269,26.6,Hypertension+Diabetes,Borderline,2026-01-22
NCDR0004464,NCP0003379,Lalitha Basha,F,49,9974978381,Manoor,Narayankhed,Sangareddy,2026-01-02,HWC screening,106,85,88,25.9,None,Not diagnosed,
NCDR0004465,NCP0003380,Ravi Jangam,M,30,9808389420,Chandur,Chandur,Nalgonda,2026-03-02,Opportunistic screening,108,68,124,19.1,None,Not diagnosed,
NCDR0004466,NCP0003380,Ravi Jangam,M,31,9808389420,Chandur,Chandur,Nalgonda,2026-06-13,HWC screening,122,90,135,26.4,None,Not diagnosed,
NCDR0004467,NCP0003381,Llitha Chary,F,51,9410120185,Velpula,Midjil,Mahabubnagar,2026-03-09,Opportunistic screening,124,78,251,30.5,Diabetes,Uncontrolled,2026-05-08
NCDR0004468,NCP0003381,Lalitha Chary,F,52,9410120185,Velpula,Midjil,Mahabubnagar,2026-06-21,Community screening,105,75,260,18.7,Diabetes,Uncontrolled,2026-08-20
NCDR0004469,NCP0003382,Saritha Devi,F,71,9345593356,Gundlapally,Devarakonda,Nalgonda,2025-12-30,HWC screening,138,70,137,26.7,None,Not diagnosed,
NCDR0004470,NCP0003383,Divya Narsimha,F,52,9974401248,Indresham,Patancheru,Sangareddy,2025-11-12,Community screening,170,97,116,31.4,Hypertension,Uncontrolled,2025-12-12
NCDR0004471,NCP0003383,Divya Narsimha,F,49,9974401248,Indresham,Patancheru,Sangareddy,2026-01-03,Opportunistic screening,140,87,96,22.7,Hypertension,Controlled,2026-03-04
NCDR0004472,NCP0003384,Renuka sekar,F,80,9264644288,Macharam,Jadcherla,Mahabubnagar,2025-12-27,Opportunistic screening,152,108,112,31.6,Hypertension,Controlled,2026-03-27
NCDR0004473,NCP0003384,Renuka Shekar,F,80,9264644288,Machara,Jadcherla,Mahabubnagar,2026-02-21,Community screening,145,88,138,33.6,Hypertension,Uncontrolled,2026-03-23
NCDR0004474,NCP0003385,Srilatha Krishna,F,48,9769680591,Kallepally,Balanagar,Mahabubnagar,2025-11-07,Community screening,141,98,125,32.6,Hypertension,Controlled,2026-02-05
NCDR0004475,NCP0003385,Srilatha Krishna,F,48,9769680591,Kallepally,Balanagar,Mahabubnagar,2026-02-03,Opportunistic screening,190,101,129,21.8,Hypertension,Controlled,2026-05-04
NCDR0004476,NCP0003386,Shobha Khan,F,35,9467653672,Balanagar,Balanagar,Mahabubnagar,2025-10-16,Opportunistic screening,146,115,81,29.0,Hypertension,Uncontrolled,2026-01-14
NCDR0004477,NCP0003387,Raghav Reddy,M,41,9400267885,Bodajanampet,Balanagar,Mahabubnagar,2026-06-04,Opportunistic screening,150,93,328,19.2,Hypertension+Diabetes,Borderline,2026-08-03
NCDR0004478,NCP0003388,Venkatesh Das,M,49,+91-94732-61429,Mangalapall,Nakrekal,Nalgonda,2025-12-24,HWC screening,142,74,119,34.3,None,Not diagnosed,
NCDR0004479,NCP0003389,Sushma Reddy,F,37,9509168266,Rajapur,Balanagar,Mahabubnagar,2026-01-27,Community screening,162,95,136,33.9,Hypertension,Controlled,2026-04-27
NCDR0004480,NCP0003389,Sushma Reddy,F,37,9509168266,Rajapur,Balanagar,Mahabubnagar,2026-04-16,HWC screening,165,104,129,25.2,Hypertension,Borderline,2026-07-15
NCDR0004481,NCP0003390,Rajesh Mallaiah,M,34,9698296860,Narayankhed,Narayankhed,Sangareddy,2025-09-22,HWC screening,138,81,261,24.2,Diabetes,Borderline,2025-12-21
NCDR0004482,NCP0003391,Suresh Mallaiah,M,42,9362552484,Bodajanampet,Balanagar,Mahabubnagar,2025-09-28,Opportunistic screening,181,94,283,24.7,Hypertension+Diabetes,Borderline,2025-10-28
NCDR0004483,NCP0003392,Srilatha Mallaiah,F,30,9574210969,Bangarigadda,Chandur,Nalgonda,2026-04-02,Community screening,173,84,195,23.5,Hypertension+Diabetes,Borderline,2026-05-02
NCDR0004484,NCP0003393,Sritha Chary,F,39,9567368101,Mangalapally,Nakrekal,Nalgonda,2026-03-20,Opportunistic screening,143,68,252,33.5,Diabetes,Controlled,2026-05-19
NCDR0004485,NCP0003394,Srilatha Reddy,F,28,9172623848,MIDJIL,Midjil,Mahabubnagar,2025-10-18,HWC screening,134,90,108,34.2,None,Not diagnosed,
NCDR0004486,NCP0003395,Prveen Jangam,M,66,9037126948,Kummarikunta,Chandur,Nalgonda,2025-10-20,HWC screening,139,77,147,27.7,None,Not diagnosed,
NCDR0004487,NCP0003396,Srilatha Devi,F,42,9538126322,Devarakonda,Devarakonda,Nalgonda,2025-10-14,Community screening,188,116,150,34.4,Hypertension,Uncontrolled,2025-11-13
NCDR0004488,NCP0003396,Srilatha Devi,F,40,9538126322,Devarakonda,Devarakonda,Nalgonda,2026-01-16,Community screening,175,90,152,28.2,Hypertension,Controlled,2026-02-15
NCDR0004489,NCP0003397,Lakshmi Reddy,F,60,9025598456,Devarakonda,Devarakonda,Nalgonda,2026-05-17,HWC screening,176,105,98,34.1,Hypertension,Uncontrolled,2026-08-15
NCDR0004490,NCP0003398,Rani Naik,F,54,9314360614,Manoor,Narayankhed,Sangareddy,2026-03-08,HWC screening,114,70,129,27.6,None,Not diagnosed,
NCDR0004491,NCP0003399,Sriltha Begum,F,52,+91-95964-61104,Jharasangam,Zaheerabad,Sangareddy,2025-08-07,HWC screening,188,99,87,24.7,Hypertension,Controlled,2025-10-06
NCDR0004492,NCP0003400,Saritha Narsimha,F,68,9350689044,Balanagar,Balanagar,Mahabubnagar,2025-10-22,Community screening,146,87,227,32.9,Diabetes,Uncontrolled,2026-01-20
NCDR0004493,NCP0003400,Saritha Narsimha,F,67,+91-93506-89044,Balanagar,Balanagar,Mahabubnagar,2025-12-06,HWC screening,123,76,240,34.3,Diabetes,Uncontrolled,2026-01-05
NCDR0004494,NCP0003401,Sai Jangam,M,90,9629713899,Manoor,Narayankhed,Sangareddy,2025-09-22,Community screening,112,78,230,23.8,Diabetes,Borderline,2025-12-21
NCDR0004495,NCP0003402,Bhavani Begum,F,25,9388264281,Velpula,Midjil,Mahabubnagar,2025-10-25,Community screening,186,102,320,32.6,Hypertension+Diabetes,Borderline,2026-01-23
NCDR0004496,NCP0003403,Deepika Laxman,F,58,9656201031,RAJAPUR,Balanagar,Mahabubnagar,2025-10-02,Opportunistic screening,162,112,166,28.4,Hypertension+Diabetes,Borderline,2025-12-31
NCDR0004497,NCP0003404,Padma Patel,F,65,9322550124,Manoor,Narayankhed,Sangareddy,2026-01-04,HWC screening,174,114,159,22.3,Hypertension,Controlled,2026-04-04
NCDR0004498,NCP0003405,Raju Jangam,M,60,9149446925,Narayankhed,Narayankhed,Sangareddy,2025-11-07,HWC screening,141,101,137,25.4,Hypertension,Uncontrolled,2025-12-07
NCDR0004499,NCP0003406,Saritha Khan,F,50,9333501642,MOGUDAMPALLY,Zaheerabad,Sangareddy,2026-03-06,Opportunistic screening,142,102,105,31.0,Hypertension,Uncontrolled,2026-06-04
NCDR0004500,NCP0003407,Santosh Mudiraj,M,32,9915405993,Peddadinne,Devarakonda,Nalgonda,2025-11-29,HWC screening,172,107,328,22.3,Hypertension+Diabetes,Borderline,2025-12-29
NCDR0004501,NCP0003408,Mounika Naik,F,49,+91-97314-99115,Patancheru,Patancheru,Sangareddy,2025-07-21,Community screening,155,112,247,20.8,Hypertension+Diabetes,Uncontrolled,2025-09-19
NCDR0004502,NCP0003408,Mounika Naik,F,49,+91-97314-99115,Patancheru,Patancheru,Sangareddy,2025-09-15,Opportunistic screening,184,90,180,27.0,Hypertension+Diabetes,Controlled,2025-11-14
NCDR0004503,NCP0003408,Mounika Naik,F,49,+91-97314-99115,Patancheru,Patancheru,Sangareddy,2025-12-06,HWC screening,162,95,228,18.7,Hypertension+Diabetes,Borderline,2026-01-05
NCDR0004504,NCP0003409,Nirmala Jangam,F,57,9085674697,Nakrekal,Nakrekal,Nalgonda,2025-11-14,HWC screening,142,73,239,25.1,Diabetes,Borderline,2026-01-13
NCDR0004505,NCP0003409,Nirmala Jangam,F,59,9085674697,NAKREKAL,Nakrekal,Nalgonda,2026-02-14,HWC screening,113,91,222,21.6,Diabetes,Uncontrolled,2026-03-16
NCDR0004506,NCP0003410,Divya Rao,F,47,9339705131,Kondamallepalli,Devarakonda,Nalgonda,2025-12-16,HWC screening,142,92,142,26.0,None,Not diagnosed,
NCDR0004507,NCP0003411,Bhavani Laxman,F,54,9805956460,Mogudampally,Zaheerabad,Sangareddy,2026-02-09,HWC screening,158,87,229,24.2,Hypertension+Diabetes,Controlled,2026-05-10
NCDR0004508,NCP0003411,Bhavani Laxman,F,52,9805956460,Mogudampally,Zaheerabad,Sangareddy,2026-04-08,Opportunistic screening,184,85,213,28.5,Hypertension+Diabetes,Controlled,2026-07-07
NCDR0004509,NCP0003412,Srilatha Naik,F,46,9890504957,Bodajanampet,Balanagar,Mahabubnagar,2026-02-01,HWC screening,151,94,189,19.9,Hypertension+Diabetes,Borderline,2026-04-02
NCDR0004510,NCP0003413,Lalitha Goud,F,38,9724540480,Bodajanampet,Balanagar,Mahabubnagar,2025-12-05,Opportunistic screening,187,84,157,24.8,Hypertension+Diabetes,Controlled,2026-03-05
NCDR0004511,NCP0003414,Harika Khan,F,28,9710659066,Mogudampally,Zaheerabad,Sangareddy,2025-12-21,Opportunistic screening,129,87,120,19.9,None,Not diagnosed,
NCDR0004512,NCP0003414,Harika Khan,F,28,+91-97106-59066,Mogudampally,Zaheerabad,Sangareddy,2026-04-11,Opportunistic screening,137,82,110,26.9,None,Not diagnosed,
NCDR0004513,NCP0003414,Harika Khan,F,27,9710659066,Mogudampally,Zaheerabad,Sangareddy,2026-07-25,Opportunistic screening,130,93,146,18.9,None,Not diagnosed,
NCDR0004514,NCP0003415,sobha Khan,F,84,9343728476,Kangti,Narayankhed,Sangareddy,2026-05-10,Opportunistic screening,143,100,130,28.7,Hypertension,Controlled,2026-07-09
NCDR0004515,NCP0003416,Mohan Krishna,M,57,9251903356,Velpula,Midjil,Mahabubnagar,2026-04-13,Opportunistic screening,106,68,177,26.4,Diabetes,Uncontrolled,2026-06-12
NCDR0004516,NCP0003417,Lalitha Krishna,F,45,9803794543,Vemula,Midjil,Mahabubnagar,2026-01-30,HWC screening,147,88,188,25.7,Diabetes,Controlled,2026-03-31
NCDR0004517,NCP0003417,Lalitha Krishna,F,45,9803794543,Vemula,Midjil,Mahabubnagar,2026-03-30,Community screening,106,78,267,23.6,Diabetes,Uncontrolled,2026-04-29
NCDR0004518,NCP0003418,Shankar Kumar,M,37,+91-90901-75317,Gundlapally,Devarakonda,Nalgonda,2025-10-03,Community screening,169,88,129,27.5,Hypertension,Borderline,2025-12-02
NCDR0004519,NCP0003419,Arun Yadav,M,36,9316073034,Mogudampally,Zaheerabad,Sangareddy,2025-09-05,Community screening,181,94,120,22.9,Hypertension,Controlled,2025-12-04
NCDR0004520,NCP0003419,Arun Yadav,M,38,9316073034,Mogudampally,Zaheerabad,Sangareddy,2025-12-27,HWC screening,178,88,83,33.1,Hypertension,Controlled,2026-02-25
NCDR0004521,NCP0003419,Arun Yadav,M,36,9316073034,Mogudampally,Zaheerabad,Sangareddy,2026-04-25,HWC screening,140,111,106,30.5,Hypertension,Controlled,2026-07-24
NCDR0004522,NCP0003420,Anitha Yadaw,F,27,9776328910,MACHARAM,Jadcherla,Mahabubnagar,2025-10-13,Community screening,144,94,180,27.2,Diabetes,Borderline,2025-11-12
NCDR0004523,NCP0003420,Anitha Yadav,F,27,9776328910,Macharam,Jadcherla,Mahabubnagar,2025-12-02,HWC screening,141,95,250,23.5,Diabetes,Borderline,2026-03-02
NCDR0004524,NCP0003421,Saritha Shekar,F,30,9315933056,Kondamallepall,Devarakonda,Nalgonda,2026-02-22,Community screening,155,106,159,19.1,Hypertension,Controlled,2026-04-23
NCDR0004525,NCP0003422,Padma Krishna,F,58,,Nermata,Chandur,Nalgonda,2025-09-08,Opportunistic screening,157,93,124,25.1,Hypertension,Borderline,2025-10-08
NCDR0004526,NCP0003423,Kavitha Krishna,F,57,+91-92620-80910,KALLEPALLY,Balanagar,Mahabubnagar,2026-03-17,HWC screening,164,115,221,30.0,Hypertension+Diabetes,Borderline,2026-05-16
NCDR0004527,NCP0003424,Raju Kumar,M,64,+91-93380-28564,Nomula,Nakrekal,Nalgonda,2026-06-01,HWC screening,178,101,124,21.5,Hypertension,Uncontrolled,2026-08-30
NCDR0004528,NCP0003425,Ramesh Reddy,M,57,9233040653,Indresham,Patancheru,Sangareddy,2026-04-12,Opportunistic screening,139,81,322,32.3,Diabetes,Borderline,2026-06-11
NCDR0004529,NCP0003426,Saritha Goud,F,52,9700729259,Kohir,Zaheerabad,Sangareddy,2026-01-28,HWC screening,140,99,323,24.6,Hypertension+Diabetes,Uncontrolled,2026-04-28
NCDR0004530,NCP0003427,Rni Das,F,37,9298649644,Jharasangam,Zaheerabad,Sangareddy,2026-06-14,HWC screening,164,85,272,22.7,Hypertension+Diabetes,Uncontrolled,2026-08-13
NCDR0004531,NCP0003428,Raghav Naik,M,29,9155596289,Manoor,Narayankhed,Sangareddy,2026-01-10,Community screening,184,102,115,31.9,Hypertension,Uncontrolled,2026-03-11
NCDR0004532,NCP0003429,Ramesh Patel,M,64,9689836945,Peddadinne,Devarakonda,Nalgonda,2026-01-11,Opportunistic screening,176,111,263,32.0,Hypertension+Diabetes,Controlled,2026-04-11
NCDR0004533,NCP0003430,Naresh Jangam,M,54,9198007160,Patancheru,Patancheru,Sangareddy,2025-09-16,HWC screening,132,72,82,27.9,None,Not diagnosed,
NCDR0004534,NCP0003431,Srilatha Naik,F,46,9640951275,Manoor,Narayankhed,Sangareddy,2026-02-11,HWC screening,148,85,99,19.3,Hypertension,Uncontrolled,2026-04-12
NCDR0004535,NCP0003432,Suresh Jangam,M,57,9993782886,Gundlapally,Devarakonda,Nalgonda,2026-03-12,HWC screening,169,88,147,28.0,Hypertension,Uncontrolled,2026-06-10
NCDR0004536,NCP0003433,Padma Das,F,47,9240604008,NAKREKAL,Nakrekal,Nalgonda,2026-02-07,Community screening,105,95,172,33.8,Diabetes,Uncontrolled,2026-04-08
NCDR0004537,NCP0003434,Ramesh Narsimha,M,31,9824695499,Chandur,Chandur,Nalgonda,2026-02-25,Opportunistic screening,113,80,275,21.3,Diabetes,Controlled,2026-04-26
NCDR0004538,NCP0003434,Ramesh Narsimha,M,31,9824695499,Chandur,Chandur,Nalgonda,2026-04-28,Community screening,140,76,206,19.9,Diabetes,Borderline,2026-07-27
NCDR0004539,NCP0003435,Vinod Begum,M,55,9565083561,Kohir,Zaheerabad,Sangareddy,2025-09-01,HWC screening,140,96,159,19.3,None,Not diagnosed,
NCDR0004540,NCP0003436,Renuka Narsimha,F,37,9898761728,Narayankhed,Narayankhed,Sangareddy,2026-02-21,Community screening,144,107,202,30.1,Hypertension+Diabetes,Uncontrolled,2026-05-22
NCDR0004541,NCP0003437,Anjali Reddy,F,41,9932526394,Peddadinne,Devarakonda,Nalgonda,2026-05-26,Opportunistic screening,149,95,107,19.4,Hypertension,Uncontrolled,2026-08-24
NCDR0004542,NCP0003438,Renuka Basha,F,85,9765644228,BALANAGAR,Balanagar,Mahabubnagar,2025-11-23,Opportunistic screening,167,87,101,21.9,Hypertension,Borderline,2025-12-23
NCDR0004543,NCP0003439,Ramesh Chary,M,49,9763733174,Polepally,Jadcherla,Mahabubnagar,2026-02-09,Community screening,152,108,210,20.3,Hypertension+Diabetes,Uncontrolled,2026-04-10
NCDR0004544,NCP0003439,Ramesh Chary,M,49,9763733174,Polepally,Jadcherla,Mahabubnagar,2026-04-06,Opportunistic screening,150,86,174,31.3,Hypertension+Diabetes,Uncontrolled,2026-06-05
NCDR0004545,NCP0003440,Padma Das,F,55,+91-90378-14593,Nomula,Nakrekal,Nalgonda,2025-09-15,HWC screening,149,116,111,34.1,Hypertension,Uncontrolled,2025-10-15
NCDR0004546,NCP0003441,Lalitha Mudiraj,F,29,9072596374,Gundlapally,Devarakonda,Nalgonda,2025-10-03,Community screening,148,115,256,28.2,Hypertension+Diabetes,Uncontrolled,2025-11-02
NCDR0004547,NCP0003442,Harika Naik,F,24,9463034721,Gundlapally,Devarakonda,Nalgonda,2025-09-19,Opportunistic screening,160,86,145,29.1,Hypertension+Diabetes,Borderline,2025-12-18
NCDR0004548,NCP0003443,Lakshmee Jangam,F,58,,Kohir,Zaheerabad,Sangareddy,2025-08-07,Opportunistic screening,161,105,107,30.6,Hypertension,Borderline,2025-11-05
NCDR0004549,NCP0003443,Lakshmi Jangam,F,59,9360806159,Kohir,Zaheerabad,Sangareddy,2025-11-18,Community screening,173,86,123,30.2,Hypertension,Controlled,2026-01-17
NCDR0004550,NCP0003444,Venkatesh Das,M,63,9563538336,Polepally,Jadcherla,Mahabubnagar,2026-06-14,HWC screening,169,94,99,29.6,Hypertension,Borderline,2026-07-14
NCDR0004551,NCP0003445,Nirmala Begum,F,59,9767063347,Vemula,Midjil,Mahabubnagar,2025-09-10,HWC screening,177,96,97,25.5,Hypertension,Controlled,2025-10-10
NCDR0004552,NCP0003445,Nirmala Begum,F,57,9767063347,Vemula,Midjil,Mahabubnagar,2025-12-15,Community screening,190,105,108,25.1,Hypertension,Controlled,2026-02-13
NCDR0004553,NCP0003446,Bhavani Mudiraj,F,45,9891286726,Chandur,Chandur,Nalgonda,2026-01-16,HWC screening,142,74,146,23.2,Diabetes,Uncontrolled,2026-03-17
NCDR0004554,NCP0003447,Ravi Das,M,34,9462254190,Gundlapally,Devarakonda,Nalgonda,2025-07-12,Opportunistic screening,124,91,160,22.8,None,Not diagnosed,
NCDR0004555,NCP0003447,Ravi Das,M,35,9462254190,Gundlapally,Devarakonda,Nalgonda,2025-09-14,Community screening,110,86,116,23.1,None,Not diagnosed,
NCDR0004556,NCP0003448,Harika Goud,F,41,9603938999,Kallepally,Balanagar,Mahabubnagar,2026-03-17,HWC screening,187,96,207,19.4,Hypertension+Diabetes,Uncontrolled,2026-05-16
NCDR0004557,NCP0003449,Nirmala Devi,F,75,9554267983,Mogudampally,Zaheerabad,Sangareddy,2025-12-10,Opportunistic screening,169,93,242,28.3,Hypertension+Diabetes,Uncontrolled,2026-02-08
NCDR0004558,NCP0003449,Nirmala Devi,F,78,9554267983,Mogudampally,Zaheerabad,Sangareddy,2026-01-29,Opportunistic screening,170,97,172,27.4,Hypertension+Diabetes,Borderline,2026-03-30
NCDR0004559,NCP0003450,Anil Begum,M,29,9667385000,Rajapur,Balanagar,Mahabubnagar,2026-05-29,Opportunistic screening,131,88,291,19.7,Diabetes,Uncontrolled,2026-06-28
NCDR0004560,NCP0003450,Anil Begum,M,30,9667385000,Rajapur,Balanagar,Mahabubnagar,2026-07-31,HWC screening,125,75,176,28.3,Diabetes,Uncontrolled,2026-08-30
NCDR0004561,NCP0003451,Srinivas Chary,M,56,9285017717,NERMATA,Chandur,Nalgonda,2025-10-19,HWC screening,154,90,286,24.3,Hypertension+Diabetes,Borderline,2026-01-17
NCDR0004562,NCP0003452,Rani Patel,F,68,9106904063,Zaheerabad,Zaheerabad,Sangareddy,2025-09-27,Opportunistic screening,166,107,146,18.8,Hypertension,Borderline,2025-10-27
NCDR0004563,NCP0003453,Deevya Jangam,F,69,9370637569,Macharam,Jadcherla,Mahabubnagar,2025-10-29,Opportunistic screening,130,86,238,26.7,Diabetes,Controlled,2025-11-28
NCDR0004564,NCP0003453,Divya Jangam,F,69,9370637569,Macharam,Jadcherla,Mahabubnagar,2026-01-01,HWC screening,136,73,294,28.9,Diabetes,Uncontrolled,2026-03-02
NCDR0004565,NCP0003453,Divya Jangam,F,69,9370637569,Macharam,Jadcherla,Mahabubnagar,2026-05-19,Opportunistic screening,134,84,276,30.2,Diabetes,Borderline,2026-08-17
NCDR0004566,NCP0003454,Srinivs Naik,M,67,9847020875,Polepally,Jadcherla,Mahabubnagar,2026-04-19,Opportunistic screening,120,91,160,28.1,None,Not diagnosed,
NCDR0004567,NCP0003455,Naveen Khan,M,83,9759420311,Kallepally,Balanagar,Mahabubnagar,2025-11-10,Community screening,169,109,204,28.5,Hypertension+Diabetes,Borderline,2025-12-10
NCDR0004568,NCP0003456,Deepika Narsimha,F,46,,POLEPALLY,Jadcherla,Mahabubnagar,2025-11-11,Opportunistic screening,158,94,205,19.1,Hypertension+Diabetes,Borderline,2026-02-09
NCDR0004569,NCP0003456,Deepika Narsimha,F,50,9993692692,Polepally,Jadcherla,Mahabubnagar,2026-03-08,Opportunistic screening,178,93,261,20.4,Hypertension+Diabetes,Uncontrolled,2026-04-07
NCDR0004570,NCP0003457,Lalitha Krishna,F,68,+91-93339-13589,Patancher,Patancheru,Sangareddy,2025-11-15,HWC screening,140,103,159,19.7,Hypertension+Diabetes,Controlled,2025-12-15
NCDR0004571,NCP0003457,Lalitha Krishna,F,68,9333913589,Patancheru,Patancheru,Sangareddy,2026-02-04,HWC screening,185,102,276,31.8,Hypertension+Diabetes,Borderline,2026-03-06
NCDR0004572,NCP0003458,Anitha Jangam,F,85,9196940657,Mogudampally,Zaheerabad,Sangareddy,2025-10-06,Opportunistic screening,155,95,157,19.6,Hypertension,Uncontrolled,2025-11-05
NCDR0004573,NCP0003459,Hrika Laxman,F,54,9186469485,Polepally,Jadcherla,Mahabubnagar,2026-01-01,Community screening,121,95,156,31.7,None,Not diagnosed,
NCDR0004574,NCP0003460,Harika Basha,F,62,9856892290,Rajapur,Balanagar,Mahabubnagar,2025-11-15,HWC screening,179,92,290,19.3,Hypertension+Diabetes,Borderline,2025-12-15
NCDR0004575,NCP0003461,Kavitha Shekar,F,58,9335512882,Nermata,Chandur,Nalgonda,2026-03-31,Community screening,141,69,151,27.9,None,Not diagnosed,
NCDR0004576,NCP0003461,Kavitha Shekar,F,56,9335112882,Nermata,Chandur,Nalgonda,2026-07-05,Community screening,107,90,79,20.2,None,Not diagnosed,
NCDR0004577,NCP0003462,Rani Khan,F,50,9176693313,Vemula,Midjil,Mahabubnagar,2026-05-28,HWC screening,185,113,127,31.1,Hypertension,Borderline,2026-07-27
NCDR0004578,NCP0003462,Rani Khan,F,48,9176693313,Vemula,Midjil,Mahabubnagar,2026-07-15,Opportunistic screening,181,89,113,25.6,Hypertension,Uncontrolled,2026-08-14
NCDR0004579,NCP0003463,Jyoti Basha,F,35,+91-99747-49673,Devarakonda,Devarakonda,Nalgonda,2025-10-24,HWC screening,142,78,132,30.8,None,Not diagnosed,
NCDR0004580,NCP0003464,Mounik Shekar,F,53,9955631143,Polepally,Jadcherla,Mahabubnagar,2025-09-23,Community screening,153,98,288,28.6,Hypertension+Diabetes,Controlled,2025-11-22
NCDR0004581,NCP0003464,Mounika Shekar,F,52,,Polepally,Jadcherla,Mahabubnagar,2025-12-23,HWC screening,169,90,218,19.7,Hypertension+Diabetes,Controlled,2026-02-21
NCDR0004582,NCP0003465,Shankar Narsimha,M,42,9031886662,Polepally,Jadcherla,Mahabubnagar,2025-09-19,Opportunistic screening,126,90,308,20.4,Diabetes,Uncontrolled,2025-12-18
NCDR0004583,NCP0003465,Shankar Narsimha,M,43,9031886662,Polepally,Jadcherla,Mahabubnagar,2025-11-28,Opportunistic screening,112,91,251,21.8,Diabetes,Uncontrolled,2026-02-26
NCDR0004584,NCP0003466,Arun Reddy,M,43,9347085964,Donur,Midjil,Mahabubnagar,2026-01-26,Community screening,164,112,80,26.2,Hypertension,Controlled,2026-04-26
NCDR0004585,NCP0003467,Praveen Patel,M,29,9759778348,Kohir,Zaheerabad,Sangareddy,2026-06-10,HWC screening,156,104,122,23.3,Hypertension,Controlled,2026-08-09
NCDR0004586,NCP0003468,Srinivas Laxman,M,59,9558904041,Velpula,Midjil,Mahabubnagar,2025-09-10,Opportunistic screening,165,92,194,21.5,Hypertension+Diabetes,Borderline,2025-12-09
NCDR0004587,NCP0003468,Srinivas Laxman,M,59,9558904041,Velpula,Midjil,Mahabubnagar,2025-11-14,HWC screening,164,94,309,24.5,Hypertension+Diabetes,Uncontrolled,2025-12-14
NCDR0004588,NCP0003469,Kavitha,F,62,9638883925,Kummarikunta,Chandur,Nalgonda,2025-08-26,Opportunistic screening,142,85,141,23.9,None,Not diagnosed,
NCDR0004589,NCP0003470,Naresh,M,36,9711407301,Mangalapally,Nakrekal,Nalgonda,2025-08-27,Opportunistic screening,165,84,114,32.0,Hypertension,Controlled,2025-10-26
NCDR0004590,NCP0003470,Naresh Mudiraj,M,36,9711407301,Mangalapally,Nakrekal,Nalgonda,2025-10-27,Community screening,175,85,115,19.7,Hypertension,Borderline,2025-12-26
NCDR0004591,NCP0003470,Naresh Mudiraj,M,36,9711407301,MANGALAPALLY,Nakrekal,Nalgonda,2025-12-27,HWC screening,150,102,151,32.3,Hypertension,Borderline,2026-03-27
NCDR0004592,NCP0003471,Sushma Rao,F,63,9042709864,Bhanur,Patancheru,Sangareddy,2025-12-29,Opportunistic screening,147,68,109,20.7,None,Not diagnosed,
NCDR0004593,NCP0003471,Sushma Rao,F,63,9042709864,BHANUR,Patancheru,Sangareddy,2026-02-22,HWC screening,133,91,150,25.9,None,Not diagnosed,
NCDR0004594,NCP0003471,Sushma Rao,F,63,9042709864,Bhanur,Patancheru,Sangareddy,2026-06-21,Opportunistic screening,143,92,79,33.1,None,Not diagnosed,
NCDR0004595,NCP0003472,Kvitha Mudiraj,F,61,9755392834,Zaheerabad,Zaheerabad,Sangareddy,2026-03-31,HWC screening,139,77,133,30.6,None,Not diagnosed,
NCDR0004596,NCP0003473,Lakshmi Begum,F,70,9149950410,Balanagar,Balanagar,Mahabubnagar,2026-04-05,Opportunistic screening,139,93,91,24.4,None,Not diagnosed,
NCDR0004597,NCP0003474,Kiran Laxman,M,62,+91-91981-61605,Kondamallepally,Devarakonda,Nalgonda,2026-01-28,Community screening,107,72,145,24.4,None,Not diagnosed,
NCDR0004598,NCP0003475,Mohan Devi,M,56,9109709480,Donur,Midjil,Mahabubnagar,2025-11-07,Opportunistic screening,187,97,141,22.9,Hypertension,Borderline,2026-01-06
NCDR0004599,NCP0003475,Mohan,M,56,9109709480,Donur,Midjil,Mahabubnagar,2025-12-28,HWC screening,182,94,127,19.4,Hypertension,Uncontrolled,2026-03-28
NCDR0004600,NCP0003475,Mohan Dewi,M,57,9109709480,Donur,Midjil,Mahabubnagar,2026-03-05,HWC screening,149,105,88,26.2,Hypertension,Borderline,2026-06-03
NCDR0004601,NCP0003476,Anjali Patel,F,47,+91-95109-18226,VELPULA,Midjil,Mahabubnagar,2026-01-21,Opportunistic screening,134,79,276,25.9,Diabetes,Uncontrolled,2026-02-20
NCDR0004602,NCP0003477,Anil Goud,M,44,9551993340,Chandur,Chandur,Nalgonda,2026-01-19,Opportunistic screening,176,112,80,25.5,Hypertension,Borderline,2026-03-20
NCDR0004603,NCP0003478,Deepika Jangam,F,44,9826421940,Nakrekal,Nakrekal,Nalgonda,2025-11-05,Community screening,146,71,228,30.7,Diabetes,Controlled,2025-12-05
NCDR0004604,NCP0003478,Deepika Jangam,F,45,9826421940,Nakrekal,Nakrekal,Nalgonda,2025-12-25,Community screening,128,85,185,19.3,Diabetes,Borderline,2026-03-25
NCDR0004605,NCP0003479,Vinod Das,M,60,,Kalher,Narayankhed,Sangareddy,2025-12-15,Community screening,134,76,291,19.7,Diabetes,Uncontrolled,2026-01-14
NCDR0004606,NCP0003480,Anjali Mudiraj,F,18,9892533935,PEDDADINNE,Devarakonda,Nalgonda,2025-07-18,Opportunistic screening,172,97,141,30.7,Hypertension,Uncontrolled,2025-08-17
NCDR0004607,NCP0003481,Harika Mudiraj,F,38,9519189681,Nomula,Nakrekal,Nalgonda,2025-09-30,HWC screening,145,100,88,22.3,Hypertension,Borderline,2025-10-30
NCDR0004608,NCP0003482,Harika Khan,F,65,9716475377,Kalher,Narayankhed,Sangareddy,2025-09-01,HWC screening,138,91,125,23.5,None,Not diagnosed,
NCDR0004609,NCP0003483,Naresh Begum,M,34,9493307198,Kallepally,Balanagar,Mahabubnagar,2025-10-11,Opportunistic screening,140,93,301,26.1,Diabetes,Controlled,2025-11-10
NCDR0004610,NCP0003484,Praveen Naik,M,46,9297612552,Marrur,Nakrekal,Nalgonda,2025-10-04,Community screening,149,109,103,21.2,Hypertension,Uncontrolled,2025-12-03
NCDR0004611,NCP0003485,Bhavani Yadav,F,48,9645092232,Macharam,Jadcherla,Mahabubnagar,2025-11-09,Opportunistic screening,108,69,175,21.8,Diabetes,Controlled,2026-02-07
NCDR0004612,NCP0003485,Bhavani,F,47,9645092232,Macharam,Jadcherla,Mahabubnagar,2026-02-17,HWC screening,143,76,214,28.7,Diabetes,Uncontrolled,2026-03-19
NCDR0004613,NCP0003486,Venkatesh Rao,M,35,9510198973,Kohir,Zaheerabad,Sangareddy,2026-02-19,HWC screening,121,95,128,33.4,None,Not diagnosed,
NCDR0004614,NCP0003486,Venkatesh Rao,M,37,9510198973,Kohir,Zaheerabad,Sangareddy,2026-04-26,HWC screening,140,71,105,32.8,None,Not diagnosed,
NCDR0004615,NCP0003487,Srilatha Mudiraj,F,37,9820420382,Bhanur,Patancheru,Sangareddy,2025-08-27,HWC screening,111,95,147,23.1,None,Not diagnosed,
NCDR0004616,NCP0003488,Sushma Chary,F,31,,Ameenpur,Patancheru,Sangareddy,2026-02-26,Opportunistic screening,179,104,162,25.8,Hypertension,Uncontrolled,2026-03-28
NCDR0004617,NCP0003489,Shankar,M,41,9217065755,Devarakonda,Devarakonda,Nalgonda,2026-04-14,HWC screening,112,86,123,21.0,None,Not diagnosed,
NCDR0004618,NCP0003490,Raju Yadav,M,69,9863407122,Patancheru,Patancheru,Sangareddy,2025-12-10,Opportunistic screening,128,89,210,32.4,Diabetes,Borderline,2026-02-08
NCDR0004619,NCP0003491,Srinivas Narsimha,M,40,9138606842,Bodajanampet,Balanagar,Mahabubnagar,2025-08-28,Opportunistic screening,182,87,107,21.9,Hypertension,Controlled,2025-09-27
NCDR0004620,NCP0003492,Deepeeka Goud,F,35,9907713939,Midjil,Midjil,Mahabubnagar,2026-02-04,Opportunistic screening,177,112,161,24.6,Hypertension,Borderline,2026-03-06
NCDR0004621,NCP0003492,Deepika Goud,F,37,9907713939,Midjil,Midjil,Mahabubnagar,2026-04-17,Community screening,159,95,79,31.4,Hypertension,Borderline,2026-06-16
NCDR0004622,NCP0003493,Saritha Khan,F,53,9989000420,Marrur,Nakrekal,Nalgonda,2026-01-20,Community screening,138,108,143,28.8,Hypertension,Borderline,2026-04-20
NCDR0004623,NCP0003494,Sai Patel,M,39,9874864358,Mogudampally,Zaheerabad,Sangareddy,2026-01-23,Opportunistic screening,121,88,84,22.9,None,Not diagnosed,
NCDR0004624,NCP0003494,Sai Patel,M,36,,Mogudampally,Zaheerabad,Sangareddy,2026-05-14,Community screening,142,96,152,25.1,None,Not diagnosed,
NCDR0004625,NCP0003495,Saritha Shekar,F,69,9348076844,Bodajanampet,Balanagar,Mahabubnagar,2025-09-13,HWC screening,175,105,123,19.3,Hypertension,Uncontrolled,2025-11-12
NCDR0004626,NCP0003496,Deepika Devi,F,68,9202831546,Nermata,Chandur,Nalgonda,2026-02-19,Community screening,176,104,292,21.0,Hypertension+Diabetes,Controlled,2026-04-20
NCDR0004627,NCP0003496,Deepika Devi,F,70,9202831546,Nermata,Chandur,Nalgonda,2026-04-29,Community screening,144,96,290,28.8,Hypertension+Diabetes,Controlled,2026-06-28
NCDR0004628,NCP0003497,Rajesh Kumar,M,30,9784419759,RAJAPUR,Balanagar,Mahabubnagar,2025-08-19,HWC screening,137,87,94,27.5,None,Not diagnosed,
NCDR0004629,NCP0003498,Rani Mudiraj,F,57,9119855267,Polepally,Jadcherla,Mahabubnagar,2026-04-27,HWC screening,187,101,143,20.8,Hypertension,Borderline,2026-06-26
NCDR0004630,NCP0003499,Renuka Yadav,F,58,9912464801,Macharam,Jadcherla,Mahabubnagar,2026-03-01,Community screening,187,109,299,33.6,Hypertension+Diabetes,Uncontrolled,2026-05-30
NCDR0004631,NCP0003500,Srilatha Khan,F,77,9653313963,Devarakonda,Devarakonda,Nalgonda,2026-05-11,Community screening,124,96,174,24.2,Diabetes,Controlled,2026-07-10
NCDR0004632,NCP0003501,Suresh Das,M,35,9893627488,Marrur,Nakrekal,Nalgonda,2026-01-12,Opportunistic screening,177,100,124,23.6,Hypertension,Controlled,2026-03-13
NCDR0004633,NCP0003502,Vinod Chary,M,28,9369614662,Polepally,Jadcherla,Mahabubnagar,2026-03-16,Opportunistic screening,158,91,254,27.0,Hypertension+Diabetes,Borderline,2026-06-14
NCDR0004634,NCP0003503,Jyothi Laxman,F,42,9806744992,GUNDLAPALLY,Devarakonda,Nalgonda,2026-01-20,Opportunistic screening,139,86,177,30.0,Hypertension+Diabetes,Uncontrolled,2026-03-21
NCDR0004635,NCP0003504,Lalitha Krishna,F,54,9009315373,Chandur,Chandur,Nalgonda,2026-02-28,Opportunistic screening,136,86,108,32.0,None,Not diagnosed,
NCDR0004636,NCP0003504,Lalitha Krishna,F,55,9009315373,Chandur,Chandur,Nalgonda,2026-05-12,Community screening,108,68,146,32.3,None,Not diagnosed,
NCDR0004637,NCP0003505,Shankar Kumar,M,31,9520917054,Vemula,Midjil,Mahabubnagar,2025-12-03,Community screening,129,81,86,34.2,None,Not diagnosed,
NCDR0004638,NCP0003506,Divya Mallaiah,F,52,9682334171,Gangapur,Jadcherla,Mahabubnagar,2026-01-18,Opportunistic screening,166,85,124,28.5,Hypertension,Borderline,2026-03-19
NCDR0004639,NCP0003507,Mounika Reddy,F,24,9646870332,Gundlapally,Devarakonda,Nalgonda,2026-01-13,Community screening,140,70,131,34.0,None,Not diagnosed,
NCDR0004640,NCP0003507,Mounika Reddy,F,24,9646870332,Gundlapally,Devarakonda,Nalgonda,2026-04-01,Opportunistic screening,107,79,98,21.8,None,Not diagnosed,
NCDR0004641,NCP0003508,Anitha Shekar,F,48,9232230248,Vemula,Midjil,Mahabubnagar,2026-05-16,HWC screening,178,91,119,33.9,Hypertension,Borderline,2026-07-15
NCDR0004642,NCP0003509,Sai Chary,M,68,9199157442,BHANUR,Patancheru,Sangareddy,2025-09-01,HWC screening,140,73,148,25.5,None,Not diagnosed,
NCDR0004643,NCP0003510,Srilatha Reddy,F,42,,Gundlapally,Devarakonda,Nalgonda,2025-08-28,Opportunistic screening,170,92,154,29.1,Hypertension,Controlled,2025-11-26
NCDR0004644,NCP0003510,Srilatha Reddy,F,42,9547701797,Gundlapally,Devarakonda,Nalgonda,2025-12-06,Community screening,151,109,115,25.6,Hypertension,Controlled,2026-01-05
NCDR0004645,NCP0003511,Naveen Laxman,M,46,9825130292,Kondamallepally,Devarakonda,Nalgonda,2025-11-14,Community screening,186,91,216,21.1,Hypertension+Diabetes,Borderline,2026-01-13
NCDR0004646,NCP0003511,Naveen Laxman,M,45,9825130292,Kondamallepally,Devarakonda,Nalgonda,2026-01-04,Community screening,138,95,253,21.7,Hypertension+Diabetes,Uncontrolled,2026-02-03
NCDR0004647,NCP0003512,Ramesh Krishna,M,44,9498321660,Bhanur,Patancheru,Sangareddy,2026-01-04,Opportunistic screening,137,74,99,32.8,None,Not diagnosed,
NCDR0004648,NCP0003512,Ramesh Krishna,M,43,9498321660,Bhanur,Patancheru,Sangareddy,2026-03-04,Opportunistic screening,115,92,162,19.0,None,Not diagnosed,
NCDR0004649,NCP0003513,Kavitha Khan,F,44,9978489165,Peddadinne,Devarakonda,Nalgonda,2026-04-22,Opportunistic screening,138,82,216,24.9,Diabetes,Borderline,2026-06-21
NCDR0004650,NCP0003514,Lalitha Begum,F,60,9839160591,AMEENPUR,Patancheru,Sangareddy,2025-08-22,HWC screening,124,89,246,32.4,Diabetes,Uncontrolled,2025-10-21
NCDR0004651,NCP0003515,Divya Goud,F,44,9005447585,Polepally,Jadcherla,Mahabubnagar,2025-09-24,Community screening,135,87,137,21.5,None,Not diagnosed,
NCDR0004652,NCP0003516,Srilatha Jangam,F,57,9503589303,Indresham,Patancheru,Sangareddy,2026-02-06,Opportunistic screening,169,99,154,22.3,Hypertension,Controlled,2026-05-07
NCDR0004653,NCP0003516,Srilatha Jangam,F,59,9503589303,Indresham,Patancheru,Sangareddy,2026-04-04,Community screening,162,89,123,23.3,Hypertension,Controlled,2026-06-03
NCDR0004654,NCP0003517,Suresh Narsimha,M,62,9923639459,Velpula,Midjil,Mahabubnagar,2025-10-30,Opportunistic screening,151,96,105,25.6,Hypertension,Controlled,2026-01-28
NCDR0004655,NCP0003517,Suresh Narsimha,M,62,9923639459,Velpula,Midjil,Mahabubnagar,2026-02-16,Opportunistic screening,155,86,164,23.2,Hypertension,Controlled,2026-04-17
NCDR0004656,NCP0003518,Jyothi Narsimha,F,50,,Indresham,Patancheru,Sangareddy,2026-02-08,Opportunistic screening,150,114,122,28.1,Hypertension,Uncontrolled,2026-04-09
NCDR0004657,NCP0003519,Anitha Yadav,F,38,9435798693,KUMMARIKUNTA,Chandur,Nalgonda,2026-01-13,Community screening,130,95,137,31.8,None,Not diagnosed,
NCDR0004658,NCP0003520,Ranee Mallaiah,F,30,9067625487,KALLEPALLY,Balanagar,Mahabubnagar,2025-12-21,Opportunistic screening,158,115,294,20.0,Hypertension+Diabetes,Controlled,2026-01-20
NCDR0004659,NCP0003521,Arun Jangam,M,41,9513718974,Kangti,Narayankhed,Sangareddy,2026-02-27,HWC screening,139,79,105,27.6,None,Not diagnosed,
NCDR0004660,NCP0003521,Arun Jangam,M,42,9513718974,Kangti,Narayankhed,Sangareddy,2026-05-29,HWC screening,121,90,126,28.5,None,Not diagnosed,
NCDR0004661,NCP0003522,Santosh Rao,M,40,9978528819,Velpula,Midjil,Mahabubnagar,2025-12-13,HWC screening,130,87,213,27.6,Diabetes,Controlled,2026-03-13
NCDR0004662,NCP0003523,Praveen Krishna,M,67,9114923040,Jharasangam,Zaheerabad,Sangareddy,2026-05-24,Community screening,172,110,113,31.1,Hypertension,Borderline,2026-06-23
NCDR0004663,NCP0003524,Suresh Narsimha,M,59,9345005959,Velpula,Midjil,Mahabubnagar,2026-03-05,Opportunistic screening,116,72,145,32.6,Diabetes,Controlled,2026-06-03
NCDR0004664,NCP0003525,Renuka Patel,F,65,9590177156,Polepally,Jadcherla,Mahabubnagar,2026-03-31,Community screening,187,113,93,22.5,Hypertension,Controlled,2026-05-30
NCDR0004665,NCP0003526,Sritha Shekar,F,40,9296282320,Manoor,Narayankhed,Sangareddy,2026-02-18,HWC screening,170,98,221,25.9,Hypertension+Diabetes,Borderline,2026-04-19
NCDR0004666,NCP0003527,Raghav Chary,M,41,+91-93390-31550,Narayankhed,Narayankhed,Sangareddy,2025-10-03,Community screening,126,84,278,30.8,Diabetes,Borderline,2026-01-01
NCDR0004667,NCP0003528,Ramesh Narseemha,M,40,9522201824,Kondamallepally,Devarakonda,Nalgonda,2025-07-16,Community screening,149,93,98,25.8,Hypertension,Borderline,2025-09-14
NCDR0004668,NCP0003529,Bhavani Laxman,F,54,+91-99127-82456,Kummarikunta,Chandur,Nalgonda,2025-10-28,Community screening,137,91,200,26.2,Diabetes,Controlled,2026-01-26
NCDR0004669,NCP0003530,Naresh Devi,M,18,9392968907,Kondamallepally,Devarakonda,Nalgonda,2026-04-09,HWC screening,122,78,240,19.4,Diabetes,Uncontrolled,2026-05-09
NCDR0004670,NCP0003531,Renuka Chary,F,57,9078937726,Kohir,Zaheerabad,Sangareddy,2026-04-30,Opportunistic screening,138,103,165,21.9,Hypertension,Borderline,2026-05-30
NCDR0004671,NCP0003532,Mohan Shekar,M,39,9660999246,Polepally,Jadcherla,Mahabubnagar,2025-07-04,Opportunistic screening,190,95,325,34.0,Hypertension+Diabetes,Borderline,2025-10-02
NCDR0004672,NCP0003533,Raghav Chary,M,58,+91-94949-61217,Balanagar,Balanagar,Mahabubnagar,2025-11-17,Opportunistic screening,148,74,79,22.6,None,Not diagnosed,
NCDR0004673,NCP0003534,Padma,F,67,,Devarakond,Devarakonda,Nalgonda,2026-05-01,HWC screening,160,116,160,24.2,Hypertension,Controlled,2026-07-30
NCDR0004674,NCP0003535,Praveen Mudiraj,M,57,9822554133,Kangti,Narayankhed,Sangareddy,2026-04-04,Community screening,121,89,303,27.5,Diabetes,Borderline,2026-07-03
NCDR0004675,NCP0003535,Praveen Mudiraj,M,56,9822554133,Kangti,Narayankhed,Sangareddy,2026-07-29,HWC screening,149,77,320,26.0,Diabetes,Uncontrolled,2026-10-27
NCDR0004676,NCP0003536,Naveen Das,M,30,9539196655,Polepally,Jadcherla,Mahabubnagar,2026-05-07,HWC screening,174,91,155,25.9,Hypertension,Borderline,2026-07-06
NCDR0004677,NCP0003537,Raju Chary,M,42,9866260774,Chandur,Chandur,Nalgonda,2025-10-15,Community screening,158,88,119,23.6,Hypertension,Controlled,2025-12-14
NCDR0004678,NCP0003537,Raju Chary,M,40,,Chandu,Chandur,Nalgonda,2025-12-25,Opportunistic screening,142,86,163,21.3,Hypertension,Uncontrolled,2026-01-24
NCDR0004679,NCP0003538,Nirmala Laxman,F,72,9791081715,Midji,Midjil,Mahabubnagar,2026-04-28,Opportunistic screening,162,84,257,32.1,Hypertension+Diabetes,Controlled,2026-05-28
NCDR0004680,NCP0003538,Nirmala Laxman,F,72,9791081715,Midjil,Midjil,Mahabubnagar,2026-07-24,HWC screening,164,109,266,28.7,Hypertension+Diabetes,Borderline,2026-08-23
NCDR0004681,NCP0003539,Naresh Kumar,M,62,9702020481,Rajapur,Balanagar,Mahabubnagar,2025-08-27,Community screening,130,83,261,28.2,Diabetes,Borderline,2025-09-26
NCDR0004682,NCP0003540,Suresh Das,M,36,9768888349,Midjil,Midjil,Mahabubnagar,2025-12-27,Community screening,117,72,149,32.4,Diabetes,Borderline,2026-02-25
NCDR0004683,NCP0003541,Renuka Shekar,F,66,+91-95620-67064,DEVARAKONDA,Devarakonda,Nalgonda,2026-05-08,Community screening,105,92,103,28.0,None,Not diagnosed,
NCDR0004684,NCP0003542,Lalitha Patel,F,38,9391355872,Velpul,Midjil,Mahabubnagar,2026-02-14,Community screening,139,109,147,19.5,Hypertension,Controlled,2026-05-15
NCDR0004685,NCP0003542,Lalitha Patel,F,38,+91-93913-55872,Velpula,Midjil,Mahabubnagar,2026-04-16,HWC screening,138,114,149,27.2,Hypertension,Controlled,2026-06-15
NCDR0004686,NCP0003543,Santosh Rao,M,68,9038355817,Kohir,Zaheerabad,Sangareddy,2026-03-11,Opportunistic screening,149,115,148,26.0,Hypertension+Diabetes,Uncontrolled,2026-04-10
NCDR0004687,NCP0003543,Santosh Rao,M,68,9038355817,Kohir,Zaheerabad,Sangareddy,2026-06-26,Community screening,170,107,215,32.9,Hypertension+Diabetes,Controlled,2026-09-24
NCDR0004688,NCP0003543,Santosh Rao,M,66,9038355817,KOHIR,Zaheerabad,Sangareddy,2026-07-17,HWC screening,141,91,252,26.0,Hypertension+Diabetes,Controlled,2026-09-15
NCDR0004689,NCP0003544,Raghav Naik,M,59,9575332550,Marrur,Nakrekal,Nalgonda,2026-02-05,Opportunistic screening,143,104,112,32.9,Hypertension,Controlled,2026-04-06
NCDR0004690,NCP0003544,Raghav Naeek,M,61,9575332550,Marrur,Nakrekal,Nalgonda,2026-05-22,HWC screening,190,96,108,21.1,Hypertension,Borderline,2026-07-21
NCDR0004691,NCP0003545,Naresh Begum,M,40,9638820582,Kangti,Narayankhed,Sangareddy,2025-09-11,Community screening,124,68,173,21.6,Diabetes,Borderline,2025-12-10
NCDR0004692,NCP0003546,Anitha Devi,F,56,9303422093,BADEPALLY,Jadcherla,Mahabubnagar,2026-06-01,Community screening,161,98,88,21.8,Hypertension,Borderline,2026-08-30
NCDR0004693,NCP0003547,Naresh Mallaiah,M,45,9154018507,Polepally,Jadcherla,Mahabubnagar,2026-05-09,Community screening,171,112,149,32.6,Hypertension,Controlled,2026-08-07
NCDR0004694,NCP0003548,Arun Basha,M,78,,Zaheerabad,Zaheerabad,Sangareddy,2025-08-21,HWC screening,128,91,255,27.0,Diabetes,Borderline,2025-11-19
NCDR0004695,NCP0003548,Arun Basha,M,76,9168404922,Zaheerabad,Zaheerabad,Sangareddy,2025-12-17,Community screening,145,92,145,33.0,Diabetes,Borderline,2026-01-16
NCDR0004696,NCP0003549,Naveen Devi,M,59,9408860286,Mangalapally,Nakrekal,Nalgonda,2025-09-14,Opportunistic screening,149,93,260,29.3,Hypertension+Diabetes,Controlled,2025-11-13
NCDR0004697,NCP0003550,Suresh Yadav,M,59,9315470111,Indresha,Patancheru,Sangareddy,2025-07-24,Opportunistic screening,112,71,236,31.4,Diabetes,Uncontrolled,2025-10-22
NCDR0004698,NCP0003551,Harika Yadav,F,65,9341481586,NERMATA,Chandur,Nalgonda,2026-05-04,Opportunistic screening,148,78,120,34.0,None,Not diagnosed,
NCDR0004699,NCP0003552,Ramesh Das,M,54,9742961539,Kohir,Zaheerabad,Sangareddy,2025-08-12,HWC screening,173,108,99,24.6,Hypertension,Uncontrolled,2025-11-10
NCDR0004700,NCP0003552,Ramesh Das,M,52,9742961539,Kohir,Zaheerabad,Sangareddy,2025-10-27,Community screening,162,86,121,27.4,Hypertension,Borderline,2025-12-26
NCDR0004701,NCP0003553,Kavitha Reddy,F,39,9585706819,Nakrekal,Nakrekal,Nalgonda,2026-04-07,Community screening,184,88,132,30.3,Hypertension,Controlled,2026-07-06
NCDR0004702,NCP0003554,Ramesh Krishna,M,18,9565490298,Kalher,Narayankhed,Sangareddy,2026-05-05,HWC screening,144,112,225,19.5,Hypertension+Diabetes,Uncontrolled,2026-07-04
NCDR0004703,NCP0003555,Padma Narsimha,F,48,9117116338,Kohir,Zaheerabad,Sangareddy,2026-01-17,Community screening,173,85,136,22.7,Hypertension,Controlled,2026-03-18
NCDR0004704,NCP0003556,Venkatesh Yadav,M,40,+91-90480-76017,Midjil,Midjil,Mahabubnagar,2026-05-10,Opportunistic screening,148,116,253,28.4,Hypertension+Diabetes,Borderline,2026-07-09
NCDR0004705,NCP0003556,Venkatesh Yadav,M,40,9048026017,Midjil,Midjil,Mahabubnagar,2026-07-18,Opportunistic screening,179,98,285,20.7,Hypertension+Diabetes,Borderline,2026-09-16
NCDR0004706,NCP0003557,Raghav Chary,M,57,9900700991,Devarakonda,Devarakonda,Nalgonda,2026-02-05,Community screening,149,76,245,34.4,Diabetes,Borderline,2026-03-07
NCDR0004707,NCP0003558,Shobha Krishna,F,40,+91-93261-86915,Nakrekal,Nakrekal,Nalgonda,2025-08-11,Community screening,115,96,166,18.7,Diabetes,Uncontrolled,2025-11-09
NCDR0004708,NCP0003559,Raghav Goud,M,28,9640744692,Nermata,Chandur,Nalgonda,2026-04-30,HWC screening,155,87,78,30.1,Hypertension,Uncontrolled,2026-05-30
NCDR0004709,NCP0003559,Raghav Goud,M,25,+91-96407-44692,Nermata,Chandur,Nalgonda,2026-08-11,Opportunistic screening,154,101,137,33.3,Hypertension,Controlled,2026-11-09
NCDR0004710,NCP0003560,Padma Chary,F,41,9724484111,Devarakonda,Devarakonda,Nalgonda,2025-08-28,Community screening,145,82,158,27.1,Diabetes,Uncontrolled,2025-10-27
NCDR0004711,NCP0003560,Pdma Chary,F,41,,Devarakonda,Devarakonda,Nalgonda,2025-11-22,Opportunistic screening,134,68,236,24.0,Diabetes,Uncontrolled,2026-02-20
NCDR0004712,NCP0003561,Sushma Kumar,F,39,9196222388,Zaheerabad,Zaheerabad,Sangareddy,2026-02-05,HWC screening,137,91,160,20.4,None,Not diagnosed,
NCDR0004713,NCP0003562,Anitha Narsimha,F,43,9092872398,Midjil,Midjil,Mahabubnagar,2025-08-24,Opportunistic screening,190,112,148,28.1,Hypertension,Borderline,2025-10-23
NCDR0004714,NCP0003563,Vinod Basha,M,49,9392185915,Manoor,Narayankhed,Sangareddy,2026-05-27,Opportunistic screening,148,88,172,29.6,Hypertension+Diabetes,Controlled,2026-06-26
NCDR0004715,NCP0003564,Shobha Yadav,F,40,9685999669,Velpula,Midjil,Mahabubnagar,2025-11-10,Community screening,146,78,170,30.6,Diabetes,Controlled,2025-12-10
NCDR0004716,NCP0003565,Lakshmi Mallaiah,F,44,9006356170,Devarakonda,Devarakonda,Nalgonda,2026-01-30,HWC screening,161,109,242,29.1,Hypertension+Diabetes,Uncontrolled,2026-04-30
NCDR0004717,NCP0003566,Bhawani Kumar,F,59,9939117840,Bodajanampet,Balanagar,Mahabubnagar,2025-10-15,Community screening,185,94,109,31.5,Hypertension,Borderline,2025-11-14
NCDR0004718,NCP0003567,Deepika Khan,F,49,9246556976,Manoor,Narayankhed,Sangareddy,2025-10-23,Opportunistic screening,114,89,82,18.7,None,Not diagnosed,
NCDR0004719,NCP0003568,Rajesh Naik,M,47,9617626215,Kohir,Zaheerabad,Sangareddy,2025-10-01,Opportunistic screening,129,90,170,32.5,Diabetes,Uncontrolled,2025-11-30
NCDR0004720,NCP0003569,Srilata Basha,F,36,9536352628,Macharam,Jadcherla,Mahabubnagar,2026-02-25,Community screening,179,99,310,23.9,Hypertension+Diabetes,Controlled,2026-05-26
NCDR0004721,NCP0003570,Santosh Laxman,M,66,9535622214,Mangalapall,Nakrekal,Nalgonda,2026-02-11,Community screening,161,103,100,18.7,Hypertension,Controlled,2026-04-12
NCDR0004722,NCP0003570,Santosh Laxman,M,68,+91-95356-22214,Mangalapally,Nakrekal,Nalgonda,2026-04-13,Opportunistic screening,181,90,108,18.9,Hypertension,Borderline,2026-06-12
NCDR0004723,NCP0003571,Anitha Reddy,F,50,9459415575,Devarakonda,Devarakonda,Nalgonda,2025-07-29,HWC screening,116,84,264,30.1,Diabetes,Controlled,2025-09-27
NCDR0004724,NCP0003572,Kiran Shekar,M,72,9781202805,Macharam,Jadcherla,Mahabubnagar,2026-06-04,HWC screening,149,91,141,28.2,Hypertension,Controlled,2026-08-03
NCDR0004725,NCP0003573,Mahesh Begum,M,26,9985832485,Peddadinn,Devarakonda,Nalgonda,2026-01-16,Opportunistic screening,107,93,109,26.5,None,Not diagnosed,
NCDR0004726,NCP0003573,Mahesh Begum,M,30,9985832485,Peddadinne,Devarakonda,Nalgonda,2026-03-18,Community screening,133,74,102,28.2,None,Not diagnosed,
NCDR0004727,NCP0003574,Anjali Mudiraj,F,29,9285497007,KALLEPALLY,Balanagar,Mahabubnagar,2026-03-16,Community screening,153,98,283,19.8,Hypertension+Diabetes,Controlled,2026-06-14
NCDR0004728,NCP0003575,Divya Mudiraj,F,46,9230715229,Gangapur,Jadcherla,Mahabubnagar,2025-10-22,Community screening,133,69,236,20.3,Diabetes,Uncontrolled,2026-01-20
NCDR0004729,NCP0003575,Diwya Mudiraj,F,44,9230715229,Gangapur,Jadcherla,Mahabubnagar,2025-12-13,Community screening,142,91,146,19.2,Diabetes,Borderline,2026-02-11
NCDR0004730,NCP0003576,Santosh Reddy,M,33,9302084449,Gangapur,Jadcherla,Mahabubnagar,2026-05-29,Community screening,178,110,287,30.4,Hypertension+Diabetes,Controlled,2026-08-27
NCDR0004731,NCP0003576,Santos Reddy,M,31,9302084449,Gangapur,Jadcherla,Mahabubnagar,2026-07-29,HWC screening,159,111,211,30.3,Hypertension+Diabetes,Controlled,2026-08-28
NCDR0004732,NCP0003577,Venkatesh Narsimha,M,70,9255182414,Badepally,Jadcherla,Mahabubnagar,2025-10-13,HWC screening,177,92,151,21.5,Hypertension,Borderline,2025-12-12
NCDR0004733,NCP0003578,Arun Goud,M,50,,Midjil,Midjil,Mahabubnagar,2026-06-06,Community screening,148,114,257,26.7,Hypertension+Diabetes,Uncontrolled,2026-08-05
NCDR0004734,NCP0003579,Padma Laxman,F,52,+91-99980-26459,Ameenpur,Patancheru,Sangareddy,2026-01-04,HWC screening,143,112,81,34.1,Hypertension,Uncontrolled,2026-02-03
NCDR0004735,NCP0003580,Shankar Das,M,25,9837557720,Macharam,Jadcherla,Mahabubnagar,2025-07-15,HWC screening,150,89,105,31.6,None,Not diagnosed,
NCDR0004736,NCP0003581,Anjali Basha,F,40,9055310237,Macharam,Jadcherla,Mahabubnagar,2025-07-24,Opportunistic screening,124,71,158,26.9,None,Not diagnosed,
NCDR0004737,NCP0003582,Sai Chary,M,68,,Midjil,Midjil,Mahabubnagar,2025-12-05,HWC screening,135,92,162,30.0,None,Not diagnosed,
NCDR0004738,NCP0003583,Bhavani Patel,F,34,9624689365,Donur,Midjil,Mahabubnagar,2025-08-05,Opportunistic screening,148,96,117,26.7,None,Not diagnosed,
NCDR0004739,NCP0003583,Bhavani Patel,F,33,9624689365,Donur,Midjil,Mahabubnagar,2025-11-17,HWC screening,113,86,110,19.3,None,Not diagnosed,
NCDR0004740,NCP0003584,Shankar Khan,M,39,9518580885,Kohir,Zaheerabad,Sangareddy,2026-05-27,HWC screening,122,81,225,20.8,Diabetes,Controlled,2026-08-25
NCDR0004741,NCP0003585,Mahesh Das,M,35,9037056547,Gundlapally,Devarakonda,Nalgonda,2025-11-19,Opportunistic screening,173,105,145,24.1,Hypertension,Uncontrolled,2026-02-17
NCDR0004742,NCP0003586,Vinod Reddy,M,68,9885587792,Velpula,Midjil,Mahabubnagar,2026-06-08,HWC screening,189,101,161,28.4,Hypertension,Borderline,2026-08-07
NCDR0004743,NCP0003587,Divya Yadav,F,41,9734536587,Kohir,Zaheerabad,Sangareddy,2026-04-04,Opportunistic screening,119,86,150,25.8,Diabetes,Borderline,2026-05-04
NCDR0004744,NCP0003588,Shankar Krishna,M,83,9272531494,Narayankhed,Narayankhed,Sangareddy,2025-12-06,Opportunistic screening,129,87,157,18.6,Diabetes,Uncontrolled,2026-02-04
NCDR0004745,NCP0003588,Shankar Krishna,M,81,,Narayankhed,Narayankhed,Sangareddy,2026-03-20,HWC screening,150,78,200,24.8,Diabetes,Controlled,2026-05-19
NCDR0004746,NCP0003589,Anjali Krishna,F,66,9175074132,Kondamallepally,Devarakonda,Nalgonda,2025-07-09,Opportunistic screening,190,114,136,31.7,Hypertension,Controlled,2025-09-07
NCDR0004747,NCP0003589,Anjali Krishna,F,64,9175074132,Kondamallepally,Devarakonda,Nalgonda,2025-09-23,HWC screening,167,100,79,31.1,Hypertension,Controlled,2025-12-22
NCDR0004748,NCP0003589,Anjali Krishna,F,66,9175074132,Kondamallepall,Devarakonda,Nalgonda,2025-12-22,Community screening,186,88,109,26.6,Hypertension,Controlled,2026-01-21
