outreach_id,outreach_source_patient_id,patient_name,mobile,village,action_date,action_method,contact_outcome,cadre,facility_id,episode_id,followup_reason
OUT0000001,OUP0000001,Mohan Basha,9983609751,Chandur,2026-05-29,Village health day reminder,Patient unavailable,ASHA,FAC015,E0000001,Medicine pickup
OUT0000002,OUP0000002,Mohan Laxman,9136944879,Bodajanampet,2026-08-12,Phone call,Reached; counselled,ASHA,FAC006,E0000002,Review visit
OUT0000003,OUP0000003,Mohn Narsimha,9484336710,Kondamallepalli,2026-06-09,WhatsApp/SMS,Wrong number,ASHA,FAC011,E0000004,Review visit
OUT0000004,OUP0000003,Mohn Narsimha,9484336710,Kondamallepally,2026-06-21,Phone call,Wrong number,CHO,FAC011,E0000004,Medicine pickup
OUT0000005,OUP0000004,Sai Krishna,9445488147,Macharam,2026-05-08,Phone call,Reached; counselled,ASHA,FAC001,E0000005,Test completion
OUT0000006,OUP0000005,Anitha Narsimha,9474992238,Devarakonda,2026-03-12,Village health day reminder,No answer,CHO,FAC011,E0000006,Review visit
OUT0000007,OUP0000005,Anitha Narsimha,9474992238,Devarakonda,2026-03-31,Village health day reminder,Reached; promised follow-up,CHO,FAC011,E0000007,Review visit
OUT0000008,OUP0000005,Anitha Narsimha,9474992238,Devarakonda,2026-03-26,Phone call,Reached; counselled,CHO,FAC011,E0000007,General adherence
OUT0000009,OUP0000005,Anitha Narsimha,9474992218,Devarakonda,2026-04-01,Village health day reminder,Reached; counselled,CHO,FAC011,E0000007,Medicine pickup
OUT0000010,OUP0000006,Suresh Reddy,9480282019,Chandur,2026-04-06,Phone call,Family member reached,ASHA,FAC015,E0000010,Medicine pickup
OUT0000011,OUP0000006,Suresh,9480282019,Chandur,2026-03-29,WhatsApp/SMS,Reached; counselled,ASHA,FAC015,E0000010,General adherence
OUT0000012,OUP0000006,Suresh Reddy,9480282019,Chandur,2026-04-01,WhatsApp/SMS,Phone switched off,ASHA,FAC015,E0000010,General adherence
OUT0000013,OUP0000007,Bhavani Mudiraj,9308761512,Patancheru,2026-07-22,WhatsApp/SMS,No answer,ASHA,FAC027,E0000014,Medicine pickup
OUT0000014,OUP0000008,Naveen Narsimha,,Nermata,2026-04-25,Home visit,No answer,ASHA,FAC015,E0000016,Test completion
OUT0000015,OUP0000008,Naveen Narsimha,9608842628,Nermata,2026-04-28,Home visit,Reached; promised follow-up,CHO,FAC015,E0000016,General adherence
OUT0000016,OUP0000008,Naveen Narsimha,9608842628,Nermata,2026-06-24,Home visit,Family member reached,ASHA,FAC015,E0000017,General adherence
OUT0000017,OUP0000008,Navin Narsimha,,Nermata,2026-06-08,Village health day reminder,Wrong number,CHO,FAC015,E0000017,General adherence
OUT0000018,OUP0000009,Ravi Naik,9412818675,Kangti,2026-08-21,Phone call,Family member reached,CHO,FAC020,E0000019,Review visit
OUT0000019,OUP0000009,Ravi Naik,9412818675,Kangti,2026-08-30,Home visit,Phone switched off,ASHA,FAC020,E0000019,Test completion
OUT0000020,OUP0000010,Anil Patel,9911344484,Bangarigadda,2026-07-30,Phone call,Reached; counselled,CHO,FAC015,E0000022,Medicine pickup
OUT0000021,OUP0000011,Mahesh Mallaiah,9597602786,Kallepally,2026-08-12,WhatsApp/SMS,Reached; counselled,ASHA,FAC004,E0000023,Review visit
OUT0000022,OUP0000011,Mahesh Mallaiah,9597602786,Kallepalli,2026-08-12,Home visit,Wrong number,ASHA,FAC004,E0000024,Medicine pickup
OUT0000023,OUP0000011,Mahesh Mallaiah,9597602786,KALLEPALLY,2026-08-23,Home visit,Reached; counselled,ASHA,FAC004,E0000024,Review visit
OUT0000024,OUP0000012,Srilatha Rao,9362646185,Kangti,2026-05-02,Home visit,Wrong number,CHO,FAC019,E0000030,Medicine pickup
OUT0000025,OUP0000012,Sriltha Rao,9362646125,Kangti,2026-05-13,Phone call,Reached; promised follow-up,ASHA,FAC019,E0000030,Test completion
OUT0000026,OUP0000013,Kiran Chary,9554841074,Nakrekal,2026-03-09,Home visit,Reached; counselled,ASHA,FAC017,E0000031,Test completion
OUT0000027,OUP0000013,Kirn Chary,+91-95548-41074,Nakrekal,2026-02-25,Home visit,Family member reached,CHO,FAC017,E0000031,Test completion
OUT0000028,OUP0000013,Kiran Chary,9554841074,Nakrekal,2026-03-01,Home visit,Reached; promised follow-up,CHO,FAC017,E0000031,Review visit
OUT0000029,OUP0000014,Lalitha Chary,9855044748,Narayankhed,2026-01-17,Phone call,Wrong number,ASHA,FAC019,E0000032,Medicine pickup
OUT0000030,OUP0000014,Lalitha,9855044748,Narayankhed,2026-01-24,Phone call,Phone switched off,ASHA,FAC019,E0000032,Medicine pickup
OUT0000031,OUP0000015,Suresh Narsimha,9515346534,Mogudampally,2026-07-12,Home visit,Phone switched off,ASHA,FAC023,E0000033,Review visit
OUT0000032,OUP0000016,Mounika Reddy,9789954295,Jharasangam,2026-04-03,WhatsApp/SMS,Patient unavailable,ASHA,FAC024,E0000035,General adherence
OUT0000033,OUP0000016,Mounika Reddy,9789954295,Jharasangam,2026-04-23,Phone call,Reached; counselled,CHO,FAC024,E0000035,Test completion
OUT0000034,OUP0000017,Sushma,9748917883,Devarakonda,2026-05-10,Phone call,Reached; counselled,CHO,FAC012,E0000038,Medicine pickup
OUT0000035,OUP0000018,Mahesh Goud,9725511916,Manoor,2026-01-19,Home visit,Wrong number,ASHA,FAC019,E0000039,Medicine pickup
OUT0000036,OUP0000019,Shankar Devi,9675486654,Kondamallepally,2026-01-29,Phone call,Reached; promised follow-up,ASHA,FAC010,E0000041,General adherence
OUT0000037,OUP0000019,Shankar Devi,9675486654,Kondamallepally,2026-01-15,Phone call,Reached; promised follow-up,ASHA,FAC010,E0000041,General adherence
OUT0000038,OUP0000020,Raju Goud,+91-99154-58298,Manoor,2026-06-15,Village health day reminder,Reached; counselled,ASHA,FAC019,E0000043,Test completion
OUT0000039,OUP0000020,Raju Goud,9915458298,Manoor,2026-06-15,Phone call,Reached; counselled,ASHA,FAC019,E0000043,Test completion
OUT0000040,OUP0000020,Raju Goud,9915458298,Manoor,2026-06-14,WhatsApp/SMS,Reached; promised follow-up,CHO,FAC019,E0000043,General adherence
OUT0000041,OUP0000021,Rmesh Mallaiah,+91-99344-13959,Kummarikunta,2026-08-18,WhatsApp/SMS,Phone switched off,ASHA,FAC015,E0000045,Review visit
OUT0000042,OUP0000022,Kiran Patel,+91-90759-35742,Gundlapall,2026-06-29,Phone call,Reached; promised follow-up,CHO,FAC012,E0000047,Medicine pickup
OUT0000043,OUP0000023,Bhavani Mudiraj,9653959646,Peddadinne,2026-07-10,Phone call,Family member reached,ASHA,FAC012,E0000051,Medicine pickup
OUT0000044,OUP0000024,Sushma Mallaiah,9204737240,Nermata,2026-02-27,WhatsApp/SMS,Reached; counselled,ASHA,FAC013,E0000052,Medicine pickup
OUT0000045,OUP0000024,Sushma Mallaiah,9204737240,Nermata,2026-02-22,Home visit,Wrong number,CHO,FAC013,E0000052,Test completion
OUT0000046,OUP0000025,Anil Naik,9283069710,Gundlapally,2026-06-21,Home visit,Family member reached,CHO,FAC011,E0000054,Test completion
OUT0000047,OUP0000025,Anil Naik,9283069210,Gundlapally,2026-06-26,Village health day reminder,Reached; counselled,ASHA,FAC011,E0000054,Test completion
OUT0000048,OUP0000025,Anil Naik,9285069210,Gundlapally,2026-08-11,Home visit,Patient unavailable,CHO,FAC011,E0000055,Review visit
OUT0000049,OUP0000025,Anil Naik,9283069210,Gundlapally,2026-08-17,Phone call,Reached; counselled,CHO,FAC011,E0000055,General adherence
OUT0000050,OUP0000026,Kiran Narsimha,9015029620,Bangarigadda,2026-03-24,Home visit,Reached; promised follow-up,CHO,FAC014,E0000056,Review visit
OUT0000051,OUP0000027,Anil Reddy,9346458420,Bodajanampet,2026-04-27,Phone call,Reached; promised follow-up,CHO,FAC004,E0000058,Medicine pickup
OUT0000052,OUP0000028,Swathi Patel,9664868595,Zaheerabad,2026-07-06,Phone call,Phone switched off,CHO,FAC022,E0000059,Review visit
OUT0000053,OUP0000028,Swathi Patel,9664868595,Zaheeraba,2026-07-23,WhatsApp/SMS,Wrong number,ASHA,FAC022,E0000059,Medicine pickup
OUT0000054,OUP0000028,Swati Patel,,Zaheerabad,2026-08-09,Phone call,Reached; counselled,CHO,FAC023,E0000060,Review visit
OUT0000055,OUP0000029,Anjali Devi,9691882534,Kondamallepally,2026-03-09,Phone call,Reached; counselled,ASHA,FAC010,E0000061,Test completion
OUT0000056,OUP0000029,Anjali Devi,,Kondamallepally,2026-03-13,WhatsApp/SMS,Reached; counselled,ASHA,FAC010,E0000061,Test completion
OUT0000057,OUP0000030,Arun Basha,,CHANDUR,2026-03-21,WhatsApp/SMS,Reached; counselled,ASHA,FAC014,E0000063,Medicine pickup
OUT0000058,OUP0000030,Arun Basha,9455880789,Chandur,2026-05-21,Phone call,Reached; promised follow-up,ASHA,FAC015,E0000064,Test completion
OUT0000059,OUP0000030,Arun,9455580789,Chandur,2026-05-06,Home visit,Family member reached,ASHA,FAC015,E0000064,General adherence
OUT0000060,OUP0000031,Jyothi,+91-95260-47893,Nakrekal,2026-06-30,Phone call,Wrong number,CHO,FAC018,E0000068,Medicine pickup
OUT0000061,OUP0000031,Jyothi Devi,+91-95260-47893,Nakrekal,2026-07-18,Phone call,Patient unavailable,ASHA,FAC018,E0000068,Test completion
OUT0000062,OUP0000031,Jyothi Devi,9526047893,NAKREKAL,2026-07-08,Village health day reminder,Phone switched off,CHO,FAC018,E0000068,Review visit
OUT0000063,OUP0000032,Harika Khan,,Nomula,2026-04-28,Home visit,Patient unavailable,CHO,FAC017,E0000070,Test completion
OUT0000064,OUP0000032,Harika Khan,9870853389,Nomula,2026-05-02,WhatsApp/SMS,Reached; promised follow-up,ASHA,FAC017,E0000070,Review visit
OUT0000065,OUP0000032,Harika Khan,9870853389,Nomula,2026-05-01,WhatsApp/SMS,Reached; counselled,CHO,FAC017,E0000070,Review visit
OUT0000066,OUP0000033,Raghav Laxman,9875287515,Badepally,2026-02-09,Home visit,Phone switched off,CHO,FAC003,E0000071,Review visit
OUT0000067,OUP0000033,Raghav Laxman,9875287515,Badepally,2026-01-29,Phone call,Patient unavailable,CHO,FAC003,E0000071,Medicine pickup
OUT0000068,OUP0000034,Anita Basha,9444381461,Bhanur,2026-02-06,WhatsApp/SMS,Reached; promised follow-up,ASHA,FAC025,E0000072,Medicine pickup
OUT0000069,OUP0000035,Hrika Das,,Donur,2026-07-09,Home visit,Family member reached,CHO,FAC007,E0000076,Medicine pickup
OUT0000070,OUP0000036,Rani Krishna,9856234226,Vemula,2026-07-13,Village health day reminder,Reached; promised follow-up,ASHA,FAC007,E0000077,Test completion
OUT0000071,OUP0000036,Rani Krishna,9856234226,Vemula,2026-07-13,Phone call,Wrong number,CHO,FAC007,E0000077,Review visit
OUT0000072,OUP0000037,Suresh Laxman,,Mogudampally,2026-01-27,Home visit,Reached; promised follow-up,ASHA,FAC024,E0000079,Medicine pickup
OUT0000073,OUP0000037,Suresh Laxman,9011664925,Mogudampally,2026-01-24,WhatsApp/SMS,Reached; counselled,ASHA,FAC024,E0000079,Medicine pickup
OUT0000074,OUP0000037,Suresh Laxman,+91-90116-64925,Mogudampally,2026-02-02,Village health day reminder,No answer,ASHA,FAC024,E0000079,Review visit
OUT0000075,OUP0000038,Padma Shekar,9948463267,Kangti,2026-05-27,Village health day reminder,Reached; promised follow-up,CHO,FAC019,E0000080,Review visit
OUT0000076,OUP0000038,Padma Shekar,9948463267,Kangti,2026-06-12,Phone call,Family member reached,ASHA,FAC019,E0000080,Review visit
OUT0000077,OUP0000038,Padma Shekar,,Kangti,2026-06-06,Home visit,Phone switched off,CHO,FAC019,E0000080,Test completion
OUT0000078,OUP0000038,Padma Shekar,9948468267,Kangti,2026-07-28,Phone call,Wrong number,CHO,FAC020,E0000081,Medicine pickup
OUT0000079,OUP0000038,Padma Shekar,9948463267,Kangti,2026-07-29,Home visit,Reached; counselled,CHO,FAC020,E0000081,Medicine pickup
OUT0000080,OUP0000038,Padma Shekar,9948463267,Kangti,2026-08-01,Village health day reminder,Reached; counselled,CHO,FAC020,E0000081,Test completion
OUT0000081,OUP0000039,Rani Das,9408982079,Zaheerabad,2026-05-27,Home visit,No answer,CHO,FAC022,E0000084,Review visit
OUT0000082,OUP0000039,Rani Das,9408982079,Zaheerabad,2026-05-28,Phone call,Family member reached,ASHA,FAC022,E0000084,Test completion
OUT0000083,OUP0000039,Rani Das,9408982079,Zaheerabad,2026-05-27,Home visit,Reached; counselled,ASHA,FAC022,E0000084,Test completion
OUT0000084,OUP0000040,Padma Chary,9818513664,Ameenpur,2026-08-16,Phone call,Family member reached,ASHA,FAC025,E0000088,Review visit
OUT0000085,OUP0000040,Pdma Chary,9818513664,Ameenpur,2026-08-16,Phone call,Reached; counselled,CHO,FAC025,E0000088,General adherence
OUT0000086,OUP0000040,Padma Chary,9818513664,Ameenpur,2026-08-22,Home visit,Family member reached,ASHA,FAC025,E0000088,Review visit
OUT0000087,OUP0000041,Llitha Mudiraj,+91-93960-42708,GANGAPUR,2026-08-10,Village health day reminder,Reached; promised follow-up,ASHA,FAC003,E0000089,Review visit
OUT0000088,OUP0000042,Lakshmi Goud,9121200881,Nakrekal,2026-06-03,Village health day reminder,Family member reached,CHO,FAC018,E0000093,Medicine pickup
OUT0000089,OUP0000042,Lakshmi Goud,9121200981,Nakrekal,2026-06-10,Phone call,Reached; counselled,CHO,FAC018,E0000093,General adherence
OUT0000090,OUP0000042,Lakshmee Goud,9121200881,Nakrekal,2026-06-27,Phone call,Patient unavailable,CHO,FAC018,E0000093,Medicine pickup
OUT0000091,OUP0000043,Ravi Krishna,9988713034,Manoor,2026-03-07,Home visit,Family member reached,ASHA,FAC021,E0000094,Test completion
OUT0000092,OUP0000044,Rajesh Reddy,+91-96006-74893,Bhanur,2026-03-25,Home visit,Phone switched off,CHO,FAC025,E0000096,Test completion
OUT0000093,OUP0000044,Rajesh Reddy,9600674893,Bhanur,2026-04-07,Phone call,Wrong number,CHO,FAC025,E0000096,Test completion
OUT0000094,OUP0000044,Rajesh Reddy,9600674893,Bhanur,2026-03-29,Phone call,Phone switched off,CHO,FAC025,E0000096,Test completion
OUT0000095,OUP0000045,Raju Krishna,9519899121,Chandur,2026-02-09,Home visit,Phone switched off,ASHA,FAC013,E0000097,Review visit
OUT0000096,OUP0000045,Raju Krishna,9519899121,Chandur,2026-08-14,Phone call,Wrong number,ASHA,FAC014,E0000098,Test completion
OUT0000097,OUP0000046,Naveen Patel,9824178781,Peddadinne,2026-05-28,Phone call,Family member reached,CHO,FAC011,E0000099,Review visit
OUT0000098,OUP0000046,Naveen Patel,9824178781,Peddadinne,2026-05-21,WhatsApp/SMS,Wrong number,CHO,FAC011,E0000099,Review visit
OUT0000099,OUP0000047,Sushma Goud,9538357964,Vemula,2026-07-09,Home visit,Family member reached,ASHA,FAC009,E0000100,Medicine pickup
OUT0000100,OUP0000047,Sushma Goud,9538357964,Vemula,2026-07-11,Home visit,Reached; counselled,ASHA,FAC009,E0000100,Review visit
OUT0000101,OUP0000048,Renuka Mallaiah,9287025334,Midjil,2026-02-17,Phone call,Family member reached,ASHA,FAC009,E0000101,Medicine pickup
OUT0000102,OUP0000049,Mohan Goud,9416057868,Nakrekal,2026-06-30,Village health day reminder,Reached; counselled,ASHA,FAC016,E0000104,Test completion
OUT0000103,OUP0000050,Renuka Krishna,9151254866,Mogudampally,2026-08-28,Home visit,Patient unavailable,ASHA,FAC022,E0000106,General adherence
OUT0000104,OUP0000050,Renuka Krishna,9151254866,Mogudampally,2026-08-23,Village health day reminder,Reached; promised follow-up,CHO,FAC022,E0000106,Medicine pickup
OUT0000105,OUP0000051,Srinivas Jangam,9400987444,Nakrekal,2026-07-23,Home visit,Reached; counselled,CHO,FAC016,E0000107,General adherence
OUT0000106,OUP0000051,Srinivas Jangam,9400987444,NAKREKAL,2026-07-16,Home visit,Reached; counselled,CHO,FAC016,E0000107,General adherence
OUT0000107,OUP0000051,Srinivas Jangam,+91-94009-87444,Nakrekal,2026-07-24,Home visit,Wrong number,CHO,FAC016,E0000107,General adherence
OUT0000108,OUP0000051,Srinivas Jangam,9403987444,Nakrekal,2026-08-15,Home visit,No answer,CHO,FAC016,E0000108,Medicine pickup
OUT0000109,OUP0000051,Srinivas Jangam,+91-94009-87444,NAKREKAL,2026-08-31,Home visit,Patient unavailable,CHO,FAC016,E0000108,Test completion
OUT0000110,OUP0000052,Suresh Goud,9337649750,Kummarikunta,2026-07-04,Home visit,Reached; counselled,ASHA,FAC014,E0000109,General adherence
OUT0000111,OUP0000052,Suresh Goud,9337649750,Kummarikunta,2026-07-05,Phone call,Reached; promised follow-up,ASHA,FAC014,E0000109,General adherence
OUT0000112,OUP0000053,Srinivas Naik,,Vemula,2026-04-26,Village health day reminder,Patient unavailable,ASHA,FAC009,E0000111,Medicine pickup
OUT0000113,OUP0000053,Srinivas Naik,9707039897,Vemula,2026-05-02,Home visit,Reached; promised follow-up,CHO,FAC009,E0000111,General adherence
OUT0000114,OUP0000053,Srinivas Naik,9707039897,Vemula,2026-07-24,Home visit,Reached; counselled,ASHA,FAC008,E0000113,Review visit
OUT0000115,OUP0000054,Srinivas Laxman,9641722497,Nakrekal,2026-03-10,Home visit,Family member reached,CHO,FAC016,E0000114,General adherence
OUT0000116,OUP0000055,Swathi Mudiraj,9222033108,MIDJIL,2026-02-11,WhatsApp/SMS,Family member reached,ASHA,FAC007,E0000115,Test completion
OUT0000117,OUP0000055,Swathi Mudiraj,9222033108,Midjil,2026-03-22,Village health day reminder,Reached; counselled,CHO,FAC009,E0000116,Test completion
OUT0000118,OUP0000055,Swathi Mudiraj,9222033108,Midjil,2026-03-26,Home visit,Reached; promised follow-up,ASHA,FAC009,E0000116,Review visit
OUT0000119,OUP0000055,Swathi Mudiraj,9222033108,Midjil,2026-03-30,Phone call,No answer,CHO,FAC009,E0000116,Test completion
OUT0000120,OUP0000056,Naveen Laxman,9558705212,Patancheru,2026-05-11,Phone call,Reached; counselled,ASHA,FAC025,E0000117,Test completion
OUT0000121,OUP0000056,Naveen Laxman,9558705212,Patancheru,2026-07-08,Phone call,Reached; counselled,CHO,FAC025,E0000118,Medicine pickup
OUT0000122,OUP0000056,Naveen Laxman,9558705212,Patancheru,2026-07-09,Village health day reminder,Family member reached,CHO,FAC025,E0000118,General adherence
OUT0000123,OUP0000057,Rjesh Mallaiah,+91-95582-60275,Marrur,2026-01-22,Village health day reminder,Family member reached,CHO,FAC018,E0000119,Test completion
OUT0000124,OUP0000057,Rajesh Mallaeeah,9558260275,MARRUR,2026-08-03,Phone call,Phone switched off,CHO,FAC016,E0000120,General adherence
OUT0000125,OUP0000058,Shankar Mudiraj,9201433191,Kallepally,2026-07-24,Village health day reminder,Reached; promised follow-up,ASHA,FAC005,E0000125,General adherence
OUT0000126,OUP0000058,Shankar Mudiraj,9201433191,Kallepally,2026-07-21,Home visit,Phone switched off,CHO,FAC005,E0000125,Medicine pickup
OUT0000127,OUP0000058,Shankar Mudiraj,9201433191,Kallepally,2026-07-23,Phone call,Phone switched off,CHO,FAC005,E0000125,Test completion
OUT0000128,OUP0000059,Raju Kumar,9055666888,Midjil,2026-03-24,Phone call,Reached; promised follow-up,CHO,FAC007,E0000126,Review visit
OUT0000129,OUP0000059,Raju Kumar,9055666888,Midjil,2026-03-29,Village health day reminder,No answer,ASHA,FAC007,E0000126,Test completion
OUT0000130,OUP0000059,Raju Kumar,,Midjil,2026-04-04,Phone call,No answer,ASHA,FAC007,E0000126,Medicine pickup
OUT0000131,OUP0000059,Raju Kumar,9055666888,Midjil,2026-03-30,Home visit,Reached; counselled,CHO,FAC009,E0000127,Medicine pickup
OUT0000132,OUP0000060,Arun Khan,+91-90187-85075,Velpula,2026-05-30,Home visit,Family member reached,CHO,FAC007,E0000130,Review visit
OUT0000133,OUP0000061,Shobha Shekar,9628924526,Macharam,2026-04-30,Home visit,Patient unavailable,CHO,FAC003,E0000135,Medicine pickup
OUT0000134,OUP0000061,Shobha Shekar,9628924526,Macharam,2026-04-21,Phone call,Phone switched off,ASHA,FAC003,E0000135,Test completion
OUT0000135,OUP0000061,Shobha Shekar,9628924526,Macharam,2026-08-29,Phone call,Wrong number,ASHA,FAC003,E0000136,Review visit
OUT0000136,OUP0000061,Shobha Shekar,+91-96289-24526,Macharam,2026-08-30,Village health day reminder,Patient unavailable,CHO,FAC003,E0000136,Medicine pickup
OUT0000137,OUP0000062,Mahesh Mallaiah,9404721485,Midjil,2026-03-06,Home visit,Reached; promised follow-up,CHO,FAC009,E0000137,Test completion
OUT0000138,OUP0000062,Mahesh Mallaiah,9404721485,Midjil,2026-03-09,Village health day reminder,Family member reached,CHO,FAC009,E0000137,General adherence
OUT0000139,OUP0000063,Saritha Goud,9388695792,KALLEPALLY,2026-02-14,Home visit,Family member reached,CHO,FAC005,E0000138,Medicine pickup
OUT0000140,OUP0000064,Anitha Begum,+91-99094-70036,Jharasangam,2026-02-22,Home visit,Family member reached,CHO,FAC024,E0000139,General adherence
OUT0000141,OUP0000064,Anitha Begum,9909470036,Jharasangam,2026-02-22,Phone call,Reached; counselled,ASHA,FAC024,E0000139,Review visit
OUT0000142,OUP0000065,Lakshmi Mallaiah,9512351181,Vemula,2026-07-24,WhatsApp/SMS,Family member reached,CHO,FAC009,E0000141,General adherence
OUT0000143,OUP0000066,Srilatha Jangam,9870630423,Nakrekal,2026-02-25,Home visit,Family member reached,CHO,FAC017,E0000142,General adherence
OUT0000144,OUP0000066,Sreelatha Jangam,9870630423,Nakrekal,2026-03-02,Phone call,Reached; counselled,CHO,FAC017,E0000142,Medicine pickup
OUT0000145,OUP0000067,Ravi Shekar,9513815152,Manoor,2026-05-30,Home visit,Reached; counselled,ASHA,FAC020,E0000144,General adherence
OUT0000146,OUP0000067,Ravi Shekar,9513815152,Manoor,2026-05-31,Phone call,Wrong number,ASHA,FAC020,E0000144,Review visit
OUT0000147,OUP0000068,Harika Laxman,+91-98006-92610,Vemula,2026-05-01,Phone call,Reached; promised follow-up,ASHA,FAC008,E0000145,General adherence
OUT0000148,OUP0000068,Harika Laxman,9800692610,Vemula,2026-04-27,Home visit,Reached; promised follow-up,ASHA,FAC008,E0000145,Medicine pickup
OUT0000149,OUP0000068,Harika Laxman,9800692610,Vemula,2026-05-04,Home visit,Phone switched off,ASHA,FAC008,E0000145,Test completion
OUT0000150,OUP0000069,Shankar Yadav,9442198767,Macharam,2026-06-08,Village health day reminder,Wrong number,ASHA,FAC001,E0000147,General adherence
OUT0000151,OUP0000069,Shnkar Yadav,9442190767,Macharam,2026-06-13,Phone call,Reached; promised follow-up,ASHA,FAC001,E0000147,Medicine pickup
OUT0000152,OUP0000069,Shankar Yadav,9442198767,Macharam,2026-07-18,Phone call,Wrong number,CHO,FAC002,E0000148,General adherence
OUT0000153,OUP0000069,Shankar Yadav,9442198767,Macharam,2026-07-30,Home visit,Wrong number,ASHA,FAC002,E0000148,Medicine pickup
OUT0000154,OUP0000070,Shobha Basha,9147130106,Devarakonda,2026-07-26,Home visit,Patient unavailable,ASHA,FAC010,E0000149,Test completion
OUT0000155,OUP0000070,Shobha Basha,9147130106,Devarakonda,2026-07-17,Phone call,Phone switched off,ASHA,FAC010,E0000149,General adherence
OUT0000156,OUP0000071,Raghaw Begum,9784315319,Bhanur,2026-03-22,Village health day reminder,Reached; counselled,ASHA,FAC026,E0000151,Medicine pickup
OUT0000157,OUP0000071,Raghav Begum,9784315349,Bhanur,2026-03-27,Home visit,Wrong number,CHO,FAC026,E0000151,General adherence
OUT0000158,OUP0000072,Santosh Patel,9408145703,Kummarikunta,2026-02-09,Village health day reminder,Patient unavailable,ASHA,FAC013,E0000152,Test completion
OUT0000159,OUP0000072,Santosh Patel,9408145703,Kummarikunta,2026-02-06,Home visit,Reached; promised follow-up,ASHA,FAC013,E0000152,Review visit
OUT0000160,OUP0000072,Santosh Patel,9408145703,Kummarikunta,2026-02-15,Phone call,Family member reached,ASHA,FAC013,E0000152,Medicine pickup
OUT0000161,OUP0000073,Shobha Jangam,+91-96027-48783,Marrur,2026-03-10,Phone call,Reached; counselled,ASHA,FAC017,E0000154,General adherence
OUT0000162,OUP0000073,sobha Jangam,9602748783,Marrur,2026-02-27,Phone call,Family member reached,ASHA,FAC017,E0000154,Medicine pickup
OUT0000163,OUP0000073,sobha Jangam,9602748783,Marrur,2026-02-28,Phone call,Reached; promised follow-up,CHO,FAC017,E0000154,Medicine pickup
OUT0000164,OUP0000074,Shankar Das,9663503494,Balanagar,2026-04-09,Home visit,No answer,CHO,FAC006,E0000161,Test completion
OUT0000165,OUP0000075,Kiran Rao,,Devarakond,2026-06-11,Phone call,Reached; counselled,CHO,FAC011,E0000163,General adherence
OUT0000166,OUP0000076,Sai Khan,9441381683,NERMATA,2026-06-21,Phone call,Wrong number,CHO,FAC015,E0000164,Medicine pickup
OUT0000167,OUP0000076,Sai Khan,9441381683,Nermata,2026-06-25,Phone call,Family member reached,ASHA,FAC015,E0000164,Test completion
OUT0000168,OUP0000076,Sai,9441381683,Nermata,2026-07-10,Phone call,Family member reached,CHO,FAC015,E0000164,Medicine pickup
OUT0000169,OUP0000076,Sai Khan,9441331683,Nermata,2026-07-23,Home visit,Wrong number,ASHA,FAC014,E0000165,Test completion
OUT0000170,OUP0000076,Sai Khan,,Nermata,2026-08-11,Phone call,Family member reached,ASHA,FAC014,E0000165,Test completion
OUT0000171,OUP0000076,Sai Khan,+91-94413-81683,Nermata,2026-07-30,Home visit,Patient unavailable,ASHA,FAC014,E0000165,Review visit
OUT0000172,OUP0000077,Raju Shekar,9945349662,Chandur,2026-08-15,Phone call,Reached; promised follow-up,CHO,FAC015,E0000166,General adherence
OUT0000173,OUP0000078,Raghav Reddy,9146717110,Indresham,2026-04-21,Phone call,Phone switched off,CHO,FAC025,E0000167,Test completion
OUT0000174,OUP0000078,Raghav Reddy,+91-91467-17110,Indresham,2026-04-22,Village health day reminder,No answer,CHO,FAC025,E0000167,Test completion
OUT0000175,OUP0000078,Raghav Reddy,9146717110,Indresham,2026-05-08,Phone call,Reached; counselled,ASHA,FAC025,E0000167,General adherence
OUT0000176,OUP0000078,Raghav Reddy,+91-91467-17110,Indresham,2026-04-20,Phone call,Reached; counselled,ASHA,FAC025,E0000168,General adherence
OUT0000177,OUP0000079,Naresh Narsimha,9158188298,Vemula,2026-06-22,Phone call,No answer,CHO,FAC008,E0000169,Review visit
OUT0000178,OUP0000079,Naresh Narsimha,9158188298,Vemula,2026-06-25,Home visit,Phone switched off,CHO,FAC008,E0000169,General adherence
OUT0000179,OUP0000080,Sntosh Krishna,+91-97450-57244,Gundlapalli,2026-08-19,Home visit,Family member reached,CHO,FAC011,E0000174,General adherence
OUT0000180,OUP0000080,Santosh Krishna,9745057244,Gundlapally,2026-09-04,Home visit,Patient unavailable,ASHA,FAC011,E0000174,Medicine pickup
OUT0000181,OUP0000081,Shankar Laxman,+91-91742-99050,Gundlapally,2026-07-02,WhatsApp/SMS,Family member reached,CHO,FAC011,E0000178,Review visit
OUT0000182,OUP0000081,Shankar Laxman,9174299050,Gundlapally,2026-07-09,Phone call,Reached; counselled,CHO,FAC011,E0000178,General adherence
OUT0000183,OUP0000081,Shankar Laxman,9174299050,GUNDLAPALLY,2026-07-23,Village health day reminder,Family member reached,ASHA,FAC011,E0000178,General adherence
OUT0000184,OUP0000081,Shankar Laxman,9174299050,Gundlapally,2026-08-25,Home visit,Family member reached,ASHA,FAC012,E0000179,Review visit
OUT0000185,OUP0000081,Shankar Laxman,9174299050,Gundlapalli,2026-08-20,WhatsApp/SMS,Reached; counselled,ASHA,FAC012,E0000179,Test completion
OUT0000186,OUP0000082,Santosh,9702187522,Marrur,2026-06-04,Village health day reminder,Family member reached,ASHA,FAC016,E0000180,Review visit
OUT0000187,OUP0000082,Santos Rao,9702187522,MARRUR,2026-06-17,Phone call,Family member reached,ASHA,FAC016,E0000180,Test completion
OUT0000188,OUP0000083,Srinivas Mallaiah,9968000901,Chandur,2026-01-14,Home visit,Reached; promised follow-up,CHO,FAC015,E0000181,Review visit
OUT0000189,OUP0000083,Srinivas Mallaiah,9968000901,Chandur,2026-01-27,Phone call,Family member reached,ASHA,FAC015,E0000181,Medicine pickup
OUT0000190,OUP0000083,Srinivas Mallaiah,9968000901,Chandur,2026-07-13,Home visit,No answer,ASHA,FAC015,E0000182,General adherence
OUT0000191,OUP0000083,Srinivas Mallaiah,9968000901,CHANDUR,2026-07-11,Home visit,Wrong number,ASHA,FAC015,E0000182,Medicine pickup
OUT0000192,OUP0000084,Anitha Yadav,9855930078,Vemula,2026-06-13,Phone call,Reached; promised follow-up,CHO,FAC009,E0000184,General adherence
OUT0000193,OUP0000084,Anitha Yadav,9855930078,Vemula,2026-07-21,Home visit,Reached; promised follow-up,CHO,FAC008,E0000185,Medicine pickup
OUT0000194,OUP0000085,Vinod Rao,9121639737,Jharasangam,2026-05-02,Home visit,Family member reached,ASHA,FAC024,E0000186,Review visit
OUT0000195,OUP0000085,Vinod Rao,,Jharasangam,2026-05-17,WhatsApp/SMS,Family member reached,ASHA,FAC024,E0000186,Medicine pickup
OUT0000196,OUP0000086,Srilatha Krishna,9219970333,Gangapur,2026-05-27,WhatsApp/SMS,No answer,CHO,FAC002,E0000188,Review visit
OUT0000197,OUP0000086,Srilatha Krishna,9219970333,Gangapur,2026-07-06,WhatsApp/SMS,No answer,CHO,FAC001,E0000189,Test completion
OUT0000198,OUP0000086,Srilatha Krishna,9219970333,Gangapur,2026-07-11,Phone call,Reached; counselled,CHO,FAC001,E0000189,Test completion
OUT0000199,OUP0000087,Srinivas Mallaiah,9156203486,Mogudampally,2026-07-05,Home visit,Family member reached,ASHA,FAC024,E0000192,Review visit
OUT0000200,OUP0000087,Srinivas Mallaiah,,Mogudampally,2026-07-07,Home visit,No answer,CHO,FAC024,E0000192,General adherence
OUT0000201,OUP0000088,Mohan Jangam,9962592192,Gangapur,2026-05-03,WhatsApp/SMS,Family member reached,CHO,FAC002,E0000193,General adherence
OUT0000202,OUP0000088,Mohan Jangam,9962592192,Gangapur,2026-04-19,Phone call,Reached; promised follow-up,CHO,FAC002,E0000193,General adherence
OUT0000203,OUP0000088,Mohan Jangam,9962592192,Gangapur,2026-04-19,WhatsApp/SMS,Family member reached,CHO,FAC002,E0000193,Test completion
OUT0000204,OUP0000089,Anil Narsimha,9856131825,Rajapur,2026-08-20,Phone call,Reached; counselled,CHO,FAC004,E0000197,Test completion
OUT0000205,OUP0000090,Divya Rao,9420949393,Bangarigadda,2026-07-13,Phone call,Wrong number,CHO,FAC015,E0000198,Medicine pickup
OUT0000206,OUP0000091,Anitha Laxman,9765981233,Ameenpu,2026-05-19,Home visit,Reached; promised follow-up,ASHA,FAC027,E0000202,Medicine pickup
OUT0000207,OUP0000091,Anitha Laxman,+91-97659-81233,Ameenpur,2026-05-07,Home visit,Family member reached,CHO,FAC027,E0000202,Review visit
OUT0000208,OUP0000091,Anitha Laxman,9765981233,Ameenpur,2026-05-09,Home visit,No answer,ASHA,FAC027,E0000202,General adherence
OUT0000209,OUP0000091,Aneetha Laxman,9765981233,Ameenpur,2026-06-16,WhatsApp/SMS,Family member reached,ASHA,FAC026,E0000204,Test completion
OUT0000210,OUP0000092,Naveen Shekar,9035877839,Mogudampally,2026-04-21,Phone call,No answer,ASHA,FAC022,E0000206,Test completion
OUT0000211,OUP0000092,Naveen Shekar,9035857839,Mogudampally,2026-04-10,Phone call,Reached; counselled,ASHA,FAC022,E0000206,Review visit
OUT0000212,OUP0000093,Ramesh Mudiraj,9734917936,Bangarigadda,2026-01-22,Phone call,Wrong number,CHO,FAC013,E0000208,Review visit
OUT0000213,OUP0000093,Ramesh Mudiraj,+91-97349-17936,Bangarigadda,2026-03-29,Phone call,Wrong number,CHO,FAC013,E0000209,Test completion
OUT0000214,OUP0000093,Ramesh Mudiraj,9734917936,Bangarigadd,2026-03-29,Village health day reminder,Reached; counselled,ASHA,FAC013,E0000209,Medicine pickup
OUT0000215,OUP0000094,Kiran Laxman,9555694116,Zaheerabad,2026-05-31,Home visit,Reached; counselled,ASHA,FAC022,E0000210,Medicine pickup
OUT0000216,OUP0000094,Kiran Laxman,9555694116,ZAHEERABAD,2026-05-26,Phone call,Reached; promised follow-up,ASHA,FAC022,E0000210,Review visit
OUT0000217,OUP0000095,Harika Kumar,9157140720,Devarakond,2026-03-29,Home visit,Family member reached,ASHA,FAC012,E0000211,Medicine pickup
OUT0000218,OUP0000095,Harika Kumar,9157140720,Devarakonda,2026-03-27,Home visit,Wrong number,CHO,FAC012,E0000211,General adherence
OUT0000219,OUP0000096,Jyothi Mudiraj,,Jharasangam,2026-01-22,Phone call,Reached; promised follow-up,ASHA,FAC023,E0000212,Review visit
OUT0000220,OUP0000097,Swathi Chary,+91-98592-85977,Peddadinne,2026-05-15,Home visit,Reached; promised follow-up,ASHA,FAC011,E0000213,Review visit
OUT0000221,OUP0000097,Swathi Chary,9859285977,Peddadinne,2026-05-14,Phone call,No answer,ASHA,FAC011,E0000213,Medicine pickup
OUT0000222,OUP0000098,Vinod Chary,+91-91888-32273,Badepally,2026-05-13,Village health day reminder,Reached; counselled,ASHA,FAC002,E0000217,Review visit
OUT0000223,OUP0000098,Vinod Chary,9188832273,Badepally,2026-05-03,Home visit,Patient unavailable,CHO,FAC002,E0000217,General adherence
OUT0000224,OUP0000099,Lakshmi Khan,9667296627,Patancheru,2026-04-30,WhatsApp/SMS,Reached; counselled,ASHA,FAC025,E0000218,Medicine pickup
OUT0000225,OUP0000100,Kavitha Yadav,9398476624,Rajapur,2026-06-16,Home visit,Wrong number,ASHA,FAC005,E0000219,Review visit
OUT0000226,OUP0000100,Kavitha Yadav,,Rajapur,2026-06-17,Phone call,Family member reached,CHO,FAC005,E0000219,Medicine pickup
OUT0000227,OUP0000101,Praveen Naik,9745036054,Ameenpur,2026-06-06,WhatsApp/SMS,Family member reached,ASHA,FAC027,E0000221,Test completion
OUT0000228,OUP0000101,Praveen Naik,9745036054,Ameenpur,2026-06-04,Phone call,Phone switched off,ASHA,FAC027,E0000221,Review visit
OUT0000229,OUP0000101,Praveen Naik,9745036054,Ameenpur,2026-06-16,Phone call,Reached; promised follow-up,ASHA,FAC027,E0000221,Medicine pickup
OUT0000230,OUP0000102,Shobha Naik,9900148815,Rajapur,2026-02-11,Phone call,Reached; promised follow-up,CHO,FAC004,E0000223,General adherence
OUT0000231,OUP0000102,Shobha Naik,,Rajapur,2026-02-19,Home visit,Reached; counselled,ASHA,FAC004,E0000223,General adherence
OUT0000232,OUP0000103,Shankar Laxman,+91-97320-68410,Patancheru,2026-05-17,Phone call,Patient unavailable,ASHA,FAC027,E0000224,Review visit
OUT0000233,OUP0000103,Shankar Laxman,+91-97320-68410,PATANCHERU,2026-06-01,Village health day reminder,Reached; counselled,CHO,FAC027,E0000224,Review visit
OUT0000234,OUP0000104,Suresh Chary,9597715778,Kohir,2026-08-23,Home visit,Reached; promised follow-up,ASHA,FAC024,E0000227,Test completion
OUT0000235,OUP0000105,Divya Basha,9221725407,Kohir,2026-07-26,Home visit,Patient unavailable,ASHA,FAC022,E0000229,General adherence
OUT0000236,OUP0000106,Ramesh Reddy,9494084939,Bhanur,2026-07-10,Phone call,Reached; counselled,ASHA,FAC027,E0000230,General adherence
OUT0000237,OUP0000106,Ramesh Reddy,9434084939,Bhanur,2026-07-10,Village health day reminder,Reached; counselled,CHO,FAC027,E0000230,General adherence
OUT0000238,OUP0000107,Anitha Basha,9444621490,Donur,2026-02-25,Phone call,Family member reached,CHO,FAC007,E0000234,General adherence
OUT0000239,OUP0000107,Anitha Basha,9444621490,Donur,2026-04-23,WhatsApp/SMS,Wrong number,CHO,FAC009,E0000236,Review visit
OUT0000240,OUP0000107,Anitha Basha,9444621490,Donur,2026-05-11,Phone call,Reached; promised follow-up,CHO,FAC009,E0000236,Medicine pickup
OUT0000241,OUP0000107,Anitha Basha,+91-94446-21490,Donur,2026-04-29,Phone call,Family member reached,ASHA,FAC009,E0000236,General adherence
OUT0000242,OUP0000108,Nirmala Shekar,+91-95613-45595,Gundlapally,2026-08-08,Home visit,Family member reached,ASHA,FAC010,E0000239,Review visit
OUT0000243,OUP0000108,Nirmala Shekar,9561345595,Gundlapally,2026-08-05,Phone call,Reached; counselled,ASHA,FAC010,E0000239,Review visit
OUT0000244,OUP0000108,Nirmala Shekar,9561345595,Gundlapally,2026-08-05,WhatsApp/SMS,Wrong number,CHO,FAC010,E0000239,General adherence
OUT0000245,OUP0000109,Padma Goud,9418900099,Balanagar,2026-05-21,Phone call,Reached; counselled,ASHA,FAC005,E0000240,General adherence
OUT0000246,OUP0000110,Deepika,9989487308,Gundlapalli,2026-05-16,Village health day reminder,Reached; promised follow-up,ASHA,FAC012,E0000241,Test completion
OUT0000247,OUP0000110,Deepika Das,9989487308,Gundlapally,2026-05-26,Phone call,Reached; counselled,ASHA,FAC012,E0000241,Medicine pickup
OUT0000248,OUP0000111,Lalitha Das,9152428055,Kummarikunta,2026-03-15,Home visit,Reached; counselled,ASHA,FAC013,E0000242,Medicine pickup
OUT0000249,OUP0000112,Rajesh Jangam,9285679163,Velpula,2026-06-23,WhatsApp/SMS,Phone switched off,ASHA,FAC009,E0000243,Review visit
OUT0000250,OUP0000112,Rajesh Jangam,9285679163,Velpula,2026-06-26,Home visit,Family member reached,ASHA,FAC009,E0000243,General adherence
OUT0000251,OUP0000112,Rajesh Jangam,+91-92856-79163,Velpula,2026-07-07,Phone call,Family member reached,CHO,FAC009,E0000243,Review visit
OUT0000252,OUP0000113,Shobha Chary,,Kohir,2026-08-18,Village health day reminder,No answer,ASHA,FAC023,E0000244,General adherence
OUT0000253,OUP0000114,Dipika Basha,9268872332,Machara,2026-04-09,WhatsApp/SMS,Reached; promised follow-up,CHO,FAC002,E0000250,General adherence
OUT0000254,OUP0000114,Deepika Basha,9268872332,Macharam,2026-04-16,Home visit,Reached; counselled,ASHA,FAC002,E0000250,Test completion
OUT0000255,OUP0000115,Nirmala Khan,9579531482,Kalher,2026-04-25,Home visit,Family member reached,CHO,FAC020,E0000253,Medicine pickup
OUT0000256,OUP0000115,Nirmla Khan,+91-95795-31482,KALHER,2026-04-20,Home visit,Phone switched off,ASHA,FAC020,E0000253,General adherence
OUT0000257,OUP0000115,Nirmala Khan,+91-95795-31482,Kalher,2026-04-26,Phone call,Family member reached,ASHA,FAC020,E0000253,Medicine pickup
OUT0000258,OUP0000116,Lakshmi,9810994726,Marrur,2026-03-13,Phone call,Reached; counselled,CHO,FAC017,E0000255,Medicine pickup
OUT0000259,OUP0000116,Lakshmi,9810994726,Marrur,2026-03-14,Phone call,Wrong number,CHO,FAC017,E0000255,Medicine pickup
OUT0000260,OUP0000117,Srinivas Rao,9250778858,Chandur,2026-07-12,Home visit,No answer,ASHA,FAC015,E0000256,General adherence
OUT0000261,OUP0000117,Srinivas Rao,9250778858,Chandur,2026-07-03,Phone call,Reached; counselled,CHO,FAC015,E0000256,General adherence
OUT0000262,OUP0000117,Srinivas Rao,9250778858,Chandur,2026-08-21,WhatsApp/SMS,Phone switched off,CHO,FAC013,E0000257,Test completion
OUT0000263,OUP0000117,Srinivas Rao,9250778858,Chandur,2026-08-16,Home visit,Family member reached,CHO,FAC013,E0000257,General adherence
OUT0000264,OUP0000118,Ramesh Mallaiah,9440351697,Patancheru,2026-04-18,Home visit,Reached; promised follow-up,ASHA,FAC027,E0000259,General adherence
OUT0000265,OUP0000119,Rawi Shekar,,Kummarikunta,2026-01-29,Home visit,Reached; counselled,ASHA,FAC013,E0000260,General adherence
OUT0000266,OUP0000119,Ravi Shekar,9934428113,Kummarikunta,2026-02-18,Phone call,Family member reached,ASHA,FAC013,E0000260,Test completion
OUT0000267,OUP0000120,Raghav Shekar,9619678210,Marrur,2026-03-23,Village health day reminder,Wrong number,CHO,FAC017,E0000261,General adherence
OUT0000268,OUP0000120,Raghav Shekar,9019678210,Marrur,2026-04-03,Village health day reminder,Wrong number,ASHA,FAC017,E0000261,Review visit
OUT0000269,OUP0000120,Rghav Shekar,9019678210,Marrur,2026-03-29,WhatsApp/SMS,Wrong number,ASHA,FAC017,E0000261,General adherence
OUT0000270,OUP0000121,Naveen Chary,9151936056,Ameenpur,2026-03-23,Home visit,Reached; promised follow-up,CHO,FAC027,E0000262,Review visit
OUT0000271,OUP0000121,Naween Chary,,Ameenpu,2026-04-06,Home visit,Reached; counselled,ASHA,FAC027,E0000262,Medicine pickup
OUT0000272,OUP0000122,Padma Krishna,+91-98765-32621,Badepally,2026-08-11,Home visit,Family member reached,ASHA,FAC001,E0000263,Review visit
OUT0000273,OUP0000123,Rajesh Jangam,9766639997,Indresham,2026-04-18,Home visit,Reached; counselled,CHO,FAC025,E0000264,General adherence
OUT0000274,OUP0000123,Rajesh Jangam,9766639997,Indresham,2026-04-30,Phone call,Wrong number,ASHA,FAC025,E0000264,Medicine pickup
OUT0000275,OUP0000123,Rajesh Jangam,9766639997,INDRESHAM,2026-04-29,Phone call,Patient unavailable,CHO,FAC025,E0000264,Medicine pickup
OUT0000276,OUP0000124,Vinod Mudiraj,9096000610,Kangti,2026-05-24,Phone call,Family member reached,CHO,FAC020,E0000265,Medicine pickup
OUT0000277,OUP0000124,Vinod Mudiraj,9096000610,Kangti,2026-05-21,Phone call,Wrong number,CHO,FAC020,E0000265,General adherence
OUT0000278,OUP0000124,Vinod Mudiraj,,Kangti,2026-05-21,Home visit,Family member reached,CHO,FAC020,E0000265,Test completion
OUT0000279,OUP0000124,Vinod Mudiraj,9096000610,Kangti,2026-06-15,Phone call,Family member reached,CHO,FAC019,E0000266,Medicine pickup
OUT0000280,OUP0000125,Santosh Mudiraj,9115002842,Velpula,2026-07-23,Home visit,Family member reached,ASHA,FAC009,E0000270,General adherence
OUT0000281,OUP0000125,Santosh Mudiraj,9115002842,Velpula,2026-07-28,Phone call,Phone switched off,CHO,FAC009,E0000270,Test completion
OUT0000282,OUP0000126,Rani Naik,,Mangalapally,2026-03-30,Village health day reminder,Reached; promised follow-up,ASHA,FAC018,E0000272,General adherence
OUT0000283,OUP0000127,Nirmala,,POLEPALLY,2026-05-21,Phone call,Patient unavailable,ASHA,FAC002,E0000273,General adherence
OUT0000284,OUP0000128,Lakshmi Reddy,9358032354,Donur,2026-03-23,Village health day reminder,Reached; counselled,ASHA,FAC009,E0000274,Medicine pickup
OUT0000285,OUP0000128,Lakshmi Reddy,9358032354,Donur,2026-04-13,Village health day reminder,Reached; promised follow-up,CHO,FAC009,E0000274,Medicine pickup
OUT0000286,OUP0000128,Lkshmi Reddy,9358032354,Donur,2026-04-21,WhatsApp/SMS,Reached; counselled,ASHA,FAC008,E0000275,Medicine pickup
OUT0000287,OUP0000128,Lakshmi Reddy,+91-93580-32354,Donur,2026-04-28,Village health day reminder,Family member reached,ASHA,FAC008,E0000275,Medicine pickup
OUT0000288,OUP0000128,Lakshmi Reddy,+91-93580-32354,Donur,2026-07-03,Village health day reminder,Reached; promised follow-up,CHO,FAC008,E0000276,General adherence
OUT0000289,OUP0000128,Lakshmi Reddy,9658032354,Donur,2026-07-07,Phone call,Reached; promised follow-up,ASHA,FAC008,E0000276,Test completion
OUT0000290,OUP0000129,Naveen Jangam,9641012366,MARRUR,2026-06-27,Home visit,Patient unavailable,ASHA,FAC016,E0000277,Medicine pickup
OUT0000291,OUP0000129,Naveen Jangam,9641012366,Marrur,2026-06-23,Phone call,Patient unavailable,ASHA,FAC016,E0000277,Review visit
OUT0000292,OUP0000130,Rajesh Krishna,,Mangalapally,2026-07-11,Home visit,Reached; promised follow-up,CHO,FAC018,E0000280,General adherence
OUT0000293,OUP0000130,Rajesh Krishna,9287157096,Mangalapally,2026-07-18,Home visit,Family member reached,CHO,FAC018,E0000280,Test completion
OUT0000294,OUP0000130,Rajesh Krishna,9287157096,Mangalapally,2026-07-22,Phone call,Wrong number,ASHA,FAC018,E0000280,Medicine pickup
OUT0000295,OUP0000131,Rajesh Narsimha,9133144928,Bangarigadda,2026-01-12,Home visit,Reached; counselled,ASHA,FAC014,E0000282,Medicine pickup
OUT0000296,OUP0000131,Rajesh Narsimha,9133144928,Bangarigadda,2026-01-22,Phone call,Reached; counselled,CHO,FAC014,E0000282,Medicine pickup
OUT0000297,OUP0000131,Rajesh Narsimha,9133144928,Bangarigadda,2026-03-09,Home visit,Wrong number,ASHA,FAC015,E0000283,Medicine pickup
OUT0000298,OUP0000131,Rajesh Narsimha,9133144928,Bangarigadda,2026-03-14,WhatsApp/SMS,Family member reached,CHO,FAC015,E0000283,General adherence
OUT0000299,OUP0000132,Renuka Jangam,+91-95923-87298,Velpula,2026-05-12,Phone call,Phone switched off,CHO,FAC009,E0000284,Review visit
OUT0000300,OUP0000132,Renuka Jangam,9592387298,Velpula,2026-05-21,WhatsApp/SMS,Reached; promised follow-up,ASHA,FAC009,E0000284,Medicine pickup
OUT0000301,OUP0000133,Venkatesh Reddy,9069744993,Marrur,2026-03-27,WhatsApp/SMS,Reached; promised follow-up,CHO,FAC018,E0000285,Review visit
OUT0000302,OUP0000133,wenkatesh Reddy,9069744993,Marrur,2026-04-03,WhatsApp/SMS,Reached; promised follow-up,ASHA,FAC018,E0000285,Medicine pickup
OUT0000303,OUP0000134,Lakshmi Krishna,9752327184,Jharasangam,2026-04-03,Phone call,Reached; promised follow-up,CHO,FAC024,E0000288,General adherence
OUT0000304,OUP0000134,Lkshmi Krishna,9752327184,Jharasangam,2026-04-08,Village health day reminder,Reached; promised follow-up,ASHA,FAC024,E0000288,Test completion
OUT0000305,OUP0000135,Rani Devi,9158708678,Nomula,2026-01-27,Village health day reminder,Reached; counselled,ASHA,FAC017,E0000290,Test completion
OUT0000306,OUP0000136,Anil Patel,,MACHARAM,2026-04-15,Phone call,Patient unavailable,CHO,FAC002,E0000295,Review visit
OUT0000307,OUP0000136,Anil Patel,+91-97842-44449,Macharam,2026-04-28,Village health day reminder,Family member reached,ASHA,FAC002,E0000295,Medicine pickup
OUT0000308,OUP0000136,Anil Patel,9784244449,MACHARAM,2026-06-13,Home visit,Family member reached,CHO,FAC001,E0000296,General adherence
OUT0000309,OUP0000136,Anil Patel,9784244449,Macharam,2026-06-24,Home visit,Family member reached,CHO,FAC001,E0000296,Review visit
OUT0000310,OUP0000137,Ramesh Reddy,9473674827,Indresham,2026-02-09,Home visit,Reached; promised follow-up,ASHA,FAC025,E0000297,Medicine pickup
OUT0000311,OUP0000138,Ravi Khan,+91-98264-49694,Kalher,2026-02-02,Home visit,No answer,CHO,FAC021,E0000298,Medicine pickup
OUT0000312,OUP0000138,Ravi Khan,9826449694,Kalher,2026-02-04,Village health day reminder,No answer,CHO,FAC021,E0000298,Test completion
OUT0000313,OUP0000138,Ravi Khan,9826449694,Kalher,2026-02-08,Home visit,Reached; promised follow-up,CHO,FAC021,E0000298,General adherence
OUT0000314,OUP0000139,Deepika Devi,+91-91058-36363,Ameenpur,2026-02-15,Home visit,Family member reached,ASHA,FAC025,E0000299,Review visit
OUT0000315,OUP0000139,Deepika Devi,9105836363,Ameenpur,2026-02-22,Phone call,Reached; counselled,CHO,FAC025,E0000299,Review visit
OUT0000316,OUP0000140,Ramesh Devi,9057014900,Ameenpur,2026-02-02,Home visit,Family member reached,CHO,FAC025,E0000301,General adherence
OUT0000317,OUP0000140,Ramesh Devi,,Ameenpur,2026-02-03,Home visit,Reached; promised follow-up,ASHA,FAC025,E0000301,Test completion
OUT0000318,OUP0000140,Ramesh Devi,9057014900,Ameenpur,2026-02-04,Home visit,No answer,CHO,FAC025,E0000301,Medicine pickup
OUT0000319,OUP0000141,Rani Begum,9087768182,Nakrekal,2026-08-10,Phone call,Phone switched off,CHO,FAC018,E0000302,Test completion
OUT0000320,OUP0000141,Rani Begum,+91-90877-68182,Nakrekal,2026-08-12,Home visit,Reached; counselled,ASHA,FAC018,E0000302,Medicine pickup
OUT0000321,OUP0000142,Lalitha Khan,9118192442,Macharam,2026-07-27,Phone call,Patient unavailable,CHO,FAC001,E0000303,Test completion
OUT0000322,OUP0000142,Lalitha Khan,,Macharam,2026-08-01,Phone call,No answer,ASHA,FAC001,E0000303,Medicine pickup
OUT0000323,OUP0000143,Ramesh Basha,9893383908,Gangapur,2026-07-28,Phone call,Reached; counselled,CHO,FAC002,E0000304,Review visit
OUT0000324,OUP0000143,Ramesh Basha,9893383908,Gangapur,2026-08-01,Home visit,Phone switched off,CHO,FAC002,E0000304,Review visit
OUT0000325,OUP0000144,Lalitha Devi,9366083816,Kummarikunta,2026-01-29,WhatsApp/SMS,Phone switched off,ASHA,FAC014,E0000307,Medicine pickup
OUT0000326,OUP0000145,Mounika Khan,9524543068,Nomula,2026-04-27,Phone call,Wrong number,ASHA,FAC016,E0000309,General adherence
OUT0000327,OUP0000145,Mounika Khan,9524543068,Nomula,2026-04-28,Phone call,Phone switched off,ASHA,FAC016,E0000309,Medicine pickup
OUT0000328,OUP0000145,Mounika Khan,9524543068,Nomula,2026-05-19,Home visit,Reached; counselled,ASHA,FAC016,E0000309,General adherence
OUT0000329,OUP0000146,Suresh Mallaiah,9894522020,Mogudampalli,2026-07-30,Phone call,Reached; promised follow-up,CHO,FAC023,E0000312,Medicine pickup
OUT0000330,OUP0000147,Padma Jangam,9057797716,Bodajanampet,2026-05-16,Home visit,Reached; promised follow-up,ASHA,FAC006,E0000313,Medicine pickup
OUT0000331,OUP0000147,Padma Jangam,9057797016,Bodajanampet,2026-05-23,WhatsApp/SMS,Reached; promised follow-up,CHO,FAC006,E0000313,General adherence
OUT0000332,OUP0000147,Padma Jangam,+91-90577-97016,Bodajanampet,2026-05-24,Phone call,Reached; counselled,ASHA,FAC006,E0000313,Medicine pickup
OUT0000333,OUP0000148,Srinivas Begum,9753129253,Rajapur,2026-08-07,Phone call,Reached; promised follow-up,CHO,FAC005,E0000316,Review visit
OUT0000334,OUP0000148,Srinivas Begum,9753129253,Rajapur,2026-08-01,Home visit,Family member reached,CHO,FAC005,E0000316,Medicine pickup
OUT0000335,OUP0000149,Lakshmi Das,9254180472,Indresham,2026-08-03,Village health day reminder,Patient unavailable,ASHA,FAC027,E0000318,General adherence
OUT0000336,OUP0000149,Lakshmi Das,9254180472,Indresham,2026-07-30,WhatsApp/SMS,No answer,CHO,FAC027,E0000318,Medicine pickup
OUT0000337,OUP0000150,Anil Naik,9150622306,Nomula,2026-05-02,Phone call,Reached; counselled,ASHA,FAC017,E0000319,Test completion
OUT0000338,OUP0000151,Anitha Mallaiah,9274231520,Manoor,2026-06-27,Phone call,Phone switched off,CHO,FAC020,E0000321,Review visit
OUT0000339,OUP0000151,Anitha Mallaiah,9274231520,Manoor,2026-07-07,Phone call,Family member reached,ASHA,FAC020,E0000321,Medicine pickup
OUT0000340,OUP0000151,Anitha Mallaiah,9274231520,Manoor,2026-06-29,Phone call,Reached; promised follow-up,CHO,FAC020,E0000321,Test completion
OUT0000341,OUP0000152,Mounika Shekar,9437852710,Ameenpur,2026-02-11,Phone call,Family member reached,ASHA,FAC026,E0000322,Medicine pickup
OUT0000342,OUP0000153,Harika Jangam,9056066677,Kallepally,2026-05-11,Home visit,No answer,CHO,FAC005,E0000324,Review visit
OUT0000343,OUP0000154,Sai Basha,9955877156,Kangti,2026-04-10,Home visit,Reached; counselled,ASHA,FAC021,E0000325,Review visit
OUT0000344,OUP0000155,Mohan Das,,Donur,2026-03-27,Phone call,Reached; counselled,CHO,FAC008,E0000326,Review visit
OUT0000345,OUP0000156,Shobha Shekar,,Marrur,2026-02-06,WhatsApp/SMS,Family member reached,ASHA,FAC016,E0000329,Test completion
OUT0000346,OUP0000156,Shobha Shekar,,Marrur,2026-01-23,Village health day reminder,No answer,ASHA,FAC016,E0000329,Test completion
OUT0000347,OUP0000156,Shobha Shekar,9260845882,MARRUR,2026-02-05,Home visit,Family member reached,ASHA,FAC016,E0000329,Test completion
OUT0000348,OUP0000156,Shobha Shekar,9260845882,Marrur,2026-02-27,Phone call,Reached; promised follow-up,ASHA,FAC017,E0000330,Test completion
OUT0000349,OUP0000156,Shobha Shekar,9260845882,Marrur,2026-02-18,WhatsApp/SMS,Family member reached,CHO,FAC017,E0000330,Medicine pickup
OUT0000350,OUP0000156,Shobha Shekar,9260845882,Marrur,2026-08-16,Phone call,Reached; counselled,CHO,FAC018,E0000331,Review visit
OUT0000351,OUP0000156,Shobha Shekar,+91-92608-45882,Marrur,2026-08-19,Phone call,Phone switched off,ASHA,FAC018,E0000331,Medicine pickup
OUT0000352,OUP0000157,Saritha Kumar,9978632172,Patancheru,2026-03-23,Phone call,Patient unavailable,CHO,FAC025,E0000332,General adherence
OUT0000353,OUP0000158,Swathi Goud,9471091907,Chandur,2026-01-16,Village health day reminder,Reached; counselled,ASHA,FAC015,E0000334,General adherence
OUT0000354,OUP0000159,Vinod Mallaiah,+91-95316-35484,Jharasangam,2026-01-25,Home visit,Family member reached,ASHA,FAC022,E0000336,Medicine pickup
OUT0000355,OUP0000159,Vinod Mallaiah,9531635484,Jharasangam,2026-01-25,Home visit,Patient unavailable,CHO,FAC022,E0000336,Review visit
OUT0000356,OUP0000159,Vinod Mllaiah,9531635484,Jharasangam,2026-02-12,Phone call,Family member reached,ASHA,FAC022,E0000336,Review visit
OUT0000357,OUP0000160,Rani Das,9810099446,Jharasangam,2026-05-26,Home visit,Wrong number,CHO,FAC023,E0000338,Review visit
OUT0000358,OUP0000160,Rani Das,+91-98100-99446,Jharasangam,2026-05-31,Phone call,Reached; promised follow-up,CHO,FAC023,E0000338,Test completion
OUT0000359,OUP0000160,Rani Das,9810099446,Jharasangam,2026-06-01,WhatsApp/SMS,Wrong number,CHO,FAC023,E0000338,Medicine pickup
OUT0000360,OUP0000160,Ranee Das,9810099446,Jharasangam,2026-06-09,WhatsApp/SMS,Patient unavailable,ASHA,FAC023,E0000339,Test completion
OUT0000361,OUP0000160,Rni Das,9810099446,Jharasangam,2026-06-20,WhatsApp/SMS,Family member reached,CHO,FAC023,E0000339,Review visit
OUT0000362,OUP0000161,Ravi,9405585752,Narayankhed,2026-08-21,Home visit,Reached; counselled,CHO,FAC021,E0000340,Review visit
OUT0000363,OUP0000161,Ravi Shekar,9405585752,Narayankhed,2026-08-19,Home visit,Reached; counselled,CHO,FAC020,E0000341,Medicine pickup
OUT0000364,OUP0000161,Ravi Shekar,9405585752,Narayankhed,2026-08-28,Phone call,Patient unavailable,ASHA,FAC020,E0000341,Review visit
OUT0000365,OUP0000161,Ravi sekar,9405585752,Narayankhed,2026-08-28,WhatsApp/SMS,No answer,CHO,FAC020,E0000341,General adherence
OUT0000366,OUP0000162,Suresh Basha,+91-92401-64478,Rajapur,2026-06-30,Home visit,Reached; counselled,ASHA,FAC005,E0000342,Medicine pickup
OUT0000367,OUP0000163,Deepika Khan,9190990586,Mogudampally,2026-02-15,Home visit,Family member reached,ASHA,FAC023,E0000344,Review visit
OUT0000368,OUP0000163,Deepika Khan,9190990586,MOGUDAMPALLY,2026-02-14,Home visit,Wrong number,CHO,FAC023,E0000344,Medicine pickup
OUT0000369,OUP0000163,Deepika Khan,9190990586,Mogudampally,2026-02-27,Phone call,Patient unavailable,ASHA,FAC023,E0000344,General adherence
OUT0000370,OUP0000164,Renuka Narsimha,9289635139,Rajapur,2026-08-07,Home visit,Reached; counselled,CHO,FAC005,E0000347,Medicine pickup
OUT0000371,OUP0000164,Renuka Narsimha,9289635139,Rajapur,2026-08-09,Home visit,Reached; counselled,CHO,FAC005,E0000347,Review visit
OUT0000372,OUP0000165,Vinod Goud,9138023290,Kallepally,2026-06-04,WhatsApp/SMS,No answer,CHO,FAC005,E0000348,Review visit
OUT0000373,OUP0000166,Sai Devi,9512601292,Chandur,2026-01-13,Home visit,No answer,ASHA,FAC015,E0000350,General adherence
OUT0000374,OUP0000166,Saee Devi,9512601292,Chandur,2026-01-28,Phone call,Reached; promised follow-up,CHO,FAC015,E0000350,General adherence
OUT0000375,OUP0000166,Si Devi,9512601292,Chandur,2026-07-29,Village health day reminder,Reached; promised follow-up,ASHA,FAC014,E0000351,General adherence
OUT0000376,OUP0000166,Sai Devi,9512601292,Chandur,2026-07-27,Home visit,Phone switched off,ASHA,FAC014,E0000351,General adherence
OUT0000377,OUP0000167,Mounika Yadav,9079130808,Marrur,2026-07-02,Phone call,No answer,ASHA,FAC018,E0000354,Review visit
OUT0000378,OUP0000167,Mounika Yadav,9079130808,MARRUR,2026-07-23,Home visit,Reached; counselled,CHO,FAC018,E0000354,Test completion
OUT0000379,OUP0000167,Mounika Yadav,9079130808,Marrur,2026-07-26,Home visit,Family member reached,CHO,FAC018,E0000354,Review visit
OUT0000380,OUP0000168,Srinivas Mudiraj,9766956133,Jharasangam,2026-04-03,Village health day reminder,No answer,ASHA,FAC024,E0000356,Review visit
OUT0000381,OUP0000168,Srinivas Mudiraj,9766956133,Jharasangam,2026-04-07,Phone call,Reached; counselled,CHO,FAC024,E0000356,Test completion
OUT0000382,OUP0000168,Srinivas Mudiraj,9766956133,Jharasangam,2026-04-07,Phone call,Family member reached,ASHA,FAC024,E0000356,Medicine pickup
OUT0000383,OUP0000168,Srinivas,,Jharasanga,2026-05-03,Home visit,No answer,CHO,FAC022,E0000357,General adherence
OUT0000384,OUP0000169,Kvitha Kumar,9618729346,Mogudampally,2026-06-06,Home visit,Phone switched off,CHO,FAC023,E0000358,Test completion
OUT0000385,OUP0000170,sobha Basha,9121180513,Manoor,2026-04-10,Village health day reminder,Reached; promised follow-up,ASHA,FAC019,E0000359,Medicine pickup
OUT0000386,OUP0000171,Hareeka Basha,9118406588,Kummarikunta,2026-04-19,Phone call,Reached; counselled,CHO,FAC015,E0000361,General adherence
OUT0000387,OUP0000171,Harika Basha,9118406588,Kummarikunta,2026-04-15,Village health day reminder,Family member reached,ASHA,FAC015,E0000361,General adherence
OUT0000388,OUP0000172,Anil Laxman,+91-92859-41779,Bangarigadda,2026-02-26,WhatsApp/SMS,Family member reached,ASHA,FAC013,E0000362,General adherence
OUT0000389,OUP0000172,Anil Laxman,,BANGARIGADDA,2026-03-09,Phone call,Wrong number,CHO,FAC013,E0000362,Review visit
OUT0000390,OUP0000173,Divya Jangam,9684831035,Nakrekal,2026-06-02,Phone call,Phone switched off,CHO,FAC018,E0000363,Test completion
OUT0000391,OUP0000173,Divya Jangam,9684831035,Nakrekal,2026-06-07,Phone call,Reached; promised follow-up,CHO,FAC018,E0000363,Medicine pickup
OUT0000392,OUP0000173,Divya Jangam,9684831035,Nakrekal,2026-05-19,Phone call,Reached; counselled,CHO,FAC018,E0000363,Medicine pickup
OUT0000393,OUP0000173,Divya Jangam,9684831035,NAKREKAL,2026-09-04,WhatsApp/SMS,Reached; promised follow-up,ASHA,FAC017,E0000365,Medicine pickup
OUT0000394,OUP0000173,Divya Jangam,9684831035,Nakrekal,2026-08-19,Phone call,Phone switched off,CHO,FAC017,E0000365,General adherence
OUT0000395,OUP0000173,Divya Jangam,9684831035,Nakrekal,2026-09-01,Village health day reminder,Family member reached,CHO,FAC017,E0000365,General adherence
OUT0000396,OUP0000174,Shankar Krishna,9631046164,Ameenpur,2026-05-03,WhatsApp/SMS,Patient unavailable,ASHA,FAC026,E0000369,Test completion
OUT0000397,OUP0000174,Shankar Krishna,9631046164,Ameenpur,2026-05-16,Phone call,Reached; promised follow-up,CHO,FAC026,E0000369,Review visit
OUT0000398,OUP0000175,Padma Narsimha,9374880663,Mogudampally,2026-03-18,Home visit,Patient unavailable,CHO,FAC024,E0000370,Medicine pickup
OUT0000399,OUP0000175,Padma Narsimha,9374880663,Mogudampalli,2026-03-29,Phone call,Reached; promised follow-up,ASHA,FAC024,E0000370,Medicine pickup
OUT0000400,OUP0000175,Padma Narsimha,9374880663,Mogudampally,2026-04-04,Village health day reminder,Reached; promised follow-up,ASHA,FAC023,E0000371,Test completion
OUT0000401,OUP0000175,Padma Narsimha,9374880663,Mogudampally,2026-04-01,Home visit,Reached; counselled,CHO,FAC023,E0000371,Medicine pickup
OUT0000402,OUP0000176,Shobha Jangam,9660771588,Peddadinne,2026-05-29,Village health day reminder,Patient unavailable,ASHA,FAC011,E0000375,General adherence
OUT0000403,OUP0000176,Shobha Jangam,9660771588,Peddadinne,2026-05-29,Phone call,Reached; promised follow-up,ASHA,FAC011,E0000375,Medicine pickup
OUT0000404,OUP0000176,Shobh Jangam,9660778588,Peddadinne,2026-05-28,Home visit,Wrong number,ASHA,FAC011,E0000375,Medicine pickup
OUT0000405,OUP0000177,Ravi Chary,9251814027,Kummarikunta,2026-05-13,Phone call,Family member reached,CHO,FAC013,E0000376,General adherence
OUT0000406,OUP0000177,Ravi Chary,9251814027,Kummarikunta,2026-05-13,WhatsApp/SMS,Wrong number,CHO,FAC013,E0000376,Medicine pickup
OUT0000407,OUP0000177,Ravi Chary,9251814027,Kummarikunta,2026-06-04,Phone call,No answer,ASHA,FAC013,E0000376,Review visit
OUT0000408,OUP0000178,Mohan Naik,9438581171,Nakrekal,2026-04-05,Village health day reminder,Reached; promised follow-up,CHO,FAC016,E0000377,Medicine pickup
OUT0000409,OUP0000178,Mohan Naik,9435581171,NAKREKAL,2026-03-27,Phone call,Reached; promised follow-up,CHO,FAC016,E0000377,Review visit
OUT0000410,OUP0000179,Jyothi Reddy,+91-94686-00434,Donur,2026-02-28,Phone call,Reached; counselled,CHO,FAC009,E0000379,Review visit
OUT0000411,OUP0000179,Jyothi Reddy,9468600434,Donur,2026-03-17,WhatsApp/SMS,Family member reached,ASHA,FAC009,E0000379,Review visit
OUT0000412,OUP0000179,Jyothi Reddy,9468600434,Donur,2026-03-08,WhatsApp/SMS,Family member reached,ASHA,FAC009,E0000379,Medicine pickup
OUT0000413,OUP0000180,Arun Khan,9568041291,Manoor,2026-04-22,WhatsApp/SMS,Reached; counselled,CHO,FAC021,E0000380,Medicine pickup
OUT0000414,OUP0000180,Arun Khan,9568041291,MANOOR,2026-05-07,WhatsApp/SMS,Reached; counselled,ASHA,FAC021,E0000380,Medicine pickup
OUT0000415,OUP0000181,Lalitha Narsimha,9533526883,Kondamallepall,2026-01-29,Phone call,Patient unavailable,ASHA,FAC012,E0000381,General adherence
OUT0000416,OUP0000181,Lalitha Narsimha,9533526883,Kondamallepally,2026-01-30,WhatsApp/SMS,Reached; counselled,CHO,FAC012,E0000381,Review visit
OUT0000417,OUP0000182,Mohan Begum,+91-95000-79366,Marrur,2026-04-14,WhatsApp/SMS,Reached; promised follow-up,CHO,FAC017,E0000386,Test completion
OUT0000418,OUP0000182,Mohan Begum,9500079366,Marrur,2026-04-16,Village health day reminder,Reached; promised follow-up,ASHA,FAC017,E0000386,Medicine pickup
OUT0000419,OUP0000183,Rani Das,,Kohir,2026-06-08,Home visit,Wrong number,ASHA,FAC024,E0000390,Review visit
OUT0000420,OUP0000183,Rani Das,,Kohir,2026-06-11,Phone call,Patient unavailable,ASHA,FAC024,E0000390,General adherence
OUT0000421,OUP0000183,Rani Das,+91-97440-11953,Kohir,2026-06-25,Home visit,Reached; counselled,CHO,FAC024,E0000390,General adherence
OUT0000422,OUP0000184,Kiran Mudiraj,9389409255,Patancheru,2026-03-18,Phone call,Family member reached,ASHA,FAC026,E0000391,General adherence
OUT0000423,OUP0000185,Santosh Mudiraj,9189191585,Polepally,2026-06-03,Village health day reminder,Reached; promised follow-up,CHO,FAC003,E0000392,Test completion
OUT0000424,OUP0000186,Lakshmi Patel,9155626521,Gundlapall,2026-08-01,Home visit,Phone switched off,ASHA,FAC012,E0000393,Medicine pickup
OUT0000425,OUP0000187,Renuka Chary,9985053811,Rajapur,2026-02-18,Phone call,Reached; promised follow-up,ASHA,FAC005,E0000394,General adherence
OUT0000426,OUP0000187,Renuka Chary,9985053811,Rajapur,2026-02-18,Phone call,Reached; counselled,CHO,FAC005,E0000394,General adherence
OUT0000427,OUP0000187,Renuka Chary,,Rajapur,2026-02-21,Home visit,Patient unavailable,ASHA,FAC005,E0000394,Test completion
OUT0000428,OUP0000188,Susma Narsimha,9941016188,Gangapur,2026-07-13,Phone call,Family member reached,ASHA,FAC003,E0000395,Medicine pickup
OUT0000429,OUP0000188,Sushma Narseemha,9941016188,Gangapur,2026-07-12,Home visit,Family member reached,ASHA,FAC003,E0000395,Medicine pickup
OUT0000430,OUP0000189,Mounika Shekar,9843731693,PEDDADINNE,2026-04-30,Phone call,Family member reached,CHO,FAC010,E0000396,General adherence
OUT0000431,OUP0000189,Mouneeka Shekar,9843531693,Peddadinne,2026-05-11,WhatsApp/SMS,Patient unavailable,ASHA,FAC010,E0000396,Test completion
OUT0000432,OUP0000189,Mounika Shekar,9843531193,Peddadinne,2026-05-10,Home visit,Patient unavailable,CHO,FAC010,E0000396,Medicine pickup
OUT0000433,OUP0000190,Suresh Reddy,9769600009,Jharasangam,2026-08-05,Phone call,Reached; promised follow-up,ASHA,FAC023,E0000397,Review visit
OUT0000434,OUP0000190,Suresh Reddy,9769600009,Jharasangam,2026-08-11,Home visit,Phone switched off,CHO,FAC023,E0000397,Test completion
OUT0000435,OUP0000191,Arun Basha,9337767067,Zaheerabad,2026-04-03,Village health day reminder,No answer,ASHA,FAC023,E0000398,Medicine pickup
OUT0000436,OUP0000191,Arun Basha,9337767067,Zaheerabad,2026-04-13,WhatsApp/SMS,Patient unavailable,ASHA,FAC023,E0000398,Test completion
OUT0000437,OUP0000191,Arun Basha,9337767067,ZAHEERABAD,2026-04-05,Home visit,Reached; promised follow-up,CHO,FAC023,E0000398,Medicine pickup
OUT0000438,OUP0000192,Kavitha Laxman,9611604457,Mangalapally,2026-06-25,Village health day reminder,Wrong number,CHO,FAC018,E0000399,General adherence
OUT0000439,OUP0000192,Kavitha Laxman,9611604457,Mangalapally,2026-06-19,Phone call,Family member reached,CHO,FAC018,E0000399,Review visit
OUT0000440,OUP0000192,Kaveetha Laxman,9611604457,Mangalapally,2026-06-29,Home visit,Reached; counselled,ASHA,FAC018,E0000399,Medicine pickup
OUT0000441,OUP0000193,Kavitha Krishna,9815047890,Kohir,2026-05-19,Village health day reminder,Phone switched off,ASHA,FAC022,E0000400,Test completion
OUT0000442,OUP0000193,Kavitha Krishna,9815047890,Kohir,2026-05-25,Home visit,Patient unavailable,ASHA,FAC022,E0000400,General adherence
OUT0000443,OUP0000193,Kavitha,9815047890,Kohir,2026-05-27,Home visit,Patient unavailable,ASHA,FAC022,E0000400,Review visit
OUT0000444,OUP0000194,Divya Begum,9060672234,Gangapur,2026-08-26,Home visit,Reached; promised follow-up,CHO,FAC001,E0000402,Review visit
OUT0000445,OUP0000195,Swathi Devi,9425885882,Kondamallepally,2026-01-21,Village health day reminder,Reached; promised follow-up,ASHA,FAC010,E0000403,General adherence
OUT0000446,OUP0000196,Praveen Jangam,9058492289,Marrur,2026-07-19,Home visit,Family member reached,ASHA,FAC018,E0000404,General adherence
OUT0000447,OUP0000197,Raju Shekar,9354734303,Bangarigadda,2026-07-18,Phone call,Patient unavailable,ASHA,FAC014,E0000412,Medicine pickup
OUT0000448,OUP0000198,Deepika Narsimha,,Kummarikunta,2026-06-28,WhatsApp/SMS,Reached; promised follow-up,CHO,FAC015,E0000413,Test completion
OUT0000449,OUP0000199,Kiran Begum,9453813181,Mogudampally,2026-02-01,WhatsApp/SMS,Phone switched off,CHO,FAC024,E0000414,Medicine pickup
OUT0000450,OUP0000199,Kiran Begum,+91-94538-13181,Mogudampally,2026-01-18,WhatsApp/SMS,Family member reached,CHO,FAC024,E0000414,Test completion
OUT0000451,OUP0000200,Anjali Begum,,Kallepally,2026-02-23,Village health day reminder,Reached; counselled,ASHA,FAC004,E0000415,Review visit
OUT0000452,OUP0000200,Anjali Begum,9256593173,Kallepally,2026-03-09,Home visit,Family member reached,CHO,FAC004,E0000415,Review visit
OUT0000453,OUP0000201,Mounika Kumar,9508903840,Kangti,2026-05-20,Phone call,Phone switched off,ASHA,FAC021,E0000417,Test completion
OUT0000454,OUP0000201,Mounika Kumar,9508903840,Kangt,2026-06-27,Village health day reminder,Patient unavailable,ASHA,FAC021,E0000418,Review visit
OUT0000455,OUP0000201,Mounika Kumar,9508903840,Kangti,2026-06-11,Phone call,Reached; counselled,ASHA,FAC021,E0000418,Review visit
OUT0000456,OUP0000201,Mounika Kumar,9508903840,Kangti,2026-06-24,WhatsApp/SMS,Wrong number,CHO,FAC021,E0000418,Test completion
OUT0000457,OUP0000202,Jyoti Basha,9061771299,Bodajanampet,2026-07-05,Village health day reminder,No answer,CHO,FAC005,E0000419,General adherence
OUT0000458,OUP0000202,Jyothi Basha,+91-90617-71299,Bodajanampet,2026-07-09,Phone call,Reached; counselled,ASHA,FAC005,E0000419,General adherence
OUT0000459,OUP0000202,Jyothi Basha,9061771299,Bodajanampet,2026-07-17,Phone call,Family member reached,CHO,FAC005,E0000419,Review visit
OUT0000460,OUP0000203,Swathi Rao,9115414412,Kalher,2026-07-02,Phone call,Family member reached,CHO,FAC021,E0000420,General adherence
OUT0000461,OUP0000203,Swathi,9115414412,Kalher,2026-06-30,Home visit,Reached; counselled,CHO,FAC021,E0000420,General adherence
OUT0000462,OUP0000203,Swathi Rao,+91-91154-14412,Kalher,2026-07-27,Home visit,Reached; promised follow-up,ASHA,FAC020,E0000421,Medicine pickup
OUT0000463,OUP0000203,Swathi Rao,+91-91154-14412,Kalher,2026-07-29,Phone call,Phone switched off,ASHA,FAC020,E0000421,Review visit
OUT0000464,OUP0000204,Sushma Basha,,Marrur,2026-07-26,Home visit,Reached; counselled,CHO,FAC016,E0000422,Review visit
OUT0000465,OUP0000205,Lakshmi Jangam,9159953053,Mogudampally,2026-03-08,Village health day reminder,Reached; counselled,ASHA,FAC022,E0000424,Medicine pickup
OUT0000466,OUP0000206,Kiran Krishna,9670022526,Jharasangam,2026-02-18,Phone call,Family member reached,CHO,FAC023,E0000425,Medicine pickup
OUT0000467,OUP0000206,Kiran Krishna,9670022526,JHARASANGAM,2026-06-25,Home visit,Phone switched off,CHO,FAC023,E0000426,Test completion
OUT0000468,OUP0000207,Venkatesh Krishna,9918628533,Mogudampally,2026-04-13,Home visit,Reached; counselled,CHO,FAC023,E0000427,Review visit
OUT0000469,OUP0000208,Naveen Reddy,9241079177,Devarakonda,2026-01-29,Phone call,Reached; promised follow-up,CHO,FAC011,E0000428,Review visit
OUT0000470,OUP0000209,Shobha Narsimha,9480796944,Polepally,2026-05-08,Phone call,Wrong number,ASHA,FAC002,E0000429,General adherence
OUT0000471,OUP0000209,Shobha Narsimha,9480796944,Polepally,2026-05-08,Village health day reminder,Family member reached,CHO,FAC002,E0000429,General adherence
OUT0000472,OUP0000210,Nares Krishna,9116892593,Nakrekal,2026-07-04,WhatsApp/SMS,Reached; promised follow-up,CHO,FAC018,E0000430,Medicine pickup
OUT0000473,OUP0000210,Naresh Krishna,9116892593,Nakrekal,2026-07-11,Home visit,Phone switched off,ASHA,FAC018,E0000430,Test completion
OUT0000474,OUP0000210,Naresh Krishna,9116892593,Nakrekal,2026-07-28,Phone call,Phone switched off,ASHA,FAC018,E0000430,Medicine pickup
OUT0000475,OUP0000211,Padma Krishna,9295841079,Peddadinne,2026-07-28,Phone call,No answer,CHO,FAC011,E0000431,Medicine pickup
OUT0000476,OUP0000211,Padma Krishna,9295841079,Peddadinne,2026-08-08,Phone call,Reached; counselled,CHO,FAC011,E0000431,Review visit
OUT0000477,OUP0000212,Rni Begum,9083674033,Kallepall,2026-02-25,Phone call,Family member reached,CHO,FAC004,E0000432,Medicine pickup
OUT0000478,OUP0000212,Rani Begum,9083674033,Kallepally,2026-03-01,Home visit,Reached; promised follow-up,CHO,FAC004,E0000432,Review visit
OUT0000479,OUP0000212,Rani Begum,9083674033,Kallepally,2026-03-03,Home visit,Phone switched off,ASHA,FAC004,E0000432,Medicine pickup
OUT0000480,OUP0000213,nitha Rao,9540875088,Ameenpur,2026-04-28,Home visit,Family member reached,CHO,FAC026,E0000433,Test completion
OUT0000481,OUP0000213,Anitha Rao,+91-95408-75088,AMEENPUR,2026-05-02,Phone call,Wrong number,ASHA,FAC026,E0000433,Test completion
OUT0000482,OUP0000214,Swathi Das,+91-98238-15263,Bodajanampet,2026-02-02,WhatsApp/SMS,No answer,ASHA,FAC005,E0000434,Test completion
OUT0000483,OUP0000214,Swathi Das,9823815263,Bodajanampet,2026-02-05,Home visit,Patient unavailable,CHO,FAC005,E0000434,Review visit
OUT0000484,OUP0000215,Suresh Laxman,9473160081,Nermata,2026-07-18,Phone call,Family member reached,CHO,FAC014,E0000438,Review visit
OUT0000485,OUP0000216,Anitha Shekar,+91-98007-29910,Midjil,2026-08-10,Home visit,No answer,CHO,FAC008,E0000441,Test completion
OUT0000486,OUP0000216,Aneetha Shekar,9800729910,Midjil,2026-08-13,Phone call,Family member reached,CHO,FAC008,E0000441,Medicine pickup
OUT0000487,OUP0000217,Shobha Naik,,Macharam,2026-08-09,WhatsApp/SMS,Phone switched off,ASHA,FAC001,E0000442,Review visit
OUT0000488,OUP0000217,Shobha Naik,9309742095,Macharam,2026-08-07,Village health day reminder,Family member reached,ASHA,FAC001,E0000442,Test completion
OUT0000489,OUP0000218,Srinivas Jangam,9166707373,Kondamallepally,2026-07-24,Home visit,Patient unavailable,CHO,FAC012,E0000443,Test completion
OUT0000490,OUP0000219,Santosh Rao,9045359811,Gangapur,2026-08-04,Home visit,Reached; counselled,ASHA,FAC002,E0000448,Review visit
OUT0000491,OUP0000220,Kiran Krishna,,Patancheru,2026-06-30,Phone call,Reached; counselled,CHO,FAC026,E0000449,Medicine pickup
OUT0000492,OUP0000220,Kiran Krishna,9349204263,PATANCHERU,2026-07-20,Home visit,Reached; counselled,ASHA,FAC026,E0000449,General adherence
OUT0000493,OUP0000220,Kiran Krishna,+91-93492-04263,Patancheru,2026-07-23,Phone call,Reached; counselled,ASHA,FAC027,E0000450,General adherence
OUT0000494,OUP0000220,Kirn Krishna,9349204263,Patancheru,2026-08-11,Home visit,Family member reached,CHO,FAC027,E0000450,Review visit
OUT0000495,OUP0000220,Kiran Krishna,9349204263,Patancheru,2026-07-31,Phone call,Reached; counselled,ASHA,FAC027,E0000450,Test completion
OUT0000496,OUP0000221,Kavitha Kumar,9366427867,Bodajanampet,2026-02-20,Phone call,Patient unavailable,ASHA,FAC004,E0000451,Review visit
OUT0000497,OUP0000221,Kavitha Kumar,9368427867,Bodajanampet,2026-02-19,Village health day reminder,Reached; counselled,CHO,FAC004,E0000451,General adherence
OUT0000498,OUP0000222,Deepika Kumar,9362525875,Kalher,2026-07-18,WhatsApp/SMS,Reached; promised follow-up,CHO,FAC021,E0000453,Medicine pickup
OUT0000499,OUP0000222,Deepika Kumar,9362525875,Kalher,2026-07-11,Home visit,Reached; promised follow-up,CHO,FAC021,E0000453,Test completion
OUT0000500,OUP0000222,Deepika Kumar,9362525875,Kalher,2026-08-03,Village health day reminder,Reached; counselled,ASHA,FAC019,E0000454,Review visit
OUT0000501,OUP0000222,Deepika Kumar,9362525875,Kalher,2026-08-06,Phone call,Reached; counselled,CHO,FAC019,E0000454,Test completion
OUT0000502,OUP0000222,Deepika Kumar,9362525875,Kalher,2026-08-09,Home visit,Reached; counselled,ASHA,FAC019,E0000454,Medicine pickup
OUT0000503,OUP0000223,Srilatha Basha,9613682020,Narayankhed,2026-04-20,WhatsApp/SMS,No answer,ASHA,FAC019,E0000455,Review visit
OUT0000504,OUP0000223,Srilatha Basha,9613682020,Narayankhed,2026-04-23,Home visit,Reached; promised follow-up,ASHA,FAC019,E0000455,General adherence
OUT0000505,OUP0000224,Vinod Naik,9446224555,Bhanur,2026-07-06,Phone call,Reached; promised follow-up,CHO,FAC026,E0000456,General adherence
OUT0000506,OUP0000224,Vinod Naik,9446224555,Bhanur,2026-07-08,Home visit,Wrong number,CHO,FAC026,E0000456,Test completion
OUT0000507,OUP0000224,Vinod Naik,9446224555,Bhanur,2026-06-30,Phone call,Phone switched off,ASHA,FAC026,E0000456,Medicine pickup
OUT0000508,OUP0000225,Jyothi Goud,9815927753,Ameenpur,2026-03-11,Phone call,Reached; promised follow-up,ASHA,FAC025,E0000457,Review visit
OUT0000509,OUP0000225,Jyothi Goud,9815927753,Ameenpur,2026-03-15,Village health day reminder,Reached; counselled,CHO,FAC025,E0000457,Review visit
OUT0000510,OUP0000225,Jyothi Goud,9815927753,Ameenpur,2026-05-29,Phone call,Reached; promised follow-up,ASHA,FAC027,E0000458,Test completion
OUT0000511,OUP0000225,Jyothi Goud,9815927753,Ameenpur,2026-05-22,Phone call,Reached; promised follow-up,CHO,FAC027,E0000458,Test completion
OUT0000512,OUP0000225,Jyothi Goud,,Ameenpur,2026-07-27,Home visit,Reached; counselled,ASHA,FAC025,E0000459,Review visit
OUT0000513,OUP0000225,Jyothi Goud,9815927753,AMEENPUR,2026-07-19,WhatsApp/SMS,Wrong number,ASHA,FAC025,E0000459,Test completion
OUT0000514,OUP0000225,Jyothi Goud,9815927753,Ameenpur,2026-07-28,Phone call,Phone switched off,ASHA,FAC025,E0000459,Medicine pickup
OUT0000515,OUP0000226,Naresh Rao,9146708288,Polepally,2026-07-12,Phone call,No answer,CHO,FAC001,E0000461,Medicine pickup
OUT0000516,OUP0000227,Ravi Mallaiah,+91-98364-81191,Zaheerabad,2026-01-25,Home visit,Phone switched off,CHO,FAC024,E0000465,Test completion
OUT0000517,OUP0000227,Rawi Mallaiah,9836481191,Zaheerabad,2026-02-08,Phone call,Patient unavailable,CHO,FAC024,E0000465,Medicine pickup
OUT0000518,OUP0000227,Ravi Mallaiah,9836481191,Zaheerabad,2026-02-04,Home visit,Reached; counselled,CHO,FAC024,E0000465,Review visit
OUT0000519,OUP0000228,Nirmala Mudiraj,9516063923,Nakrekal,2026-06-07,Phone call,Family member reached,CHO,FAC017,E0000466,General adherence
OUT0000520,OUP0000228,Nirmala Mudiraj,9516063923,Nakrekal,2026-05-29,WhatsApp/SMS,Family member reached,CHO,FAC017,E0000466,General adherence
OUT0000521,OUP0000229,Santosh Reddy,9076463597,Bodajanampet,2026-07-25,Home visit,Family member reached,ASHA,FAC006,E0000467,Test completion
OUT0000522,OUP0000230,Rani Mudiraj,+91-91435-23158,Kalher,2026-02-22,Home visit,Patient unavailable,CHO,FAC019,E0000468,Test completion
OUT0000523,OUP0000230,Rani,9143523158,Kalher,2026-02-28,Phone call,Patient unavailable,CHO,FAC019,E0000468,Test completion
OUT0000524,OUP0000231,Praveen Patel,+91-91666-89323,Donur,2026-01-11,Phone call,Reached; counselled,ASHA,FAC009,E0000469,General adherence
OUT0000525,OUP0000231,Praveen Patel,9166689323,Donur,2026-01-15,Home visit,Reached; promised follow-up,CHO,FAC009,E0000469,Review visit
OUT0000526,OUP0000232,Suresh Patel,9032447636,Vemula,2026-08-07,Home visit,Wrong number,ASHA,FAC008,E0000470,Test completion
OUT0000527,OUP0000232,Suresh Patel,9032447636,Vemula,2026-08-10,Phone call,Family member reached,ASHA,FAC008,E0000470,Medicine pickup
OUT0000528,OUP0000232,Suresh Ptel,9032447636,Vemula,2026-08-15,Home visit,Patient unavailable,CHO,FAC008,E0000470,Test completion
OUT0000529,OUP0000233,Jyothi Laxman,9317193733,Kangt,2026-01-26,Phone call,Reached; promised follow-up,CHO,FAC020,E0000474,Test completion
OUT0000530,OUP0000234,Deepika Begum,9805957891,Devarakonda,2026-05-31,WhatsApp/SMS,Family member reached,CHO,FAC012,E0000477,General adherence
OUT0000531,OUP0000234,Deepeeka Begum,+91-98059-57891,Devarakonda,2026-06-19,Village health day reminder,Reached; promised follow-up,ASHA,FAC012,E0000477,Test completion
OUT0000532,OUP0000234,Deepika Begum,9805957891,Devarakonda,2026-06-04,Home visit,Reached; promised follow-up,CHO,FAC012,E0000477,Review visit
OUT0000533,OUP0000235,Nirmala Laxman,9113072751,Nomula,2026-02-10,Village health day reminder,Patient unavailable,CHO,FAC017,E0000480,Review visit
OUT0000534,OUP0000235,Nirmala Laxman,9113072751,Nomula,2026-05-02,WhatsApp/SMS,Family member reached,CHO,FAC016,E0000481,Review visit
OUT0000535,OUP0000235,Nirmala Laxman,9113072751,Nomula,2026-05-11,Home visit,Reached; counselled,ASHA,FAC016,E0000481,General adherence
OUT0000536,OUP0000235,Nirmla Laxman,9113072751,Nomula,2026-05-26,Home visit,Reached; counselled,ASHA,FAC016,E0000481,General adherence
OUT0000537,OUP0000236,Suresh Chary,9351145056,Ameenpur,2026-02-11,Home visit,Phone switched off,ASHA,FAC025,E0000483,General adherence
OUT0000538,OUP0000237,Swathi Laxman,9106481881,Nakrekal,2026-06-15,Home visit,Patient unavailable,ASHA,FAC018,E0000484,General adherence
OUT0000539,OUP0000238,Sritha Narsimha,9384789896,Bangarigadda,2026-04-24,Phone call,Reached; promised follow-up,ASHA,FAC014,E0000485,Test completion
OUT0000540,OUP0000238,Saritha Narsimha,,Bangarigadda,2026-04-17,Home visit,Reached; counselled,CHO,FAC014,E0000485,Review visit
OUT0000541,OUP0000239,Ravee Mudiraj,9731272383,Peddadinne,2026-06-25,WhatsApp/SMS,Reached; promised follow-up,CHO,FAC010,E0000487,Medicine pickup
OUT0000542,OUP0000239,Ravi Mudiraj,9731272383,Peddadinne,2026-06-21,Phone call,Phone switched off,CHO,FAC010,E0000487,Test completion
OUT0000543,OUP0000240,Anil Mallaiah,9936933267,Nomula,2026-07-10,WhatsApp/SMS,Reached; promised follow-up,ASHA,FAC017,E0000492,Medicine pickup
OUT0000544,OUP0000240,Anil Mallaiah,+91-99369-33267,Nomula,2026-07-09,Phone call,Wrong number,ASHA,FAC017,E0000492,General adherence
OUT0000545,OUP0000240,Anil Mallaiah,9936933267,Nomul,2026-07-11,Home visit,Wrong number,CHO,FAC017,E0000492,Review visit
OUT0000546,OUP0000241,Naresh Devi,9664379472,GANGAPUR,2026-06-19,Village health day reminder,Family member reached,ASHA,FAC002,E0000493,General adherence
OUT0000547,OUP0000241,Naresh Devi,9664379472,Gangapur,2026-06-19,Phone call,Reached; promised follow-up,CHO,FAC002,E0000493,Test completion
OUT0000548,OUP0000242,Jyothi Yadav,,Polepally,2026-06-28,Home visit,Family member reached,ASHA,FAC003,E0000497,General adherence
OUT0000549,OUP0000242,Jyothi Yadav,9835793200,Polepally,2026-08-22,WhatsApp/SMS,Reached; promised follow-up,ASHA,FAC001,E0000498,Medicine pickup
OUT0000550,OUP0000242,Jyothi Yadav,9835793200,Polepally,2026-08-21,Phone call,Reached; promised follow-up,CHO,FAC001,E0000498,General adherence
OUT0000551,OUP0000242,Jyothi Yadav,9835793900,Polepally,2026-09-15,Phone call,Wrong number,ASHA,FAC001,E0000498,Review visit
OUT0000552,OUP0000243,Vinod Reddy,9868050931,Mogudampally,2026-02-15,Home visit,Reached; counselled,ASHA,FAC024,E0000499,General adherence
OUT0000553,OUP0000243,Vinod Reddy,9868050931,Mogudampally,2026-02-17,Phone call,No answer,CHO,FAC024,E0000499,Review visit
OUT0000554,OUP0000243,Vinod Reddy,9868050931,Mogudampall,2026-03-08,Phone call,Phone switched off,CHO,FAC023,E0000500,Review visit
OUT0000555,OUP0000243,Vinod Reddy,9868050931,Mogudampally,2026-03-14,Phone call,Patient unavailable,ASHA,FAC023,E0000500,Medicine pickup
OUT0000556,OUP0000243,Vinod Reddy,9868050931,Mogudampally,2026-03-18,Home visit,Reached; promised follow-up,ASHA,FAC023,E0000500,Test completion
OUT0000557,OUP0000244,Swathi Jangam,9911841703,Kummarikunta,2026-05-12,Phone call,Patient unavailable,CHO,FAC013,E0000501,Medicine pickup
OUT0000558,OUP0000244,Swathi Jangam,9911841703,Kummarikunta,2026-05-16,Phone call,Patient unavailable,CHO,FAC013,E0000501,Review visit
OUT0000559,OUP0000244,Swathi Jangam,9911841703,Kummarikunta,2026-06-09,Phone call,Patient unavailable,ASHA,FAC013,E0000502,General adherence
OUT0000560,OUP0000244,Swathi Jangam,9911841703,Kummarikunta,2026-06-21,Home visit,Reached; counselled,CHO,FAC013,E0000502,Medicine pickup
OUT0000561,OUP0000245,Anil Goud,9146840239,Kondamallepally,2026-07-04,Village health day reminder,Family member reached,ASHA,FAC012,E0000503,Review visit
OUT0000562,OUP0000246,Rani Chary,9367870284,Nakrekal,2026-03-08,Village health day reminder,Reached; promised follow-up,ASHA,FAC016,E0000504,Review visit
OUT0000563,OUP0000246,Rani Chary,9367870284,Nakrekal,2026-03-03,WhatsApp/SMS,Family member reached,ASHA,FAC016,E0000504,Medicine pickup
OUT0000564,OUP0000247,Rajesh Mudiraj,9140005385,Velpula,2026-04-11,Phone call,Reached; promised follow-up,CHO,FAC008,E0000506,Medicine pickup
OUT0000565,OUP0000247,Rajesh Mudeeraj,+91-91400-05385,Velpula,2026-04-14,Phone call,Reached; promised follow-up,CHO,FAC008,E0000506,General adherence
OUT0000566,OUP0000247,Rajesh Mudiraj,9140005385,Velpula,2026-06-29,Home visit,Family member reached,ASHA,FAC009,E0000507,Medicine pickup
OUT0000567,OUP0000247,Rajesh Mudiraj,9140005385,Velpula,2026-06-26,WhatsApp/SMS,Patient unavailable,ASHA,FAC009,E0000507,General adherence
OUT0000568,OUP0000248,Rani Goud,9683995209,Donur,2026-03-21,Home visit,Patient unavailable,CHO,FAC008,E0000510,Review visit
OUT0000569,OUP0000248,Rani Goud,9683995229,Donur,2026-04-04,WhatsApp/SMS,Family member reached,CHO,FAC008,E0000510,Medicine pickup
OUT0000570,OUP0000248,Rani Goud,9683995229,Donur,2026-03-29,Phone call,Phone switched off,ASHA,FAC008,E0000510,General adherence
OUT0000571,OUP0000248,Rani Goud,9683995229,Donur,2026-05-19,Home visit,Family member reached,CHO,FAC009,E0000511,Review visit
OUT0000572,OUP0000248,Rani Goud,9683995229,Donur,2026-05-22,WhatsApp/SMS,Reached; promised follow-up,CHO,FAC009,E0000511,Test completion
OUT0000573,OUP0000248,Rani Goud,9683995229,Donur,2026-05-25,Phone call,Reached; counselled,ASHA,FAC009,E0000511,Test completion
OUT0000574,OUP0000249,Naveen Basha,9738774172,Indresham,2026-02-18,Phone call,Reached; counselled,ASHA,FAC025,E0000512,Test completion
OUT0000575,OUP0000249,Naveen Basha,9738774172,Indresha,2026-02-22,Home visit,Wrong number,CHO,FAC025,E0000512,Review visit
OUT0000576,OUP0000250,Jyothi Rao,9584505273,Narayankhed,2026-07-26,Home visit,Patient unavailable,ASHA,FAC021,E0000513,Medicine pickup
OUT0000577,OUP0000250,Jyothi Rao,,Narayankhed,2026-07-11,Phone call,Reached; counselled,CHO,FAC021,E0000513,Medicine pickup
OUT0000578,OUP0000251,Venkatesh Naeek,9351309311,Gangapur,2026-08-22,Home visit,Reached; promised follow-up,CHO,FAC002,E0000515,Medicine pickup
OUT0000579,OUP0000251,wenkatesh Naik,9351309311,Gangapur,2026-08-14,Home visit,Family member reached,ASHA,FAC002,E0000515,Medicine pickup
OUT0000580,OUP0000252,Raghav Mallaiah,,Nomula,2026-04-03,Village health day reminder,Patient unavailable,CHO,FAC016,E0000516,General adherence
OUT0000581,OUP0000252,Raghav Mallaiah,9322594547,Nomula,2026-04-23,Home visit,Reached; counselled,ASHA,FAC018,E0000517,Test completion
OUT0000582,OUP0000253,Swathi Rao,9757826930,Manoor,2026-02-06,Phone call,Family member reached,CHO,FAC021,E0000520,Test completion
OUT0000583,OUP0000254,Naveen Mudiraj,9223634273,Kalher,2026-06-23,Phone call,Wrong number,ASHA,FAC021,E0000522,General adherence
OUT0000584,OUP0000255,Shankar Reddy,9382903694,Bangarigadda,2026-05-09,Village health day reminder,Patient unavailable,ASHA,FAC015,E0000524,General adherence
OUT0000585,OUP0000255,Shankar Reddy,9382903694,Bangarigadda,2026-04-30,Village health day reminder,Family member reached,ASHA,FAC015,E0000524,Review visit
OUT0000586,OUP0000256,Naveen Devi,9314075934,Mangalapally,2026-03-06,Home visit,Reached; counselled,CHO,FAC018,E0000526,Medicine pickup
OUT0000587,OUP0000256,Naveen Devi,9314075934,Mangalapally,2026-02-25,Home visit,Wrong number,ASHA,FAC018,E0000526,General adherence
OUT0000588,OUP0000257,Raju Mallaiah,9074123488,Mogudampally,2026-05-19,Home visit,Reached; counselled,CHO,FAC024,E0000527,Medicine pickup
OUT0000589,OUP0000257,Raju Mallaiah,9084123488,Mogudampally,2026-05-26,Village health day reminder,Wrong number,CHO,FAC024,E0000527,General adherence
OUT0000590,OUP0000258,Arun Jangam,9997933254,Bangarigadda,2026-06-03,Home visit,Reached; counselled,ASHA,FAC015,E0000529,Medicine pickup
OUT0000591,OUP0000259,Sai Chary,9848068135,Polepally,2026-04-10,Village health day reminder,Reached; counselled,CHO,FAC001,E0000530,Test completion
OUT0000592,OUP0000259,Sai Chary,9848068135,Polepally,2026-04-14,Phone call,Reached; counselled,ASHA,FAC001,E0000530,Medicine pickup
OUT0000593,OUP0000260,Sai Basha,9391943571,Kallepally,2026-01-18,WhatsApp/SMS,Reached; promised follow-up,ASHA,FAC004,E0000531,General adherence
OUT0000594,OUP0000260,Sai Basha,9391943571,Kallepally,2026-01-16,Phone call,Reached; counselled,CHO,FAC004,E0000531,General adherence
OUT0000595,OUP0000260,Sai Basha,9391943571,Kallepally,2026-01-24,Village health day reminder,Reached; counselled,ASHA,FAC004,E0000531,Review visit
OUT0000596,OUP0000261,Ramesh Krishna,+91-99438-71901,Devarakonda,2026-07-01,Home visit,Reached; promised follow-up,ASHA,FAC012,E0000533,Test completion
OUT0000597,OUP0000261,Ramesh Krishna,9943871901,Devarakonda,2026-07-06,Phone call,Patient unavailable,ASHA,FAC012,E0000533,Review visit
OUT0000598,OUP0000261,Ramesh Krishna,9943871901,Devarakonda,2026-08-09,Phone call,Phone switched off,ASHA,FAC010,E0000534,General adherence
OUT0000599,OUP0000262,Harika,9677945695,Midjil,2026-08-02,Phone call,Family member reached,CHO,FAC007,E0000535,General adherence
OUT0000600,OUP0000262,Harika Goud,+91-96779-45685,Midjil,2026-07-31,Home visit,Family member reached,CHO,FAC007,E0000535,Test completion
OUT0000601,OUP0000263,Rajesh Mallaiah,9798134425,Bhanur,2026-03-07,Phone call,Patient unavailable,CHO,FAC027,E0000540,Test completion
OUT0000602,OUP0000263,Rajesh Mallaiah,9798134725,Bhanur,2026-03-28,Phone call,Reached; promised follow-up,CHO,FAC027,E0000540,Review visit
OUT0000603,OUP0000263,Rajesh Mallaiah,9798134725,Bhanur,2026-04-03,Phone call,Family member reached,ASHA,FAC027,E0000541,Test completion
OUT0000604,OUP0000263,Rajesh Mallaiah,9798134725,Bhanur,2026-04-08,WhatsApp/SMS,Reached; promised follow-up,CHO,FAC027,E0000541,Review visit
OUT0000605,OUP0000264,Rani Yadav,9217656058,Nomula,2026-08-19,Home visit,Reached; counselled,ASHA,FAC018,E0000545,Review visit
OUT0000606,OUP0000264,Rani Yadav,+91-92176-56058,Nomula,2026-08-08,Village health day reminder,Reached; counselled,ASHA,FAC018,E0000545,Test completion
OUT0000607,OUP0000264,Rani Yadav,9217656058,Nomula,2026-08-12,Home visit,Phone switched off,CHO,FAC018,E0000545,Medicine pickup
OUT0000608,OUP0000265,Suresh Kumar,9546311625,Mogudampally,2026-04-24,Home visit,Reached; promised follow-up,CHO,FAC023,E0000546,Medicine pickup
OUT0000609,OUP0000265,Suresh Kumar,9546311625,Mogudampall,2026-05-04,Home visit,No answer,ASHA,FAC023,E0000546,Test completion
OUT0000610,OUP0000265,Suresh Kumar,9546311625,MOGUDAMPALLY,2026-05-27,Phone call,No answer,CHO,FAC024,E0000547,Review visit
OUT0000611,OUP0000265,Suresh Kumar,+91-95463-11625,Mogudampally,2026-06-24,WhatsApp/SMS,No answer,CHO,FAC023,E0000548,Medicine pickup
OUT0000612,OUP0000265,Suresh Kumar,9546311625,Mogudampall,2026-06-10,Home visit,Wrong number,ASHA,FAC023,E0000548,Medicine pickup
OUT0000613,OUP0000265,Suresh Kumar,,Mogudampally,2026-06-16,WhatsApp/SMS,Reached; promised follow-up,CHO,FAC023,E0000548,Review visit
OUT0000614,OUP0000266,Naresh Chary,,Donur,2026-02-15,Phone call,Reached; counselled,ASHA,FAC008,E0000550,Review visit
OUT0000615,OUP0000266,Naresh Chary,9731816254,Donur,2026-02-26,Phone call,Reached; promised follow-up,ASHA,FAC008,E0000550,General adherence
OUT0000616,OUP0000267,Nirmala Laxman,9910298970,Gundlapally,2026-04-01,Phone call,Reached; counselled,ASHA,FAC010,E0000552,Medicine pickup
OUT0000617,OUP0000267,Nirmala Laxman,9910298970,Gundlapally,2026-03-29,Phone call,Reached; promised follow-up,ASHA,FAC010,E0000552,Review visit
OUT0000618,OUP0000268,Rani Mudiraj,9718143824,Zaheerabad,2026-05-21,Phone call,Reached; promised follow-up,CHO,FAC024,E0000553,Medicine pickup
OUT0000619,OUP0000268,Rani Mudiraj,9718143824,Zaheerabad,2026-05-15,Home visit,Patient unavailable,ASHA,FAC024,E0000553,Test completion
OUT0000620,OUP0000269,Saritha Mallaiah,+91-99885-63079,Ameenpur,2026-06-05,Village health day reminder,Family member reached,CHO,FAC026,E0000554,Test completion
OUT0000621,OUP0000269,Saritha Mallaiah,+91-99885-63079,Ameenpur,2026-05-30,Home visit,Wrong number,ASHA,FAC026,E0000554,Medicine pickup
OUT0000622,OUP0000270,Rajesh Mallaeeah,9753069027,Devarakonda,2026-08-21,Phone call,Family member reached,CHO,FAC011,E0000555,Test completion
OUT0000623,OUP0000270,Rajesh Mallaiah,+91-97530-69027,Devarakonda,2026-08-21,Home visit,No answer,CHO,FAC011,E0000555,General adherence
OUT0000624,OUP0000270,Rajesh Mallaiah,9753069027,Devarakond,2026-09-05,Phone call,Reached; promised follow-up,CHO,FAC011,E0000555,Review visit
OUT0000625,OUP0000271,Lakshmi Yadav,9507459876,Patancheru,2026-02-04,Phone call,Reached; promised follow-up,CHO,FAC027,E0000556,General adherence
OUT0000626,OUP0000272,Sai,9564462668,Marrur,2026-06-26,Phone call,No answer,ASHA,FAC017,E0000557,Review visit
OUT0000627,OUP0000272,Sai Devi,9564462668,Marrur,2026-06-20,Village health day reminder,Reached; counselled,ASHA,FAC017,E0000557,Test completion
OUT0000628,OUP0000272,Sai Devi,9564462668,MARRUR,2026-06-30,Phone call,Family member reached,ASHA,FAC017,E0000557,Medicine pickup
OUT0000629,OUP0000273,Srinivas Jangam,+91-98470-71293,Kondamallepally,2026-04-27,Home visit,Wrong number,ASHA,FAC011,E0000559,Review visit
OUT0000630,OUP0000273,Srinivas Jangam,9847071293,Kondamallepally,2026-04-30,Phone call,Reached; promised follow-up,CHO,FAC011,E0000559,Test completion
OUT0000631,OUP0000273,Srinivs Jangam,9840071293,Kondamallepally,2026-05-06,Home visit,Phone switched off,CHO,FAC011,E0000559,Review visit
OUT0000632,OUP0000273,Sriniwas Jangam,9847071293,Kondamallepally,2026-07-14,Home visit,Patient unavailable,CHO,FAC012,E0000561,Test completion
OUT0000633,OUP0000273,Sreenivas Jangam,9847071293,KONDAMALLEPALLY,2026-07-21,Village health day reminder,Family member reached,ASHA,FAC012,E0000561,Review visit
OUT0000634,OUP0000274,Renuka Goud,9824016040,Bangarigadda,2026-04-16,Phone call,Reached; promised follow-up,ASHA,FAC013,E0000562,Medicine pickup
OUT0000635,OUP0000274,Renuka Goud,9894016040,Bangarigadd,2026-04-23,Home visit,Wrong number,CHO,FAC013,E0000562,Medicine pickup
OUT0000636,OUP0000275,Mahesh Kumar,9212914596,NAKREKAL,2026-03-28,Home visit,Reached; counselled,CHO,FAC018,E0000564,Medicine pickup
OUT0000637,OUP0000275,Mahesh Kumar,9212914596,Nakrekal,2026-04-03,WhatsApp/SMS,Patient unavailable,CHO,FAC018,E0000564,General adherence
OUT0000638,OUP0000275,Mahesh Kumar,9212914596,Nakrekal,2026-04-21,WhatsApp/SMS,Reached; promised follow-up,CHO,FAC018,E0000564,Test completion
OUT0000639,OUP0000276,Shobha Kumar,9841916414,Polepally,2026-03-30,Home visit,No answer,ASHA,FAC003,E0000565,General adherence
OUT0000640,OUP0000276,Shobha Kumar,+91-98417-16414,Polepally,2026-04-01,Home visit,Family member reached,CHO,FAC003,E0000565,General adherence
OUT0000641,OUP0000276,Shobha Kumar,9841716414,Polepally,2026-03-27,Home visit,Family member reached,ASHA,FAC003,E0000565,General adherence
OUT0000642,OUP0000277,Ravi Krishna,9353933438,Nermata,2026-05-19,Phone call,Wrong number,CHO,FAC014,E0000568,Review visit
OUT0000643,OUP0000278,Divya Devi,+91-95269-26523,Narayankhed,2026-02-23,Home visit,Family member reached,CHO,FAC020,E0000572,Medicine pickup
OUT0000644,OUP0000278,Divya Devi,+91-95269-26523,Narayankhed,2026-02-20,Phone call,No answer,ASHA,FAC020,E0000572,General adherence
OUT0000645,OUP0000279,Rani Patel,9966177083,Narayankhed,2026-02-20,WhatsApp/SMS,Reached; promised follow-up,CHO,FAC019,E0000576,Test completion
OUT0000646,OUP0000279,Rani Patel,9966177083,Narayankhed,2026-02-22,Home visit,Family member reached,ASHA,FAC019,E0000576,Medicine pickup
OUT0000647,OUP0000279,Rani Patel,+91-99661-77083,Narayankhed,2026-02-22,Phone call,Phone switched off,CHO,FAC019,E0000576,Test completion
OUT0000648,OUP0000280,Divya Laxman,9436474390,Kallepally,2026-08-11,Home visit,Family member reached,ASHA,FAC006,E0000578,Medicine pickup
OUT0000649,OUP0000280,Divya Laxman,,Kallepally,2026-09-01,WhatsApp/SMS,Family member reached,CHO,FAC006,E0000578,Medicine pickup
OUT0000650,OUP0000280,Divya Laxman,9436474390,Kallepally,2026-09-08,Phone call,Reached; counselled,ASHA,FAC006,E0000578,Medicine pickup
OUT0000651,OUP0000281,Kavitha Laxman,9371005584,Jharasangam,2026-07-25,Home visit,Phone switched off,ASHA,FAC024,E0000580,General adherence
OUT0000652,OUP0000281,Kavita Laxman,9371005584,Jharasangam,2026-08-04,Phone call,Family member reached,CHO,FAC024,E0000580,Review visit
OUT0000653,OUP0000281,Kavitha Laxman,9371005584,Jharasangam,2026-08-18,Phone call,Reached; promised follow-up,CHO,FAC024,E0000580,Medicine pickup
OUT0000654,OUP0000282,Kiran Naik,+91-90985-72226,Badepally,2026-07-27,Phone call,Reached; counselled,CHO,FAC002,E0000583,General adherence
OUT0000655,OUP0000282,Kiran Naik,9098572226,Badepally,2026-08-02,Village health day reminder,No answer,ASHA,FAC002,E0000583,Medicine pickup
OUT0000656,OUP0000282,Kiran Naik,9098572226,Badepalli,2026-08-01,Home visit,Reached; promised follow-up,ASHA,FAC002,E0000583,General adherence
OUT0000657,OUP0000283,Deepika Shekar,+91-94441-29144,Manoor,2026-03-18,Home visit,Reached; promised follow-up,CHO,FAC020,E0000584,General adherence
OUT0000658,OUP0000283,Deepik Shekar,9444129144,Manoor,2026-03-05,Village health day reminder,Patient unavailable,CHO,FAC020,E0000584,Review visit
OUT0000659,OUP0000283,Deepika Shekar,9444129144,Manoor,2026-03-14,Phone call,Reached; promised follow-up,ASHA,FAC020,E0000584,Review visit
OUT0000660,OUP0000284,Raju,9866642705,Gangapur,2026-06-21,Home visit,Wrong number,CHO,FAC002,E0000586,Medicine pickup
OUT0000661,OUP0000284,Raju Mudiraj,9866642705,Gangapu,2026-06-25,Home visit,Patient unavailable,CHO,FAC002,E0000586,Review visit
OUT0000662,OUP0000284,Raju Mudiraj,9866642705,Gangapur,2026-06-22,Home visit,Reached; promised follow-up,CHO,FAC002,E0000586,Test completion
OUT0000663,OUP0000284,Raju Mudiraj,9866642705,Gangapur,2026-07-24,Home visit,No answer,CHO,FAC003,E0000587,General adherence
OUT0000664,OUP0000285,Deepika Begum,9207052447,Devarakonda,2026-08-22,Phone call,Reached; counselled,CHO,FAC011,E0000589,Medicine pickup
OUT0000665,OUP0000285,Deepika Begum,9207052447,Devarakonda,2026-09-02,Home visit,Wrong number,ASHA,FAC011,E0000589,General adherence
OUT0000666,OUP0000285,Deepika Begum,9207052447,Devarakonda,2026-08-22,Home visit,Patient unavailable,ASHA,FAC011,E0000589,Test completion
OUT0000667,OUP0000286,Anitha Laxman,9532424146,Badepally,2026-05-26,Phone call,Family member reached,CHO,FAC001,E0000596,Test completion
OUT0000668,OUP0000287,Suresh Das,9309217797,Kummarikunta,2026-08-02,Phone call,No answer,CHO,FAC015,E0000599,Medicine pickup
OUT0000669,OUP0000287,Suresh Das,9309217797,Kummarikunta,2026-08-11,Village health day reminder,Reached; promised follow-up,CHO,FAC015,E0000599,Medicine pickup
OUT0000670,OUP0000287,Suresh Das,,KUMMARIKUNTA,2026-08-12,Phone call,Phone switched off,ASHA,FAC015,E0000599,Medicine pickup
OUT0000671,OUP0000288,Shobha Narsimha,9399376921,Kallepalli,2026-04-24,WhatsApp/SMS,No answer,ASHA,FAC004,E0000600,Test completion
OUT0000672,OUP0000288,Shobha Narsimha,9399376921,Kallepalli,2026-05-08,Home visit,Reached; promised follow-up,ASHA,FAC004,E0000600,Medicine pickup
OUT0000673,OUP0000288,Shobha Narsimha,9399376921,Kallepally,2026-04-28,Phone call,Reached; counselled,ASHA,FAC004,E0000600,Review visit
OUT0000674,OUP0000289,Deevya Yadav,9665504020,Vemula,2026-06-17,Home visit,Phone switched off,ASHA,FAC008,E0000601,Review visit
OUT0000675,OUP0000290,Sushma Naik,9664980368,Kangti,2026-01-22,WhatsApp/SMS,Phone switched off,ASHA,FAC021,E0000603,Medicine pickup
OUT0000676,OUP0000290,Sushma Naik,9664980368,Kangti,2026-01-22,Home visit,Reached; promised follow-up,CHO,FAC021,E0000603,Medicine pickup
OUT0000677,OUP0000291,Bhavani Narsimha,9268082763,Gundlapalli,2026-05-23,Home visit,Wrong number,ASHA,FAC012,E0000604,Medicine pickup
OUT0000678,OUP0000292,Mahesh Kumar,9404496116,Kondamallepally,2026-07-26,Phone call,No answer,CHO,FAC011,E0000605,General adherence
OUT0000679,OUP0000293,Raghav Patel,,Patancheru,2026-04-16,WhatsApp/SMS,Reached; counselled,ASHA,FAC025,E0000606,General adherence
OUT0000680,OUP0000293,Raghav Patel,+91-94197-64236,Patancheru,2026-04-14,Phone call,Family member reached,CHO,FAC025,E0000606,Test completion
OUT0000681,OUP0000293,Raghav Patel,9419764236,Patancheru,2026-04-23,Home visit,Reached; counselled,ASHA,FAC025,E0000606,General adherence
OUT0000682,OUP0000294,Mounika Devi,9959047903,Gangapur,2026-02-19,Home visit,Family member reached,CHO,FAC002,E0000607,Review visit
OUT0000683,OUP0000294,Mounika Devi,9959047903,Gangapur,2026-03-02,Home visit,Family member reached,ASHA,FAC002,E0000607,Review visit
OUT0000684,OUP0000295,Rajes Rao,9892150743,Nakrekal,2026-07-06,WhatsApp/SMS,Family member reached,ASHA,FAC018,E0000608,General adherence
OUT0000685,OUP0000295,Rajesh Rao,9892150743,Nakreka,2026-06-29,WhatsApp/SMS,Reached; promised follow-up,CHO,FAC018,E0000608,General adherence
OUT0000686,OUP0000296,Sushma Reddy,,Chandur,2026-03-25,WhatsApp/SMS,Patient unavailable,ASHA,FAC014,E0000609,Review visit
OUT0000687,OUP0000297,Santosh Mudiraj,9110585971,Bodajanampet,2026-06-29,Phone call,Wrong number,ASHA,FAC004,E0000610,Test completion
OUT0000688,OUP0000297,Santosh Mudiraj,9110585971,Bodajanampet,2026-07-20,Village health day reminder,Wrong number,ASHA,FAC004,E0000610,General adherence
OUT0000689,OUP0000297,Santosh Mudiraj,9110585971,Bodajanampet,2026-07-07,Home visit,Phone switched off,ASHA,FAC004,E0000610,General adherence
OUT0000690,OUP0000297,Santosh Mudiraj,9110585971,Bodajanampet,2026-08-12,Home visit,Reached; counselled,CHO,FAC004,E0000611,Review visit
OUT0000691,OUP0000298,Anitha Yadaw,+91-98725-20007,Nermata,2026-04-25,Phone call,Reached; counselled,CHO,FAC013,E0000613,General adherence
OUT0000692,OUP0000298,Anitha Yadav,,Nermata,2026-04-26,Home visit,Wrong number,ASHA,FAC013,E0000613,Medicine pickup
OUT0000693,OUP0000299,Swathee Yadav,9756275094,Kondamallepally,2026-03-13,Phone call,Patient unavailable,ASHA,FAC012,E0000615,Test completion
OUT0000694,OUP0000300,Venkatesh Das,9978510531,Bodajanampet,2026-06-27,Home visit,Patient unavailable,CHO,FAC005,E0000618,Review visit
OUT0000695,OUP0000300,Venkatesh Das,+91-99785-10531,BODAJANAMPET,2026-06-25,Phone call,Reached; counselled,CHO,FAC005,E0000618,Test completion
OUT0000696,OUP0000301,Ramesh Begum,9828511670,Chandur,2026-03-10,Phone call,Family member reached,ASHA,FAC014,E0000623,Review visit
OUT0000697,OUP0000302,Bhavani Das,9769928342,Peddadinne,2026-06-22,Village health day reminder,Reached; promised follow-up,ASHA,FAC010,E0000625,Review visit
OUT0000698,OUP0000302,Bhavani Das,9769928342,Peddadinne,2026-07-06,Village health day reminder,Reached; promised follow-up,ASHA,FAC010,E0000625,Medicine pickup
OUT0000699,OUP0000303,Lakshmi Kumar,9428012094,Mogudampally,2026-04-25,WhatsApp/SMS,No answer,ASHA,FAC024,E0000626,Medicine pickup
OUT0000700,OUP0000303,Lakshmi Kumar,9428012094,Mogudampally,2026-05-13,Village health day reminder,No answer,ASHA,FAC024,E0000626,General adherence
OUT0000701,OUP0000304,Lalitha Patel,9224564543,Rajapur,2026-07-19,Phone call,Reached; promised follow-up,ASHA,FAC004,E0000627,General adherence
OUT0000702,OUP0000304,Lalitha Patel,9224564543,Rajapur,2026-07-31,Phone call,Family member reached,ASHA,FAC004,E0000627,General adherence
OUT0000703,OUP0000304,Lalitha,9224564543,Rajapur,2026-08-06,Home visit,Reached; counselled,ASHA,FAC004,E0000627,Test completion
OUT0000704,OUP0000305,Sreenivas Laxman,9119265340,Kangti,2026-06-02,Home visit,Reached; promised follow-up,CHO,FAC019,E0000628,Medicine pickup
OUT0000705,OUP0000306,Rani Reddy,9338736959,Mogudampally,2026-04-25,Home visit,Reached; counselled,CHO,FAC022,E0000631,Medicine pickup
OUT0000706,OUP0000307,Anil Krishna,,Manoor,2026-07-29,Phone call,Reached; counselled,ASHA,FAC020,E0000634,General adherence
OUT0000707,OUP0000307,Anil Krishna,9011582924,Manoor,2026-08-12,Phone call,Patient unavailable,ASHA,FAC020,E0000634,Test completion
OUT0000708,OUP0000307,Anil Krishna,9011582924,Manoor,2026-08-19,Phone call,Family member reached,ASHA,FAC020,E0000634,Medicine pickup
OUT0000709,OUP0000308,Nirmala Chary,9660393952,Bangarigadda,2026-06-28,Village health day reminder,Phone switched off,CHO,FAC013,E0000635,Review visit
OUT0000710,OUP0000309,Vinod Basha,9529414856,Zaheerabad,2026-05-21,Phone call,Phone switched off,ASHA,FAC023,E0000636,Review visit
OUT0000711,OUP0000309,Vinod Basha,9529414856,Zaheerabad,2026-05-30,WhatsApp/SMS,Reached; counselled,CHO,FAC023,E0000636,Medicine pickup
OUT0000712,OUP0000310,Mohan Devi,9370919008,MANGALAPALLY,2026-06-23,Village health day reminder,Reached; promised follow-up,ASHA,FAC016,E0000637,Test completion
OUT0000713,OUP0000310,Mohan Devi,9370919008,Mangalapally,2026-06-19,Phone call,No answer,ASHA,FAC016,E0000637,Review visit
OUT0000714,OUP0000310,Mohan Devi,9370919008,Mangalapally,2026-06-16,Home visit,Reached; promised follow-up,ASHA,FAC016,E0000637,Medicine pickup
OUT0000715,OUP0000311,Santosh Naik,,Patancheru,2026-05-26,Phone call,Reached; promised follow-up,ASHA,FAC026,E0000638,Medicine pickup
OUT0000716,OUP0000311,Santosh Naik,9206319456,Patancheru,2026-06-04,WhatsApp/SMS,Family member reached,CHO,FAC026,E0000638,Medicine pickup
OUT0000717,OUP0000312,Shankar Jangam,9919377859,Mogudampall,2026-07-24,Home visit,Patient unavailable,CHO,FAC022,E0000640,Medicine pickup
OUT0000718,OUP0000312,Shankar Jangam,9918377859,Mogudampally,2026-07-20,Phone call,Family member reached,CHO,FAC022,E0000640,Medicine pickup
OUT0000719,OUP0000313,Kiran Shekar,9414748619,Nermata,2026-05-30,Phone call,No answer,ASHA,FAC014,E0000641,General adherence
OUT0000720,OUP0000313,Kiran Shekar,+91-94147-48619,Nermata,2026-05-28,Home visit,Reached; promised follow-up,ASHA,FAC014,E0000641,Review visit
OUT0000721,OUP0000313,Kiran Shekar,+91-94147-48619,Nermata,2026-06-30,Phone call,Wrong number,ASHA,FAC015,E0000642,Medicine pickup
OUT0000722,OUP0000313,Kiran Shekar,9414748619,Nermata,2026-06-26,Phone call,Reached; counselled,ASHA,FAC015,E0000642,Review visit
OUT0000723,OUP0000314,Anil Mallaiah,9063729898,Kangti,2026-02-10,Home visit,Reached; promised follow-up,CHO,FAC021,E0000643,Medicine pickup
OUT0000724,OUP0000315,Anitha Goud,9280079400,Bodajanampet,2026-01-19,Village health day reminder,Wrong number,ASHA,FAC004,E0000645,Medicine pickup
OUT0000725,OUP0000315,Anitha Goud,9280079400,BODAJANAMPET,2026-01-16,WhatsApp/SMS,No answer,ASHA,FAC004,E0000645,Review visit
OUT0000726,OUP0000316,Divya Goud,9836268690,MARRUR,2026-01-15,Phone call,Wrong number,CHO,FAC018,E0000646,Test completion
OUT0000727,OUP0000316,Divya Goud,9836268690,Marrur,2026-01-09,Phone call,Family member reached,CHO,FAC018,E0000646,Medicine pickup
OUT0000728,OUP0000317,Laksmi Laxman,9042914348,Ameenpur,2026-05-06,Phone call,Family member reached,CHO,FAC025,E0000647,Test completion
OUT0000729,OUP0000317,Lakshmi Laxman,+91-90429-14348,Ameenpur,2026-05-26,Home visit,Reached; counselled,CHO,FAC025,E0000647,Test completion
OUT0000730,OUP0000318,Bhavani Das,9835170211,Gangapur,2026-04-22,Phone call,Reached; counselled,CHO,FAC001,E0000651,Test completion
OUT0000731,OUP0000318,Bhavani Das,9835170211,Gangapur,2026-05-12,Phone call,Reached; promised follow-up,ASHA,FAC001,E0000651,Medicine pickup
OUT0000732,OUP0000318,Bhavani Das,9035170211,Gangapur,2026-05-16,Phone call,Reached; counselled,ASHA,FAC001,E0000651,Test completion
OUT0000733,OUP0000318,Bhawani Das,9835170211,Gangapur,2026-07-27,Phone call,Reached; counselled,CHO,FAC001,E0000652,Medicine pickup
OUT0000734,OUP0000318,Bhavani Das,9835170211,Gangapur,2026-07-30,Home visit,Family member reached,CHO,FAC001,E0000652,Review visit
OUT0000735,OUP0000318,Bhavani Das,9835170211,Gangapur,2026-08-13,Home visit,Reached; promised follow-up,ASHA,FAC001,E0000652,General adherence
OUT0000736,OUP0000319,Bhavanee Khan,9884900585,Balanagar,2026-07-29,Phone call,Wrong number,CHO,FAC004,E0000653,Medicine pickup
OUT0000737,OUP0000319,Bhavani Khan,9884900585,Balanagar,2026-08-05,Phone call,Family member reached,CHO,FAC004,E0000653,Review visit
OUT0000738,OUP0000319,Bhavani Khan,9887900585,Balanagar,2026-08-11,Phone call,Reached; counselled,ASHA,FAC004,E0000653,Review visit
OUT0000739,OUP0000320,Venkatesh Laxman,9637666199,Jharasangam,2026-03-16,Phone call,Family member reached,CHO,FAC023,E0000654,Test completion
OUT0000740,OUP0000320,wenkatesh Laxman,9637666199,Jharasangam,2026-03-11,Home visit,Reached; promised follow-up,ASHA,FAC023,E0000654,Medicine pickup
OUT0000741,OUP0000321,Ravi Narsimha,9966165466,Narayankhed,2026-01-18,WhatsApp/SMS,Phone switched off,CHO,FAC020,E0000658,Review visit
OUT0000742,OUP0000322,Suresh Narsimha,+91-95120-60880,Balanagar,2026-06-13,Home visit,Reached; promised follow-up,ASHA,FAC006,E0000660,Review visit
OUT0000743,OUP0000323,Srilatha Krishna,9148366789,Kummarikunta,2026-03-02,Phone call,Patient unavailable,ASHA,FAC014,E0000663,General adherence
OUT0000744,OUP0000323,Srilata Krishna,9148366789,KUMMARIKUNTA,2026-02-25,Village health day reminder,Reached; promised follow-up,CHO,FAC014,E0000663,Test completion
OUT0000745,OUP0000323,Srilatha Krishna,9148366719,Kummarikunta,2026-03-06,Phone call,Reached; counselled,CHO,FAC014,E0000663,General adherence
OUT0000746,OUP0000323,Srilatha Krishna,9148366789,Kummarikunta,2026-04-11,Phone call,Family member reached,CHO,FAC014,E0000664,Test completion
OUT0000747,OUP0000323,Srilatha Krishna,9148366789,Kummarikunta,2026-04-09,Phone call,Family member reached,CHO,FAC014,E0000664,Medicine pickup
OUT0000748,OUP0000324,Saee Begum,9382600541,Nomula,2026-05-04,Phone call,Wrong number,ASHA,FAC016,E0000666,General adherence
OUT0000749,OUP0000324,Sai Begum,9382600541,Nomula,2026-05-20,WhatsApp/SMS,Phone switched off,CHO,FAC016,E0000666,Review visit
OUT0000750,OUP0000325,Rajesh Laxman,9442681638,Bhanur,2026-05-14,Phone call,Reached; promised follow-up,ASHA,FAC025,E0000669,Review visit
OUT0000751,OUP0000326,Bhavani Narsimha,,Manoor,2026-07-26,Phone call,Phone switched off,CHO,FAC020,E0000672,Test completion
OUT0000752,OUP0000326,Bhavani,9934077959,Manoor,2026-07-29,Village health day reminder,Reached; promised follow-up,CHO,FAC020,E0000672,Review visit
OUT0000753,OUP0000327,Nirmala Reddy,9833169154,Mogudampally,2026-05-15,Village health day reminder,Reached; counselled,ASHA,FAC023,E0000673,Review visit
OUT0000754,OUP0000328,Nirmala Reddy,9948110567,VEMULA,2026-02-17,Phone call,Wrong number,CHO,FAC007,E0000676,General adherence
OUT0000755,OUP0000329,Mounika Chary,,Marrur,2026-04-16,Phone call,Phone switched off,ASHA,FAC016,E0000677,Test completion
OUT0000756,OUP0000330,Rajesh Mallaiah,9177273611,Vemula,2026-07-20,Phone call,Reached; promised follow-up,CHO,FAC008,E0000681,Review visit
OUT0000757,OUP0000331,Swathi Naik,9459812051,Macharam,2026-05-23,Phone call,Reached; counselled,CHO,FAC002,E0000682,Review visit
OUT0000758,OUP0000331,Swathi Naik,9459812051,Macharam,2026-06-06,Home visit,Reached; counselled,CHO,FAC002,E0000682,Test completion
OUT0000759,OUP0000332,Lalitha Yadav,9842354324,Velpula,2026-01-09,Phone call,Phone switched off,CHO,FAC008,E0000683,Review visit
OUT0000760,OUP0000332,Lalitha Yadav,+91-98423-54324,Velpula,2026-01-13,Phone call,Wrong number,ASHA,FAC008,E0000683,Medicine pickup
OUT0000761,OUP0000332,Lalita Yadav,9842354324,Velpula,2026-05-06,Home visit,Reached; promised follow-up,ASHA,FAC009,E0000684,Review visit
OUT0000762,OUP0000333,Santosh Devi,9010177270,Indresham,2026-03-08,Home visit,Reached; promised follow-up,ASHA,FAC027,E0000686,Medicine pickup
OUT0000763,OUP0000333,Sntosh Devi,9010177270,Indresham,2026-03-13,Phone call,No answer,CHO,FAC027,E0000686,Medicine pickup
OUT0000764,OUP0000333,Santosh Devi,9010177270,Indresham,2026-06-16,WhatsApp/SMS,Patient unavailable,CHO,FAC027,E0000687,Review visit
OUT0000765,OUP0000333,Santosh Devi,9010177270,Indresham,2026-06-19,Phone call,Family member reached,ASHA,FAC027,E0000687,Test completion
OUT0000766,OUP0000334,Raju Shekar,,Nomula,2026-03-30,Phone call,Reached; promised follow-up,ASHA,FAC017,E0000689,General adherence
OUT0000767,OUP0000335,Renuka Chary,9952936195,POLEPALLY,2026-04-23,Home visit,Phone switched off,CHO,FAC001,E0000690,Medicine pickup
OUT0000768,OUP0000336,Sushma Kumar,9017535060,Gundlapalli,2026-04-04,Phone call,Family member reached,CHO,FAC012,E0000692,Test completion
OUT0000769,OUP0000337,Mounika Das,9252131756,Jharasangam,2026-04-17,Phone call,Family member reached,ASHA,FAC022,E0000693,Test completion
OUT0000770,OUP0000337,Mounika Das,9252131756,Jharasangam,2026-04-26,Home visit,Wrong number,CHO,FAC022,E0000693,Review visit
OUT0000771,OUP0000338,Anjali Naik,9090980679,Nomula,2026-06-30,Phone call,Family member reached,ASHA,FAC016,E0000695,General adherence
OUT0000772,OUP0000339,Rani Laxman,,Vemula,2026-02-02,Home visit,Phone switched off,ASHA,FAC008,E0000696,Medicine pickup
OUT0000773,OUP0000339,Rani Laxman,9183860471,Vemula,2026-02-01,Village health day reminder,Family member reached,CHO,FAC008,E0000696,Review visit
OUT0000774,OUP0000340,Swathi Khan,+91-99547-88882,Gangapur,2026-03-22,Phone call,Family member reached,CHO,FAC003,E0000698,Medicine pickup
OUT0000775,OUP0000340,Swathi Khan,9954788882,Gangapur,2026-06-07,Phone call,No answer,ASHA,FAC001,E0000699,Test completion
OUT0000776,OUP0000340,Swathi Khan,9954788832,Gangapur,2026-05-29,Phone call,Patient unavailable,ASHA,FAC001,E0000699,Medicine pickup
OUT0000777,OUP0000341,Rajesh Kumar,9219892019,Kohir,2026-04-04,Home visit,Reached; counselled,ASHA,FAC024,E0000700,Test completion
OUT0000778,OUP0000341,Rjesh Kumar,9219892019,Kohir,2026-04-05,Village health day reminder,Phone switched off,CHO,FAC024,E0000700,Review visit
OUT0000779,OUP0000342,Santosh Goud,9539205170,Kondamallepally,2026-07-23,Home visit,Patient unavailable,CHO,FAC010,E0000702,Review visit
OUT0000780,OUP0000342,Santosh Goud,9539205170,Kondamallepally,2026-08-10,Phone call,Reached; counselled,ASHA,FAC010,E0000702,Review visit
OUT0000781,OUP0000343,Praveen Goud,9251948994,MIDJIL,2026-03-12,Phone call,Reached; counselled,CHO,FAC007,E0000703,Review visit
OUT0000782,OUP0000344,Mahesh Basha,9950994604,Macharam,2026-01-17,Home visit,Reached; promised follow-up,ASHA,FAC003,E0000704,Test completion
OUT0000783,OUP0000344,Mahesh Basha,9950994604,Macharam,2026-01-27,Phone call,Phone switched off,ASHA,FAC003,E0000704,Test completion
OUT0000784,OUP0000344,Mahesh Basha,+91-99509-94604,Macharam,2026-07-29,Phone call,No answer,CHO,FAC001,E0000705,General adherence
OUT0000785,OUP0000344,Mahesh Basha,9950994604,Macharam,2026-07-27,Phone call,No answer,CHO,FAC001,E0000705,Test completion
OUT0000786,OUP0000344,Mahesh Basha,+91-99509-94604,Macharam,2026-08-03,Phone call,Phone switched off,ASHA,FAC001,E0000705,Review visit
OUT0000787,OUP0000345,Anjali Laxman,9078365034,Bhanur,2026-05-22,Phone call,Family member reached,CHO,FAC025,E0000707,Test completion
OUT0000788,OUP0000345,Anjali Laxman,9078365034,Bhanur,2026-05-15,Home visit,Reached; counselled,CHO,FAC025,E0000707,General adherence
OUT0000789,OUP0000345,Anjali Laxman,9078365034,Bhanur,2026-05-23,Village health day reminder,Family member reached,CHO,FAC025,E0000707,General adherence
OUT0000790,OUP0000346,Naveen Chary,,CHANDUR,2026-02-26,Phone call,Reached; counselled,CHO,FAC014,E0000708,Test completion
OUT0000791,OUP0000347,Sai Narsimha,9569012001,Nomula,2026-06-07,Home visit,Reached; promised follow-up,ASHA,FAC017,E0000710,General adherence
OUT0000792,OUP0000347,Sai Narsimha,9569012001,Nomula,2026-06-05,Phone call,Reached; counselled,ASHA,FAC017,E0000710,Test completion
OUT0000793,OUP0000347,Sai Narsimha,9569012001,Nomula,2026-05-24,Phone call,Family member reached,CHO,FAC017,E0000710,Review visit
OUT0000794,OUP0000348,Raghav Chary,9835447077,Indresham,2026-03-29,Village health day reminder,Wrong number,ASHA,FAC027,E0000711,Medicine pickup
OUT0000795,OUP0000349,Ramesh Yadav,9253441315,Kalhe,2026-01-23,WhatsApp/SMS,Reached; promised follow-up,CHO,FAC021,E0000712,Review visit
OUT0000796,OUP0000350,Praveen Laxman,9816315364,Midjil,2026-03-09,WhatsApp/SMS,Family member reached,ASHA,FAC008,E0000713,Test completion
OUT0000797,OUP0000351,Suresh Chary,9187048205,Bangarigadda,2026-03-27,Phone call,No answer,ASHA,FAC013,E0000715,General adherence
OUT0000798,OUP0000351,Suresh Chary,+91-91870-48205,Bangarigadda,2026-03-22,Phone call,Phone switched off,CHO,FAC013,E0000715,Test completion
OUT0000799,OUP0000352,Divya Reddy,9051085952,Jharasangam,2026-07-03,WhatsApp/SMS,Reached; promised follow-up,CHO,FAC023,E0000716,Review visit
OUT0000800,OUP0000352,Divya Reddy,9051085952,Jharasangam,2026-07-18,Home visit,Reached; counselled,ASHA,FAC024,E0000717,Review visit
OUT0000801,OUP0000352,Divya Reddy,9051085952,Jharasangam,2026-07-20,Phone call,Phone switched off,CHO,FAC024,E0000717,General adherence
OUT0000802,OUP0000353,Vinod Begum,9860083392,Devarakonda,2026-07-02,Phone call,Phone switched off,CHO,FAC012,E0000719,Medicine pickup
OUT0000803,OUP0000354,Bhavani Narsimha,9473200447,Gangapur,2026-03-12,Phone call,Reached; counselled,ASHA,FAC003,E0000720,General adherence
OUT0000804,OUP0000354,Bhawani Narsimha,9473200447,Gangapur,2026-03-17,Phone call,Family member reached,CHO,FAC003,E0000720,Medicine pickup
OUT0000805,OUP0000354,Bhavani Narsimha,9473200447,Gangapur,2026-09-04,WhatsApp/SMS,Reached; counselled,ASHA,FAC003,E0000721,General adherence
OUT0000806,OUP0000354,Bhavani Narsimha,9473200447,Gangapur,2026-08-22,Phone call,Reached; counselled,ASHA,FAC003,E0000721,Review visit
OUT0000807,OUP0000355,Lakshmi Krishna,,Patancheru,2026-01-08,Phone call,No answer,CHO,FAC027,E0000723,Test completion
OUT0000808,OUP0000355,Lakshmi Krishna,9728894311,Patancheru,2026-01-14,Phone call,Reached; promised follow-up,CHO,FAC027,E0000723,Review visit
OUT0000809,OUP0000356,Swathee Jangam,+91-90332-11467,Marrur,2026-02-09,Phone call,Patient unavailable,CHO,FAC018,E0000725,General adherence
OUT0000810,OUP0000356,Swathi Jangam,9033211467,Marrur,2026-02-12,Phone call,Family member reached,ASHA,FAC018,E0000725,Medicine pickup
OUT0000811,OUP0000357,Deepika Patel,9334042762,Bhanur,2026-05-12,Home visit,Patient unavailable,CHO,FAC025,E0000726,General adherence
OUT0000812,OUP0000357,Deepika Patel,9334042762,Bhanur,2026-05-03,Village health day reminder,Family member reached,CHO,FAC025,E0000726,Test completion
OUT0000813,OUP0000357,Deepika Patel,9334042762,Bhanu,2026-05-16,Phone call,Reached; promised follow-up,ASHA,FAC025,E0000726,Test completion
OUT0000814,OUP0000358,Swthi Narsimha,9862339484,Nakrekal,2026-04-19,Village health day reminder,Phone switched off,ASHA,FAC017,E0000727,Medicine pickup
OUT0000815,OUP0000358,Swathi Narsimha,+91-98623-39484,Nakrekal,2026-04-04,Home visit,Reached; counselled,CHO,FAC017,E0000727,Test completion
OUT0000816,OUP0000358,Swathi Narsimha,9862339484,Nakrekal,2026-04-13,Phone call,Wrong number,ASHA,FAC017,E0000727,Medicine pickup
OUT0000817,OUP0000359,Rani Chary,9890261674,Bhanur,2026-07-14,Village health day reminder,Family member reached,CHO,FAC025,E0000728,Medicine pickup
OUT0000818,OUP0000359,Rni Chary,9890261674,Bhanur,2026-07-16,WhatsApp/SMS,No answer,ASHA,FAC025,E0000728,Medicine pickup
OUT0000819,OUP0000360,Shobha Mudiraj,9743379280,Bangarigadda,2026-04-30,Phone call,Reached; counselled,CHO,FAC015,E0000731,Medicine pickup
OUT0000820,OUP0000360,sobha Mudiraj,9743339280,Bangarigadda,2026-05-13,Phone call,Reached; counselled,CHO,FAC015,E0000731,Test completion
OUT0000821,OUP0000361,Kiran Naik,9361612446,POLEPALLY,2026-01-18,Home visit,No answer,ASHA,FAC002,E0000732,Medicine pickup
OUT0000822,OUP0000362,Ravi Reddy,9057084259,Bodajanampet,2026-05-31,Home visit,Patient unavailable,ASHA,FAC004,E0000733,Medicine pickup
OUT0000823,OUP0000363,Naresh Das,+91-94431-53181,Kallepally,2026-01-27,Phone call,Reached; counselled,ASHA,FAC005,E0000734,General adherence
OUT0000824,OUP0000363,Naresh Das,,Kallepally,2026-02-02,Home visit,Reached; counselled,CHO,FAC005,E0000734,General adherence
OUT0000825,OUP0000363,Naresh Das,9443153181,Kallepally,2026-02-08,Phone call,No answer,CHO,FAC005,E0000734,Review visit
OUT0000826,OUP0000364,Rajesh Yadav,9751581636,Chandur,2026-01-15,WhatsApp/SMS,Reached; counselled,ASHA,FAC013,E0000736,Test completion
OUT0000827,OUP0000365,Deepika Shekar,9369807752,Manoor,2026-06-05,Phone call,Family member reached,ASHA,FAC021,E0000738,General adherence
OUT0000828,OUP0000365,Deepika Shekar,9369807752,Manoo,2026-05-22,Home visit,Reached; promised follow-up,CHO,FAC021,E0000738,Medicine pickup
OUT0000829,OUP0000365,Deepika Shekar,9369807752,Manoor,2026-06-02,Village health day reminder,Patient unavailable,CHO,FAC021,E0000738,Test completion
OUT0000830,OUP0000365,Deepika Shekar,9369807752,Manoor,2026-06-29,Village health day reminder,Reached; counselled,CHO,FAC020,E0000739,Test completion
OUT0000831,OUP0000365,Deepika Shekar,9369807752,Manoor,2026-07-14,Phone call,Reached; counselled,CHO,FAC020,E0000739,General adherence
OUT0000832,OUP0000366,Padma Krishna,9999000161,Nakreka,2026-02-21,Phone call,Reached; promised follow-up,CHO,FAC018,E0000740,Review visit
OUT0000833,OUP0000367,Lakshmi Begum,9593860965,Narayankhed,2026-07-20,WhatsApp/SMS,Patient unavailable,ASHA,FAC021,E0000741,Test completion
OUT0000834,OUP0000367,Lakshmee Begum,+91-95938-60965,Narayankhed,2026-07-23,Village health day reminder,Reached; counselled,ASHA,FAC021,E0000741,General adherence
OUT0000835,OUP0000368,Raju Krishna,9361373635,Rajapur,2026-07-05,Village health day reminder,Reached; promised follow-up,ASHA,FAC005,E0000742,General adherence
OUT0000836,OUP0000368,Raju Krishna,9361373635,Rajapur,2026-07-21,Phone call,Phone switched off,ASHA,FAC005,E0000742,General adherence
OUT0000837,OUP0000369,Arun Jangam,9409864316,Balanagar,2026-04-29,Village health day reminder,Reached; promised follow-up,CHO,FAC004,E0000744,Medicine pickup
OUT0000838,OUP0000369,Arun Jangam,9409864316,Balanagar,2026-05-14,WhatsApp/SMS,Reached; counselled,CHO,FAC004,E0000744,General adherence
OUT0000839,OUP0000370,Shankar Narsimha,9397491705,Kallepally,2026-04-14,Home visit,Reached; promised follow-up,ASHA,FAC005,E0000745,Test completion
OUT0000840,OUP0000370,Shankar Narsimha,9397491705,Kallepally,2026-04-26,WhatsApp/SMS,Reached; counselled,ASHA,FAC005,E0000745,Medicine pickup
OUT0000841,OUP0000370,sankar Narsimha,9397491705,Kallepally,2026-05-08,Phone call,Family member reached,CHO,FAC005,E0000745,Medicine pickup
OUT0000842,OUP0000371,Nirmala Patel,9463696738,Ameenpur,2026-04-16,WhatsApp/SMS,Wrong number,CHO,FAC027,E0000747,Review visit
OUT0000843,OUP0000371,Nirmala Patel,,Ameenpur,2026-04-29,Home visit,Reached; counselled,ASHA,FAC027,E0000747,Test completion
OUT0000844,OUP0000371,Nirmala Patel,9463696738,Ameenpur,2026-04-21,Phone call,Phone switched off,ASHA,FAC027,E0000747,General adherence
OUT0000845,OUP0000372,Shankar,9261304675,Nermata,2026-02-03,Phone call,Reached; promised follow-up,ASHA,FAC015,E0000750,Medicine pickup
OUT0000846,OUP0000372,Shankar Jangam,9261304675,Nermata,2026-03-20,Phone call,Family member reached,ASHA,FAC015,E0000751,Review visit
OUT0000847,OUP0000373,Rajesh Khan,9790105766,Nakrekal,2026-06-09,Home visit,Family member reached,ASHA,FAC016,E0000753,Medicine pickup
OUT0000848,OUP0000373,Rajesh Khan,,NAKREKAL,2026-06-25,Home visit,Family member reached,CHO,FAC016,E0000753,Test completion
OUT0000849,OUP0000374,Kavitha Goud,9450578567,Kummarikunta,2026-01-10,Home visit,Patient unavailable,ASHA,FAC015,E0000755,General adherence
OUT0000850,OUP0000374,Kavitha Goud,9450578567,KUMMARIKUNTA,2026-01-23,Phone call,Reached; counselled,ASHA,FAC015,E0000755,Medicine pickup
OUT0000851,OUP0000374,Kavitha Goud,+91-94505-78567,Kummarikunt,2026-01-18,Phone call,No answer,ASHA,FAC015,E0000755,Review visit
OUT0000852,OUP0000375,Shobha Kumar,9160589954,Macharam,2026-02-25,Phone call,Patient unavailable,ASHA,FAC001,E0000756,Test completion
OUT0000853,OUP0000375,Shobh Kumar,9160589954,MACHARAM,2026-02-20,Village health day reminder,Phone switched off,ASHA,FAC001,E0000756,Medicine pickup
OUT0000854,OUP0000376,Shobha Narsimha,9993865775,Manoor,2026-04-03,Village health day reminder,Reached; counselled,CHO,FAC021,E0000760,General adherence
OUT0000855,OUP0000376,Shobh Narsimha,9993865775,Manoor,2026-04-18,Phone call,Wrong number,ASHA,FAC021,E0000760,Review visit
OUT0000856,OUP0000376,Shobha Narsimha,9993865775,MANOOR,2026-04-22,Phone call,No answer,ASHA,FAC021,E0000760,General adherence
OUT0000857,OUP0000377,Saritha Kumar,9236254252,Bodajanampet,2026-04-10,WhatsApp/SMS,Patient unavailable,CHO,FAC005,E0000761,Medicine pickup
OUT0000858,OUP0000377,Sareetha Kumar,9236254652,Bodajanampet,2026-05-01,WhatsApp/SMS,Wrong number,CHO,FAC005,E0000761,Test completion
OUT0000859,OUP0000378,Shankar Begum,9147721164,Narayankhed,2026-06-05,Home visit,Reached; counselled,CHO,FAC021,E0000762,Test completion
OUT0000860,OUP0000378,Shankar Begum,9147121164,Narayankhed,2026-06-02,Phone call,Family member reached,CHO,FAC021,E0000762,Medicine pickup
OUT0000861,OUP0000379,Praween Begum,9340869502,Vemula,2026-03-15,Phone call,Reached; counselled,ASHA,FAC009,E0000763,Review visit
OUT0000862,OUP0000380,Bhavani Khan,9603339343,Peddadinne,2026-01-31,Village health day reminder,Reached; counselled,ASHA,FAC012,E0000764,Medicine pickup
OUT0000863,OUP0000380,Bhavani Khan,9603339343,Peddadinne,2026-03-16,Phone call,Reached; counselled,ASHA,FAC010,E0000765,General adherence
OUT0000864,OUP0000380,Bhavani Khan,9603339343,Peddadinne,2026-04-08,Home visit,No answer,ASHA,FAC010,E0000765,Medicine pickup
OUT0000865,OUP0000381,Jyothi Mallaiah,9005726120,BODAJANAMPET,2026-06-17,Phone call,Reached; counselled,ASHA,FAC006,E0000766,Test completion
OUT0000866,OUP0000381,Jyothi,9005726120,Bodajanampet,2026-08-11,Village health day reminder,No answer,ASHA,FAC006,E0000767,Medicine pickup
OUT0000867,OUP0000381,Jyothi Mallaiah,9005726120,Bodajanampet,2026-08-15,Phone call,Reached; counselled,CHO,FAC006,E0000767,General adherence
OUT0000868,OUP0000382,Srilatha Das,9101456525,Manoor,2026-09-01,Phone call,Family member reached,ASHA,FAC020,E0000773,Review visit
OUT0000869,OUP0000383,Raghav Reddy,9622338879,Kummarikunta,2026-03-24,Phone call,No answer,ASHA,FAC015,E0000775,Review visit
OUT0000870,OUP0000384,Mounika Devi,9165828885,Jharasangam,2026-01-23,Phone call,Family member reached,CHO,FAC024,E0000776,Review visit
OUT0000871,OUP0000385,Nirmala Kumar,9103895841,Zaheerabad,2026-02-06,Village health day reminder,Reached; promised follow-up,ASHA,FAC024,E0000777,General adherence
OUT0000872,OUP0000385,Nirmala Kumar,9103895841,Zaheerabad,2026-02-08,Village health day reminder,Reached; promised follow-up,ASHA,FAC024,E0000777,Medicine pickup
OUT0000873,OUP0000386,Deepika Basha,9859717843,Badepalli,2026-01-13,Village health day reminder,Reached; counselled,ASHA,FAC003,E0000780,Test completion
OUT0000874,OUP0000387,Jyothi Narsimha,+91-90158-61899,Bhanur,2026-04-18,Phone call,Family member reached,CHO,FAC027,E0000784,Medicine pickup
OUT0000875,OUP0000388,Nirmala Basha,+91-97674-91998,Mogudampally,2026-05-19,WhatsApp/SMS,Reached; promised follow-up,CHO,FAC022,E0000785,Medicine pickup
OUT0000876,OUP0000388,Nirmala Basha,+91-97674-91998,Mogudampally,2026-05-14,Phone call,No answer,CHO,FAC022,E0000785,Review visit
OUT0000877,OUP0000389,Shankar,9305929544,Nermata,2026-01-31,WhatsApp/SMS,Phone switched off,CHO,FAC015,E0000788,Test completion
OUT0000878,OUP0000389,Shankar Shekar,9305929544,Nermata,2026-02-17,Village health day reminder,Family member reached,ASHA,FAC015,E0000788,Test completion
OUT0000879,OUP0000389,Shankar Shekar,9305929544,Nermata,2026-02-13,Phone call,Family member reached,ASHA,FAC015,E0000788,Review visit
OUT0000880,OUP0000389,Shankar Shekar,+91-93059-29544,Nermata,2026-04-13,WhatsApp/SMS,Reached; counselled,ASHA,FAC015,E0000789,Test completion
OUT0000881,OUP0000389,Shankar Shekar,9305929544,Nermata,2026-04-15,Phone call,Phone switched off,CHO,FAC015,E0000789,Review visit
OUT0000882,OUP0000390,Kiran Yadav,9676887667,Midjil,2026-03-26,Village health day reminder,Reached; counselled,ASHA,FAC009,E0000790,General adherence
OUT0000883,OUP0000390,Kiran Yadav,9676887667,Midjil,2026-04-03,Phone call,Reached; promised follow-up,CHO,FAC009,E0000790,Review visit
OUT0000884,OUP0000391,Praveen Mallaiah,9780921797,Devarakonda,2026-06-19,Home visit,Reached; promised follow-up,ASHA,FAC012,E0000791,Test completion
OUT0000885,OUP0000392,Raghav Narsimha,9483450938,Bodajanampet,2026-08-28,Phone call,No answer,ASHA,FAC004,E0000792,Test completion
OUT0000886,OUP0000392,Raghav Narsimha,9483450938,Bodajanampet,2026-08-30,WhatsApp/SMS,Family member reached,ASHA,FAC004,E0000792,General adherence
OUT0000887,OUP0000393,Naveen Das,9719699281,Indresham,2026-03-08,Home visit,Reached; promised follow-up,ASHA,FAC026,E0000793,Review visit
OUT0000888,OUP0000393,Naveen Das,9719699281,Indresham,2026-03-16,Home visit,Phone switched off,ASHA,FAC026,E0000793,Test completion
OUT0000889,OUP0000394,Venkatesh Laxman,9732935822,Polepally,2026-04-28,Phone call,Family member reached,ASHA,FAC002,E0000794,Test completion
OUT0000890,OUP0000394,Venkatesh Laxman,9732935822,Polepally,2026-04-15,Home visit,Wrong number,ASHA,FAC002,E0000794,General adherence
OUT0000891,OUP0000394,Venkatesh Laxman,9732935822,Polepally,2026-04-23,Phone call,Patient unavailable,CHO,FAC002,E0000794,Medicine pickup
OUT0000892,OUP0000395,Lalitha Das,9515576367,Polepally,2026-08-10,Village health day reminder,Phone switched off,CHO,FAC002,E0000795,Review visit
OUT0000893,OUP0000395,Lalitha Das,9515576367,Polepally,2026-08-03,Phone call,Reached; counselled,ASHA,FAC002,E0000795,General adherence
OUT0000894,OUP0000395,Lalitha,9515576367,Polepall,2026-08-11,Home visit,Family member reached,ASHA,FAC002,E0000795,General adherence
OUT0000895,OUP0000396,Shankar Naik,,Midjil,2026-05-11,Home visit,Family member reached,ASHA,FAC009,E0000797,General adherence
OUT0000896,OUP0000396,Shankar Naik,+91-92454-84906,Midjil,2026-05-05,Phone call,Wrong number,CHO,FAC009,E0000797,Medicine pickup
OUT0000897,OUP0000397,Raju,9560956317,Polepally,2026-07-06,Home visit,Phone switched off,CHO,FAC002,E0000801,Review visit
OUT0000898,OUP0000397,Raju Mallaiah,,Polepally,2026-07-07,Home visit,Reached; counselled,ASHA,FAC002,E0000801,General adherence
OUT0000899,OUP0000398,Naveen Reddy,9406010506,Ameenpur,2026-03-14,Phone call,Family member reached,ASHA,FAC025,E0000802,Test completion
OUT0000900,OUP0000398,Naveen Reddy,9406010506,Ameenpur,2026-03-26,Phone call,Wrong number,CHO,FAC025,E0000802,Test completion
OUT0000901,OUP0000399,Shankar Narsimha,9596432910,Polepally,2026-04-25,Village health day reminder,Wrong number,CHO,FAC001,E0000803,Review visit
OUT0000902,OUP0000399,Shankar Narsimha,,Polepalli,2026-05-01,Home visit,Phone switched off,CHO,FAC001,E0000803,Review visit
OUT0000903,OUP0000400,Anil Kumar,9250141189,Velpul,2026-07-14,Phone call,No answer,ASHA,FAC009,E0000806,Medicine pickup
OUT0000904,OUP0000401,Kiran Mallaiah,9727321799,Gangapur,2026-07-17,WhatsApp/SMS,Patient unavailable,CHO,FAC002,E0000807,General adherence
OUT0000905,OUP0000401,Kiran Mallaiah,9727321799,Gangapur,2026-08-04,WhatsApp/SMS,Reached; promised follow-up,CHO,FAC002,E0000807,Medicine pickup
OUT0000906,OUP0000402,Sai Patel,9134818785,Macharam,2026-07-09,Phone call,Family member reached,ASHA,FAC002,E0000809,Review visit
OUT0000907,OUP0000403,Swathi Jangam,9868262916,Zaheerabad,2026-05-07,Home visit,Reached; counselled,CHO,FAC022,E0000810,Medicine pickup
OUT0000908,OUP0000403,Swathi Jangam,9868262916,ZAHEERABAD,2026-05-08,Phone call,Family member reached,ASHA,FAC022,E0000810,Medicine pickup
OUT0000909,OUP0000404,Rajesh Goud,9104589468,Gundlapally,2026-04-05,Home visit,Family member reached,ASHA,FAC012,E0000811,General adherence
OUT0000910,OUP0000404,Rajesh Goud,,GUNDLAPALLY,2026-03-24,Village health day reminder,Reached; promised follow-up,ASHA,FAC012,E0000811,Review visit
OUT0000911,OUP0000404,Rajesh Goud,9104589468,Gundlapally,2026-03-26,Home visit,Reached; promised follow-up,CHO,FAC012,E0000811,Review visit
OUT0000912,OUP0000405,Sai Khan,9034478864,Devarakonda,2026-07-05,Phone call,Family member reached,ASHA,FAC011,E0000812,Medicine pickup
OUT0000913,OUP0000405,Sai Khan,9034478864,Devarakonda,2026-07-31,Home visit,Family member reached,CHO,FAC011,E0000813,Review visit
OUT0000914,OUP0000405,Sai Khan,9034478864,Devarakonda,2026-08-10,WhatsApp/SMS,No answer,CHO,FAC011,E0000813,General adherence
OUT0000915,OUP0000405,Sai Khan,9034478864,Devarakond,2026-08-10,Home visit,Patient unavailable,ASHA,FAC011,E0000813,Medicine pickup
OUT0000916,OUP0000406,Anjali Shekar,9197403351,Bangarigadda,2026-07-01,Phone call,Reached; counselled,CHO,FAC014,E0000815,Medicine pickup
OUT0000917,OUP0000407,Kiran Devi,9439564699,Kalher,2026-01-19,Village health day reminder,Reached; promised follow-up,CHO,FAC020,E0000816,Test completion
OUT0000918,OUP0000407,Kiran Devi,9439564699,Kalher,2026-01-31,WhatsApp/SMS,Family member reached,CHO,FAC020,E0000816,Medicine pickup
OUT0000919,OUP0000408,Mahesh Rao,9037507024,MANGALAPALLY,2026-02-27,WhatsApp/SMS,Reached; promised follow-up,CHO,FAC017,E0000818,Medicine pickup
OUT0000920,OUP0000408,Mahesh Rao,,Mangalapally,2026-03-13,WhatsApp/SMS,Wrong number,CHO,FAC017,E0000818,Medicine pickup
OUT0000921,OUP0000409,Ravi Reddy,9412856830,Nomula,2026-05-19,Phone call,Family member reached,ASHA,FAC018,E0000820,Medicine pickup
OUT0000922,OUP0000409,Rawi Reddy,9412856830,Nomula,2026-05-08,Village health day reminder,Family member reached,CHO,FAC018,E0000820,Medicine pickup
OUT0000923,OUP0000410,Anil Shekar,9950814139,NARAYANKHED,2026-05-07,Home visit,Reached; counselled,ASHA,FAC020,E0000822,Review visit
OUT0000924,OUP0000411,Arun Chary,9023644796,Marrur,2026-02-19,Phone call,Reached; counselled,CHO,FAC016,E0000825,Test completion
OUT0000925,OUP0000411,Arun Chary,9023644796,Marrur,2026-02-24,WhatsApp/SMS,Reached; counselled,ASHA,FAC016,E0000825,Test completion
OUT0000926,OUP0000412,Arun Reddy,9915055619,Nomula,2026-04-04,WhatsApp/SMS,Family member reached,CHO,FAC016,E0000827,Medicine pickup
OUT0000927,OUP0000412,Arun Reddy,+91-99150-55619,Nomula,2026-04-17,Phone call,Family member reached,CHO,FAC018,E0000828,Medicine pickup
OUT0000928,OUP0000412,Arun Reddy,9915055619,Nomula,2026-07-08,Phone call,No answer,ASHA,FAC017,E0000829,General adherence
OUT0000929,OUP0000413,Mahesh Reddy,9013911619,Macharam,2026-02-24,Village health day reminder,Phone switched off,CHO,FAC001,E0000830,Test completion
OUT0000930,OUP0000414,Raju Rao,+91-94458-89430,Velpula,2026-04-08,Home visit,Reached; counselled,ASHA,FAC008,E0000832,Medicine pickup
OUT0000931,OUP0000415,Kiran Mallaiah,9514587143,Patancheru,2026-01-22,Phone call,Reached; counselled,CHO,FAC026,E0000836,Review visit
OUT0000932,OUP0000416,Mahesh Naik,9454779715,Patancher,2026-05-30,Phone call,Family member reached,ASHA,FAC027,E0000837,General adherence
OUT0000933,OUP0000416,Mahesh Naik,9454779715,Patancheru,2026-06-10,Phone call,Family member reached,CHO,FAC027,E0000837,Test completion
OUT0000934,OUP0000416,Mahesh Naik,9454779715,Patancheru,2026-06-14,Home visit,Reached; promised follow-up,ASHA,FAC027,E0000837,Medicine pickup
OUT0000935,OUP0000416,Mahesh Naik,,Patancheru,2026-07-14,Phone call,Reached; promised follow-up,ASHA,FAC026,E0000838,Medicine pickup
OUT0000936,OUP0000416,Mahesh Naik,,Patancheru,2026-07-15,Phone call,No answer,ASHA,FAC026,E0000838,General adherence
OUT0000937,OUP0000417,Shankar Begum,9050412217,Jharasangam,2026-08-04,WhatsApp/SMS,Reached; counselled,ASHA,FAC022,E0000839,Test completion
OUT0000938,OUP0000417,Shankar Begum,9050412217,Jharasangam,2026-08-13,Phone call,Reached; promised follow-up,CHO,FAC022,E0000839,Medicine pickup
OUT0000939,OUP0000418,Lalitha,9549613170,Gangapur,2026-02-01,Phone call,Reached; promised follow-up,ASHA,FAC002,E0000840,Test completion
OUT0000940,OUP0000419,Divya Mallaiah,9467797866,BHANUR,2026-04-17,Home visit,Patient unavailable,CHO,FAC025,E0000841,Medicine pickup
OUT0000941,OUP0000419,Divya Mallaiah,9467797866,Bhanur,2026-04-23,Phone call,Reached; counselled,CHO,FAC025,E0000841,General adherence
OUT0000942,OUP0000419,Divya Mallaiah,9467797866,Bhanur,2026-04-23,Phone call,Patient unavailable,ASHA,FAC025,E0000841,Test completion
OUT0000943,OUP0000420,Vinod Narsimha,9359667147,Marrur,2026-05-01,Village health day reminder,Reached; promised follow-up,ASHA,FAC016,E0000842,Review visit
OUT0000944,OUP0000420,Vinod Narsimha,9359667147,Marrur,2026-05-06,Phone call,Reached; counselled,ASHA,FAC016,E0000842,Medicine pickup
OUT0000945,OUP0000420,Vinod Narsimha,9359667147,Marrur,2026-04-23,Home visit,No answer,CHO,FAC016,E0000842,General adherence
OUT0000946,OUP0000421,Srilatha Das,9107154143,Vemula,2026-07-15,Phone call,Wrong number,ASHA,FAC009,E0000844,Test completion
OUT0000947,OUP0000422,Aneetha Jangam,9252789406,Kohir,2026-04-15,WhatsApp/SMS,Reached; counselled,ASHA,FAC023,E0000846,Medicine pickup
OUT0000948,OUP0000422,Anitha Jangam,9252789606,Kohir,2026-04-18,Village health day reminder,Patient unavailable,CHO,FAC023,E0000846,General adherence
OUT0000949,OUP0000422,Anitha Jangam,9252789606,Kohir,2026-04-30,WhatsApp/SMS,Reached; counselled,CHO,FAC023,E0000846,General adherence
OUT0000950,OUP0000423,Harika Naik,9266554482,Velpula,2026-01-09,Phone call,Patient unavailable,ASHA,FAC007,E0000849,Test completion
OUT0000951,OUP0000423,Harika Naik,9266554482,VELPULA,2026-01-07,Phone call,Phone switched off,CHO,FAC007,E0000849,General adherence
OUT0000952,OUP0000423,Harika Naik,9266554482,Velpula,2026-01-17,Home visit,Reached; counselled,ASHA,FAC007,E0000849,Test completion
OUT0000953,OUP0000424,Bhavani Rao,9854008216,Narayankhed,2026-08-07,Phone call,No answer,ASHA,FAC021,E0000851,Review visit
OUT0000954,OUP0000425,Raghav Basha,9204429656,Velpula,2026-06-07,Phone call,Wrong number,CHO,FAC007,E0000852,Medicine pickup
OUT0000955,OUP0000425,Raghav Basha,9204429656,Velpula,2026-06-16,WhatsApp/SMS,No answer,ASHA,FAC007,E0000852,Medicine pickup
OUT0000956,OUP0000426,Praveen Rao,9311144660,Rajapur,2026-03-03,Phone call,Wrong number,ASHA,FAC005,E0000854,General adherence
OUT0000957,OUP0000426,Praveen Rao,,Rajapur,2026-02-28,Phone call,Reached; promised follow-up,CHO,FAC005,E0000854,Review visit
OUT0000958,OUP0000427,Rani Reddy,,Balanagar,2026-08-07,Home visit,No answer,CHO,FAC005,E0000855,Test completion
OUT0000959,OUP0000428,Sushma Naik,9498545504,Gangapur,2026-01-24,Phone call,Patient unavailable,ASHA,FAC002,E0000856,Review visit
OUT0000960,OUP0000429,Jyothi Begum,9341332911,Devarakonda,2026-02-09,Home visit,Reached; counselled,CHO,FAC012,E0000857,Test completion
OUT0000961,OUP0000429,Jyothi Begum,9311332911,Devarakonda,2026-02-03,Village health day reminder,Family member reached,CHO,FAC012,E0000857,Medicine pickup
OUT0000962,OUP0000429,Jyothi Begum,9341332911,Devarakonda,2026-02-01,Home visit,Patient unavailable,ASHA,FAC012,E0000857,Test completion
OUT0000963,OUP0000430,Naveen Khan,9266469953,Zaheerabad,2026-03-10,Home visit,Phone switched off,ASHA,FAC022,E0000858,Medicine pickup
OUT0000964,OUP0000430,Naveen Khan,9266469953,Zaheerabad,2026-03-23,Home visit,Wrong number,CHO,FAC022,E0000858,Medicine pickup
OUT0000965,OUP0000431,Praveen Narsimha,,Marru,2026-03-12,Phone call,Reached; promised follow-up,ASHA,FAC016,E0000859,Review visit
OUT0000966,OUP0000432,Nirmala Basha,9844477537,Nermata,2026-07-25,Phone call,Reached; counselled,CHO,FAC015,E0000861,Review visit
OUT0000967,OUP0000432,Nirmala Basha,9844477537,Nermata,2026-08-14,Phone call,Phone switched off,ASHA,FAC015,E0000861,Medicine pickup
OUT0000968,OUP0000432,Nirmala Basa,,Nermata,2026-08-15,Home visit,Wrong number,ASHA,FAC015,E0000861,Test completion
OUT0000969,OUP0000433,Nirmala Kumar,9235605302,Nomula,2026-07-22,Home visit,Wrong number,CHO,FAC018,E0000862,Medicine pickup
OUT0000970,OUP0000433,Nirmala Kumar,+91-92356-05302,Nomula,2026-08-09,Phone call,Reached; counselled,CHO,FAC018,E0000862,General adherence
OUT0000971,OUP0000434,Rjesh Devi,9059149277,CHANDUR,2026-02-01,Home visit,Phone switched off,ASHA,FAC015,E0000863,Review visit
OUT0000972,OUP0000434,Rajesh Devi,9059149277,Chandur,2026-02-06,Village health day reminder,Reached; promised follow-up,ASHA,FAC015,E0000863,Medicine pickup
OUT0000973,OUP0000435,Raju Mallaiah,9619767355,Gangapur,2026-08-04,Phone call,Family member reached,CHO,FAC001,E0000869,Medicine pickup
OUT0000974,OUP0000435,Raju Mallaiah,,Gangapur,2026-08-06,Village health day reminder,Family member reached,ASHA,FAC001,E0000869,Test completion
OUT0000975,OUP0000436,Naveen Mudiraj,9252797101,Donur,2026-07-20,Phone call,Reached; counselled,CHO,FAC009,E0000871,Medicine pickup
OUT0000976,OUP0000436,Naveen Mudiraj,9252797101,Donur,2026-07-29,Phone call,Reached; counselled,ASHA,FAC009,E0000871,Test completion
OUT0000977,OUP0000437,Mounika Das,9740940202,Kangti,2026-06-05,Phone call,Reached; promised follow-up,ASHA,FAC021,E0000872,Medicine pickup
OUT0000978,OUP0000437,Mouneeka Das,9740940202,Kangti,2026-06-08,Village health day reminder,Family member reached,CHO,FAC021,E0000872,Review visit
OUT0000979,OUP0000437,Mounika Das,9740940202,Kangti,2026-06-04,Phone call,Reached; counselled,ASHA,FAC021,E0000872,General adherence
OUT0000980,OUP0000438,Rajesh Chary,+91-94088-01700,Nakrekal,2026-04-03,Home visit,Reached; counselled,CHO,FAC018,E0000875,General adherence
OUT0000981,OUP0000438,Rajesh Chary,9408881700,Nakrekal,2026-03-29,Phone call,Phone switched off,ASHA,FAC018,E0000875,Medicine pickup
OUT0000982,OUP0000438,Rajesh Chary,9408801700,Nakrekal,2026-04-02,WhatsApp/SMS,Reached; promised follow-up,ASHA,FAC018,E0000875,Review visit
OUT0000983,OUP0000439,Ramesh Reddy,9075067381,Polepally,2026-06-08,Phone call,Reached; promised follow-up,ASHA,FAC002,E0000878,Review visit
OUT0000984,OUP0000440,Nirmala Mudiraj,9467272719,Gundlapally,2026-07-20,Phone call,Reached; promised follow-up,CHO,FAC011,E0000879,Review visit
OUT0000985,OUP0000440,Nirmala Mudiraj,9467272719,Gundlapally,2026-07-23,Phone call,No answer,CHO,FAC011,E0000879,Review visit
OUT0000986,OUP0000440,Neermala Mudiraj,9467272719,Gundlapally,2026-08-02,Phone call,Reached; counselled,CHO,FAC011,E0000879,Review visit
OUT0000987,OUP0000441,Kavitha Jangam,9399153440,Rajapur,2026-07-05,Village health day reminder,Reached; promised follow-up,ASHA,FAC005,E0000880,Test completion
OUT0000988,OUP0000442,Naresh Patel,9891790086,Bodajanampet,2026-04-24,Home visit,Patient unavailable,CHO,FAC006,E0000883,Medicine pickup
OUT0000989,OUP0000442,Naresh Patel,9891790086,Bodajanampet,2026-04-28,Village health day reminder,Family member reached,CHO,FAC006,E0000883,Medicine pickup
OUT0000990,OUP0000442,Naresh Patel,9891790086,Bodajanampet,2026-05-02,Home visit,Family member reached,ASHA,FAC006,E0000883,Review visit
OUT0000991,OUP0000443,Kiran Rao,9863221276,Bangarigadda,2026-06-24,Phone call,Reached; promised follow-up,CHO,FAC014,E0000884,Test completion
OUT0000992,OUP0000443,Kiran Rao,9863221276,Bangarigadda,2026-06-30,Home visit,Reached; counselled,CHO,FAC014,E0000884,Medicine pickup
OUT0000993,OUP0000444,Srilatha Laxman,9085881007,Macharam,2026-08-26,Home visit,Phone switched off,CHO,FAC001,E0000890,General adherence
OUT0000994,OUP0000445,Praveen Shekar,+91-98050-87156,Midjil,2026-04-22,Village health day reminder,Reached; counselled,CHO,FAC008,E0000892,Review visit
OUT0000995,OUP0000445,Prveen Shekar,9805287156,Midjil,2026-04-17,Home visit,Reached; counselled,ASHA,FAC008,E0000892,Review visit
OUT0000996,OUP0000445,Praveen Shekar,9805087156,Midjil,2026-04-26,Phone call,Reached; promised follow-up,CHO,FAC008,E0000892,Test completion
OUT0000997,OUP0000446,Anil Laxman,9613404859,Kallepalli,2026-06-17,Village health day reminder,Family member reached,CHO,FAC006,E0000893,Test completion
OUT0000998,OUP0000447,Praveen Shekar,9285009772,Badepally,2026-03-28,Phone call,Reached; counselled,ASHA,FAC001,E0000897,Review visit
OUT0000999,OUP0000447,Praveen Shekar,9285009772,Badepally,2026-04-08,Phone call,Reached; promised follow-up,CHO,FAC001,E0000897,Test completion
OUT0001000,OUP0000447,Praveen Shekar,9285009772,Badepally,2026-03-28,Home visit,Patient unavailable,CHO,FAC001,E0000897,Medicine pickup
OUT0001001,OUP0000448,Sai Laxman,9098577492,Macharam,2026-07-23,Phone call,Reached; promised follow-up,ASHA,FAC002,E0000898,General adherence
OUT0001002,OUP0000448,Sai Laxman,9098577492,Macharam,2026-07-25,Phone call,No answer,ASHA,FAC002,E0000898,General adherence
OUT0001003,OUP0000448,Sai Laxman,+91-90985-77492,Macharam,2026-07-27,Home visit,Reached; promised follow-up,ASHA,FAC002,E0000898,Medicine pickup
OUT0001004,OUP0000449,Sushma Jangam,9476750176,Patancheru,2026-02-12,WhatsApp/SMS,Family member reached,CHO,FAC025,E0000899,Medicine pickup
OUT0001005,OUP0000449,Sushma Jangam,9476750176,PATANCHERU,2026-02-13,Phone call,Reached; promised follow-up,ASHA,FAC025,E0000899,General adherence
OUT0001006,OUP0000449,Sushma Jangam,9476750176,Patancheru,2026-03-01,Home visit,Reached; promised follow-up,CHO,FAC025,E0000899,Medicine pickup
OUT0001007,OUP0000450,Ramesh Mudiraj,9924596770,Kummarikunta,2026-04-16,Village health day reminder,Family member reached,CHO,FAC015,E0000904,General adherence
OUT0001008,OUP0000450,Ramesh Mudiraj,9924596770,Kummarikunta,2026-04-14,Village health day reminder,Reached; counselled,ASHA,FAC015,E0000904,Medicine pickup
OUT0001009,OUP0000450,Ramesh Mudiraj,9524596770,Kummarikunta,2026-04-06,Phone call,Phone switched off,CHO,FAC015,E0000904,General adherence
OUT0001010,OUP0000451,Suresh Goud,9995533938,Midjil,2026-05-19,WhatsApp/SMS,Family member reached,ASHA,FAC008,E0000905,Review visit
OUT0001011,OUP0000451,Suresh Goud,9995533918,Midjil,2026-06-11,Village health day reminder,Reached; promised follow-up,ASHA,FAC008,E0000905,Test completion
OUT0001012,OUP0000452,Suresh Devi,9660008739,Bhanur,2026-04-19,Phone call,Reached; counselled,CHO,FAC027,E0000906,Test completion
OUT0001013,OUP0000452,Suresh Devi,9660008739,Bhanur,2026-04-14,Village health day reminder,Patient unavailable,ASHA,FAC027,E0000906,Medicine pickup
OUT0001014,OUP0000452,Suresh Devi,9660008739,Bhanur,2026-04-23,Phone call,Reached; counselled,ASHA,FAC027,E0000906,Test completion
OUT0001015,OUP0000453,Mohan Begum,9426681560,Nakrekal,2026-05-19,Phone call,No answer,CHO,FAC016,E0000907,Review visit
OUT0001016,OUP0000454,Anil Reddy,9629254882,Kallepally,2026-08-01,Home visit,Patient unavailable,CHO,FAC006,E0000909,Review visit
OUT0001017,OUP0000454,Anil Reddy,+91-96292-54882,Kallepally,2026-07-31,Phone call,Phone switched off,ASHA,FAC006,E0000909,Review visit
OUT0001018,OUP0000454,Anil Reddy,9629254882,Kallepally,2026-07-29,Phone call,Family member reached,CHO,FAC006,E0000909,Review visit
OUT0001019,OUP0000455,Jyothi Das,9989980178,Narayankhed,2026-03-14,WhatsApp/SMS,Phone switched off,ASHA,FAC021,E0000910,Review visit
OUT0001020,OUP0000455,Jyothi Das,9989980178,Narayankhed,2026-03-08,Home visit,Phone switched off,CHO,FAC021,E0000910,Review visit
OUT0001021,OUP0000456,Sushma Goud,9518279597,Bhanur,2026-08-26,WhatsApp/SMS,Reached; counselled,CHO,FAC026,E0000911,General adherence
OUT0001022,OUP0000456,Sushma Goud,+91-95182-79597,Bhanur,2026-08-22,WhatsApp/SMS,Family member reached,ASHA,FAC026,E0000911,Test completion
OUT0001023,OUP0000456,Sushma Goud,9518279597,Bhanur,2026-09-05,Home visit,Wrong number,ASHA,FAC026,E0000911,Medicine pickup
OUT0001024,OUP0000457,Raju Mudiraj,9501336585,Nermata,2026-05-26,Home visit,Reached; promised follow-up,ASHA,FAC015,E0000912,General adherence
OUT0001025,OUP0000457,Raju Mudiraj,9501336585,Nermata,2026-05-28,Home visit,Patient unavailable,ASHA,FAC015,E0000912,Test completion
OUT0001026,OUP0000457,Raju Mudiraj,9501336585,Nermata,2026-06-05,Home visit,Reached; counselled,ASHA,FAC015,E0000912,Medicine pickup
OUT0001027,OUP0000457,Raju Mudiraj,9501336585,Nermata,2026-06-24,Village health day reminder,Reached; promised follow-up,ASHA,FAC015,E0000913,Review visit
OUT0001028,OUP0000457,Rju Mudiraj,9501336585,Nermata,2026-06-25,Phone call,Wrong number,ASHA,FAC015,E0000913,Test completion
OUT0001029,OUP0000457,Rju Mudiraj,9501336585,Nermata,2026-07-05,Home visit,Wrong number,CHO,FAC015,E0000913,Medicine pickup
OUT0001030,OUP0000458,Deepika Naik,9918530055,Kalher,2026-08-11,Phone call,No answer,CHO,FAC019,E0000914,Review visit
OUT0001031,OUP0000458,Deepika Naik,9918530055,Kalher,2026-08-24,Phone call,Reached; counselled,ASHA,FAC019,E0000914,General adherence
OUT0001032,OUP0000459,Shobha Yadav,,Peddadinne,2026-02-20,Village health day reminder,Family member reached,CHO,FAC012,E0000920,Test completion
OUT0001033,OUP0000459,Shobha Yadav,9799094801,Peddadinne,2026-02-27,Home visit,Reached; promised follow-up,CHO,FAC012,E0000920,Test completion
OUT0001034,OUP0000459,Shobha Yadav,9799094801,Peddadinne,2026-04-12,Phone call,Reached; promised follow-up,CHO,FAC010,E0000921,Review visit
OUT0001035,OUP0000459,Shobha Yadav,,Peddadinne,2026-03-28,Home visit,Reached; counselled,CHO,FAC010,E0000921,Medicine pickup
OUT0001036,OUP0000459,Shobha Yadav,9799094801,Peddadinne,2026-04-22,Home visit,Reached; promised follow-up,CHO,FAC010,E0000921,Review visit
OUT0001037,OUP0000460,Mahesh Chary,9676078781,Mangalapally,2026-03-21,Phone call,Phone switched off,CHO,FAC016,E0000922,Medicine pickup
OUT0001038,OUP0000460,Mahes Chary,9676078781,Mangalapally,2026-03-19,Home visit,Family member reached,ASHA,FAC016,E0000922,Review visit
OUT0001039,OUP0000461,Deepika Begum,9643294613,Kalher,2026-04-26,Home visit,Wrong number,ASHA,FAC021,E0000927,Review visit
OUT0001040,OUP0000461,Deepika Begum,9643294613,Kalher,2026-04-21,Phone call,Reached; counselled,CHO,FAC021,E0000927,Review visit
OUT0001041,OUP0000461,Deepika Begum,9643294613,Kalher,2026-04-30,Phone call,Family member reached,ASHA,FAC021,E0000927,Test completion
OUT0001042,OUP0000462,Swathee Basha,9680205419,Kondamallepally,2026-08-08,Village health day reminder,Reached; counselled,ASHA,FAC012,E0000928,Test completion
OUT0001043,OUP0000463,Rani Patel,9954457480,Bodajanampet,2026-08-10,Village health day reminder,No answer,ASHA,FAC006,E0000929,Test completion
OUT0001044,OUP0000464,Padma Kumar,9009425619,Kallepally,2026-05-12,Village health day reminder,Phone switched off,CHO,FAC004,E0000931,Review visit
OUT0001045,OUP0000465,Rani Kumar,9287157984,Kummarikunta,2026-06-15,Phone call,Family member reached,ASHA,FAC013,E0000934,General adherence
OUT0001046,OUP0000465,Rani Kumar,9287157984,Kummarikunta,2026-06-14,Phone call,Family member reached,ASHA,FAC013,E0000934,Test completion
OUT0001047,OUP0000466,Lakshmi Chary,9443966656,Mogudampally,2026-06-22,Home visit,Reached; promised follow-up,CHO,FAC022,E0000938,Review visit
OUT0001048,OUP0000466,Lakshmi Chary,+91-94439-66656,Mogudampally,2026-06-25,Village health day reminder,Patient unavailable,CHO,FAC022,E0000938,Test completion
OUT0001049,OUP0000467,Deepeeka Rao,,Nomula,2026-03-30,Village health day reminder,Reached; promised follow-up,ASHA,FAC016,E0000945,Medicine pickup
OUT0001050,OUP0000467,Deepika Rao,,Nomula,2026-04-08,Phone call,Reached; promised follow-up,CHO,FAC016,E0000945,Test completion
OUT0001051,OUP0000467,Dipika Rao,,Nomula,2026-04-07,Village health day reminder,Reached; counselled,CHO,FAC016,E0000945,General adherence
OUT0001052,OUP0000468,Praveen Mallaiah,9112000361,Gangapur,2026-05-23,Phone call,Phone switched off,ASHA,FAC001,E0000946,General adherence
OUT0001053,OUP0000469,Jyothi Mudiraj,9471680942,Zaheerabad,2026-07-27,Phone call,Reached; counselled,ASHA,FAC024,E0000947,Review visit
OUT0001054,OUP0000470,Saritha Krishna,9312080294,KUMMARIKUNTA,2026-06-06,Home visit,Reached; promised follow-up,CHO,FAC015,E0000948,Test completion
OUT0001055,OUP0000470,Saritha Krishna,9312080294,Kummarikunta,2026-06-18,Phone call,Reached; counselled,ASHA,FAC015,E0000948,General adherence
OUT0001056,OUP0000470,Saritha Krishna,+91-93120-80294,Kummarikunta,2026-06-24,Phone call,Family member reached,CHO,FAC015,E0000948,Review visit
OUT0001057,OUP0000471,Arun Begum,9369879329,Indresha,2026-05-31,Home visit,Patient unavailable,CHO,FAC027,E0000949,General adherence
OUT0001058,OUP0000471,Arun Begum,9369879329,INDRESHAM,2026-05-20,WhatsApp/SMS,Reached; counselled,ASHA,FAC027,E0000949,Review visit
OUT0001059,OUP0000471,Arun Begum,9369879329,Indresham,2026-05-23,Home visit,Patient unavailable,ASHA,FAC027,E0000949,Test completion
OUT0001060,OUP0000471,Arun Begum,9369879329,Indresham,2026-06-25,Phone call,Reached; counselled,ASHA,FAC025,E0000950,Test completion
OUT0001061,OUP0000471,Arun Begum,9369879329,Indresham,2026-06-25,WhatsApp/SMS,Reached; counselled,ASHA,FAC025,E0000950,Test completion
OUT0001062,OUP0000471,Arun Begum,9369879329,Indresham,2026-07-05,Phone call,Reached; counselled,ASHA,FAC025,E0000950,Test completion
OUT0001063,OUP0000472,Santosh Das,9452443649,Badepally,2026-08-04,Home visit,Reached; promised follow-up,CHO,FAC003,E0000951,General adherence
OUT0001064,OUP0000472,Santosh Das,9452449649,Badepally,2026-08-08,Home visit,No answer,ASHA,FAC003,E0000951,General adherence
OUT0001065,OUP0000473,Divya Naik,9555883993,Donur,2026-05-21,Phone call,Reached; counselled,CHO,FAC008,E0000954,General adherence
OUT0001066,OUP0000473,Divya Naik,9555883993,Donur,2026-05-31,Home visit,Family member reached,ASHA,FAC008,E0000954,Review visit
OUT0001067,OUP0000473,Divya Naik,9555883993,Donur,2026-06-01,Village health day reminder,No answer,ASHA,FAC008,E0000954,Review visit
OUT0001068,OUP0000474,Mhesh Basha,9428068305,Polepally,2026-03-15,Home visit,Phone switched off,CHO,FAC003,E0000955,Review visit
OUT0001069,OUP0000474,Mahesh Basha,9428068305,Polepally,2026-03-09,WhatsApp/SMS,Family member reached,ASHA,FAC003,E0000955,Medicine pickup
OUT0001070,OUP0000475,Swathi Basha,9363003316,Mangalapall,2026-02-09,Phone call,Phone switched off,CHO,FAC017,E0000956,Test completion
OUT0001071,OUP0000475,Swathi Basha,9363503316,Mangalapally,2026-02-23,Phone call,Reached; counselled,CHO,FAC017,E0000956,Review visit
OUT0001072,OUP0000475,Swathi Basha,9363003316,Mangalapally,2026-03-03,Home visit,Wrong number,CHO,FAC017,E0000956,General adherence
OUT0001073,OUP0000476,Lalitha Rao,,Indresham,2026-04-21,Home visit,Phone switched off,CHO,FAC027,E0000957,Test completion
OUT0001074,OUP0000476,Lalitha Rao,9556777012,Indresham,2026-04-23,Home visit,Reached; promised follow-up,CHO,FAC027,E0000957,General adherence
OUT0001075,OUP0000477,Raju Das,9992545547,Mogudampally,2026-04-15,Phone call,Family member reached,CHO,FAC024,E0000958,Test completion
OUT0001076,OUP0000477,Raju Das,9992545547,Mogudampally,2026-05-04,Phone call,Reached; counselled,ASHA,FAC024,E0000958,Test completion
OUT0001077,OUP0000478,Swthi Mudiraj,+91-92288-63038,Nakrekal,2026-07-25,Phone call,Family member reached,CHO,FAC017,E0000961,Medicine pickup
OUT0001078,OUP0000478,Swathi Mudiraj,9228863038,Nakrekal,2026-08-01,Phone call,Family member reached,ASHA,FAC017,E0000961,Medicine pickup
OUT0001079,OUP0000478,Swathi Mudiraj,9228863038,Nakrekal,2026-08-04,Home visit,Family member reached,CHO,FAC017,E0000961,Test completion
OUT0001080,OUP0000479,nil Mallaiah,+91-98400-69828,Patancheru,2026-02-01,Phone call,Reached; counselled,CHO,FAC026,E0000963,Test completion
OUT0001081,OUP0000479,Anil Mallaiah,9840069828,Patancheru,2026-02-06,Phone call,Patient unavailable,ASHA,FAC026,E0000963,Test completion
OUT0001082,OUP0000479,Anil Mallaiah,9840069828,Patancheru,2026-03-01,Phone call,Family member reached,ASHA,FAC026,E0000963,Medicine pickup
OUT0001083,OUP0000480,Ramesh Basha,9552469357,Patancheru,2026-05-08,Home visit,Reached; counselled,ASHA,FAC025,E0000965,Review visit
OUT0001084,OUP0000480,Ramesh Basha,9558469357,Patancheru,2026-05-18,Phone call,Family member reached,CHO,FAC025,E0000965,Medicine pickup
OUT0001085,OUP0000480,Ramesh Basha,9552469357,Patancheru,2026-05-12,Home visit,Reached; counselled,ASHA,FAC025,E0000965,Review visit
OUT0001086,OUP0000481,Praveen Das,9156414643,Kondamallepally,2026-04-28,Home visit,Reached; promised follow-up,CHO,FAC011,E0000966,General adherence
OUT0001087,OUP0000481,Praveen Das,9156414643,KONDAMALLEPALLY,2026-04-27,Village health day reminder,Family member reached,ASHA,FAC011,E0000966,Review visit
OUT0001088,OUP0000481,Praveen Das,9156414643,Kondamallepall,2026-04-23,Phone call,Reached; counselled,CHO,FAC011,E0000966,Test completion
OUT0001089,OUP0000482,Divya Basha,9287508860,Vemula,2026-02-12,Home visit,Patient unavailable,ASHA,FAC008,E0000968,Medicine pickup
OUT0001090,OUP0000482,Divya Basha,9287008860,Vemula,2026-02-01,Home visit,Phone switched off,CHO,FAC008,E0000968,Review visit
OUT0001091,OUP0000482,Divya Basha,9287008460,Vemula,2026-02-22,WhatsApp/SMS,Patient unavailable,CHO,FAC008,E0000968,Medicine pickup
OUT0001092,OUP0000482,Divya Basha,+91-92870-08860,Vemula,2026-05-08,Phone call,Family member reached,ASHA,FAC008,E0000969,Review visit
OUT0001093,OUP0000483,Kavitha Das,9797802108,Nakreka,2026-08-01,Village health day reminder,Reached; promised follow-up,CHO,FAC016,E0000971,Test completion
OUT0001094,OUP0000483,Kavitha Das,,Nakrekal,2026-08-07,Phone call,No answer,ASHA,FAC016,E0000971,Test completion
OUT0001095,OUP0000484,Mohn Rao,9379912059,Polepally,2026-05-25,Phone call,No answer,CHO,FAC003,E0000972,Medicine pickup
OUT0001096,OUP0000485,Nares Mallaiah,9063875907,Marrur,2026-08-16,Home visit,Wrong number,ASHA,FAC018,E0000973,Test completion
OUT0001097,OUP0000486,Santosh Devi,9758873054,Donur,2026-03-29,Phone call,No answer,CHO,FAC009,E0000975,General adherence
OUT0001098,OUP0000486,Santosh Devee,9758876054,Donur,2026-04-04,Home visit,Family member reached,ASHA,FAC009,E0000975,Medicine pickup
OUT0001099,OUP0000486,Santosh Dewi,9758876054,Donur,2026-04-04,Phone call,No answer,ASHA,FAC009,E0000975,Medicine pickup
OUT0001100,OUP0000487,Shobha Reddy,9552712047,Kohir,2026-03-26,Home visit,Patient unavailable,ASHA,FAC023,E0000978,General adherence
OUT0001101,OUP0000488,Rajesh Jangam,9776193704,Bodajanampet,2026-08-22,Phone call,Phone switched off,ASHA,FAC006,E0000980,Medicine pickup
OUT0001102,OUP0000489,Anitha Mallaiah,9148523938,Indresham,2026-02-04,Phone call,Family member reached,ASHA,FAC025,E0000984,General adherence
OUT0001103,OUP0000490,Anil Mallaiah,9885562053,Chandur,2026-07-31,Home visit,Wrong number,ASHA,FAC014,E0000987,Medicine pickup
OUT0001104,OUP0000490,Anil Mallaiah,9885562053,Chandur,2026-08-04,Home visit,Reached; promised follow-up,ASHA,FAC014,E0000987,Medicine pickup
OUT0001105,OUP0000490,Anil Mallaiah,9885562053,Chandur,2026-08-10,Phone call,Wrong number,CHO,FAC014,E0000987,Medicine pickup
OUT0001106,OUP0000491,Anita Khan,9297341186,Kummarikunta,2026-04-29,Phone call,Patient unavailable,ASHA,FAC013,E0000988,Test completion
OUT0001107,OUP0000491,nitha Khan,+91-92973-41186,Kummarikunta,2026-05-12,WhatsApp/SMS,No answer,CHO,FAC013,E0000988,Medicine pickup
OUT0001108,OUP0000491,Anitha,9297341186,Kummarikunta,2026-05-14,Home visit,Reached; promised follow-up,ASHA,FAC013,E0000988,General adherence
OUT0001109,OUP0000492,Shankar Reddy,9746811718,Patancheru,2026-07-15,Home visit,Patient unavailable,CHO,FAC025,E0000991,Medicine pickup
OUT0001110,OUP0000492,Shnkar Reddy,9746811718,Patancheru,2026-07-15,WhatsApp/SMS,Phone switched off,CHO,FAC025,E0000991,Test completion
OUT0001111,OUP0000492,Shankar Reddy,9746811718,Patancheru,2026-07-14,Home visit,Family member reached,CHO,FAC025,E0000991,General adherence
OUT0001112,OUP0000493,Jyothi Naik,9611809120,KONDAMALLEPALLY,2026-04-24,Home visit,Reached; promised follow-up,ASHA,FAC011,E0000992,Medicine pickup
OUT0001113,OUP0000493,Jyothi Naik,9611809120,Kondamallepally,2026-04-27,Home visit,Reached; counselled,CHO,FAC011,E0000992,Medicine pickup
OUT0001114,OUP0000493,Jyothi Naik,9611809120,Kondamallepally,2026-04-30,WhatsApp/SMS,Family member reached,ASHA,FAC011,E0000992,Review visit
OUT0001115,OUP0000494,Raghav Naik,9588723471,KOHIR,2026-06-03,Phone call,Reached; promised follow-up,CHO,FAC023,E0000993,Review visit
OUT0001116,OUP0000494,Raghaw Naik,9588723471,Kohir,2026-06-15,Phone call,Reached; counselled,CHO,FAC023,E0000993,General adherence
OUT0001117,OUP0000495,Rani Jangam,9147064102,Mangalapally,2026-02-20,Village health day reminder,Reached; counselled,ASHA,FAC016,E0000994,Test completion
OUT0001118,OUP0000496,Mounika Patel,9565680973,Manoo,2026-08-08,Phone call,Patient unavailable,CHO,FAC020,E0000997,General adherence
OUT0001119,OUP0000497,Pdma Narsimha,9124147936,Polepally,2026-03-23,Phone call,No answer,ASHA,FAC002,E0001001,Review visit
OUT0001120,OUP0000498,Mounika,9145237902,DEVARAKONDA,2026-09-05,Phone call,Family member reached,ASHA,FAC012,E0001003,Test completion
OUT0001121,OUP0000498,Mounika Mudiraj,9145237902,Devarakonda,2026-09-02,Village health day reminder,Reached; counselled,ASHA,FAC012,E0001003,Medicine pickup
OUT0001122,OUP0000498,Mounika Mudiraj,9145237402,Devarakonda,2026-09-06,Village health day reminder,Reached; counselled,ASHA,FAC012,E0001003,Medicine pickup
OUT0001123,OUP0000499,Saritha Mallaiah,9111498849,Donur,2026-07-02,Village health day reminder,No answer,ASHA,FAC009,E0001007,Review visit
OUT0001124,OUP0000500,Lakshmi Reddy,9144940220,Kohir,2026-02-27,Phone call,Patient unavailable,CHO,FAC022,E0001009,Review visit
OUT0001125,OUP0000500,Lakshmi Reddy,9144940220,Kohir,2026-02-27,Phone call,Reached; promised follow-up,CHO,FAC022,E0001009,Medicine pickup
OUT0001126,OUP0000501,Renuka Shekar,9144173079,Nakrekal,2026-06-06,Phone call,Family member reached,CHO,FAC018,E0001011,Review visit
OUT0001127,OUP0000501,Renuka Shekar,9144173079,Nakrekal,2026-06-29,Home visit,Family member reached,CHO,FAC018,E0001011,Test completion
OUT0001128,OUP0000501,Renuka Shekar,9144173079,NAKREKAL,2026-06-18,Phone call,Reached; promised follow-up,ASHA,FAC018,E0001011,General adherence
OUT0001129,OUP0000501,Renuka Shekar,9144173079,Nakrekal,2026-08-06,Home visit,Family member reached,CHO,FAC017,E0001012,General adherence
OUT0001130,OUP0000501,Renuka Shekar,9144173079,Nakrekal,2026-07-31,Phone call,Reached; counselled,CHO,FAC017,E0001012,Review visit
OUT0001131,OUP0000502,Santosh Reddy,9150384839,Vemula,2026-06-15,Home visit,Phone switched off,CHO,FAC009,E0001013,Review visit
OUT0001132,OUP0000502,Santosh Reddy,9150384839,VEMULA,2026-06-10,Phone call,Reached; counselled,ASHA,FAC009,E0001013,Review visit
OUT0001133,OUP0000503,Sreelatha Shekar,9574115103,Nermata,2026-07-26,Phone call,Reached; promised follow-up,ASHA,FAC013,E0001014,Medicine pickup
OUT0001134,OUP0000503,Srilatha Shekar,9572115103,Nermata,2026-07-27,Phone call,Family member reached,ASHA,FAC013,E0001014,General adherence
OUT0001135,OUP0000503,Srilatha Shekar,9572115103,Nermata,2026-08-11,WhatsApp/SMS,Reached; counselled,CHO,FAC015,E0001015,General adherence
OUT0001136,OUP0000503,Srilatha Shekar,9572115103,Nermata,2026-08-11,Home visit,Family member reached,CHO,FAC015,E0001015,General adherence
OUT0001137,OUP0000504,Saritha Shekar,+91-97343-72392,Mogudampalli,2026-07-15,Phone call,Family member reached,ASHA,FAC023,E0001017,General adherence
OUT0001138,OUP0000505,Srilatha Mallaiah,9166713167,Kangti,2026-03-22,Phone call,Family member reached,ASHA,FAC019,E0001019,Review visit
OUT0001139,OUP0000505,Srilatha Mallaiah,9166713167,Kangti,2026-03-20,Phone call,Reached; promised follow-up,CHO,FAC019,E0001019,General adherence
OUT0001140,OUP0000505,Sreelatha Mallaiah,+91-91667-13167,Kangti,2026-05-19,Village health day reminder,No answer,CHO,FAC021,E0001020,General adherence
OUT0001141,OUP0000506,Anitha Mallaiah,9812202604,Kondamallepally,2026-03-24,Home visit,Reached; counselled,ASHA,FAC010,E0001022,General adherence
OUT0001142,OUP0000507,Mohan Devi,,Donur,2026-03-27,Phone call,Family member reached,CHO,FAC008,E0001025,Test completion
OUT0001143,OUP0000507,Mohan Devi,9377640229,Donur,2026-08-12,Phone call,Reached; promised follow-up,CHO,FAC008,E0001026,Test completion
OUT0001144,OUP0000507,Mohan Devi,9377640229,Donur,2026-08-04,Phone call,Family member reached,CHO,FAC008,E0001026,Medicine pickup
OUT0001145,OUP0000508,Sushma Mallaiah,9178219811,Bangarigadda,2026-03-02,Home visit,No answer,CHO,FAC013,E0001027,Review visit
OUT0001146,OUP0000509,Harika Jangam,9720980130,Chandur,2026-02-16,Home visit,Reached; counselled,ASHA,FAC013,E0001028,General adherence
OUT0001147,OUP0000510,Harika Basha,9625890569,Narayankhed,2026-05-19,Phone call,Reached; promised follow-up,CHO,FAC021,E0001032,Medicine pickup
OUT0001148,OUP0000511,Rajesh Reddy,9805761883,Polepally,2026-04-05,Home visit,Patient unavailable,ASHA,FAC002,E0001033,General adherence
OUT0001149,OUP0000511,Rajesh Reddy,9805761883,Polepally,2026-04-08,Home visit,Phone switched off,CHO,FAC002,E0001033,Test completion
OUT0001150,OUP0000512,Srinivas Begum,9320645581,Kalher,2026-03-27,Home visit,Reached; counselled,ASHA,FAC019,E0001041,General adherence
OUT0001151,OUP0000512,Srinivas Begum,9320645581,Kalher,2026-03-18,Phone call,No answer,CHO,FAC019,E0001041,Review visit
OUT0001152,OUP0000512,Srinivas Begum,9320645581,KALHER,2026-03-20,Home visit,No answer,ASHA,FAC019,E0001041,Medicine pickup
OUT0001153,OUP0000513,Renuka,9661203139,Chandur,2026-03-04,WhatsApp/SMS,Family member reached,ASHA,FAC015,E0001042,Medicine pickup
OUT0001154,OUP0000513,Renuka Begum,9661203139,Chandur,2026-02-25,Phone call,Reached; counselled,CHO,FAC015,E0001042,Test completion
OUT0001155,OUP0000513,Renuka Begum,9661203139,Chandur,2026-03-10,Village health day reminder,Reached; promised follow-up,CHO,FAC015,E0001042,Medicine pickup
OUT0001156,OUP0000514,Harika Das,9204281806,Mogudampally,2026-07-13,Home visit,Reached; promised follow-up,CHO,FAC024,E0001043,General adherence
OUT0001157,OUP0000515,Kavitha Das,9943559306,Bodajanampet,2026-07-06,Phone call,No answer,CHO,FAC006,E0001044,Test completion
OUT0001158,OUP0000515,Kavitha Das,+91-99435-59306,Bodajanampet,2026-07-03,Phone call,Family member reached,ASHA,FAC006,E0001044,Medicine pickup
OUT0001159,OUP0000515,Kavitha Das,9943559306,Bodajanampet,2026-07-09,Village health day reminder,Wrong number,CHO,FAC006,E0001044,General adherence
OUT0001160,OUP0000516,Arun Krishna,+91-99644-41816,CHANDUR,2026-07-20,Home visit,Reached; counselled,ASHA,FAC014,E0001047,General adherence
OUT0001161,OUP0000516,Arun Krishna,,Chandur,2026-08-05,Village health day reminder,Patient unavailable,CHO,FAC014,E0001047,Test completion
OUT0001162,OUP0000516,Arun Krishna,9964441816,Chandur,2026-07-27,Village health day reminder,Family member reached,CHO,FAC014,E0001047,Test completion
OUT0001163,OUP0000517,Swathi Kumar,,Kalher,2026-05-26,Home visit,Reached; counselled,ASHA,FAC019,E0001048,Test completion
OUT0001164,OUP0000518,Mohan Naik,,Polepalli,2026-08-19,Home visit,Reached; counselled,ASHA,FAC002,E0001050,Medicine pickup
OUT0001165,OUP0000518,Mohan Naik,9547570370,Polepalli,2026-08-20,WhatsApp/SMS,Reached; promised follow-up,ASHA,FAC002,E0001050,General adherence
OUT0001166,OUP0000518,Mohan Naik,9547570370,Polepally,2026-08-22,WhatsApp/SMS,Reached; counselled,ASHA,FAC002,E0001050,General adherence
OUT0001167,OUP0000519,Nirmala Naik,9928783233,Zaheerabad,2026-03-10,Phone call,Wrong number,ASHA,FAC022,E0001052,General adherence
OUT0001168,OUP0000519,Nirmala Naik,9928783233,Zaheerabad,2026-03-26,Home visit,Reached; counselled,CHO,FAC022,E0001052,Medicine pickup
OUT0001169,OUP0000519,Nirmala Naik,9928783233,Zaheeraba,2026-04-03,Home visit,Reached; counselled,CHO,FAC022,E0001052,Test completion
OUT0001170,OUP0000520,Saritha Shekar,+91-92120-27063,Badepally,2026-05-19,Home visit,Reached; promised follow-up,ASHA,FAC002,E0001053,Test completion
OUT0001171,OUP0000520,Saritha Shekar,9212027063,Badepally,2026-05-24,Village health day reminder,Family member reached,CHO,FAC002,E0001053,Medicine pickup
OUT0001172,OUP0000521,Sai Mallaiah,,Bodajanampet,2026-04-26,Village health day reminder,Wrong number,ASHA,FAC006,E0001054,General adherence
OUT0001173,OUP0000521,Sai Mallaiah,9710918174,Bodajanampet,2026-07-07,Home visit,Reached; promised follow-up,CHO,FAC006,E0001055,Test completion
OUT0001174,OUP0000522,Mohan Krishna,9355894265,KOHIR,2026-06-19,Home visit,Reached; promised follow-up,ASHA,FAC022,E0001056,Medicine pickup
OUT0001175,OUP0000523,Renuka Devi,9475751452,Kohir,2026-08-15,Phone call,Family member reached,ASHA,FAC022,E0001058,Test completion
OUT0001176,OUP0000524,Sushma Patel,9326997540,Ameenpur,2026-03-08,Phone call,Reached; counselled,ASHA,FAC027,E0001060,Test completion
OUT0001177,OUP0000525,Shobha Devi,9573901992,Gangapur,2026-06-14,WhatsApp/SMS,Phone switched off,CHO,FAC002,E0001061,Test completion
OUT0001178,OUP0000525,sobha Devi,,Gangapur,2026-06-15,Phone call,Reached; promised follow-up,ASHA,FAC002,E0001061,Medicine pickup
OUT0001179,OUP0000526,Naveen Goud,9591198288,Bodajanampet,2026-04-12,Village health day reminder,Patient unavailable,CHO,FAC004,E0001062,Medicine pickup
OUT0001180,OUP0000526,Naveen Goud,9591198788,Bodajanampet,2026-04-28,Phone call,Patient unavailable,ASHA,FAC004,E0001062,General adherence
OUT0001181,OUP0000526,Naveen Goud,9571198788,Bodajanampet,2026-04-29,WhatsApp/SMS,Wrong number,CHO,FAC004,E0001062,Review visit
OUT0001182,OUP0000526,Naveen Goud,9591198788,Bodajanampet,2026-06-16,Phone call,Reached; promised follow-up,ASHA,FAC004,E0001063,Medicine pickup
OUT0001183,OUP0000527,Srinivas Narsimha,9329034391,Bodajanampet,2026-08-07,Home visit,Reached; promised follow-up,CHO,FAC006,E0001064,Medicine pickup
OUT0001184,OUP0000528,Naresh Begum,9571902459,Patancheru,2026-05-10,Home visit,Reached; promised follow-up,CHO,FAC025,E0001066,Medicine pickup
OUT0001185,OUP0000528,Naresh Begum,9571902459,Patancheru,2026-05-19,Home visit,Family member reached,CHO,FAC025,E0001066,Test completion
OUT0001186,OUP0000529,Mouneeka Shekar,9372630464,Kalher,2026-05-18,Village health day reminder,Patient unavailable,ASHA,FAC021,E0001067,Medicine pickup
OUT0001187,OUP0000529,Mounika Shekar,9372630464,Kalher,2026-06-08,Village health day reminder,Reached; promised follow-up,ASHA,FAC021,E0001067,Medicine pickup
OUT0001188,OUP0000529,Mounika Shekar,9372630464,Kalher,2026-05-28,Phone call,Family member reached,CHO,FAC021,E0001067,Medicine pickup
OUT0001189,OUP0000530,Nirmala Shekar,9825943442,Badepall,2026-08-29,Home visit,Reached; promised follow-up,CHO,FAC003,E0001068,General adherence
OUT0001190,OUP0000530,Nirmala sekar,9825943442,Badepall,2026-08-23,Home visit,Reached; counselled,CHO,FAC003,E0001068,Test completion
OUT0001191,OUP0000530,Nirmala Shekar,9825945442,Badepally,2026-08-28,Phone call,Phone switched off,CHO,FAC003,E0001068,General adherence
OUT0001192,OUP0000531,Arun Khan,9899244228,Badepally,2026-05-30,Village health day reminder,Family member reached,ASHA,FAC002,E0001072,Review visit
OUT0001193,OUP0000532,Arun Laxman,9914996581,Indresham,2026-01-28,Home visit,Reached; promised follow-up,CHO,FAC027,E0001079,Medicine pickup
OUT0001194,OUP0000532,Arun Laxman,9914996581,Indresham,2026-01-23,Home visit,Patient unavailable,ASHA,FAC027,E0001079,Review visit
OUT0001195,OUP0000533,Sai Yadav,9943896182,Nomula,2026-06-03,Home visit,Family member reached,CHO,FAC018,E0001080,Medicine pickup
OUT0001196,OUP0000533,Saee Yadav,9943896182,Nomula,2026-06-18,Phone call,Family member reached,CHO,FAC018,E0001080,Medicine pickup
OUT0001197,OUP0000533,Sai Yadav,9943896182,Nomula,2026-06-17,Home visit,No answer,ASHA,FAC018,E0001080,Medicine pickup
OUT0001198,OUP0000534,Padma Yadav,9167109617,Nakrekal,2026-03-17,Phone call,Reached; counselled,CHO,FAC017,E0001081,Test completion
OUT0001199,OUP0000535,Ramesh Yadav,9876016715,Kummarikunta,2026-07-10,Home visit,Reached; promised follow-up,CHO,FAC013,E0001082,General adherence
OUT0001200,OUP0000535,Ramesh Yadav,9876016715,Kummarikunta,2026-07-09,Home visit,Reached; counselled,ASHA,FAC013,E0001082,General adherence
OUT0001201,OUP0000535,Ramesh Yadav,9876016715,Kummarikunta,2026-07-14,Village health day reminder,Reached; counselled,CHO,FAC013,E0001082,Test completion
OUT0001202,OUP0000536,Deepika Naik,9007436964,Polepally,2026-03-02,Village health day reminder,Patient unavailable,CHO,FAC002,E0001085,General adherence
OUT0001203,OUP0000536,Deepika Naik,9007436964,Polepally,2026-03-08,Phone call,Reached; counselled,CHO,FAC002,E0001085,Review visit
OUT0001204,OUP0000537,Naveen Mallaiah,9066849042,Kallepally,2026-04-30,Phone call,Phone switched off,ASHA,FAC006,E0001087,General adherence
OUT0001205,OUP0000537,Naveen Mallaiah,+91-90668-49042,Kallepally,2026-05-02,Phone call,Reached; counselled,ASHA,FAC006,E0001087,General adherence
OUT0001206,OUP0000538,Srinivas Laxman,9808871461,Kalher,2026-08-13,Home visit,No answer,CHO,FAC020,E0001088,Test completion
OUT0001207,OUP0000538,Srinivas Laxman,9808871461,Kalher,2026-08-19,WhatsApp/SMS,No answer,ASHA,FAC020,E0001088,Medicine pickup
OUT0001208,OUP0000539,Venktesh Reddy,9765479233,Macharam,2026-08-22,Home visit,Reached; promised follow-up,ASHA,FAC003,E0001090,Review visit
OUT0001209,OUP0000540,Mounika Goud,+91-93917-42858,Mangalapally,2026-04-11,WhatsApp/SMS,Family member reached,CHO,FAC016,E0001091,General adherence
OUT0001210,OUP0000540,Mounika Goud,9391742858,MANGALAPALLY,2026-04-19,Home visit,Wrong number,CHO,FAC016,E0001091,Review visit
OUT0001211,OUP0000541,Rani Khan,9801130002,Devarakonda,2026-08-09,Phone call,Reached; promised follow-up,CHO,FAC011,E0001092,Review visit
OUT0001212,OUP0000541,Rani Khan,+91-98011-30002,Devarakonda,2026-08-04,Phone call,Wrong number,ASHA,FAC011,E0001092,Test completion
OUT0001213,OUP0000542,Raghav Reddy,9662755356,Bhanur,2026-04-06,Home visit,No answer,CHO,FAC026,E0001094,Review visit
OUT0001214,OUP0000542,Raghav Reddy,9662755356,Bhanur,2026-03-21,Village health day reminder,Reached; promised follow-up,ASHA,FAC026,E0001094,Test completion
OUT0001215,OUP0000542,Raghav Reddy,+91-96627-55356,Bhanur,2026-04-01,WhatsApp/SMS,Family member reached,ASHA,FAC026,E0001094,General adherence
OUT0001216,OUP0000543,Nirmala Krishna,9356075796,Midjil,2026-02-05,Phone call,Reached; counselled,ASHA,FAC009,E0001096,Medicine pickup
OUT0001217,OUP0000543,Nirmala Krishna,9356075796,Midjil,2026-02-02,Home visit,Patient unavailable,CHO,FAC009,E0001096,Review visit
OUT0001218,OUP0000544,Raghav Mallaiah,9085904741,Manoor,2026-03-07,WhatsApp/SMS,No answer,CHO,FAC020,E0001101,Medicine pickup
OUT0001219,OUP0000544,Raghav Mallaiah,9085904741,Manoor,2026-03-02,Phone call,Reached; counselled,ASHA,FAC020,E0001101,General adherence
OUT0001220,OUP0000545,Laleetha Patel,+91-90195-40751,Mangalapally,2026-02-25,Phone call,Phone switched off,ASHA,FAC017,E0001105,Review visit
OUT0001221,OUP0000545,Lalitha Patel,9019540551,Mangalapalli,2026-02-28,WhatsApp/SMS,Wrong number,ASHA,FAC017,E0001106,Review visit
OUT0001222,OUP0000545,Lalitha Patel,9019540751,Mangalapally,2026-03-03,Phone call,Wrong number,CHO,FAC017,E0001106,General adherence
OUT0001223,OUP0000546,Shankar,9015660728,Kondamallepally,2026-06-28,Village health day reminder,Reached; counselled,CHO,FAC012,E0001107,Medicine pickup
OUT0001224,OUP0000547,Santosh Das,9435961147,Kalher,2026-03-23,Home visit,Family member reached,CHO,FAC021,E0001109,Review visit
OUT0001225,OUP0000547,Santosh Das,9435961147,Kalher,2026-04-11,Home visit,Wrong number,CHO,FAC021,E0001109,Test completion
OUT0001226,OUP0000548,Saritha Reddy,9361209225,VEMULA,2026-07-01,Phone call,No answer,ASHA,FAC007,E0001110,General adherence
OUT0001227,OUP0000549,Shobha Rao,9510737432,Bodajanampet,2026-04-11,Home visit,Phone switched off,CHO,FAC004,E0001111,General adherence
OUT0001228,OUP0000549,Shobha Rao,+91-95107-37432,Bodajanampet,2026-04-18,WhatsApp/SMS,Phone switched off,CHO,FAC004,E0001111,Review visit
OUT0001229,OUP0000549,Shobha Rao,9510737432,Bodajanampet,2026-04-21,Village health day reminder,Patient unavailable,CHO,FAC004,E0001111,General adherence
OUT0001230,OUP0000550,Santosh,9974086589,Velpula,2026-06-19,Home visit,Reached; promised follow-up,CHO,FAC009,E0001114,Medicine pickup
OUT0001231,OUP0000551,Suresh Khan,9206377733,Peddadinne,2026-04-22,Phone call,Reached; promised follow-up,ASHA,FAC011,E0001116,Medicine pickup
OUT0001232,OUP0000552,Lakshmi Laxman,9327234340,Midjil,2026-01-27,WhatsApp/SMS,Reached; counselled,ASHA,FAC009,E0001118,Test completion
OUT0001233,OUP0000552,Laksmi Laxman,9327234340,MIDJIL,2026-02-15,Home visit,Wrong number,CHO,FAC009,E0001118,Test completion
OUT0001234,OUP0000553,Shobha Laxman,9462992589,Kalher,2026-05-15,Home visit,Family member reached,CHO,FAC021,E0001120,Medicine pickup
OUT0001235,OUP0000553,Shobha Laxman,9462992589,Kalher,2026-05-29,Phone call,Reached; promised follow-up,CHO,FAC021,E0001120,Test completion
OUT0001236,OUP0000554,Deepika Chary,,Bangarigadda,2026-06-01,WhatsApp/SMS,Reached; counselled,CHO,FAC015,E0001122,Test completion
OUT0001237,OUP0000554,Deepika Chary,9071037874,Bangarigadda,2026-06-05,Phone call,Patient unavailable,ASHA,FAC015,E0001122,Review visit
OUT0001238,OUP0000554,Deepika Chary,9071037874,Bangarigadda,2026-06-25,Phone call,Patient unavailable,ASHA,FAC015,E0001122,Test completion
OUT0001239,OUP0000555,Naresh Rao,9850366094,Ameenpur,2026-07-22,Home visit,Reached; counselled,CHO,FAC026,E0001124,General adherence
OUT0001240,OUP0000555,Naresh Rao,9850366094,Ameenpur,2026-08-22,WhatsApp/SMS,Reached; promised follow-up,CHO,FAC026,E0001125,Medicine pickup
OUT0001241,OUP0000555,Naresh Rao,9850366094,Ameenpur,2026-08-21,Village health day reminder,Family member reached,ASHA,FAC026,E0001125,Review visit
OUT0001242,OUP0000556,Kavita Yadav,+91-91122-99730,Gundlapally,2026-05-16,Phone call,Reached; counselled,ASHA,FAC012,E0001126,Review visit
OUT0001243,OUP0000556,Kavitha Yadav,+91-91122-99730,GUNDLAPALLY,2026-05-21,Home visit,Reached; promised follow-up,CHO,FAC012,E0001126,Medicine pickup
OUT0001244,OUP0000557,Raju Das,9391182718,Nomula,2026-07-04,Phone call,Reached; counselled,CHO,FAC017,E0001128,Test completion
OUT0001245,OUP0000557,Raju Das,9391182718,Nomul,2026-07-25,Phone call,Family member reached,CHO,FAC017,E0001128,Medicine pickup
OUT0001246,OUP0000558,Srilatha Khan,9044161775,Balanagar,2026-05-07,Phone call,Reached; promised follow-up,CHO,FAC006,E0001133,General adherence
OUT0001247,OUP0000558,Sriltha Khan,9044161775,Balanagar,2026-05-10,Phone call,No answer,ASHA,FAC006,E0001133,Medicine pickup
OUT0001248,OUP0000559,Mohan Basha,9504961404,Velpula,2026-01-10,Village health day reminder,Family member reached,CHO,FAC008,E0001135,Medicine pickup
OUT0001249,OUP0000559,Mohan Basha,9504961404,Velpula,2026-01-23,Village health day reminder,Reached; promised follow-up,CHO,FAC008,E0001135,Medicine pickup
OUT0001250,OUP0000559,Mohan Basha,9504961404,Velpula,2026-01-22,Phone call,Reached; promised follow-up,ASHA,FAC008,E0001135,Medicine pickup
OUT0001251,OUP0000560,Renuka Reddy,9658496753,Velpula,2026-03-01,Village health day reminder,Family member reached,CHO,FAC007,E0001137,Review visit
OUT0001252,OUP0000560,Renuk Reddy,+91-96584-96753,Velpula,2026-03-03,Home visit,Reached; counselled,ASHA,FAC007,E0001137,General adherence
OUT0001253,OUP0000561,Ravi Yadav,9103334968,Kalher,2026-02-09,Home visit,Family member reached,ASHA,FAC019,E0001138,Test completion
OUT0001254,OUP0000561,Ravi Yadav,9173334968,Kalher,2026-02-11,Phone call,Patient unavailable,CHO,FAC019,E0001138,General adherence
OUT0001255,OUP0000561,Ravi Yadav,9103334968,Kalher,2026-02-26,Home visit,Family member reached,CHO,FAC019,E0001138,Medicine pickup
OUT0001256,OUP0000562,Bhavani Krishna,9990263734,Midjil,2026-07-07,WhatsApp/SMS,Family member reached,CHO,FAC008,E0001139,General adherence
OUT0001257,OUP0000562,Bhavani Krishna,9990243734,Midjil,2026-07-11,Home visit,Reached; promised follow-up,ASHA,FAC008,E0001139,Review visit
OUT0001258,OUP0000562,Bhvani Krishna,,Midjil,2026-08-30,Home visit,Wrong number,CHO,FAC007,E0001140,Test completion
OUT0001259,OUP0000563,Sai Basha,9599454433,Marrur,2026-05-16,WhatsApp/SMS,Reached; counselled,CHO,FAC016,E0001141,Medicine pickup
OUT0001260,OUP0000563,Sai Basha,9599454433,Marrur,2026-05-09,WhatsApp/SMS,Wrong number,CHO,FAC016,E0001141,Review visit
OUT0001261,OUP0000564,Anjali Patel,9998344628,Bhanur,2026-07-21,Phone call,No answer,CHO,FAC026,E0001142,Review visit
OUT0001262,OUP0000565,Saritha Mudiraj,9874195431,Gangapur,2026-08-17,Phone call,Wrong number,CHO,FAC001,E0001143,Review visit
OUT0001263,OUP0000566,Santosh Reddy,9243876008,Narayankhed,2026-03-11,Home visit,Reached; promised follow-up,ASHA,FAC020,E0001145,General adherence
OUT0001264,OUP0000567,Venkatesh Krishna,9915173950,Gangapur,2026-03-04,Home visit,Family member reached,CHO,FAC003,E0001146,Test completion
OUT0001265,OUP0000568,Kavitha Narsimha,9329102716,Kummarikunta,2026-02-22,Home visit,Phone switched off,ASHA,FAC015,E0001147,Medicine pickup
OUT0001266,OUP0000568,Kavitha Narsimha,9329102716,Kummarikunta,2026-02-25,Phone call,Reached; promised follow-up,CHO,FAC015,E0001147,Review visit
OUT0001267,OUP0000569,Jyothee Mudiraj,9628342252,Donur,2026-06-04,Home visit,Wrong number,CHO,FAC007,E0001148,General adherence
OUT0001268,OUP0000570,Kavita Devi,9016381205,Bangarigadda,2026-08-09,Village health day reminder,Reached; promised follow-up,ASHA,FAC013,E0001151,Medicine pickup
OUT0001269,OUP0000571,Anitha Mudiraj,9338815282,Peddadinne,2026-02-21,Home visit,Reached; promised follow-up,CHO,FAC011,E0001152,Medicine pickup
OUT0001270,OUP0000571,Anitha Mudiraj,9038815282,Peddadinne,2026-03-07,Home visit,Phone switched off,CHO,FAC011,E0001152,Medicine pickup
OUT0001271,OUP0000572,Harika Naik,9818613847,Peddadinne,2026-03-21,Home visit,Reached; promised follow-up,ASHA,FAC010,E0001154,Medicine pickup
OUT0001272,OUP0000572,Harika Naik,9818613847,Peddadinne,2026-03-18,Home visit,Phone switched off,CHO,FAC010,E0001154,General adherence
OUT0001273,OUP0000572,Harika Naik,9818613847,Peddadinne,2026-03-31,Phone call,Family member reached,CHO,FAC010,E0001154,Review visit
OUT0001274,OUP0000572,Harika Naik,9818613847,Peddadinne,2026-05-06,Village health day reminder,Family member reached,ASHA,FAC010,E0001155,General adherence
OUT0001275,OUP0000573,Sai Goud,,Peddadinne,2026-04-28,Home visit,Reached; counselled,CHO,FAC012,E0001158,Review visit
OUT0001276,OUP0000573,Sai Goud,9771818114,PEDDADINNE,2026-05-11,Home visit,Phone switched off,CHO,FAC012,E0001158,Test completion
OUT0001277,OUP0000574,Kiran Yadav,9188927638,Nomula,2026-03-25,Home visit,Family member reached,CHO,FAC017,E0001159,Medicine pickup
OUT0001278,OUP0000574,Kiran Yadav,+91-91889-27638,Nomula,2026-04-09,Phone call,No answer,CHO,FAC017,E0001159,Medicine pickup
OUT0001279,OUP0000574,Kiran Yadav,,Nomula,2026-03-22,WhatsApp/SMS,Wrong number,ASHA,FAC017,E0001159,Medicine pickup
OUT0001280,OUP0000575,Swthi Naik,9061812674,Vemula,2026-02-24,Village health day reminder,Reached; counselled,ASHA,FAC009,E0001160,Review visit
OUT0001281,OUP0000575,Swathi Naik,9061812674,VEMULA,2026-03-15,Home visit,Reached; promised follow-up,CHO,FAC009,E0001160,Review visit
OUT0001282,OUP0000576,Rjesh Jangam,9733108104,Kangti,2026-03-22,Phone call,Reached; counselled,CHO,FAC019,E0001162,Medicine pickup
OUT0001283,OUP0000577,Padma Jangam,+91-94174-87283,Velpula,2026-05-20,Phone call,Phone switched off,ASHA,FAC008,E0001171,Medicine pickup
OUT0001284,OUP0000577,Padma Jangam,,Velpula,2026-05-24,Home visit,Reached; promised follow-up,ASHA,FAC008,E0001171,Review visit
OUT0001285,OUP0000577,Padma Jangam,9417487283,Velpul,2026-06-02,Home visit,Reached; counselled,ASHA,FAC008,E0001171,Review visit
OUT0001286,OUP0000577,Padma Jangam,9417487283,Velpula,2026-07-10,WhatsApp/SMS,Family member reached,ASHA,FAC008,E0001172,Review visit
OUT0001287,OUP0000577,Pdma Jangam,,Velpula,2026-07-25,Phone call,Phone switched off,ASHA,FAC008,E0001172,Medicine pickup
OUT0001288,OUP0000578,Kiran Rao,9685341704,Chandur,2026-05-10,Phone call,Family member reached,ASHA,FAC013,E0001175,General adherence
OUT0001289,OUP0000579,Praveen Narsimha,,Nakrekal,2026-05-01,Village health day reminder,Reached; counselled,CHO,FAC016,E0001176,Review visit
OUT0001290,OUP0000580,Deepika Mudiraj,9903638581,Rajapur,2026-07-01,Phone call,Patient unavailable,CHO,FAC005,E0001180,Test completion
OUT0001291,OUP0000580,Deepika Mudiraj,9903638581,Rajapu,2026-07-01,WhatsApp/SMS,Family member reached,CHO,FAC005,E0001180,General adherence
OUT0001292,OUP0000581,Sushma Basha,9063238270,Polepalli,2026-06-27,Phone call,Reached; promised follow-up,ASHA,FAC001,E0001181,Test completion
OUT0001293,OUP0000581,Sushma Basha,9063238270,POLEPALLY,2026-07-12,Phone call,No answer,CHO,FAC001,E0001181,Medicine pickup
OUT0001294,OUP0000582,Naveen Narsimha,9324197649,DONUR,2026-03-10,Phone call,Family member reached,ASHA,FAC008,E0001184,Test completion
OUT0001295,OUP0000582,Naveen Narsimha,9324197649,Donur,2026-03-17,Phone call,Reached; promised follow-up,CHO,FAC008,E0001184,Medicine pickup
OUT0001296,OUP0000583,Sntosh Naik,9216856240,Kondamallepally,2026-05-28,Home visit,Family member reached,CHO,FAC010,E0001188,Medicine pickup
OUT0001297,OUP0000584,Divya Laxman,9996796454,Marrur,2026-05-29,Phone call,Patient unavailable,CHO,FAC017,E0001190,Medicine pickup
OUT0001298,OUP0000585,Santosh Chary,9161583549,Nermata,2026-03-29,Village health day reminder,Reached; promised follow-up,ASHA,FAC014,E0001191,Medicine pickup
OUT0001299,OUP0000585,Santos Chary,,Nermata,2026-06-13,Home visit,Reached; promised follow-up,CHO,FAC013,E0001192,Test completion
OUT0001300,OUP0000586,nil Krishna,9902352918,Donur,2026-04-06,Home visit,Reached; counselled,ASHA,FAC007,E0001193,Review visit
OUT0001301,OUP0000586,Anil Krishna,9902352918,DONUR,2026-04-12,Home visit,Patient unavailable,CHO,FAC007,E0001193,General adherence
OUT0001302,OUP0000586,Anil Krishna,9902352918,Donur,2026-04-30,Phone call,Reached; promised follow-up,CHO,FAC007,E0001193,Review visit
OUT0001303,OUP0000587,Bhavani Mudiraj,9544357546,Polepally,2026-08-01,Home visit,Reached; counselled,ASHA,FAC001,E0001197,Test completion
OUT0001304,OUP0000587,Bhavani Mudiraj,,Polepall,2026-07-26,Phone call,Family member reached,CHO,FAC001,E0001197,Review visit
OUT0001305,OUP0000587,Bhavani Mudiraj,9544357546,Polepally,2026-07-20,Phone call,Reached; promised follow-up,ASHA,FAC001,E0001197,Review visit
OUT0001306,OUP0000588,Rani Basha,9071621190,Kalher,2026-08-19,Phone call,Reached; counselled,CHO,FAC019,E0001200,Medicine pickup
OUT0001307,OUP0000588,Rani Basha,9071621190,Kalher,2026-08-23,Phone call,Reached; promised follow-up,CHO,FAC019,E0001200,General adherence
OUT0001308,OUP0000588,Rani Basha,+91-90716-21190,Kalher,2026-09-08,Phone call,Phone switched off,CHO,FAC019,E0001200,General adherence
OUT0001309,OUP0000589,Lalitha,9157688286,INDRESHAM,2026-05-16,Phone call,Reached; counselled,ASHA,FAC025,E0001201,General adherence
OUT0001310,OUP0000589,Lalitha Begum,9157688286,Indresham,2026-05-14,Home visit,Reached; promised follow-up,ASHA,FAC025,E0001201,Medicine pickup
OUT0001311,OUP0000590,Harika Patel,9931317407,Bodajanampet,2026-02-03,Home visit,Reached; promised follow-up,ASHA,FAC006,E0001203,Medicine pickup
OUT0001312,OUP0000591,Venkatesh Rao,9240333297,Devarakonda,2026-08-15,Home visit,Reached; counselled,CHO,FAC011,E0001207,Medicine pickup
OUT0001313,OUP0000591,Venkatesh Rao,+91-92403-33297,DEVARAKONDA,2026-08-18,Phone call,Family member reached,ASHA,FAC011,E0001207,Review visit
OUT0001314,OUP0000591,Venkatesh Rao,9240333297,Devarakonda,2026-09-06,Phone call,Family member reached,CHO,FAC011,E0001207,Test completion
OUT0001315,OUP0000592,Swathi Laxman,9940211282,Nakrekal,2026-06-16,Phone call,Reached; counselled,ASHA,FAC018,E0001210,Review visit
OUT0001316,OUP0000592,Swathi Laxman,9940211282,Nakrekal,2026-06-27,Phone call,No answer,CHO,FAC018,E0001210,Medicine pickup
OUT0001317,OUP0000593,Ramesh Reddy,,Velpula,2026-07-18,Home visit,Patient unavailable,ASHA,FAC009,E0001212,Review visit
OUT0001318,OUP0000593,Ramesh Reddy,9359811256,VELPULA,2026-07-25,Village health day reminder,Reached; promised follow-up,CHO,FAC009,E0001212,Test completion
OUT0001319,OUP0000594,Swathi Shekar,9134885011,Kummarikunta,2026-06-30,WhatsApp/SMS,Family member reached,ASHA,FAC015,E0001213,Test completion
OUT0001320,OUP0000594,Swathi Shekar,9134885011,KUMMARIKUNTA,2026-06-20,WhatsApp/SMS,No answer,CHO,FAC015,E0001213,Medicine pickup
OUT0001321,OUP0000595,Rani Devi,9698484731,Gundlapally,2026-04-30,Phone call,Family member reached,ASHA,FAC010,E0001216,General adherence
OUT0001322,OUP0000595,Rani Devi,9698484731,Gundlapally,2026-06-21,Village health day reminder,Family member reached,CHO,FAC012,E0001217,Medicine pickup
OUT0001323,OUP0000595,Rani Devi,9698484731,Gundlapally,2026-06-26,Village health day reminder,Reached; counselled,CHO,FAC012,E0001217,Medicine pickup
OUT0001324,OUP0000596,Deepika Rao,9479331172,NERMATA,2026-05-19,Phone call,Family member reached,CHO,FAC013,E0001218,Review visit
OUT0001325,OUP0000596,Deepika Rao,9479331172,Nermata,2026-06-10,Phone call,Wrong number,ASHA,FAC013,E0001218,General adherence
OUT0001326,OUP0000596,Deepika Rao,+91-94793-31172,Nermata,2026-05-23,Village health day reminder,Reached; promised follow-up,ASHA,FAC013,E0001218,Review visit
OUT0001327,OUP0000597,Raju Khan,9914693624,Manoor,2026-08-07,Phone call,No answer,CHO,FAC021,E0001220,General adherence
OUT0001328,OUP0000597,Raju Khan,9914693624,Manoor,2026-08-06,Home visit,Reached; promised follow-up,CHO,FAC021,E0001220,General adherence
OUT0001329,OUP0000597,Raju Khan,9914693624,MANOOR,2026-08-11,Home visit,Family member reached,CHO,FAC021,E0001220,Medicine pickup
OUT0001330,OUP0000598,Mahesh Goud,9719353463,Devarakonda,2026-07-03,Home visit,Reached; counselled,CHO,FAC011,E0001223,Review visit
OUT0001331,OUP0000598,Mahesh Goud,9719353463,Devarakonda,2026-07-21,Phone call,Reached; counselled,CHO,FAC011,E0001223,General adherence
OUT0001332,OUP0000598,Mahesh Goud,9419353463,Devarakonda,2026-08-06,Phone call,No answer,ASHA,FAC010,E0001224,Test completion
OUT0001333,OUP0000598,Mahesh Goud,9719353463,DEVARAKONDA,2026-08-17,WhatsApp/SMS,Wrong number,CHO,FAC010,E0001224,Medicine pickup
OUT0001334,OUP0000598,Mahesh Goud,9719353463,Devarakonda,2026-08-25,Home visit,Family member reached,ASHA,FAC010,E0001224,Test completion
OUT0001335,OUP0000599,Deepika Yadav,9500684393,Patancheru,2026-07-03,Phone call,Reached; counselled,ASHA,FAC025,E0001225,Review visit
OUT0001336,OUP0000599,Deepika Yadav,9500684393,Patancher,2026-07-10,Village health day reminder,Reached; promised follow-up,CHO,FAC025,E0001225,Test completion
OUT0001337,OUP0000600,Mohan Chary,9236261687,Nermata,2026-07-24,Village health day reminder,Reached; counselled,CHO,FAC015,E0001226,Review visit
OUT0001338,OUP0000601,Mohan Patel,9141777214,Devarakonda,2026-06-27,WhatsApp/SMS,Reached; promised follow-up,ASHA,FAC012,E0001227,Review visit
OUT0001339,OUP0000601,Mohan Patel,9141777514,Devarakonda,2026-06-20,Home visit,Reached; promised follow-up,CHO,FAC012,E0001227,Medicine pickup
OUT0001340,OUP0000601,Mohan Patel,9141777514,Devarakonda,2026-06-20,Phone call,Phone switched off,CHO,FAC012,E0001227,Test completion
OUT0001341,OUP0000602,Deepika Shekar,9640693540,GANGAPUR,2026-02-04,Home visit,Reached; promised follow-up,CHO,FAC001,E0001229,Medicine pickup
OUT0001342,OUP0000602,Dipika Shekar,+91-96406-93540,Gangapur,2026-02-02,WhatsApp/SMS,Reached; counselled,ASHA,FAC001,E0001229,General adherence
OUT0001343,OUP0000602,Deepik Shekar,9640693540,Gangapur,2026-02-09,Phone call,Patient unavailable,CHO,FAC001,E0001229,Review visit
OUT0001344,OUP0000602,Dipika Shekar,9640693540,Gangapur,2026-02-17,Home visit,Reached; promised follow-up,CHO,FAC003,E0001230,Medicine pickup
OUT0001345,OUP0000602,Deepika Shekar,9640693540,Gangapur,2026-02-20,Village health day reminder,Wrong number,CHO,FAC003,E0001230,Test completion
OUT0001346,OUP0000603,Bhavani Rao,9805303900,Kohir,2026-05-13,WhatsApp/SMS,Patient unavailable,ASHA,FAC022,E0001234,Medicine pickup
OUT0001347,OUP0000603,Bhavani Rao,,Kohir,2026-05-11,Phone call,Reached; promised follow-up,CHO,FAC022,E0001234,Medicine pickup
OUT0001348,OUP0000604,Divya Patel,9546790056,Kohir,2026-03-20,Home visit,Reached; counselled,CHO,FAC023,E0001235,Review visit
OUT0001349,OUP0000605,Naveen Khan,+91-92740-14166,Narayankhed,2026-04-13,Home visit,Reached; counselled,CHO,FAC020,E0001240,Test completion
OUT0001350,OUP0000605,Naveen Khan,9274014166,Narayankhed,2026-04-20,Phone call,Wrong number,CHO,FAC020,E0001240,Medicine pickup
OUT0001351,OUP0000605,Naveen Khan,9274014166,Narayankhe,2026-04-17,Phone call,No answer,CHO,FAC020,E0001240,Medicine pickup
OUT0001352,OUP0000606,Deepika Reddy,9032077021,Kallepally,2026-02-23,Home visit,Family member reached,CHO,FAC006,E0001241,Medicine pickup
OUT0001353,OUP0000606,Deepeeka Reddy,9032077621,KALLEPALLY,2026-02-25,Home visit,Reached; counselled,CHO,FAC006,E0001241,General adherence
OUT0001354,OUP0000606,Deepik Reddy,9032077021,Kallepally,2026-02-20,Home visit,No answer,ASHA,FAC006,E0001241,Review visit
OUT0001355,OUP0000607,Mohan Goud,9774391890,Bodajanampet,2026-04-17,Phone call,Family member reached,CHO,FAC006,E0001247,Review visit
OUT0001356,OUP0000607,Mohan Goud,9774391890,Bodajanampet,2026-04-11,Phone call,Reached; promised follow-up,ASHA,FAC006,E0001247,Test completion
OUT0001357,OUP0000608,Rvi Laxman,+91-96999-90780,Mangalapally,2026-08-09,Phone call,Patient unavailable,ASHA,FAC018,E0001249,Medicine pickup
OUT0001358,OUP0000609,Shankar,9268872784,Kondamallepally,2026-06-14,WhatsApp/SMS,Family member reached,ASHA,FAC011,E0001250,Review visit
OUT0001359,OUP0000610,Shankar Das,9008559985,Kallepally,2026-03-28,Phone call,Reached; promised follow-up,ASHA,FAC004,E0001252,Medicine pickup
OUT0001360,OUP0000611,Anjali,9517152735,Vemula,2026-04-23,Home visit,Family member reached,CHO,FAC007,E0001253,Test completion
OUT0001361,OUP0000612,Ramesh Chary,9071545566,Devarakonda,2026-02-15,WhatsApp/SMS,Reached; counselled,ASHA,FAC012,E0001254,Medicine pickup
OUT0001362,OUP0000613,Padma Patel,9931453237,Mogudampally,2026-03-27,Home visit,Reached; promised follow-up,CHO,FAC024,E0001255,Test completion
OUT0001363,OUP0000613,Padma Patel,9931453237,Mogudampally,2026-03-29,Phone call,Family member reached,ASHA,FAC024,E0001255,Medicine pickup
OUT0001364,OUP0000613,Padma Patel,9931453237,Mogudampally,2026-04-05,Phone call,Phone switched off,CHO,FAC024,E0001256,General adherence
OUT0001365,OUP0000614,Lakshmi Jangam,,Devarakonda,2026-02-03,Home visit,Reached; promised follow-up,ASHA,FAC010,E0001257,Review visit
OUT0001366,OUP0000614,Laksmi Jangam,9418467502,DEVARAKONDA,2026-02-08,Phone call,Family member reached,CHO,FAC011,E0001258,General adherence
OUT0001367,OUP0000614,Lakshmi Jangam,9418467502,DEVARAKONDA,2026-02-20,Village health day reminder,Reached; counselled,CHO,FAC011,E0001258,Medicine pickup
OUT0001368,OUP0000614,Lakshmi Jangam,9418467502,Devarakonda,2026-02-20,Village health day reminder,Reached; promised follow-up,CHO,FAC011,E0001258,General adherence
OUT0001369,OUP0000615,Lakshmi Begum,9315170002,Velpula,2026-05-24,Home visit,Patient unavailable,CHO,FAC007,E0001260,Review visit
OUT0001370,OUP0000615,Laksmi Begum,9315172002,Velpula,2026-05-24,Phone call,Wrong number,ASHA,FAC007,E0001260,Test completion
OUT0001371,OUP0000616,Naween Reddy,9935488091,Mogudampally,2026-01-13,Home visit,No answer,CHO,FAC023,E0001261,Test completion
OUT0001372,OUP0000616,Naveen Reddy,9935488091,Mogudampally,2026-01-13,Phone call,No answer,CHO,FAC023,E0001261,Medicine pickup
OUT0001373,OUP0000616,Naveen Reddy,9935488091,Mogudampally,2026-01-26,Phone call,Reached; counselled,CHO,FAC023,E0001261,Test completion
OUT0001374,OUP0000617,Lalitha Jangam,+91-95135-77191,Kangti,2026-07-28,Home visit,Family member reached,CHO,FAC019,E0001262,General adherence
OUT0001375,OUP0000618,Rani Jangam,9185249637,Macharam,2026-08-22,Home visit,Reached; counselled,CHO,FAC003,E0001264,Review visit
OUT0001376,OUP0000618,Ranee Jangam,9185249637,Macharam,2026-09-08,Home visit,Family member reached,ASHA,FAC003,E0001264,Test completion
OUT0001377,OUP0000618,Rni Jangam,9185249637,Macharam,2026-08-22,Home visit,Reached; counselled,ASHA,FAC003,E0001264,Test completion
OUT0001378,OUP0000619,Vinod Das,9597632981,Kangti,2026-06-22,Village health day reminder,Reached; promised follow-up,ASHA,FAC020,E0001265,Medicine pickup
OUT0001379,OUP0000619,Vinod Das,9597632981,Kangti,2026-06-23,Home visit,Family member reached,ASHA,FAC020,E0001265,General adherence
OUT0001380,OUP0000620,Mahesh Narsimha,+91-94860-13828,Kondamallepally,2026-07-28,Village health day reminder,Reached; counselled,CHO,FAC010,E0001267,Medicine pickup
OUT0001381,OUP0000621,Harika Das,9896106817,Kummarikunta,2026-05-03,Home visit,Phone switched off,ASHA,FAC015,E0001269,Review visit
OUT0001382,OUP0000621,Harika Das,9896106817,Kummarikunta,2026-05-09,Home visit,No answer,ASHA,FAC015,E0001269,General adherence
OUT0001383,OUP0000622,Rani Basha,9366378612,Donur,2026-06-22,Home visit,Reached; counselled,CHO,FAC009,E0001270,Medicine pickup
OUT0001384,OUP0000622,Rani Basha,9366378612,Donur,2026-06-24,Phone call,Phone switched off,ASHA,FAC009,E0001270,Medicine pickup
OUT0001385,OUP0000623,Nirmala Laxman,9508142540,Mangalapally,2026-02-15,Home visit,No answer,ASHA,FAC016,E0001271,Review visit
OUT0001386,OUP0000623,Nirmala Laxman,9508142540,Mangalapally,2026-02-17,Phone call,Family member reached,ASHA,FAC016,E0001271,General adherence
OUT0001387,OUP0000624,Sushm Devi,9365149245,Bodajanampet,2026-07-23,Village health day reminder,Reached; counselled,CHO,FAC005,E0001272,Test completion
OUT0001388,OUP0000625,Divya Laxman,9298553156,Jharasangam,2026-05-03,Phone call,Phone switched off,CHO,FAC022,E0001273,Review visit
OUT0001389,OUP0000626,Ravi Mallaiah,9446938049,BANGARIGADDA,2026-02-08,Village health day reminder,Reached; promised follow-up,ASHA,FAC013,E0001274,Review visit
OUT0001390,OUP0000626,Ravi Mallaiah,+91-94469-38049,Bangarigadda,2026-02-09,Home visit,Reached; counselled,CHO,FAC013,E0001274,Review visit
OUT0001391,OUP0000627,Anjali Shekar,+91-90136-37809,Polepally,2026-05-10,WhatsApp/SMS,Phone switched off,CHO,FAC003,E0001276,General adherence
OUT0001392,OUP0000627,Anjali Shekar,9013637809,Polepally,2026-05-24,Phone call,No answer,CHO,FAC003,E0001276,Test completion
OUT0001393,OUP0000627,Anjali Shekar,9013637809,Polepally,2026-05-25,Phone call,Phone switched off,CHO,FAC003,E0001276,Review visit
OUT0001394,OUP0000628,Harika Jangam,9694841735,Kallepally,2026-06-11,Phone call,Patient unavailable,CHO,FAC006,E0001279,Medicine pickup
OUT0001395,OUP0000628,Harika Jangam,9694841735,Kallepally,2026-05-30,Phone call,Patient unavailable,CHO,FAC006,E0001279,General adherence
OUT0001396,OUP0000628,Harika Jangam,9694841735,Kallepally,2026-07-12,Phone call,Reached; counselled,ASHA,FAC006,E0001280,General adherence
OUT0001397,OUP0000628,Harika Jangam,9694841765,Kallepally,2026-07-15,Home visit,Reached; promised follow-up,CHO,FAC006,E0001280,Medicine pickup
OUT0001398,OUP0000628,Harika Jangam,9694841735,Kallepally,2026-07-16,WhatsApp/SMS,Family member reached,CHO,FAC006,E0001280,General adherence
OUT0001399,OUP0000629,Anitha Goud,9864093842,Devarakonda,2026-01-31,Phone call,Wrong number,ASHA,FAC010,E0001281,General adherence
OUT0001400,OUP0000630,Anjali Shekar,9530256437,Donur,2026-05-14,WhatsApp/SMS,Reached; counselled,ASHA,FAC008,E0001283,Medicine pickup
OUT0001401,OUP0000631,Saritha Goud,9221304667,Kohir,2026-04-06,Phone call,Reached; promised follow-up,CHO,FAC023,E0001284,Medicine pickup
OUT0001402,OUP0000631,Saritha Goud,9221304667,Kohir,2026-04-17,Phone call,No answer,ASHA,FAC024,E0001285,Medicine pickup
OUT0001403,OUP0000632,Keeran Goud,9692359903,VELPULA,2026-04-15,Village health day reminder,Reached; counselled,CHO,FAC009,E0001286,Review visit
OUT0001404,OUP0000632,Kiran Goud,9692359903,VELPULA,2026-04-09,Home visit,Reached; promised follow-up,CHO,FAC009,E0001286,Medicine pickup
OUT0001405,OUP0000632,Kiran Goud,9692359903,Velpula,2026-04-23,Phone call,Family member reached,ASHA,FAC009,E0001286,Test completion
OUT0001406,OUP0000632,Kiran Goud,9692359903,Velpula,2026-05-12,WhatsApp/SMS,No answer,ASHA,FAC009,E0001287,General adherence
OUT0001407,OUP0000633,Bhvani Goud,9048455008,Kondamallepally,2026-03-24,Village health day reminder,Wrong number,CHO,FAC012,E0001288,Medicine pickup
OUT0001408,OUP0000633,Bhavani Goud,9048455008,KONDAMALLEPALLY,2026-03-28,Home visit,Wrong number,ASHA,FAC012,E0001288,Medicine pickup
OUT0001409,OUP0000634,Harika Laxman,9943733103,Kondamallepally,2026-08-16,Home visit,Reached; promised follow-up,CHO,FAC012,E0001291,Test completion
OUT0001410,OUP0000634,Harika Laxman,+91-99437-33103,Kondamallepally,2026-08-30,Home visit,Phone switched off,ASHA,FAC012,E0001291,General adherence
OUT0001411,OUP0000635,Rani Reddy,9221134844,Marrur,2026-05-16,Phone call,No answer,CHO,FAC016,E0001292,Medicine pickup
OUT0001412,OUP0000635,Rani Reddy,9221134844,Marrur,2026-05-29,Phone call,Wrong number,ASHA,FAC016,E0001292,Medicine pickup
OUT0001413,OUP0000635,Rni Reddy,9221134844,MARRUR,2026-05-26,Phone call,Wrong number,ASHA,FAC016,E0001292,General adherence
OUT0001414,OUP0000636,Padma Narsimha,9120527615,Midjil,2026-05-19,Phone call,Family member reached,CHO,FAC008,E0001295,Medicine pickup
OUT0001415,OUP0000636,Padma Narsimha,9125520615,Midjil,2026-06-04,Phone call,Reached; counselled,ASHA,FAC008,E0001295,General adherence
OUT0001416,OUP0000637,Shobha Das,9982998273,Kalher,2026-06-05,Phone call,Reached; counselled,ASHA,FAC019,E0001296,General adherence
OUT0001417,OUP0000637,Shobha Das,9982998273,Kalher,2026-05-31,Phone call,Reached; counselled,ASHA,FAC019,E0001296,Test completion
OUT0001418,OUP0000638,Lalitha Goud,9533478392,Devarakonda,2026-03-16,Home visit,Family member reached,ASHA,FAC010,E0001297,Test completion
OUT0001419,OUP0000638,Lalitha Goud,9533478392,Devarakonda,2026-03-28,Phone call,Wrong number,ASHA,FAC010,E0001297,Test completion
OUT0001420,OUP0000638,Lalitha Goud,9533478392,Devarakonda,2026-03-23,Home visit,Reached; promised follow-up,ASHA,FAC010,E0001297,Review visit
OUT0001421,OUP0000639,Venkatesh Begum,9820257919,Midjil,2026-01-28,Phone call,Reached; counselled,ASHA,FAC009,E0001300,Test completion
OUT0001422,OUP0000640,Lakshmi Mallaiah,9363866590,Nomula,2026-03-28,Home visit,Reached; counselled,CHO,FAC018,E0001302,General adherence
OUT0001423,OUP0000640,Lakshmi Mallaiah,9363866590,Nomula,2026-03-12,WhatsApp/SMS,Reached; counselled,ASHA,FAC018,E0001302,Medicine pickup
OUT0001424,OUP0000641,Jyothi Jangam,9172004667,Macharam,2026-04-09,Phone call,Wrong number,CHO,FAC003,E0001304,General adherence
OUT0001425,OUP0000642,Raghav Chary,9276499555,Donur,2026-03-26,Phone call,Family member reached,CHO,FAC007,E0001305,General adherence
OUT0001426,OUP0000642,Raghav Chary,9276499555,Donur,2026-03-27,Phone call,Phone switched off,ASHA,FAC007,E0001305,Review visit
OUT0001427,OUP0000643,Anitha Devi,9607140129,Nermata,2026-04-20,Village health day reminder,No answer,CHO,FAC013,E0001307,Review visit
OUT0001428,OUP0000644,Raghav Jangam,,Kalher,2026-06-26,Village health day reminder,Reached; counselled,CHO,FAC020,E0001308,Medicine pickup
OUT0001429,OUP0000645,Anjali Laxman,9535135318,Kohir,2026-08-20,Home visit,Reached; counselled,ASHA,FAC022,E0001312,Review visit
OUT0001430,OUP0000645,Anjali Laxman,9535135318,Kohir,2026-08-19,Phone call,No answer,ASHA,FAC022,E0001312,Test completion
OUT0001431,OUP0000645,Anjali Laxman,9535135318,Kohir,2026-08-21,Village health day reminder,Patient unavailable,CHO,FAC022,E0001312,Review visit
OUT0001432,OUP0000646,Anil Kumar,9321623547,Kalher,2026-09-03,Phone call,Phone switched off,ASHA,FAC020,E0001314,Test completion
OUT0001433,OUP0000647,Kavitha Begum,9121725730,Gundlapally,2026-06-29,Phone call,Patient unavailable,CHO,FAC011,E0001317,Medicine pickup
OUT0001434,OUP0000648,Srilatha Laxman,9576396449,Donur,2026-08-25,Phone call,Family member reached,ASHA,FAC008,E0001318,Review visit
OUT0001435,OUP0000648,Srilatha Laxman,9576396149,Donur,2026-08-27,Phone call,Reached; counselled,CHO,FAC008,E0001318,Review visit
OUT0001436,OUP0000649,Suresh Naik,9335547667,Kummarikunta,2026-05-03,Phone call,Reached; promised follow-up,CHO,FAC015,E0001322,General adherence
OUT0001437,OUP0000649,Suresh Naeek,9335047667,Kummarikunta,2026-07-14,Phone call,Reached; promised follow-up,ASHA,FAC014,E0001323,Review visit
OUT0001438,OUP0000650,Ravi Jangam,+91-94790-82873,Badepally,2026-04-20,Village health day reminder,Family member reached,CHO,FAC002,E0001325,Review visit
OUT0001439,OUP0000651,Raghav Rao,9611293768,Gangapur,2026-08-04,Phone call,Reached; counselled,CHO,FAC003,E0001328,Medicine pickup
OUT0001440,OUP0000651,Raghav Rao,9611293768,Gangapur,2026-08-09,Phone call,Family member reached,CHO,FAC003,E0001328,Review visit
OUT0001441,OUP0000652,Ravi Patel,9339964358,Bangarigadda,2026-02-26,Phone call,Wrong number,CHO,FAC013,E0001329,Test completion
OUT0001442,OUP0000652,Ravi Patel,9339964358,BANGARIGADDA,2026-03-03,WhatsApp/SMS,Reached; counselled,ASHA,FAC013,E0001329,Medicine pickup
OUT0001443,OUP0000652,Ravi Patel,,Bangarigadda,2026-05-26,Phone call,Reached; counselled,ASHA,FAC015,E0001330,Medicine pickup
OUT0001444,OUP0000653,Nirmala Kumar,9554650127,Gangapur,2026-03-06,Home visit,Reached; counselled,ASHA,FAC001,E0001331,Test completion
OUT0001445,OUP0000653,Nirmala Kumar,9554650127,Gangapur,2026-03-16,Phone call,Reached; counselled,CHO,FAC001,E0001331,Review visit
OUT0001446,OUP0000653,Nirmala Kumar,9554650127,Gangapu,2026-03-09,Phone call,Family member reached,CHO,FAC001,E0001331,Medicine pickup
OUT0001447,OUP0000654,Rani Krishna,9524087654,MANGALAPALLY,2026-05-17,Village health day reminder,Reached; counselled,ASHA,FAC017,E0001332,Medicine pickup
OUT0001448,OUP0000655,Lalitha Khan,9559056670,Midjil,2026-04-30,Phone call,Family member reached,CHO,FAC008,E0001333,General adherence
OUT0001449,OUP0000655,Lalitha Khan,9559056670,Midjil,2026-05-03,Home visit,Reached; counselled,CHO,FAC008,E0001333,General adherence
OUT0001450,OUP0000655,Llitha Khan,+91-95590-56670,Midjil,2026-05-09,Village health day reminder,Family member reached,CHO,FAC008,E0001333,General adherence
OUT0001451,OUP0000656,Bhavani Devi,+91-93070-94516,Kohir,2026-05-03,Home visit,Reached; promised follow-up,ASHA,FAC022,E0001338,Review visit
OUT0001452,OUP0000656,Bhvani Devi,9307094516,Kohir,2026-05-17,Home visit,Wrong number,CHO,FAC022,E0001338,Review visit
OUT0001453,OUP0000657,Bhavani Mudiraj,9697705490,Narayankhed,2026-09-04,Phone call,Patient unavailable,ASHA,FAC019,E0001340,Review visit
OUT0001454,OUP0000658,Srinivas Rao,9218808523,Macharam,2026-06-24,Home visit,No answer,ASHA,FAC001,E0001343,Test completion
OUT0001455,OUP0000658,Srinivas Rao,,MACHARAM,2026-07-13,Home visit,Reached; promised follow-up,ASHA,FAC001,E0001343,Review visit
OUT0001456,OUP0000658,Srinivas Rao,9218808523,Macharam,2026-07-20,Phone call,Phone switched off,ASHA,FAC001,E0001343,Review visit
OUT0001457,OUP0000659,Bhavani Mallaiah,9243518598,Jharasangam,2026-05-26,Village health day reminder,Family member reached,ASHA,FAC024,E0001344,Test completion
OUT0001458,OUP0000659,Bhavani Mallaiah,9243518598,JHARASANGAM,2026-05-27,Phone call,Phone switched off,CHO,FAC024,E0001344,Medicine pickup
OUT0001459,OUP0000660,Renuka Laxman,9153531279,Kallepally,2026-06-03,Phone call,No answer,CHO,FAC004,E0001346,Test completion
OUT0001460,OUP0000660,Renuka Laxman,9150531279,Kallepally,2026-06-02,Home visit,Patient unavailable,CHO,FAC004,E0001346,Review visit
OUT0001461,OUP0000661,Sushma Begum,9385102414,Zaheerabad,2026-08-19,WhatsApp/SMS,No answer,CHO,FAC024,E0001347,Medicine pickup
OUT0001462,OUP0000661,Sushma Begum,+91-93851-02414,Zaheerabad,2026-08-10,WhatsApp/SMS,Reached; promised follow-up,CHO,FAC024,E0001347,Review visit
OUT0001463,OUP0000661,Sushma Begum,+91-93851-02414,Zaheerabad,2026-08-14,Home visit,Reached; promised follow-up,ASHA,FAC024,E0001347,Review visit
OUT0001464,OUP0000662,Sreelatha Devi,9793917855,Mogudampalli,2026-07-03,WhatsApp/SMS,Family member reached,CHO,FAC023,E0001349,Medicine pickup
OUT0001465,OUP0000663,Deepika Chary,9261224985,Devarakond,2026-04-26,Phone call,Reached; promised follow-up,ASHA,FAC011,E0001351,Test completion
OUT0001466,OUP0000663,Deepika Chary,9261224985,Devarakonda,2026-05-05,Home visit,Reached; promised follow-up,CHO,FAC011,E0001351,General adherence
OUT0001467,OUP0000663,Deepika Chary,9261224985,Devarakonda,2026-07-05,WhatsApp/SMS,No answer,ASHA,FAC011,E0001352,Test completion
OUT0001468,OUP0000663,Deepika Chary,9261224985,Devarakonda,2026-07-23,Phone call,Patient unavailable,ASHA,FAC011,E0001352,Test completion
OUT0001469,OUP0000663,Deepika,9261224985,Devarakonda,2026-07-20,Home visit,Family member reached,ASHA,FAC011,E0001352,Test completion
OUT0001470,OUP0000664,Ramesh Mallaiah,9767295621,Peddadinne,2026-03-30,Phone call,Patient unavailable,ASHA,FAC010,E0001353,General adherence
OUT0001471,OUP0000664,Ramesh Mallaiah,9767295621,Peddadinne,2026-04-01,Phone call,Reached; promised follow-up,CHO,FAC010,E0001353,Review visit
OUT0001472,OUP0000665,Naveen Narsimha,9166704940,Rajapur,2026-07-16,Home visit,Family member reached,ASHA,FAC004,E0001355,Test completion
OUT0001473,OUP0000665,Naveen Narsimha,9166704940,Rajapur,2026-07-18,Village health day reminder,Patient unavailable,CHO,FAC004,E0001355,Test completion
OUT0001474,OUP0000665,Naveen Narsimha,9166704940,Rajapu,2026-07-25,Home visit,No answer,ASHA,FAC004,E0001355,Review visit
OUT0001475,OUP0000666,Mounika Mallaiah,,Nakrekal,2026-05-11,WhatsApp/SMS,Family member reached,CHO,FAC018,E0001360,Review visit
OUT0001476,OUP0000666,Mounika Mallaiah,9587633967,Nakrekal,2026-05-20,Home visit,Reached; promised follow-up,CHO,FAC018,E0001360,General adherence
OUT0001477,OUP0000667,Ravi Laxman,9670875893,Narayankhed,2026-07-12,Phone call,Reached; promised follow-up,CHO,FAC019,E0001363,General adherence
OUT0001478,OUP0000668,Lalitha Mallaiah,9854579507,Donur,2026-02-26,Home visit,Family member reached,ASHA,FAC009,E0001364,Medicine pickup
OUT0001479,OUP0000668,Lalitha Mallaiah,9854579507,Donur,2026-02-28,Phone call,Family member reached,CHO,FAC009,E0001364,Test completion
OUT0001480,OUP0000668,Lalitha,9854579507,Donur,2026-07-05,Phone call,Reached; counselled,ASHA,FAC009,E0001365,Review visit
OUT0001481,OUP0000669,Kiran Yadav,9964461349,Jharasangam,2026-08-12,Home visit,Reached; promised follow-up,ASHA,FAC024,E0001368,Review visit
OUT0001482,OUP0000669,Keeran Yadav,9964461349,Jharasangam,2026-08-19,Village health day reminder,Family member reached,ASHA,FAC024,E0001368,Review visit
OUT0001483,OUP0000669,Kiran Yadaw,9964461349,Jharasangam,2026-08-22,Home visit,Reached; counselled,ASHA,FAC024,E0001368,Review visit
OUT0001484,OUP0000670,Shobha Reddy,,Velpula,2026-04-25,Phone call,Wrong number,ASHA,FAC009,E0001369,General adherence
OUT0001485,OUP0000670,Shobha Reddy,+91-99868-46502,Velpula,2026-05-02,Phone call,Family member reached,ASHA,FAC009,E0001369,Test completion
OUT0001486,OUP0000671,Ramesh Reddy,,Kangti,2026-03-14,Village health day reminder,Reached; promised follow-up,ASHA,FAC020,E0001370,General adherence
OUT0001487,OUP0000671,Ramesh Reddy,9023450959,Kangti,2026-03-17,Phone call,Reached; counselled,CHO,FAC020,E0001370,Review visit
OUT0001488,OUP0000672,Suresh Patel,9602241507,Nomula,2026-06-29,Home visit,Reached; counselled,CHO,FAC016,E0001371,Medicine pickup
OUT0001489,OUP0000673,Padma Naik,+91-91732-79971,Marrur,2026-06-30,Phone call,Reached; counselled,ASHA,FAC018,E0001374,Medicine pickup
OUT0001490,OUP0000673,Padma Naik,9173279971,Marrur,2026-06-16,Phone call,No answer,CHO,FAC018,E0001374,Test completion
OUT0001491,OUP0000674,Venkatesh Basha,9203814288,Kohir,2026-03-27,Phone call,Family member reached,CHO,FAC022,E0001376,General adherence
OUT0001492,OUP0000674,Venkatesh Basha,,Kohir,2026-04-15,Phone call,Patient unavailable,ASHA,FAC022,E0001376,Medicine pickup
OUT0001493,OUP0000674,Venkatesh Basha,,Kohir,2026-04-06,Home visit,Reached; counselled,CHO,FAC022,E0001376,Medicine pickup
OUT0001494,OUP0000675,Swathi Rao,9380763817,Zaheerabad,2026-06-12,Phone call,Reached; counselled,CHO,FAC023,E0001379,Medicine pickup
OUT0001495,OUP0000675,Swathi Rao,9384763817,Zaheerabad,2026-06-23,WhatsApp/SMS,Patient unavailable,CHO,FAC023,E0001379,General adherence
OUT0001496,OUP0000675,Swthi Rao,,Zaheerabad,2026-06-21,Village health day reminder,No answer,CHO,FAC023,E0001379,Medicine pickup
OUT0001497,OUP0000676,Divya Devi,9186440095,Velpula,2026-08-19,Village health day reminder,Reached; promised follow-up,CHO,FAC007,E0001382,Test completion
OUT0001498,OUP0000676,Divya Devi,9186440095,Velpula,2026-08-19,Phone call,Family member reached,ASHA,FAC007,E0001382,Medicine pickup
OUT0001499,OUP0000676,Divya,9186440095,Velpula,2026-08-29,Phone call,Reached; promised follow-up,CHO,FAC007,E0001382,General adherence
OUT0001500,OUP0000677,Vinod Das,,Kangti,2026-02-12,WhatsApp/SMS,Reached; promised follow-up,ASHA,FAC021,E0001387,Review visit
OUT0001501,OUP0000678,Lalitha Devi,9978997648,Bodajanampet,2026-04-17,Home visit,Reached; counselled,CHO,FAC005,E0001389,Review visit
OUT0001502,OUP0000678,Lalitha Devi,9978997648,Bodajanampet,2026-04-22,WhatsApp/SMS,Reached; promised follow-up,CHO,FAC005,E0001389,Review visit
OUT0001503,OUP0000678,Lalitha Devi,+91-99789-97648,Bodajanampet,2026-04-21,Phone call,No answer,ASHA,FAC005,E0001389,Test completion
OUT0001504,OUP0000679,Sai Krishna,+91-99109-82024,Jharasangam,2026-05-23,Home visit,Family member reached,CHO,FAC024,E0001391,General adherence
OUT0001505,OUP0000679,Sai Krishna,+91-99109-82024,Jharasangam,2026-06-02,Home visit,Wrong number,ASHA,FAC024,E0001391,Medicine pickup
OUT0001506,OUP0000680,Sushma Rao,9438607884,Nomula,2026-03-13,Home visit,Reached; counselled,ASHA,FAC017,E0001393,Medicine pickup
OUT0001507,OUP0000681,Anjali Jangam,9225633047,Devarakonda,2026-07-12,Phone call,Phone switched off,ASHA,FAC011,E0001394,Medicine pickup
OUT0001508,OUP0000681,Anjalee Jangam,,Devarakonda,2026-07-19,Home visit,Phone switched off,CHO,FAC011,E0001394,General adherence
OUT0001509,OUP0000682,Sai Khan,+91-99538-89971,Zaheerabad,2026-06-20,Home visit,Patient unavailable,ASHA,FAC024,E0001396,General adherence
OUT0001510,OUP0000682,Sai Khan,9953889971,Zaheerabad,2026-06-27,Phone call,Phone switched off,ASHA,FAC024,E0001396,Medicine pickup
OUT0001511,OUP0000683,Naresh,9215539693,Marrur,2026-07-08,WhatsApp/SMS,Patient unavailable,ASHA,FAC017,E0001397,Medicine pickup
OUT0001512,OUP0000683,Naresh Khan,9215539693,MARRUR,2026-07-07,Phone call,Patient unavailable,ASHA,FAC017,E0001397,General adherence
OUT0001513,OUP0000684,Srinivas Das,9782313558,Kallepally,2026-06-25,Phone call,Reached; counselled,CHO,FAC005,E0001398,General adherence
OUT0001514,OUP0000685,Raghav,9919950028,Kohir,2026-07-26,Home visit,Reached; promised follow-up,CHO,FAC022,E0001400,Test completion
OUT0001515,OUP0000685,Raghav Begum,9919950028,Kohir,2026-07-30,Village health day reminder,No answer,ASHA,FAC022,E0001400,Test completion
OUT0001516,OUP0000685,Raghav Begum,9919950028,Kohir,2026-08-05,Phone call,Family member reached,CHO,FAC022,E0001400,General adherence
OUT0001517,OUP0000686,Shankar,9895027470,Gundlapally,2026-08-05,WhatsApp/SMS,Reached; counselled,CHO,FAC010,E0001401,Review visit
OUT0001518,OUP0000687,Sushma Jangam,9295949462,Gundlapally,2026-02-17,Home visit,Phone switched off,CHO,FAC012,E0001402,General adherence
OUT0001519,OUP0000688,Naveen Mudiraj,9439187489,Manoor,2026-05-05,Home visit,Reached; counselled,ASHA,FAC019,E0001403,Test completion
OUT0001520,OUP0000688,Naween Mudiraj,9439187489,Manoor,2026-04-29,Village health day reminder,Reached; promised follow-up,CHO,FAC019,E0001403,Review visit
OUT0001521,OUP0000689,Srilatha Kumar,9571846237,Manoor,2026-07-01,Phone call,Reached; promised follow-up,ASHA,FAC021,E0001404,Review visit
OUT0001522,OUP0000690,Lalita Laxman,9221868718,Chandur,2026-04-16,Home visit,Reached; promised follow-up,CHO,FAC015,E0001405,Medicine pickup
OUT0001523,OUP0000691,Rajesh Das,9107839919,Patancheru,2026-08-21,Home visit,Reached; promised follow-up,CHO,FAC025,E0001406,Medicine pickup
OUT0001524,OUP0000692,Raghav Goud,+91-92765-14449,Manoor,2026-06-13,Village health day reminder,No answer,CHO,FAC020,E0001407,Medicine pickup
OUT0001525,OUP0000692,Raghav Goud,9276514449,Manoor,2026-07-05,Home visit,Patient unavailable,CHO,FAC020,E0001407,Medicine pickup
OUT0001526,OUP0000692,Raghav Goud,9276514449,MANOOR,2026-06-27,Village health day reminder,Family member reached,CHO,FAC020,E0001407,Review visit
OUT0001527,OUP0000692,Raghav Goud,9276514449,Manoor,2026-08-14,Home visit,Phone switched off,CHO,FAC019,E0001408,Medicine pickup
OUT0001528,OUP0000693,Padma Naik,,Velpula,2026-04-25,Phone call,Reached; promised follow-up,CHO,FAC009,E0001409,Medicine pickup
OUT0001529,OUP0000693,Padma Naik,9213552463,Velpula,2026-04-30,Phone call,Wrong number,ASHA,FAC009,E0001409,Review visit
OUT0001530,OUP0000694,Lakshmi Shekar,9840885650,Jharasangam,2026-07-10,Phone call,Reached; promised follow-up,ASHA,FAC024,E0001410,Medicine pickup
OUT0001531,OUP0000694,Lakshmi Shekar,9840885650,Jharasangam,2026-07-09,Phone call,Family member reached,CHO,FAC024,E0001410,General adherence
OUT0001532,OUP0000695,Rjesh Khan,9635005407,NARAYANKHED,2026-08-19,Home visit,Reached; counselled,CHO,FAC020,E0001413,Medicine pickup
OUT0001533,OUP0000695,Rajesh Khan,9635005407,Narayankhed,2026-09-03,Phone call,Reached; counselled,CHO,FAC020,E0001413,Medicine pickup
OUT0001534,OUP0000695,Rajesh Khan,9635005407,Narayankhed,2026-08-27,Phone call,No answer,ASHA,FAC020,E0001413,General adherence
OUT0001535,OUP0000696,Padma Rao,9411663876,Nomula,2026-02-11,Phone call,Reached; counselled,ASHA,FAC016,E0001416,Medicine pickup
OUT0001536,OUP0000697,Venkatesh Mallaiah,9225285316,Bhanur,2026-06-29,Home visit,Patient unavailable,ASHA,FAC025,E0001417,General adherence
OUT0001537,OUP0000697,Venkatesh Mallaiah,9225285316,Bhanur,2026-07-08,Home visit,Reached; promised follow-up,ASHA,FAC025,E0001417,General adherence
OUT0001538,OUP0000698,Srinivas Goud,,Indresham,2026-05-21,Phone call,Reached; counselled,CHO,FAC026,E0001418,Test completion
OUT0001539,OUP0000698,Srinivas Goud,9023013447,Indresham,2026-05-19,Village health day reminder,Patient unavailable,CHO,FAC026,E0001418,General adherence
OUT0001540,OUP0000698,Srinivas Goud,9023013447,Indresham,2026-05-18,Phone call,Family member reached,ASHA,FAC026,E0001418,Review visit
OUT0001541,OUP0000699,Shankar Chary,9357174268,Zaheerabad,2026-04-27,Phone call,Reached; counselled,ASHA,FAC023,E0001419,Review visit
OUT0001542,OUP0000700,Mohan,9428302184,GUNDLAPALLY,2026-01-24,Phone call,Reached; counselled,CHO,FAC012,E0001420,Medicine pickup
OUT0001543,OUP0000700,Mohan Jangam,+91-94283-02184,Gundlapally,2026-02-01,Home visit,Phone switched off,CHO,FAC012,E0001420,Medicine pickup
OUT0001544,OUP0000701,Deepika Naik,9839875649,Devarakonda,2026-03-26,Phone call,Family member reached,CHO,FAC011,E0001421,Review visit
OUT0001545,OUP0000701,Deepika Naik,9839875649,Devarakonda,2026-03-30,Phone call,Phone switched off,CHO,FAC011,E0001421,Test completion
OUT0001546,OUP0000702,Kavitha Das,9719480043,Balanaga,2026-04-29,Village health day reminder,Reached; promised follow-up,CHO,FAC006,E0001422,General adherence
OUT0001547,OUP0000703,Srinivas Begum,9470219679,MANOOR,2026-03-25,Home visit,Family member reached,ASHA,FAC019,E0001424,Medicine pickup
OUT0001548,OUP0000704,Mounika Basha,9651549753,Gangapur,2026-03-07,Phone call,Reached; counselled,ASHA,FAC001,E0001427,Test completion
OUT0001549,OUP0000705,Praveen Goud,9060644742,Polepally,2026-02-25,Phone call,Reached; promised follow-up,CHO,FAC002,E0001428,Medicine pickup
OUT0001550,OUP0000705,Praveen Goud,9060644742,Polepally,2026-02-25,Home visit,Reached; promised follow-up,CHO,FAC002,E0001428,Review visit
OUT0001551,OUP0000705,Praveen,9060644742,Polepally,2026-03-03,WhatsApp/SMS,Wrong number,ASHA,FAC002,E0001428,General adherence
OUT0001552,OUP0000705,Praveen Goud,9060644742,Polepally,2026-03-28,Phone call,Reached; promised follow-up,ASHA,FAC001,E0001429,General adherence
OUT0001553,OUP0000706,Anitha Narsimha,9758999402,Ameenpur,2026-03-09,Phone call,Reached; promised follow-up,ASHA,FAC026,E0001430,Medicine pickup
OUT0001554,OUP0000706,Anitha Narsimha,9758999402,Ameenpur,2026-03-22,Phone call,Family member reached,ASHA,FAC026,E0001430,General adherence
OUT0001555,OUP0000707,Praveen Naeek,9719540505,Midjil,2026-03-17,Phone call,Reached; promised follow-up,CHO,FAC009,E0001433,General adherence
OUT0001556,OUP0000707,Praveen Naik,9719540505,Midjil,2026-03-15,Phone call,Phone switched off,ASHA,FAC009,E0001433,Review visit
OUT0001557,OUP0000708,Lalitha Naik,,Indresham,2026-08-22,Phone call,Wrong number,CHO,FAC026,E0001434,Test completion
OUT0001558,OUP0000709,Renuka Basha,+91-92018-76366,Bangarigadda,2026-04-24,Home visit,No answer,CHO,FAC013,E0001435,Review visit
OUT0001559,OUP0000709,Renuk Basha,+91-92018-76366,Bangarigadd,2026-05-12,Village health day reminder,Reached; promised follow-up,ASHA,FAC013,E0001435,Test completion
OUT0001560,OUP0000710,Sushma Krishna,9759933240,Bodajanampet,2026-08-07,Phone call,Family member reached,CHO,FAC005,E0001436,General adherence
OUT0001561,OUP0000710,Sushma Krishna,9759933240,Bodajanampet,2026-08-10,Phone call,Family member reached,ASHA,FAC005,E0001436,Review visit
OUT0001562,OUP0000711,Ravi Rao,9154284270,Zaheerabad,2026-02-25,Phone call,Reached; counselled,CHO,FAC022,E0001438,Medicine pickup
OUT0001563,OUP0000711,Ravi Rao,9154284270,ZAHEERABAD,2026-03-11,Phone call,Family member reached,ASHA,FAC022,E0001438,Test completion
OUT0001564,OUP0000712,Srinivas Mallaiah,+91-93477-74201,Macharam,2026-03-06,WhatsApp/SMS,Family member reached,CHO,FAC003,E0001439,Medicine pickup
OUT0001565,OUP0000712,Srinivas Mallaiah,9347774201,Macharam,2026-03-07,Phone call,Family member reached,CHO,FAC003,E0001439,Test completion
OUT0001566,OUP0000713,Lalitha Devi,9017177019,Devarakonda,2026-04-08,Home visit,Reached; counselled,CHO,FAC011,E0001440,Review visit
OUT0001567,OUP0000713,Lalitha Devi,9017177019,Devarakonda,2026-04-06,Phone call,Family member reached,CHO,FAC011,E0001440,Test completion
OUT0001568,OUP0000714,Venkatesh Patel,9227295226,Mogudampally,2026-07-02,Phone call,Phone switched off,ASHA,FAC023,E0001442,Test completion
OUT0001569,OUP0000714,Venkatesh Patel,9227295226,Mogudampalli,2026-06-19,Home visit,No answer,CHO,FAC023,E0001442,Test completion
OUT0001570,OUP0000715,Padma Naik,9545809902,Narayankhed,2026-02-19,WhatsApp/SMS,Reached; counselled,CHO,FAC021,E0001443,Review visit
OUT0001571,OUP0000716,Sai Shekar,9328241990,Donur,2026-07-14,Phone call,Reached; promised follow-up,CHO,FAC007,E0001444,General adherence
OUT0001572,OUP0000716,Sai sekar,9328241990,Donur,2026-07-11,Home visit,Family member reached,CHO,FAC007,E0001444,Review visit
OUT0001573,OUP0000717,Santosh Laxman,,Kondamallepally,2026-07-07,WhatsApp/SMS,Reached; promised follow-up,ASHA,FAC011,E0001445,Test completion
OUT0001574,OUP0000718,Shankar Goud,9112698396,Indresham,2026-03-11,Home visit,Reached; promised follow-up,CHO,FAC027,E0001446,Test completion
OUT0001575,OUP0000718,Shankar Goud,9112698396,Indresha,2026-03-10,WhatsApp/SMS,No answer,CHO,FAC027,E0001446,Medicine pickup
OUT0001576,OUP0000718,Shankar Goud,9112698396,Indresham,2026-08-29,Home visit,No answer,CHO,FAC025,E0001447,Review visit
OUT0001577,OUP0000718,Shankar Goud,9112698396,Indresha,2026-09-01,Phone call,No answer,ASHA,FAC025,E0001447,Test completion
OUT0001578,OUP0000719,Lakshmee Naik,+91-90435-08505,Gundlapally,2026-07-20,Phone call,Family member reached,CHO,FAC012,E0001448,Review visit
OUT0001579,OUP0000720,Rani Reddy,9074226389,Vemula,2026-01-30,WhatsApp/SMS,Reached; promised follow-up,ASHA,FAC009,E0001449,Test completion
OUT0001580,OUP0000720,Rani Reddy,+91-90742-26389,Vemula,2026-02-01,Village health day reminder,Family member reached,CHO,FAC009,E0001449,Review visit
OUT0001581,OUP0000720,Rani Reddy,9074226389,Vemula,2026-02-17,Home visit,Reached; promised follow-up,ASHA,FAC009,E0001449,General adherence
OUT0001582,OUP0000721,Naveen Shekar,9966229154,Jharasangam,2026-06-27,Phone call,Reached; promised follow-up,ASHA,FAC023,E0001450,General adherence
OUT0001583,OUP0000721,Naveen Shekar,9966229154,Jharasangam,2026-07-02,Phone call,Reached; counselled,ASHA,FAC023,E0001450,General adherence
OUT0001584,OUP0000721,Naveen Shekar,9966229154,Jharasangam,2026-08-01,Phone call,Family member reached,CHO,FAC022,E0001451,General adherence
OUT0001585,OUP0000722,Raju Yadav,9192520999,Kalher,2026-06-24,Phone call,No answer,CHO,FAC020,E0001452,General adherence
OUT0001586,OUP0000722,Raju Yadav,9192520999,Kalher,2026-07-22,WhatsApp/SMS,Family member reached,ASHA,FAC021,E0001453,Test completion
OUT0001587,OUP0000723,Srinivas Mudiraj,9732567264,Macharam,2026-01-16,Phone call,Phone switched off,CHO,FAC002,E0001455,General adherence
OUT0001588,OUP0000724,Kiran Rao,9077688344,Manoor,2026-02-08,Phone call,Reached; counselled,CHO,FAC020,E0001456,Test completion
OUT0001589,OUP0000725,Saritha Mudiraj,9305627851,INDRESHAM,2026-04-29,Village health day reminder,Reached; promised follow-up,ASHA,FAC027,E0001457,Test completion
OUT0001590,OUP0000726,Rghav Shekar,9747177837,Badepally,2026-06-13,Home visit,Patient unavailable,CHO,FAC003,E0001459,Review visit
OUT0001591,OUP0000726,Raghav Shekar,9797177837,Badepally,2026-06-15,Phone call,Reached; counselled,CHO,FAC003,E0001459,Test completion
OUT0001592,OUP0000726,Raghav Shekar,9747177807,Badepally,2026-06-03,WhatsApp/SMS,Family member reached,CHO,FAC003,E0001459,Review visit
OUT0001593,OUP0000727,Raju Khan,9353665973,Zaheerabad,2026-07-01,Home visit,Family member reached,ASHA,FAC022,E0001462,General adherence
OUT0001594,OUP0000727,Raju Khan,9353665973,ZAHEERABAD,2026-07-13,Phone call,Family member reached,ASHA,FAC022,E0001462,Review visit
OUT0001595,OUP0000727,Raju Khan,9353665973,Zaheerabad,2026-09-01,Phone call,Phone switched off,ASHA,FAC022,E0001463,General adherence
OUT0001596,OUP0000728,Ravi Goud,9584796500,Gangapur,2026-04-16,WhatsApp/SMS,Reached; promised follow-up,ASHA,FAC002,E0001466,Medicine pickup
OUT0001597,OUP0000728,Ravi Goud,9584796500,GANGAPUR,2026-04-17,Phone call,Reached; promised follow-up,ASHA,FAC002,E0001466,Medicine pickup
OUT0001598,OUP0000728,Ravi Goud,9584796500,Gangapur,2026-05-06,Phone call,Wrong number,ASHA,FAC002,E0001466,Review visit
OUT0001599,OUP0000729,Harika Basha,9592059044,Polepally,2026-02-04,Home visit,Reached; promised follow-up,CHO,FAC003,E0001467,Medicine pickup
OUT0001600,OUP0000729,Harika Basha,9592019044,Polepally,2026-02-20,Phone call,Phone switched off,CHO,FAC003,E0001467,Review visit
OUT0001601,OUP0000729,Harika Basha,9592059044,Polepally,2026-02-01,WhatsApp/SMS,Phone switched off,CHO,FAC003,E0001467,Medicine pickup
OUT0001602,OUP0000730,Srinivas Devi,9063858830,POLEPALLY,2026-08-05,Phone call,Family member reached,ASHA,FAC003,E0001468,Medicine pickup
OUT0001603,OUP0000730,Srinivas Devi,9063858830,Polepally,2026-07-22,Phone call,Patient unavailable,CHO,FAC003,E0001468,Review visit
OUT0001604,OUP0000730,Srinivas Devi,9063858830,Polepally,2026-07-24,WhatsApp/SMS,Phone switched off,ASHA,FAC003,E0001468,Test completion
OUT0001605,OUP0000731,Divya Reddy,9145224252,VELPULA,2026-05-27,Village health day reminder,Phone switched off,ASHA,FAC008,E0001469,Review visit
OUT0001606,OUP0000731,Divya Reddy,9145224252,VELPULA,2026-05-18,Phone call,Patient unavailable,ASHA,FAC008,E0001469,General adherence
OUT0001607,OUP0000732,Rajesh Jangam,9603140612,KUMMARIKUNTA,2026-02-16,Phone call,Reached; promised follow-up,CHO,FAC014,E0001470,General adherence
OUT0001608,OUP0000732,Rajesh Jangam,9603140612,Kummarikunta,2026-02-25,Home visit,Wrong number,ASHA,FAC014,E0001470,General adherence
OUT0001609,OUP0000733,Srinivas Shekar,9208771617,Nakrekal,2026-02-04,Home visit,Phone switched off,CHO,FAC017,E0001472,Review visit
OUT0001610,OUP0000733,Srinivas Shekar,,Nakrekal,2026-02-07,Phone call,Reached; promised follow-up,ASHA,FAC017,E0001472,Review visit
OUT0001611,OUP0000734,Raghav Devi,9996292520,Kummarikunta,2026-06-23,WhatsApp/SMS,Family member reached,CHO,FAC014,E0001473,Review visit
OUT0001612,OUP0000734,Raghav Devi,9996292520,Kummarikunta,2026-08-09,Village health day reminder,Reached; promised follow-up,ASHA,FAC015,E0001474,Medicine pickup
OUT0001613,OUP0000734,Raghav Devi,,Kummarikunta,2026-08-09,Phone call,Patient unavailable,CHO,FAC015,E0001474,Medicine pickup
OUT0001614,OUP0000735,Raghav Goud,9423297833,Vemula,2026-07-30,Home visit,Reached; promised follow-up,ASHA,FAC008,E0001477,General adherence
OUT0001615,OUP0000736,Anjali Shekar,9352235225,Gundlapally,2026-02-09,Phone call,Reached; counselled,CHO,FAC012,E0001480,General adherence
OUT0001616,OUP0000736,Anjali Shekar,9352235225,GUNDLAPALLY,2026-02-19,Home visit,Reached; promised follow-up,ASHA,FAC012,E0001480,Review visit
OUT0001617,OUP0000736,Anjali Shekar,9352235225,Gundlapally,2026-02-19,Home visit,Reached; promised follow-up,CHO,FAC012,E0001480,Review visit
OUT0001618,OUP0000736,Anjali Shekar,9352235225,Gundlapally,2026-08-19,Village health day reminder,Patient unavailable,CHO,FAC012,E0001481,Medicine pickup
OUT0001619,OUP0000736,Anjali Shekar,,Gundlapall,2026-08-28,Phone call,No answer,CHO,FAC012,E0001481,Test completion
OUT0001620,OUP0000737,Bhavani Naik,9920198947,Rajapur,2026-04-18,Phone call,Wrong number,ASHA,FAC006,E0001482,Review visit
OUT0001621,OUP0000737,Bhvani Naik,9923198947,Rajapur,2026-04-20,Home visit,Wrong number,ASHA,FAC006,E0001482,General adherence
OUT0001622,OUP0000738,Swathi Laxman,9629140581,Polepally,2026-03-10,Village health day reminder,Reached; counselled,ASHA,FAC003,E0001484,General adherence
OUT0001623,OUP0000738,Swathi Laxman,9629140581,Polepalli,2026-03-12,Home visit,Family member reached,CHO,FAC003,E0001484,Test completion
OUT0001624,OUP0000738,Swathi Laxman,9629140581,Polepally,2026-03-23,Home visit,No answer,CHO,FAC003,E0001484,Test completion
OUT0001625,OUP0000739,Swathi Yadav,9442902629,Vemula,2026-05-17,Home visit,Family member reached,CHO,FAC009,E0001486,General adherence
OUT0001626,OUP0000739,Swathi Yadav,9441902629,Vemula,2026-05-01,Phone call,Wrong number,ASHA,FAC009,E0001486,Review visit
OUT0001627,OUP0000740,Bhavani Yadav,+91-96716-46453,Devarakonda,2026-04-01,Phone call,Family member reached,CHO,FAC010,E0001487,Test completion
OUT0001628,OUP0000740,Bhavani Yadav,9671646453,Devarakonda,2026-04-07,Home visit,Wrong number,CHO,FAC010,E0001487,Test completion
OUT0001629,OUP0000740,Bhavani Yadav,9671646453,Devarakonda,2026-04-03,WhatsApp/SMS,Patient unavailable,ASHA,FAC010,E0001487,Test completion
OUT0001630,OUP0000741,Lakshmi Krishna,+91-96775-56183,Polepalli,2026-05-20,WhatsApp/SMS,Reached; counselled,CHO,FAC002,E0001488,Test completion
OUT0001631,OUP0000741,Lakshmi Krishna,9677556183,POLEPALLY,2026-05-19,WhatsApp/SMS,No answer,CHO,FAC002,E0001488,Test completion
OUT0001632,OUP0000742,Bhavani Jangam,9444064650,Badepally,2026-07-08,Village health day reminder,Phone switched off,ASHA,FAC001,E0001491,General adherence
OUT0001633,OUP0000742,Bhavani Jangam,+91-94440-64650,Badepally,2026-07-12,Phone call,Reached; promised follow-up,CHO,FAC001,E0001491,Review visit
OUT0001634,OUP0000742,Bhavanee Jangam,9444064650,Badepally,2026-07-16,WhatsApp/SMS,Reached; counselled,CHO,FAC001,E0001491,Review visit
OUT0001635,OUP0000743,Jyothi Basha,9342699376,Bodajanampet,2026-03-23,Phone call,Reached; promised follow-up,ASHA,FAC005,E0001492,Review visit
OUT0001636,OUP0000744,Bhavani,9186452806,Bhanur,2026-01-21,WhatsApp/SMS,No answer,CHO,FAC025,E0001493,Medicine pickup
OUT0001637,OUP0000745,Rajesh Narsimha,,Zaheerabad,2026-08-14,Home visit,Patient unavailable,ASHA,FAC024,E0001494,Review visit
OUT0001638,OUP0000745,Rajesh Narsimha,9685036156,ZAHEERABAD,2026-08-18,Home visit,Phone switched off,CHO,FAC024,E0001494,Medicine pickup
OUT0001639,OUP0000746,Nresh Kumar,9572166731,Marrur,2026-03-01,Home visit,Reached; promised follow-up,ASHA,FAC017,E0001495,Review visit
OUT0001640,OUP0000747,Arun Narsimha,9768184472,Jharasangam,2026-06-23,Home visit,Reached; counselled,ASHA,FAC022,E0001499,Test completion
OUT0001641,OUP0000747,Arun Narsimha,+91-97681-84472,Jharasangam,2026-07-31,Home visit,Reached; counselled,ASHA,FAC024,E0001500,Medicine pickup
OUT0001642,OUP0000748,Lalitha Patel,+91-92702-03243,Kangti,2026-07-08,Phone call,Wrong number,ASHA,FAC019,E0001502,Review visit
OUT0001643,OUP0000748,Lalitha Patel,9270203243,Kangt,2026-07-19,Village health day reminder,Phone switched off,CHO,FAC019,E0001502,Medicine pickup
OUT0001644,OUP0000749,Divya Reddy,9112695647,Gangapur,2026-02-24,Home visit,Reached; promised follow-up,ASHA,FAC003,E0001504,Test completion
OUT0001645,OUP0000749,Divya,9112695647,Gangapur,2026-02-26,Phone call,Reached; promised follow-up,ASHA,FAC003,E0001504,Medicine pickup
OUT0001646,OUP0000750,Kiran Patel,+91-99447-64534,Nakrekal,2026-07-17,Phone call,Family member reached,CHO,FAC016,E0001506,Review visit
OUT0001647,OUP0000751,Naveen Mudiraj,9012277846,Macharam,2026-04-17,Phone call,Phone switched off,CHO,FAC001,E0001507,Test completion
OUT0001648,OUP0000751,Naveen,+91-90122-77846,Macharam,2026-04-08,Home visit,Reached; counselled,CHO,FAC001,E0001507,General adherence
OUT0001649,OUP0000752,Rani Das,9631174830,Balanagar,2026-03-12,Home visit,Reached; counselled,ASHA,FAC005,E0001510,Test completion
OUT0001650,OUP0000752,Rani Das,9631174830,BALANAGAR,2026-03-19,Home visit,Wrong number,ASHA,FAC005,E0001510,General adherence
OUT0001651,OUP0000752,Rani Das,9631174830,Balanagar,2026-03-29,Village health day reminder,Reached; promised follow-up,CHO,FAC005,E0001510,General adherence
OUT0001652,OUP0000753,Vinod Basha,,Vemula,2026-05-27,Village health day reminder,Reached; counselled,CHO,FAC009,E0001511,Test completion
OUT0001653,OUP0000754,Shobha Begum,9793668729,Manoor,2026-06-04,Home visit,Patient unavailable,CHO,FAC020,E0001512,Test completion
OUT0001654,OUP0000754,sobha Begum,9793668729,Manoor,2026-06-06,Phone call,Wrong number,ASHA,FAC020,E0001512,Medicine pickup
OUT0001655,OUP0000755,Divya Chary,9258997655,Kallepally,2026-02-09,Village health day reminder,Reached; counselled,ASHA,FAC005,E0001513,Test completion
OUT0001656,OUP0000756,Padma Khan,9589817960,Kalher,2026-02-25,Village health day reminder,Patient unavailable,CHO,FAC021,E0001514,Review visit
OUT0001657,OUP0000756,Padma Khan,9589817960,Kalher,2026-02-21,Home visit,Phone switched off,CHO,FAC021,E0001514,Review visit
OUT0001658,OUP0000757,Sai Jangam,9862135984,Bangarigadda,2026-04-09,Home visit,Patient unavailable,ASHA,FAC015,E0001515,Review visit
OUT0001659,OUP0000757,Saee Jangam,9862135984,Bangarigadda,2026-06-02,Phone call,Reached; promised follow-up,ASHA,FAC015,E0001516,Medicine pickup
OUT0001660,OUP0000757,Sai Jangam,9862135984,Bangarigadda,2026-06-13,Phone call,Reached; promised follow-up,ASHA,FAC015,E0001516,Review visit
OUT0001661,OUP0000757,Sai Jangam,+91-98621-35984,Bangarigadda,2026-05-28,WhatsApp/SMS,Reached; counselled,CHO,FAC015,E0001516,General adherence
OUT0001662,OUP0000758,Anil Reddy,+91-96264-65056,Donur,2026-04-29,Home visit,Reached; counselled,CHO,FAC008,E0001518,Review visit
OUT0001663,OUP0000758,Anil Reddy,9626465056,Donur,2026-04-26,Village health day reminder,Wrong number,CHO,FAC008,E0001518,Review visit
OUT0001664,OUP0000759,Santosh Krishna,,Peddadinne,2026-02-05,Phone call,Phone switched off,CHO,FAC010,E0001520,Medicine pickup
OUT0001665,OUP0000759,Sntosh Krishna,,Peddadinne,2026-02-14,Phone call,Patient unavailable,ASHA,FAC010,E0001520,General adherence
OUT0001666,OUP0000760,Sushma Kumar,9399397127,PATANCHERU,2026-01-18,Village health day reminder,Family member reached,ASHA,FAC025,E0001521,Review visit
OUT0001667,OUP0000761,Mounika Patel,+91-94770-03980,Badepally,2026-02-11,WhatsApp/SMS,Reached; promised follow-up,CHO,FAC002,E0001523,Review visit
OUT0001668,OUP0000762,Rajesh Shekar,9405132792,Kangti,2026-05-07,WhatsApp/SMS,Wrong number,ASHA,FAC019,E0001524,Review visit
OUT0001669,OUP0000762,Rajesh Shekar,,KANGTI,2026-05-25,Phone call,Phone switched off,CHO,FAC019,E0001524,Review visit
OUT0001670,OUP0000763,Saritha Naik,9193571771,Jharasangam,2026-06-24,Phone call,Family member reached,ASHA,FAC022,E0001526,Medicine pickup
OUT0001671,OUP0000763,Saritha Naik,9193571771,Jharasangam,2026-07-03,Village health day reminder,Reached; promised follow-up,CHO,FAC022,E0001526,Test completion
OUT0001672,OUP0000764,Anil Kumar,9327947902,Vemula,2026-03-25,Phone call,Reached; promised follow-up,ASHA,FAC007,E0001528,Medicine pickup
OUT0001673,OUP0000765,Anitha Goud,9793072869,Kangti,2026-02-26,Phone call,Reached; promised follow-up,ASHA,FAC019,E0001529,Review visit
OUT0001674,OUP0000765,Anitha Goud,9793072869,Kangti,2026-03-01,Phone call,Family member reached,ASHA,FAC019,E0001529,Medicine pickup
OUT0001675,OUP0000766,Mahesh Khan,9897065929,Marrur,2026-08-04,Home visit,Family member reached,CHO,FAC016,E0001530,General adherence
OUT0001676,OUP0000766,Mahesh Khan,9897065929,Marrur,2026-08-16,Phone call,Reached; counselled,CHO,FAC016,E0001530,General adherence
OUT0001677,OUP0000767,Santosh,9652841185,Ameenpur,2026-08-16,Phone call,Reached; promised follow-up,CHO,FAC026,E0001533,Medicine pickup
OUT0001678,OUP0000767,Santosh Kumar,9652841185,Ameenpur,2026-08-21,Phone call,Reached; promised follow-up,CHO,FAC026,E0001533,Review visit
OUT0001679,OUP0000768,Suresh Mudeeraj,9388283785,Zaheerabad,2026-08-18,Home visit,Patient unavailable,CHO,FAC022,E0001534,General adherence
OUT0001680,OUP0000768,Suresh Mudiraj,9388283785,Zaheerabad,2026-08-12,Home visit,Family member reached,CHO,FAC022,E0001534,General adherence
OUT0001681,OUP0000769,Rajesh Reddy,9088053010,Devarakonda,2026-01-31,Home visit,Reached; promised follow-up,CHO,FAC011,E0001535,Medicine pickup
OUT0001682,OUP0000769,Rajesh Reddy,9088053010,Devarakonda,2026-01-29,Phone call,Family member reached,CHO,FAC011,E0001535,Medicine pickup
OUT0001683,OUP0000769,Rajesh Reddy,9088053010,DEVARAKONDA,2026-02-06,Village health day reminder,Wrong number,CHO,FAC011,E0001535,General adherence
OUT0001684,OUP0000770,Naveen Khan,9207604901,Bangarigadda,2026-01-18,Home visit,Reached; promised follow-up,ASHA,FAC015,E0001538,General adherence
OUT0001685,OUP0000770,Naveen Khan,9207604901,Bangarigadda,2026-02-02,Village health day reminder,Family member reached,ASHA,FAC015,E0001538,Review visit
OUT0001686,OUP0000770,Naveen Khan,9307604901,Bangarigadda,2026-05-01,Phone call,Reached; promised follow-up,CHO,FAC013,E0001539,General adherence
OUT0001687,OUP0000770,Naveen Khan,+91-92076-04901,Bangarigadda,2026-04-30,Phone call,Reached; promised follow-up,CHO,FAC013,E0001539,General adherence
OUT0001688,OUP0000770,Naveen Khan,9207604901,Bangarigadda,2026-05-02,Phone call,Reached; promised follow-up,ASHA,FAC013,E0001539,General adherence
OUT0001689,OUP0000770,Naveen Khan,9207604901,Bangarigadda,2026-06-24,WhatsApp/SMS,Reached; promised follow-up,ASHA,FAC014,E0001540,General adherence
OUT0001690,OUP0000770,Naveen Khan,9207604901,Bangarigadda,2026-07-06,WhatsApp/SMS,Family member reached,CHO,FAC014,E0001540,Review visit
OUT0001691,OUP0000770,Naveen Khan,9207604901,Bangarigadda,2026-07-22,Phone call,Family member reached,ASHA,FAC014,E0001540,Medicine pickup
OUT0001692,OUP0000771,Deepika Mudiraj,9289005439,Kondamallepally,2026-05-22,Phone call,Reached; promised follow-up,CHO,FAC010,E0001541,Test completion
OUT0001693,OUP0000771,Deepika Mudiraj,9289005439,Kondamallepally,2026-06-01,Home visit,Patient unavailable,CHO,FAC010,E0001541,Test completion
OUT0001694,OUP0000771,Deepika Mudiraj,9289005439,Kondamallepally,2026-05-30,Home visit,Reached; promised follow-up,ASHA,FAC010,E0001541,Review visit
OUT0001695,OUP0000772,Rajesh Reddy,9041816067,Mangalapally,2026-02-13,Home visit,Reached; counselled,ASHA,FAC018,E0001543,Review visit
OUT0001696,OUP0000772,Rajesh Reddy,+91-90418-16067,Mangalapally,2026-02-12,WhatsApp/SMS,Patient unavailable,ASHA,FAC018,E0001543,General adherence
OUT0001697,OUP0000772,Rajesh Reddy,9041816067,Mangalapally,2026-02-20,Phone call,Phone switched off,ASHA,FAC018,E0001543,Medicine pickup
OUT0001698,OUP0000772,Rajesh Reddy,9041816067,Mangalapally,2026-07-11,Home visit,Reached; counselled,ASHA,FAC017,E0001544,Review visit
OUT0001699,OUP0000772,Rajesh Reddy,9041816087,Mangalapally,2026-07-16,Phone call,Reached; promised follow-up,ASHA,FAC017,E0001544,General adherence
OUT0001700,OUP0000772,Rjesh Reddy,9041816067,Mangalapally,2026-07-15,Home visit,Family member reached,CHO,FAC017,E0001544,Review visit
OUT0001701,OUP0000773,Shobha Devi,+91-91828-32330,Marrur,2026-06-22,Village health day reminder,No answer,CHO,FAC017,E0001548,Review visit
OUT0001702,OUP0000774,Harika Mudiraj,9112732334,Bangarigadda,2026-07-01,Village health day reminder,Family member reached,ASHA,FAC014,E0001549,Test completion
OUT0001703,OUP0000774,Hareeka Mudiraj,,Bangarigadda,2026-07-03,Home visit,Family member reached,ASHA,FAC014,E0001549,Medicine pickup
OUT0001704,OUP0000775,Lalitha Narsimha,9234887888,Velpula,2026-06-22,Village health day reminder,Phone switched off,CHO,FAC007,E0001552,General adherence
OUT0001705,OUP0000776,Anjali Rao,9537929411,Kangti,2026-08-03,Phone call,Patient unavailable,CHO,FAC020,E0001555,Review visit
OUT0001706,OUP0000777,Suresh Chary,9141030622,Bodajanampet,2026-04-30,Home visit,Family member reached,CHO,FAC005,E0001556,Review visit
OUT0001707,OUP0000777,Suresh Chary,9141030622,Bodajanampet,2026-05-14,Phone call,Reached; promised follow-up,CHO,FAC005,E0001556,Medicine pickup
OUT0001708,OUP0000778,Nirmala Mudiraj,9956733509,Midjil,2026-05-13,Phone call,Reached; promised follow-up,ASHA,FAC008,E0001558,Test completion
OUT0001709,OUP0000778,Nirmala Mudiraj,9956733509,Midjil,2026-05-09,Village health day reminder,Wrong number,ASHA,FAC008,E0001558,General adherence
OUT0001710,OUP0000779,Ramesh Reddy,9705270486,BADEPALLY,2026-03-07,Home visit,Reached; promised follow-up,CHO,FAC002,E0001561,Medicine pickup
OUT0001711,OUP0000779,Ramesh Reddy,9705270486,Badepally,2026-03-13,Phone call,No answer,CHO,FAC002,E0001561,Medicine pickup
OUT0001712,OUP0000780,Venkates Mudiraj,9144624626,Gangapur,2026-06-01,Home visit,Reached; promised follow-up,ASHA,FAC001,E0001563,Test completion
OUT0001713,OUP0000780,Venkatesh Mudiraj,9144624626,Gangapur,2026-06-08,Home visit,Reached; promised follow-up,ASHA,FAC001,E0001563,Review visit
OUT0001714,OUP0000780,Venkatesh Mudiraj,+91-91446-24626,Gangapur,2026-07-18,Village health day reminder,Family member reached,ASHA,FAC002,E0001564,General adherence
OUT0001715,OUP0000780,wenkatesh Mudiraj,9144624626,Gangapur,2026-08-10,Home visit,Reached; counselled,ASHA,FAC001,E0001565,General adherence
OUT0001716,OUP0000780,Venkatesh Mudiraj,9144624626,Gangapur,2026-08-09,Home visit,Wrong number,ASHA,FAC001,E0001565,Test completion
OUT0001717,OUP0000781,Mahesh Basha,9626176666,Nomula,2026-03-19,Phone call,Reached; promised follow-up,CHO,FAC016,E0001566,Review visit
OUT0001718,OUP0000782,Kaveetha Das,9456627767,Kangti,2026-02-07,Phone call,Wrong number,ASHA,FAC021,E0001567,Medicine pickup
OUT0001719,OUP0000783,Arun Begum,9651934184,Kangti,2026-05-11,Phone call,Family member reached,CHO,FAC019,E0001568,Review visit
OUT0001720,OUP0000783,Arun Begum,+91-96519-34184,Kangti,2026-05-16,Phone call,No answer,CHO,FAC019,E0001568,Review visit
OUT0001721,OUP0000783,Arun Begum,,KANGTI,2026-05-05,Home visit,Reached; promised follow-up,ASHA,FAC019,E0001568,General adherence
OUT0001722,OUP0000784,Kiran Goud,+91-98973-58667,Nakrekal,2026-02-14,Home visit,Reached; promised follow-up,ASHA,FAC016,E0001572,Review visit
OUT0001723,OUP0000784,Kiran Goud,9897358667,Nakrekal,2026-02-24,Phone call,Reached; promised follow-up,CHO,FAC016,E0001572,Test completion
OUT0001724,OUP0000785,Ramesh Jangam,9746577975,Indresham,2026-05-22,Phone call,Reached; promised follow-up,ASHA,FAC025,E0001573,General adherence
OUT0001725,OUP0000786,Renuka Narsimha,9381214730,Kohir,2026-06-29,Home visit,Reached; promised follow-up,CHO,FAC023,E0001575,Test completion
OUT0001726,OUP0000786,Renuka Narsimha,9389214730,Kohir,2026-06-26,WhatsApp/SMS,Reached; promised follow-up,ASHA,FAC023,E0001575,Review visit
OUT0001727,OUP0000786,Renuka Narsimha,9381214790,Kohir,2026-07-05,Home visit,Wrong number,CHO,FAC023,E0001575,Test completion
OUT0001728,OUP0000786,Renuka Narsimha,9381214730,Kohir,2026-07-25,Phone call,Reached; promised follow-up,CHO,FAC024,E0001577,Medicine pickup
OUT0001729,OUP0000786,Renuka Narsimha,9381214730,Kohir,2026-08-02,WhatsApp/SMS,Family member reached,ASHA,FAC024,E0001577,General adherence
OUT0001730,OUP0000787,Shobha Rao,9027805213,Zaheerabad,2026-03-27,Phone call,Phone switched off,ASHA,FAC022,E0001579,Medicine pickup
OUT0001731,OUP0000787,Shobha Rao,+91-90278-05213,Zaheerabad,2026-03-30,WhatsApp/SMS,Wrong number,CHO,FAC022,E0001579,Medicine pickup
OUT0001732,OUP0000787,Shobha Rao,9027805213,Zaheerabad,2026-03-30,Village health day reminder,Family member reached,ASHA,FAC022,E0001579,Review visit
OUT0001733,OUP0000788,Naveen Patel,9538182112,Macharam,2026-05-25,Home visit,Reached; counselled,CHO,FAC001,E0001580,Medicine pickup
OUT0001734,OUP0000789,Mohan Naik,+91-96241-66562,Kondamallepally,2026-08-20,Home visit,Family member reached,CHO,FAC010,E0001582,Medicine pickup
OUT0001735,OUP0000789,Mohan Naik,9624166562,Kondamallepally,2026-09-02,Phone call,Patient unavailable,ASHA,FAC010,E0001582,Test completion
OUT0001736,OUP0000790,Sai Begum,9906705226,Nermata,2026-03-06,Phone call,Patient unavailable,CHO,FAC014,E0001583,Medicine pickup
OUT0001737,OUP0000790,Sai Begum,9906705226,Nermata,2026-03-04,Phone call,Family member reached,ASHA,FAC014,E0001583,General adherence
OUT0001738,OUP0000790,Sai Begum,9906705226,Nermata,2026-03-12,Phone call,Reached; promised follow-up,ASHA,FAC014,E0001583,Medicine pickup
OUT0001739,OUP0000791,Venkatesh,9489688435,Vemula,2026-01-24,Phone call,Family member reached,CHO,FAC009,E0001584,Review visit
OUT0001740,OUP0000791,wenkatesh Reddy,9489688435,Vemula,2026-01-28,Village health day reminder,Patient unavailable,CHO,FAC009,E0001584,General adherence
OUT0001741,OUP0000791,Venkatesh Reddy,9409688435,Vemula,2026-02-01,Village health day reminder,Family member reached,ASHA,FAC009,E0001584,General adherence
OUT0001742,OUP0000792,Padma,9321137035,Nermata,2026-01-24,Phone call,Reached; promised follow-up,ASHA,FAC015,E0001585,Test completion
OUT0001743,OUP0000792,Padma Shekar,,Nermata,2026-01-30,Home visit,Reached; promised follow-up,CHO,FAC015,E0001585,Review visit
OUT0001744,OUP0000793,Naveen Mallaiah,+91-99927-92676,Kalher,2026-04-22,Phone call,Patient unavailable,CHO,FAC019,E0001587,Medicine pickup
OUT0001745,OUP0000793,Naveen Mallaiah,9992792676,KALHER,2026-04-17,Phone call,Reached; counselled,CHO,FAC019,E0001587,Medicine pickup
OUT0001746,OUP0000794,Srilatha Reddy,9564901185,Macharam,2026-07-24,Home visit,Reached; promised follow-up,CHO,FAC001,E0001589,Test completion
OUT0001747,OUP0000794,Srilatha Reddy,9564901185,Macharam,2026-08-01,Home visit,Reached; counselled,CHO,FAC001,E0001589,Review visit
OUT0001748,OUP0000794,Srilatha Reddy,9564901185,Macharam,2026-07-30,Home visit,No answer,CHO,FAC001,E0001589,Medicine pickup
OUT0001749,OUP0000795,Deepika Shekar,9196928623,Kalher,2026-01-15,Phone call,Wrong number,ASHA,FAC020,E0001590,General adherence
OUT0001750,OUP0000796,Lakshmi Das,9126633660,Vemul,2026-08-03,Home visit,Wrong number,CHO,FAC009,E0001592,Test completion
OUT0001751,OUP0000796,Lakshmee Das,9126633660,Vemula,2026-08-11,Home visit,Family member reached,CHO,FAC009,E0001592,General adherence
OUT0001752,OUP0000796,Lakshmi Das,9126633660,Vemula,2026-08-04,Village health day reminder,Family member reached,ASHA,FAC009,E0001592,Review visit
OUT0001753,OUP0000797,Lakshmi Basha,9832793953,Mogudampally,2026-01-30,Home visit,Reached; counselled,CHO,FAC024,E0001593,Test completion
OUT0001754,OUP0000797,Lakshmi Basha,9832793953,Mogudampally,2026-01-16,Phone call,Family member reached,ASHA,FAC024,E0001593,Test completion
OUT0001755,OUP0000797,Lakshmi Basha,9832793953,Mogudampally,2026-08-07,Home visit,No answer,ASHA,FAC024,E0001594,Medicine pickup
OUT0001756,OUP0000797,Lakshmi Basha,9832793953,Mogudampally,2026-08-10,Home visit,Reached; counselled,CHO,FAC024,E0001594,Review visit
OUT0001757,OUP0000798,Nresh Mudiraj,9349352885,Manoor,2026-04-15,WhatsApp/SMS,Reached; promised follow-up,ASHA,FAC020,E0001595,Medicine pickup
OUT0001758,OUP0000798,Naresh Mudiraj,,MANOOR,2026-04-01,Phone call,Reached; promised follow-up,ASHA,FAC020,E0001595,Review visit
OUT0001759,OUP0000798,Naresh Mudiraj,9345352885,Manoor,2026-04-11,WhatsApp/SMS,Reached; counselled,ASHA,FAC020,E0001595,Review visit
OUT0001760,OUP0000798,Naresh Mudiraj,9345352885,Manoo,2026-07-24,Phone call,Phone switched off,CHO,FAC020,E0001596,General adherence
OUT0001761,OUP0000798,Naresh Mudiraj,9345352885,Manoor,2026-07-13,Phone call,Reached; counselled,ASHA,FAC020,E0001596,Test completion
OUT0001762,OUP0000799,Aneel Yadav,9410221978,Mangalapally,2026-03-08,Home visit,Patient unavailable,ASHA,FAC017,E0001597,General adherence
OUT0001763,OUP0000799,Anil Yadav,9410281978,Mangalapally,2026-03-05,Village health day reminder,Phone switched off,CHO,FAC017,E0001597,Medicine pickup
OUT0001764,OUP0000800,Srinivas Naik,9959470361,Polepally,2026-02-13,Phone call,Patient unavailable,CHO,FAC002,E0001598,Review visit
OUT0001765,OUP0000800,Srinivas Naik,+91-99594-70861,Polepally,2026-02-06,Phone call,Reached; counselled,CHO,FAC002,E0001598,Test completion
OUT0001766,OUP0000800,Srinivas Naik,9959470861,POLEPALLY,2026-02-03,Phone call,No answer,ASHA,FAC002,E0001598,Review visit
OUT0001767,OUP0000801,Lalitha Krishna,+91-99976-48391,Nermata,2026-05-03,Phone call,Patient unavailable,CHO,FAC014,E0001599,Medicine pickup
OUT0001768,OUP0000801,Lalitha Krishna,9997648391,Nermata,2026-05-08,WhatsApp/SMS,Reached; promised follow-up,ASHA,FAC014,E0001599,Medicine pickup
OUT0001769,OUP0000801,Lalitha Krishna,9997648391,Nermata,2026-05-15,WhatsApp/SMS,Patient unavailable,CHO,FAC014,E0001599,Review visit
OUT0001770,OUP0000802,Rajesh Shekar,,Vemula,2026-05-18,WhatsApp/SMS,Reached; promised follow-up,ASHA,FAC009,E0001601,Medicine pickup
OUT0001771,OUP0000802,Rajesh Shekar,9670626498,Vemula,2026-05-11,Village health day reminder,Patient unavailable,CHO,FAC009,E0001601,Test completion
OUT0001772,OUP0000803,Mounika Yadav,9990858115,Gangapur,2026-06-03,Phone call,Patient unavailable,CHO,FAC001,E0001603,Test completion
OUT0001773,OUP0000803,Mounika Yadaw,9990858115,Gangapur,2026-06-06,Phone call,Reached; counselled,CHO,FAC001,E0001603,Medicine pickup
OUT0001774,OUP0000804,Rajesh,9920408308,Gundlapally,2026-07-02,Home visit,Family member reached,ASHA,FAC011,E0001604,Test completion
OUT0001775,OUP0000804,Rajesh Khan,9920408308,Gundlapally,2026-06-25,Phone call,Reached; promised follow-up,CHO,FAC011,E0001604,General adherence
OUT0001776,OUP0000804,Rajesh Khan,,Gundlapally,2026-07-03,Village health day reminder,Family member reached,CHO,FAC011,E0001604,Medicine pickup
OUT0001777,OUP0000805,Venkatesh Mudiraj,9774848248,Gundlapally,2026-05-17,Phone call,Reached; counselled,ASHA,FAC012,E0001605,Review visit
OUT0001778,OUP0000805,Venkatesh Mudiraj,9774348248,Gundlapally,2026-05-17,Home visit,Reached; promised follow-up,ASHA,FAC012,E0001605,Test completion
OUT0001779,OUP0000805,Venkatesh Mudiraj,9774848248,Gundlapally,2026-06-03,Phone call,Patient unavailable,ASHA,FAC012,E0001605,Test completion
OUT0001780,OUP0000806,Swathi Chary,9643302762,MARRUR,2026-03-02,Village health day reminder,Reached; counselled,CHO,FAC016,E0001607,Medicine pickup
OUT0001781,OUP0000806,Swathi Chary,9643302762,Marrur,2026-02-26,Village health day reminder,Reached; counselled,CHO,FAC016,E0001607,Test completion
OUT0001782,OUP0000807,Sai Patel,9104640596,Balanagar,2026-08-06,Home visit,Reached; promised follow-up,ASHA,FAC005,E0001611,Medicine pickup
OUT0001783,OUP0000807,Sai Patel,9104640596,BALANAGAR,2026-08-05,Home visit,No answer,CHO,FAC005,E0001611,Medicine pickup
OUT0001784,OUP0000808,Swati Shekar,9907060350,Macharam,2026-05-05,Phone call,Wrong number,ASHA,FAC002,E0001612,General adherence
OUT0001785,OUP0000809,Renuka Jangam,9388920678,Manoor,2026-02-04,WhatsApp/SMS,Reached; promised follow-up,ASHA,FAC019,E0001613,Medicine pickup
OUT0001786,OUP0000809,Renuka Jangam,,Manoor,2026-01-24,Home visit,Reached; counselled,CHO,FAC019,E0001613,Test completion
OUT0001787,OUP0000809,Renuk Jangam,9388920678,Manoor,2026-02-05,WhatsApp/SMS,No answer,ASHA,FAC019,E0001613,Medicine pickup
OUT0001788,OUP0000810,Swathi Yadav,9092692767,Chandur,2026-01-11,Home visit,No answer,ASHA,FAC014,E0001616,Test completion
OUT0001789,OUP0000810,Swathi Yadav,9092692767,Chandur,2026-03-16,Phone call,No answer,CHO,FAC014,E0001618,Review visit
OUT0001790,OUP0000811,Anjali Goud,9204878227,BHANUR,2026-01-18,WhatsApp/SMS,Reached; promised follow-up,ASHA,FAC026,E0001619,General adherence
OUT0001791,OUP0000811,Anjali Goud,9204878227,Bhanur,2026-02-01,Phone call,Wrong number,ASHA,FAC026,E0001619,Medicine pickup
OUT0001792,OUP0000811,Anjali Goud,9204878227,Bhanur,2026-01-26,Phone call,Patient unavailable,CHO,FAC026,E0001619,Test completion
OUT0001793,OUP0000812,Raju Rao,,Midjil,2026-05-22,Phone call,Wrong number,CHO,FAC009,E0001622,Medicine pickup
OUT0001794,OUP0000812,Raju Rao,9939135445,Midjil,2026-05-15,Phone call,Reached; counselled,CHO,FAC009,E0001622,General adherence
OUT0001795,OUP0000813,Kavitha Khan,9385083311,Kohir,2026-06-28,Home visit,Family member reached,CHO,FAC022,E0001626,Review visit
OUT0001796,OUP0000813,Kavitha Khan,9385083311,Kohir,2026-06-30,Home visit,Reached; counselled,CHO,FAC022,E0001626,Medicine pickup
OUT0001797,OUP0000814,Sushma Naik,,Vemula,2026-07-30,Phone call,Wrong number,ASHA,FAC008,E0001627,Test completion
OUT0001798,OUP0000814,Sushma Naik,9682580816,Vemula,2026-08-11,WhatsApp/SMS,Patient unavailable,CHO,FAC008,E0001627,Medicine pickup
OUT0001799,OUP0000815,Mounika Rao,+91-96623-55008,Manoor,2026-05-18,Phone call,Reached; counselled,ASHA,FAC019,E0001628,General adherence
OUT0001800,OUP0000815,Mounika,9662355008,Manoor,2026-05-21,Home visit,Reached; counselled,ASHA,FAC019,E0001628,Test completion
OUT0001801,OUP0000816,Shobha Patel,9458190833,Chandur,2026-02-16,Phone call,Patient unavailable,CHO,FAC013,E0001629,Review visit
OUT0001802,OUP0000816,Shobha Patel,9458190833,Chandur,2026-02-17,Home visit,Reached; counselled,CHO,FAC013,E0001629,Medicine pickup
OUT0001803,OUP0000816,Shobha Patel,9458190833,Chandur,2026-07-30,Phone call,Reached; counselled,CHO,FAC013,E0001631,Medicine pickup
OUT0001804,OUP0000817,Praveen Naik,9597848483,Kohir,2026-07-31,Home visit,Reached; counselled,ASHA,FAC022,E0001633,Test completion
OUT0001805,OUP0000818,Mounika Mudiraj,,Bhanur,2026-08-21,Phone call,Reached; counselled,ASHA,FAC026,E0001634,Review visit
OUT0001806,OUP0000818,Mounika Mudiraj,9241884268,Bhanur,2026-08-24,Phone call,Family member reached,ASHA,FAC026,E0001634,General adherence
OUT0001807,OUP0000819,Renuka Kreeshna,9988555194,Patancheru,2026-07-11,Phone call,Family member reached,CHO,FAC027,E0001636,Review visit
OUT0001808,OUP0000820,Arun Yadav,9398933132,Indresham,2026-07-01,Home visit,Reached; promised follow-up,ASHA,FAC025,E0001637,Medicine pickup
OUT0001809,OUP0000820,Arun Yadav,9338933132,Indresham,2026-07-03,WhatsApp/SMS,Reached; counselled,CHO,FAC025,E0001637,Medicine pickup
OUT0001810,OUP0000821,Mahesh Kumar,9886632251,Mangalapally,2026-05-01,Phone call,Wrong number,CHO,FAC018,E0001639,Test completion
OUT0001811,OUP0000821,Mahesh Kumar,9886632251,Mangalapally,2026-05-14,Home visit,Family member reached,ASHA,FAC018,E0001639,Medicine pickup
OUT0001812,OUP0000822,Rju Begum,9241894651,Nomula,2026-06-01,Phone call,Family member reached,ASHA,FAC017,E0001640,Test completion
OUT0001813,OUP0000823,Padma Chary,9996878585,Ameenpur,2026-04-07,WhatsApp/SMS,Patient unavailable,ASHA,FAC025,E0001641,General adherence
OUT0001814,OUP0000823,Padma Chary,9996878585,Ameenpur,2026-04-07,WhatsApp/SMS,Reached; promised follow-up,ASHA,FAC025,E0001641,Review visit
OUT0001815,OUP0000824,Suresh Shekar,9199864424,Kohir,2026-07-15,Phone call,Reached; counselled,ASHA,FAC022,E0001645,Medicine pickup
OUT0001816,OUP0000824,Suresh Shekar,9199864424,Kohir,2026-07-22,Home visit,Family member reached,CHO,FAC022,E0001645,General adherence
OUT0001817,OUP0000825,Ramesh Kumar,,Midjil,2026-06-18,Home visit,Family member reached,ASHA,FAC007,E0001647,Medicine pickup
OUT0001818,OUP0000825,Ramesh Kumar,9987613498,Midjil,2026-06-30,Home visit,Reached; promised follow-up,CHO,FAC007,E0001647,Review visit
OUT0001819,OUP0000825,Ramesh Kumar,9987613498,Midjil,2026-07-07,Home visit,Reached; promised follow-up,ASHA,FAC007,E0001647,Test completion
OUT0001820,OUP0000825,Ramesh Kumar,9987613498,Midjil,2026-08-06,Phone call,Reached; promised follow-up,CHO,FAC007,E0001648,Test completion
OUT0001821,OUP0000825,Ramesh Kumar,9987613498,Midjil,2026-08-09,Home visit,Reached; counselled,CHO,FAC007,E0001648,Review visit
OUT0001822,OUP0000825,Ramesh Kumar,+91-99876-13498,Midjil,2026-07-23,WhatsApp/SMS,Patient unavailable,ASHA,FAC007,E0001648,Test completion
OUT0001823,OUP0000826,Mohan,9947319669,Polepally,2026-08-02,Phone call,Patient unavailable,ASHA,FAC001,E0001649,Review visit
OUT0001824,OUP0000826,Mohan Goud,9947319669,POLEPALLY,2026-08-19,WhatsApp/SMS,Family member reached,CHO,FAC001,E0001649,Medicine pickup
OUT0001825,OUP0000826,Mohan Goud,9947319669,Polepally,2026-08-02,Phone call,Reached; counselled,CHO,FAC001,E0001649,General adherence
OUT0001826,OUP0000827,Vinod Devi,9242249061,Kangti,2026-06-15,Home visit,Reached; counselled,ASHA,FAC019,E0001650,General adherence
OUT0001827,OUP0000827,Vinod Devi,9242249061,Kangti,2026-06-21,WhatsApp/SMS,Reached; counselled,CHO,FAC019,E0001650,Review visit
OUT0001828,OUP0000828,Deepika Khan,9339630005,Jharasangam,2026-02-15,Home visit,Family member reached,CHO,FAC022,E0001651,Medicine pickup
OUT0001829,OUP0000828,Deepika Khan,+91-93396-30005,Jharasangam,2026-02-20,Home visit,Patient unavailable,ASHA,FAC022,E0001651,Review visit
OUT0001830,OUP0000829,Naresh Reddy,,Kummarikunta,2026-03-16,Phone call,Reached; counselled,CHO,FAC014,E0001652,Test completion
OUT0001831,OUP0000829,Naresh Reddy,9739158447,KUMMARIKUNTA,2026-08-17,Village health day reminder,Reached; counselled,CHO,FAC014,E0001653,General adherence
OUT0001832,OUP0000829,Naresh Reddy,9739158447,Kummarikunta,2026-08-23,Home visit,Reached; promised follow-up,ASHA,FAC014,E0001653,Review visit
OUT0001833,OUP0000830,Arun Mallaiah,9834917290,Donur,2026-06-13,WhatsApp/SMS,Family member reached,ASHA,FAC008,E0001654,General adherence
OUT0001834,OUP0000830,Arun Mallaeeah,9834917290,DONUR,2026-06-26,Home visit,Reached; counselled,ASHA,FAC008,E0001654,Medicine pickup
OUT0001835,OUP0000830,Arun Mallaeeah,9834917290,Donur,2026-08-18,WhatsApp/SMS,Wrong number,CHO,FAC009,E0001655,Review visit
OUT0001836,OUP0000830,Arun Mallaiah,9834917290,Donur,2026-09-06,Phone call,Family member reached,ASHA,FAC009,E0001655,Review visit
OUT0001837,OUP0000831,Padma Khan,9298599250,Bodajanampet,2026-06-22,Phone call,Reached; promised follow-up,CHO,FAC004,E0001659,Test completion
OUT0001838,OUP0000831,Padma Khan,,Bodajanampet,2026-06-25,Home visit,Wrong number,ASHA,FAC004,E0001659,Review visit
OUT0001839,OUP0000832,Bhavani Reddy,9259837291,Kallepally,2026-04-27,WhatsApp/SMS,Patient unavailable,CHO,FAC006,E0001663,General adherence
OUT0001840,OUP0000833,Nirmala Kumar,+91-91123-32653,Nermata,2026-03-03,Phone call,Phone switched off,CHO,FAC013,E0001666,Review visit
OUT0001841,OUP0000833,Nirmala Kumar,9112332653,Nermata,2026-02-22,Home visit,Wrong number,CHO,FAC013,E0001666,Test completion
OUT0001842,OUP0000833,Nirmala Kumar,9112332653,Nermata,2026-07-16,Phone call,Phone switched off,ASHA,FAC015,E0001667,Medicine pickup
OUT0001843,OUP0000833,Nirmala,9112332653,Nermata,2026-07-14,Phone call,Reached; counselled,CHO,FAC015,E0001667,Review visit
OUT0001844,OUP0000834,Renuka Mudiraj,9429537549,Kohir,2026-02-12,Home visit,Family member reached,ASHA,FAC023,E0001668,Medicine pickup
OUT0001845,OUP0000834,Renuka Mudiraj,9429537549,Kohir,2026-02-14,Village health day reminder,Reached; counselled,ASHA,FAC023,E0001668,Review visit
OUT0001846,OUP0000835,Arun Laxman,9337618495,Peddadinne,2026-07-14,Village health day reminder,Family member reached,CHO,FAC011,E0001670,General adherence
OUT0001847,OUP0000835,Arun Laxman,9337618495,Peddadinne,2026-07-14,WhatsApp/SMS,No answer,ASHA,FAC011,E0001670,Test completion
OUT0001848,OUP0000835,Arun Laxman,9337618495,Peddadinn,2026-07-16,Phone call,Family member reached,CHO,FAC011,E0001670,Medicine pickup
OUT0001849,OUP0000836,Divya Khan,9105707912,CHANDUR,2026-03-06,WhatsApp/SMS,Reached; promised follow-up,ASHA,FAC014,E0001671,Test completion
OUT0001850,OUP0000836,Divya Khan,9105707912,Chandur,2026-03-05,Village health day reminder,Reached; counselled,ASHA,FAC014,E0001671,Test completion
OUT0001851,OUP0000837,Sushma Mudiraj,9673759048,Balanagar,2026-05-08,Village health day reminder,Family member reached,ASHA,FAC005,E0001672,Medicine pickup
OUT0001852,OUP0000837,Sushma Mudiraj,9673759148,Balanagar,2026-05-16,Phone call,Patient unavailable,ASHA,FAC005,E0001672,General adherence
OUT0001853,OUP0000837,Sushma Mudiraj,9673759048,Balanagar,2026-05-20,Phone call,Patient unavailable,ASHA,FAC005,E0001672,General adherence
OUT0001854,OUP0000837,Sushma Mudiraj,9673759048,Balanagar,2026-06-08,Phone call,Wrong number,CHO,FAC005,E0001673,Medicine pickup
OUT0001855,OUP0000837,Sushma Mudiraj,9673759048,Balanagar,2026-06-25,Home visit,Reached; counselled,CHO,FAC005,E0001673,Review visit
OUT0001856,OUP0000838,Nirmala Laxman,9098648796,Kummarikunta,2026-05-28,Phone call,Family member reached,ASHA,FAC014,E0001674,Review visit
OUT0001857,OUP0000838,Nirmala Laxman,9098648796,Kummarikunta,2026-05-29,Home visit,Wrong number,CHO,FAC014,E0001674,Review visit
OUT0001858,OUP0000839,Rajesh Devi,9808820784,Gundlapally,2026-05-17,Phone call,Family member reached,CHO,FAC010,E0001675,Test completion
OUT0001859,OUP0000839,Rajesh Devi,9808820784,Gundlapally,2026-06-07,Phone call,No answer,CHO,FAC010,E0001675,Medicine pickup
OUT0001860,OUP0000839,Rajesh Devi,+91-98088-20784,Gundlapally,2026-05-23,Phone call,Reached; counselled,ASHA,FAC010,E0001675,General adherence
OUT0001861,OUP0000840,Kiran Begum,9196278382,Vemula,2026-03-20,Phone call,Wrong number,ASHA,FAC007,E0001676,Test completion
OUT0001862,OUP0000840,Kiran Begum,9196278382,Vemula,2026-03-09,Phone call,Family member reached,ASHA,FAC007,E0001676,Test completion
OUT0001863,OUP0000841,Sai,9560071183,Marrur,2026-01-28,Home visit,Reached; promised follow-up,CHO,FAC017,E0001678,General adherence
OUT0001864,OUP0000841,Sai Chary,9560071683,Marrur,2026-01-24,WhatsApp/SMS,Reached; promised follow-up,ASHA,FAC017,E0001678,Test completion
OUT0001865,OUP0000841,Sai Chary,9560071683,Marrur,2026-02-08,Phone call,No answer,ASHA,FAC017,E0001678,General adherence
OUT0001866,OUP0000842,Srilatha Reddy,9338090114,Midjil,2026-06-26,Phone call,Phone switched off,CHO,FAC009,E0001679,General adherence
OUT0001867,OUP0000842,Srilatha Reddy,9338090114,MIDJIL,2026-06-25,Phone call,Reached; counselled,CHO,FAC009,E0001679,Review visit
OUT0001868,OUP0000843,Padma Reddy,+91-97098-12778,Jharasangam,2026-02-13,Phone call,Wrong number,CHO,FAC024,E0001680,Test completion
OUT0001869,OUP0000843,Padma,9709812778,Jharasangam,2026-02-24,Phone call,Patient unavailable,CHO,FAC024,E0001680,Medicine pickup
OUT0001870,OUP0000844,Shankar Mudiraj,9764374996,Rajapur,2026-07-01,Village health day reminder,Reached; promised follow-up,ASHA,FAC004,E0001682,General adherence
OUT0001871,OUP0000844,Shankar Mudiraj,,Rajapur,2026-07-02,Home visit,Family member reached,ASHA,FAC004,E0001682,Review visit
OUT0001872,OUP0000844,Shankar Mudiraj,,Rajapur,2026-07-22,Phone call,Family member reached,ASHA,FAC004,E0001682,Medicine pickup
OUT0001873,OUP0000845,Ravi,9043513875,Mogudampally,2026-03-02,Phone call,Reached; promised follow-up,CHO,FAC024,E0001683,Test completion
OUT0001874,OUP0000846,Srinivas Reddy,9287278807,Indresham,2026-07-13,Village health day reminder,Wrong number,CHO,FAC025,E0001684,Medicine pickup
OUT0001875,OUP0000846,Srinivas Reddy,9287278807,Indresham,2026-06-28,Phone call,Reached; counselled,ASHA,FAC025,E0001684,Review visit
OUT0001876,OUP0000846,Srinivas Reddy,9287278807,Indresham,2026-07-10,Phone call,Reached; counselled,ASHA,FAC025,E0001684,Medicine pickup
OUT0001877,OUP0000847,wenkatesh Kumar,9750405476,Rajapur,2026-08-30,Home visit,Reached; counselled,CHO,FAC006,E0001686,Medicine pickup
OUT0001878,OUP0000847,Venkatesh Kumar,9750405476,Rajapur,2026-09-02,Phone call,Family member reached,ASHA,FAC006,E0001686,Medicine pickup
OUT0001879,OUP0000847,Venkatesh Kumar,9750405476,Rajapur,2026-08-24,Phone call,Reached; promised follow-up,ASHA,FAC006,E0001686,General adherence
OUT0001880,OUP0000848,Suresh Reddy,9469594937,Nermata,2026-08-01,Phone call,Reached; promised follow-up,CHO,FAC014,E0001687,General adherence
OUT0001881,OUP0000848,Suresh Reddy,9469594937,Nermata,2026-07-28,WhatsApp/SMS,Family member reached,ASHA,FAC014,E0001687,Test completion
OUT0001882,OUP0000848,Suresh Reddy,9469594937,Nermata,2026-08-18,Phone call,Reached; counselled,ASHA,FAC014,E0001687,Review visit
OUT0001883,OUP0000849,Prveen Goud,9074065227,Donur,2026-03-22,Phone call,Reached; promised follow-up,ASHA,FAC007,E0001689,General adherence
OUT0001884,OUP0000850,Suresh Mallaiah,9131070236,Zaheerabad,2026-08-23,Phone call,Family member reached,ASHA,FAC022,E0001691,General adherence
OUT0001885,OUP0000850,Suresh Mallaiah,9131070236,Zaheerabad,2026-08-09,WhatsApp/SMS,No answer,CHO,FAC022,E0001691,General adherence
OUT0001886,OUP0000851,Srilatha Begum,9258343265,Vemula,2026-07-23,Home visit,Reached; promised follow-up,CHO,FAC009,E0001692,Medicine pickup
OUT0001887,OUP0000852,Ramesh Kumar,9459590482,Mogudampally,2026-03-03,Home visit,Family member reached,CHO,FAC024,E0001694,Medicine pickup
OUT0001888,OUP0000852,Ramesh Kumar,9459590482,Mogudampally,2026-03-05,Village health day reminder,Reached; promised follow-up,ASHA,FAC024,E0001694,Review visit
OUT0001889,OUP0000853,Raghav Narsimha,,Indresha,2026-02-16,Village health day reminder,Phone switched off,CHO,FAC026,E0001695,Review visit
OUT0001890,OUP0000853,Raghav Narsimha,+91-95228-03205,Indresham,2026-01-31,Phone call,Reached; counselled,ASHA,FAC026,E0001695,Review visit
OUT0001891,OUP0000853,Raghav Narsimha,9522803205,INDRESHAM,2026-02-19,WhatsApp/SMS,Reached; counselled,CHO,FAC026,E0001695,Test completion
OUT0001892,OUP0000854,Jyothi Yadav,9947164978,Nakrekal,2026-08-12,Phone call,Reached; counselled,ASHA,FAC016,E0001696,General adherence
OUT0001893,OUP0000855,Srinivas Kumar,9867277259,Bodajanampet,2026-04-09,WhatsApp/SMS,Reached; counselled,ASHA,FAC006,E0001697,Medicine pickup
OUT0001894,OUP0000856,Sreenivas Krishna,9705445623,Narayankhed,2026-05-19,Village health day reminder,Family member reached,ASHA,FAC020,E0001698,General adherence
OUT0001895,OUP0000857,Raghav Rao,9179794867,Peddadinne,2026-08-23,Phone call,Wrong number,CHO,FAC010,E0001700,Test completion
OUT0001896,OUP0000857,Raghav Rao,9179794867,Peddadinne,2026-09-05,Village health day reminder,Reached; promised follow-up,CHO,FAC010,E0001700,Test completion
OUT0001897,OUP0000857,Raghav Rao,9179794867,Peddadinne,2026-08-24,Phone call,Reached; promised follow-up,CHO,FAC010,E0001700,Review visit
OUT0001898,OUP0000858,Kavitha Das,9516163440,Kummarikunta,2026-02-17,Phone call,Wrong number,ASHA,FAC013,E0001703,Test completion
OUT0001899,OUP0000858,Kawitha Das,9516163440,Kummarikunta,2026-02-05,Home visit,No answer,CHO,FAC013,E0001703,Test completion
OUT0001900,OUP0000858,Kavitha Das,,Kummarikunta,2026-02-09,Village health day reminder,Family member reached,CHO,FAC013,E0001703,Review visit
OUT0001901,OUP0000859,Bhavani Rao,9443108569,Patancheru,2026-08-25,Home visit,Reached; counselled,ASHA,FAC026,E0001704,Medicine pickup
OUT0001902,OUP0000860,Naresh Rao,+91-96135-34083,Bhanur,2026-03-29,WhatsApp/SMS,Family member reached,ASHA,FAC027,E0001706,General adherence
OUT0001903,OUP0000860,Naresh Rao,9613534083,Bhanur,2026-03-13,WhatsApp/SMS,No answer,CHO,FAC027,E0001706,Medicine pickup
OUT0001904,OUP0000861,Praveen Das,,Bangarigadda,2026-07-05,Home visit,Patient unavailable,ASHA,FAC015,E0001707,Test completion
OUT0001905,OUP0000861,Praveen Das,9841444664,Bangarigadda,2026-06-23,Phone call,Family member reached,CHO,FAC015,E0001707,Review visit
OUT0001906,OUP0000862,Mounika Krishna,9368455355,INDRESHAM,2026-06-05,WhatsApp/SMS,Wrong number,ASHA,FAC025,E0001709,General adherence
OUT0001907,OUP0000862,Mounika Krishna,9368955355,Indresham,2026-06-12,Phone call,Reached; counselled,ASHA,FAC025,E0001709,General adherence
OUT0001908,OUP0000863,sobha Patel,9319414135,Manoor,2026-05-15,Home visit,Phone switched off,ASHA,FAC020,E0001711,Medicine pickup
OUT0001909,OUP0000863,Shobha Patel,9319414135,Manoor,2026-05-10,Phone call,Patient unavailable,ASHA,FAC020,E0001711,Medicine pickup
OUT0001910,OUP0000864,Nresh Kumar,+91-95404-14536,Chandur,2026-01-29,Phone call,Reached; promised follow-up,ASHA,FAC013,E0001712,Review visit
OUT0001911,OUP0000864,Naresh Kumar,,Chandur,2026-01-31,Phone call,Family member reached,CHO,FAC013,E0001712,Review visit
OUT0001912,OUP0000864,Naresh Kumar,9540414536,Chandur,2026-02-11,Phone call,Patient unavailable,ASHA,FAC013,E0001712,Medicine pickup
OUT0001913,OUP0000865,Mouneeka Chary,9244340107,Nermata,2026-04-09,Village health day reminder,Family member reached,ASHA,FAC013,E0001713,Review visit
OUT0001914,OUP0000866,Suresh,9323828283,Kangti,2026-03-12,WhatsApp/SMS,Reached; counselled,ASHA,FAC021,E0001714,General adherence
OUT0001915,OUP0000866,Suresh Jangam,9323828283,KANGTI,2026-03-11,WhatsApp/SMS,Reached; promised follow-up,CHO,FAC021,E0001714,Medicine pickup
OUT0001916,OUP0000867,Llitha Devi,9405015204,Gundlapally,2026-03-16,Phone call,Family member reached,CHO,FAC010,E0001715,General adherence
OUT0001917,OUP0000867,Lalitha Devi,9405015204,Gundlapally,2026-03-23,Home visit,Reached; promised follow-up,CHO,FAC010,E0001715,General adherence
OUT0001918,OUP0000867,Lalitha Devi,9405015204,Gundlapally,2026-05-01,Home visit,Family member reached,CHO,FAC010,E0001716,Test completion
OUT0001919,OUP0000868,Nirmala Reddy,9263576108,Kalher,2026-01-31,Home visit,Reached; promised follow-up,CHO,FAC021,E0001717,General adherence
OUT0001920,OUP0000869,Swathee Chary,,Kondamallepally,2026-02-01,Phone call,No answer,CHO,FAC012,E0001719,Review visit
OUT0001921,OUP0000869,Swathi Chary,9365163991,Kondamallepally,2026-02-11,Phone call,Wrong number,ASHA,FAC012,E0001719,Review visit
OUT0001922,OUP0000869,Swathee Chary,+91-93651-63991,Kondamallepally,2026-02-03,Home visit,Reached; promised follow-up,ASHA,FAC012,E0001719,Review visit
OUT0001923,OUP0000870,Santosh Devi,9210592445,Bodajanampet,2026-07-27,Phone call,No answer,CHO,FAC005,E0001722,General adherence
OUT0001924,OUP0000870,Santosh Devi,9210592445,Bodajanampet,2026-08-05,WhatsApp/SMS,Reached; promised follow-up,CHO,FAC005,E0001722,Medicine pickup
OUT0001925,OUP0000871,Swathi Jangam,9309997175,Midjil,2026-06-16,Phone call,Family member reached,CHO,FAC009,E0001723,Review visit
OUT0001926,OUP0000871,Swati Jangam,,Midjil,2026-06-01,Home visit,Family member reached,ASHA,FAC009,E0001723,Review visit
OUT0001927,OUP0000872,Pdma Basha,9662860491,Marrur,2026-04-30,Village health day reminder,Reached; promised follow-up,ASHA,FAC018,E0001725,General adherence
OUT0001928,OUP0000872,Padma Basha,9662860491,Marrur,2026-04-25,Village health day reminder,Family member reached,ASHA,FAC018,E0001725,General adherence
OUT0001929,OUP0000872,Padma Basha,9662860491,Marrur,2026-05-01,WhatsApp/SMS,Reached; counselled,CHO,FAC018,E0001725,Medicine pickup
OUT0001930,OUP0000872,Padma Basha,9662860491,Marrur,2026-07-22,WhatsApp/SMS,Patient unavailable,CHO,FAC017,E0001726,Review visit
OUT0001931,OUP0000872,Padma,9662860491,Marrur,2026-07-14,Phone call,Reached; counselled,CHO,FAC017,E0001726,Medicine pickup
OUT0001932,OUP0000873,Suresh Rao,9266359852,Zaheerabad,2026-04-30,WhatsApp/SMS,Family member reached,ASHA,FAC022,E0001728,Medicine pickup
OUT0001933,OUP0000873,Suresh Rao,+91-92663-59852,Zaheerabad,2026-05-06,Home visit,Phone switched off,ASHA,FAC022,E0001728,Review visit
OUT0001934,OUP0000873,Suresh Rao,9266359852,Zaheerabad,2026-05-11,Phone call,Reached; counselled,ASHA,FAC022,E0001728,Medicine pickup
OUT0001935,OUP0000874,Srinivas Yadav,,Nermata,2026-02-06,Phone call,Wrong number,ASHA,FAC013,E0001729,Test completion
OUT0001936,OUP0000874,Srinivas Yadav,9196906442,Nermata,2026-02-05,Village health day reminder,Reached; counselled,ASHA,FAC013,E0001729,Review visit
OUT0001937,OUP0000874,Srinivas Yadav,9196906442,Nermata,2026-02-13,Home visit,Reached; counselled,CHO,FAC013,E0001729,General adherence
OUT0001938,OUP0000875,Naresh Narsimha,9387993299,Bodajanampet,2026-08-06,Village health day reminder,Wrong number,ASHA,FAC006,E0001730,Test completion
OUT0001939,OUP0000876,Lalitha Basha,,Jharasangam,2026-06-13,Village health day reminder,Family member reached,CHO,FAC023,E0001732,General adherence
OUT0001940,OUP0000876,Lalitha Basha,,Jharasangam,2026-07-03,Phone call,Reached; counselled,CHO,FAC024,E0001733,General adherence
OUT0001941,OUP0000876,Lalitha,9970810894,Jharasangam,2026-07-19,Home visit,Family member reached,CHO,FAC024,E0001733,Test completion
OUT0001942,OUP0000877,Nares Begum,9872183605,Bodajanampet,2026-05-06,Village health day reminder,Patient unavailable,CHO,FAC004,E0001734,General adherence
OUT0001943,OUP0000878,Sarita Shekar,9559349913,Mogudampally,2026-04-15,Home visit,Reached; promised follow-up,ASHA,FAC024,E0001736,Test completion
OUT0001944,OUP0000878,Saritha Shekar,9559349913,Mogudampally,2026-04-30,WhatsApp/SMS,Reached; counselled,CHO,FAC024,E0001736,Medicine pickup
OUT0001945,OUP0000878,Saritha Shekar,9559349913,Mogudampally,2026-04-18,Village health day reminder,Reached; counselled,CHO,FAC024,E0001736,Test completion
OUT0001946,OUP0000879,Sai Reddy,+91-98132-57692,Kummarikunta,2026-06-26,Phone call,Reached; promised follow-up,ASHA,FAC014,E0001737,Review visit
OUT0001947,OUP0000879,Sai Reddy,,Kummarikunta,2026-07-07,Home visit,Reached; promised follow-up,ASHA,FAC014,E0001737,General adherence
OUT0001948,OUP0000879,Sai Reddy,+91-98132-57692,Kummarikunta,2026-07-06,Home visit,Family member reached,CHO,FAC014,E0001737,Medicine pickup
OUT0001949,OUP0000880,Ravi Laxman,9830177445,Kallepally,2026-02-03,Phone call,Wrong number,ASHA,FAC006,E0001738,Medicine pickup
OUT0001950,OUP0000880,Ravi Laxman,9830177445,KALLEPALLY,2026-02-02,Phone call,Family member reached,ASHA,FAC006,E0001738,Medicine pickup
OUT0001951,OUP0000880,Ravi Laxman,9830177445,Kallepally,2026-02-17,Phone call,Wrong number,CHO,FAC006,E0001739,Test completion
OUT0001952,OUP0000880,Ravi Laxman,9830177445,Kallepally,2026-02-23,Home visit,Reached; promised follow-up,ASHA,FAC006,E0001739,Medicine pickup
OUT0001953,OUP0000880,Ravi Laxman,9830177745,Kallepally,2026-02-25,Village health day reminder,Family member reached,CHO,FAC006,E0001739,Medicine pickup
OUT0001954,OUP0000880,Ravi Laxman,9830177745,Kallepally,2026-03-17,Home visit,Phone switched off,CHO,FAC006,E0001740,Review visit
OUT0001955,OUP0000881,Suresh Patel,9790656636,Gundlapally,2026-07-25,Village health day reminder,Phone switched off,ASHA,FAC012,E0001741,Review visit
OUT0001956,OUP0000881,Suresh Patel,,Gundlapally,2026-07-30,Phone call,Reached; promised follow-up,CHO,FAC012,E0001741,Test completion
OUT0001957,OUP0000881,Suresh Patel,9790656676,Gundlapally,2026-08-14,Phone call,Reached; promised follow-up,ASHA,FAC012,E0001741,General adherence
OUT0001958,OUP0000882,Lakshmee Goud,9180678308,Mogudampally,2026-03-26,WhatsApp/SMS,No answer,CHO,FAC024,E0001745,Review visit
OUT0001959,OUP0000883,Anjalee Begum,9248529644,Jharasangam,2026-04-01,Phone call,Reached; counselled,CHO,FAC024,E0001747,Medicine pickup
OUT0001960,OUP0000884,Ramesh Devi,,Rajapur,2026-03-06,Phone call,Reached; promised follow-up,ASHA,FAC006,E0001748,Review visit
OUT0001961,OUP0000885,Deepika Devi,9002851011,Zaheerabad,2026-03-06,WhatsApp/SMS,Family member reached,ASHA,FAC024,E0001749,General adherence
OUT0001962,OUP0000885,Deepika Devi,9002851011,Zaheerabad,2026-03-08,Village health day reminder,Wrong number,ASHA,FAC024,E0001749,Review visit
OUT0001963,OUP0000885,Deepika Devi,,Zaheeraba,2026-04-22,Phone call,Family member reached,ASHA,FAC023,E0001750,Medicine pickup
OUT0001964,OUP0000885,Deepika Devi,+91-90028-51011,Zaheerabad,2026-05-03,Phone call,Wrong number,ASHA,FAC023,E0001750,Medicine pickup
OUT0001965,OUP0000885,Deepika Devi,9002851011,Zaheerabad,2026-05-02,Home visit,Reached; promised follow-up,ASHA,FAC023,E0001750,Review visit
OUT0001966,OUP0000885,Deepika Devi,9002851011,Zaheerabad,2026-07-18,Phone call,Reached; counselled,ASHA,FAC023,E0001751,Review visit
OUT0001967,OUP0000885,Deepeeka Devi,9002851611,Zaheerabad,2026-08-01,Village health day reminder,Patient unavailable,CHO,FAC023,E0001751,Review visit
OUT0001968,OUP0000886,Bhavani,9776107648,Bodajanampe,2026-06-13,Home visit,Family member reached,CHO,FAC005,E0001753,Test completion
OUT0001969,OUP0000886,Bhavani Begum,,Bodajanampet,2026-07-03,Village health day reminder,Reached; counselled,CHO,FAC005,E0001753,Review visit
OUT0001970,OUP0000886,Bhavani Begum,9776107648,Bodajanampet,2026-06-26,Phone call,Patient unavailable,CHO,FAC005,E0001753,General adherence
OUT0001971,OUP0000886,Bhawani Begum,9776107648,Bodajanampet,2026-08-13,Phone call,Phone switched off,CHO,FAC006,E0001754,General adherence
OUT0001972,OUP0000887,Anil Reddy,9096287577,Jharasangam,2026-05-25,Home visit,Phone switched off,CHO,FAC023,E0001758,Test completion
OUT0001973,OUP0000887,Anil Reddy,9096287577,Jharasangam,2026-06-10,WhatsApp/SMS,Reached; counselled,ASHA,FAC023,E0001758,Test completion
OUT0001974,OUP0000887,Anil Reddy,9096287577,Jharasangam,2026-05-31,Phone call,Reached; promised follow-up,ASHA,FAC023,E0001758,General adherence
OUT0001975,OUP0000888,Shobha Naik,9854229414,Mangalapally,2026-02-14,Home visit,Reached; promised follow-up,CHO,FAC017,E0001759,Medicine pickup
OUT0001976,OUP0000888,Shobha Naik,9854229414,Mangalapally,2026-02-25,Village health day reminder,Reached; promised follow-up,ASHA,FAC017,E0001759,Review visit
OUT0001977,OUP0000888,Shobha Naik,9854229414,Mangalapally,2026-02-25,Village health day reminder,Reached; counselled,ASHA,FAC017,E0001759,Review visit
OUT0001978,OUP0000889,Suresh Narsimha,9522728346,Kummarikunta,2026-08-27,Phone call,Wrong number,CHO,FAC015,E0001760,Medicine pickup
OUT0001979,OUP0000889,Suresh Narsimha,9522728346,Kummarikunta,2026-08-29,Village health day reminder,Wrong number,ASHA,FAC015,E0001760,Review visit
OUT0001980,OUP0000889,Suresh Narsimha,+91-95227-28346,Kummarikunta,2026-08-19,Village health day reminder,Patient unavailable,CHO,FAC015,E0001760,Review visit
OUT0001981,OUP0000890,Deepika Reddy,9546525028,Marrur,2026-04-18,Village health day reminder,Reached; promised follow-up,CHO,FAC016,E0001764,Review visit
OUT0001982,OUP0000890,Deepika Reddy,9546525028,Marrur,2026-04-22,Home visit,Family member reached,CHO,FAC016,E0001764,General adherence
OUT0001983,OUP0000890,Deepika Reddy,9546525028,MARRUR,2026-06-20,Phone call,Reached; promised follow-up,ASHA,FAC016,E0001765,Medicine pickup
OUT0001984,OUP0000891,Rajesh Laxman,9517097552,Macharam,2026-03-15,Phone call,Reached; promised follow-up,ASHA,FAC003,E0001766,General adherence
OUT0001985,OUP0000891,Rajesh Laxman,+91-95170-97552,MACHARAM,2026-03-25,Phone call,Patient unavailable,ASHA,FAC003,E0001766,Review visit
OUT0001986,OUP0000892,Naveen Krishna,9299739540,Narayankhed,2026-02-17,Phone call,Reached; promised follow-up,ASHA,FAC019,E0001768,Review visit
OUT0001987,OUP0000893,Ramesh Mallaiah,9816632876,Midji,2026-02-24,Village health day reminder,Reached; counselled,ASHA,FAC007,E0001771,Test completion
OUT0001988,OUP0000893,Ramesh Mallaiah,9816632876,Midjil,2026-03-01,Village health day reminder,Reached; counselled,CHO,FAC007,E0001771,General adherence
OUT0001989,OUP0000893,Ramesh Mallaiah,9816632876,Midjil,2026-03-04,Home visit,Reached; counselled,ASHA,FAC007,E0001771,Test completion
OUT0001990,OUP0000894,Kavitha Krishna,9609978082,Manoor,2026-05-15,Phone call,Patient unavailable,ASHA,FAC020,E0001773,Test completion
OUT0001991,OUP0000894,Kavitha Krishna,9609978082,Manoor,2026-05-25,Village health day reminder,No answer,ASHA,FAC020,E0001773,General adherence
OUT0001992,OUP0000895,Rani Shekar,9689690913,Kondamallepall,2026-02-14,Village health day reminder,Patient unavailable,CHO,FAC011,E0001778,General adherence
OUT0001993,OUP0000896,Naresh Yadav,+91-93489-76864,Jharasangam,2026-02-01,Home visit,Family member reached,CHO,FAC024,E0001779,Test completion
OUT0001994,OUP0000896,Naresh Yadaw,9348976864,Jharasangam,2026-02-04,Home visit,Wrong number,CHO,FAC024,E0001779,General adherence
OUT0001995,OUP0000897,Suresh Khan,9944012818,Vemula,2026-05-07,Phone call,Reached; promised follow-up,CHO,FAC007,E0001780,Medicine pickup
OUT0001996,OUP0000897,Suresh Khan,,Vemula,2026-05-05,Phone call,Reached; counselled,ASHA,FAC007,E0001780,Review visit
OUT0001997,OUP0000898,Rajesh Goud,9054358578,Nakrekal,2026-06-18,Home visit,Patient unavailable,CHO,FAC016,E0001781,Medicine pickup
OUT0001998,OUP0000899,Naresh Mudiraj,9825738604,Indresha,2026-05-06,Home visit,Reached; promised follow-up,CHO,FAC025,E0001783,Test completion
OUT0001999,OUP0000900,Naresh Narsimha,9299791513,Nomula,2026-07-11,Home visit,Patient unavailable,CHO,FAC016,E0001784,Test completion
OUT0002000,OUP0000900,Naresh Narsimha,,Nomula,2026-07-21,Home visit,Family member reached,CHO,FAC016,E0001784,Review visit
OUT0002001,OUP0000900,Naresh Narsimha,9299791513,Nomula,2026-07-17,WhatsApp/SMS,Reached; promised follow-up,CHO,FAC016,E0001784,General adherence
OUT0002002,OUP0000901,Anil Rao,9072398106,Midjil,2026-02-14,Home visit,Wrong number,CHO,FAC008,E0001786,Medicine pickup
OUT0002003,OUP0000901,Anil Rao,9372398106,Midjil,2026-02-23,Home visit,Patient unavailable,CHO,FAC008,E0001786,General adherence
OUT0002004,OUP0000901,Anil Rao,9072398106,Midjil,2026-02-20,Village health day reminder,Reached; counselled,CHO,FAC008,E0001786,Test completion
OUT0002005,OUP0000902,Naveen Das,9052132131,Macharam,2026-08-05,Village health day reminder,Wrong number,CHO,FAC001,E0001788,Review visit
OUT0002006,OUP0000902,Naveen Das,9052132131,Macharam,2026-07-24,Phone call,Reached; counselled,ASHA,FAC001,E0001788,General adherence
OUT0002007,OUP0000903,Naveen Basa,9643588428,Nermata,2026-06-09,Phone call,Wrong number,ASHA,FAC015,E0001790,Test completion
OUT0002008,OUP0000903,Naveen Basha,9943588428,Nermata,2026-06-30,WhatsApp/SMS,No answer,ASHA,FAC015,E0001790,General adherence
OUT0002009,OUP0000903,Naveen Basha,9943588428,Nermata,2026-06-28,Phone call,Family member reached,CHO,FAC015,E0001790,Test completion
OUT0002010,OUP0000904,Saritha Mudiraj,9572866521,Kalher,2026-07-27,Home visit,Reached; counselled,ASHA,FAC020,E0001792,Test completion
OUT0002011,OUP0000905,Kavitha Narsimha,+91-99348-73713,Kummarikunt,2026-02-17,Phone call,Wrong number,CHO,FAC013,E0001794,General adherence
OUT0002012,OUP0000905,Kavitha Narsimha,9934873713,Kummarikunta,2026-05-02,Phone call,Wrong number,CHO,FAC013,E0001795,Medicine pickup
OUT0002013,OUP0000906,Anjali Reddy,9546843700,Kalher,2026-06-21,Village health day reminder,Phone switched off,CHO,FAC020,E0001796,General adherence
OUT0002014,OUP0000906,Anjali Reddy,9546843700,Kalher,2026-06-16,Phone call,Reached; promised follow-up,ASHA,FAC020,E0001796,Test completion
OUT0002015,OUP0000907,Srilatha Mallaiah,9345530462,Zaheeraba,2026-05-18,Phone call,Phone switched off,ASHA,FAC024,E0001799,Medicine pickup
OUT0002016,OUP0000907,Srilatha Mallaiah,+91-93455-30462,Zaheerabad,2026-05-30,WhatsApp/SMS,Reached; promised follow-up,ASHA,FAC024,E0001799,General adherence
OUT0002017,OUP0000907,Srilatha Mallaiah,9345530462,Zaheerabad,2026-05-22,WhatsApp/SMS,Patient unavailable,ASHA,FAC024,E0001799,Test completion
OUT0002018,OUP0000908,Praveen Reddy,+91-98913-09375,Bodajanampet,2026-06-19,WhatsApp/SMS,Reached; counselled,CHO,FAC004,E0001801,Test completion
OUT0002019,OUP0000908,Praveen Reddy,9891309375,Bodajanampet,2026-06-03,WhatsApp/SMS,Reached; promised follow-up,ASHA,FAC004,E0001801,Medicine pickup
OUT0002020,OUP0000909,Sai Mallaiah,9253170989,Nomula,2026-03-26,WhatsApp/SMS,Reached; counselled,CHO,FAC018,E0001802,General adherence
OUT0002021,OUP0000910,Ravi Krishna,9771276320,Kalher,2026-03-26,Home visit,Family member reached,ASHA,FAC021,E0001805,General adherence
OUT0002022,OUP0000910,Rawi Krishna,9771276320,Kalher,2026-03-17,Village health day reminder,Reached; counselled,ASHA,FAC021,E0001805,Medicine pickup
OUT0002023,OUP0000910,Ravi Krishna,9771276320,Kalher,2026-03-18,Home visit,Phone switched off,ASHA,FAC021,E0001805,Test completion
OUT0002024,OUP0000911,Vinod Narsimha,9972779853,POLEPALLY,2026-02-14,WhatsApp/SMS,Phone switched off,CHO,FAC001,E0001806,Test completion
OUT0002025,OUP0000911,Veenod Narsimha,9972779853,Polepall,2026-02-21,Phone call,Reached; promised follow-up,CHO,FAC001,E0001806,Review visit
OUT0002026,OUP0000912,Harika Rao,9015526085,Zaheerabad,2026-08-24,Village health day reminder,Reached; promised follow-up,CHO,FAC023,E0001810,Test completion
OUT0002027,OUP0000912,Harika Rao,9015526085,Zaheerabad,2026-09-02,Phone call,Reached; counselled,ASHA,FAC023,E0001810,General adherence
OUT0002028,OUP0000913,Mahesh Yadav,9899260332,Macharam,2026-07-22,Phone call,Family member reached,CHO,FAC003,E0001812,Test completion
OUT0002029,OUP0000913,Mahesh Yadaw,9899260332,Macharam,2026-07-29,Phone call,Reached; promised follow-up,ASHA,FAC003,E0001812,Review visit
OUT0002030,OUP0000913,Mahesh Yadav,9899260332,MACHARAM,2026-08-04,Home visit,Family member reached,ASHA,FAC003,E0001812,Test completion
OUT0002031,OUP0000914,Saritha Basha,9384846159,Zaheerabad,2026-05-15,Home visit,Reached; promised follow-up,CHO,FAC022,E0001813,Review visit
OUT0002032,OUP0000914,Saritha Basha,9384846159,Zaheerabad,2026-05-07,Phone call,Reached; counselled,CHO,FAC022,E0001813,Review visit
OUT0002033,OUP0000915,Vinod Kumar,9750359927,Indresham,2026-01-28,Village health day reminder,Reached; promised follow-up,ASHA,FAC025,E0001814,Medicine pickup
OUT0002034,OUP0000916,Jyothi Basha,9136931113,Bodajanampet,2026-06-03,Home visit,Reached; promised follow-up,CHO,FAC006,E0001815,General adherence
OUT0002035,OUP0000917,Rju Naik,9410839214,KALHER,2026-06-03,Home visit,Patient unavailable,CHO,FAC019,E0001817,Test completion
OUT0002036,OUP0000917,Raju Naik,9410839214,Kalher,2026-06-01,Phone call,Reached; counselled,CHO,FAC019,E0001817,Medicine pickup
OUT0002037,OUP0000918,Kavita Jangam,+91-91331-68513,Kondamallepally,2026-03-14,WhatsApp/SMS,Phone switched off,CHO,FAC011,E0001818,Test completion
OUT0002038,OUP0000918,Kavita Jangam,+91-91331-68513,Kondamallepally,2026-06-06,WhatsApp/SMS,Reached; counselled,CHO,FAC010,E0001819,Test completion
OUT0002039,OUP0000918,Kavitha Jangam,9133168513,KONDAMALLEPALLY,2026-06-13,Phone call,Reached; promised follow-up,CHO,FAC010,E0001819,Review visit
OUT0002040,OUP0000918,Kavitha Jangam,9133168513,Kondamallepally,2026-07-29,Village health day reminder,Family member reached,ASHA,FAC010,E0001820,Medicine pickup
OUT0002041,OUP0000918,Kavitha Jangam,9133168513,KONDAMALLEPALLY,2026-08-06,Phone call,Reached; counselled,CHO,FAC010,E0001820,Medicine pickup
OUT0002042,OUP0000919,Praveen Patel,9456902653,Kohir,2026-03-29,Phone call,Reached; promised follow-up,ASHA,FAC024,E0001821,Test completion
OUT0002043,OUP0000919,Praveen Patel,9456902653,Kohir,2026-04-16,Village health day reminder,Reached; promised follow-up,CHO,FAC024,E0001821,Test completion
OUT0002044,OUP0000919,Praveen Patel,9456902653,Kohir,2026-04-22,Phone call,Family member reached,CHO,FAC024,E0001821,Medicine pickup
OUT0002045,OUP0000919,Praveen Patel,9456902653,Kohir,2026-04-25,WhatsApp/SMS,Family member reached,ASHA,FAC023,E0001822,Medicine pickup
OUT0002046,OUP0000919,Praveen Patel,+91-94569-02653,Kohir,2026-04-20,Phone call,Patient unavailable,CHO,FAC023,E0001822,Review visit
OUT0002047,OUP0000920,Srilatha Laxman,,Devarakonda,2026-05-23,Home visit,Family member reached,ASHA,FAC010,E0001823,Test completion
OUT0002048,OUP0000921,Anitha Narsimha,9040247420,Balanagar,2026-05-24,WhatsApp/SMS,No answer,ASHA,FAC005,E0001824,General adherence
OUT0002049,OUP0000921,Anitha Narsimha,9040247420,BALANAGAR,2026-06-12,Phone call,Reached; promised follow-up,ASHA,FAC005,E0001824,Medicine pickup
OUT0002050,OUP0000921,Anita Narsimha,9040247420,Balanagar,2026-06-15,Home visit,Reached; counselled,ASHA,FAC005,E0001824,General adherence
OUT0002051,OUP0000922,Swathi Shekar,+91-98481-43330,Nomula,2026-08-04,Village health day reminder,Reached; promised follow-up,ASHA,FAC017,E0001825,Medicine pickup
OUT0002052,OUP0000923,Srilatha Narsimha,,Patancheru,2026-05-26,Home visit,Phone switched off,CHO,FAC025,E0001828,Review visit
OUT0002053,OUP0000923,Sreelatha Narsimha,+91-96100-86474,Patancheru,2026-06-02,Home visit,Reached; counselled,ASHA,FAC025,E0001828,Review visit
OUT0002054,OUP0000924,Shobha Mudiraj,9793502995,Badepally,2026-05-03,Phone call,Family member reached,ASHA,FAC003,E0001829,Medicine pickup
OUT0002055,OUP0000924,Shobha,9793502995,Badepally,2026-07-21,Phone call,Wrong number,CHO,FAC001,E0001830,General adherence
OUT0002056,OUP0000924,Shobha Mudiraj,9793502995,Badepally,2026-08-03,Phone call,Family member reached,ASHA,FAC001,E0001830,Test completion
OUT0002057,OUP0000924,Shobha Mudiraj,9793502995,Badepally,2026-07-22,Phone call,Reached; promised follow-up,CHO,FAC001,E0001830,General adherence
OUT0002058,OUP0000925,Sai Mallaiah,9724684314,Mangalapally,2026-02-07,Village health day reminder,Reached; promised follow-up,CHO,FAC016,E0001831,Medicine pickup
OUT0002059,OUP0000925,Sai Mallaiah,9724684314,Mangalapally,2026-02-16,Phone call,Reached; counselled,ASHA,FAC016,E0001831,Test completion
OUT0002060,OUP0000925,Sai Mallaiah,9724684314,Mangalapally,2026-03-01,WhatsApp/SMS,Reached; counselled,CHO,FAC016,E0001831,Review visit
OUT0002061,OUP0000925,Sai Mallaiah,9724684314,Mangalapalli,2026-08-24,Village health day reminder,Reached; counselled,ASHA,FAC016,E0001832,Medicine pickup
OUT0002062,OUP0000925,Si Mallaiah,9724684314,Mangalapally,2026-08-26,WhatsApp/SMS,Reached; counselled,CHO,FAC016,E0001832,Review visit
OUT0002063,OUP0000925,Sai Mallaiah,9724684314,Mangalapally,2026-08-25,Phone call,Patient unavailable,ASHA,FAC016,E0001832,Test completion
OUT0002064,OUP0000926,Vinod Goud,9002620316,Vemula,2026-04-06,Phone call,Family member reached,CHO,FAC007,E0001837,Medicine pickup
OUT0002065,OUP0000926,Vinod Goud,9002620316,Vemula,2026-04-13,Home visit,Reached; counselled,CHO,FAC007,E0001837,Test completion
OUT0002066,OUP0000927,Saritha Das,9602949242,Manoor,2026-02-13,Phone call,No answer,ASHA,FAC019,E0001841,Review visit
OUT0002067,OUP0000927,Saritha Das,9602949242,Manoor,2026-03-01,Phone call,Phone switched off,CHO,FAC019,E0001841,General adherence
OUT0002068,OUP0000927,Saritha Das,9602949242,Manoor,2026-02-14,Phone call,Reached; promised follow-up,CHO,FAC019,E0001841,Test completion
OUT0002069,OUP0000928,Swathi Naik,+91-96869-32604,Kohir,2026-08-12,Home visit,Reached; counselled,ASHA,FAC023,E0001842,General adherence
OUT0002070,OUP0000928,Swathi Naik,9686932604,Kohir,2026-08-19,WhatsApp/SMS,Patient unavailable,CHO,FAC023,E0001842,General adherence
OUT0002071,OUP0000929,Raghav Basha,9572779547,Velpula,2026-04-24,Home visit,No answer,CHO,FAC008,E0001844,Medicine pickup
OUT0002072,OUP0000929,Raghav Basha,9572779547,Velpula,2026-05-08,Village health day reminder,Patient unavailable,CHO,FAC007,E0001845,Test completion
OUT0002073,OUP0000930,Ramesh Jangam,9187225722,Narayankhed,2026-05-19,Home visit,Family member reached,CHO,FAC021,E0001846,General adherence
OUT0002074,OUP0000930,Ramesh Jangam,9187225722,NARAYANKHED,2026-05-15,Phone call,Reached; promised follow-up,CHO,FAC021,E0001846,Review visit
OUT0002075,OUP0000931,Lakshmi Khan,9737108022,Kallepally,2026-04-01,Village health day reminder,Reached; promised follow-up,CHO,FAC006,E0001849,Medicine pickup
OUT0002076,OUP0000931,Lakshmi Khan,9737108022,Kallepally,2026-05-17,Home visit,Reached; promised follow-up,ASHA,FAC004,E0001850,Review visit
OUT0002077,OUP0000931,Lkshmi Khan,9737108022,Kallepally,2026-05-17,Village health day reminder,Reached; promised follow-up,CHO,FAC004,E0001850,Test completion
OUT0002078,OUP0000932,Jyothi Goud,9752457299,Bhanur,2026-07-17,Village health day reminder,Reached; promised follow-up,ASHA,FAC025,E0001852,Medicine pickup
OUT0002079,OUP0000932,Jyothi Goud,9752457299,Bhanur,2026-07-22,Home visit,No answer,CHO,FAC025,E0001852,Medicine pickup
OUT0002080,OUP0000932,Jyothi Goud,+91-97524-57299,Bhanur,2026-07-23,Phone call,Family member reached,ASHA,FAC025,E0001852,Medicine pickup
OUT0002081,OUP0000933,Saritha Goud,9213173649,Polepally,2026-04-01,Village health day reminder,Family member reached,ASHA,FAC001,E0001854,Review visit
OUT0002082,OUP0000933,Saritha Goud,9213173649,Polepally,2026-03-30,Phone call,Phone switched off,ASHA,FAC001,E0001854,Review visit
OUT0002083,OUP0000933,Saritha Goud,9213173649,Polepally,2026-04-08,Phone call,Reached; counselled,ASHA,FAC003,E0001855,Medicine pickup
OUT0002084,OUP0000933,Saritha Goud,9213173649,Polepalli,2026-04-17,Phone call,Phone switched off,ASHA,FAC003,E0001855,Medicine pickup
OUT0002085,OUP0000933,Saritha Goud,9213173649,Polepally,2026-04-16,Phone call,Family member reached,ASHA,FAC003,E0001855,Medicine pickup
OUT0002086,OUP0000934,Anjali Yadav,+91-99127-17659,Chandur,2026-07-31,Village health day reminder,Reached; promised follow-up,ASHA,FAC013,E0001856,Test completion
OUT0002087,OUP0000934,Anjali Yadav,,Chandur,2026-07-20,Village health day reminder,Reached; promised follow-up,CHO,FAC013,E0001856,Medicine pickup
OUT0002088,OUP0000935,Venkatesh Das,9228622378,Gundlapally,2026-06-02,Phone call,Family member reached,ASHA,FAC012,E0001858,Test completion
OUT0002089,OUP0000936,Vinod,+91-94104-52274,Gundlapally,2026-06-04,Home visit,Reached; promised follow-up,CHO,FAC011,E0001859,Review visit
OUT0002090,OUP0000936,Vinod Basha,9410452274,Gundlapally,2026-06-13,Home visit,Reached; promised follow-up,ASHA,FAC011,E0001859,Test completion
OUT0002091,OUP0000936,Vinod Basha,9410452274,Gundlapally,2026-07-20,Phone call,Reached; counselled,ASHA,FAC012,E0001860,General adherence
OUT0002092,OUP0000937,Srilatha Rao,9412508794,Narayankhed,2026-05-18,WhatsApp/SMS,Family member reached,CHO,FAC020,E0001861,Medicine pickup
OUT0002093,OUP0000938,Nirmala Krishna,+91-93228-28517,Rajapur,2026-02-08,Home visit,Family member reached,CHO,FAC004,E0001863,Medicine pickup
OUT0002094,OUP0000938,Nirmala Krishna,9322828517,Rajapur,2026-02-16,Home visit,Phone switched off,ASHA,FAC004,E0001863,Review visit
OUT0002095,OUP0000938,Nirmala Krishna,9322828517,Rajapur,2026-04-09,Home visit,Reached; counselled,CHO,FAC006,E0001864,Review visit
OUT0002096,OUP0000939,Sai Chary,9411794633,Balanagar,2026-05-07,Phone call,Family member reached,ASHA,FAC004,E0001865,Test completion
OUT0002097,OUP0000939,Si Chary,9411794633,Balanagar,2026-05-04,WhatsApp/SMS,Reached; counselled,CHO,FAC004,E0001865,Test completion
OUT0002098,OUP0000939,Saee Chary,9411794633,Balanagar,2026-06-25,Home visit,Phone switched off,CHO,FAC005,E0001866,General adherence
OUT0002099,OUP0000939,Sai Chary,9411794633,Balanagar,2026-07-03,Phone call,Phone switched off,CHO,FAC005,E0001866,Test completion
OUT0002100,OUP0000939,Saee Chary,9411794633,Balanagar,2026-07-10,Home visit,Reached; counselled,ASHA,FAC005,E0001866,Test completion
OUT0002101,OUP0000940,Anjali Jangam,9035413259,Kondamallepally,2026-05-10,Home visit,Family member reached,ASHA,FAC011,E0001867,Test completion
OUT0002102,OUP0000940,Anjali Jangam,9035413259,Kondamallepally,2026-05-09,Home visit,Reached; counselled,CHO,FAC011,E0001867,Review visit
OUT0002103,OUP0000941,Deepeeka Goud,9184933758,Kallepally,2026-08-10,Phone call,Patient unavailable,CHO,FAC004,E0001868,Medicine pickup
OUT0002104,OUP0000941,Deepika Goud,9184933758,Kallepally,2026-08-08,Phone call,Reached; promised follow-up,ASHA,FAC004,E0001868,Test completion
OUT0002105,OUP0000942,Anil Yadav,9498836636,Kohir,2026-06-25,Home visit,Phone switched off,ASHA,FAC024,E0001870,Test completion
OUT0002106,OUP0000942,Anil Yadav,9498836636,Kohir,2026-06-29,Phone call,Family member reached,CHO,FAC024,E0001870,General adherence
OUT0002107,OUP0000943,Shobha Reddy,9581518910,Nakrekal,2026-07-09,Phone call,Reached; promised follow-up,ASHA,FAC017,E0001871,Medicine pickup
OUT0002108,OUP0000943,Shobha Reddy,9581518910,Nakrekal,2026-06-29,Phone call,Reached; promised follow-up,ASHA,FAC017,E0001871,Medicine pickup
OUT0002109,OUP0000944,Venkatesh Mudiraj,9437075587,Bodajanampe,2026-06-08,WhatsApp/SMS,Patient unavailable,ASHA,FAC006,E0001872,Medicine pickup
OUT0002110,OUP0000944,Venkatesh Mudiraj,9437075587,Bodajanampet,2026-06-20,Phone call,Reached; promised follow-up,ASHA,FAC006,E0001872,General adherence
OUT0002111,OUP0000944,Venkatesh Mudiraj,,Bodajanampet,2026-06-14,Home visit,Family member reached,ASHA,FAC006,E0001872,General adherence
OUT0002112,OUP0000944,Venkatesh Mudiraj,9437075587,Bodajanampet,2026-07-25,Home visit,Family member reached,ASHA,FAC005,E0001873,Review visit
OUT0002113,OUP0000945,Raju Basha,9182746543,Kallepally,2026-04-30,Phone call,Reached; counselled,CHO,FAC004,E0001874,General adherence
OUT0002114,OUP0000946,Lalitha Mallaiah,9714477235,Kalher,2026-07-31,Home visit,Patient unavailable,ASHA,FAC021,E0001877,General adherence
OUT0002115,OUP0000947,Mounika Yadav,9338910461,Mogudampally,2026-01-20,Phone call,Reached; counselled,CHO,FAC024,E0001878,Test completion
OUT0002116,OUP0000947,Mounika Yadav,9338910461,Mogudampally,2026-01-28,Home visit,Family member reached,CHO,FAC023,E0001879,Medicine pickup
OUT0002117,OUP0000947,Mounika Yadav,9338912461,Mogudampally,2026-02-02,Home visit,No answer,CHO,FAC023,E0001879,General adherence
OUT0002118,OUP0000947,Mounika Yadav,9338910461,Mogudampally,2026-02-16,Home visit,Reached; counselled,ASHA,FAC023,E0001879,Test completion
OUT0002119,OUP0000948,Sushma Yadav,9056406908,Nermata,2026-03-23,Phone call,Family member reached,ASHA,FAC015,E0001883,Test completion
OUT0002120,OUP0000948,Sushma Yadav,+91-90564-06908,Nermata,2026-04-04,WhatsApp/SMS,Reached; promised follow-up,CHO,FAC015,E0001883,Medicine pickup
OUT0002121,OUP0000949,Rajesh Jangam,9722571631,Narayankhed,2026-03-13,Village health day reminder,Reached; counselled,ASHA,FAC020,E0001884,Review visit
OUT0002122,OUP0000950,Mounika Reddy,9686573540,Indresham,2026-03-29,Phone call,Reached; counselled,ASHA,FAC026,E0001886,General adherence
OUT0002123,OUP0000951,Naveen Chary,9247348749,Kohir,2026-06-14,Phone call,Reached; promised follow-up,CHO,FAC024,E0001887,Medicine pickup
OUT0002124,OUP0000951,Naveen Chary,9247368749,Kohir,2026-06-16,WhatsApp/SMS,Phone switched off,ASHA,FAC024,E0001887,General adherence
OUT0002125,OUP0000951,Naveen Chary,+91-92473-48749,Kohir,2026-07-04,Phone call,Patient unavailable,CHO,FAC024,E0001887,Review visit
OUT0002126,OUP0000952,Padma Begum,+91-91810-77713,Mogudampally,2026-08-31,Phone call,Patient unavailable,ASHA,FAC023,E0001889,General adherence
OUT0002127,OUP0000952,Padma Begum,,Mogudampally,2026-08-19,Village health day reminder,Reached; promised follow-up,ASHA,FAC023,E0001889,Test completion
OUT0002128,OUP0000953,Rajesh Begum,9443267304,Gundlapally,2026-04-27,Home visit,Patient unavailable,CHO,FAC010,E0001892,Review visit
OUT0002129,OUP0000953,Rajesh Begum,9443267304,Gundlapally,2026-05-01,Phone call,Family member reached,CHO,FAC010,E0001892,General adherence
OUT0002130,OUP0000953,Rajesh Begum,9443267304,Gundlapally,2026-05-09,Phone call,Reached; counselled,ASHA,FAC010,E0001892,Medicine pickup
OUT0002131,OUP0000953,Rajes Begum,+91-94432-67304,Gundlapally,2026-06-13,Home visit,Phone switched off,CHO,FAC011,E0001893,Test completion
OUT0002132,OUP0000954,Shobha Khan,9617641192,Bodajanampet,2026-02-04,Village health day reminder,Reached; counselled,CHO,FAC004,E0001895,Review visit
OUT0002133,OUP0000954,Shobha Khan,,BODAJANAMPET,2026-01-31,Home visit,Reached; promised follow-up,ASHA,FAC004,E0001895,Test completion
OUT0002134,OUP0000954,Shobha Khan,9617641192,Bodajanampet,2026-02-21,Phone call,Family member reached,CHO,FAC004,E0001895,Test completion
OUT0002135,OUP0000955,Swathi Das,9482304627,Nermata,2026-03-24,Phone call,Patient unavailable,CHO,FAC015,E0001896,Test completion
OUT0002136,OUP0000955,Swathi Das,9482304627,NERMATA,2026-03-27,Phone call,Family member reached,CHO,FAC015,E0001896,General adherence
OUT0002137,OUP0000955,Swathi Das,9482304627,Nermata,2026-03-25,Village health day reminder,Phone switched off,ASHA,FAC015,E0001896,Medicine pickup
OUT0002138,OUP0000956,Shankar Chary,9862681062,Bangarigadda,2026-08-16,Phone call,Reached; counselled,CHO,FAC013,E0001898,Medicine pickup
OUT0002139,OUP0000956,Shankar Chary,9862681062,Bangarigadda,2026-08-04,Phone call,Reached; promised follow-up,CHO,FAC013,E0001898,General adherence
OUT0002140,OUP0000956,Shankar Chary,9862681062,Bangarigadda,2026-08-08,Phone call,Reached; promised follow-up,CHO,FAC013,E0001898,Review visit
OUT0002141,OUP0000957,Raju Jangam,9327505163,Mangalapally,2026-07-02,WhatsApp/SMS,Family member reached,ASHA,FAC017,E0001899,Review visit
OUT0002142,OUP0000957,Raju Jangam,9327505163,Mangalapalli,2026-07-07,WhatsApp/SMS,Phone switched off,ASHA,FAC017,E0001899,Test completion
OUT0002143,OUP0000958,Padma,9110410815,MOGUDAMPALLY,2026-01-23,Phone call,No answer,ASHA,FAC024,E0001903,Review visit
OUT0002144,OUP0000958,Padma Shekar,9110410815,Mogudampally,2026-03-23,Phone call,Patient unavailable,ASHA,FAC022,E0001904,Medicine pickup
OUT0002145,OUP0000958,Padma Shekar,9110410815,Mogudampally,2026-03-09,Home visit,Reached; counselled,CHO,FAC022,E0001904,Medicine pickup
OUT0002146,OUP0000959,Anil Narsimha,9872491476,Bodajanampet,2026-01-27,Village health day reminder,Reached; promised follow-up,CHO,FAC005,E0001905,General adherence
OUT0002147,OUP0000959,Anil Narsimha,,Bodajanampet,2026-01-30,Phone call,Family member reached,ASHA,FAC005,E0001905,General adherence
OUT0002148,OUP0000960,Jyothi Krishna,9079760007,Narayankhed,2026-03-02,Home visit,Patient unavailable,CHO,FAC020,E0001907,Medicine pickup
OUT0002149,OUP0000961,Mahesh Chary,9487551763,Jharasangam,2026-01-29,Phone call,Reached; promised follow-up,CHO,FAC022,E0001910,Review visit
OUT0002150,OUP0000961,Mahesh Chary,9487551763,JHARASANGAM,2026-02-07,Phone call,Reached; counselled,ASHA,FAC022,E0001910,Medicine pickup
OUT0002151,OUP0000961,Mahesh Chary,9487551763,Jharasangam,2026-02-08,Home visit,Reached; counselled,ASHA,FAC022,E0001910,Test completion
OUT0002152,OUP0000962,Srilatha Shekar,9712457954,Mangalapally,2026-01-27,Phone call,Wrong number,CHO,FAC017,E0001912,Medicine pickup
OUT0002153,OUP0000963,Swathi Jangam,9379409894,Mangalapall,2026-06-23,Home visit,Patient unavailable,ASHA,FAC018,E0001914,Review visit
OUT0002154,OUP0000963,Swathee Jangam,9379409894,Mangalapalli,2026-06-26,Phone call,Reached; promised follow-up,CHO,FAC018,E0001914,Medicine pickup
OUT0002155,OUP0000963,Swathi Jangam,,Mangalapally,2026-06-22,Phone call,Reached; promised follow-up,ASHA,FAC018,E0001914,Medicine pickup
OUT0002156,OUP0000964,Mounika Patel,9406662533,Narayankhed,2026-02-18,WhatsApp/SMS,Reached; promised follow-up,ASHA,FAC019,E0001916,Medicine pickup
OUT0002157,OUP0000965,Shankar Rao,9012898009,Manoor,2026-08-02,Village health day reminder,No answer,ASHA,FAC021,E0001918,Medicine pickup
OUT0002158,OUP0000965,sankar Rao,9012898009,Manoor,2026-08-03,Phone call,Phone switched off,CHO,FAC021,E0001918,General adherence
OUT0002159,OUP0000966,Naveen Shekar,+91-93478-63333,Midjil,2026-04-24,Phone call,Family member reached,CHO,FAC008,E0001919,General adherence
OUT0002160,OUP0000966,Naveen Shekar,9347863333,Midjil,2026-04-22,Phone call,Reached; promised follow-up,CHO,FAC008,E0001919,Medicine pickup
OUT0002161,OUP0000966,Naveen Shekar,+91-93478-63333,Midji,2026-04-28,Home visit,Reached; counselled,ASHA,FAC008,E0001919,Test completion
OUT0002162,OUP0000967,Srinivs Basha,9098066550,Ameenpur,2026-08-08,Home visit,Phone switched off,CHO,FAC027,E0001922,Medicine pickup
OUT0002163,OUP0000967,Srinivas Basha,+91-90980-66550,Ameenpur,2026-08-13,Phone call,No answer,ASHA,FAC027,E0001922,General adherence
OUT0002164,OUP0000968,Raghav Basha,+91-94500-62912,Kummarikunta,2026-04-05,WhatsApp/SMS,Family member reached,CHO,FAC014,E0001924,Review visit
OUT0002165,OUP0000968,Raghav Basha,9450062912,Kummarikunta,2026-04-03,Phone call,Reached; counselled,ASHA,FAC014,E0001924,Medicine pickup
OUT0002166,OUP0000968,Raghav Basha,9450062912,Kummarikunta,2026-04-10,Home visit,Wrong number,ASHA,FAC014,E0001924,Review visit
OUT0002167,OUP0000969,Santosh Patel,+91-92099-64860,Bodajanampet,2026-01-25,Phone call,Family member reached,ASHA,FAC005,E0001926,Medicine pickup
OUT0002168,OUP0000970,Lakshmi Das,9455128796,Bodajanampet,2026-03-01,Phone call,No answer,CHO,FAC005,E0001929,Medicine pickup
OUT0002169,OUP0000971,Anjali Mallaiah,9327257570,Kondamallepall,2026-08-12,Village health day reminder,Reached; promised follow-up,CHO,FAC012,E0001931,General adherence
OUT0002170,OUP0000971,Anjali Mallaiah,9327257570,Kondamallepally,2026-08-09,Phone call,Wrong number,CHO,FAC012,E0001931,General adherence
OUT0002171,OUP0000972,Nirmala Krishna,,POLEPALLY,2026-07-10,WhatsApp/SMS,Reached; promised follow-up,ASHA,FAC001,E0001932,Medicine pickup
OUT0002172,OUP0000972,Nirmala Krishna,9322532179,Polepally,2026-07-06,Phone call,Reached; counselled,CHO,FAC001,E0001932,General adherence
OUT0002173,OUP0000973,Sushma Yadav,9118710581,BODAJANAMPET,2026-02-05,Village health day reminder,Reached; counselled,ASHA,FAC005,E0001937,Medicine pickup
OUT0002174,OUP0000973,Sushma Yadav,9118710881,Bodajanampet,2026-02-04,Phone call,Patient unavailable,CHO,FAC005,E0001937,General adherence
OUT0002175,OUP0000973,Sushma Yadav,9118710881,Bodajanampet,2026-02-06,Home visit,Family member reached,CHO,FAC005,E0001937,Review visit
OUT0002176,OUP0000974,Mounika Khan,,Indresham,2026-07-22,Home visit,Reached; counselled,ASHA,FAC025,E0001940,Test completion
OUT0002177,OUP0000975,sankar Rao,9904483699,Peddadinn,2026-07-19,Phone call,Reached; promised follow-up,CHO,FAC012,E0001943,Medicine pickup
OUT0002178,OUP0000975,Shankar Rao,9904483699,Peddadinne,2026-07-07,Phone call,Patient unavailable,ASHA,FAC012,E0001943,Medicine pickup
OUT0002179,OUP0000976,Kiran Jangam,9764073784,Narayankhed,2026-03-30,Phone call,Patient unavailable,ASHA,FAC020,E0001947,General adherence
OUT0002180,OUP0000976,Kiran Jangam,,Narayankhed,2026-04-14,WhatsApp/SMS,No answer,ASHA,FAC020,E0001947,Medicine pickup
OUT0002181,OUP0000976,Kiran Jangam,9764073784,Narayankhed,2026-04-02,Home visit,Reached; promised follow-up,ASHA,FAC020,E0001947,Test completion
OUT0002182,OUP0000977,Divya Devi,9852126279,Donur,2026-05-21,Phone call,Reached; promised follow-up,ASHA,FAC008,E0001948,Review visit
OUT0002183,OUP0000978,Santosh Begum,+91-95772-90526,Manoo,2026-03-07,Phone call,Reached; counselled,ASHA,FAC020,E0001949,Medicine pickup
OUT0002184,OUP0000978,Santosh Begum,9577290526,Manoor,2026-03-10,Phone call,Reached; counselled,ASHA,FAC020,E0001949,Review visit
OUT0002185,OUP0000979,Kavitha Yadav,9726459561,BANGARIGADDA,2026-04-26,Phone call,Reached; promised follow-up,CHO,FAC014,E0001951,Review visit
OUT0002186,OUP0000979,Kavitha Yadav,9726459561,Bangarigadda,2026-04-15,Phone call,Family member reached,ASHA,FAC014,E0001951,Medicine pickup
OUT0002187,OUP0000980,Lakshmi Narsimha,9917631072,Zaheerabad,2026-01-25,Phone call,Phone switched off,ASHA,FAC022,E0001953,Medicine pickup
OUT0002188,OUP0000980,Lakshmi Narsimha,9917631072,Zaheerabad,2026-02-01,Home visit,Reached; promised follow-up,ASHA,FAC022,E0001953,Medicine pickup
OUT0002189,OUP0000980,Lakshmi Narsimha,9917631072,Zaheerabad,2026-02-04,Home visit,Reached; promised follow-up,CHO,FAC022,E0001953,Medicine pickup
OUT0002190,OUP0000980,Lkshmi Narsimha,9917631072,Zaheerabad,2026-02-24,Home visit,Reached; promised follow-up,ASHA,FAC024,E0001954,Review visit
OUT0002191,OUP0000981,Nirmala Chary,9287733296,Kalher,2026-01-18,Home visit,Phone switched off,ASHA,FAC020,E0001955,Test completion
OUT0002192,OUP0000981,Nirmala Chary,9287733296,Kalher,2026-01-27,Village health day reminder,Wrong number,ASHA,FAC020,E0001955,General adherence
OUT0002193,OUP0000981,Nirmala Chary,9287733296,Kalher,2026-01-21,Village health day reminder,Family member reached,ASHA,FAC020,E0001955,Test completion
OUT0002194,OUP0000982,Jyothi Chary,9712573831,Jharasangam,2026-08-10,Phone call,No answer,ASHA,FAC022,E0001957,Medicine pickup
OUT0002195,OUP0000982,Jyothi Chary,9712573831,Jharasangam,2026-08-16,Home visit,Family member reached,CHO,FAC022,E0001957,General adherence
OUT0002196,OUP0000982,Jyothi Chary,9712573831,Jharasangam,2026-08-27,Phone call,Reached; counselled,CHO,FAC022,E0001957,Medicine pickup
OUT0002197,OUP0000983,Deepika Jangam,9665133916,BODAJANAMPET,2026-08-15,WhatsApp/SMS,Reached; promised follow-up,ASHA,FAC006,E0001958,Test completion
OUT0002198,OUP0000984,Naresh Basha,9007898234,Kalher,2026-03-15,Phone call,Family member reached,ASHA,FAC021,E0001959,Test completion
OUT0002199,OUP0000985,Shankar Chary,9072718884,Kangti,2026-06-20,Phone call,Reached; promised follow-up,ASHA,FAC020,E0001960,Medicine pickup
OUT0002200,OUP0000985,Shankar Chary,9072718884,Kangti,2026-06-17,Phone call,Family member reached,ASHA,FAC020,E0001960,Review visit
OUT0002201,OUP0000986,Shankar Das,9103346012,Gundlapalli,2026-05-13,Phone call,Family member reached,ASHA,FAC011,E0001961,Medicine pickup
OUT0002202,OUP0000986,Shankar Das,9103346012,Gundlapally,2026-05-26,Village health day reminder,Family member reached,CHO,FAC011,E0001961,Test completion
OUT0002203,OUP0000987,Sushma Yadav,9113494404,Rajapur,2026-06-07,Home visit,Patient unavailable,CHO,FAC006,E0001963,Test completion
OUT0002204,OUP0000987,Sushma Yadav,9113494404,Rajapur,2026-06-02,Home visit,Patient unavailable,CHO,FAC006,E0001963,General adherence
OUT0002205,OUP0000988,Lakshmi,+91-99185-61063,MACHARAM,2026-07-01,Phone call,Patient unavailable,CHO,FAC003,E0001966,Review visit
OUT0002206,OUP0000989,Srinivas Mallaiah,9549718055,Ameenpur,2026-07-18,Phone call,Reached; promised follow-up,CHO,FAC025,E0001968,Review visit
OUT0002207,OUP0000989,Srinivas Mallaiah,9549718055,Ameenpur,2026-07-17,WhatsApp/SMS,Reached; promised follow-up,CHO,FAC025,E0001968,Review visit
OUT0002208,OUP0000990,Anil Reddy,9803783009,Bhanur,2026-06-01,WhatsApp/SMS,Family member reached,CHO,FAC027,E0001970,Medicine pickup
OUT0002209,OUP0000990,Anil Reddy,9803783009,Bhanur,2026-06-06,Village health day reminder,Reached; counselled,ASHA,FAC027,E0001970,General adherence
OUT0002210,OUP0000990,Anil Reddy,9803783009,Bhanur,2026-06-03,Phone call,Reached; promised follow-up,CHO,FAC027,E0001970,Test completion
OUT0002211,OUP0000990,Anil Reddy,9803783009,Bhanur,2026-06-26,Phone call,Reached; counselled,ASHA,FAC027,E0001971,Review visit
OUT0002212,OUP0000991,Naresh Kumar,9327840926,Devarakonda,2026-08-17,Phone call,No answer,ASHA,FAC011,E0001973,Medicine pickup
OUT0002213,OUP0000991,Naresh Kumar,9327840926,DEVARAKONDA,2026-08-30,Phone call,Reached; promised follow-up,ASHA,FAC011,E0001973,Review visit
OUT0002214,OUP0000992,Pravin Mudiraj,9686408712,Chandur,2026-05-31,WhatsApp/SMS,Reached; counselled,CHO,FAC015,E0001976,Test completion
OUT0002215,OUP0000992,Praveen Mudiraj,9686408712,Chandur,2026-06-10,Phone call,Reached; promised follow-up,ASHA,FAC015,E0001977,Medicine pickup
OUT0002216,OUP0000993,Jyothi Das,9561063376,Kohir,2026-05-31,Village health day reminder,No answer,ASHA,FAC024,E0001978,General adherence
OUT0002217,OUP0000994,Lalitha Shekar,+91-92326-90454,KOHIR,2026-06-14,Village health day reminder,Family member reached,CHO,FAC022,E0001980,Test completion
OUT0002218,OUP0000995,Bhavani Krishna,9629089232,Gangapur,2026-02-28,Home visit,Reached; promised follow-up,CHO,FAC002,E0001985,Review visit
OUT0002219,OUP0000996,Lalitha Basha,9040832527,Jharasangam,2026-06-09,Home visit,Family member reached,CHO,FAC023,E0001986,Review visit
OUT0002220,OUP0000996,Lalitha Basha,9040832527,JHARASANGAM,2026-06-15,WhatsApp/SMS,Reached; promised follow-up,ASHA,FAC023,E0001986,Review visit
OUT0002221,OUP0000997,Nirmala Patel,9465679056,Rajapur,2026-05-29,Home visit,Reached; counselled,ASHA,FAC004,E0001989,Medicine pickup
OUT0002222,OUP0000997,Nirmala Patel,9465679056,RAJAPUR,2026-06-19,Village health day reminder,Family member reached,CHO,FAC004,E0001989,General adherence
OUT0002223,OUP0000997,Nirmala Patel,9465679056,Rajapur,2026-06-11,Phone call,Reached; promised follow-up,ASHA,FAC004,E0001989,Test completion
OUT0002224,OUP0000998,Sushma Narsimha,9473028124,Velpula,2026-04-02,Village health day reminder,Family member reached,CHO,FAC007,E0001991,Test completion
OUT0002225,OUP0000998,Sushma Narsimha,9473028124,Velpula,2026-04-02,Village health day reminder,Reached; counselled,ASHA,FAC007,E0001991,Test completion
OUT0002226,OUP0000998,Sushma Narsimha,9453028124,Velpula,2026-06-17,Phone call,Reached; counselled,CHO,FAC009,E0001992,Test completion
OUT0002227,OUP0000998,Sushma Narsimha,9473028124,Velpula,2026-06-10,WhatsApp/SMS,Phone switched off,CHO,FAC009,E0001992,General adherence
OUT0002228,OUP0000999,Naveen Krishna,9397044695,Gangapur,2026-04-13,Home visit,Reached; promised follow-up,CHO,FAC001,E0001993,Test completion
OUT0002229,OUP0000999,Naveen Krishna,,Gangapur,2026-04-16,Phone call,Wrong number,ASHA,FAC001,E0001993,Review visit
OUT0002230,OUP0001000,Jyothee Jangam,9423223038,Mangalapally,2026-04-02,Phone call,Reached; promised follow-up,CHO,FAC016,E0001994,Medicine pickup
OUT0002231,OUP0001000,Jyothi Jangam,9423223038,Mangalapally,2026-04-09,Home visit,Reached; promised follow-up,CHO,FAC016,E0001994,Medicine pickup
OUT0002232,OUP0001000,Jyothi Jangam,9423223038,Mangalapally,2026-04-15,Village health day reminder,Reached; promised follow-up,CHO,FAC016,E0001994,Review visit
OUT0002233,OUP0001001,Arun Mallaiah,9348370872,Chandur,2026-03-06,Home visit,Phone switched off,CHO,FAC013,E0001996,Medicine pickup
OUT0002234,OUP0001002,Raghav Reddy,9339639963,Bodajanampet,2026-02-05,Phone call,Reached; promised follow-up,CHO,FAC004,E0001997,Review visit
OUT0002235,OUP0001002,Raghav Reddy,9337639963,Bodajanampet,2026-02-14,WhatsApp/SMS,Family member reached,ASHA,FAC004,E0001997,General adherence
OUT0002236,OUP0001002,Raghav Reddy,9337639963,Bodajanampe,2026-02-17,WhatsApp/SMS,Phone switched off,ASHA,FAC004,E0001997,Test completion
OUT0002237,OUP0001003,Sai Mallaiah,9985321111,Kalher,2026-07-09,Phone call,Phone switched off,CHO,FAC021,E0001999,General adherence
OUT0002238,OUP0001004,Swathi Laxman,9195043572,Kalher,2026-05-28,WhatsApp/SMS,Family member reached,CHO,FAC019,E0002000,General adherence
OUT0002239,OUP0001004,Swathi Laxman,9195043572,Kalhe,2026-05-15,WhatsApp/SMS,Reached; counselled,ASHA,FAC019,E0002000,Medicine pickup
OUT0002240,OUP0001004,Swathee Laxman,9195043572,Kalher,2026-06-03,Phone call,No answer,CHO,FAC019,E0002000,Review visit
OUT0002241,OUP0001004,Swathi Laxman,9195043572,Kalher,2026-06-03,WhatsApp/SMS,No answer,CHO,FAC021,E0002001,Review visit
OUT0002242,OUP0001004,Swati Laxman,9195043572,Kalher,2026-06-22,Phone call,Reached; counselled,ASHA,FAC021,E0002001,Medicine pickup
OUT0002243,OUP0001004,Swathi Laxman,+91-91950-43572,Kalher,2026-06-09,Home visit,Wrong number,ASHA,FAC021,E0002001,General adherence
OUT0002244,OUP0001005,Bhavani Patel,,Balanagar,2026-08-18,Phone call,Phone switched off,ASHA,FAC005,E0002003,Medicine pickup
OUT0002245,OUP0001006,Renuka Basha,9401683029,Nakrekal,2026-05-19,Home visit,Reached; promised follow-up,CHO,FAC018,E0002007,General adherence
OUT0002246,OUP0001006,Renuka Basha,9401683029,Nakrekal,2026-05-20,Home visit,No answer,ASHA,FAC018,E0002007,Medicine pickup
OUT0002247,OUP0001007,Anil Shekar,9826717877,Marrur,2026-07-19,Phone call,Phone switched off,ASHA,FAC016,E0002009,Test completion
OUT0002248,OUP0001008,Saritha Khan,9193995184,Gundlapally,2026-01-20,Home visit,Family member reached,CHO,FAC010,E0002010,Test completion
OUT0002249,OUP0001008,Sareetha Khan,9193995184,Gundlapall,2026-01-18,WhatsApp/SMS,Reached; promised follow-up,ASHA,FAC010,E0002010,General adherence
OUT0002250,OUP0001008,Sareetha Khan,9193995184,Gundlapally,2026-01-17,Phone call,Reached; counselled,ASHA,FAC010,E0002010,Medicine pickup
OUT0002251,OUP0001009,Naveen Krishna,9681896279,Ameenpur,2026-05-09,Home visit,Phone switched off,CHO,FAC025,E0002011,General adherence
OUT0002252,OUP0001010,Mohan Basha,9328435780,Kangt,2026-07-07,Phone call,Patient unavailable,CHO,FAC021,E0002012,Test completion
OUT0002253,OUP0001010,Mohan Basha,9328435780,Kangti,2026-07-08,Home visit,Family member reached,ASHA,FAC021,E0002012,Medicine pickup
OUT0002254,OUP0001011,Divya Krishna,9542904177,Ameenpur,2026-05-31,Home visit,Reached; promised follow-up,ASHA,FAC025,E0002014,Test completion
OUT0002255,OUP0001012,Padma Narsimha,9814475931,Manoor,2026-07-23,Phone call,Family member reached,CHO,FAC021,E0002017,Test completion
OUT0002256,OUP0001012,Padma Narsimha,9814475931,Manoor,2026-07-30,Phone call,Reached; promised follow-up,ASHA,FAC021,E0002017,Test completion
OUT0002257,OUP0001013,Santosh Jangam,9817659420,Nomula,2026-02-19,Phone call,No answer,ASHA,FAC017,E0002020,Test completion
OUT0002258,OUP0001013,Santosh Jangam,9817659420,Nomul,2026-03-03,Phone call,Reached; counselled,CHO,FAC017,E0002020,Medicine pickup
OUT0002259,OUP0001014,Divya Patel,9254722218,Jharasangam,2026-06-17,Phone call,No answer,CHO,FAC022,E0002022,Test completion
OUT0002260,OUP0001014,Divya Patel,9254722218,Jharasangam,2026-06-22,Phone call,Reached; counselled,CHO,FAC022,E0002022,Review visit
OUT0002261,OUP0001014,Divya Patel,9254722018,Jharasangam,2026-06-27,Home visit,Reached; counselled,ASHA,FAC022,E0002022,Test completion
OUT0002262,OUP0001015,Raju Krishna,9368430165,KOHIR,2026-05-18,Village health day reminder,Reached; promised follow-up,CHO,FAC023,E0002024,Review visit
OUT0002263,OUP0001015,Raju Krishna,9368430165,Kohir,2026-05-17,Phone call,Patient unavailable,ASHA,FAC023,E0002024,Review visit
OUT0002264,OUP0001015,Rju Krishna,9368430165,Kohir,2026-05-23,WhatsApp/SMS,Reached; counselled,ASHA,FAC023,E0002024,Medicine pickup
OUT0002265,OUP0001016,Raghav Laxman,9787953995,Velpula,2026-05-14,Village health day reminder,Patient unavailable,ASHA,FAC009,E0002025,Test completion
OUT0002266,OUP0001016,Raghav Laxman,9787153995,Velpula,2026-05-22,Village health day reminder,Family member reached,ASHA,FAC009,E0002025,Review visit
OUT0002267,OUP0001016,Raghav Laxman,,Velpula,2026-07-08,WhatsApp/SMS,Wrong number,CHO,FAC008,E0002026,Test completion
OUT0002268,OUP0001016,Raghav Laxman,9787953995,Velpula,2026-07-15,Phone call,Reached; promised follow-up,CHO,FAC008,E0002026,Test completion
OUT0002269,OUP0001017,Divya Shekar,9211319425,Mogudampally,2026-05-01,Phone call,Reached; counselled,CHO,FAC022,E0002027,Review visit
OUT0002270,OUP0001017,Divya sekar,9211319425,Mogudampally,2026-05-06,Phone call,No answer,CHO,FAC022,E0002027,Medicine pickup
OUT0002271,OUP0001017,Divy Shekar,9211319425,Mogudampally,2026-08-13,Home visit,Family member reached,CHO,FAC022,E0002028,Medicine pickup
OUT0002272,OUP0001017,Divya Shekar,9211319425,Mogudampally,2026-08-20,Home visit,Phone switched off,ASHA,FAC022,E0002028,Test completion
OUT0002273,OUP0001017,Divya Shekar,9211319425,Mogudampally,2026-08-21,Home visit,Reached; counselled,ASHA,FAC022,E0002028,Test completion
OUT0002274,OUP0001018,Anitha,9092821388,Narayankhed,2026-08-23,Home visit,Reached; promised follow-up,CHO,FAC021,E0002030,Test completion
OUT0002275,OUP0001018,Anitha Naik,9092821388,Narayankhed,2026-08-21,Village health day reminder,Phone switched off,CHO,FAC021,E0002030,Review visit
OUT0002276,OUP0001018,Anitha Naik,9092821388,Narayankhed,2026-08-22,Phone call,No answer,CHO,FAC021,E0002030,Medicine pickup
OUT0002277,OUP0001019,Lalitha Mallaiah,9853806803,Kalher,2026-05-27,Home visit,Reached; promised follow-up,CHO,FAC019,E0002031,Test completion
OUT0002278,OUP0001019,Llitha Mallaiah,9853806803,Kalher,2026-05-18,Phone call,Reached; counselled,ASHA,FAC019,E0002031,Test completion
OUT0002279,OUP0001020,Anjali Reddy,9395492076,Indresham,2026-02-07,Home visit,Family member reached,ASHA,FAC026,E0002032,Test completion
OUT0002280,OUP0001020,Anjalee Reddy,9395492076,Indresham,2026-02-24,Phone call,Family member reached,CHO,FAC026,E0002032,Medicine pickup
OUT0002281,OUP0001020,Anjali,9395492076,Indresham,2026-02-27,Home visit,Phone switched off,CHO,FAC026,E0002032,Review visit
OUT0002282,OUP0001021,Bhavani Das,,Nakrekal,2026-04-12,Village health day reminder,Reached; promised follow-up,ASHA,FAC017,E0002033,General adherence
OUT0002283,OUP0001021,Bhavani Das,9559987509,Nakrekal,2026-04-17,Village health day reminder,Reached; promised follow-up,CHO,FAC017,E0002033,Test completion
OUT0002284,OUP0001021,Bhavani Das,9559987509,Nakrekal,2026-04-24,Phone call,No answer,ASHA,FAC017,E0002033,General adherence
OUT0002285,OUP0001021,Bhavani Das,9559987509,Nakrekal,2026-06-17,Village health day reminder,Family member reached,CHO,FAC017,E0002034,Test completion
OUT0002286,OUP0001021,Bhavani Das,9559987509,Nakrekal,2026-06-08,Home visit,No answer,ASHA,FAC017,E0002034,Test completion
OUT0002287,OUP0001022,Ramesh Goud,9683801914,Kangti,2026-07-06,Phone call,Patient unavailable,ASHA,FAC021,E0002039,Medicine pickup
OUT0002288,OUP0001022,Ramesh Goud,9683801914,Kangti,2026-07-10,Phone call,Reached; promised follow-up,ASHA,FAC021,E0002039,Medicine pickup
OUT0002289,OUP0001023,Shankar Mallaiah,9275901207,Kallepally,2026-01-15,Home visit,Reached; counselled,ASHA,FAC006,E0002040,General adherence
OUT0002290,OUP0001023,Shankar Mallaiah,9275901207,Kallepally,2026-08-24,Phone call,Reached; promised follow-up,CHO,FAC004,E0002041,Medicine pickup
OUT0002291,OUP0001023,Shankar Mallaiah,9275901207,Kallepalli,2026-08-21,Phone call,Wrong number,CHO,FAC004,E0002041,Review visit
OUT0002292,OUP0001024,Venkatesh Mallaiah,9184709457,GUNDLAPALLY,2026-03-12,WhatsApp/SMS,Reached; promised follow-up,CHO,FAC010,E0002043,Medicine pickup
OUT0002293,OUP0001024,Venkatesh Mallaiah,9184709457,Gundlapally,2026-07-12,WhatsApp/SMS,Reached; promised follow-up,CHO,FAC011,E0002044,General adherence
OUT0002294,OUP0001024,Venkatesh Mallaiah,9184709457,Gundlapally,2026-07-16,Home visit,Wrong number,CHO,FAC011,E0002044,General adherence
OUT0002295,OUP0001025,Anil Reddy,9947531909,Kalher,2026-05-21,WhatsApp/SMS,Reached; counselled,CHO,FAC019,E0002046,Medicine pickup
OUT0002296,OUP0001025,Anil Reddy,9947531909,Kalher,2026-05-30,Phone call,Reached; counselled,CHO,FAC019,E0002046,Review visit
OUT0002297,OUP0001025,Anil Reddy,+91-99475-31909,Kalher,2026-06-25,Phone call,Reached; counselled,ASHA,FAC020,E0002047,Test completion
OUT0002298,OUP0001026,Arun Narsimha,9782307616,Midji,2026-06-29,Home visit,No answer,CHO,FAC007,E0002048,Review visit
OUT0002299,OUP0001026,Arun Narsimha,9784307616,Midjil,2026-06-24,Phone call,Family member reached,ASHA,FAC007,E0002048,Test completion
OUT0002300,OUP0001027,Naveen Chary,+91-98943-37161,Bhanur,2026-07-24,Phone call,Phone switched off,ASHA,FAC026,E0002052,General adherence
OUT0002301,OUP0001027,Naveen Chary,9894337161,Bhanur,2026-07-18,Village health day reminder,Family member reached,ASHA,FAC026,E0002052,Review visit
OUT0002302,OUP0001028,Venkatesh Rao,9872020772,Mangalapally,2026-08-21,WhatsApp/SMS,Family member reached,ASHA,FAC018,E0002053,Medicine pickup
OUT0002303,OUP0001028,Venkatesh Rao,9872020772,Mangalapally,2026-09-03,Home visit,Reached; counselled,ASHA,FAC018,E0002053,Test completion
OUT0002304,OUP0001028,Venkatesh Rao,9872020772,Mangalapally,2026-08-18,Phone call,Reached; counselled,ASHA,FAC018,E0002053,Review visit
OUT0002305,OUP0001029,Shankar Naik,9118980196,Jharasangam,2026-04-17,Village health day reminder,Family member reached,ASHA,FAC024,E0002054,Test completion
OUT0002306,OUP0001030,Raghav Reddy,9428580080,Kondamallepally,2026-07-21,Home visit,Reached; promised follow-up,CHO,FAC010,E0002058,Review visit
OUT0002307,OUP0001030,Raghav Reddy,9428580080,Kondamallepalli,2026-07-14,Home visit,Patient unavailable,ASHA,FAC010,E0002058,Medicine pickup
OUT0002308,OUP0001031,Rajesh Laxman,9593130254,Nermata,2026-02-14,Phone call,Reached; promised follow-up,ASHA,FAC015,E0002059,Review visit
OUT0002309,OUP0001032,Shankar Naik,9924199721,Zaheerabad,2026-07-07,Phone call,Reached; promised follow-up,ASHA,FAC023,E0002061,Review visit
OUT0002310,OUP0001032,Shankar Naik,9924199721,Zaheerabad,2026-06-25,Village health day reminder,Patient unavailable,ASHA,FAC023,E0002061,General adherence
OUT0002311,OUP0001033,Kavitha Jangam,9559751399,Vemula,2026-02-20,Home visit,Reached; counselled,CHO,FAC007,E0002063,Test completion
OUT0002312,OUP0001033,Kavitha Jangam,9559751399,Vemula,2026-02-24,Village health day reminder,Reached; counselled,ASHA,FAC007,E0002063,General adherence
OUT0002313,OUP0001033,Kaveetha Jangam,9559751399,Vemula,2026-02-22,Phone call,Family member reached,CHO,FAC007,E0002063,Test completion
OUT0002314,OUP0001034,Aneetha Reddy,9292642347,Mangalapally,2026-06-12,Phone call,Phone switched off,CHO,FAC017,E0002065,Test completion
OUT0002315,OUP0001034,Anitha Reddy,,Mangalapally,2026-06-16,Phone call,Reached; counselled,CHO,FAC017,E0002065,Test completion
OUT0002316,OUP0001034,Anitha Reddy,9292642347,Mangalapally,2026-06-23,WhatsApp/SMS,Patient unavailable,ASHA,FAC017,E0002065,Medicine pickup
OUT0002317,OUP0001035,Venkatesh Khan,+91-98442-31088,Marrur,2026-01-20,Home visit,Reached; counselled,ASHA,FAC018,E0002070,Test completion
OUT0002318,OUP0001036,sankar Yadav,9410866178,Marrur,2026-06-20,Village health day reminder,Reached; counselled,CHO,FAC018,E0002073,Test completion
OUT0002319,OUP0001037,Lalitha Krishna,9099574080,Zaheerabad,2026-03-01,Phone call,Family member reached,ASHA,FAC022,E0002076,Medicine pickup
OUT0002320,OUP0001038,Naween Naik,9813750652,Narayankhed,2026-05-20,WhatsApp/SMS,Reached; promised follow-up,ASHA,FAC020,E0002077,General adherence
OUT0002321,OUP0001038,Naveen Naik,9813750652,Narayankhed,2026-05-09,Home visit,Family member reached,ASHA,FAC020,E0002077,Review visit
OUT0002322,OUP0001039,Bhavani Shekar,,ZAHEERABAD,2026-03-25,WhatsApp/SMS,No answer,CHO,FAC023,E0002078,Medicine pickup
OUT0002323,OUP0001039,Bhavani Shekar,9638201205,Zaheerabad,2026-03-16,Village health day reminder,Family member reached,ASHA,FAC023,E0002078,Medicine pickup
OUT0002324,OUP0001040,Shobha Jangam,9829411048,Zaheerabad,2026-06-24,Home visit,Reached; promised follow-up,ASHA,FAC022,E0002080,General adherence
OUT0002325,OUP0001040,Shobha Jangam,9829411048,Zaheerabad,2026-07-08,Phone call,Phone switched off,CHO,FAC022,E0002080,Review visit
OUT0002326,OUP0001040,Shobha Jangam,9829411048,Zaheerabad,2026-08-04,Phone call,Reached; counselled,CHO,FAC022,E0002081,Review visit
OUT0002327,OUP0001040,Shobh Jangam,,Zaheerabad,2026-07-19,Home visit,Wrong number,ASHA,FAC022,E0002081,General adherence
OUT0002328,OUP0001040,Shobha Jangam,,Zaheerabad,2026-08-05,Home visit,Family member reached,CHO,FAC022,E0002081,General adherence
OUT0002329,OUP0001041,Nveen Patel,+91-97151-42415,Bodajanampet,2026-02-07,Home visit,Reached; counselled,ASHA,FAC006,E0002082,Medicine pickup
OUT0002330,OUP0001041,Naveen Patel,+91-97151-42415,BODAJANAMPET,2026-02-25,Phone call,Reached; counselled,ASHA,FAC006,E0002082,Medicine pickup
OUT0002331,OUP0001042,Nirmala Reddy,9153883462,Kondamallepally,2026-08-05,Home visit,Reached; promised follow-up,CHO,FAC011,E0002083,Test completion
OUT0002332,OUP0001042,Nirmala Reddy,9153883462,Kondamallepally,2026-08-21,Phone call,Reached; counselled,CHO,FAC011,E0002083,Review visit
OUT0002333,OUP0001043,Ravi Begum,9643855424,Jharasangam,2026-07-19,Village health day reminder,Reached; counselled,ASHA,FAC024,E0002084,General adherence
OUT0002334,OUP0001043,Ravi Begum,9643855424,Jharasangam,2026-07-31,Home visit,Reached; promised follow-up,CHO,FAC024,E0002084,Medicine pickup
OUT0002335,OUP0001044,Anitha,9371508906,Nakrekal,2026-07-27,Home visit,Reached; promised follow-up,ASHA,FAC017,E0002085,Test completion
OUT0002336,OUP0001044,Anitha Devi,+91-93715-08906,Nakrekal,2026-08-01,Phone call,Reached; promised follow-up,ASHA,FAC017,E0002085,Medicine pickup
OUT0002337,OUP0001044,Anitha Devi,9371508906,Nakrekal,2026-08-18,Phone call,Reached; promised follow-up,ASHA,FAC017,E0002085,Test completion
OUT0002338,OUP0001045,Anil Krishna,9562089587,Patancheru,2026-07-09,WhatsApp/SMS,Reached; counselled,CHO,FAC025,E0002086,Test completion
OUT0002339,OUP0001046,Jyothi Reddy,9274553174,Bangarigadda,2026-03-21,WhatsApp/SMS,Reached; promised follow-up,ASHA,FAC013,E0002089,Review visit
OUT0002340,OUP0001047,Raghav Goud,9920385645,Midjil,2026-06-26,Phone call,No answer,ASHA,FAC007,E0002090,Review visit
OUT0002341,OUP0001047,Raghaw Goud,9920385645,Midjil,2026-07-13,Phone call,Reached; counselled,CHO,FAC007,E0002090,Test completion
OUT0002342,OUP0001048,Kavitha Das,9654078855,Kohir,2026-08-03,Phone call,Reached; counselled,CHO,FAC023,E0002091,Test completion
OUT0002343,OUP0001049,Bhawani Goud,9763413580,PATANCHERU,2026-02-05,WhatsApp/SMS,Family member reached,ASHA,FAC027,E0002092,Test completion
OUT0002344,OUP0001049,Bhavani Goud,9763413580,Patancheru,2026-02-09,Phone call,Phone switched off,CHO,FAC027,E0002092,General adherence
OUT0002345,OUP0001050,Sushma Kumar,9612172860,Jharasangam,2026-03-20,Village health day reminder,Patient unavailable,CHO,FAC023,E0002093,General adherence
OUT0002346,OUP0001051,Deepika Shekar,9509940109,Zaheerabad,2026-05-23,Village health day reminder,Family member reached,CHO,FAC024,E0002095,Review visit
OUT0002347,OUP0001051,Deepika sekar,9509940109,Zaheerabad,2026-07-01,Phone call,Wrong number,ASHA,FAC023,E0002096,General adherence
OUT0002348,OUP0001051,Deepika Shekar,+91-95099-40109,Zaheerabad,2026-07-02,Village health day reminder,Reached; promised follow-up,CHO,FAC023,E0002096,Medicine pickup
OUT0002349,OUP0001051,Deepika Shekar,9509940109,Zaheerabad,2026-08-14,Home visit,Reached; promised follow-up,CHO,FAC023,E0002097,General adherence
OUT0002350,OUP0001051,Deepika Shekar,9509940109,Zaheerabad,2026-08-16,Home visit,Family member reached,CHO,FAC023,E0002097,Test completion
OUT0002351,OUP0001052,Sushma Patel,9750856238,Nomula,2026-04-22,Home visit,No answer,CHO,FAC017,E0002098,General adherence
OUT0002352,OUP0001052,Sushma Patel,+91-97508-56238,Nomula,2026-05-06,Phone call,Phone switched off,ASHA,FAC017,E0002098,General adherence
OUT0002353,OUP0001052,Sushma Patel,9750856238,Nomula,2026-05-09,Phone call,Reached; counselled,ASHA,FAC017,E0002098,Medicine pickup
OUT0002354,OUP0001053,Harika Begum,9806112308,Narayankhed,2026-07-28,Phone call,Reached; promised follow-up,ASHA,FAC021,E0002100,General adherence
OUT0002355,OUP0001054,Anjali Naik,9137366816,Mogudampally,2026-07-26,Phone call,Phone switched off,CHO,FAC024,E0002101,Medicine pickup
OUT0002356,OUP0001054,njali Naik,9137366816,Mogudampally,2026-07-28,Village health day reminder,Family member reached,ASHA,FAC024,E0002101,Test completion
OUT0002357,OUP0001055,Venkatesh Begum,9430634879,Balanagar,2026-05-25,WhatsApp/SMS,Reached; counselled,CHO,FAC005,E0002102,Review visit
OUT0002358,OUP0001055,Venkatesh Begum,9430634879,Balanagar,2026-06-06,Phone call,No answer,ASHA,FAC005,E0002102,Medicine pickup
OUT0002359,OUP0001055,Venkatesh Begum,9430634879,Balanagar,2026-06-11,WhatsApp/SMS,No answer,ASHA,FAC005,E0002102,Medicine pickup
OUT0002360,OUP0001056,Rani Yadav,9043103622,Badepalli,2026-07-04,Village health day reminder,Wrong number,ASHA,FAC002,E0002104,General adherence
OUT0002361,OUP0001056,Rani Yadav,9043103622,Badepally,2026-07-08,Phone call,No answer,CHO,FAC002,E0002104,Review visit
OUT0002362,OUP0001057,Srinivas Reddy,9334716469,Bodajanampet,2026-06-29,Phone call,Reached; promised follow-up,ASHA,FAC004,E0002107,Medicine pickup
OUT0002363,OUP0001057,Srinivas Reddy,9334716469,BODAJANAMPET,2026-06-22,Phone call,Family member reached,ASHA,FAC004,E0002107,Medicine pickup
OUT0002364,OUP0001058,Santos Basha,,Kangti,2026-09-05,Home visit,Reached; counselled,ASHA,FAC019,E0002109,Medicine pickup
OUT0002365,OUP0001058,Santosh Basha,9900495716,Kangti,2026-08-25,Phone call,Reached; promised follow-up,CHO,FAC019,E0002109,Review visit
OUT0002366,OUP0001059,Sushma Devi,9766540095,Nomula,2026-08-21,Home visit,Family member reached,CHO,FAC017,E0002111,Test completion
OUT0002367,OUP0001059,Sushma Devi,9766540095,NOMULA,2026-08-31,Phone call,No answer,ASHA,FAC017,E0002111,Test completion
OUT0002368,OUP0001060,Sushma Devi,9570583582,Mogudampally,2026-07-29,Home visit,Family member reached,CHO,FAC023,E0002112,Review visit
OUT0002369,OUP0001061,Rames Chary,9056745751,Bangarigadda,2026-08-12,Phone call,Reached; promised follow-up,CHO,FAC014,E0002113,Review visit
OUT0002370,OUP0001061,Ramesh Chary,9056745751,Bangarigadda,2026-08-10,Home visit,Patient unavailable,CHO,FAC014,E0002113,Medicine pickup
OUT0002371,OUP0001061,Ramesh Chary,9056745751,Bangarigadda,2026-08-18,Village health day reminder,Reached; promised follow-up,ASHA,FAC014,E0002113,Test completion
OUT0002372,OUP0001062,Mohan Yadav,9299911462,Kalher,2026-04-14,WhatsApp/SMS,Reached; counselled,CHO,FAC021,E0002115,Review visit
OUT0002373,OUP0001062,Mohan Yadav,9299911482,KALHER,2026-04-06,Phone call,Reached; promised follow-up,CHO,FAC021,E0002115,Test completion
OUT0002374,OUP0001062,Mohan Yadav,9299911462,Kalher,2026-04-08,WhatsApp/SMS,Wrong number,CHO,FAC021,E0002115,Test completion
OUT0002375,OUP0001063,Harika Begum,9030356945,Peddadinne,2026-01-06,Home visit,Family member reached,CHO,FAC012,E0002116,Test completion
OUT0002376,OUP0001064,Arun Mallaiah,9295746185,MANGALAPALLY,2026-05-29,Phone call,Phone switched off,ASHA,FAC018,E0002119,Review visit
OUT0002377,OUP0001064,Arun Mallaiah,9295746185,Mangalapally,2026-06-02,Home visit,Reached; promised follow-up,ASHA,FAC018,E0002119,General adherence
OUT0002378,OUP0001065,Shobha Das,+91-93429-52848,Mangalapally,2026-03-24,Home visit,Family member reached,ASHA,FAC016,E0002120,Medicine pickup
OUT0002379,OUP0001065,Shobha Das,9342052848,Mangalapally,2026-03-28,Village health day reminder,No answer,CHO,FAC016,E0002120,Review visit
OUT0002380,OUP0001066,Lakshmee Patel,9823081715,Patancheru,2026-01-24,Home visit,Reached; promised follow-up,CHO,FAC027,E0002121,Medicine pickup
OUT0002381,OUP0001067,Anjali Khan,9068536933,Patancheru,2026-03-14,Home visit,Phone switched off,ASHA,FAC025,E0002124,Medicine pickup
OUT0002382,OUP0001068,Suresh,9473513975,Jharasangam,2026-02-23,Village health day reminder,Reached; counselled,ASHA,FAC022,E0002126,Medicine pickup
OUT0002383,OUP0001069,Shankar Laxman,9270424013,Kalher,2026-03-28,Home visit,No answer,CHO,FAC021,E0002127,Medicine pickup
OUT0002384,OUP0001070,Sushma Shekar,9887458532,Bodajanampet,2026-07-19,Home visit,Reached; promised follow-up,CHO,FAC006,E0002130,General adherence
OUT0002385,OUP0001070,Sushma Shekar,,Bodajanampet,2026-07-27,Phone call,Reached; counselled,ASHA,FAC006,E0002130,Review visit
OUT0002386,OUP0001071,Deepika,9320464977,Zaheerabad,2026-06-19,Home visit,Family member reached,ASHA,FAC024,E0002131,Review visit
OUT0002387,OUP0001071,Deepika,,Zaheerabad,2026-06-21,Village health day reminder,Family member reached,CHO,FAC024,E0002131,Medicine pickup
OUT0002388,OUP0001071,Deepika Begum,9320464977,Zaheerabad,2026-06-22,Home visit,Reached; counselled,CHO,FAC024,E0002131,General adherence
OUT0002389,OUP0001072,Suresh Mallaiah,9784964902,Gundlapally,2026-06-08,Village health day reminder,Reached; promised follow-up,ASHA,FAC012,E0002132,General adherence
OUT0002390,OUP0001072,Suresh Mallaiah,9784964902,Gundlapally,2026-06-24,Phone call,Reached; counselled,CHO,FAC012,E0002132,General adherence
OUT0002391,OUP0001072,Suresh Mallaiah,9784964902,Gundlapally,2026-06-18,Village health day reminder,Family member reached,ASHA,FAC012,E0002132,Review visit
OUT0002392,OUP0001073,Shankar Patel,9107661277,Manoor,2026-06-12,Village health day reminder,Reached; promised follow-up,CHO,FAC021,E0002133,Medicine pickup
OUT0002393,OUP0001073,Shankar Patel,9107661277,Manoor,2026-06-16,Home visit,Family member reached,CHO,FAC021,E0002133,General adherence
OUT0002394,OUP0001074,Lalitha Khan,+91-95087-67752,Vemula,2026-06-09,Phone call,Wrong number,ASHA,FAC007,E0002137,Review visit
OUT0002395,OUP0001074,Lalitha Khan,9508767752,Vemula,2026-08-24,Phone call,Family member reached,ASHA,FAC009,E0002139,Test completion
OUT0002396,OUP0001075,Bhavani Krishna,9121716614,Nomula,2026-07-15,Phone call,Reached; promised follow-up,ASHA,FAC017,E0002141,General adherence
OUT0002397,OUP0001075,Bhavani Krishna,9121716614,Nomula,2026-07-27,Home visit,Patient unavailable,ASHA,FAC017,E0002141,Review visit
OUT0002398,OUP0001076,Harika Naik,9413255299,Mangalapall,2026-05-10,Phone call,Reached; counselled,CHO,FAC018,E0002142,General adherence
OUT0002399,OUP0001077,Divya Devi,9057080332,Kondamallepalli,2026-08-18,Phone call,Patient unavailable,ASHA,FAC012,E0002144,Review visit
OUT0002400,OUP0001078,Shobha Chary,9838914044,Rajapur,2026-05-01,Phone call,Phone switched off,ASHA,FAC005,E0002146,Review visit
OUT0002401,OUP0001078,Shobha Chary,9838914044,Rajapur,2026-06-18,Home visit,Phone switched off,CHO,FAC006,E0002147,Review visit
OUT0002402,OUP0001078,Shobha Chary,9838914044,Rajapur,2026-06-16,Phone call,Reached; promised follow-up,ASHA,FAC006,E0002147,General adherence
OUT0002403,OUP0001079,Swthi Yadav,9904551996,Patancheru,2026-07-03,Phone call,Reached; promised follow-up,CHO,FAC026,E0002148,General adherence
OUT0002404,OUP0001079,Swathi Yadav,9904551996,Patancheru,2026-07-06,Phone call,Reached; promised follow-up,CHO,FAC026,E0002148,General adherence
OUT0002405,OUP0001079,Swathi Yadav,9904551996,Patancheru,2026-08-05,Home visit,Reached; promised follow-up,CHO,FAC027,E0002149,Medicine pickup
OUT0002406,OUP0001079,Swathee Yadav,9904551996,Patancheru,2026-08-07,WhatsApp/SMS,Family member reached,CHO,FAC027,E0002149,Review visit
OUT0002407,OUP0001079,Swathi Yadav,9904551996,Patancheru,2026-08-14,Home visit,Reached; promised follow-up,CHO,FAC027,E0002149,Review visit
OUT0002408,OUP0001080,Anitha Basha,9024991642,Kummarikunta,2026-03-26,Village health day reminder,Wrong number,CHO,FAC014,E0002150,General adherence
OUT0002409,OUP0001080,Anitha Basha,9024991642,Kummarikunta,2026-04-29,WhatsApp/SMS,Patient unavailable,CHO,FAC013,E0002151,Test completion
OUT0002410,OUP0001080,Anitha Basha,+91-90249-91642,Kummarikunta,2026-04-26,Home visit,Family member reached,ASHA,FAC013,E0002151,Test completion
OUT0002411,OUP0001080,Anitha Basha,9024991642,Kummarikunta,2026-04-21,Phone call,Reached; promised follow-up,CHO,FAC013,E0002151,Review visit
OUT0002412,OUP0001080,nitha Basha,9024991642,KUMMARIKUNTA,2026-05-25,Home visit,Family member reached,CHO,FAC013,E0002152,Test completion
OUT0002413,OUP0001081,Santosh Naeek,9407196018,KOHIR,2026-03-19,Village health day reminder,Wrong number,ASHA,FAC023,E0002156,General adherence
OUT0002414,OUP0001081,Santosh Naik,9407196018,KOHIR,2026-03-14,WhatsApp/SMS,Reached; promised follow-up,ASHA,FAC023,E0002156,General adherence
OUT0002415,OUP0001082,Mohan Patel,,Mangalapally,2026-06-27,Village health day reminder,Reached; promised follow-up,ASHA,FAC017,E0002157,Medicine pickup
OUT0002416,OUP0001082,Mohan Patel,9079873413,Mangalapally,2026-07-01,Phone call,Reached; promised follow-up,CHO,FAC017,E0002157,Medicine pickup
OUT0002417,OUP0001083,Sai Shekar,9284859767,Ameenpur,2026-04-25,Home visit,Reached; counselled,ASHA,FAC025,E0002159,General adherence
OUT0002418,OUP0001083,Sai Shekar,9284859767,Ameenpur,2026-05-08,Phone call,Reached; counselled,CHO,FAC025,E0002159,General adherence
OUT0002419,OUP0001083,Sai Shekar,9284859767,Ameenpur,2026-07-23,Phone call,Reached; counselled,ASHA,FAC025,E0002160,Test completion
OUT0002420,OUP0001083,Sai Shekar,9284859767,Ameenpu,2026-08-06,WhatsApp/SMS,Reached; promised follow-up,CHO,FAC025,E0002160,Review visit
OUT0002421,OUP0001084,Shankar,9523399583,Mogudampalli,2026-03-19,Phone call,No answer,ASHA,FAC024,E0002163,Review visit
OUT0002422,OUP0001084,Shankar Jangam,9523399583,Mogudampally,2026-03-22,Phone call,Reached; promised follow-up,ASHA,FAC024,E0002163,General adherence
OUT0002423,OUP0001084,Shankar Jangam,9523399583,Mogudampally,2026-03-20,WhatsApp/SMS,Reached; promised follow-up,ASHA,FAC024,E0002163,Review visit
OUT0002424,OUP0001085,Swathi Shekar,9471257788,Jharasangam,2026-04-27,Phone call,Phone switched off,ASHA,FAC023,E0002169,Medicine pickup
OUT0002425,OUP0001086,Anil Naik,+91-95657-15229,Bodajanampet,2026-01-13,Phone call,Family member reached,ASHA,FAC004,E0002170,Review visit
OUT0002426,OUP0001086,Anil Naik,9565715229,Bodajanampet,2026-03-07,WhatsApp/SMS,Family member reached,CHO,FAC006,E0002171,Review visit
OUT0002427,OUP0001086,Anil Naik,+91-95657-15229,Bodajanampet,2026-03-07,Home visit,Reached; counselled,ASHA,FAC006,E0002171,Medicine pickup
OUT0002428,OUP0001086,Anil Naik,9565715229,Bodajanampet,2026-03-22,Phone call,Reached; counselled,CHO,FAC006,E0002171,Test completion
OUT0002429,OUP0001087,Harika Yadav,9813534826,Bodajanampet,2026-01-25,Phone call,No answer,ASHA,FAC004,E0002172,General adherence
OUT0002430,OUP0001087,Harika,9813534826,Bodajanampet,2026-01-30,Phone call,Family member reached,CHO,FAC004,E0002172,Medicine pickup
OUT0002431,OUP0001087,Harika Yadav,9813534826,Bodajanampe,2026-02-01,Phone call,Phone switched off,ASHA,FAC004,E0002172,Medicine pickup
OUT0002432,OUP0001088,Srilatha Laxman,9085796829,Nermata,2026-04-05,Phone call,Reached; counselled,CHO,FAC013,E0002175,General adherence
OUT0002433,OUP0001088,Srilatha Laxman,9085796829,Nermata,2026-04-15,Phone call,Reached; promised follow-up,ASHA,FAC013,E0002175,Medicine pickup
OUT0002434,OUP0001089,Renuka Devi,9869835123,Polepally,2026-04-06,Home visit,Wrong number,ASHA,FAC003,E0002183,Review visit
OUT0002435,OUP0001089,Renuka Devi,9869835123,Polepally,2026-04-10,Phone call,Phone switched off,CHO,FAC003,E0002183,Test completion
OUT0002436,OUP0001089,Renuka Devi,9869835123,POLEPALLY,2026-03-27,Phone call,Patient unavailable,ASHA,FAC003,E0002183,Medicine pickup
OUT0002437,OUP0001090,Kavitha Devi,9777043586,Machara,2026-04-06,Home visit,Patient unavailable,ASHA,FAC003,E0002184,Medicine pickup
OUT0002438,OUP0001090,Kavitha Devi,9777043586,Macharam,2026-04-07,Village health day reminder,Reached; counselled,CHO,FAC003,E0002184,Medicine pickup
OUT0002439,OUP0001090,Kavitha Devi,,Macharam,2026-04-21,Phone call,Family member reached,CHO,FAC003,E0002184,General adherence
OUT0002440,OUP0001091,Srinivas Narsimha,9071797365,Peddadinne,2026-08-11,Home visit,Family member reached,ASHA,FAC010,E0002187,Medicine pickup
OUT0002441,OUP0001092,Sushma Chary,,Midjil,2026-04-23,Phone call,No answer,ASHA,FAC007,E0002188,General adherence
OUT0002442,OUP0001092,Sushma Chary,9266839812,Midjil,2026-04-28,Phone call,Family member reached,ASHA,FAC007,E0002188,Review visit
OUT0002443,OUP0001092,Sushma Chary,9266839812,Midjil,2026-04-22,Home visit,Phone switched off,ASHA,FAC007,E0002188,General adherence
OUT0002444,OUP0001093,Sushma Goud,9355023497,BHANUR,2026-08-09,Village health day reminder,Reached; promised follow-up,ASHA,FAC025,E0002190,Medicine pickup
OUT0002445,OUP0001094,Anil Yadav,9692974574,Devarakonda,2026-02-22,Village health day reminder,Reached; counselled,CHO,FAC012,E0002194,Review visit
OUT0002446,OUP0001094,Anil Yadav,9692976574,Devarakonda,2026-05-20,Phone call,Family member reached,CHO,FAC011,E0002196,Medicine pickup
OUT0002447,OUP0001094,Anil Yadav,9692977574,Devarakonda,2026-05-25,Village health day reminder,No answer,ASHA,FAC011,E0002196,Test completion
OUT0002448,OUP0001094,Anil Yadav,9692974574,Devarakonda,2026-06-07,Home visit,Reached; promised follow-up,CHO,FAC011,E0002196,Medicine pickup
OUT0002449,OUP0001095,Naresh Kumar,,Nomula,2026-02-10,Phone call,Family member reached,CHO,FAC016,E0002197,Test completion
OUT0002450,OUP0001095,Naresh Kumar,+91-97191-78745,Nomula,2026-02-07,Home visit,Reached; counselled,ASHA,FAC016,E0002197,Test completion
OUT0002451,OUP0001096,Shobha Shekar,9845652289,Jharasangam,2026-08-06,Phone call,Phone switched off,ASHA,FAC023,E0002198,General adherence
OUT0002452,OUP0001096,Shobha Shekar,9845652289,Jharasangam,2026-08-05,Home visit,Reached; counselled,CHO,FAC023,E0002198,General adherence
OUT0002453,OUP0001096,Shobha Shekar,9845652789,JHARASANGAM,2026-08-11,Home visit,Family member reached,ASHA,FAC023,E0002198,Test completion
OUT0002454,OUP0001097,Anjali Begum,9712544004,Kalher,2026-03-06,Phone call,Reached; counselled,ASHA,FAC020,E0002199,Medicine pickup
OUT0002455,OUP0001097,Anjali Begum,9712544004,KALHER,2026-03-13,Village health day reminder,No answer,ASHA,FAC020,E0002199,Review visit
OUT0002456,OUP0001097,Anjali Begum,9712544004,Kalher,2026-03-25,WhatsApp/SMS,Reached; counselled,ASHA,FAC020,E0002199,Test completion
OUT0002457,OUP0001098,Bhavani Narsimha,9823597937,Kallepally,2026-08-30,Home visit,Family member reached,ASHA,FAC005,E0002201,Review visit
OUT0002458,OUP0001098,Bhavani Narsimha,9823597937,Kallepally,2026-09-04,Phone call,Reached; promised follow-up,ASHA,FAC005,E0002201,General adherence
OUT0002459,OUP0001099,Divya Laxman,9236430401,Kummarikunta,2026-02-08,Home visit,Family member reached,CHO,FAC015,E0002205,Test completion
OUT0002460,OUP0001099,Divya Laxman,9236430401,Kummarikunta,2026-02-01,Home visit,Reached; promised follow-up,CHO,FAC015,E0002205,Review visit
OUT0002461,OUP0001099,Diwya Laxman,9236430401,Kummarikunta,2026-02-18,Phone call,Reached; promised follow-up,ASHA,FAC015,E0002205,Test completion
OUT0002462,OUP0001100,Santosh Rao,9654224944,Bangarigadda,2026-07-31,WhatsApp/SMS,Reached; counselled,CHO,FAC013,E0002209,Test completion
OUT0002463,OUP0001101,Rajesh Yadav,9484280544,Bhanu,2026-06-18,Home visit,Family member reached,ASHA,FAC025,E0002211,Test completion
OUT0002464,OUP0001101,Rajesh Yadav,9484280514,Bhanur,2026-07-06,Village health day reminder,Family member reached,ASHA,FAC026,E0002212,Medicine pickup
OUT0002465,OUP0001102,Veenod Patel,+91-91407-87116,Gundlapally,2026-03-24,WhatsApp/SMS,Family member reached,CHO,FAC011,E0002213,General adherence
OUT0002466,OUP0001102,Vinod Patel,9140787116,Gundlapally,2026-03-27,Home visit,Reached; promised follow-up,CHO,FAC011,E0002213,General adherence
OUT0002467,OUP0001103,Rames Shekar,9443414914,Bodajanampet,2026-01-11,Home visit,Family member reached,ASHA,FAC006,E0002215,Medicine pickup
OUT0002468,OUP0001104,Keeran Rao,9543155254,Polepally,2026-03-12,Village health day reminder,Reached; counselled,ASHA,FAC003,E0002217,Medicine pickup
OUT0002469,OUP0001104,Kiran Rao,9543155254,Polepally,2026-03-11,Home visit,Reached; promised follow-up,ASHA,FAC003,E0002217,General adherence
OUT0002470,OUP0001105,Mohan Yadav,9192695161,Mangalapally,2026-02-10,Home visit,Family member reached,ASHA,FAC018,E0002218,Test completion
OUT0002471,OUP0001105,Mohan Yadav,9192695761,Mangalapally,2026-02-17,Phone call,Wrong number,ASHA,FAC018,E0002218,General adherence
OUT0002472,OUP0001106,Anil Mudiraj,9945164303,Mogudampally,2026-03-25,WhatsApp/SMS,No answer,CHO,FAC023,E0002219,Review visit
OUT0002473,OUP0001106,Anil Mudiraj,,Mogudampalli,2026-03-17,Phone call,Reached; counselled,ASHA,FAC023,E0002219,Medicine pickup
OUT0002474,OUP0001107,Vinod Reddy,9107372582,Chandur,2026-01-30,Phone call,Reached; promised follow-up,ASHA,FAC013,E0002220,Test completion
OUT0002475,OUP0001107,Vinod Reddy,9107372582,Chandur,2026-01-19,Phone call,Reached; promised follow-up,CHO,FAC013,E0002220,General adherence
OUT0002476,OUP0001107,Vinod Reddy,9107372582,Chandur,2026-08-01,Phone call,Reached; counselled,ASHA,FAC014,E0002221,Review visit
OUT0002477,OUP0001108,Divya Naik,9244434646,Zaheerabad,2026-06-06,Home visit,Phone switched off,CHO,FAC023,E0002223,General adherence
OUT0002478,OUP0001108,Divya Naik,9244434646,Zaheerabad,2026-06-02,WhatsApp/SMS,Reached; counselled,CHO,FAC023,E0002223,Medicine pickup
OUT0002479,OUP0001109,Praveen Mallaiah,9262080713,Vemula,2026-06-15,Village health day reminder,No answer,CHO,FAC008,E0002225,Medicine pickup
OUT0002480,OUP0001109,Praveen Mallaiah,9262080713,Vemula,2026-06-27,Phone call,Patient unavailable,ASHA,FAC008,E0002225,Review visit
OUT0002481,OUP0001109,Praveen Mallaiah,+91-92620-80713,Vemula,2026-06-21,WhatsApp/SMS,Reached; promised follow-up,ASHA,FAC008,E0002225,Review visit
OUT0002482,OUP0001110,Rajesh Das,9979112788,Gangapur,2026-04-24,Home visit,Reached; promised follow-up,ASHA,FAC003,E0002226,Medicine pickup
OUT0002483,OUP0001110,Rajesh Das,9679112788,Gangapur,2026-04-29,WhatsApp/SMS,Reached; counselled,CHO,FAC003,E0002226,Medicine pickup
OUT0002484,OUP0001111,Anil Shekar,9254856531,Balanagar,2026-06-24,Home visit,Family member reached,ASHA,FAC005,E0002228,General adherence
OUT0002485,OUP0001111,Anil sekar,9254856531,Balanagar,2026-06-21,Village health day reminder,Reached; counselled,CHO,FAC005,E0002228,Test completion
OUT0002486,OUP0001112,Vinod Begum,9294337426,Bhanur,2026-04-24,Phone call,Reached; promised follow-up,CHO,FAC025,E0002230,Review visit
OUT0002487,OUP0001112,Vinod Begum,9294337626,Bhanur,2026-04-23,Phone call,No answer,ASHA,FAC025,E0002230,Test completion
OUT0002488,OUP0001113,Jyothi Naik,9887241450,Kummarikunta,2026-01-09,Phone call,Reached; counselled,CHO,FAC015,E0002232,General adherence
OUT0002489,OUP0001113,Jyothi Naik,,Kummarikunta,2026-01-14,WhatsApp/SMS,Reached; promised follow-up,CHO,FAC015,E0002232,General adherence
OUT0002490,OUP0001114,Arun Shekar,9282203849,Kallepall,2026-05-15,Home visit,Family member reached,CHO,FAC006,E0002234,General adherence
OUT0002491,OUP0001114,Arun Shekar,,Kallepall,2026-06-05,Phone call,Reached; counselled,CHO,FAC006,E0002234,General adherence
OUT0002492,OUP0001114,Arun Shekar,9282203849,Kallepally,2026-07-29,Home visit,Phone switched off,ASHA,FAC005,E0002235,Medicine pickup
OUT0002493,OUP0001115,Padma Reddy,9993225933,Balanagar,2026-03-17,Village health day reminder,Reached; promised follow-up,ASHA,FAC006,E0002236,General adherence
OUT0002494,OUP0001116,Anil Mudiraj,9516475257,Manoor,2026-04-23,Home visit,Reached; promised follow-up,CHO,FAC021,E0002237,General adherence
OUT0002495,OUP0001116,Anil Mudiraj,9516475257,Manoor,2026-04-29,Phone call,Patient unavailable,ASHA,FAC021,E0002237,General adherence
OUT0002496,OUP0001116,Anil Mudiraj,9516475257,Manoor,2026-06-10,Home visit,Patient unavailable,CHO,FAC019,E0002238,Review visit
OUT0002497,OUP0001117,Mohan Chary,+91-92824-89018,Patancheru,2026-08-09,Phone call,Reached; promised follow-up,CHO,FAC027,E0002239,General adherence
OUT0002498,OUP0001117,Mohan Chary,9282489018,Patancheru,2026-08-12,Village health day reminder,Phone switched off,CHO,FAC027,E0002239,Test completion
OUT0002499,OUP0001118,Lalita Yadav,+91-97503-24816,Peddadinne,2026-02-25,Phone call,Family member reached,CHO,FAC011,E0002240,Test completion
OUT0002500,OUP0001119,Venkatesh Laxman,9397645564,Vemula,2026-07-12,Phone call,Phone switched off,ASHA,FAC007,E0002241,Test completion
OUT0002501,OUP0001119,Venkatesh Laxman,,Vemula,2026-08-01,Phone call,Reached; counselled,CHO,FAC007,E0002241,Medicine pickup
OUT0002502,OUP0001120,Vinod Begum,9881705565,Manoor,2026-05-25,Phone call,Patient unavailable,ASHA,FAC019,E0002242,Review visit
OUT0002503,OUP0001120,Veenod Begum,9881705565,Manoor,2026-05-13,Village health day reminder,Family member reached,ASHA,FAC019,E0002242,General adherence
OUT0002504,OUP0001121,Harika Krishna,9872818320,Kangti,2026-06-15,Home visit,Reached; promised follow-up,ASHA,FAC019,E0002244,General adherence
OUT0002505,OUP0001122,Mounika Begum,9890297976,Rajapur,2026-06-08,Village health day reminder,Reached; counselled,CHO,FAC006,E0002246,General adherence
OUT0002506,OUP0001122,Mounika Begum,9890297976,Rajapur,2026-06-12,WhatsApp/SMS,Reached; promised follow-up,ASHA,FAC006,E0002246,Review visit
OUT0002507,OUP0001123,Divy Kumar,9159204605,Nakrekal,2026-05-04,Phone call,No answer,ASHA,FAC018,E0002248,Review visit
OUT0002508,OUP0001124,Kiran Basha,9210128856,Kummarikunta,2026-01-26,WhatsApp/SMS,Reached; counselled,CHO,FAC013,E0002251,Medicine pickup
OUT0002509,OUP0001125,Kiran Krishna,9966998524,Badepally,2026-02-25,Phone call,Family member reached,CHO,FAC001,E0002254,General adherence
OUT0002510,OUP0001125,Kiran Krishna,9966998524,Badepally,2026-03-16,Home visit,Reached; counselled,CHO,FAC001,E0002254,General adherence
OUT0002511,OUP0001125,Kiran Krishna,9966998524,Badepally,2026-03-07,Phone call,Wrong number,CHO,FAC001,E0002254,Medicine pickup
OUT0002512,OUP0001126,Rmesh Krishna,9485400550,Vemula,2026-08-07,Home visit,Reached; promised follow-up,CHO,FAC007,E0002255,Medicine pickup
OUT0002513,OUP0001127,Vinod Shekar,9373045803,Kallepalli,2026-05-29,Home visit,Phone switched off,CHO,FAC005,E0002256,Medicine pickup
OUT0002514,OUP0001127,Vinod Shekar,9373045803,Kallepally,2026-06-03,Phone call,Patient unavailable,CHO,FAC005,E0002256,General adherence
OUT0002515,OUP0001127,Vinod Shekar,,Kallepally,2026-06-06,Village health day reminder,Wrong number,CHO,FAC005,E0002256,Medicine pickup
OUT0002516,OUP0001128,Raghav Das,9155518382,Nomula,2026-02-27,Home visit,Patient unavailable,CHO,FAC017,E0002257,Test completion
OUT0002517,OUP0001128,Rghav Das,9155518382,Nomula,2026-02-27,WhatsApp/SMS,Phone switched off,CHO,FAC017,E0002257,General adherence
OUT0002518,OUP0001129,Suresh Khan,9085432750,Chandur,2026-03-20,Home visit,No answer,ASHA,FAC013,E0002258,Medicine pickup
OUT0002519,OUP0001129,Sures Khan,,Chandur,2026-04-05,Phone call,Family member reached,CHO,FAC014,E0002259,General adherence
OUT0002520,OUP0001129,Suresh Khan,9085432750,Chandur,2026-04-09,Phone call,Reached; counselled,CHO,FAC014,E0002259,Review visit
OUT0002521,OUP0001130,Harika,9194588474,Nakrekal,2026-08-15,Phone call,Phone switched off,ASHA,FAC016,E0002260,Test completion
OUT0002522,OUP0001130,Harika Laxman,9194588474,Nakrekal,2026-08-16,Home visit,Phone switched off,CHO,FAC016,E0002260,General adherence
OUT0002523,OUP0001130,Harika Laxman,9194588474,Nakrekal,2026-08-21,Village health day reminder,Phone switched off,CHO,FAC016,E0002260,Medicine pickup
OUT0002524,OUP0001131,Srinivas Shekar,9264344402,Donur,2026-06-14,Home visit,No answer,ASHA,FAC008,E0002261,Medicine pickup
OUT0002525,OUP0001131,Srinivas Shekar,+91-92643-44402,Donur,2026-06-19,Home visit,Family member reached,CHO,FAC008,E0002261,Medicine pickup
OUT0002526,OUP0001132,Laleetha Chary,9842269751,Nakrekal,2026-05-27,Phone call,Phone switched off,CHO,FAC017,E0002262,General adherence
OUT0002527,OUP0001133,Ramesh Begum,9162835345,Devarakonda,2026-01-28,Phone call,Reached; counselled,ASHA,FAC010,E0002265,Review visit
OUT0002528,OUP0001133,Ramesh Begum,9162835345,Devarakonda,2026-02-12,Home visit,Reached; promised follow-up,CHO,FAC010,E0002265,General adherence
OUT0002529,OUP0001134,Shankar Goud,+91-91360-80167,Gangapur,2026-03-15,Home visit,Phone switched off,ASHA,FAC003,E0002267,General adherence
OUT0002530,OUP0001134,Shankar Goud,9136080167,Gangapu,2026-03-31,Home visit,Wrong number,CHO,FAC003,E0002267,Review visit
OUT0002531,OUP0001135,Arun Das,9648952000,Zaheerabad,2026-03-26,Home visit,Family member reached,ASHA,FAC022,E0002268,Test completion
OUT0002532,OUP0001135,Arun Das,9648952600,Zaheerabad,2026-04-06,Phone call,Reached; promised follow-up,CHO,FAC022,E0002268,General adherence
OUT0002533,OUP0001136,Suresh Chary,9784761218,Kallepally,2026-06-03,Village health day reminder,Reached; promised follow-up,ASHA,FAC006,E0002269,Review visit
OUT0002534,OUP0001137,Saritha Patel,9574070981,Macharam,2026-03-30,WhatsApp/SMS,Reached; counselled,ASHA,FAC001,E0002270,Test completion
OUT0002535,OUP0001137,Sareetha Patel,,Macharam,2026-04-14,Village health day reminder,Reached; counselled,CHO,FAC001,E0002270,Medicine pickup
OUT0002536,OUP0001137,Saritha Patel,9574070981,Macharam,2026-04-21,Home visit,Reached; promised follow-up,ASHA,FAC001,E0002270,General adherence
OUT0002537,OUP0001137,Saritha Patel,9574070981,Macharam,2026-05-06,Phone call,Phone switched off,ASHA,FAC003,E0002271,Test completion
OUT0002538,OUP0001137,Saritha Patel,9574070981,MACHARAM,2026-08-21,Phone call,Reached; counselled,ASHA,FAC001,E0002272,Review visit
OUT0002539,OUP0001137,Saritha Patel,9574070981,Macharam,2026-09-07,Home visit,Family member reached,ASHA,FAC001,E0002272,Test completion
OUT0002540,OUP0001137,Saritha Patel,9574070981,Macharam,2026-08-27,Home visit,Phone switched off,CHO,FAC001,E0002272,Medicine pickup
OUT0002541,OUP0001138,Rajesh Goud,9896095998,Nermata,2026-04-11,Phone call,Wrong number,ASHA,FAC013,E0002274,Test completion
OUT0002542,OUP0001138,Rajesh Goud,9896095998,Nermata,2026-04-15,Home visit,Reached; counselled,ASHA,FAC013,E0002274,Medicine pickup
OUT0002543,OUP0001138,Rajesh Goud,+91-98960-95998,Nermata,2026-04-19,Phone call,Reached; counselled,ASHA,FAC013,E0002274,Medicine pickup
OUT0002544,OUP0001139,Naveen Krishna,9074755026,Vemula,2026-02-06,Phone call,Wrong number,CHO,FAC009,E0002275,Test completion
OUT0002545,OUP0001139,Naveen Krishna,+91-90747-55026,Vemula,2026-02-11,Village health day reminder,Wrong number,ASHA,FAC009,E0002275,Medicine pickup
OUT0002546,OUP0001139,Naveen Krishna,9074755026,Vemula,2026-02-18,Home visit,Family member reached,ASHA,FAC009,E0002275,Medicine pickup
OUT0002547,OUP0001140,Divya Naik,9267868408,Gundlapally,2026-07-18,WhatsApp/SMS,Patient unavailable,CHO,FAC011,E0002276,Test completion
OUT0002548,OUP0001140,Divya Naik,9267868408,Gundlapally,2026-07-29,Phone call,Reached; counselled,CHO,FAC011,E0002276,Medicine pickup
OUT0002549,OUP0001140,Divya Naik,9267868408,Gundlapalli,2026-07-31,Phone call,Phone switched off,CHO,FAC011,E0002276,Review visit
OUT0002550,OUP0001141,Srinivs Basha,9751181896,Devarakonda,2026-02-20,Home visit,Family member reached,ASHA,FAC011,E0002277,Review visit
OUT0002551,OUP0001142,Lalitha Khan,9829887994,Bodajanampet,2026-04-09,Village health day reminder,Reached; promised follow-up,ASHA,FAC006,E0002278,Test completion
OUT0002552,OUP0001142,Lalitha Khan,+91-98298-87994,BODAJANAMPET,2026-04-04,Phone call,Reached; counselled,ASHA,FAC006,E0002278,General adherence
OUT0002553,OUP0001142,Lalitha Khan,9829887094,Bodajanampet,2026-07-16,Phone call,Wrong number,CHO,FAC005,E0002279,Review visit
OUT0002554,OUP0001143,Deepika Patel,9398192212,Kondamallepally,2026-04-22,Village health day reminder,Patient unavailable,CHO,FAC012,E0002280,Test completion
OUT0002555,OUP0001143,Deepika Patel,9398192212,Kondamallepally,2026-06-14,Home visit,Reached; counselled,ASHA,FAC010,E0002281,General adherence
OUT0002556,OUP0001143,Deepika Patel,+91-93981-92212,Kondamallepally,2026-06-16,Village health day reminder,Reached; counselled,CHO,FAC010,E0002281,Review visit
OUT0002557,OUP0001144,Lalitha Laxman,9427350647,Balanagar,2026-08-25,Phone call,Wrong number,CHO,FAC006,E0002282,Review visit
OUT0002558,OUP0001144,Lalitha Laxman,9427350647,Balanagar,2026-08-30,Home visit,Family member reached,ASHA,FAC006,E0002282,Medicine pickup
OUT0002559,OUP0001144,Lalitha Laxman,9427350647,Balanagar,2026-08-21,Home visit,Family member reached,CHO,FAC006,E0002282,General adherence
OUT0002560,OUP0001145,Shankar Naik,9515733941,Gundlapally,2026-01-16,Village health day reminder,Family member reached,ASHA,FAC012,E0002283,Medicine pickup
OUT0002561,OUP0001146,Swathi Krisna,+91-97965-57127,Kangti,2026-04-09,Village health day reminder,Reached; counselled,CHO,FAC019,E0002285,Test completion
OUT0002562,OUP0001146,Swathi Krishna,9796557127,KANGTI,2026-04-21,Phone call,No answer,ASHA,FAC019,E0002285,Review visit
OUT0002563,OUP0001147,Diwya Kumar,9016751958,Macharam,2026-06-20,Home visit,Family member reached,CHO,FAC002,E0002286,Medicine pickup
OUT0002564,OUP0001147,Divya Kumar,9016751958,Macharam,2026-07-02,Phone call,Family member reached,CHO,FAC002,E0002286,Review visit
OUT0002565,OUP0001148,Jyothee Mallaiah,9815351202,Nermata,2026-04-07,Village health day reminder,Reached; counselled,CHO,FAC014,E0002288,General adherence
OUT0002566,OUP0001149,Padma Basha,+91-92618-38969,Gundlapally,2026-02-15,Home visit,Reached; counselled,CHO,FAC010,E0002291,Medicine pickup
OUT0002567,OUP0001149,Padma Basha,9261838969,GUNDLAPALLY,2026-02-21,Home visit,Reached; counselled,ASHA,FAC010,E0002291,Review visit
OUT0002568,OUP0001150,Raju Yadav,9227017335,DEVARAKONDA,2026-06-29,Village health day reminder,Family member reached,CHO,FAC010,E0002293,General adherence
OUT0002569,OUP0001151,Sarita Patel,9287078159,Vemula,2026-07-17,Phone call,Reached; promised follow-up,ASHA,FAC007,E0002295,Review visit
OUT0002570,OUP0001151,Saritha Patel,9287078159,Vemula,2026-07-27,Home visit,Patient unavailable,CHO,FAC007,E0002295,Review visit
OUT0002571,OUP0001152,Padma Kumar,9122946184,Mangalapally,2026-03-29,Home visit,Family member reached,ASHA,FAC017,E0002296,General adherence
OUT0002572,OUP0001152,Padma Kumar,9122946184,Mangalapally,2026-04-03,Phone call,No answer,ASHA,FAC017,E0002296,Review visit
OUT0002573,OUP0001153,Raju Das,9221753417,Nermata,2026-04-11,Phone call,Patient unavailable,ASHA,FAC015,E0002298,Review visit
OUT0002574,OUP0001154,Rajesh Chary,9685858232,Velpula,2026-03-17,Phone call,Family member reached,CHO,FAC007,E0002300,Review visit
OUT0002575,OUP0001155,Mounika Patel,,Jharasangam,2026-01-29,Village health day reminder,Reached; counselled,CHO,FAC023,E0002302,Medicine pickup
OUT0002576,OUP0001155,Mounika Patel,,Jharasangam,2026-02-04,Phone call,Patient unavailable,CHO,FAC023,E0002302,General adherence
OUT0002577,OUP0001156,Shobha Khan,9395607730,Indresham,2026-07-17,Home visit,Reached; counselled,ASHA,FAC025,E0002304,Test completion
OUT0002578,OUP0001157,Praveen Goud,,Vemula,2026-02-26,Village health day reminder,No answer,ASHA,FAC009,E0002307,General adherence
OUT0002579,OUP0001157,Praveen Goud,9782121108,Vemula,2026-02-14,Village health day reminder,Reached; promised follow-up,CHO,FAC009,E0002307,General adherence
OUT0002580,OUP0001157,Praveen Goud,+91-97821-21108,Vemula,2026-03-06,Home visit,Wrong number,CHO,FAC009,E0002307,Medicine pickup
OUT0002581,OUP0001158,Shobha Basha,9509005703,Midjil,2026-01-22,Phone call,Family member reached,CHO,FAC007,E0002308,Medicine pickup
OUT0002582,OUP0001158,sobha Basha,9509005703,Midjil,2026-01-30,Home visit,Reached; counselled,CHO,FAC007,E0002308,General adherence
OUT0002583,OUP0001158,Shobh Basha,9509005703,Midjil,2026-01-28,Phone call,Family member reached,CHO,FAC007,E0002308,Review visit
OUT0002584,OUP0001159,Venkatesh Patel,9889607679,Kondamallepally,2026-06-02,Home visit,Family member reached,CHO,FAC011,E0002309,Medicine pickup
OUT0002585,OUP0001159,Venktesh Patel,9889607679,Kondamallepally,2026-05-24,Village health day reminder,Reached; counselled,CHO,FAC011,E0002309,General adherence
OUT0002586,OUP0001160,Renuka Mudiraj,9100513611,Kalher,2026-02-20,Home visit,Patient unavailable,CHO,FAC020,E0002312,General adherence
OUT0002587,OUP0001160,Renuka Mudiraj,9100513611,KALHER,2026-02-22,Phone call,Reached; promised follow-up,ASHA,FAC020,E0002312,Test completion
OUT0002588,OUP0001160,Renuka Mudiraj,9100513611,Kalher,2026-03-05,WhatsApp/SMS,Reached; counselled,ASHA,FAC020,E0002312,Test completion
OUT0002589,OUP0001161,Kiran Devi,9327076286,BHANUR,2026-07-24,WhatsApp/SMS,No answer,ASHA,FAC025,E0002313,Medicine pickup
OUT0002590,OUP0001161,Kiran Devi,+91-93270-76286,Bhanur,2026-08-03,Phone call,Reached; counselled,CHO,FAC025,E0002313,General adherence
OUT0002591,OUP0001162,Raghav Reddy,9211358359,Nakrekal,2026-05-03,Home visit,Reached; counselled,ASHA,FAC016,E0002317,Test completion
OUT0002592,OUP0001162,Raghav Reddy,9211358359,Nakrekal,2026-05-06,Phone call,Reached; promised follow-up,CHO,FAC016,E0002317,General adherence
OUT0002593,OUP0001163,Deepika Rao,9259233962,VELPULA,2026-07-18,Village health day reminder,Phone switched off,ASHA,FAC008,E0002321,General adherence
OUT0002594,OUP0001163,Deepika Rao,9259233962,Velpula,2026-08-17,Phone call,Phone switched off,CHO,FAC009,E0002322,Test completion
OUT0002595,OUP0001164,Shankar Narsimha,+91-94398-48350,Kummarikunta,2026-04-25,Home visit,Reached; counselled,ASHA,FAC014,E0002324,Test completion
OUT0002596,OUP0001164,Shankar Narsimha,9439848350,Kummarikunta,2026-06-03,Village health day reminder,Reached; promised follow-up,CHO,FAC015,E0002325,Medicine pickup
OUT0002597,OUP0001164,Shankar Narsimha,9439848350,Kummarikunt,2026-06-06,Phone call,Reached; promised follow-up,ASHA,FAC015,E0002325,Test completion
OUT0002598,OUP0001165,Sai Mallaiah,9798140077,Kummarikunta,2026-01-22,Phone call,Wrong number,ASHA,FAC013,E0002326,Medicine pickup
OUT0002599,OUP0001165,Si Mallaiah,9798140077,Kummarikunta,2026-02-11,Phone call,Patient unavailable,CHO,FAC013,E0002326,Review visit
OUT0002600,OUP0001165,Sai Mallaiah,+91-97981-40077,Kummarikunta,2026-01-26,WhatsApp/SMS,Phone switched off,ASHA,FAC013,E0002326,General adherence
OUT0002601,OUP0001166,Renuka Yadav,,Nakrekal,2026-05-13,Village health day reminder,Patient unavailable,ASHA,FAC017,E0002329,Test completion
OUT0002602,OUP0001166,Renuka Yadaw,9716203118,Nakrekal,2026-05-31,Phone call,Reached; promised follow-up,ASHA,FAC017,E0002330,General adherence
OUT0002603,OUP0001167,Naveen Mudiraj,9861459286,Nakrekal,2026-05-19,Phone call,Reached; counselled,ASHA,FAC018,E0002331,Review visit
OUT0002604,OUP0001167,Naveen Mudiraj,9861459286,Nakrekal,2026-06-06,Phone call,Family member reached,ASHA,FAC018,E0002331,General adherence
OUT0002605,OUP0001167,Naveen Mudiraj,9861459286,Nakrekal,2026-06-08,Home visit,Reached; counselled,CHO,FAC018,E0002331,Review visit
OUT0002606,OUP0001168,Lalitha Mallaiah,+91-90424-64896,Kohir,2026-02-20,Home visit,Family member reached,CHO,FAC023,E0002332,Review visit
OUT0002607,OUP0001168,Lalitha Mallaiah,9042464896,Kohir,2026-02-13,Home visit,No answer,CHO,FAC023,E0002332,General adherence
OUT0002608,OUP0001169,Divya Mudiraj,9970597362,Mogudampalli,2026-08-24,WhatsApp/SMS,Reached; promised follow-up,CHO,FAC024,E0002334,Review visit
OUT0002609,OUP0001169,Divya Mudiraj,9970597362,Mogudampally,2026-08-09,Home visit,Family member reached,ASHA,FAC024,E0002334,Test completion
OUT0002610,OUP0001170,Naresh Naik,+91-98637-42798,Machara,2026-05-14,Phone call,Family member reached,CHO,FAC001,E0002335,General adherence
OUT0002611,OUP0001171,Sushma Begum,9390739308,Kalher,2026-04-11,Phone call,Reached; counselled,ASHA,FAC020,E0002336,General adherence
OUT0002612,OUP0001172,Shobha Naik,9009095299,Polepally,2026-08-17,WhatsApp/SMS,No answer,ASHA,FAC001,E0002339,Test completion
OUT0002613,OUP0001173,Jyothi Krishna,+91-94484-69947,Kallepally,2026-03-22,Village health day reminder,Reached; promised follow-up,ASHA,FAC004,E0002343,Medicine pickup
OUT0002614,OUP0001173,Jyothi Krishna,9448469947,Kallepally,2026-04-11,Phone call,Patient unavailable,ASHA,FAC004,E0002343,Review visit
OUT0002615,OUP0001174,Anil Narsimha,9082455002,Manoor,2026-08-26,Home visit,Reached; counselled,CHO,FAC021,E0002344,General adherence
OUT0002616,OUP0001175,Raghav Begum,9944748566,Midjil,2026-06-28,Phone call,Reached; counselled,CHO,FAC009,E0002345,General adherence
OUT0002617,OUP0001175,Raghav Begum,9944748566,Midjil,2026-07-02,Home visit,Family member reached,CHO,FAC009,E0002345,Test completion
OUT0002618,OUP0001176,Kiran Das,+91-96165-43723,Mogudampally,2026-07-05,Village health day reminder,Reached; counselled,ASHA,FAC022,E0002346,General adherence
OUT0002619,OUP0001176,Kiran Das,9616543723,Mogudampall,2026-07-15,Phone call,Reached; promised follow-up,ASHA,FAC022,E0002346,General adherence
OUT0002620,OUP0001176,Kiran,,Mogudampalli,2026-07-07,WhatsApp/SMS,Phone switched off,ASHA,FAC022,E0002346,Review visit
OUT0002621,OUP0001177,Anil Mudiraj,9397794132,Indresham,2026-04-24,Home visit,Wrong number,CHO,FAC026,E0002347,Medicine pickup
OUT0002622,OUP0001177,Anil Mudiraj,9397794132,Indresham,2026-04-25,Home visit,Phone switched off,CHO,FAC026,E0002347,Medicine pickup
OUT0002623,OUP0001177,nil Mudiraj,9397194132,Indresham,2026-04-25,Village health day reminder,Reached; promised follow-up,CHO,FAC026,E0002347,General adherence
OUT0002624,OUP0001178,Renuka Yadav,9907440307,Chandur,2026-01-22,WhatsApp/SMS,Reached; promised follow-up,ASHA,FAC013,E0002348,Test completion
OUT0002625,OUP0001178,Renuka Yadav,9907440307,Chandur,2026-02-06,Phone call,Family member reached,ASHA,FAC013,E0002348,Medicine pickup
OUT0002626,OUP0001178,Renuka Yadav,9907440307,Chandur,2026-01-26,Phone call,Family member reached,CHO,FAC013,E0002348,Medicine pickup
OUT0002627,OUP0001179,Lalitha,9804654795,Macharam,2026-01-17,Village health day reminder,Reached; counselled,ASHA,FAC003,E0002350,General adherence
OUT0002628,OUP0001179,Lalitha Kumar,9804654795,MACHARAM,2026-01-29,Home visit,Family member reached,ASHA,FAC003,E0002350,Medicine pickup
OUT0002629,OUP0001179,Lalitha Kumar,9804654795,Macharam,2026-01-25,Phone call,Reached; promised follow-up,ASHA,FAC003,E0002350,Review visit
OUT0002630,OUP0001180,Swathi Narsimha,9740441680,Nermata,2026-08-08,Village health day reminder,Wrong number,CHO,FAC013,E0002353,Review visit
OUT0002631,OUP0001181,Anitha Chary,9016977261,Nakrekal,2026-03-05,Phone call,Reached; promised follow-up,ASHA,FAC016,E0002355,General adherence
OUT0002632,OUP0001182,Kiran Chary,+91-96482-42033,Mogudampall,2026-06-07,WhatsApp/SMS,Reached; counselled,ASHA,FAC022,E0002356,Test completion
OUT0002633,OUP0001182,Kiran Chary,+91-96482-42033,Mogudampally,2026-06-20,Home visit,Reached; promised follow-up,ASHA,FAC022,E0002356,Medicine pickup
OUT0002634,OUP0001183,Jyothi Rao,9012441852,INDRESHAM,2026-05-13,Home visit,Reached; counselled,CHO,FAC026,E0002359,Review visit
OUT0002635,OUP0001184,Arun Jangam,9292375609,Kummarikunta,2026-05-17,Home visit,Wrong number,ASHA,FAC015,E0002360,General adherence
OUT0002636,OUP0001184,Arun Jangam,9292375609,Kummarikunta,2026-05-17,WhatsApp/SMS,Patient unavailable,ASHA,FAC015,E0002360,General adherence
OUT0002637,OUP0001185,Shankar Patel,,Rajapur,2026-02-28,Home visit,Patient unavailable,CHO,FAC005,E0002361,Test completion
OUT0002638,OUP0001186,Arun Narsimha,9216792612,Manoor,2026-07-28,WhatsApp/SMS,Family member reached,ASHA,FAC019,E0002362,Review visit
OUT0002639,OUP0001187,Kiran Kumar,9874495138,Kondamallepally,2026-05-24,WhatsApp/SMS,Wrong number,CHO,FAC012,E0002365,Medicine pickup
OUT0002640,OUP0001187,Kiran Kumar,9874495138,Kondamallepally,2026-06-16,Phone call,Reached; promised follow-up,CHO,FAC012,E0002365,Review visit
OUT0002641,OUP0001187,Kiran Kumar,9874495138,Kondamallepally,2026-06-15,WhatsApp/SMS,Reached; counselled,CHO,FAC012,E0002365,General adherence
OUT0002642,OUP0001187,Keeran Kumar,9874495138,Kondamallepally,2026-07-23,Phone call,Family member reached,CHO,FAC011,E0002366,General adherence
OUT0002643,OUP0001187,Kiran Kumar,9874495138,Kondamallepally,2026-08-02,Phone call,Reached; counselled,CHO,FAC011,E0002366,General adherence
OUT0002644,OUP0001187,Kiran Kumar,9874495138,Kondamallepally,2026-08-09,Home visit,Phone switched off,CHO,FAC011,E0002366,Review visit
OUT0002645,OUP0001188,Rajesh Narsimha,9604518398,Indresham,2026-08-07,Home visit,Patient unavailable,CHO,FAC025,E0002370,Test completion
OUT0002646,OUP0001188,Rajesh Narsimha,9604518398,Indresham,2026-08-28,Home visit,Phone switched off,CHO,FAC025,E0002370,General adherence
OUT0002647,OUP0001188,Rajesh Narsimha,9604518398,Indresham,2026-08-16,Phone call,Family member reached,ASHA,FAC025,E0002370,Review visit
OUT0002648,OUP0001189,Sai Krishna,9216885257,Marrur,2026-06-29,Village health day reminder,Patient unavailable,ASHA,FAC017,E0002372,Review visit
OUT0002649,OUP0001190,Rani Kumar,9555501245,Devarakonda,2026-07-17,Home visit,No answer,ASHA,FAC010,E0002373,Test completion
OUT0002650,OUP0001191,Ramesh Reddy,9459868755,Kalher,2026-04-04,Phone call,Family member reached,ASHA,FAC020,E0002376,Review visit
OUT0002651,OUP0001192,Deepika Mudiraj,9082109990,Midjil,2026-08-04,WhatsApp/SMS,Reached; promised follow-up,ASHA,FAC009,E0002379,Test completion
OUT0002652,OUP0001192,Deepika Mudiraj,9082109990,MIDJIL,2026-08-08,Home visit,Wrong number,CHO,FAC009,E0002379,Test completion
OUT0002653,OUP0001193,Naresh Reddy,9776238062,Bodajanampet,2026-08-16,Home visit,No answer,ASHA,FAC004,E0002381,Test completion
OUT0002654,OUP0001193,Naresh Reddy,9776238062,Bodajanampet,2026-08-23,WhatsApp/SMS,Phone switched off,CHO,FAC004,E0002381,Review visit
OUT0002655,OUP0001193,Nares Reddy,9776238062,Bodajanampet,2026-08-15,Phone call,Reached; counselled,CHO,FAC004,E0002381,Review visit
OUT0002656,OUP0001194,Swathi Jangam,9833321352,Kallepally,2026-01-04,Phone call,Wrong number,CHO,FAC005,E0002382,Review visit
OUT0002657,OUP0001194,Swathi Jangam,9833321352,Kallepally,2026-01-14,Phone call,Family member reached,ASHA,FAC005,E0002382,Test completion
OUT0002658,OUP0001195,Lakshmi Yadav,9593465440,Midjil,2026-03-03,Village health day reminder,Reached; counselled,ASHA,FAC007,E0002383,Review visit
OUT0002659,OUP0001196,Shankar Narsimha,+91-99215-13294,Bhanur,2026-02-27,Village health day reminder,Reached; counselled,CHO,FAC025,E0002384,Medicine pickup
OUT0002660,OUP0001196,Shankar Narseemha,9921513294,Bhanur,2026-02-28,Phone call,Reached; promised follow-up,ASHA,FAC025,E0002384,Review visit
OUT0002661,OUP0001197,Mounika Yadav,+91-98322-08408,Zaheerabad,2026-04-28,Home visit,Reached; counselled,ASHA,FAC023,E0002387,General adherence
OUT0002662,OUP0001197,Mounika Yadav,+91-98322-08408,Zaheerabad,2026-04-17,Village health day reminder,Reached; counselled,ASHA,FAC023,E0002387,Medicine pickup
OUT0002663,OUP0001197,Mounika Yadav,9832208408,Zaheerabad,2026-04-25,Home visit,Reached; promised follow-up,CHO,FAC023,E0002387,Review visit
OUT0002664,OUP0001198,Bhavani Mudiraj,9232811994,Kondamallepally,2026-03-26,WhatsApp/SMS,Reached; counselled,ASHA,FAC011,E0002390,Review visit
OUT0002665,OUP0001198,Bhavani Mudiraj,9232816994,Kondamallepally,2026-03-17,Home visit,Reached; promised follow-up,ASHA,FAC011,E0002390,Test completion
OUT0002666,OUP0001199,Venkatesh Naik,9431007181,Midjil,2026-06-06,Phone call,Reached; promised follow-up,ASHA,FAC007,E0002392,Review visit
OUT0002667,OUP0001200,Bhavani,+91-94209-71806,Marrur,2026-02-18,Village health day reminder,Family member reached,ASHA,FAC016,E0002393,Review visit
OUT0002668,OUP0001200,Bhavani Devi,9420971806,Marrur,2026-02-18,Phone call,Reached; counselled,ASHA,FAC016,E0002393,Review visit
OUT0002669,OUP0001200,Bhavani Devi,9420973806,Marrur,2026-03-07,Phone call,Wrong number,CHO,FAC016,E0002393,Medicine pickup
OUT0002670,OUP0001201,Raghav,9018116708,Nermata,2026-02-28,Home visit,Family member reached,CHO,FAC013,E0002395,Test completion
OUT0002671,OUP0001201,Raghav Jangam,9018116708,Nermata,2026-02-24,Home visit,Family member reached,CHO,FAC013,E0002395,Test completion
OUT0002672,OUP0001201,Raghav Jangam,+91-90181-16708,Nermata,2026-03-01,Phone call,Reached; promised follow-up,CHO,FAC013,E0002395,General adherence
OUT0002673,OUP0001202,Sushma Khan,9678509069,Velpula,2026-02-28,Phone call,Family member reached,ASHA,FAC007,E0002396,Review visit
OUT0002674,OUP0001203,Harika Laxman,9997461555,VEMULA,2026-03-18,Village health day reminder,Patient unavailable,CHO,FAC007,E0002404,General adherence
OUT0002675,OUP0001203,Harika Laxman,+91-99974-61555,Vemula,2026-04-01,Home visit,Reached; counselled,CHO,FAC007,E0002404,Review visit
OUT0002676,OUP0001204,Sai Krishna,9214120414,Balanagar,2026-08-02,Phone call,Reached; promised follow-up,CHO,FAC006,E0002405,General adherence
OUT0002677,OUP0001205,Praveen Begum,9747787143,Jharasangam,2026-03-30,Home visit,Reached; promised follow-up,CHO,FAC024,E0002410,Medicine pickup
OUT0002678,OUP0001205,Praveen Begum,9747787143,Jharasangam,2026-04-01,Phone call,Reached; counselled,ASHA,FAC024,E0002410,Review visit
OUT0002679,OUP0001206,Harika Khan,,Indresham,2026-04-12,Phone call,Patient unavailable,CHO,FAC027,E0002411,Medicine pickup
OUT0002680,OUP0001207,Anjali Kumar,,Bodajanampet,2026-03-06,Home visit,No answer,CHO,FAC006,E0002414,Review visit
OUT0002681,OUP0001207,Anjali Kumar,9571311643,Bodajanampet,2026-02-25,WhatsApp/SMS,Family member reached,ASHA,FAC006,E0002414,Review visit
OUT0002682,OUP0001208,Naveen Rao,,Donur,2026-08-28,WhatsApp/SMS,Reached; promised follow-up,CHO,FAC007,E0002416,Review visit
OUT0002683,OUP0001208,Naveen Rao,9391585183,Donur,2026-09-01,Home visit,Wrong number,ASHA,FAC007,E0002416,Test completion
OUT0002684,OUP0001209,Raghav,+91-91100-90885,Gundlapally,2026-08-22,Home visit,Reached; promised follow-up,CHO,FAC010,E0002421,Test completion
OUT0002685,OUP0001209,Raghav Rao,9110090885,Gundlapalli,2026-09-03,Phone call,Family member reached,ASHA,FAC010,E0002421,Review visit
OUT0002686,OUP0001209,Raghav,9110090885,Gundlapally,2026-09-04,WhatsApp/SMS,Reached; counselled,ASHA,FAC010,E0002421,Test completion
OUT0002687,OUP0001210,Rajesh Mudeeraj,9605025130,Bhanur,2026-01-28,Village health day reminder,Patient unavailable,CHO,FAC026,E0002424,General adherence
OUT0002688,OUP0001210,Rajesh Mudiraj,9605025130,Bhanur,2026-01-21,Village health day reminder,Reached; promised follow-up,ASHA,FAC026,E0002424,Medicine pickup
OUT0002689,OUP0001210,Rajesh Mudiraj,9605025130,BHANUR,2026-07-24,Home visit,Reached; promised follow-up,CHO,FAC025,E0002425,Test completion
OUT0002690,OUP0001211,Swathi Khan,,Zaheerabad,2026-01-23,Phone call,Reached; counselled,ASHA,FAC023,E0002426,Test completion
OUT0002691,OUP0001211,Swathee Khan,9650359852,Zaheerabad,2026-04-07,Phone call,Phone switched off,CHO,FAC023,E0002427,Test completion
OUT0002692,OUP0001212,Saritha Shekar,9806691100,Chandur,2026-05-13,WhatsApp/SMS,Family member reached,CHO,FAC015,E0002428,Medicine pickup
OUT0002693,OUP0001213,Raghav Khan,9104197758,Kondamallepally,2026-05-23,Phone call,Family member reached,ASHA,FAC011,E0002430,Test completion
OUT0002694,OUP0001213,Raghav Khan,9104197758,Kondamallepally,2026-05-25,Village health day reminder,Reached; counselled,ASHA,FAC011,E0002430,Medicine pickup
OUT0002695,OUP0001214,Shobha Narsimha,9086978338,Marrur,2026-03-24,Home visit,No answer,CHO,FAC016,E0002433,Review visit
OUT0002696,OUP0001215,Kavitha Mudiraj,+91-93628-62012,Kangti,2026-01-30,Phone call,Patient unavailable,ASHA,FAC021,E0002435,General adherence
OUT0002697,OUP0001215,Kawitha Mudiraj,9362862012,Kangti,2026-01-18,Home visit,Phone switched off,ASHA,FAC021,E0002435,Review visit
OUT0002698,OUP0001216,Srilatha Patel,+91-96011-54907,Mangalapally,2026-05-14,Phone call,Phone switched off,ASHA,FAC016,E0002436,General adherence
OUT0002699,OUP0001216,Srilatha Patel,9601154907,MANGALAPALLY,2026-05-16,Phone call,Reached; promised follow-up,CHO,FAC016,E0002436,General adherence
OUT0002700,OUP0001217,Harika Reddy,9392552949,MACHARAM,2026-05-10,WhatsApp/SMS,No answer,CHO,FAC002,E0002438,Test completion
OUT0002701,OUP0001217,Harika Reddy,9399552949,Macharam,2026-05-12,Phone call,Family member reached,CHO,FAC002,E0002438,General adherence
OUT0002702,OUP0001218,Swathi Yadav,9179134485,Mangalapally,2026-03-08,WhatsApp/SMS,Reached; counselled,CHO,FAC016,E0002440,Review visit
OUT0002703,OUP0001218,Swthi Yadav,9179134485,Mangalapally,2026-03-03,Home visit,Family member reached,ASHA,FAC016,E0002440,Test completion
OUT0002704,OUP0001218,Swathi Yadav,9179134485,Mangalapally,2026-03-10,Phone call,Phone switched off,ASHA,FAC017,E0002441,Review visit
OUT0002705,OUP0001218,Swathi Yadav,9179134485,Mangalapally,2026-03-28,Phone call,Family member reached,CHO,FAC017,E0002441,Medicine pickup
OUT0002706,OUP0001218,Swathi Yadav,9179134485,Mangalapalli,2026-03-16,Phone call,No answer,CHO,FAC017,E0002441,General adherence
OUT0002707,OUP0001219,Jyothi Khan,,Indresham,2026-06-18,WhatsApp/SMS,Reached; counselled,ASHA,FAC026,E0002443,Test completion
OUT0002708,OUP0001220,Srilatha Krishna,+91-93975-99867,Patancheru,2026-06-17,Phone call,Reached; counselled,CHO,FAC027,E0002446,Review visit
OUT0002709,OUP0001220,Srilatha Krishna,9397599867,Patancheru,2026-06-15,Phone call,Family member reached,ASHA,FAC027,E0002446,Medicine pickup
OUT0002710,OUP0001220,Srilatha Krisna,9397599867,Patancheru,2026-06-07,Phone call,Phone switched off,ASHA,FAC027,E0002446,General adherence
OUT0002711,OUP0001221,Srilatha Begum,+91-97356-91843,Patancher,2026-01-04,Phone call,Reached; promised follow-up,ASHA,FAC025,E0002448,Test completion
OUT0002712,OUP0001222,Shankar Mudiraj,9946349178,Nermat,2026-01-22,Phone call,Reached; counselled,CHO,FAC014,E0002449,Test completion
OUT0002713,OUP0001222,Shankar Mudiraj,9946349178,Nermat,2026-01-27,Phone call,Family member reached,ASHA,FAC014,E0002449,Medicine pickup
OUT0002714,OUP0001222,Shankar Mudiraj,+91-99463-49178,Nermata,2026-02-02,Phone call,Family member reached,CHO,FAC014,E0002449,Test completion
OUT0002715,OUP0001223,nitha Yadav,9209423134,Mangalapally,2026-05-03,Village health day reminder,Family member reached,CHO,FAC016,E0002452,Review visit
OUT0002716,OUP0001224,Anjali Krishna,,Badepalli,2026-02-21,Home visit,Family member reached,CHO,FAC001,E0002453,Test completion
OUT0002717,OUP0001224,Anjali Krishna,+91-92626-75857,Badepally,2026-03-05,WhatsApp/SMS,Reached; counselled,CHO,FAC001,E0002453,Test completion
OUT0002718,OUP0001224,Anjali Krishna,9268675857,Badepally,2026-07-20,WhatsApp/SMS,Patient unavailable,ASHA,FAC001,E0002454,Test completion
OUT0002719,OUP0001225,Sai Laxman,9180527078,AMEENPUR,2026-04-30,Home visit,Patient unavailable,CHO,FAC026,E0002458,General adherence
OUT0002720,OUP0001226,Harika Goud,+91-90141-79240,Vemula,2026-01-30,WhatsApp/SMS,Phone switched off,CHO,FAC008,E0002459,General adherence
OUT0002721,OUP0001226,Harika Goud,9014179240,Vemula,2026-02-08,Phone call,Reached; promised follow-up,CHO,FAC008,E0002459,General adherence
OUT0002722,OUP0001226,Harika Goud,+91-90141-79240,Vemula,2026-02-20,Phone call,Reached; promised follow-up,ASHA,FAC008,E0002459,Review visit
OUT0002723,OUP0001226,Harika Goud,,Vemula,2026-06-14,Village health day reminder,Family member reached,CHO,FAC007,E0002460,General adherence
OUT0002724,OUP0001227,Rani Yadav,,Bhanur,2026-01-28,Phone call,Family member reached,CHO,FAC026,E0002461,Test completion
OUT0002725,OUP0001227,Rani Yadav,9176805238,Bhanur,2026-02-03,Home visit,Reached; counselled,ASHA,FAC026,E0002461,General adherence
OUT0002726,OUP0001227,Rani Yadav,9176805238,Bhanur,2026-01-27,Phone call,Reached; promised follow-up,CHO,FAC026,E0002461,General adherence
OUT0002727,OUP0001227,Rani Yadav,9176805238,Bhanur,2026-07-28,Phone call,Reached; promised follow-up,ASHA,FAC025,E0002462,General adherence
OUT0002728,OUP0001228,Padma Kumar,9826799196,Vemula,2026-02-21,Phone call,Patient unavailable,CHO,FAC007,E0002463,Medicine pickup
OUT0002729,OUP0001229,Raju Yadav,9137189572,Balanagar,2026-04-20,Home visit,Reached; promised follow-up,CHO,FAC004,E0002464,Test completion
OUT0002730,OUP0001229,Rju Yadav,9137189572,Balanagar,2026-05-11,Home visit,Reached; promised follow-up,CHO,FAC005,E0002465,Review visit
OUT0002731,OUP0001230,Venkatesh Kumar,+91-90301-18811,Nakrekal,2026-04-08,Phone call,Family member reached,CHO,FAC017,E0002466,Review visit
OUT0002732,OUP0001230,Venkatesh Kumar,9030118811,Nakrekal,2026-04-21,Phone call,Reached; promised follow-up,ASHA,FAC017,E0002466,General adherence
OUT0002733,OUP0001231,Nresh Devi,+91-90218-45183,Manoor,2026-02-01,Phone call,Reached; promised follow-up,CHO,FAC021,E0002468,Test completion
OUT0002734,OUP0001231,Nares Devi,9021845183,Manoor,2026-01-31,Phone call,No answer,ASHA,FAC021,E0002468,Medicine pickup
OUT0002735,OUP0001231,Naresh Devi,9021845183,Manoor,2026-02-14,Village health day reminder,Family member reached,ASHA,FAC021,E0002468,Medicine pickup
OUT0002736,OUP0001232,Raghav Basha,9170317322,Badepally,2026-04-13,Phone call,Reached; counselled,CHO,FAC002,E0002469,Test completion
OUT0002737,OUP0001232,Raghav Basha,9170317322,Badepally,2026-04-18,WhatsApp/SMS,No answer,ASHA,FAC002,E0002469,General adherence
OUT0002738,OUP0001233,Anil Kumar,9197989813,Kummarikunta,2026-07-10,Village health day reminder,Reached; promised follow-up,CHO,FAC015,E0002471,Test completion
OUT0002739,OUP0001234,Padma Jangam,9757647613,Nakrekal,2026-03-11,Phone call,Reached; counselled,CHO,FAC016,E0002474,Medicine pickup
OUT0002740,OUP0001234,Padma Jangam,9757647613,NAKREKAL,2026-03-15,Phone call,Family member reached,ASHA,FAC016,E0002474,Review visit
OUT0002741,OUP0001234,Padma Jangam,9757647613,Nakrekal,2026-04-02,Home visit,Wrong number,CHO,FAC016,E0002474,General adherence
OUT0002742,OUP0001235,Santosh Narsimha,9594985890,Devarakonda,2026-08-27,Home visit,Phone switched off,ASHA,FAC011,E0002476,Review visit
OUT0002743,OUP0001235,Santosh Narsimha,9594985890,Devarakonda,2026-08-29,Home visit,Reached; promised follow-up,CHO,FAC011,E0002476,Review visit
OUT0002744,OUP0001236,Harika Narsimha,9913458981,Kondamallepally,2026-03-15,WhatsApp/SMS,Phone switched off,CHO,FAC010,E0002477,Test completion
OUT0002745,OUP0001236,Harika Narsimha,9913458981,Kondamallepally,2026-03-28,Phone call,Reached; promised follow-up,CHO,FAC010,E0002477,Review visit
OUT0002746,OUP0001236,Harika,9913458981,Kondamallepally,2026-05-16,Village health day reminder,Reached; counselled,CHO,FAC011,E0002478,General adherence
OUT0002747,OUP0001237,Anitha Reddy,9059911390,Narayankhed,2026-06-19,WhatsApp/SMS,Reached; counselled,CHO,FAC019,E0002479,Review visit
OUT0002748,OUP0001238,Mounika Kumar,9175316649,Kalher,2026-07-26,Phone call,Patient unavailable,CHO,FAC020,E0002482,General adherence
OUT0002749,OUP0001238,Mounika Kumar,9175316649,Kalher,2026-07-28,Home visit,Reached; promised follow-up,ASHA,FAC020,E0002482,Medicine pickup
OUT0002750,OUP0001239,Nirmala,,Bangarigadda,2026-04-03,Home visit,Reached; promised follow-up,ASHA,FAC015,E0002483,General adherence
OUT0002751,OUP0001239,Nirmala Jangam,9655665123,Bangarigadda,2026-04-10,Phone call,Family member reached,ASHA,FAC015,E0002483,Medicine pickup
OUT0002752,OUP0001239,Nirmala Jangam,9655665123,Bangarigadda,2026-04-09,WhatsApp/SMS,Reached; promised follow-up,ASHA,FAC015,E0002483,Test completion
OUT0002753,OUP0001240,Suresh Begum,,Mogudampalli,2026-01-20,Phone call,No answer,CHO,FAC023,E0002484,General adherence
OUT0002754,OUP0001240,Suresh Begum,9103676215,Mogudampally,2026-01-27,Phone call,Family member reached,CHO,FAC023,E0002484,Test completion
OUT0002755,OUP0001240,Sures Begum,9103676215,Mogudampally,2026-01-26,Home visit,Reached; promised follow-up,ASHA,FAC023,E0002484,Test completion
OUT0002756,OUP0001241,Ramesh Mudiraj,9116578156,Kummarikunta,2026-06-10,Village health day reminder,Reached; promised follow-up,CHO,FAC013,E0002487,General adherence
OUT0002757,OUP0001242,Nirmala Yadav,9474389704,Gangapur,2026-06-15,Phone call,Reached; counselled,CHO,FAC001,E0002489,Medicine pickup
OUT0002758,OUP0001242,Nirmla Yadav,9474389704,Gangapur,2026-06-16,Phone call,No answer,ASHA,FAC001,E0002489,Review visit
OUT0002759,OUP0001243,Kavitha Laxman,+91-90070-56938,Kummarikunta,2026-06-27,Phone call,Patient unavailable,ASHA,FAC015,E0002491,General adherence
OUT0002760,OUP0001243,Kavitha Laxman,9007056938,Kummarikunta,2026-06-20,Phone call,Reached; promised follow-up,ASHA,FAC015,E0002491,Review visit
OUT0002761,OUP0001243,Kavitha Laxman,9007056938,Kummarikunta,2026-07-01,Village health day reminder,Family member reached,ASHA,FAC015,E0002491,Medicine pickup
OUT0002762,OUP0001244,Kiran Rao,9539802961,Kummarikunta,2026-06-01,Phone call,Reached; promised follow-up,CHO,FAC013,E0002492,Test completion
OUT0002763,OUP0001244,Kiran Rao,9539802961,Kummarikunta,2026-05-29,Phone call,Family member reached,ASHA,FAC013,E0002492,Review visit
OUT0002764,OUP0001244,Kiran Rao,,Kummarikunta,2026-05-29,Village health day reminder,Wrong number,CHO,FAC013,E0002492,Medicine pickup
OUT0002765,OUP0001244,Kiran,9539802961,Kummarikunta,2026-07-13,Phone call,Reached; promised follow-up,ASHA,FAC015,E0002493,General adherence
OUT0002766,OUP0001244,Kiran Rao,9539802961,Kummarikunta,2026-07-19,Phone call,Family member reached,ASHA,FAC015,E0002493,Medicine pickup
OUT0002767,OUP0001245,Rani Rao,,Patancheru,2026-05-19,WhatsApp/SMS,Reached; promised follow-up,ASHA,FAC025,E0002494,General adherence
OUT0002768,OUP0001245,Rani Rao,9815582860,Patancheru,2026-05-20,Home visit,Family member reached,ASHA,FAC025,E0002494,Medicine pickup
OUT0002769,OUP0001245,Rani Rao,9815582860,Patancheru,2026-06-01,Village health day reminder,Reached; counselled,ASHA,FAC025,E0002494,Review visit
OUT0002770,OUP0001246,Srinivas Narsimha,,Donur,2026-03-12,Home visit,Reached; promised follow-up,ASHA,FAC009,E0002496,General adherence
OUT0002771,OUP0001246,Srinivas Narsimha,9477156985,Donur,2026-02-25,Phone call,Reached; promised follow-up,CHO,FAC009,E0002496,General adherence
OUT0002772,OUP0001247,Naresh Khan,+91-96731-91100,Narayankhed,2026-05-28,Phone call,Phone switched off,CHO,FAC019,E0002497,Review visit
OUT0002773,OUP0001247,Naresh Khan,+91-96731-91100,Narayankhed,2026-06-13,Village health day reminder,Wrong number,ASHA,FAC019,E0002497,Review visit
OUT0002774,OUP0001247,Naresh Khan,9673191100,Narayankhed,2026-06-05,Phone call,Patient unavailable,ASHA,FAC019,E0002497,Review visit
OUT0002775,OUP0001248,Jyothi Shekar,9380773719,Velpula,2026-05-09,Phone call,Reached; promised follow-up,ASHA,FAC007,E0002499,Medicine pickup
OUT0002776,OUP0001249,Renuka Mudiraj,9322536295,NERMATA,2026-07-08,WhatsApp/SMS,Family member reached,CHO,FAC015,E0002502,General adherence
OUT0002777,OUP0001249,Renuka Mudiraj,+91-93225-36295,NERMATA,2026-07-02,WhatsApp/SMS,Patient unavailable,CHO,FAC015,E0002502,Test completion
OUT0002778,OUP0001249,Renuka Mudiraj,9328536295,Nermata,2026-07-12,WhatsApp/SMS,Phone switched off,CHO,FAC015,E0002502,Review visit
OUT0002779,OUP0001250,Lalitha Yadav,9001706774,Kondamallepalli,2026-04-25,Phone call,Reached; promised follow-up,CHO,FAC010,E0002504,Medicine pickup
OUT0002780,OUP0001250,Lalitha Yadav,9001706774,Kondamallepally,2026-06-21,Phone call,Reached; counselled,ASHA,FAC011,E0002505,Test completion
OUT0002781,OUP0001250,Lalitha Yadav,9001706774,Kondamallepally,2026-06-24,Home visit,Phone switched off,CHO,FAC011,E0002505,Test completion
OUT0002782,OUP0001250,Laleetha Yadav,9001706774,Kondamallepally,2026-07-01,Village health day reminder,Wrong number,CHO,FAC011,E0002505,Review visit
OUT0002783,OUP0001251,Raju Naik,9625093774,Kummarikunta,2026-05-22,Phone call,Reached; counselled,CHO,FAC015,E0002510,Review visit
OUT0002784,OUP0001251,Raju Naik,+91-96250-93774,Kummarikunta,2026-05-25,Home visit,Reached; counselled,CHO,FAC015,E0002510,Test completion
OUT0002785,OUP0001251,Raju Naik,9625093774,KUMMARIKUNTA,2026-06-06,WhatsApp/SMS,Patient unavailable,ASHA,FAC015,E0002510,Medicine pickup
OUT0002786,OUP0001252,Praveen Kumar,9139002356,Kummarikunta,2026-03-14,Phone call,Reached; counselled,CHO,FAC014,E0002511,Medicine pickup
OUT0002787,OUP0001252,Prveen Kumar,+91-91390-02356,Kummarikunta,2026-03-05,WhatsApp/SMS,Reached; promised follow-up,CHO,FAC014,E0002511,Review visit
OUT0002788,OUP0001252,Praveen Kumar,9139002356,Kummarikunta,2026-03-06,Phone call,Patient unavailable,CHO,FAC014,E0002511,Medicine pickup
OUT0002789,OUP0001252,Praveen Kumar,9139002356,Kummarikunta,2026-07-16,Phone call,No answer,ASHA,FAC015,E0002512,Review visit
OUT0002790,OUP0001252,Prveen Kumar,9139002356,Kummarikunta,2026-07-23,Phone call,Reached; counselled,ASHA,FAC015,E0002512,Review visit
OUT0002791,OUP0001253,Swathi Basha,9241639612,GANGAPUR,2026-02-08,Phone call,Reached; counselled,ASHA,FAC002,E0002513,Medicine pickup
OUT0002792,OUP0001253,Swathi Basa,9241639612,Gangapur,2026-03-23,WhatsApp/SMS,Patient unavailable,CHO,FAC001,E0002514,Review visit
OUT0002793,OUP0001253,Swathi,+91-92416-39612,Gangapur,2026-03-14,Phone call,Reached; promised follow-up,ASHA,FAC001,E0002514,General adherence
OUT0002794,OUP0001254,Anita Basha,,Donur,2026-05-26,Phone call,No answer,ASHA,FAC007,E0002515,General adherence
OUT0002795,OUP0001254,Anitha Basha,9548317501,Donur,2026-05-31,Phone call,Reached; promised follow-up,CHO,FAC007,E0002515,Medicine pickup
OUT0002796,OUP0001254,Anitha Basha,9548317501,DONUR,2026-08-22,Home visit,No answer,ASHA,FAC008,E0002516,Review visit
OUT0002797,OUP0001255,Bhvani Patel,+91-93374-40382,Bodajanampet,2026-03-16,Phone call,Family member reached,CHO,FAC006,E0002518,General adherence
OUT0002798,OUP0001255,Bhavani Patel,9337440382,Bodajanampet,2026-03-03,Phone call,Family member reached,ASHA,FAC006,E0002518,Test completion
OUT0002799,OUP0001256,Santosh Begum,9572308160,Polepally,2026-02-18,Village health day reminder,No answer,ASHA,FAC003,E0002520,Medicine pickup
OUT0002800,OUP0001256,Santosh Begum,+91-95723-08160,Polepally,2026-03-10,Home visit,Reached; counselled,CHO,FAC003,E0002520,Medicine pickup
OUT0002801,OUP0001257,Naresh Begum,9923204686,Velpula,2026-01-07,WhatsApp/SMS,Phone switched off,CHO,FAC007,E0002523,Review visit
OUT0002802,OUP0001257,Naresh Begum,9923204686,Velpula,2026-05-28,Home visit,Reached; counselled,CHO,FAC009,E0002524,Test completion
OUT0002803,OUP0001257,Naresh Begum,9923204686,Velpula,2026-07-12,Phone call,Reached; promised follow-up,ASHA,FAC007,E0002525,General adherence
OUT0002804,OUP0001257,Naresh Begum,9923204686,Velpula,2026-07-28,Home visit,Family member reached,CHO,FAC007,E0002525,General adherence
OUT0002805,OUP0001258,Rajesh Mallaiah,9086193879,Nakrekal,2026-02-06,Phone call,Reached; promised follow-up,ASHA,FAC017,E0002526,Review visit
OUT0002806,OUP0001259,Jyothi Krishna,9997650993,Kummarikunta,2026-06-04,Phone call,Wrong number,CHO,FAC013,E0002527,Medicine pickup
OUT0002807,OUP0001259,Jyothi Krishna,9997650993,KUMMARIKUNTA,2026-05-28,Village health day reminder,Reached; promised follow-up,CHO,FAC013,E0002527,Test completion
OUT0002808,OUP0001259,Jyothi Krishna,9997650993,Kummarikunta,2026-05-21,Home visit,Reached; promised follow-up,CHO,FAC013,E0002527,General adherence
OUT0002809,OUP0001259,Jyothi Krishna,,Kummarikunta,2026-06-17,Home visit,Reached; counselled,ASHA,FAC015,E0002528,Test completion
OUT0002810,OUP0001260,Mahesh Yadav,9078494813,Mangalapally,2026-02-09,Phone call,Phone switched off,CHO,FAC017,E0002530,Test completion
OUT0002811,OUP0001261,Swathi Chary,+91-96574-66137,Chandur,2026-04-06,Phone call,Family member reached,ASHA,FAC013,E0002531,General adherence
OUT0002812,OUP0001261,Swathi Chary,9657466137,Chandur,2026-03-25,WhatsApp/SMS,Phone switched off,CHO,FAC013,E0002531,Review visit
OUT0002813,OUP0001261,Swathi Chary,9657466137,Chandur,2026-03-29,Home visit,Family member reached,CHO,FAC013,E0002531,Medicine pickup
OUT0002814,OUP0001261,Swati Chary,9657466137,Chandur,2026-05-10,Home visit,Family member reached,CHO,FAC014,E0002532,Review visit
OUT0002815,OUP0001262,Mounika Das,9968857791,Mangalapally,2026-04-29,Home visit,Reached; counselled,CHO,FAC016,E0002534,Review visit
OUT0002816,OUP0001262,Mounika Das,9968857791,Mangalapally,2026-05-01,Phone call,Patient unavailable,CHO,FAC016,E0002534,Review visit
OUT0002817,OUP0001263,Kiran Shekar,9169310525,Gangapur,2026-02-16,WhatsApp/SMS,Family member reached,ASHA,FAC002,E0002535,Test completion
OUT0002818,OUP0001263,Kiran Shekar,9169310525,Gangapur,2026-02-17,Village health day reminder,Reached; promised follow-up,CHO,FAC002,E0002535,General adherence
OUT0002819,OUP0001263,Kiran Shekar,9169310525,Gangapur,2026-02-24,Village health day reminder,Reached; promised follow-up,ASHA,FAC002,E0002535,Review visit
OUT0002820,OUP0001264,Rani Reddy,9085504412,Nakrekal,2026-02-10,Home visit,Phone switched off,ASHA,FAC017,E0002536,Test completion
OUT0002821,OUP0001264,Rani Reddy,9085504412,Nakrekal,2026-02-01,Phone call,Patient unavailable,ASHA,FAC017,E0002536,Test completion
OUT0002822,OUP0001264,Rani Reddy,9085504412,NAKREKAL,2026-02-16,Phone call,Wrong number,CHO,FAC017,E0002536,Medicine pickup
OUT0002823,OUP0001265,Bhavani Chary,9255556533,Mangalapally,2026-03-28,Home visit,Wrong number,CHO,FAC018,E0002537,General adherence
OUT0002824,OUP0001266,Padma Jangam,+91-96470-76971,Marrur,2026-03-13,Village health day reminder,Reached; promised follow-up,ASHA,FAC018,E0002539,General adherence
OUT0002825,OUP0001266,Padma Jangam,,Marrur,2026-03-16,Village health day reminder,Family member reached,ASHA,FAC018,E0002539,Medicine pickup
OUT0002826,OUP0001267,Praveen Naik,9355450585,Mogudampally,2026-04-04,Village health day reminder,Reached; counselled,CHO,FAC023,E0002541,General adherence
OUT0002827,OUP0001267,Praveen Naik,9355450585,Mogudampally,2026-04-24,Home visit,Reached; promised follow-up,CHO,FAC023,E0002541,Test completion
OUT0002828,OUP0001268,Lalita Rao,9721701545,Velpula,2026-05-09,Phone call,Family member reached,ASHA,FAC008,E0002542,Medicine pickup
OUT0002829,OUP0001268,Lalitha Rao,9721701545,Velpula,2026-05-08,Home visit,Reached; counselled,CHO,FAC008,E0002542,Medicine pickup
OUT0002830,OUP0001269,Anitha Naik,9273598038,Kondamallepally,2026-03-05,Phone call,Wrong number,ASHA,FAC012,E0002543,General adherence
OUT0002831,OUP0001269,Anitha Naik,9253598038,Kondamallepally,2026-02-28,Phone call,Family member reached,CHO,FAC012,E0002543,General adherence
OUT0002832,OUP0001269,Anitha Naik,9273598038,Kondamallepally,2026-06-16,Village health day reminder,Family member reached,ASHA,FAC012,E0002544,General adherence
OUT0002833,OUP0001269,Anitha Naik,9273598038,Kondamallepally,2026-06-19,Phone call,Reached; counselled,CHO,FAC012,E0002544,Medicine pickup
OUT0002834,OUP0001270,Raghav Basha,9859422354,Mangalapally,2026-02-15,Phone call,Reached; promised follow-up,ASHA,FAC017,E0002545,Test completion
OUT0002835,OUP0001270,Raghav Basha,,Mangalapally,2026-02-15,Phone call,Reached; promised follow-up,CHO,FAC017,E0002545,Test completion
OUT0002836,OUP0001270,Raghav Basha,+91-98594-22354,Mangalapally,2026-04-16,Phone call,Reached; counselled,CHO,FAC016,E0002546,General adherence
OUT0002837,OUP0001270,Raghav Basha,,MANGALAPALLY,2026-04-13,Home visit,Phone switched off,CHO,FAC016,E0002546,Test completion
OUT0002838,OUP0001271,Rjesh Narsimha,9836894080,Peddadinne,2026-02-14,Phone call,Reached; promised follow-up,CHO,FAC011,E0002547,Test completion
OUT0002839,OUP0001272,Vinod Yadav,,Kalher,2026-01-16,Home visit,Family member reached,ASHA,FAC020,E0002548,Medicine pickup
OUT0002840,OUP0001272,Vinod Ydav,+91-96581-15375,KALHER,2026-01-25,Phone call,Reached; counselled,ASHA,FAC020,E0002548,Medicine pickup
OUT0002841,OUP0001272,Vinod Yadav,9658115375,Kalher,2026-02-02,WhatsApp/SMS,Reached; promised follow-up,CHO,FAC020,E0002548,General adherence
OUT0002842,OUP0001272,Vinod Yadav,9658115375,Kalher,2026-02-01,Village health day reminder,Patient unavailable,CHO,FAC019,E0002549,Medicine pickup
OUT0002843,OUP0001273,Venkatesh Reddy,9272651321,Bangarigadda,2026-02-06,Phone call,Phone switched off,CHO,FAC013,E0002551,Review visit
OUT0002844,OUP0001273,Venkatesh Reddy,9272651321,Bangarigadda,2026-02-08,Home visit,Wrong number,CHO,FAC013,E0002551,General adherence
OUT0002845,OUP0001273,Venkatesh Reddy,9272651321,Bangarigadda,2026-02-01,Home visit,Reached; counselled,ASHA,FAC013,E0002551,Test completion
OUT0002846,OUP0001273,Venkatesh Reddy,9272651321,Bangarigadda,2026-08-23,Phone call,Reached; counselled,ASHA,FAC014,E0002552,General adherence
OUT0002847,OUP0001274,Vinod Kumar,9499706868,Gundlapally,2026-04-10,Home visit,Reached; counselled,ASHA,FAC012,E0002556,General adherence
OUT0002848,OUP0001274,Veenod Kumar,9499706868,Gundlapally,2026-04-05,WhatsApp/SMS,Family member reached,ASHA,FAC012,E0002556,General adherence
OUT0002849,OUP0001274,Veenod Kumar,9499706868,Gundlapally,2026-04-11,Phone call,No answer,CHO,FAC012,E0002556,General adherence
OUT0002850,OUP0001274,Vinod Kumar,9499706868,Gundlapally,2026-05-11,Phone call,Family member reached,CHO,FAC012,E0002557,General adherence
OUT0002851,OUP0001274,Vinod Kumar,,Gundlapally,2026-05-11,Phone call,Reached; counselled,ASHA,FAC012,E0002557,Review visit
OUT0002852,OUP0001274,Vinod Kumar,9499703868,GUNDLAPALLY,2026-05-19,Phone call,Phone switched off,CHO,FAC012,E0002557,Medicine pickup
OUT0002853,OUP0001275,Rajesh Reddy,9119972952,Bodajanampet,2026-02-15,Phone call,Reached; counselled,ASHA,FAC005,E0002560,Medicine pickup
OUT0002854,OUP0001276,Anitha Narsimha,9741990946,Gangapur,2026-07-20,Phone call,Wrong number,CHO,FAC003,E0002562,Review visit
OUT0002855,OUP0001276,Anitha Narsimha,9741990946,Gangapur,2026-07-22,Home visit,Reached; counselled,CHO,FAC003,E0002562,Medicine pickup
OUT0002856,OUP0001277,Nirmala Mudiraj,9976919513,Peddadinne,2026-07-02,Village health day reminder,Family member reached,ASHA,FAC011,E0002565,Test completion
OUT0002857,OUP0001278,Rajesh Das,9403996976,Indresham,2026-06-06,Home visit,Family member reached,ASHA,FAC025,E0002567,General adherence
OUT0002858,OUP0001278,Rajesh Das,9403996976,Indresham,2026-06-13,Phone call,Reached; promised follow-up,ASHA,FAC025,E0002567,General adherence
OUT0002859,OUP0001279,Sushm Patel,9938458884,Marrur,2026-04-13,Home visit,Reached; promised follow-up,ASHA,FAC016,E0002568,Review visit
OUT0002860,OUP0001280,Mounika Krishna,9577813583,Indresham,2026-05-09,Village health day reminder,Phone switched off,ASHA,FAC026,E0002569,Review visit
OUT0002861,OUP0001280,Mounika Krishna,9577813583,INDRESHAM,2026-05-09,Village health day reminder,Reached; counselled,CHO,FAC026,E0002569,Review visit
OUT0002862,OUP0001280,Mounika Krishna,9577813583,Indresham,2026-05-19,Home visit,Family member reached,ASHA,FAC026,E0002569,Medicine pickup
OUT0002863,OUP0001281,Ravi Yadav,,Ameenpu,2026-07-02,Home visit,Reached; counselled,CHO,FAC026,E0002571,Review visit
OUT0002864,OUP0001281,Ravi Yadav,9221255653,Ameenpur,2026-06-30,Home visit,Family member reached,CHO,FAC026,E0002571,General adherence
OUT0002865,OUP0001282,Rghav Narsimha,,Rajapur,2026-01-08,Village health day reminder,Reached; counselled,CHO,FAC006,E0002572,Medicine pickup
OUT0002866,OUP0001283,Raghav Basha,9197931289,Marru,2026-03-28,Phone call,Patient unavailable,CHO,FAC017,E0002574,Medicine pickup
OUT0002867,OUP0001284,Rajesh Begum,9951837503,Gundlapally,2026-04-09,Phone call,Family member reached,ASHA,FAC011,E0002576,Medicine pickup
OUT0002868,OUP0001284,Rajesh Begum,9951837503,Gundlapally,2026-04-06,Phone call,No answer,CHO,FAC011,E0002576,Medicine pickup
OUT0002869,OUP0001284,Rajesh Begum,9951837503,Gundlapally,2026-04-22,Home visit,Reached; promised follow-up,ASHA,FAC011,E0002576,Review visit
OUT0002870,OUP0001285,Rani Narsimha,9335668839,Mangalapally,2026-01-25,WhatsApp/SMS,Reached; counselled,ASHA,FAC016,E0002578,General adherence
OUT0002871,OUP0001285,Rani Narsimha,9335668839,Mangalapally,2026-01-22,Phone call,Family member reached,ASHA,FAC016,E0002578,Medicine pickup
OUT0002872,OUP0001285,Rani Narsimha,9335668839,MANGALAPALLY,2026-02-11,Home visit,Reached; counselled,CHO,FAC016,E0002578,Test completion
OUT0002873,OUP0001286,Arun Rao,9127196720,Nermata,2026-06-04,Village health day reminder,No answer,CHO,FAC015,E0002580,General adherence
OUT0002874,OUP0001286,Arun Rao,9127196720,Nermata,2026-06-07,Phone call,Reached; counselled,ASHA,FAC015,E0002580,General adherence
OUT0002875,OUP0001287,Rajesh Jangam,+91-96775-31405,Marrur,2026-07-22,WhatsApp/SMS,Family member reached,CHO,FAC017,E0002582,Review visit
OUT0002876,OUP0001287,Rajesh Jangam,9677531405,Marrur,2026-08-30,Home visit,Wrong number,ASHA,FAC017,E0002583,Review visit
OUT0002877,OUP0001288,Rani Begum,9088863979,Patancheru,2026-04-02,Phone call,Reached; promised follow-up,ASHA,FAC026,E0002585,Review visit
OUT0002878,OUP0001289,Raju Begum,9516395999,Gangapu,2026-05-29,Phone call,Reached; counselled,ASHA,FAC003,E0002587,General adherence
OUT0002879,OUP0001289,Raju Begum,9516395999,Gangapu,2026-06-10,WhatsApp/SMS,Family member reached,CHO,FAC003,E0002587,General adherence
OUT0002880,OUP0001290,Sai Goud,9226263628,Marrur,2026-04-05,Phone call,Reached; counselled,CHO,FAC018,E0002595,Test completion
OUT0002881,OUP0001291,Rajesh,9866641347,Macharam,2026-03-15,Phone call,Reached; counselled,ASHA,FAC003,E0002596,Test completion
OUT0002882,OUP0001291,Rajesh Narsimha,9866641347,Macharam,2026-03-17,Phone call,Reached; counselled,CHO,FAC003,E0002596,General adherence
OUT0002883,OUP0001291,Rajesh Narsimha,9866641347,Macharam,2026-03-27,Village health day reminder,Reached; counselled,CHO,FAC001,E0002597,Medicine pickup
OUT0002884,OUP0001292,Suresh Yadav,9097645158,Indresham,2026-07-17,Home visit,Patient unavailable,CHO,FAC026,E0002602,Review visit
OUT0002885,OUP0001292,Suresh Yadav,9097645158,Indresham,2026-07-17,Phone call,Reached; promised follow-up,ASHA,FAC026,E0002602,Medicine pickup
OUT0002886,OUP0001293,Arun Krishna,9067727379,Nomula,2026-07-23,Home visit,Family member reached,ASHA,FAC017,E0002603,Review visit
OUT0002887,OUP0001294,Naveen Begum,9157887958,Peddadinne,2026-02-25,Village health day reminder,Reached; promised follow-up,CHO,FAC011,E0002604,Review visit
OUT0002888,OUP0001294,Navin Begum,9157887958,Peddadinn,2026-02-11,Phone call,Wrong number,ASHA,FAC011,E0002604,Medicine pickup
OUT0002889,OUP0001295,Srilatha Das,9559277549,Mogudampally,2026-01-26,Home visit,Wrong number,CHO,FAC024,E0002608,Review visit
OUT0002890,OUP0001296,Arun Mudiraj,+91-95409-48265,Kummarikunta,2026-08-12,WhatsApp/SMS,Phone switched off,ASHA,FAC015,E0002611,General adherence
OUT0002891,OUP0001296,Arun Mudiraj,,KUMMARIKUNTA,2026-08-03,WhatsApp/SMS,Phone switched off,ASHA,FAC015,E0002611,General adherence
OUT0002892,OUP0001297,Swathi Jangam,9877307260,Devarakonda,2026-03-19,Phone call,Family member reached,ASHA,FAC012,E0002612,Medicine pickup
OUT0002893,OUP0001298,Neermala Chary,+91-98993-47010,Ameenpur,2026-02-05,Home visit,Reached; promised follow-up,ASHA,FAC027,E0002613,Review visit
OUT0002894,OUP0001299,Shobha Jangam,+91-99269-57639,Devarakonda,2026-02-09,Phone call,Patient unavailable,CHO,FAC012,E0002615,General adherence
OUT0002895,OUP0001299,Shobha Jangam,,DEVARAKONDA,2026-02-13,Phone call,Family member reached,ASHA,FAC012,E0002615,General adherence
OUT0002896,OUP0001299,Shobha Jangam,9926957689,Devarakonda,2026-06-04,Phone call,Patient unavailable,CHO,FAC010,E0002616,Review visit
OUT0002897,OUP0001300,Srilatha Mallaiah,9573407402,ZAHEERABAD,2026-05-22,Phone call,Reached; promised follow-up,ASHA,FAC023,E0002617,Medicine pickup
OUT0002898,OUP0001300,Sreelatha Mallaiah,9573407402,Zaheerabad,2026-06-11,WhatsApp/SMS,Reached; counselled,CHO,FAC023,E0002617,General adherence
OUT0002899,OUP0001300,Srilatha Mallaiah,9573407402,ZAHEERABAD,2026-06-02,Village health day reminder,Phone switched off,ASHA,FAC023,E0002617,Test completion
OUT0002900,OUP0001301,Naresh Khan,9635081129,MOGUDAMPALLY,2026-07-30,WhatsApp/SMS,Phone switched off,CHO,FAC023,E0002619,Medicine pickup
OUT0002901,OUP0001301,Naresh Khan,9635081129,Mogudampally,2026-08-02,Phone call,Reached; promised follow-up,CHO,FAC023,E0002619,Medicine pickup
OUT0002902,OUP0001301,Naresh Khan,9635081129,Mogudampally,2026-08-10,WhatsApp/SMS,Wrong number,ASHA,FAC023,E0002619,Test completion
OUT0002903,OUP0001302,Nirmla Das,+91-93291-22673,Gundlapally,2026-03-16,Phone call,Patient unavailable,CHO,FAC012,E0002621,Test completion
OUT0002904,OUP0001303,Mounika Mudiraj,9500481828,Midjil,2026-06-17,Phone call,No answer,ASHA,FAC009,E0002622,Review visit
OUT0002905,OUP0001304,Santosh Rao,9339344209,Gundlapally,2026-03-31,Phone call,Patient unavailable,CHO,FAC011,E0002624,Test completion
OUT0002906,OUP0001304,Santosh Rao,9339344209,Gundlapally,2026-03-25,Home visit,Wrong number,CHO,FAC011,E0002624,General adherence
OUT0002907,OUP0001305,Sai Goud,9398205679,Donur,2026-04-27,Home visit,No answer,CHO,FAC008,E0002625,Medicine pickup
OUT0002908,OUP0001306,Jyothi Basha,9084288814,Manoor,2026-05-19,Village health day reminder,No answer,ASHA,FAC020,E0002626,Review visit
OUT0002909,OUP0001306,Jyothi Basha,9084288814,Manoor,2026-05-22,Phone call,Reached; promised follow-up,ASHA,FAC020,E0002626,Medicine pickup
OUT0002910,OUP0001307,Kavitha Mallaiah,,Mogudampally,2026-03-20,WhatsApp/SMS,Family member reached,CHO,FAC022,E0002628,Test completion
OUT0002911,OUP0001307,Kavitha Mallaiah,9895010708,Mogudampally,2026-04-04,Village health day reminder,Reached; counselled,ASHA,FAC022,E0002628,Review visit
OUT0002912,OUP0001308,Naresh Khan,9309744349,GANGAPUR,2026-07-28,Home visit,Wrong number,ASHA,FAC002,E0002629,General adherence
OUT0002913,OUP0001308,Naresh Khan,9309744349,Gangapur,2026-08-06,Home visit,No answer,ASHA,FAC002,E0002629,Test completion
OUT0002914,OUP0001309,Nirmala Patel,9222043140,Mangalapally,2026-06-14,Phone call,Phone switched off,CHO,FAC016,E0002633,Review visit
OUT0002915,OUP0001309,Neermala Patel,9222043140,Mangalapally,2026-06-19,Home visit,Patient unavailable,CHO,FAC016,E0002633,Test completion
OUT0002916,OUP0001309,Nirmala Patel,9222043140,Mangalapally,2026-06-22,Home visit,Family member reached,CHO,FAC016,E0002633,Test completion
OUT0002917,OUP0001310,Santosh Shekar,9918334839,Gangapur,2026-05-13,Phone call,Reached; counselled,ASHA,FAC001,E0002635,Medicine pickup
OUT0002918,OUP0001310,Santosh Shekar,,Gangapur,2026-05-12,Home visit,Family member reached,ASHA,FAC001,E0002635,General adherence
OUT0002919,OUP0001311,Venkatesh Khan,9661983745,Peddadinne,2026-06-23,WhatsApp/SMS,Reached; counselled,ASHA,FAC010,E0002641,General adherence
OUT0002920,OUP0001311,Venkatesh Khan,9661983745,Peddadinne,2026-06-24,WhatsApp/SMS,No answer,CHO,FAC010,E0002641,General adherence
OUT0002921,OUP0001312,Rani Das,+91-99881-01156,Bhanur,2026-05-09,WhatsApp/SMS,Reached; counselled,ASHA,FAC026,E0002642,Test completion
OUT0002922,OUP0001312,Rani Das,9988101156,Bhanur,2026-05-07,Phone call,Reached; promised follow-up,ASHA,FAC026,E0002642,Test completion
OUT0002923,OUP0001312,Rani Das,9988101156,Bhanur,2026-05-13,Phone call,Phone switched off,CHO,FAC026,E0002642,General adherence
OUT0002924,OUP0001313,Srinivas Naik,9127259098,Mogudampally,2026-02-24,Phone call,Reached; counselled,ASHA,FAC022,E0002643,Review visit
OUT0002925,OUP0001313,Srinivas Naik,9127259098,Mogudampally,2026-03-07,Phone call,Family member reached,CHO,FAC022,E0002643,Review visit
OUT0002926,OUP0001314,Vinod Jangam,9632629461,Marrur,2026-04-15,Phone call,Reached; promised follow-up,ASHA,FAC016,E0002644,Medicine pickup
OUT0002927,OUP0001314,Vinod,9632629461,MARRUR,2026-04-25,Village health day reminder,Reached; counselled,CHO,FAC016,E0002644,Medicine pickup
OUT0002928,OUP0001314,Vinod Jangam,+91-96326-29461,Marrur,2026-04-25,Village health day reminder,Reached; promised follow-up,CHO,FAC016,E0002644,Test completion
OUT0002929,OUP0001315,Anitha Yadav,9866733628,Chandur,2026-02-19,Village health day reminder,Family member reached,ASHA,FAC014,E0002646,Test completion
OUT0002930,OUP0001315,Anitha Yadav,9866733628,CHANDUR,2026-02-24,WhatsApp/SMS,Phone switched off,ASHA,FAC014,E0002646,Medicine pickup
OUT0002931,OUP0001315,Anitha Yadav,9866733628,Chandur,2026-02-19,Home visit,Reached; counselled,CHO,FAC014,E0002646,Medicine pickup
OUT0002932,OUP0001316,Suresh Kumar,,Nomula,2026-06-05,Phone call,No answer,CHO,FAC017,E0002648,Test completion
OUT0002933,OUP0001316,Suresh Kumar,9352170233,Nomula,2026-06-17,Phone call,Reached; promised follow-up,CHO,FAC017,E0002648,Review visit
OUT0002934,OUP0001316,Suresh Kumar,9352170233,Nomula,2026-06-15,Village health day reminder,Phone switched off,ASHA,FAC017,E0002648,General adherence
OUT0002935,OUP0001317,Saritha Yadav,9728275128,Kallepally,2026-04-21,Phone call,Wrong number,CHO,FAC006,E0002650,General adherence
OUT0002936,OUP0001317,Saritha Yadav,9728275128,Kallepally,2026-05-10,Phone call,Reached; promised follow-up,CHO,FAC006,E0002650,Review visit
OUT0002937,OUP0001317,Saritha Yadav,9728275128,KALLEPALLY,2026-06-08,Phone call,No answer,CHO,FAC006,E0002651,General adherence
OUT0002938,OUP0001317,Saritha Yadav,9728275128,Kallepally,2026-08-11,Phone call,Reached; promised follow-up,CHO,FAC006,E0002652,Medicine pickup
OUT0002939,OUP0001317,Saritha Yadav,9728275128,Kallepally,2026-08-24,Home visit,Reached; promised follow-up,CHO,FAC006,E0002652,Test completion
OUT0002940,OUP0001317,Saritha Yadav,9728275128,Kallepall,2026-08-10,WhatsApp/SMS,Family member reached,CHO,FAC006,E0002652,Test completion
OUT0002941,OUP0001318,Mouneeka Rao,9208036488,Bodajanampet,2026-03-26,Home visit,Wrong number,ASHA,FAC006,E0002655,Test completion
OUT0002942,OUP0001318,Mounika Rao,,Bodajanampet,2026-04-04,Home visit,Reached; counselled,CHO,FAC006,E0002655,Medicine pickup
OUT0002943,OUP0001319,Suresh Shekar,9801545329,Kallepall,2026-08-16,WhatsApp/SMS,Family member reached,ASHA,FAC004,E0002656,General adherence
OUT0002944,OUP0001320,Ravi Goud,9609605858,Badepalli,2026-05-28,WhatsApp/SMS,No answer,CHO,FAC001,E0002659,Review visit
OUT0002945,OUP0001320,Ravi Goud,9609605858,Badepally,2026-06-18,Home visit,Wrong number,ASHA,FAC001,E0002659,Review visit
OUT0002946,OUP0001321,Lakshmi Laxman,,Zaheerabad,2026-06-16,Phone call,Family member reached,ASHA,FAC024,E0002660,Test completion
OUT0002947,OUP0001321,Lakshmi Laxman,9201508422,Zaheerabad,2026-06-21,Phone call,Family member reached,ASHA,FAC024,E0002661,Medicine pickup
OUT0002948,OUP0001321,Lakshmi Laxman,9201508422,Zaheerabad,2026-06-25,Home visit,Reached; counselled,CHO,FAC024,E0002661,Test completion
OUT0002949,OUP0001322,Kiran Devi,9288841441,Kallepally,2026-04-17,Phone call,Phone switched off,CHO,FAC004,E0002662,Medicine pickup
OUT0002950,OUP0001322,Kiran Devi,9288841441,Kallepally,2026-05-26,Phone call,Wrong number,CHO,FAC005,E0002663,Medicine pickup
OUT0002951,OUP0001323,Mounika Chary,9930923427,Devarakonda,2026-04-05,Phone call,Wrong number,CHO,FAC012,E0002666,Medicine pickup
OUT0002952,OUP0001323,Mounika Chary,9970923427,Devarakonda,2026-04-08,Phone call,Phone switched off,ASHA,FAC012,E0002666,Medicine pickup
OUT0002953,OUP0001324,Harika Mallaiah,+91-97186-35499,Jharasangam,2026-04-13,WhatsApp/SMS,No answer,CHO,FAC022,E0002667,Medicine pickup
OUT0002954,OUP0001324,Harika Mallaiah,9718635499,Jharasangam,2026-04-20,Home visit,Reached; promised follow-up,ASHA,FAC022,E0002667,General adherence
OUT0002955,OUP0001324,Harika Mallaiah,,JHARASANGAM,2026-04-19,Phone call,Reached; promised follow-up,CHO,FAC022,E0002667,Review visit
OUT0002956,OUP0001325,Shankar Basha,9544419457,Kondamallepally,2026-08-17,Phone call,No answer,ASHA,FAC010,E0002669,Test completion
OUT0002957,OUP0001325,Shankar Basha,9544419457,Kondamallepalli,2026-08-07,Village health day reminder,Wrong number,ASHA,FAC010,E0002669,Medicine pickup
OUT0002958,OUP0001326,Mounika Basha,9271682929,Kondamallepally,2026-06-01,Home visit,Reached; counselled,ASHA,FAC010,E0002673,Medicine pickup
OUT0002959,OUP0001326,Mounika Basha,+91-92716-82929,Kondamallepally,2026-06-09,Village health day reminder,Reached; promised follow-up,ASHA,FAC010,E0002673,Test completion
OUT0002960,OUP0001327,Ramesh Yadav,9948897825,Nermata,2026-03-06,WhatsApp/SMS,Reached; promised follow-up,ASHA,FAC015,E0002677,Review visit
OUT0002961,OUP0001327,Ramesh Yadaw,9948497825,Nermata,2026-02-22,Phone call,Reached; promised follow-up,CHO,FAC015,E0002677,General adherence
OUT0002962,OUP0001328,Saritha Basha,9776785898,Jharasangam,2026-03-04,Phone call,Patient unavailable,CHO,FAC024,E0002681,Medicine pickup
OUT0002963,OUP0001329,Rani Shekar,9051591712,JHARASANGAM,2026-06-20,Phone call,Family member reached,ASHA,FAC024,E0002683,Medicine pickup
OUT0002964,OUP0001329,Rani Shekar,+91-90515-91712,Jharasangam,2026-08-05,Home visit,Family member reached,CHO,FAC024,E0002684,Medicine pickup
OUT0002965,OUP0001330,Lakshmi Krishna,9549489211,Kalher,2026-02-02,Village health day reminder,Reached; counselled,ASHA,FAC019,E0002686,Test completion
OUT0002966,OUP0001330,Lakshmi Krishna,9549489211,Kalher,2026-02-02,Phone call,Family member reached,CHO,FAC019,E0002686,Test completion
OUT0002967,OUP0001330,Lakshmi Krishna,+91-95494-89211,Kalher,2026-08-27,WhatsApp/SMS,Wrong number,CHO,FAC021,E0002687,Medicine pickup
OUT0002968,OUP0001331,Kiran Naik,9524766046,Polepally,2026-06-04,Phone call,Reached; counselled,ASHA,FAC002,E0002688,Review visit
OUT0002969,OUP0001332,Lalitha Das,9453584548,Patancheru,2026-04-01,Phone call,Patient unavailable,ASHA,FAC026,E0002689,Test completion
OUT0002970,OUP0001332,Laleetha Das,9453584548,PATANCHERU,2026-06-12,Home visit,Reached; counselled,ASHA,FAC027,E0002690,General adherence
OUT0002971,OUP0001333,Anil Naik,9062048266,Kalher,2026-04-04,Home visit,Family member reached,CHO,FAC019,E0002693,Medicine pickup
OUT0002972,OUP0001333,Anil Naik,9062048266,Kalher,2026-04-25,Village health day reminder,Patient unavailable,ASHA,FAC019,E0002693,Medicine pickup
OUT0002973,OUP0001333,nil Naik,9062048266,Kalher,2026-04-28,Phone call,Reached; counselled,ASHA,FAC019,E0002693,General adherence
OUT0002974,OUP0001334,Srinivas Rao,9609176427,Velpula,2026-04-20,Phone call,Reached; promised follow-up,ASHA,FAC009,E0002697,General adherence
OUT0002975,OUP0001334,Srinivas Rao,9609176427,Velpula,2026-04-14,WhatsApp/SMS,Reached; counselled,ASHA,FAC009,E0002697,Medicine pickup
OUT0002976,OUP0001335,Suresh Rao,+91-92219-80571,Nomula,2026-06-08,WhatsApp/SMS,No answer,CHO,FAC016,E0002698,Test completion
OUT0002977,OUP0001335,Suresh Rao,9221980571,Nomula,2026-06-21,Home visit,Wrong number,ASHA,FAC016,E0002698,General adherence
OUT0002978,OUP0001335,Suresh Rao,9221980571,Nomul,2026-06-16,Phone call,Phone switched off,ASHA,FAC016,E0002698,Review visit
OUT0002979,OUP0001336,Rani Begum,9810706610,Zaheerabad,2026-07-28,Phone call,Patient unavailable,ASHA,FAC023,E0002699,Medicine pickup
OUT0002980,OUP0001336,Rani Begum,9810706610,Zaheerabad,2026-08-02,Phone call,Reached; counselled,CHO,FAC023,E0002699,Medicine pickup
OUT0002981,OUP0001337,Shobha Patel,9051868430,Bangarigadda,2026-07-07,Phone call,Family member reached,ASHA,FAC014,E0002700,Test completion
OUT0002982,OUP0001337,Shobha,9051868430,Bangarigadda,2026-07-13,Phone call,Phone switched off,CHO,FAC014,E0002700,Test completion
OUT0002983,OUP0001337,Shobha Patel,9051868430,Bangarigadda,2026-07-13,Home visit,Reached; promised follow-up,CHO,FAC014,E0002700,General adherence
OUT0002984,OUP0001338,Rani Chary,9857151490,Kummarikunta,2026-06-03,Phone call,Phone switched off,ASHA,FAC015,E0002703,General adherence
OUT0002985,OUP0001338,Rani Chary,9857151490,Kummarikunta,2026-05-29,Home visit,Wrong number,ASHA,FAC015,E0002703,Medicine pickup
OUT0002986,OUP0001338,Rani Chary,9857151490,Kummarikunta,2026-06-05,Phone call,Reached; promised follow-up,CHO,FAC015,E0002703,Review visit
OUT0002987,OUP0001339,Sushma Kumar,9653326282,Nakrekal,2026-06-18,Phone call,Phone switched off,CHO,FAC018,E0002704,Test completion
OUT0002988,OUP0001340,Raju Chary,9178479393,Bangarigadda,2026-01-16,Phone call,No answer,ASHA,FAC015,E0002705,Medicine pickup
OUT0002989,OUP0001340,Raju Chary,,Bangarigadda,2026-01-26,Village health day reminder,No answer,CHO,FAC015,E0002705,Test completion
OUT0002990,OUP0001340,Raju Chary,9178479393,BANGARIGADDA,2026-03-20,Home visit,Family member reached,CHO,FAC013,E0002706,Review visit
OUT0002991,OUP0001340,Raju Chary,9178479393,Bangarigadda,2026-04-03,Village health day reminder,Reached; promised follow-up,ASHA,FAC013,E0002706,Test completion
OUT0002992,OUP0001340,Raju Chary,9178479393,Bangarigadda,2026-04-04,Phone call,Reached; counselled,CHO,FAC013,E0002706,Test completion
OUT0002993,OUP0001341,Jyothi Rao,9151281113,Nomula,2026-08-20,Phone call,Family member reached,CHO,FAC016,E0002708,Medicine pickup
OUT0002994,OUP0001342,Shankar Devi,9054327027,VELPULA,2026-08-03,WhatsApp/SMS,No answer,CHO,FAC009,E0002710,General adherence
OUT0002995,OUP0001343,Swathi Mudiraj,9234246822,Gundlapally,2026-07-20,Village health day reminder,Reached; promised follow-up,ASHA,FAC010,E0002711,General adherence
OUT0002996,OUP0001343,Swathi Mudiraj,9234246822,Gundlapally,2026-07-25,Phone call,Reached; counselled,ASHA,FAC010,E0002711,Review visit
OUT0002997,OUP0001344,Anil Khan,9057867674,Nakrekal,2026-08-23,Phone call,Reached; counselled,CHO,FAC018,E0002714,Medicine pickup
OUT0002998,OUP0001344,Anil Khan,9057867674,Nakrekal,2026-08-20,Home visit,Reached; promised follow-up,ASHA,FAC018,E0002714,Medicine pickup
OUT0002999,OUP0001345,Srilatha Das,9841177417,Mangalapally,2026-02-22,Phone call,Wrong number,CHO,FAC017,E0002717,Review visit
OUT0003000,OUP0001346,Sriniwas Narsimha,9497827936,Jharasangam,2026-03-30,WhatsApp/SMS,Family member reached,ASHA,FAC023,E0002719,General adherence
OUT0003001,OUP0001346,Sreenivas Narsimha,9497827936,Jharasangam,2026-04-06,Phone call,No answer,CHO,FAC023,E0002719,Test completion
OUT0003002,OUP0001346,Srinivas Narsimha,9497827936,Jharasangam,2026-04-09,Village health day reminder,Wrong number,ASHA,FAC023,E0002719,Review visit
OUT0003003,OUP0001346,Srinivas Narsimha,9497827936,Jharasangam,2026-06-02,Home visit,Reached; counselled,ASHA,FAC023,E0002720,Test completion
OUT0003004,OUP0001346,Srinivas Narsimha,9497827936,Jharasangam,2026-06-13,Village health day reminder,Reached; counselled,ASHA,FAC023,E0002720,Review visit
OUT0003005,OUP0001347,Naresh Khan,,Marrur,2026-05-01,Village health day reminder,Family member reached,CHO,FAC018,E0002721,General adherence
OUT0003006,OUP0001347,Naresh Khan,9949978941,MARRUR,2026-05-05,Phone call,Reached; counselled,ASHA,FAC018,E0002721,Review visit
OUT0003007,OUP0001348,Lalitha Basha,9096526669,Kangt,2026-02-10,Phone call,Patient unavailable,CHO,FAC021,E0002722,Test completion
OUT0003008,OUP0001348,Lalitha Basha,,Kangti,2026-02-24,Phone call,Reached; counselled,CHO,FAC021,E0002722,General adherence
OUT0003009,OUP0001348,Lalitha Basha,9096526669,Kangt,2026-02-27,Phone call,Family member reached,CHO,FAC021,E0002722,Review visit
OUT0003010,OUP0001348,Lalitha Basha,9096526669,Kangti,2026-06-08,Phone call,Reached; promised follow-up,ASHA,FAC019,E0002723,Test completion
OUT0003011,OUP0001348,Lalitha Basha,+91-90965-26669,Kangti,2026-05-23,Phone call,Family member reached,CHO,FAC019,E0002723,Test completion
OUT0003012,OUP0001349,Shankar Laxman,9388326298,Jharasanga,2026-07-22,Phone call,Family member reached,CHO,FAC023,E0002724,Review visit
OUT0003013,OUP0001349,Shankar Laxman,9382326298,Jharasangam,2026-07-31,Home visit,Reached; counselled,ASHA,FAC023,E0002724,Medicine pickup
OUT0003014,OUP0001349,Shankar Laxman,9388326298,Jharasangam,2026-08-03,Home visit,Family member reached,ASHA,FAC023,E0002724,Review visit
OUT0003015,OUP0001350,Naveen Naik,9950889010,Kallepally,2026-07-02,WhatsApp/SMS,Phone switched off,ASHA,FAC006,E0002726,Medicine pickup
OUT0003016,OUP0001350,Nveen Naik,9950889010,Kallepally,2026-07-11,Phone call,Patient unavailable,ASHA,FAC006,E0002726,Review visit
OUT0003017,OUP0001351,Sures Devi,+91-97894-27779,Bodajanampet,2026-02-24,Village health day reminder,Family member reached,ASHA,FAC006,E0002727,Review visit
OUT0003018,OUP0001351,Suresh Devi,9789427779,Bodajanampet,2026-02-26,Phone call,Wrong number,CHO,FAC006,E0002727,General adherence
OUT0003019,OUP0001351,Suresh Devi,+91-97894-27779,Bodajanampet,2026-02-19,Phone call,Reached; counselled,CHO,FAC006,E0002727,General adherence
OUT0003020,OUP0001352,Renuka Goud,9368557934,GUNDLAPALLY,2026-05-28,Phone call,Patient unavailable,ASHA,FAC012,E0002729,Review visit
OUT0003021,OUP0001352,Renuka Goud,9368557934,Gundlapally,2026-06-06,WhatsApp/SMS,Patient unavailable,ASHA,FAC012,E0002729,Review visit
OUT0003022,OUP0001352,Renuka Goud,9368557934,Gundlapally,2026-06-07,Home visit,No answer,CHO,FAC012,E0002729,Test completion
OUT0003023,OUP0001353,Sai Reddy,9399775873,Kalher,2026-07-15,Phone call,Reached; promised follow-up,CHO,FAC021,E0002731,General adherence
OUT0003024,OUP0001353,Si Reddy,9399775873,KALHER,2026-07-30,Phone call,Reached; promised follow-up,CHO,FAC021,E0002731,Test completion
OUT0003025,OUP0001354,Bhavani Patel,9580517091,Macharam,2026-01-15,Home visit,Reached; counselled,ASHA,FAC002,E0002732,Medicine pickup
OUT0003026,OUP0001354,Bhavani Patel,9580517091,Macharam,2026-01-13,Phone call,Patient unavailable,ASHA,FAC002,E0002732,Review visit
OUT0003027,OUP0001355,Padma Shekar,9913821707,Peddadinne,2026-07-27,Home visit,Reached; promised follow-up,ASHA,FAC012,E0002734,Review visit
OUT0003028,OUP0001355,Padma Shekar,,Peddadinne,2026-08-03,WhatsApp/SMS,No answer,CHO,FAC012,E0002734,Medicine pickup
OUT0003029,OUP0001355,Padma Shekar,9913821707,Peddadinn,2026-08-02,Home visit,Reached; counselled,ASHA,FAC012,E0002734,Test completion
OUT0003030,OUP0001356,Harika Basha,9743883157,Mangalapally,2026-04-05,Phone call,Phone switched off,ASHA,FAC016,E0002735,General adherence
OUT0003031,OUP0001356,Harika Basha,9743883157,Mangalapally,2026-04-06,Village health day reminder,Family member reached,ASHA,FAC016,E0002735,Medicine pickup
OUT0003032,OUP0001357,Naresh,9834899739,Velpula,2026-07-23,WhatsApp/SMS,Wrong number,ASHA,FAC007,E0002737,Test completion
OUT0003033,OUP0001358,Lalitha Jangam,9825929780,Vemula,2026-02-27,Home visit,Family member reached,CHO,FAC007,E0002738,Review visit
OUT0003034,OUP0001359,Lakshmi Mudiraj,9281327718,Patancheru,2026-05-03,Phone call,No answer,ASHA,FAC026,E0002739,Review visit
OUT0003035,OUP0001359,Lakshmee Mudiraj,9281327718,Patancheru,2026-05-11,Phone call,Family member reached,ASHA,FAC026,E0002739,Test completion
OUT0003036,OUP0001359,Lakshmi Mudiraj,9281327718,Patancheru,2026-05-20,Phone call,Phone switched off,CHO,FAC026,E0002739,Medicine pickup
OUT0003037,OUP0001360,Rajesh,9501536819,Ameenpur,2026-03-12,Phone call,Reached; promised follow-up,ASHA,FAC025,E0002742,General adherence
OUT0003038,OUP0001360,Rajesh Das,,Ameenpur,2026-03-24,WhatsApp/SMS,Family member reached,ASHA,FAC025,E0002742,Review visit
OUT0003039,OUP0001361,Divya Das,9577472180,Patancheru,2026-02-10,Phone call,Phone switched off,CHO,FAC026,E0002743,Review visit
OUT0003040,OUP0001362,Saee Jangam,,Marrur,2026-07-07,Phone call,Reached; promised follow-up,CHO,FAC017,E0002746,General adherence
OUT0003041,OUP0001362,Sai Jangam,9065285196,Marrur,2026-07-12,Phone call,Reached; promised follow-up,ASHA,FAC017,E0002746,Review visit
OUT0003042,OUP0001362,Sai Jangam,9065285196,Marrur,2026-07-25,Home visit,Family member reached,CHO,FAC017,E0002746,Review visit
OUT0003043,OUP0001363,Venkatesh Devi,9761163004,Gangapur,2026-06-14,WhatsApp/SMS,Reached; promised follow-up,CHO,FAC001,E0002748,Medicine pickup
OUT0003044,OUP0001363,Venkatesh Devi,9761163004,Gangapu,2026-06-14,Village health day reminder,Reached; counselled,ASHA,FAC001,E0002748,General adherence
OUT0003045,OUP0001363,Venkatesh Devi,9761163004,Gangapur,2026-07-05,Phone call,Family member reached,ASHA,FAC001,E0002749,Test completion
OUT0003046,OUP0001363,Venkatesh Devi,9761163004,Gangapur,2026-07-04,Home visit,Reached; promised follow-up,CHO,FAC001,E0002749,General adherence
OUT0003047,OUP0001363,Venkatesh Devi,9761163004,Gangapur,2026-08-26,Phone call,Reached; promised follow-up,CHO,FAC002,E0002750,Review visit
OUT0003048,OUP0001363,Venkatesh Devi,9766163004,Gangapur,2026-08-21,Phone call,Patient unavailable,CHO,FAC002,E0002750,Test completion
OUT0003049,OUP0001364,Kiran Yadav,,Manoor,2026-07-30,Village health day reminder,Family member reached,ASHA,FAC020,E0002751,Medicine pickup
OUT0003050,OUP0001364,Kiran Yadav,9496760230,Manoor,2026-07-31,Home visit,Wrong number,ASHA,FAC020,E0002751,Medicine pickup
OUT0003051,OUP0001364,Kiran Yadav,9496760230,Manoor,2026-08-19,WhatsApp/SMS,Phone switched off,ASHA,FAC020,E0002751,Medicine pickup
OUT0003052,OUP0001365,Anil Das,9659097835,Kummarikunta,2026-05-16,Phone call,Reached; counselled,ASHA,FAC015,E0002753,Medicine pickup
OUT0003053,OUP0001365,Anil Das,9659097835,Kummarikunta,2026-06-08,Phone call,Phone switched off,ASHA,FAC015,E0002753,Medicine pickup
OUT0003054,OUP0001366,Naveen Patel,,Macharam,2026-04-15,Village health day reminder,Reached; counselled,ASHA,FAC001,E0002754,Medicine pickup
OUT0003055,OUP0001366,Naveen Patel,+91-91794-01101,Macharam,2026-05-04,Village health day reminder,Phone switched off,CHO,FAC001,E0002754,General adherence
OUT0003056,OUP0001366,Naveen Patel,9179401101,Macharam,2026-04-21,Phone call,Reached; counselled,ASHA,FAC001,E0002754,General adherence
OUT0003057,OUP0001367,Santosh Krishna,,Kummarikunta,2026-03-08,Phone call,Patient unavailable,ASHA,FAC015,E0002758,General adherence
OUT0003058,OUP0001367,Santosh Krishna,9697474264,Kummarikunta,2026-03-18,Phone call,Wrong number,CHO,FAC015,E0002758,Test completion
OUT0003059,OUP0001368,Mohan Laxman,9472085865,Marrur,2026-05-11,Phone call,Family member reached,CHO,FAC018,E0002759,Medicine pickup
OUT0003060,OUP0001369,Anitha Chary,9924850312,Nakrekal,2026-07-07,Phone call,Family member reached,ASHA,FAC017,E0002760,Medicine pickup
OUT0003061,OUP0001369,Anitha Chary,9924850312,Nakrekal,2026-07-26,Phone call,Family member reached,CHO,FAC016,E0002761,Test completion
OUT0003062,OUP0001370,Divya Yadav,9415764294,Ameenpur,2026-03-21,Phone call,Reached; counselled,ASHA,FAC026,E0002762,Test completion
OUT0003063,OUP0001370,Divya Yadav,9415764294,Ameenpur,2026-03-28,WhatsApp/SMS,Reached; promised follow-up,ASHA,FAC026,E0002762,General adherence
OUT0003064,OUP0001370,Divya Yadav,+91-94157-64294,Ameenpur,2026-04-02,Home visit,Wrong number,ASHA,FAC026,E0002762,Test completion
OUT0003065,OUP0001371,Venkatesh Patel,9264691644,Midjil,2026-07-23,Home visit,Patient unavailable,CHO,FAC008,E0002764,Review visit
OUT0003066,OUP0001372,Sai Kumar,9182478590,Mogudampally,2026-05-30,WhatsApp/SMS,Patient unavailable,CHO,FAC023,E0002767,Test completion
OUT0003067,OUP0001372,Sai Kumar,9182478590,Mogudampally,2026-06-06,Home visit,Patient unavailable,CHO,FAC023,E0002767,Test completion
OUT0003068,OUP0001373,Kavitha Krishna,9386852823,MIDJIL,2026-07-20,Home visit,Phone switched off,CHO,FAC009,E0002768,Review visit
OUT0003069,OUP0001373,Kvitha Krishna,9386852823,Midjil,2026-08-05,Phone call,Reached; counselled,CHO,FAC009,E0002768,Review visit
OUT0003070,OUP0001373,Kvitha Krishna,9386852823,MIDJIL,2026-07-26,Phone call,Reached; promised follow-up,ASHA,FAC009,E0002768,General adherence
OUT0003071,OUP0001374,Sai Das,9620477178,Ameenpur,2026-07-21,Phone call,Patient unavailable,CHO,FAC025,E0002771,General adherence
OUT0003072,OUP0001374,Sai Das,9620477178,Ameenpur,2026-07-21,Home visit,Phone switched off,CHO,FAC025,E0002771,Test completion
OUT0003073,OUP0001374,Si Das,9620477178,Ameenpur,2026-08-09,Home visit,Wrong number,ASHA,FAC025,E0002771,Test completion
OUT0003074,OUP0001375,Harika Naik,9817279832,Chandur,2026-01-21,Phone call,Patient unavailable,ASHA,FAC013,E0002773,Medicine pickup
OUT0003075,OUP0001375,Harika Naik,,Chandur,2026-01-27,Phone call,Reached; counselled,CHO,FAC013,E0002773,Review visit
OUT0003076,OUP0001375,Harika Naik,9847279802,Chandu,2026-02-11,Phone call,No answer,ASHA,FAC013,E0002774,Test completion
OUT0003077,OUP0001375,Harika Naik,9817279802,Chandur,2026-02-21,Phone call,Phone switched off,ASHA,FAC013,E0002774,General adherence
OUT0003078,OUP0001376,Raghav Shekar,,BADEPALLY,2026-06-02,Phone call,Family member reached,CHO,FAC001,E0002777,Review visit
OUT0003079,OUP0001376,Raghav Shekar,9090460652,Badepally,2026-06-09,Home visit,No answer,ASHA,FAC001,E0002777,Medicine pickup
OUT0003080,OUP0001377,Arun Mudiraj,9508251829,Polepally,2026-08-07,Home visit,Reached; promised follow-up,ASHA,FAC003,E0002779,Medicine pickup
OUT0003081,OUP0001377,Arun Mudiraj,9508251829,Polepally,2026-08-09,Phone call,Phone switched off,CHO,FAC003,E0002779,Medicine pickup
OUT0003082,OUP0001378,Ramesh Rao,9178222173,Kallepally,2026-04-13,Home visit,Reached; counselled,CHO,FAC006,E0002781,Review visit
OUT0003083,OUP0001378,Ramesh Rao,9178222173,Kallepally,2026-04-22,Phone call,Wrong number,ASHA,FAC006,E0002781,Medicine pickup
OUT0003084,OUP0001379,Renuka Yadav,9815129821,Bhanur,2026-07-27,Phone call,Reached; counselled,CHO,FAC027,E0002783,Test completion
OUT0003085,OUP0001379,Renuka Yadav,9815129821,Bhanur,2026-08-08,WhatsApp/SMS,Phone switched off,ASHA,FAC027,E0002783,General adherence
OUT0003086,OUP0001380,Ravi Mudiraj,9972051811,Kondamallepally,2026-08-13,Village health day reminder,Reached; promised follow-up,CHO,FAC011,E0002785,Test completion
OUT0003087,OUP0001380,Ravi Mudiraj,9972051811,Kondamallepally,2026-08-17,Home visit,Family member reached,ASHA,FAC011,E0002785,Test completion
OUT0003088,OUP0001380,Ravi Mudiraj,9972051811,Kondamallepally,2026-09-02,Phone call,Family member reached,CHO,FAC011,E0002785,Review visit
OUT0003089,OUP0001381,Dipika Chary,9877716902,Peddadinne,2026-04-30,Village health day reminder,Reached; promised follow-up,ASHA,FAC011,E0002793,General adherence
OUT0003090,OUP0001382,Rani Naik,,Rajapur,2026-07-12,Phone call,Reached; promised follow-up,ASHA,FAC004,E0002797,Review visit
OUT0003091,OUP0001383,Mohan Shekar,9548057445,Nermata,2026-04-04,WhatsApp/SMS,Reached; promised follow-up,ASHA,FAC014,E0002798,Medicine pickup
OUT0003092,OUP0001383,Mohan Shekar,9548057445,Nermata,2026-04-15,Phone call,Reached; promised follow-up,ASHA,FAC014,E0002798,Review visit
OUT0003093,OUP0001384,Divya Goud,9428232555,Ameenpur,2026-02-23,Phone call,Reached; counselled,CHO,FAC027,E0002801,Medicine pickup
OUT0003094,OUP0001385,Santosh Reddy,,Vemula,2026-05-30,Village health day reminder,Reached; promised follow-up,CHO,FAC008,E0002804,Medicine pickup
OUT0003095,OUP0001385,Santosh Reddy,9332471732,Vemula,2026-06-10,Phone call,Reached; promised follow-up,ASHA,FAC008,E0002804,Review visit
OUT0003096,OUP0001385,Santosh Reddy,9332471732,Vemula,2026-06-01,Phone call,Wrong number,ASHA,FAC008,E0002804,General adherence
OUT0003097,OUP0001386,Deepika Basha,9483435679,AMEENPUR,2026-03-02,Phone call,Phone switched off,ASHA,FAC025,E0002805,General adherence
OUT0003098,OUP0001386,Deepika Basha,9483432679,Ameenpur,2026-03-18,Phone call,Reached; counselled,ASHA,FAC025,E0002805,Review visit
OUT0003099,OUP0001386,Dipika Basha,9483432679,Ameenpur,2026-03-19,Phone call,Patient unavailable,CHO,FAC025,E0002805,Test completion
OUT0003100,OUP0001387,Sushma Naik,9451091522,Marrur,2026-04-27,WhatsApp/SMS,Patient unavailable,CHO,FAC016,E0002809,Review visit
OUT0003101,OUP0001388,Anitha Mudiraj,9035178578,Marrur,2026-03-09,Phone call,Reached; promised follow-up,CHO,FAC018,E0002812,Test completion
OUT0003102,OUP0001388,Anitha Mudiraj,9035178578,Marrur,2026-03-05,Phone call,Reached; promised follow-up,ASHA,FAC018,E0002812,Medicine pickup
OUT0003103,OUP0001388,nitha Mudiraj,9035178578,Marrur,2026-03-05,Home visit,Reached; promised follow-up,ASHA,FAC018,E0002812,General adherence
OUT0003104,OUP0001388,Anitha Mudiraj,9035178578,Marrur,2026-04-07,WhatsApp/SMS,Reached; promised follow-up,ASHA,FAC017,E0002813,General adherence
OUT0003105,OUP0001388,Anitha Mudiraj,9035178578,Marrur,2026-04-18,Home visit,Reached; promised follow-up,ASHA,FAC017,E0002813,Review visit
OUT0003106,OUP0001388,Anitha Mudiraj,9035178578,Marrur,2026-04-18,WhatsApp/SMS,Family member reached,CHO,FAC017,E0002813,General adherence
OUT0003107,OUP0001389,Lakshmi Mudiraj,9692791983,Nakrekal,2026-05-01,Village health day reminder,Reached; promised follow-up,ASHA,FAC017,E0002816,Review visit
OUT0003108,OUP0001389,Lakshmi Mudiraj,9692791983,Nakrekal,2026-05-09,Phone call,Family member reached,ASHA,FAC017,E0002816,Medicine pickup
OUT0003109,OUP0001390,Nirmala Goud,+91-91451-91890,Mogudampally,2026-08-04,Home visit,No answer,CHO,FAC022,E0002817,Test completion
OUT0003110,OUP0001390,Nirmala Goud,9145191890,Mogudampally,2026-08-18,Home visit,Reached; promised follow-up,ASHA,FAC022,E0002817,General adherence
OUT0003111,OUP0001391,Divya Laxman,9728647225,Kangti,2026-03-10,Phone call,Reached; promised follow-up,ASHA,FAC021,E0002818,Review visit
OUT0003112,OUP0001391,Divya Laxman,9728647225,Kangti,2026-03-02,Village health day reminder,Family member reached,CHO,FAC021,E0002818,Test completion
OUT0003113,OUP0001391,Divya Laxman,9728647225,Kangti,2026-03-12,Phone call,Reached; promised follow-up,ASHA,FAC021,E0002818,General adherence
OUT0003114,OUP0001391,Divya Laxman,9728647225,KANGTI,2026-07-22,Phone call,Patient unavailable,ASHA,FAC020,E0002819,Test completion
OUT0003115,OUP0001391,Divya Laxman,9728647225,Kangti,2026-07-27,Home visit,Reached; counselled,CHO,FAC020,E0002819,Review visit
OUT0003116,OUP0001392,Shobha Naik,9549626825,Kohir,2026-07-10,Home visit,Reached; counselled,CHO,FAC023,E0002820,Test completion
OUT0003117,OUP0001392,Shobha Naik,9549626825,Kohir,2026-07-03,WhatsApp/SMS,Reached; promised follow-up,CHO,FAC023,E0002820,General adherence
OUT0003118,OUP0001393,Susma Reddy,9878489631,Kalher,2026-07-14,Phone call,Reached; counselled,ASHA,FAC019,E0002821,Test completion
OUT0003119,OUP0001393,Sushma Reddy,9878489631,KALHER,2026-07-25,WhatsApp/SMS,Family member reached,CHO,FAC019,E0002821,Review visit
OUT0003120,OUP0001393,Sushma Reddy,9878489631,Kalher,2026-07-18,WhatsApp/SMS,Family member reached,CHO,FAC019,E0002821,Medicine pickup
OUT0003121,OUP0001394,Srinivas Kumar,9982572079,Devarakonda,2026-05-26,Village health day reminder,Reached; counselled,CHO,FAC011,E0002822,Test completion
OUT0003122,OUP0001395,Kavitha Devi,9993675885,Donur,2026-07-11,Phone call,No answer,ASHA,FAC007,E0002824,Review visit
OUT0003123,OUP0001396,Shobha Reddy,9687330447,Patancheru,2026-06-18,Home visit,Reached; counselled,CHO,FAC027,E0002826,Medicine pickup
OUT0003124,OUP0001397,Suresh Naik,9947204895,MOGUDAMPALLY,2026-06-09,Home visit,Phone switched off,ASHA,FAC022,E0002827,Review visit
OUT0003125,OUP0001397,Suresh Naik,9947204895,Mogudampalli,2026-06-10,WhatsApp/SMS,Reached; promised follow-up,ASHA,FAC022,E0002827,Review visit
OUT0003126,OUP0001397,Suresh Naik,9947204895,Mogudampally,2026-08-03,Village health day reminder,Family member reached,ASHA,FAC022,E0002828,General adherence
OUT0003127,OUP0001397,Suresh Naik,9947204895,Mogudampally,2026-08-25,Phone call,Phone switched off,ASHA,FAC022,E0002828,Review visit
OUT0003128,OUP0001397,Suresh Naik,9947204895,Mogudampally,2026-08-15,Home visit,Reached; promised follow-up,CHO,FAC022,E0002828,General adherence
OUT0003129,OUP0001398,Rajesh Jangam,9954275248,Ameenpur,2026-07-22,Home visit,Reached; promised follow-up,CHO,FAC026,E0002829,Test completion
OUT0003130,OUP0001398,Rajesh Jangam,,Ameenpur,2026-07-11,Phone call,Phone switched off,CHO,FAC026,E0002829,Medicine pickup
OUT0003131,OUP0001398,Rjesh Jangam,9954275248,Ameenpur,2026-07-23,Phone call,No answer,CHO,FAC026,E0002829,Medicine pickup
OUT0003132,OUP0001399,Mohan Kumar,9407059731,Indresham,2026-05-05,WhatsApp/SMS,Reached; promised follow-up,ASHA,FAC025,E0002831,General adherence
OUT0003133,OUP0001399,Mohan Kumar,9407059731,Indresham,2026-04-23,Home visit,Reached; counselled,CHO,FAC025,E0002831,Test completion
OUT0003134,OUP0001400,Swathi Chary,9123456020,Bhanur,2026-02-19,Phone call,No answer,ASHA,FAC025,E0002832,Medicine pickup
OUT0003135,OUP0001400,Swathi Chary,,Bhanur,2026-03-03,Phone call,Reached; promised follow-up,CHO,FAC025,E0002832,Test completion
OUT0003136,OUP0001401,Mohan Rao,+91-90501-61170,Mangalapally,2026-05-06,Phone call,Patient unavailable,ASHA,FAC016,E0002835,General adherence
OUT0003137,OUP0001401,Mohan Rao,9050161170,Mangalapally,2026-05-20,Phone call,Family member reached,ASHA,FAC016,E0002835,General adherence
OUT0003138,OUP0001401,Mohan Rao,9050161170,Mangalapally,2026-05-13,Phone call,Family member reached,ASHA,FAC016,E0002835,Review visit
OUT0003139,OUP0001402,Venkatesh Mudiraj,9263128856,Gundlapally,2026-07-14,Phone call,Reached; counselled,ASHA,FAC010,E0002837,General adherence
OUT0003140,OUP0001402,Venkatesh Mudiraj,9263128856,Gundlapally,2026-07-17,Phone call,Reached; promised follow-up,ASHA,FAC010,E0002837,Medicine pickup
OUT0003141,OUP0001403,Sai Yadav,9160215456,Midjil,2026-03-01,WhatsApp/SMS,Phone switched off,CHO,FAC007,E0002838,Review visit
OUT0003142,OUP0001404,Venkatesh Chary,9944735558,Devarakonda,2026-02-24,Phone call,Reached; counselled,CHO,FAC010,E0002840,Test completion
OUT0003143,OUP0001405,Kavitha Begum,9854888561,Donur,2026-04-04,Phone call,Family member reached,CHO,FAC009,E0002841,Review visit
OUT0003144,OUP0001405,Kavitha Begum,9854888561,Donur,2026-04-14,Phone call,Wrong number,ASHA,FAC009,E0002841,Review visit
OUT0003145,OUP0001406,Lakshmi Rao,+91-99856-78594,Kallepally,2026-08-24,Phone call,Reached; promised follow-up,ASHA,FAC004,E0002845,Review visit
OUT0003146,OUP0001406,Lakshmi Rao,9985678594,Kallepally,2026-08-23,Phone call,No answer,CHO,FAC004,E0002845,Review visit
OUT0003147,OUP0001406,Lakshmi Rao,9985478594,Kallepally,2026-08-25,WhatsApp/SMS,Family member reached,ASHA,FAC004,E0002845,Review visit
OUT0003148,OUP0001407,Srinivas sekar,9889613563,Kummarikunta,2026-05-20,Phone call,Wrong number,CHO,FAC015,E0002846,Medicine pickup
OUT0003149,OUP0001408,Naveen Chary,9217359434,Manoor,2026-03-05,Phone call,Family member reached,CHO,FAC021,E0002848,Medicine pickup
OUT0003150,OUP0001408,Naveen Chary,9217359434,Manoor,2026-03-20,Phone call,Reached; counselled,CHO,FAC021,E0002848,Test completion
OUT0003151,OUP0001408,Naveen Chary,9217359434,Manoor,2026-03-13,Phone call,Reached; counselled,CHO,FAC021,E0002848,General adherence
OUT0003152,OUP0001409,Saritha Devi,9185480672,Nermata,2026-07-28,Home visit,Family member reached,ASHA,FAC014,E0002850,Medicine pickup
OUT0003153,OUP0001409,Saritha Devi,9185480672,Nermata,2026-07-31,Phone call,Phone switched off,ASHA,FAC014,E0002850,Medicine pickup
OUT0003154,OUP0001409,Saritha Devi,9185480672,Nermata,2026-08-21,Phone call,Reached; promised follow-up,CHO,FAC014,E0002850,Medicine pickup
OUT0003155,OUP0001410,Deepika Reddy,9717244458,Bodajanampet,2026-03-17,WhatsApp/SMS,Family member reached,ASHA,FAC006,E0002853,Test completion
OUT0003156,OUP0001410,Deepika Reddy,9717244458,Bodajanampet,2026-03-29,Village health day reminder,Reached; promised follow-up,CHO,FAC006,E0002853,General adherence
OUT0003157,OUP0001410,Deepika Reddy,9717244458,Bodajanampet,2026-05-07,Phone call,Reached; counselled,ASHA,FAC005,E0002854,Test completion
OUT0003158,OUP0001411,Harika Mudiraj,,Donur,2026-04-03,WhatsApp/SMS,No answer,ASHA,FAC007,E0002855,Review visit
OUT0003159,OUP0001412,Mahesh Reddy,+91-99615-42699,Bodajanampet,2026-01-31,Home visit,No answer,CHO,FAC005,E0002857,Review visit
OUT0003160,OUP0001413,Deepika Kumar,9037071359,Velpula,2026-08-06,Phone call,Phone switched off,CHO,FAC008,E0002858,General adherence
OUT0003161,OUP0001414,Renuka Laxman,9285008766,Manoor,2026-07-05,Village health day reminder,Reached; counselled,CHO,FAC021,E0002859,Review visit
OUT0003162,OUP0001415,Swathi Basha,9311980781,Mangalapally,2026-07-01,Village health day reminder,Family member reached,ASHA,FAC018,E0002861,Test completion
OUT0003163,OUP0001416,Bhavani Khan,9396461754,Kalher,2026-04-19,Phone call,Family member reached,CHO,FAC021,E0002862,General adherence
OUT0003164,OUP0001416,Bhavani Khan,9393461754,Kalher,2026-04-22,Phone call,Phone switched off,ASHA,FAC021,E0002862,Review visit
OUT0003165,OUP0001416,Bhavani Khan,9393461754,Kalher,2026-06-09,Home visit,Patient unavailable,CHO,FAC021,E0002863,Medicine pickup
OUT0003166,OUP0001416,Bhavani Khan,9393461754,Kalher,2026-06-17,Home visit,Reached; promised follow-up,ASHA,FAC021,E0002863,Medicine pickup
OUT0003167,OUP0001416,Bhavani Khan,9393461754,Kalhe,2026-06-28,Home visit,Phone switched off,ASHA,FAC021,E0002863,Medicine pickup
OUT0003168,OUP0001417,Kaveetha Das,9236194702,Kalher,2026-04-22,Phone call,Reached; counselled,CHO,FAC020,E0002866,Test completion
OUT0003169,OUP0001418,Bhavani Yadav,9507391769,Nakrekal,2026-05-16,WhatsApp/SMS,Family member reached,ASHA,FAC016,E0002867,General adherence
OUT0003170,OUP0001418,Bhvani Yadav,9507391769,NAKREKAL,2026-05-04,Phone call,Phone switched off,CHO,FAC016,E0002867,Review visit
OUT0003171,OUP0001419,Santosh Goud,9947933597,Nomula,2026-03-19,Home visit,Wrong number,CHO,FAC017,E0002868,Test completion
OUT0003172,OUP0001419,Santosh Goud,+91-99479-33597,Nomula,2026-03-19,Home visit,No answer,CHO,FAC017,E0002868,Medicine pickup
OUT0003173,OUP0001419,Santosh Goud,9947933597,Nomula,2026-03-12,Phone call,Reached; promised follow-up,ASHA,FAC017,E0002868,Medicine pickup
OUT0003174,OUP0001420,Lalitha Das,9693006611,Gundlapally,2026-02-17,Home visit,Reached; promised follow-up,ASHA,FAC010,E0002870,Review visit
OUT0003175,OUP0001420,Lalitha Das,9693006611,Gundlapally,2026-02-06,Phone call,Reached; promised follow-up,CHO,FAC010,E0002870,Medicine pickup
OUT0003176,OUP0001421,Shobha,+91-95835-74170,Devarakonda,2026-03-10,Home visit,No answer,CHO,FAC012,E0002871,Test completion
OUT0003177,OUP0001421,Shobha Rao,9583574170,Devarakonda,2026-03-12,Phone call,Patient unavailable,CHO,FAC012,E0002871,General adherence
OUT0003178,OUP0001421,Shobha Rao,9583574170,Devarakonda,2026-03-03,Phone call,Wrong number,CHO,FAC012,E0002871,Medicine pickup
OUT0003179,OUP0001422,Mounika Yadav,9386625510,Balanagar,2026-03-18,Home visit,Reached; counselled,ASHA,FAC005,E0002872,Test completion
OUT0003180,OUP0001423,Deepika Mudiraj,9145891442,Devarakonda,2026-02-07,Village health day reminder,Family member reached,ASHA,FAC012,E0002874,Review visit
OUT0003181,OUP0001423,Deepika Mudiraj,9145891442,Devarakonda,2026-02-14,Phone call,Reached; counselled,ASHA,FAC012,E0002874,General adherence
OUT0003182,OUP0001423,Deepika Mudiraj,+91-91458-91442,DEVARAKONDA,2026-02-24,Phone call,Reached; promised follow-up,ASHA,FAC012,E0002874,General adherence
OUT0003183,OUP0001424,Kavitha Reddy,9977186041,NERMATA,2026-05-12,Phone call,Phone switched off,ASHA,FAC014,E0002876,General adherence
OUT0003184,OUP0001425,Rajesh Jangam,9344008328,Badepally,2026-06-18,Home visit,Reached; counselled,CHO,FAC003,E0002879,General adherence
OUT0003185,OUP0001425,Rajesh Jangam,9344008328,Badepall,2026-07-08,Home visit,Patient unavailable,CHO,FAC003,E0002879,Medicine pickup
OUT0003186,OUP0001426,Lalitha Yadav,9907999725,Bangarigadda,2026-03-06,Home visit,Reached; counselled,ASHA,FAC015,E0002881,General adherence
OUT0003187,OUP0001427,Sushma Yadav,+91-92170-97850,Narayankhed,2026-06-20,Phone call,Reached; counselled,ASHA,FAC021,E0002883,Medicine pickup
OUT0003188,OUP0001427,Sushma Yadav,9217097850,Narayankhed,2026-06-24,Village health day reminder,Family member reached,CHO,FAC021,E0002883,Review visit
OUT0003189,OUP0001428,Mohan Reddy,9124500517,Ameenpur,2026-08-15,Phone call,Family member reached,CHO,FAC027,E0002885,General adherence
OUT0003190,OUP0001428,Mohan Reddy,9124500517,Ameenpur,2026-08-14,Home visit,Reached; counselled,ASHA,FAC027,E0002885,Medicine pickup
OUT0003191,OUP0001428,Mohan Reddy,9124500517,Ameenpur,2026-09-08,Home visit,No answer,CHO,FAC027,E0002885,Test completion
OUT0003192,OUP0001429,Saritha Yadav,,MOGUDAMPALLY,2026-08-20,Phone call,Phone switched off,CHO,FAC023,E0002886,Medicine pickup
OUT0003193,OUP0001430,Arun Mallaiah,9144126529,Marrur,2026-04-25,Home visit,Wrong number,CHO,FAC018,E0002888,Medicine pickup
OUT0003194,OUP0001431,Mounika Yadav,9948983623,Midjil,2026-04-01,Phone call,Wrong number,ASHA,FAC009,E0002890,Review visit
OUT0003195,OUP0001431,Mounika Yadav,9948983623,Midjil,2026-04-21,Phone call,Family member reached,ASHA,FAC009,E0002890,Review visit
OUT0003196,OUP0001431,Mounika Yadav,+91-99489-83623,Midjil,2026-04-13,Phone call,Reached; promised follow-up,CHO,FAC009,E0002890,Review visit
OUT0003197,OUP0001432,Raju Jangam,9387915669,Kallepally,2026-01-28,Phone call,Reached; counselled,CHO,FAC004,E0002892,General adherence
OUT0003198,OUP0001433,Bhavani Das,9154814883,Bhanur,2026-05-08,Phone call,Reached; promised follow-up,CHO,FAC025,E0002896,Test completion
OUT0003199,OUP0001433,Bhavani Das,9154814883,Bhanur,2026-07-25,Village health day reminder,Wrong number,CHO,FAC025,E0002897,Review visit
OUT0003200,OUP0001434,Arun Devi,9857115105,Kalher,2026-02-01,WhatsApp/SMS,Reached; counselled,CHO,FAC020,E0002898,General adherence
OUT0003201,OUP0001434,Arun Dewi,9857115105,Kalher,2026-02-09,Home visit,Reached; promised follow-up,ASHA,FAC020,E0002898,Test completion
OUT0003202,OUP0001434,Arun Devi,9857115105,Kalher,2026-02-16,Phone call,Reached; promised follow-up,ASHA,FAC020,E0002898,General adherence
OUT0003203,OUP0001435,Bhavani Chary,9935218395,Kalher,2026-06-01,Home visit,Reached; promised follow-up,CHO,FAC019,E0002899,Medicine pickup
OUT0003204,OUP0001435,Bhavani Chary,9935218395,Kalher,2026-07-16,WhatsApp/SMS,Reached; counselled,ASHA,FAC021,E0002900,General adherence
OUT0003205,OUP0001435,Bhavani Chary,9935218395,Kalher,2026-07-22,Phone call,Reached; promised follow-up,ASHA,FAC021,E0002900,Test completion
OUT0003206,OUP0001436,winod Mallaiah,9829170319,Bangarigadda,2026-07-23,Phone call,Reached; counselled,ASHA,FAC013,E0002901,General adherence
OUT0003207,OUP0001436,Vinod Mallaiah,9829170319,Bangarigadda,2026-08-03,Village health day reminder,Family member reached,ASHA,FAC013,E0002901,Test completion
OUT0003208,OUP0001437,Srilata Goud,9998962138,Mogudampally,2026-05-02,Phone call,Phone switched off,CHO,FAC022,E0002902,Medicine pickup
OUT0003209,OUP0001437,Sreelatha Goud,9998962138,Mogudampally,2026-05-18,Home visit,No answer,CHO,FAC022,E0002902,General adherence
OUT0003210,OUP0001437,Srilatha Goud,,Mogudampally,2026-05-06,Home visit,Phone switched off,ASHA,FAC022,E0002902,Test completion
OUT0003211,OUP0001437,Srilatha Goud,9998962138,Mogudampally,2026-06-04,Home visit,Reached; counselled,CHO,FAC023,E0002903,Test completion
OUT0003212,OUP0001437,Srilatha Goud,9998962138,Mogudampally,2026-06-13,Home visit,No answer,ASHA,FAC023,E0002903,General adherence
OUT0003213,OUP0001438,Venkatesh Laxman,+91-94520-42903,Kohir,2026-02-16,Home visit,Reached; promised follow-up,ASHA,FAC024,E0002904,General adherence
OUT0003214,OUP0001438,Venkatesh Laxman,9452042903,Kohir,2026-03-02,Phone call,Wrong number,CHO,FAC024,E0002904,Medicine pickup
OUT0003215,OUP0001439,Harika Krishna,9732672694,Mangalapally,2026-04-13,Village health day reminder,Reached; promised follow-up,CHO,FAC017,E0002908,Test completion
OUT0003216,OUP0001439,Harika Krishna,+91-97326-72694,Mangalapally,2026-04-12,Phone call,Family member reached,CHO,FAC017,E0002908,Medicine pickup
OUT0003217,OUP0001440,Ravee Rao,9140401787,Kohir,2026-05-13,Phone call,No answer,CHO,FAC023,E0002909,Test completion
OUT0003218,OUP0001441,Mounika Das,9698671479,Kallepally,2026-04-22,Phone call,Reached; promised follow-up,CHO,FAC006,E0002912,General adherence
OUT0003219,OUP0001441,Mounika Das,9698671479,Kallepally,2026-04-24,Home visit,Reached; counselled,ASHA,FAC006,E0002912,Review visit
OUT0003220,OUP0001441,Mounika Das,+91-96986-71479,Kallepalli,2026-06-01,Home visit,Reached; counselled,ASHA,FAC005,E0002913,General adherence
OUT0003221,OUP0001441,Mounika Das,9698671479,Kallepally,2026-06-13,Phone call,Reached; counselled,ASHA,FAC005,E0002913,Review visit
OUT0003222,OUP0001441,Mounika,9698671479,Kallepally,2026-06-29,Phone call,Reached; counselled,ASHA,FAC005,E0002913,Test completion
OUT0003223,OUP0001442,Deepika Reddy,9902823662,Bodajanampet,2026-02-07,Phone call,Reached; promised follow-up,ASHA,FAC006,E0002914,General adherence
OUT0003224,OUP0001442,Deepika Reddy,9902823662,Bodajanampet,2026-02-05,Phone call,Reached; counselled,ASHA,FAC006,E0002914,General adherence
OUT0003225,OUP0001443,Anjali Khan,+91-92328-30613,Chandur,2026-01-16,Village health day reminder,Phone switched off,CHO,FAC013,E0002917,Review visit
OUT0003226,OUP0001443,Anjali Khan,,Chandur,2026-01-20,Village health day reminder,No answer,ASHA,FAC013,E0002917,Review visit
OUT0003227,OUP0001444,Praveen,9399049202,Manoor,2026-06-25,Home visit,Reached; counselled,CHO,FAC019,E0002920,Medicine pickup
OUT0003228,OUP0001444,Praveen Goud,,Manoor,2026-06-23,Home visit,Family member reached,CHO,FAC019,E0002920,General adherence
OUT0003229,OUP0001445,Ravi Patel,9734523695,Kallepally,2026-07-01,Phone call,Reached; promised follow-up,ASHA,FAC004,E0002923,General adherence
OUT0003230,OUP0001445,Ravi Patel,9734523695,Kallepalli,2026-07-06,Village health day reminder,Reached; promised follow-up,CHO,FAC004,E0002923,General adherence
OUT0003231,OUP0001446,Srinivas Narsimha,9367721367,Narayankhed,2026-05-26,Village health day reminder,Family member reached,CHO,FAC021,E0002924,Review visit
OUT0003232,OUP0001446,Sreenivas Narsimha,9367721367,Narayankhed,2026-06-15,WhatsApp/SMS,No answer,CHO,FAC021,E0002924,Review visit
OUT0003233,OUP0001446,Sriniwas Narsimha,9367721367,Narayankhed,2026-06-04,Village health day reminder,Family member reached,CHO,FAC021,E0002924,Review visit
OUT0003234,OUP0001447,Sntosh Begum,9676984357,VEMULA,2026-07-12,Village health day reminder,Family member reached,ASHA,FAC007,E0002925,Medicine pickup
OUT0003235,OUP0001447,Santosh Begum,9676984357,Vemula,2026-07-10,Home visit,Phone switched off,ASHA,FAC007,E0002925,General adherence
OUT0003236,OUP0001447,Santosh Begum,9676984357,Vemula,2026-07-11,Phone call,No answer,CHO,FAC007,E0002925,Test completion
OUT0003237,OUP0001448,Srinivas Devi,9511487703,Balanagar,2026-07-19,Village health day reminder,Patient unavailable,CHO,FAC005,E0002926,General adherence
OUT0003238,OUP0001449,Kiran Patel,9542491781,Badepally,2026-06-16,Village health day reminder,Reached; promised follow-up,CHO,FAC003,E0002927,Test completion
OUT0003239,OUP0001449,Kiran Patel,9542491781,Badepally,2026-06-21,Phone call,Patient unavailable,ASHA,FAC003,E0002927,General adherence
OUT0003240,OUP0001450,Padma Krishna,9380452656,Kondamallepally,2026-03-22,WhatsApp/SMS,Family member reached,ASHA,FAC010,E0002930,Review visit
OUT0003241,OUP0001450,Padma Krishna,9380452656,Kondamallepally,2026-04-01,Home visit,Patient unavailable,ASHA,FAC010,E0002930,Review visit
OUT0003242,OUP0001450,Padma Krishna,9380452656,Kondamallepally,2026-03-23,Village health day reminder,Reached; counselled,CHO,FAC010,E0002930,General adherence
OUT0003243,OUP0001451,Anil Chary,9339180808,Bodajanampet,2026-04-27,Village health day reminder,Reached; promised follow-up,CHO,FAC005,E0002933,Test completion
OUT0003244,OUP0001451,Anil Chary,,Bodajanampet,2026-04-16,Home visit,Reached; promised follow-up,ASHA,FAC005,E0002933,Medicine pickup
OUT0003245,OUP0001451,Anil Chary,9339180808,Bodajanampet,2026-04-27,WhatsApp/SMS,Patient unavailable,ASHA,FAC005,E0002934,Review visit
OUT0003246,OUP0001451,Anil Chary,9339180808,Bodajanampet,2026-05-05,Village health day reminder,Family member reached,ASHA,FAC005,E0002934,Review visit
OUT0003247,OUP0001452,Srilatha Naik,9593616818,Devarakonda,2026-01-24,Home visit,Family member reached,CHO,FAC010,E0002935,General adherence
OUT0003248,OUP0001453,Anil Dewi,9179583618,Velpula,2026-01-31,Phone call,Reached; promised follow-up,CHO,FAC009,E0002936,Medicine pickup
OUT0003249,OUP0001453,Anil Devi,9179583618,VELPULA,2026-02-02,Phone call,Family member reached,ASHA,FAC009,E0002936,Medicine pickup
OUT0003250,OUP0001453,Aneel Devi,9179583618,Velpula,2026-02-12,Home visit,Reached; counselled,ASHA,FAC009,E0002936,Test completion
OUT0003251,OUP0001454,Naresh Reddy,9652879128,Indresham,2026-03-25,Village health day reminder,Family member reached,ASHA,FAC026,E0002937,General adherence
OUT0003252,OUP0001454,Naresh Reddy,9652879228,Indresham,2026-04-16,Home visit,Family member reached,ASHA,FAC026,E0002937,Test completion
OUT0003253,OUP0001455,Shankar Mallaiah,+91-99091-74526,Devarakonda,2026-05-29,Phone call,Reached; counselled,ASHA,FAC012,E0002938,General adherence
OUT0003254,OUP0001455,Shankar Mallaiah,,Devarakonda,2026-06-02,Home visit,Wrong number,ASHA,FAC012,E0002938,General adherence
OUT0003255,OUP0001456,Sai Rao,+91-94054-01261,Polepally,2026-05-24,Village health day reminder,No answer,CHO,FAC003,E0002941,Review visit
OUT0003256,OUP0001456,Sai Rao,9405401261,Polepally,2026-05-29,Home visit,Reached; promised follow-up,CHO,FAC003,E0002941,Test completion
OUT0003257,OUP0001456,Sai Rao,9405401261,Polepally,2026-07-07,Village health day reminder,Phone switched off,CHO,FAC001,E0002942,General adherence
OUT0003258,OUP0001457,Kavitha Chary,9447091602,Vemula,2026-06-17,Village health day reminder,Reached; promised follow-up,CHO,FAC008,E0002944,Test completion
OUT0003259,OUP0001458,Harika Yadav,9969702732,KANGTI,2026-05-31,Phone call,Reached; promised follow-up,CHO,FAC019,E0002945,Medicine pickup
OUT0003260,OUP0001458,Harika Yadav,9969702732,Kangti,2026-05-27,Home visit,Reached; counselled,ASHA,FAC019,E0002945,Review visit
OUT0003261,OUP0001458,Harika Yadav,+91-99697-02732,Kangti,2026-07-07,Phone call,Reached; promised follow-up,CHO,FAC020,E0002946,Test completion
OUT0003262,OUP0001458,Harika Yadaw,9969702732,Kangti,2026-07-04,Phone call,Reached; promised follow-up,CHO,FAC020,E0002946,General adherence
OUT0003263,OUP0001459,Naresh Devi,9016666177,Nomula,2026-07-18,Phone call,Phone switched off,ASHA,FAC017,E0002949,Medicine pickup
OUT0003264,OUP0001460,Sushm Rao,9138312577,Polepally,2026-05-03,Phone call,Wrong number,ASHA,FAC001,E0002950,Review visit
OUT0003265,OUP0001461,Vinod Kumar,9664635297,Patancher,2026-02-05,Home visit,Patient unavailable,CHO,FAC027,E0002953,Medicine pickup
OUT0003266,OUP0001462,Lalitha Reddy,9489495301,Velpula,2026-07-17,Phone call,Reached; promised follow-up,ASHA,FAC008,E0002954,General adherence
OUT0003267,OUP0001463,Suresh Mallaiah,9416634272,Mangalapally,2026-02-27,Phone call,Phone switched off,CHO,FAC017,E0002956,Review visit
OUT0003268,OUP0001463,Suresh Mallaeeah,9446634272,Mangalapally,2026-03-03,Phone call,Reached; counselled,CHO,FAC017,E0002956,General adherence
OUT0003269,OUP0001464,Mahesh Jangam,9250438086,Kalher,2026-02-23,Home visit,Patient unavailable,CHO,FAC021,E0002957,Review visit
OUT0003270,OUP0001464,Mahesh Jangam,9250438086,Kalher,2026-03-18,Phone call,Reached; promised follow-up,ASHA,FAC021,E0002957,General adherence
OUT0003271,OUP0001465,Renuka Basa,9658411037,Patancheru,2026-06-24,Phone call,Reached; promised follow-up,ASHA,FAC025,E0002958,Review visit
OUT0003272,OUP0001465,Renuka Basha,9658411067,Patancheru,2026-07-16,Home visit,Family member reached,CHO,FAC025,E0002958,Medicine pickup
OUT0003273,OUP0001466,Bhavani Mudiraj,,BADEPALLY,2026-07-26,Home visit,Family member reached,CHO,FAC001,E0002959,Test completion
OUT0003274,OUP0001467,Mahesh Patel,9616866320,Midjil,2026-03-29,Phone call,Reached; promised follow-up,ASHA,FAC009,E0002961,Review visit
OUT0003275,OUP0001467,Mahesh Patel,9696866320,Midjil,2026-04-03,Phone call,Reached; promised follow-up,ASHA,FAC009,E0002961,Medicine pickup
OUT0003276,OUP0001467,Mahesh Patel,9696866320,Midjil,2026-03-28,WhatsApp/SMS,Family member reached,ASHA,FAC009,E0002961,General adherence
OUT0003277,OUP0001468,Sai Reddy,9299402677,BANGARIGADDA,2026-06-04,Village health day reminder,Reached; counselled,ASHA,FAC014,E0002962,Test completion
OUT0003278,OUP0001468,Sai Reddy,,Bangarigadda,2026-06-04,Phone call,Reached; counselled,ASHA,FAC014,E0002962,General adherence
OUT0003279,OUP0001469,Suresh Khan,9601131983,Kallepally,2026-02-04,Home visit,Reached; promised follow-up,CHO,FAC005,E0002963,Review visit
OUT0003280,OUP0001470,Suresh Rao,9861412860,Nomula,2026-03-18,Home visit,Reached; promised follow-up,CHO,FAC017,E0002964,Medicine pickup
OUT0003281,OUP0001470,Suresh Rao,9861412860,Nomula,2026-03-09,Home visit,No answer,ASHA,FAC017,E0002964,Test completion
OUT0003282,OUP0001471,Swathi Laxman,9431702012,Kohir,2026-04-04,Home visit,Reached; promised follow-up,ASHA,FAC024,E0002965,Medicine pickup
OUT0003283,OUP0001472,Shobha Shekar,,Indresham,2026-05-13,Home visit,No answer,ASHA,FAC027,E0002966,General adherence
OUT0003284,OUP0001472,Shobha Shekar,9571818486,Indresham,2026-05-16,Phone call,Reached; counselled,ASHA,FAC027,E0002966,General adherence
OUT0003285,OUP0001472,Shobha Shekar,9581818486,Indresham,2026-06-24,Home visit,Family member reached,CHO,FAC026,E0002967,Medicine pickup
OUT0003286,OUP0001472,Shobha Shekar,,Indresham,2026-06-25,Home visit,Reached; promised follow-up,CHO,FAC026,E0002967,Review visit
OUT0003287,OUP0001473,Padma Yadav,9697555923,Narayankhed,2026-06-27,Village health day reminder,Patient unavailable,ASHA,FAC019,E0002971,Medicine pickup
OUT0003288,OUP0001474,Kavitha Kumar,9610132859,Mogudampally,2026-03-20,Village health day reminder,Wrong number,CHO,FAC024,E0002973,General adherence
OUT0003289,OUP0001474,Kavitha Kumar,9610132859,Mogudampally,2026-04-03,Home visit,Wrong number,ASHA,FAC024,E0002973,Test completion
OUT0003290,OUP0001474,Kavitha Kumar,9610132859,MOGUDAMPALLY,2026-04-04,Home visit,No answer,ASHA,FAC024,E0002973,Review visit
OUT0003291,OUP0001474,Kavitha Kumar,9610132859,Mogudampally,2026-05-26,WhatsApp/SMS,No answer,CHO,FAC023,E0002974,General adherence
OUT0003292,OUP0001474,Kavitha Kumar,9610132859,Mogudampally,2026-05-16,WhatsApp/SMS,No answer,CHO,FAC023,E0002974,Review visit
OUT0003293,OUP0001474,Kavitha Kumar,9610132859,Mogudampally,2026-05-14,Home visit,Phone switched off,ASHA,FAC023,E0002974,Medicine pickup
OUT0003294,OUP0001475,Ravi Khan,9190695626,Midjil,2026-02-01,Home visit,No answer,ASHA,FAC007,E0002976,General adherence
OUT0003295,OUP0001475,Ravi Khan,9190695826,Midjil,2026-02-02,Phone call,Reached; promised follow-up,CHO,FAC007,E0002976,Medicine pickup
OUT0003296,OUP0001475,Rawi Khan,9190695626,Midjil,2026-02-07,Phone call,Family member reached,ASHA,FAC007,E0002976,Review visit
OUT0003297,OUP0001476,Venkatesh Narsimha,+91-91967-18598,Kummarikunta,2026-08-15,Home visit,No answer,ASHA,FAC014,E0002977,Medicine pickup
OUT0003298,OUP0001476,Venkatesh Narsimha,9196718598,Kummarikunta,2026-08-19,Home visit,Wrong number,ASHA,FAC014,E0002977,Test completion
OUT0003299,OUP0001477,Shankar Basha,9280995049,Nakrekal,2026-08-08,WhatsApp/SMS,Wrong number,ASHA,FAC018,E0002981,Review visit
OUT0003300,OUP0001477,Shankar Basha,9280995049,Nakrekal,2026-08-20,Home visit,Family member reached,CHO,FAC018,E0002981,Medicine pickup
OUT0003301,OUP0001478,Arun Patel,9428456344,Bhanur,2026-05-20,Phone call,Wrong number,ASHA,FAC027,E0002983,Medicine pickup
OUT0003302,OUP0001478,Arun Patel,9428456344,Bhanur,2026-05-11,Phone call,Reached; promised follow-up,CHO,FAC027,E0002983,Test completion
OUT0003303,OUP0001479,Divy Naik,9109524865,Manoor,2026-05-03,Phone call,Wrong number,ASHA,FAC019,E0002984,Review visit
OUT0003304,OUP0001479,Divya Naik,9109524865,MANOOR,2026-05-10,Village health day reminder,Family member reached,CHO,FAC019,E0002984,Test completion
OUT0003305,OUP0001480,Suresh Kumar,9010172856,Narayankhed,2026-02-14,Phone call,Wrong number,ASHA,FAC020,E0002985,Test completion
OUT0003306,OUP0001480,Suresh Kumar,9010172856,Narayankhed,2026-02-16,Home visit,Reached; counselled,CHO,FAC020,E0002985,Test completion
OUT0003307,OUP0001480,Suresh Kumr,9010172856,Narayankhed,2026-02-20,Phone call,Wrong number,CHO,FAC020,E0002985,Test completion
OUT0003308,OUP0001481,Srilatha Basha,+91-98050-48100,Chandur,2026-08-07,Village health day reminder,Patient unavailable,ASHA,FAC013,E0002989,General adherence
OUT0003309,OUP0001481,Sreelatha Basha,9805048100,Chandur,2026-08-10,Phone call,Reached; promised follow-up,ASHA,FAC013,E0002989,General adherence
OUT0003310,OUP0001482,Jyothi Rao,9452409160,Nermata,2026-06-19,Village health day reminder,Phone switched off,ASHA,FAC014,E0002992,Test completion
OUT0003311,OUP0001483,Jyothi Krisna,9093973785,Jharasangam,2026-06-21,Home visit,Reached; promised follow-up,ASHA,FAC024,E0002995,General adherence
OUT0003312,OUP0001484,Suresh Goud,9200514342,Macharam,2026-05-10,Village health day reminder,Phone switched off,CHO,FAC001,E0003002,Review visit
OUT0003313,OUP0001485,Rajesh Das,9332368684,Bhanur,2026-08-03,Phone call,Family member reached,ASHA,FAC027,E0003003,Medicine pickup
OUT0003314,OUP0001486,Anil Chary,9293880305,Peddadinne,2026-01-04,Phone call,Family member reached,CHO,FAC011,E0003004,Test completion
OUT0003315,OUP0001486,Anil Chary,+91-92938-80305,Peddadinne,2026-01-18,Phone call,Wrong number,ASHA,FAC011,E0003004,Medicine pickup
OUT0003316,OUP0001487,Santosh Patel,9685641415,Midjil,2026-08-20,Phone call,Reached; promised follow-up,CHO,FAC007,E0003008,Medicine pickup
OUT0003317,OUP0001488,Sntosh Reddy,9578065571,Macharam,2026-07-16,Village health day reminder,No answer,ASHA,FAC001,E0003009,General adherence
OUT0003318,OUP0001488,Santosh Reddy,9578065571,Macharam,2026-07-27,Home visit,Phone switched off,ASHA,FAC001,E0003009,Medicine pickup
OUT0003319,OUP0001489,Renuka Devi,9246731416,KUMMARIKUNTA,2026-03-17,Phone call,No answer,ASHA,FAC014,E0003013,General adherence
OUT0003320,OUP0001489,Renuka Devi,9246731416,Kummarikunt,2026-03-13,Home visit,Reached; counselled,CHO,FAC014,E0003013,General adherence
OUT0003321,OUP0001490,Arun Begum,9630604740,Kallepally,2026-04-22,Phone call,Family member reached,CHO,FAC006,E0003015,Medicine pickup
OUT0003322,OUP0001490,Arun Begum,9630604740,Kallepally,2026-04-10,Home visit,Reached; promised follow-up,ASHA,FAC006,E0003015,Medicine pickup
OUT0003323,OUP0001490,Arun Begum,9630604740,Kallepally,2026-05-02,Phone call,Family member reached,ASHA,FAC006,E0003015,Review visit
OUT0003324,OUP0001491,Raju Shekar,+91-97668-22953,Vemula,2026-07-08,WhatsApp/SMS,No answer,ASHA,FAC007,E0003017,Medicine pickup
OUT0003325,OUP0001492,Shobha Rao,9718967280,Gangapur,2026-05-26,Home visit,Reached; counselled,ASHA,FAC003,E0003019,Medicine pickup
OUT0003326,OUP0001492,Shobha Rao,9718967280,Gangapur,2026-05-25,Home visit,Wrong number,ASHA,FAC003,E0003019,Review visit
OUT0003327,OUP0001493,Anil Basha,,Kalher,2026-06-23,Phone call,Patient unavailable,CHO,FAC021,E0003021,Medicine pickup
OUT0003328,OUP0001494,Rani Mudiraj,9302373807,NARAYANKHED,2026-02-06,Phone call,Phone switched off,ASHA,FAC020,E0003022,Test completion
OUT0003329,OUP0001494,Rani Mudiraj,9302373807,Narayankhed,2026-02-03,Home visit,Reached; counselled,CHO,FAC020,E0003022,Medicine pickup
OUT0003330,OUP0001494,Rani Mudiraj,9302373807,NARAYANKHED,2026-05-12,Village health day reminder,Reached; counselled,ASHA,FAC021,E0003023,Medicine pickup
OUT0003331,OUP0001494,Rani Mudiraj,9302373807,Narayankhed,2026-05-06,Phone call,Reached; counselled,CHO,FAC021,E0003023,Review visit
OUT0003332,OUP0001494,Rni Mudiraj,9302373507,Narayankhed,2026-04-30,Phone call,Wrong number,ASHA,FAC021,E0003023,General adherence
OUT0003333,OUP0001495,Sai Laxman,+91-98884-98698,Mangalapally,2026-07-10,WhatsApp/SMS,Reached; promised follow-up,CHO,FAC017,E0003025,Review visit
OUT0003334,OUP0001496,Mohan Begum,9429526515,Nermata,2026-03-15,Home visit,Patient unavailable,CHO,FAC013,E0003027,Test completion
OUT0003335,OUP0001496,Mohan Begum,9429526515,Nermata,2026-05-06,Phone call,Reached; counselled,ASHA,FAC014,E0003028,Test completion
OUT0003336,OUP0001497,Raju Laxman,,Kohir,2026-03-04,Home visit,Family member reached,CHO,FAC023,E0003029,Medicine pickup
OUT0003337,OUP0001497,Raju Laxman,9622682121,Kohir,2026-03-18,Home visit,Reached; counselled,ASHA,FAC023,E0003029,General adherence
OUT0003338,OUP0001498,Lalitha Yadav,9121048714,Peddadinne,2026-07-14,Home visit,Family member reached,CHO,FAC011,E0003030,General adherence
OUT0003339,OUP0001498,Lalita Yadav,9121048714,Peddadinne,2026-08-09,Village health day reminder,Reached; promised follow-up,ASHA,FAC010,E0003031,Review visit
OUT0003340,OUP0001498,Lalitha Yadav,,Peddadinne,2026-08-08,Phone call,Reached; counselled,CHO,FAC010,E0003031,General adherence
OUT0003341,OUP0001498,Lalitha Yadav,9121048714,Peddadinne,2026-08-10,Phone call,Reached; promised follow-up,CHO,FAC010,E0003031,Review visit
OUT0003342,OUP0001499,Kiran Chary,9134636577,Midjil,2026-08-15,Home visit,Wrong number,CHO,FAC007,E0003033,Medicine pickup
OUT0003343,OUP0001499,Kiran Chary,,Midjil,2026-08-22,Home visit,Family member reached,CHO,FAC007,E0003033,General adherence
OUT0003344,OUP0001500,Naresh Devi,9161232126,Kallepally,2026-08-14,Home visit,Family member reached,CHO,FAC005,E0003034,Medicine pickup
OUT0003345,OUP0001500,Naresh Devi,9161232126,Kallepally,2026-08-19,Phone call,Wrong number,CHO,FAC005,E0003034,Test completion
OUT0003346,OUP0001500,Naresh Devi,9161232126,Kallepally,2026-08-22,Phone call,Reached; promised follow-up,ASHA,FAC005,E0003034,Medicine pickup
OUT0003347,OUP0001501,Shobha Kumar,9009032062,Patancheru,2026-05-21,Home visit,Wrong number,CHO,FAC026,E0003035,Review visit
OUT0003348,OUP0001501,Shobha Kumar,9009032062,Patancheru,2026-05-23,Home visit,Reached; promised follow-up,CHO,FAC026,E0003035,General adherence
OUT0003349,OUP0001502,Sritha Laxman,+91-94106-74138,Velpula,2026-01-28,Home visit,No answer,CHO,FAC008,E0003036,Review visit
OUT0003350,OUP0001502,Saritha Laxman,9410674138,VELPULA,2026-02-02,Village health day reminder,Reached; counselled,ASHA,FAC008,E0003036,Test completion
OUT0003351,OUP0001502,Saritha Laxman,9410674138,Velpula,2026-08-15,WhatsApp/SMS,Patient unavailable,ASHA,FAC009,E0003037,Review visit
OUT0003352,OUP0001502,Saritha Laxman,9410674138,Velpula,2026-08-12,Home visit,Phone switched off,CHO,FAC009,E0003037,Medicine pickup
OUT0003353,OUP0001502,Saritha Laxman,9410674138,Velpula,2026-08-18,WhatsApp/SMS,Phone switched off,ASHA,FAC009,E0003037,Medicine pickup
OUT0003354,OUP0001503,Kiran Devi,9862343898,KUMMARIKUNTA,2026-08-02,Village health day reminder,Reached; promised follow-up,ASHA,FAC015,E0003040,Medicine pickup
OUT0003355,OUP0001503,Kiran Devi,9862343898,KUMMARIKUNTA,2026-08-04,Village health day reminder,Reached; promised follow-up,ASHA,FAC015,E0003040,Medicine pickup
OUT0003356,OUP0001503,Kiran Devi,+91-98623-43898,Kummarikunta,2026-08-21,Home visit,Reached; counselled,ASHA,FAC015,E0003040,General adherence
OUT0003357,OUP0001504,Anitha Mallaiah,9167998071,Nermata,2026-06-02,Phone call,Patient unavailable,ASHA,FAC015,E0003041,Test completion
OUT0003358,OUP0001504,Anitha Mallaiah,9167998071,Nermata,2026-06-06,Phone call,Reached; promised follow-up,CHO,FAC015,E0003041,Medicine pickup
OUT0003359,OUP0001505,Naveen Yadav,9425423001,Midjil,2026-02-01,WhatsApp/SMS,Family member reached,ASHA,FAC009,E0003042,Test completion
OUT0003360,OUP0001506,Rni Naik,9452698553,Bhanur,2026-02-15,Phone call,Reached; promised follow-up,ASHA,FAC026,E0003045,Test completion
OUT0003361,OUP0001507,Srilatha Mallaiah,9718280960,Indresham,2026-04-07,Phone call,Wrong number,CHO,FAC027,E0003049,Review visit
OUT0003362,OUP0001508,Raghav Jangam,9265751878,Gundlapalli,2026-01-23,Home visit,Reached; counselled,CHO,FAC010,E0003050,Review visit
OUT0003363,OUP0001508,Raghav Jangam,+91-92657-51878,Gundlapally,2026-01-20,Village health day reminder,Family member reached,ASHA,FAC010,E0003050,General adherence
OUT0003364,OUP0001509,Sai Reddy,9615442926,Chandur,2026-06-21,Village health day reminder,No answer,CHO,FAC014,E0003052,Test completion
OUT0003365,OUP0001510,Divya Narsimha,9313436679,Bhanur,2026-04-07,Village health day reminder,Wrong number,ASHA,FAC027,E0003053,Medicine pickup
OUT0003366,OUP0001510,Divya Narsimha,+91-93134-36679,Bhanur,2026-04-01,Phone call,Wrong number,ASHA,FAC027,E0003053,Medicine pickup
OUT0003367,OUP0001511,Raju Devi,,Polepally,2026-04-30,Phone call,Reached; promised follow-up,CHO,FAC003,E0003055,General adherence
OUT0003368,OUP0001512,Renuka Mudiraj,,Velpula,2026-08-04,WhatsApp/SMS,Reached; promised follow-up,ASHA,FAC008,E0003059,General adherence
OUT0003369,OUP0001513,Swathi Reddy,9052927237,Polepally,2026-01-13,Home visit,Reached; promised follow-up,CHO,FAC001,E0003062,General adherence
OUT0003370,OUP0001513,Swathi Reddy,9052927237,Polepally,2026-01-11,Phone call,Reached; promised follow-up,CHO,FAC001,E0003062,Test completion
OUT0003371,OUP0001514,Srinivs Khan,9613497537,Kohir,2026-08-14,Phone call,No answer,CHO,FAC022,E0003067,Test completion
OUT0003372,OUP0001514,Srinivas Khan,9613497537,Kohir,2026-08-21,Phone call,Reached; counselled,CHO,FAC022,E0003067,Test completion
OUT0003373,OUP0001515,Venkatesh Jangam,9855183453,Indresham,2026-03-01,Phone call,Family member reached,ASHA,FAC027,E0003072,General adherence
OUT0003374,OUP0001515,Venkatesh Jangam,9855183453,Indresham,2026-03-04,Phone call,Phone switched off,CHO,FAC026,E0003073,Review visit
OUT0003375,OUP0001515,Venkatesh Jangam,9885183453,Indresham,2026-03-08,Phone call,No answer,CHO,FAC026,E0003073,Medicine pickup
OUT0003376,OUP0001515,Venkatesh Jangam,+91-98551-83453,Indresham,2026-03-19,Home visit,Wrong number,ASHA,FAC026,E0003073,General adherence
OUT0003377,OUP0001516,Vinod Goud,9645022905,Vemula,2026-02-20,Phone call,Reached; counselled,ASHA,FAC009,E0003075,Review visit
OUT0003378,OUP0001516,Vinod Goud,9645022805,Vemula,2026-02-25,Home visit,Reached; counselled,CHO,FAC009,E0003075,Review visit
OUT0003379,OUP0001517,Renuka Narseemha,9060263453,Midjil,2026-07-24,Phone call,Family member reached,ASHA,FAC007,E0003076,Test completion
OUT0003380,OUP0001518,run Khan,9162936302,Kangti,2026-04-03,Phone call,No answer,ASHA,FAC021,E0003079,Review visit
OUT0003381,OUP0001519,Kiran Rao,9861264518,Balanagar,2026-01-29,Home visit,Reached; promised follow-up,ASHA,FAC005,E0003080,General adherence
OUT0003382,OUP0001519,Kiran Rao,+91-98612-64518,Balanagar,2026-02-18,Phone call,Family member reached,CHO,FAC005,E0003080,General adherence
OUT0003383,OUP0001519,Kiran Rao,9861264518,Balanagar,2026-06-11,Phone call,Family member reached,ASHA,FAC005,E0003082,Test completion
OUT0003384,OUP0001519,Kiran Rao,9821264518,Balanagar,2026-06-07,Home visit,Family member reached,CHO,FAC005,E0003082,Medicine pickup
OUT0003385,OUP0001519,Kiran Rao,9861264518,Balanagar,2026-06-10,Village health day reminder,Reached; promised follow-up,ASHA,FAC005,E0003082,Review visit
OUT0003386,OUP0001520,Sai Mudiraj,9362317806,Mangalapally,2026-03-16,Home visit,Reached; promised follow-up,ASHA,FAC016,E0003084,Medicine pickup
OUT0003387,OUP0001520,Sai Mudiraj,9362317806,Mangalapally,2026-03-03,Home visit,Reached; counselled,ASHA,FAC016,E0003084,Test completion
OUT0003388,OUP0001520,Sai Mudiraj,9362317806,Mangalapally,2026-03-02,WhatsApp/SMS,Family member reached,ASHA,FAC016,E0003084,Test completion
OUT0003389,OUP0001521,Divya Kumar,9699819087,GUNDLAPALLY,2026-04-20,Phone call,Phone switched off,CHO,FAC010,E0003085,Test completion
OUT0003390,OUP0001521,Divya Kumar,9699819087,Gundlapally,2026-04-25,Home visit,Reached; promised follow-up,ASHA,FAC010,E0003085,Medicine pickup
OUT0003391,OUP0001522,Padma Yadav,9208703169,Manoor,2026-02-15,WhatsApp/SMS,Reached; promised follow-up,ASHA,FAC019,E0003090,Test completion
OUT0003392,OUP0001522,Padma Yadav,9208703149,Manoor,2026-02-04,Phone call,Reached; promised follow-up,CHO,FAC019,E0003090,Review visit
OUT0003393,OUP0001522,Padma Yadav,9208701169,Manoor,2026-02-07,Village health day reminder,Patient unavailable,CHO,FAC019,E0003090,General adherence
OUT0003394,OUP0001523,Mohan Laxman,9771652289,Bangarigadda,2026-02-14,WhatsApp/SMS,Wrong number,ASHA,FAC015,E0003092,General adherence
OUT0003395,OUP0001523,Mohan Laxman,+91-97716-52289,Bangarigadda,2026-02-18,WhatsApp/SMS,Reached; promised follow-up,CHO,FAC015,E0003092,Review visit
OUT0003396,OUP0001523,Mohan Laxman,,Bangarigadda,2026-03-14,Phone call,Reached; counselled,CHO,FAC015,E0003092,Review visit
OUT0003397,OUP0001524,Shankar Begum,9113822753,Bangarigadda,2026-03-19,Village health day reminder,Reached; promised follow-up,ASHA,FAC013,E0003095,Test completion
OUT0003398,OUP0001524,Shankar Begum,+91-91538-22753,Bangarigadda,2026-08-02,Phone call,Family member reached,ASHA,FAC013,E0003096,Test completion
OUT0003399,OUP0001524,Shnkar Begum,+91-91538-22753,BANGARIGADDA,2026-08-03,Village health day reminder,No answer,CHO,FAC013,E0003096,General adherence
OUT0003400,OUP0001524,Shankar Begum,9153822753,Bangarigadda,2026-08-08,WhatsApp/SMS,Family member reached,CHO,FAC013,E0003096,Review visit
OUT0003401,OUP0001525,Jyothi,9607809576,Kohir,2026-05-10,WhatsApp/SMS,Wrong number,CHO,FAC023,E0003098,Review visit
OUT0003402,OUP0001525,Jyothi Devi,9607809576,Kohir,2026-05-08,WhatsApp/SMS,Patient unavailable,ASHA,FAC023,E0003098,Test completion
OUT0003403,OUP0001526,Anjali Patel,9732711952,Kummarikunta,2026-07-18,Home visit,Patient unavailable,CHO,FAC015,E0003099,Review visit
OUT0003404,OUP0001527,Mounika Patel,9118751007,Badepalli,2026-04-22,Village health day reminder,Family member reached,CHO,FAC001,E0003100,Test completion
OUT0003405,OUP0001527,Mounika Patel,9118751007,Badepally,2026-05-08,Home visit,Reached; promised follow-up,ASHA,FAC001,E0003100,General adherence
OUT0003406,OUP0001528,Praveen Begum,9338294409,Ameenpur,2026-05-05,Phone call,Wrong number,CHO,FAC027,E0003102,General adherence
OUT0003407,OUP0001529,Kavitha Rao,9277813710,Rajapur,2026-03-14,WhatsApp/SMS,Reached; counselled,CHO,FAC006,E0003105,Test completion
OUT0003408,OUP0001529,Kavitha Rao,9277813710,RAJAPUR,2026-03-12,Phone call,Reached; promised follow-up,CHO,FAC006,E0003105,General adherence
OUT0003409,OUP0001530,Raghav Reddy,9492894546,Gundlapally,2026-07-26,Phone call,Patient unavailable,ASHA,FAC012,E0003107,Medicine pickup
OUT0003410,OUP0001530,Raghav Reddy,9492894546,GUNDLAPALLY,2026-07-19,Village health day reminder,Family member reached,CHO,FAC012,E0003107,Review visit
OUT0003411,OUP0001530,Raghav Reddy,9492894546,Gundlapally,2026-07-18,WhatsApp/SMS,No answer,CHO,FAC012,E0003107,Test completion
OUT0003412,OUP0001531,Srinivas Reddy,9139758137,Marrur,2026-08-11,Phone call,Reached; promised follow-up,ASHA,FAC017,E0003108,General adherence
OUT0003413,OUP0001531,Srinivas Reddy,9139558137,Marrur,2026-07-30,Phone call,Phone switched off,ASHA,FAC017,E0003108,Review visit
OUT0003414,OUP0001532,Shobha Patel,9048660123,Midjil,2026-05-21,Phone call,Wrong number,ASHA,FAC007,E0003110,Test completion
OUT0003415,OUP0001532,Shobha Patel,9048660123,Midjil,2026-05-27,WhatsApp/SMS,Family member reached,ASHA,FAC007,E0003110,Review visit
OUT0003416,OUP0001532,Shobha Patel,9048660123,Midjil,2026-07-08,WhatsApp/SMS,Reached; counselled,CHO,FAC007,E0003111,General adherence
OUT0003417,OUP0001532,Shobha Patel,9048660123,Midjil,2026-07-13,Home visit,Patient unavailable,ASHA,FAC007,E0003111,Medicine pickup
OUT0003418,OUP0001533,Padma Begum,9665348683,Donur,2026-08-15,Phone call,Reached; counselled,ASHA,FAC007,E0003114,Test completion
OUT0003419,OUP0001533,Padma Begum,9665348683,Donur,2026-08-15,Phone call,Phone switched off,ASHA,FAC007,E0003114,Medicine pickup
OUT0003420,OUP0001533,Padma Begum,9665348683,Donur,2026-08-23,WhatsApp/SMS,Family member reached,CHO,FAC007,E0003114,General adherence
OUT0003421,OUP0001534,Suresh Mallaiah,9338079065,Vemul,2026-06-14,Phone call,Reached; promised follow-up,CHO,FAC007,E0003115,Test completion
OUT0003422,OUP0001534,Suresh Mallaiah,,Vemula,2026-08-08,Village health day reminder,Reached; counselled,CHO,FAC007,E0003116,Test completion
OUT0003423,OUP0001534,Suresh Mallaiah,9338079065,Vemula,2026-07-31,Home visit,Reached; counselled,CHO,FAC007,E0003116,Medicine pickup
OUT0003424,OUP0001535,Kiran Goud,9004816081,Bhanur,2026-05-22,Phone call,Reached; counselled,CHO,FAC025,E0003119,General adherence
OUT0003425,OUP0001535,Kiran Goud,9004816081,BHANUR,2026-05-20,Phone call,Reached; promised follow-up,ASHA,FAC025,E0003119,Review visit
OUT0003426,OUP0001536,Deepika Khan,9974211422,Indresham,2026-02-25,Phone call,Family member reached,CHO,FAC025,E0003120,General adherence
OUT0003427,OUP0001537,Swathi Devi,9776013702,DEVARAKONDA,2026-04-09,Home visit,Patient unavailable,CHO,FAC012,E0003121,Medicine pickup
OUT0003428,OUP0001537,Swathi Devi,9776013702,Devarakonda,2026-04-14,Village health day reminder,Reached; promised follow-up,CHO,FAC012,E0003121,General adherence
OUT0003429,OUP0001537,Swathi Devi,9776013702,Devarakonda,2026-03-30,Home visit,Wrong number,CHO,FAC012,E0003121,Medicine pickup
OUT0003430,OUP0001537,Swathi Devi,9776013702,Devarakonda,2026-05-05,Home visit,Reached; counselled,ASHA,FAC012,E0003122,Test completion
OUT0003431,OUP0001537,Swathi Devi,9776013702,Devarakonda,2026-05-29,Phone call,Reached; counselled,CHO,FAC011,E0003123,Test completion
OUT0003432,OUP0001537,Swathee Devi,9776013702,Devarakonda,2026-06-11,Home visit,Reached; counselled,ASHA,FAC011,E0003123,General adherence
OUT0003433,OUP0001538,Jyothi Begum,9158829295,Midjil,2026-04-11,Home visit,Phone switched off,ASHA,FAC008,E0003128,Review visit
OUT0003434,OUP0001538,Jyothi Begum,9158829295,Midjil,2026-04-16,Home visit,Patient unavailable,CHO,FAC008,E0003128,General adherence
OUT0003435,OUP0001538,Jyothi Begum,,Midjil,2026-04-03,Village health day reminder,Family member reached,CHO,FAC008,E0003128,General adherence
OUT0003436,OUP0001538,Jyothee Begum,9158829295,Midjil,2026-05-06,WhatsApp/SMS,Family member reached,ASHA,FAC009,E0003129,Medicine pickup
OUT0003437,OUP0001538,Jyothi Begum,9158829295,Midjil,2026-05-13,WhatsApp/SMS,Reached; counselled,CHO,FAC009,E0003129,Review visit
OUT0003438,OUP0001538,Jyothi Begum,9158829295,Midji,2026-05-21,Phone call,Patient unavailable,CHO,FAC009,E0003129,Test completion
OUT0003439,OUP0001538,Jyothi Begum,9158829295,MIDJIL,2026-07-10,Home visit,Patient unavailable,ASHA,FAC009,E0003130,Test completion
OUT0003440,OUP0001538,Jyothi Begum,9158829295,Midjil,2026-07-12,Phone call,Reached; counselled,CHO,FAC009,E0003130,Review visit
OUT0003441,OUP0001538,Jyothi Begum,9158829295,Midjil,2026-07-20,Phone call,Reached; promised follow-up,ASHA,FAC009,E0003130,Medicine pickup
OUT0003442,OUP0001539,Raju Basha,9176273611,Marrur,2026-06-23,Home visit,Reached; promised follow-up,CHO,FAC016,E0003132,Test completion
OUT0003443,OUP0001539,Raju Basha,9176273611,Marrur,2026-07-13,Phone call,Family member reached,CHO,FAC016,E0003132,Review visit
OUT0003444,OUP0001539,Raju Basha,9176273611,Marrur,2026-06-29,Village health day reminder,Reached; promised follow-up,CHO,FAC016,E0003132,General adherence
OUT0003445,OUP0001539,Raju Basha,9176273611,Marrur,2026-08-05,WhatsApp/SMS,Patient unavailable,ASHA,FAC016,E0003133,General adherence
OUT0003446,OUP0001539,Raju Basha,9176273621,Marrur,2026-08-09,Home visit,No answer,CHO,FAC016,E0003133,Test completion
OUT0003447,OUP0001540,Santosh,9352513165,Jharasangam,2026-06-07,Phone call,Family member reached,CHO,FAC023,E0003134,Medicine pickup
OUT0003448,OUP0001541,Mounika Chary,9510041553,Nakrekal,2026-07-28,WhatsApp/SMS,Family member reached,ASHA,FAC017,E0003135,Review visit
OUT0003449,OUP0001541,Mounika Chary,9510041553,Nakrekal,2026-07-28,Phone call,No answer,CHO,FAC017,E0003135,General adherence
OUT0003450,OUP0001542,Mahesh Khan,+91-98253-91003,Balanagar,2026-01-21,Phone call,Wrong number,ASHA,FAC005,E0003136,Test completion
OUT0003451,OUP0001542,Mahesh Khan,9825391003,Balanagar,2026-02-06,Home visit,Family member reached,CHO,FAC005,E0003136,Test completion
OUT0003452,OUP0001543,Jyothi Krishna,9217988405,Nomula,2026-02-23,Home visit,Reached; counselled,ASHA,FAC018,E0003139,Test completion
OUT0003453,OUP0001543,Jyothi Krishna,9217988405,Nomula,2026-03-01,Phone call,Reached; promised follow-up,ASHA,FAC018,E0003139,Review visit
OUT0003454,OUP0001543,Jyothi Krishna,+91-92179-88405,Nomula,2026-03-12,Phone call,Patient unavailable,CHO,FAC018,E0003139,Review visit
OUT0003455,OUP0001544,Jyothi Ptel,9839858099,Jharasangam,2026-01-18,WhatsApp/SMS,Reached; counselled,CHO,FAC023,E0003146,Medicine pickup
OUT0003456,OUP0001545,Raju Kumar,9821237508,Zaheerabad,2026-02-04,WhatsApp/SMS,Wrong number,CHO,FAC023,E0003147,General adherence
OUT0003457,OUP0001545,Raju,,Zaheerabad,2026-01-24,Phone call,Reached; promised follow-up,CHO,FAC023,E0003147,Test completion
OUT0003458,OUP0001545,Raju Kumar,9821237508,Zaheerabad,2026-02-10,Home visit,Reached; promised follow-up,CHO,FAC023,E0003147,Test completion
OUT0003459,OUP0001546,Deepika Goud,9722754222,Gundlapally,2026-07-19,Home visit,Reached; promised follow-up,CHO,FAC011,E0003148,Test completion
OUT0003460,OUP0001546,Deepika Goud,9722754222,Gundlapally,2026-07-11,Home visit,Reached; counselled,ASHA,FAC011,E0003148,Medicine pickup
OUT0003461,OUP0001547,Srinivas Mudiraj,9416757385,Gangapur,2026-08-23,Phone call,No answer,ASHA,FAC002,E0003150,General adherence
OUT0003462,OUP0001548,Raghav Kumar,9083540887,Jharasangam,2026-08-10,Home visit,Reached; counselled,CHO,FAC024,E0003151,Medicine pickup
OUT0003463,OUP0001549,Anjali Reddy,9037699536,RAJAPUR,2026-05-06,WhatsApp/SMS,No answer,CHO,FAC004,E0003152,Medicine pickup
OUT0003464,OUP0001549,Anjali Reddy,9037699536,Rajapur,2026-05-10,Phone call,Reached; promised follow-up,CHO,FAC004,E0003152,Medicine pickup
OUT0003465,OUP0001549,Anjali Reddy,9037699536,Rajapur,2026-06-02,Village health day reminder,Phone switched off,ASHA,FAC004,E0003153,Medicine pickup
OUT0003466,OUP0001549,Anjali Reddy,9037699536,Rajapu,2026-06-07,Phone call,Reached; promised follow-up,ASHA,FAC004,E0003153,Test completion
OUT0003467,OUP0001550,Jyothi Goud,9830200484,Midji,2026-08-06,Phone call,Reached; counselled,CHO,FAC009,E0003154,Medicine pickup
OUT0003468,OUP0001550,Jyothi Goud,9830200484,Midjil,2026-08-11,Village health day reminder,Wrong number,CHO,FAC009,E0003154,Test completion
OUT0003469,OUP0001550,Jyothi Goud,,Midjil,2026-08-14,Village health day reminder,Reached; counselled,ASHA,FAC009,E0003154,Medicine pickup
OUT0003470,OUP0001551,Rani Patel,9701866858,Indresha,2026-03-28,Village health day reminder,No answer,CHO,FAC025,E0003156,Test completion
OUT0003471,OUP0001551,Rani Patel,9701866858,Indresham,2026-04-17,Home visit,Reached; promised follow-up,ASHA,FAC025,E0003156,Medicine pickup
OUT0003472,OUP0001551,Rani Patel,+91-97018-66858,Indresham,2026-04-14,Home visit,Wrong number,CHO,FAC025,E0003156,General adherence
OUT0003473,OUP0001552,Santosh Mudiraj,+91-90686-30998,Narayankhed,2026-02-06,Home visit,Family member reached,ASHA,FAC020,E0003159,General adherence
OUT0003474,OUP0001552,Santosh Mudiraj,9068630998,Narayankhed,2026-02-04,Home visit,Reached; counselled,CHO,FAC020,E0003159,Medicine pickup
OUT0003475,OUP0001552,Santosh Mudiraj,9068630998,Narayankhed,2026-02-03,Phone call,Family member reached,CHO,FAC020,E0003159,General adherence
OUT0003476,OUP0001553,Raju Patel,9536379033,Nermata,2026-06-26,Phone call,Patient unavailable,ASHA,FAC014,E0003160,Review visit
OUT0003477,OUP0001553,Raju Patel,9596379033,Nermata,2026-07-10,WhatsApp/SMS,Reached; counselled,ASHA,FAC014,E0003160,General adherence
OUT0003478,OUP0001554,Sai Patel,9083306657,Polepally,2026-04-01,Home visit,Phone switched off,CHO,FAC001,E0003162,Medicine pickup
OUT0003479,OUP0001554,Sai Patel,9083306657,Polepally,2026-04-20,Phone call,Reached; counselled,CHO,FAC001,E0003162,Review visit
OUT0003480,OUP0001554,Sai Patel,9083356657,Polepally,2026-04-07,Home visit,Patient unavailable,CHO,FAC001,E0003162,General adherence
OUT0003481,OUP0001555,Lalitha Devi,9599579276,Bodajanampet,2026-03-19,Village health day reminder,Reached; counselled,ASHA,FAC005,E0003163,Review visit
OUT0003482,OUP0001556,Mohan Laxman,9715963258,JHARASANGAM,2026-03-21,Home visit,Phone switched off,CHO,FAC024,E0003164,Review visit
OUT0003483,OUP0001556,Mohn Laxman,9715963258,Jharasangam,2026-04-13,Phone call,Reached; promised follow-up,ASHA,FAC024,E0003164,General adherence
OUT0003484,OUP0001557,Anil Khan,9264650912,Polepally,2026-08-15,Home visit,Reached; counselled,CHO,FAC003,E0003165,Test completion
OUT0003485,OUP0001557,Anil Khan,9264650912,Polepally,2026-08-18,Home visit,Reached; promised follow-up,CHO,FAC003,E0003165,General adherence
OUT0003486,OUP0001558,Srilatha Goud,9956598789,Patancheru,2026-01-15,Phone call,Family member reached,ASHA,FAC027,E0003166,General adherence
OUT0003487,OUP0001558,Srilatha Goud,9956598789,Patancheru,2026-01-22,Village health day reminder,No answer,CHO,FAC027,E0003166,Test completion
OUT0003488,OUP0001559,Srilatha Das,9754545697,Macharam,2026-05-03,Village health day reminder,Wrong number,ASHA,FAC002,E0003170,Medicine pickup
OUT0003489,OUP0001560,Vinod Devi,9867292044,Bodajanampet,2026-04-30,Home visit,Reached; promised follow-up,ASHA,FAC004,E0003171,Test completion
OUT0003490,OUP0001561,Rajesh Shekar,9712687236,Polepally,2026-07-08,Home visit,Patient unavailable,CHO,FAC003,E0003172,Review visit
OUT0003491,OUP0001561,Rajesh Shekar,9712687236,Polepally,2026-06-30,Home visit,Phone switched off,ASHA,FAC003,E0003172,Medicine pickup
OUT0003492,OUP0001562,Naveen Basha,9154901907,Peddadinne,2026-05-22,Home visit,Reached; counselled,ASHA,FAC012,E0003173,Medicine pickup
OUT0003493,OUP0001562,Naveen Basha,9154901907,Peddadinne,2026-05-27,Phone call,Reached; promised follow-up,ASHA,FAC012,E0003173,Medicine pickup
OUT0003494,OUP0001563,Anitha Mudiraj,9401440382,Nakrekal,2026-06-10,Village health day reminder,Reached; counselled,CHO,FAC016,E0003175,General adherence
OUT0003495,OUP0001563,Anitha Mudiraj,9401440382,Nakrekal,2026-06-17,Phone call,Reached; counselled,CHO,FAC016,E0003175,Test completion
OUT0003496,OUP0001563,Anitha Mudiraj,9401440382,Nakrekal,2026-06-20,Phone call,Family member reached,ASHA,FAC016,E0003175,Test completion
OUT0003497,OUP0001564,Deepika Mallaiah,9387965278,Manoor,2026-08-12,Home visit,Family member reached,ASHA,FAC019,E0003176,Test completion
OUT0003498,OUP0001565,Bhvani Das,9047582819,Mogudampally,2026-06-15,Phone call,No answer,ASHA,FAC022,E0003177,Test completion
OUT0003499,OUP0001565,Bhavani Das,9047582819,Mogudampally,2026-06-20,Home visit,Wrong number,CHO,FAC022,E0003177,Review visit
OUT0003500,OUP0001566,Saritha Jangam,9228778998,Kangti,2026-05-18,Village health day reminder,Reached; counselled,CHO,FAC021,E0003178,Review visit
OUT0003501,OUP0001566,Saritha Jangam,9228778998,Kangti,2026-05-22,Home visit,No answer,ASHA,FAC021,E0003178,Review visit
OUT0003502,OUP0001566,Saritha Jangam,9228778998,Kangti,2026-08-12,Phone call,Family member reached,CHO,FAC021,E0003179,General adherence
OUT0003503,OUP0001566,Saritha Jangam,9228778998,Kangti,2026-08-22,Phone call,No answer,CHO,FAC021,E0003179,Medicine pickup
OUT0003504,OUP0001567,Lalitha Laxman,9325113075,Midjil,2026-06-21,Phone call,Reached; promised follow-up,ASHA,FAC007,E0003181,Medicine pickup
OUT0003505,OUP0001567,Lalitha Laxman,9625113075,Midji,2026-06-22,Village health day reminder,Patient unavailable,ASHA,FAC007,E0003181,Medicine pickup
OUT0003506,OUP0001568,Sures Chary,9230586394,Midjil,2026-02-12,Phone call,Reached; promised follow-up,CHO,FAC008,E0003183,General adherence
OUT0003507,OUP0001568,Suresh Chary,9230586394,Midjil,2026-02-14,Phone call,Patient unavailable,CHO,FAC008,E0003183,Medicine pickup
OUT0003508,OUP0001569,Mahesh Krishna,9569131546,Kondamallepalli,2026-07-16,Phone call,Reached; promised follow-up,ASHA,FAC010,E0003185,Test completion
OUT0003509,OUP0001569,Mahesh Krishna,9569131546,Kondamallepally,2026-07-19,Home visit,Reached; promised follow-up,CHO,FAC010,E0003185,General adherence
OUT0003510,OUP0001569,Mahesh Krishna,9569131546,Kondamallepally,2026-08-10,Phone call,Wrong number,CHO,FAC011,E0003186,General adherence
OUT0003511,OUP0001569,Mahesh Krishna,9569131546,Kondamallepally,2026-08-19,Home visit,Family member reached,CHO,FAC011,E0003186,Test completion
OUT0003512,OUP0001570,Arun Jangam,9383753802,Vemula,2026-08-22,Phone call,Family member reached,ASHA,FAC008,E0003187,Test completion
OUT0003513,OUP0001571,Shobha Yadav,9826281138,Indresham,2026-07-23,Phone call,Reached; counselled,ASHA,FAC027,E0003189,Medicine pickup
OUT0003514,OUP0001571,Shobha Yadaw,9826281138,Indresham,2026-07-29,Home visit,Family member reached,CHO,FAC027,E0003189,General adherence
OUT0003515,OUP0001571,Shobha Yadav,9826281138,Indresham,2026-08-22,Phone call,Reached; promised follow-up,CHO,FAC026,E0003190,Test completion
OUT0003516,OUP0001572,Swathi Mallaiah,9635149354,PEDDADINNE,2026-08-11,Home visit,Reached; counselled,CHO,FAC010,E0003192,General adherence
OUT0003517,OUP0001573,Jyothi Khan,,Devarakonda,2026-06-29,Phone call,Family member reached,CHO,FAC011,E0003196,Review visit
OUT0003518,OUP0001573,Jyothi Khan,9931492735,Devarakonda,2026-07-05,Home visit,Patient unavailable,ASHA,FAC011,E0003196,General adherence
OUT0003519,OUP0001573,Jyothi Khan,9931492735,DEVARAKONDA,2026-08-08,WhatsApp/SMS,Reached; promised follow-up,ASHA,FAC011,E0003197,Review visit
OUT0003520,OUP0001573,Jyothi Khan,9931492735,Devarakond,2026-08-05,Home visit,Patient unavailable,CHO,FAC011,E0003197,General adherence
OUT0003521,OUP0001574,Swathi Basha,9663008523,Ameenpur,2026-02-13,Phone call,Wrong number,CHO,FAC027,E0003199,General adherence
OUT0003522,OUP0001574,Swathi Basha,9663008523,Ameenpur,2026-02-25,Phone call,Reached; counselled,CHO,FAC027,E0003199,Review visit
OUT0003523,OUP0001574,Swathi Basha,9663000523,Ameenpur,2026-03-04,Phone call,Family member reached,ASHA,FAC027,E0003199,Test completion
OUT0003524,OUP0001575,Sushma Laxman,9959559435,Bhanur,2026-06-25,Phone call,Reached; promised follow-up,ASHA,FAC025,E0003202,Medicine pickup
OUT0003525,OUP0001575,Sushma Laxman,9959559435,Bhanur,2026-06-11,Home visit,No answer,ASHA,FAC025,E0003202,Review visit
OUT0003526,OUP0001575,Sushma Laxman,9959559435,Bhanur,2026-07-03,Home visit,Reached; counselled,ASHA,FAC025,E0003202,Medicine pickup
OUT0003527,OUP0001576,Venkatesh Krishna,9724723008,MOGUDAMPALLY,2026-06-23,Phone call,Patient unavailable,CHO,FAC023,E0003203,Review visit
OUT0003528,OUP0001576,Venkatesh,9724723008,Mogudampally,2026-07-02,Phone call,Family member reached,CHO,FAC023,E0003203,Medicine pickup
OUT0003529,OUP0001576,wenkatesh Krishna,9724723008,Mogudampally,2026-07-01,Village health day reminder,Wrong number,ASHA,FAC023,E0003203,General adherence
OUT0003530,OUP0001577,Raghav Rao,9280415520,Ameenpur,2026-05-28,Phone call,Family member reached,ASHA,FAC027,E0003204,Review visit
OUT0003531,OUP0001577,Raghav Rao,9280435520,Ameenpu,2026-05-30,Home visit,Family member reached,ASHA,FAC027,E0003204,General adherence
OUT0003532,OUP0001578,Saritha Patel,9684578431,Nomula,2026-04-21,Home visit,Reached; counselled,ASHA,FAC018,E0003206,General adherence
OUT0003533,OUP0001578,Saritha Patel,9684578431,NOMULA,2026-04-14,Phone call,Reached; promised follow-up,CHO,FAC018,E0003206,Medicine pickup
OUT0003534,OUP0001578,Saritha Patel,9684578431,Nomula,2026-05-04,Home visit,Phone switched off,CHO,FAC018,E0003206,Medicine pickup
OUT0003535,OUP0001579,Srinivas Devi,,Badepally,2026-05-11,Village health day reminder,Reached; promised follow-up,CHO,FAC002,E0003207,Review visit
OUT0003536,OUP0001579,Srinivas Devi,,Badepally,2026-06-12,Home visit,Family member reached,ASHA,FAC002,E0003208,Medicine pickup
OUT0003537,OUP0001579,Srinivas Devi,9776983278,Badepally,2026-06-05,Phone call,Reached; counselled,ASHA,FAC002,E0003208,General adherence
OUT0003538,OUP0001579,Srinivas Devi,9776983278,Badepally,2026-06-12,Phone call,Reached; counselled,ASHA,FAC002,E0003208,Review visit
OUT0003539,OUP0001580,Swathi Krishna,9123442301,Patancheru,2026-05-19,Phone call,Family member reached,ASHA,FAC025,E0003209,Test completion
OUT0003540,OUP0001580,Swathi Krishna,9123412301,Patancheru,2026-05-21,Phone call,Wrong number,ASHA,FAC025,E0003209,Review visit
OUT0003541,OUP0001580,Swathi Krishna,9123412301,Patancheru,2026-05-14,Home visit,No answer,ASHA,FAC025,E0003209,Medicine pickup
OUT0003542,OUP0001581,Sushma Begum,9999845975,Velpula,2026-07-31,Phone call,Reached; promised follow-up,ASHA,FAC007,E0003214,General adherence
OUT0003543,OUP0001581,Sushma Begum,9999845975,Velpula,2026-08-14,Phone call,Wrong number,ASHA,FAC007,E0003214,General adherence
OUT0003544,OUP0001581,Sushma Begum,9999845975,Velpula,2026-08-04,WhatsApp/SMS,Wrong number,ASHA,FAC007,E0003214,General adherence
OUT0003545,OUP0001582,Renuka Shekar,9226965521,Kalher,2026-05-29,WhatsApp/SMS,Family member reached,CHO,FAC020,E0003216,Medicine pickup
OUT0003546,OUP0001583,Anjali Das,9393337308,Kondamallepall,2026-07-18,Home visit,Patient unavailable,ASHA,FAC010,E0003218,Test completion
OUT0003547,OUP0001583,Anjali Das,9393337308,Kondamallepally,2026-07-06,Village health day reminder,Family member reached,ASHA,FAC010,E0003218,Test completion
OUT0003548,OUP0001583,Anjali Das,9393337308,Kondamallepally,2026-07-17,Phone call,Family member reached,CHO,FAC010,E0003218,Test completion
OUT0003549,OUP0001584,Suresh Patel,9418105143,Marrur,2026-07-14,Phone call,Reached; counselled,CHO,FAC016,E0003219,General adherence
OUT0003550,OUP0001584,Suresh Patel,+91-94181-05143,MARRUR,2026-07-17,Phone call,Family member reached,ASHA,FAC016,E0003219,Review visit
OUT0003551,OUP0001584,Suresh Patel,+91-94181-05143,Marrur,2026-07-31,Phone call,Phone switched off,CHO,FAC018,E0003220,General adherence
OUT0003552,OUP0001584,Suresh Patel,,Marrur,2026-07-28,Phone call,Reached; counselled,CHO,FAC018,E0003220,Review visit
OUT0003553,OUP0001585,Nirmala Goud,9159857486,POLEPALLY,2026-03-04,Home visit,Reached; counselled,ASHA,FAC003,E0003221,Review visit
OUT0003554,OUP0001585,Nirmala Goud,9159857486,Polepally,2026-02-28,Home visit,Family member reached,CHO,FAC003,E0003221,Medicine pickup
OUT0003555,OUP0001585,Nirmala Goud,9159857486,Polepally,2026-02-27,Phone call,Reached; counselled,ASHA,FAC003,E0003221,Medicine pickup
OUT0003556,OUP0001585,Nirmala Goud,9159857486,Polepally,2026-08-01,Phone call,Family member reached,ASHA,FAC002,E0003222,Test completion
OUT0003557,OUP0001585,Nirmala Goud,9159857486,Polepally,2026-08-17,Phone call,Reached; counselled,ASHA,FAC002,E0003222,Test completion
OUT0003558,OUP0001586,Jyothi Yadav,9167484325,Kondamallepally,2026-08-09,Home visit,Reached; counselled,CHO,FAC011,E0003226,General adherence
OUT0003559,OUP0001586,Jyothi Yadav,+91-91674-84325,Kondamallepally,2026-08-10,Phone call,Reached; counselled,ASHA,FAC011,E0003226,Medicine pickup
OUT0003560,OUP0001586,Jyothi Yadav,9167484325,Kondamallepally,2026-08-29,Home visit,Family member reached,CHO,FAC011,E0003226,Medicine pickup
OUT0003561,OUP0001587,Venkatesh Begum,9503312418,Marrur,2026-07-31,Home visit,Reached; promised follow-up,CHO,FAC018,E0003229,Review visit
OUT0003562,OUP0001587,Venkatesh Begum,9503312418,Marrur,2026-08-23,Home visit,Reached; counselled,CHO,FAC018,E0003229,Review visit
OUT0003563,OUP0001588,Renuka Begum,9133688452,Narayankhed,2026-03-30,Home visit,Phone switched off,ASHA,FAC021,E0003234,Medicine pickup
OUT0003564,OUP0001589,Jyothi Kumar,+91-96265-89875,Rajapur,2026-05-21,Phone call,Phone switched off,ASHA,FAC004,E0003240,Review visit
OUT0003565,OUP0001590,Rajesh Basha,9324908737,Chandur,2026-03-03,Home visit,Reached; counselled,ASHA,FAC014,E0003242,Test completion
OUT0003566,OUP0001591,Anitha Devi,9321609002,Mogudampall,2026-07-26,Home visit,Family member reached,CHO,FAC022,E0003243,Test completion
OUT0003567,OUP0001591,Anitha Devi,9321609002,Mogudampally,2026-08-04,Home visit,Reached; counselled,ASHA,FAC022,E0003243,Review visit
OUT0003568,OUP0001592,Praween Mudiraj,9973654965,Patancheru,2026-03-02,Phone call,Reached; promised follow-up,ASHA,FAC026,E0003244,Test completion
OUT0003569,OUP0001593,Divya Begum,+91-94480-04246,Zaheerabad,2026-08-06,Phone call,Family member reached,ASHA,FAC024,E0003248,General adherence
OUT0003570,OUP0001593,Deevya Begum,9448004246,Zaheerabad,2026-08-01,Home visit,No answer,CHO,FAC024,E0003248,Medicine pickup
OUT0003571,OUP0001594,Mohan Shekar,9151439610,Badepally,2026-06-13,Phone call,Reached; counselled,ASHA,FAC003,E0003249,Medicine pickup
OUT0003572,OUP0001594,Mohan Shekar,9151439610,Badepally,2026-06-25,WhatsApp/SMS,Phone switched off,ASHA,FAC003,E0003249,Medicine pickup
OUT0003573,OUP0001594,Mohan Shekar,9151439610,BADEPALLY,2026-06-13,Phone call,Wrong number,ASHA,FAC003,E0003249,Review visit
OUT0003574,OUP0001595,Deepik Jangam,9414359716,Kummarikunta,2026-05-25,Home visit,Family member reached,CHO,FAC013,E0003251,Test completion
OUT0003575,OUP0001596,Rani Reddy,9022374548,Bhanur,2026-02-20,Home visit,No answer,CHO,FAC026,E0003254,Review visit
OUT0003576,OUP0001596,Rani Reddy,9022374548,Bhanur,2026-02-25,Phone call,Reached; promised follow-up,ASHA,FAC026,E0003254,Review visit
OUT0003577,OUP0001596,Rani Reddy,9022374548,Bhanur,2026-03-20,Phone call,Reached; promised follow-up,ASHA,FAC026,E0003254,General adherence
OUT0003578,OUP0001597,Mahesh Jangam,9598898528,Balanagar,2026-02-09,Phone call,Phone switched off,CHO,FAC005,E0003255,Test completion
OUT0003579,OUP0001597,Mahesh Jangam,9598898528,Balanagar,2026-02-22,Home visit,Patient unavailable,ASHA,FAC005,E0003255,General adherence
OUT0003580,OUP0001598,Shobha Yadav,9517657662,Narayankhed,2026-06-06,Phone call,Family member reached,CHO,FAC019,E0003258,Review visit
OUT0003581,OUP0001598,Shobh Yadav,+91-95176-57662,NARAYANKHED,2026-06-26,Phone call,Reached; promised follow-up,CHO,FAC019,E0003258,General adherence
OUT0003582,OUP0001598,Shobha Yadav,+91-95176-57662,Narayankhed,2026-06-21,Phone call,Reached; counselled,CHO,FAC019,E0003258,General adherence
OUT0003583,OUP0001599,Santosh Krishna,9361223797,Kummarikunta,2026-03-24,Phone call,Patient unavailable,ASHA,FAC013,E0003259,General adherence
OUT0003584,OUP0001599,Santosh Krishna,9361223797,Kummarikunt,2026-04-02,WhatsApp/SMS,Patient unavailable,ASHA,FAC013,E0003259,General adherence
OUT0003585,OUP0001600,Bhavani Das,+91-91467-69545,Nakrekal,2026-03-08,Home visit,Wrong number,ASHA,FAC016,E0003261,General adherence
OUT0003586,OUP0001600,Bhavani Das,9146769545,Nakrekal,2026-03-04,Home visit,Patient unavailable,ASHA,FAC016,E0003261,Test completion
OUT0003587,OUP0001600,Bhavani Das,9146769545,Nakrekal,2026-03-12,Phone call,Reached; promised follow-up,ASHA,FAC016,E0003261,Medicine pickup
OUT0003588,OUP0001600,Bhvani Das,9146769545,Nakrekal,2026-05-03,Home visit,Reached; promised follow-up,ASHA,FAC016,E0003262,General adherence
OUT0003589,OUP0001601,Ravi Laxman,9186451230,Nakrekal,2026-05-29,Home visit,Reached; counselled,ASHA,FAC016,E0003263,General adherence
OUT0003590,OUP0001602,Vinod Begum,9800950976,Zaheerabad,2026-07-01,Phone call,Reached; promised follow-up,ASHA,FAC024,E0003265,Test completion
OUT0003591,OUP0001602,Vinod,9800950976,ZAHEERABAD,2026-07-08,WhatsApp/SMS,Family member reached,ASHA,FAC024,E0003265,Review visit
OUT0003592,OUP0001602,Vinod Begum,9803950976,Zaheerabad,2026-07-09,Phone call,Reached; promised follow-up,ASHA,FAC024,E0003265,Medicine pickup
OUT0003593,OUP0001603,Mahesh Yadav,9323268754,Devarakonda,2026-02-26,Phone call,Reached; counselled,CHO,FAC010,E0003266,General adherence
OUT0003594,OUP0001603,Mhesh Yadav,9323268754,Devarakonda,2026-03-05,Village health day reminder,Family member reached,ASHA,FAC010,E0003266,Medicine pickup
OUT0003595,OUP0001604,Mahesh Krishna,9828079825,Zaheerabad,2026-07-06,Phone call,Phone switched off,ASHA,FAC022,E0003267,General adherence
OUT0003596,OUP0001605,Shobha Laxman,9665990074,Devarakonda,2026-02-16,Home visit,Reached; counselled,ASHA,FAC010,E0003268,Test completion
OUT0003597,OUP0001606,Rani Basha,9350479857,Indresha,2026-01-25,Phone call,Reached; promised follow-up,CHO,FAC025,E0003269,Review visit
OUT0003598,OUP0001606,Rani Basha,9350479857,INDRESHAM,2026-02-13,Phone call,Reached; promised follow-up,CHO,FAC025,E0003269,Test completion
OUT0003599,OUP0001606,Rani Basha,9150479857,Indresham,2026-02-16,Home visit,Patient unavailable,CHO,FAC025,E0003269,General adherence
OUT0003600,OUP0001607,Mahesh Mudiraj,9649856641,Bhanur,2026-05-11,Phone call,Family member reached,ASHA,FAC025,E0003271,Medicine pickup
OUT0003601,OUP0001607,Mahesh Mudiraj,9649856641,Bhanur,2026-06-04,Village health day reminder,Wrong number,CHO,FAC026,E0003273,General adherence
OUT0003602,OUP0001607,Mahesh Mudiraj,9649850641,Bhanur,2026-06-16,Phone call,No answer,ASHA,FAC026,E0003273,Review visit
OUT0003603,OUP0001607,Mahesh Mudiraj,,Bhanur,2026-06-12,Phone call,Family member reached,ASHA,FAC026,E0003273,Review visit
OUT0003604,OUP0001608,Srinivas Yadav,+91-97688-02683,Badepally,2026-06-06,Home visit,Family member reached,CHO,FAC001,E0003275,Medicine pickup
OUT0003605,OUP0001609,Rajesh Chary,9429710331,Mogudampally,2026-04-03,Village health day reminder,Family member reached,CHO,FAC023,E0003277,Medicine pickup
OUT0003606,OUP0001610,Anitha Rao,9854966424,Donur,2026-06-25,WhatsApp/SMS,Reached; promised follow-up,CHO,FAC007,E0003278,Review visit
OUT0003607,OUP0001610,Anitha Rao,9854966424,Donur,2026-06-29,WhatsApp/SMS,Family member reached,ASHA,FAC007,E0003278,General adherence
OUT0003608,OUP0001611,Praveen Khan,9608828433,Mangalapally,2026-01-14,Phone call,Patient unavailable,CHO,FAC017,E0003280,Test completion
OUT0003609,OUP0001611,Pravin Khan,9608828433,Mangalapally,2026-01-13,Phone call,Family member reached,ASHA,FAC017,E0003280,Medicine pickup
OUT0003610,OUP0001611,Praveen Khan,9608828433,Mangalapally,2026-01-22,Phone call,Reached; promised follow-up,ASHA,FAC017,E0003280,Medicine pickup
OUT0003611,OUP0001612,Nresh Yadav,9912696854,Jharasangam,2026-08-08,Home visit,Reached; counselled,ASHA,FAC022,E0003281,Medicine pickup
OUT0003612,OUP0001612,Naresh Yadav,9912696854,Jharasangam,2026-08-04,Phone call,Family member reached,ASHA,FAC022,E0003281,Review visit
OUT0003613,OUP0001613,Ramesh Patel,9441254088,Velpula,2026-01-15,Phone call,Reached; counselled,ASHA,FAC007,E0003283,General adherence
OUT0003614,OUP0001614,Srilatha,9735010609,Narayankhed,2026-06-16,Phone call,Reached; counselled,CHO,FAC020,E0003284,Test completion
OUT0003615,OUP0001614,Srilatha Khan,9935010609,Narayankhed,2026-06-21,Phone call,Reached; promised follow-up,ASHA,FAC020,E0003284,Medicine pickup
OUT0003616,OUP0001614,Srilatha Khan,9935010609,Narayankhed,2026-07-29,Phone call,No answer,ASHA,FAC021,E0003285,Review visit
OUT0003617,OUP0001615,Raju Shekar,9437799957,Mangalapally,2026-02-11,Home visit,Reached; promised follow-up,CHO,FAC016,E0003286,Test completion
OUT0003618,OUP0001615,Raju Shekar,9437799957,Mangalapally,2026-07-11,Phone call,Patient unavailable,CHO,FAC018,E0003287,General adherence
OUT0003619,OUP0001616,Venkatesh Mallaiah,9854763615,Vemula,2026-04-08,Phone call,Family member reached,ASHA,FAC008,E0003288,Medicine pickup
OUT0003620,OUP0001616,Venkatesh Mallaiah,9854763615,Vemula,2026-04-12,Phone call,Phone switched off,ASHA,FAC008,E0003288,Medicine pickup
OUT0003621,OUP0001617,Shankar Narsimha,9292410609,Patancheru,2026-04-14,WhatsApp/SMS,Patient unavailable,ASHA,FAC026,E0003289,General adherence
OUT0003622,OUP0001617,Shankar Narsimha,9292410609,Patancheru,2026-04-11,Home visit,Family member reached,CHO,FAC026,E0003289,Test completion
OUT0003623,OUP0001617,Shankar Narsimha,9292410609,Patancheru,2026-05-01,Phone call,Reached; promised follow-up,CHO,FAC026,E0003290,Review visit
OUT0003624,OUP0001617,Shankar Narsimha,9292410209,Patancheru,2026-05-16,Village health day reminder,Reached; promised follow-up,ASHA,FAC026,E0003290,Medicine pickup
OUT0003625,OUP0001618,Rajesh Devi,9966919168,Bodajanampet,2026-04-17,WhatsApp/SMS,Wrong number,ASHA,FAC005,E0003291,Review visit
OUT0003626,OUP0001618,Rajesh Devi,9966919168,Bodajanampet,2026-04-26,Phone call,Reached; counselled,ASHA,FAC005,E0003291,General adherence
OUT0003627,OUP0001618,Rajesh Devi,9966919168,Bodajanampet,2026-05-04,Village health day reminder,Patient unavailable,CHO,FAC005,E0003291,Review visit
OUT0003628,OUP0001619,Anjali,9084469773,Mogudampally,2026-05-31,Village health day reminder,No answer,CHO,FAC022,E0003292,Review visit
OUT0003629,OUP0001619,Anjali Begum,9084469773,Mogudampally,2026-07-04,Phone call,Reached; counselled,CHO,FAC022,E0003293,General adherence
OUT0003630,OUP0001619,Anjali Begum,9084469773,Mogudampally,2026-07-05,WhatsApp/SMS,Phone switched off,ASHA,FAC022,E0003293,Review visit
OUT0003631,OUP0001620,Santosh Goud,9014782384,Midjil,2026-07-25,WhatsApp/SMS,Reached; counselled,CHO,FAC008,E0003295,Test completion
OUT0003632,OUP0001620,Santosh Goud,9014782784,Midjil,2026-07-25,Home visit,Family member reached,ASHA,FAC008,E0003295,Medicine pickup
OUT0003633,OUP0001620,Santosh Goud,9014782384,Midjil,2026-07-27,Phone call,Family member reached,ASHA,FAC008,E0003295,Test completion
OUT0003634,OUP0001621,Anjali Chary,9436288422,INDRESHAM,2026-06-06,Phone call,Reached; promised follow-up,ASHA,FAC027,E0003296,Medicine pickup
OUT0003635,OUP0001621,Anjali Chary,9436288422,Indresha,2026-06-30,Phone call,Family member reached,CHO,FAC025,E0003297,Test completion
OUT0003636,OUP0001621,Anjali Chary,9536288422,Indresham,2026-06-23,Phone call,Reached; promised follow-up,ASHA,FAC025,E0003297,General adherence
OUT0003637,OUP0001621,Anjali Chary,9436288422,Indresham,2026-06-27,Home visit,Family member reached,ASHA,FAC025,E0003297,Test completion
OUT0003638,OUP0001622,Anitha Begum,9625204727,Balanagar,2026-05-08,Phone call,Reached; promised follow-up,ASHA,FAC006,E0003302,General adherence
OUT0003639,OUP0001622,Anitha Begum,9625204727,Balanagar,2026-05-13,Phone call,Reached; counselled,CHO,FAC006,E0003302,General adherence
OUT0003640,OUP0001623,Anjali Basha,9368455465,Midjil,2026-03-27,Village health day reminder,Family member reached,ASHA,FAC007,E0003303,Medicine pickup
OUT0003641,OUP0001624,Swathi Rao,,Macharam,2026-08-16,Home visit,Reached; promised follow-up,CHO,FAC001,E0003304,Review visit
OUT0003642,OUP0001624,Swathi Rao,9949246542,Macharam,2026-08-23,Home visit,Reached; counselled,ASHA,FAC001,E0003304,General adherence
OUT0003643,OUP0001624,Swathi Rao,9949246542,Macharam,2026-08-22,Home visit,Family member reached,ASHA,FAC001,E0003304,General adherence
OUT0003644,OUP0001625,Mounika Mudiraj,+91-95541-12600,Bangarigadda,2026-06-28,Phone call,Phone switched off,ASHA,FAC013,E0003306,General adherence
OUT0003645,OUP0001626,Venkatesh Mallaiah,+91-91238-91852,JHARASANGAM,2026-08-04,Phone call,Family member reached,ASHA,FAC022,E0003309,Review visit
OUT0003646,OUP0001626,Venkatesh Mallaeeah,9123891852,Jharasangam,2026-08-06,Phone call,Family member reached,ASHA,FAC022,E0003309,Medicine pickup
OUT0003647,OUP0001626,Venkatesh Mallaiah,9123891852,Jharasangam,2026-08-26,Phone call,Family member reached,ASHA,FAC022,E0003309,Test completion
OUT0003648,OUP0001627,Ravi Khan,9251592754,Mogudampally,2026-05-03,Phone call,Phone switched off,ASHA,FAC023,E0003310,Test completion
OUT0003649,OUP0001627,Ravi Khan,9251582754,Mogudampally,2026-04-27,Phone call,Reached; promised follow-up,CHO,FAC023,E0003310,Review visit
OUT0003650,OUP0001627,Ravi Khan,,Mogudampally,2026-04-19,Phone call,Reached; promised follow-up,CHO,FAC023,E0003310,General adherence
OUT0003651,OUP0001628,Vinod Shekar,9847099561,Bhanu,2026-04-30,Home visit,Reached; promised follow-up,CHO,FAC025,E0003311,Test completion
OUT0003652,OUP0001628,Vinod Shekar,9847099561,Bhanur,2026-07-07,Village health day reminder,Family member reached,ASHA,FAC025,E0003312,Medicine pickup
OUT0003653,OUP0001628,Vinod Shekar,9847099561,Bhanur,2026-06-22,Phone call,Reached; counselled,CHO,FAC025,E0003312,Review visit
OUT0003654,OUP0001629,Anjalee Basha,,Donur,2026-06-19,WhatsApp/SMS,Reached; promised follow-up,ASHA,FAC009,E0003314,Test completion
OUT0003655,OUP0001629,Anjali Basha,9583720647,Donur,2026-07-01,Phone call,Reached; promised follow-up,CHO,FAC009,E0003314,Review visit
OUT0003656,OUP0001630,Mohan Laxman,9982017312,Bodajanampet,2026-06-16,Home visit,Patient unavailable,ASHA,FAC006,E0003316,Test completion
OUT0003657,OUP0001630,Mohan Laxman,9982017312,Bodajanampet,2026-06-11,Village health day reminder,Wrong number,ASHA,FAC006,E0003316,Review visit
OUT0003658,OUP0001631,winod Das,9810272226,Nomula,2026-05-11,Village health day reminder,Reached; promised follow-up,CHO,FAC016,E0003317,Medicine pickup
OUT0003659,OUP0001631,winod Das,9810272226,NOMULA,2026-05-23,Home visit,Family member reached,CHO,FAC016,E0003317,Medicine pickup
OUT0003660,OUP0001631,Vinod Das,9810272226,Nomula,2026-05-26,Home visit,Family member reached,ASHA,FAC016,E0003317,General adherence
OUT0003661,OUP0001632,Srilatha Shekar,9819968863,Ameenpur,2026-06-24,Phone call,No answer,CHO,FAC025,E0003319,Medicine pickup
OUT0003662,OUP0001632,Srilatha Shekar,9819968863,Ameenpur,2026-06-26,WhatsApp/SMS,Family member reached,CHO,FAC025,E0003319,General adherence
OUT0003663,OUP0001632,Srilatha Shekar,9819968863,Ameenpur,2026-06-30,Phone call,No answer,ASHA,FAC025,E0003319,Test completion
OUT0003664,OUP0001633,Naresh Shekar,9952308229,Velpula,2026-06-17,Home visit,Wrong number,ASHA,FAC009,E0003320,Review visit
OUT0003665,OUP0001633,Naresh Shekar,+91-99523-08229,Velpula,2026-06-18,Home visit,Phone switched off,ASHA,FAC009,E0003320,Test completion
OUT0003666,OUP0001633,Naresh Shekar,9952308229,Velpula,2026-07-05,Home visit,Reached; counselled,CHO,FAC009,E0003320,General adherence
OUT0003667,OUP0001634,Naveen Das,9446467678,Gangapur,2026-02-16,Phone call,Reached; promised follow-up,ASHA,FAC001,E0003326,General adherence
OUT0003668,OUP0001634,Naveen Das,9446467678,Gangapur,2026-02-02,Home visit,Reached; promised follow-up,CHO,FAC001,E0003326,Test completion
OUT0003669,OUP0001634,Naveen Das,+91-94464-67678,Gangapur,2026-02-11,Phone call,Reached; promised follow-up,ASHA,FAC001,E0003326,Test completion
OUT0003670,OUP0001635,Bhavani Naik,9488832527,Manoor,2026-07-25,WhatsApp/SMS,Patient unavailable,CHO,FAC019,E0003327,Medicine pickup
OUT0003671,OUP0001635,Bhavani Naik,+91-94888-32527,Manoor,2026-07-27,Phone call,Reached; counselled,ASHA,FAC019,E0003327,General adherence
OUT0003672,OUP0001636,Sai Laxman,9130080057,Nermata,2026-06-21,Home visit,No answer,CHO,FAC015,E0003329,Medicine pickup
OUT0003673,OUP0001636,Sai Laxman,,Nermata,2026-06-29,Phone call,Reached; promised follow-up,CHO,FAC015,E0003329,Test completion
OUT0003674,OUP0001636,Sai Laxman,9130080057,Nermata,2026-07-04,Phone call,Reached; promised follow-up,CHO,FAC015,E0003329,General adherence
OUT0003675,OUP0001636,Sai Laxman,9130080057,Nermata,2026-07-11,Home visit,Reached; counselled,ASHA,FAC013,E0003330,Review visit
OUT0003676,OUP0001637,Praween Begum,9881208665,Ameenpur,2026-01-28,Phone call,Reached; promised follow-up,CHO,FAC027,E0003331,General adherence
OUT0003677,OUP0001637,Praveen Begum,9881288665,Ameenpur,2026-01-12,Village health day reminder,Family member reached,CHO,FAC027,E0003331,Medicine pickup
OUT0003678,OUP0001638,Srinivas Goud,9944830635,Mangalapally,2026-06-14,Phone call,No answer,CHO,FAC017,E0003332,Review visit
OUT0003679,OUP0001638,Srinivas Goud,+91-99448-30635,Mangalapally,2026-06-16,Home visit,Reached; promised follow-up,CHO,FAC017,E0003332,Test completion
OUT0003680,OUP0001639,Sai Kumar,+91-90523-49883,Kalher,2026-04-04,Phone call,Reached; counselled,CHO,FAC019,E0003336,General adherence
OUT0003681,OUP0001639,Sai Kumar,+91-90523-49883,Kalher,2026-04-06,Home visit,Family member reached,CHO,FAC019,E0003336,Review visit
OUT0003682,OUP0001640,Shobha Das,9645357411,Zaheerabad,2026-01-25,Phone call,Family member reached,CHO,FAC024,E0003337,Test completion
OUT0003683,OUP0001640,Shobha Das,9645355411,ZAHEERABAD,2026-01-20,Phone call,Reached; counselled,CHO,FAC024,E0003337,Review visit
OUT0003684,OUP0001640,Shobh Das,9645357411,Zaheerabad,2026-01-26,Phone call,Reached; promised follow-up,CHO,FAC024,E0003337,Medicine pickup
OUT0003685,OUP0001641,Ravi Devi,+91-99375-71760,Rajapur,2026-03-08,WhatsApp/SMS,Family member reached,ASHA,FAC004,E0003339,Test completion
OUT0003686,OUP0001642,Deepika Narsimha,9149733816,Kangti,2026-07-15,Home visit,Reached; promised follow-up,CHO,FAC020,E0003340,Test completion
OUT0003687,OUP0001642,Deepika Narsimha,9149733816,Kangti,2026-07-16,Home visit,Reached; promised follow-up,ASHA,FAC020,E0003340,Review visit
OUT0003688,OUP0001643,Srinivas Chary,9220957486,Chandur,2026-06-26,Home visit,Reached; promised follow-up,ASHA,FAC014,E0003341,General adherence
OUT0003689,OUP0001643,Srinivas Chary,9220957486,Chandur,2026-07-06,Home visit,Patient unavailable,CHO,FAC014,E0003341,Test completion
OUT0003690,OUP0001643,Srinivas Chary,+91-92209-57486,Chandur,2026-07-10,Phone call,No answer,ASHA,FAC014,E0003341,Medicine pickup
OUT0003691,OUP0001644,Swathi Rao,9026838834,Mangalapalli,2026-02-04,Phone call,Phone switched off,CHO,FAC017,E0003342,Test completion
OUT0003692,OUP0001645,Sai Patel,9998126319,Kummarikunta,2026-03-06,Village health day reminder,Family member reached,ASHA,FAC013,E0003343,Medicine pickup
OUT0003693,OUP0001645,Saee Patel,9998126319,Kummarikunta,2026-03-08,Phone call,Family member reached,ASHA,FAC013,E0003343,Review visit
OUT0003694,OUP0001645,Si Patel,9998126319,Kummarikunta,2026-03-05,Phone call,Reached; counselled,CHO,FAC013,E0003343,Medicine pickup
OUT0003695,OUP0001646,Shobha Narsimha,9859469681,PEDDADINNE,2026-06-16,Phone call,Wrong number,ASHA,FAC010,E0003344,Review visit
OUT0003696,OUP0001647,Srilatha Mudiraj,,Devarakonda,2026-07-14,Phone call,Phone switched off,CHO,FAC012,E0003345,Review visit
OUT0003697,OUP0001647,Srilatha Mudiraj,9553706130,DEVARAKONDA,2026-07-13,Phone call,Wrong number,ASHA,FAC012,E0003345,General adherence
OUT0003698,OUP0001647,Srilatha Mudiraj,9550706130,Devarakonda,2026-07-29,Home visit,Family member reached,ASHA,FAC012,E0003345,Review visit
OUT0003699,OUP0001648,Ravi Naik,9054933070,Vemula,2026-01-14,Phone call,Family member reached,ASHA,FAC009,E0003347,Review visit
OUT0003700,OUP0001648,Ravee Naik,9054933070,Vemula,2026-04-06,WhatsApp/SMS,Reached; promised follow-up,ASHA,FAC007,E0003348,General adherence
OUT0003701,OUP0001649,Lalitha Krishna,+91-96356-02547,Bodajanampet,2026-02-07,Village health day reminder,Phone switched off,CHO,FAC005,E0003349,Test completion
OUT0003702,OUP0001649,Lalitha Krishna,9635602597,BODAJANAMPET,2026-02-10,Home visit,Reached; promised follow-up,CHO,FAC005,E0003349,Review visit
OUT0003703,OUP0001649,Lalitha Krishna,,Bodajanampet,2026-02-18,Home visit,Phone switched off,CHO,FAC005,E0003349,Test completion
OUT0003704,OUP0001650,Swthi Rao,9038428294,Zaheerabad,2026-04-28,Home visit,Reached; promised follow-up,CHO,FAC024,E0003351,Review visit
OUT0003705,OUP0001651,Vinod Laxman,9355012279,Kohir,2026-05-26,Home visit,Family member reached,CHO,FAC023,E0003353,Test completion
OUT0003706,OUP0001652,Kiran Begum,9122957685,Velpula,2026-06-05,Phone call,Wrong number,CHO,FAC007,E0003354,General adherence
OUT0003707,OUP0001653,Padma Narsimha,9876880011,Nakrekal,2026-04-08,Home visit,Family member reached,ASHA,FAC016,E0003355,Medicine pickup
OUT0003708,OUP0001654,Nirmala Devi,9817208711,Midji,2026-04-17,Home visit,Reached; counselled,ASHA,FAC007,E0003357,Test completion
OUT0003709,OUP0001655,Divya Rao,9849785862,Velpula,2026-03-11,Home visit,Reached; counselled,CHO,FAC007,E0003359,Medicine pickup
OUT0003710,OUP0001655,Divya Rao,9849785862,Velpula,2026-03-18,Home visit,Reached; promised follow-up,ASHA,FAC007,E0003359,Medicine pickup
OUT0003711,OUP0001655,Divya Rao,9849785862,Velpula,2026-03-13,Phone call,Family member reached,CHO,FAC007,E0003359,General adherence
OUT0003712,OUP0001656,Saritha Chary,9158011509,Ameenpur,2026-05-10,Phone call,Reached; counselled,ASHA,FAC027,E0003363,Review visit
OUT0003713,OUP0001656,Saritha Chary,9158011549,Ameenpur,2026-05-06,Phone call,Reached; counselled,CHO,FAC027,E0003363,Review visit
OUT0003714,OUP0001657,Padma Rao,9971600739,BHANUR,2026-08-12,WhatsApp/SMS,Phone switched off,ASHA,FAC026,E0003365,Medicine pickup
OUT0003715,OUP0001657,Padma Rao,,Bhanur,2026-08-10,Home visit,Family member reached,CHO,FAC026,E0003365,Medicine pickup
OUT0003716,OUP0001658,Venkatesh Mallaiah,9325902649,Kallepalli,2026-08-04,Village health day reminder,Reached; promised follow-up,ASHA,FAC006,E0003367,Review visit
OUT0003717,OUP0001659,Shobha,9284092049,Polepally,2026-08-18,Phone call,No answer,CHO,FAC001,E0003368,Review visit
OUT0003718,OUP0001660,Lakshmi Mallaiah,9954523778,Chandur,2026-04-13,WhatsApp/SMS,Reached; promised follow-up,ASHA,FAC014,E0003369,Medicine pickup
OUT0003719,OUP0001660,Lakshmi Mallaiah,9954523778,Chandur,2026-06-05,Phone call,Reached; counselled,ASHA,FAC013,E0003370,Review visit
OUT0003720,OUP0001661,Mahesh Devi,9178562636,Kalher,2026-03-25,Phone call,Wrong number,ASHA,FAC020,E0003371,Test completion
OUT0003721,OUP0001661,Mahesh Devee,+91-91785-62636,Kalher,2026-04-04,Home visit,Family member reached,CHO,FAC020,E0003371,Medicine pickup
OUT0003722,OUP0001662,Kiran Goud,9797053575,Midjil,2026-08-08,Phone call,Reached; promised follow-up,CHO,FAC008,E0003372,Test completion
OUT0003723,OUP0001663,Srilatha Reddy,9024964598,Mogudampally,2026-06-20,Village health day reminder,No answer,ASHA,FAC022,E0003373,Test completion
OUT0003724,OUP0001663,Srilatha,9024964598,Mogudampally,2026-06-20,Home visit,Phone switched off,ASHA,FAC022,E0003373,Review visit
OUT0003725,OUP0001663,Srilatha Reddy,9024964598,Mogudampally,2026-06-23,Phone call,No answer,ASHA,FAC022,E0003373,General adherence
OUT0003726,OUP0001664,Harika Mudiraj,9043168994,Gundlapall,2026-06-11,WhatsApp/SMS,Reached; counselled,CHO,FAC010,E0003376,Test completion
OUT0003727,OUP0001665,Deepika Mudiraj,9918085685,Nomula,2026-08-07,Phone call,Reached; promised follow-up,ASHA,FAC016,E0003377,Review visit
OUT0003728,OUP0001665,Deepika Mudiraj,9918085685,Nomula,2026-08-05,Home visit,Phone switched off,CHO,FAC016,E0003377,Test completion
OUT0003729,OUP0001666,Harika Goud,9899004095,Balanagar,2026-08-11,Home visit,Family member reached,CHO,FAC005,E0003378,Review visit
OUT0003730,OUP0001666,Harika Goud,+91-98990-04095,Balanagar,2026-08-07,Phone call,Reached; counselled,ASHA,FAC005,E0003378,Review visit
OUT0003731,OUP0001667,Jyothi Naik,9103721879,Kallepally,2026-03-20,Phone call,Family member reached,CHO,FAC004,E0003379,Test completion
OUT0003732,OUP0001667,Jyothi Naik,9103721879,Kallepally,2026-03-20,Home visit,Reached; counselled,ASHA,FAC004,E0003379,Medicine pickup
OUT0003733,OUP0001667,Jyothi Naik,9103728879,KALLEPALLY,2026-07-02,Phone call,Reached; counselled,ASHA,FAC006,E0003380,Test completion
OUT0003734,OUP0001668,Naveen Jangam,9002740837,Gangapur,2026-08-09,Phone call,Family member reached,CHO,FAC002,E0003381,Test completion
OUT0003735,OUP0001669,Padma Yadav,9049147106,Kalher,2026-02-23,Home visit,Patient unavailable,CHO,FAC021,E0003384,Review visit
OUT0003736,OUP0001669,Padma Yadav,9049147106,Kalher,2026-02-15,Phone call,Family member reached,ASHA,FAC021,E0003384,Medicine pickup
OUT0003737,OUP0001669,Padma Yadav,9049147106,Kalher,2026-03-05,WhatsApp/SMS,Reached; promised follow-up,CHO,FAC021,E0003384,Medicine pickup
OUT0003738,OUP0001670,Srilatha,9162226443,Mangalapally,2026-02-17,Home visit,Reached; counselled,ASHA,FAC016,E0003386,Test completion
OUT0003739,OUP0001671,Anitha Goud,9267769480,Bodajanampet,2026-06-06,Village health day reminder,Reached; promised follow-up,CHO,FAC005,E0003387,Test completion
OUT0003740,OUP0001671,Anitha Goud,9667769480,Bodajanampet,2026-06-11,Village health day reminder,Family member reached,CHO,FAC005,E0003387,Medicine pickup
OUT0003741,OUP0001671,Anitha Goud,9267769480,Bodajanampet,2026-06-12,Home visit,Reached; counselled,CHO,FAC005,E0003387,Test completion
OUT0003742,OUP0001672,Shankar Chary,9129253726,Nakrekal,2026-03-09,Phone call,Wrong number,CHO,FAC017,E0003390,General adherence
OUT0003743,OUP0001672,Shankar,+91-91292-53726,Nakrekal,2026-03-16,Phone call,Reached; counselled,ASHA,FAC017,E0003390,Test completion
OUT0003744,OUP0001672,Shankar Chary,9129253726,Nakrekal,2026-04-02,Home visit,Reached; promised follow-up,CHO,FAC017,E0003390,General adherence
OUT0003745,OUP0001673,Mounika Patel,9607587864,Kummarikunta,2026-03-19,Home visit,Family member reached,CHO,FAC013,E0003391,General adherence
OUT0003746,OUP0001673,Mounika Patel,9607587864,KUMMARIKUNTA,2026-03-26,Phone call,Phone switched off,CHO,FAC013,E0003391,Review visit
OUT0003747,OUP0001674,Lakshmi Jangam,9809229214,GUNDLAPALLY,2026-02-01,Home visit,Family member reached,CHO,FAC011,E0003393,Review visit
OUT0003748,OUP0001675,Kiran Mallaiah,9427969698,Midjil,2026-02-13,Phone call,Family member reached,ASHA,FAC009,E0003394,General adherence
OUT0003749,OUP0001675,Kiran Mallaiah,,Midjil,2026-02-17,Home visit,Family member reached,CHO,FAC009,E0003394,Test completion
OUT0003750,OUP0001676,Vinod sekar,9876766616,Mogudampally,2026-08-07,Phone call,Reached; promised follow-up,CHO,FAC023,E0003398,General adherence
OUT0003751,OUP0001677,Harika Jangam,9796319795,Kalher,2026-01-19,Phone call,Reached; counselled,ASHA,FAC019,E0003399,Test completion
OUT0003752,OUP0001677,Harika Jangam,+91-97963-19795,Kalher,2026-02-04,Phone call,Patient unavailable,ASHA,FAC019,E0003399,General adherence
OUT0003753,OUP0001678,Ravi Narsimha,9969169716,Zaheerabad,2026-01-09,Phone call,No answer,CHO,FAC022,E0003402,General adherence
OUT0003754,OUP0001678,Ravi Narsimha,9969169716,Zaheerabad,2026-01-19,Phone call,Phone switched off,CHO,FAC022,E0003402,Test completion
OUT0003755,OUP0001678,Ravi Narsimha,9969169716,Zaheerabad,2026-01-24,Phone call,Family member reached,CHO,FAC022,E0003402,Review visit
OUT0003756,OUP0001679,Srinivas Goud,9785707491,Nakrekal,2026-06-19,Home visit,Patient unavailable,ASHA,FAC016,E0003404,General adherence
OUT0003757,OUP0001679,Srinivas Goud,+91-97857-07491,Nakrekal,2026-06-14,Phone call,Reached; counselled,ASHA,FAC016,E0003404,Review visit
OUT0003758,OUP0001680,Kawitha Mallaiah,9564982607,Marrur,2026-04-05,Home visit,Patient unavailable,CHO,FAC016,E0003406,Medicine pickup
OUT0003759,OUP0001680,Kavitha Mallaiah,9564982607,Marrur,2026-04-09,Home visit,Family member reached,CHO,FAC016,E0003406,Medicine pickup
OUT0003760,OUP0001680,Kavitha Mallaiah,9564982607,Marrur,2026-07-06,Phone call,Reached; promised follow-up,ASHA,FAC016,E0003407,General adherence
OUT0003761,OUP0001680,Kavitha Mallaiah,9564982607,Marrur,2026-07-16,Home visit,Reached; counselled,CHO,FAC016,E0003407,Medicine pickup
OUT0003762,OUP0001681,Rani Das,9393854231,Polepall,2026-06-05,Phone call,No answer,ASHA,FAC001,E0003408,Test completion
OUT0003763,OUP0001682,Naveen,9737110674,Chandur,2026-07-24,Home visit,Reached; promised follow-up,CHO,FAC013,E0003410,Medicine pickup
OUT0003764,OUP0001682,Naveen Rao,9737116674,CHANDUR,2026-07-12,Home visit,Reached; promised follow-up,CHO,FAC013,E0003410,Review visit
OUT0003765,OUP0001683,Ramesh Basha,9652596760,Gangapur,2026-04-30,Village health day reminder,Reached; counselled,ASHA,FAC002,E0003413,Test completion
OUT0003766,OUP0001684,Saritha Krishna,9882239285,Gangapur,2026-05-07,Home visit,Family member reached,ASHA,FAC002,E0003414,General adherence
OUT0003767,OUP0001684,Saritha Krishna,9882239285,GANGAPUR,2026-05-03,Home visit,No answer,ASHA,FAC002,E0003414,Medicine pickup
OUT0003768,OUP0001684,Sareetha Krishna,9832239285,Gangapur,2026-05-12,Home visit,Reached; counselled,CHO,FAC002,E0003414,Medicine pickup
OUT0003769,OUP0001684,Saritha Krishna,9882239285,Gangapur,2026-05-20,Village health day reminder,Reached; counselled,CHO,FAC001,E0003415,General adherence
OUT0003770,OUP0001684,Saritha Krishna,9882239285,Gangapur,2026-05-29,Village health day reminder,Phone switched off,ASHA,FAC001,E0003415,Review visit
OUT0003771,OUP0001685,Deepika Khan,9162050111,Peddadinne,2026-07-11,Phone call,Reached; counselled,CHO,FAC012,E0003417,General adherence
OUT0003772,OUP0001686,Nirmala Khan,9243683966,Peddadinne,2026-06-19,Home visit,Family member reached,ASHA,FAC012,E0003419,Review visit
OUT0003773,OUP0001686,Nirmala Khan,9243683966,Peddadinne,2026-06-10,Phone call,Reached; promised follow-up,ASHA,FAC012,E0003419,Review visit
OUT0003774,OUP0001686,Nirmala Khan,9243683966,Peddadinne,2026-06-29,Phone call,Wrong number,ASHA,FAC012,E0003419,Medicine pickup
OUT0003775,OUP0001687,Sushma Reddy,+91-91801-21216,Gangapur,2026-01-15,Village health day reminder,No answer,CHO,FAC001,E0003422,General adherence
OUT0003776,OUP0001687,Sushma Reddy,,Gangapur,2026-01-15,Phone call,Reached; counselled,ASHA,FAC001,E0003422,General adherence
OUT0003777,OUP0001688,Padma Mudiraj,9665489892,Mangalapally,2026-01-28,Phone call,Reached; counselled,CHO,FAC018,E0003424,General adherence
OUT0003778,OUP0001688,Padma Mudiraj,9665489892,Mangalapally,2026-02-02,Home visit,Family member reached,ASHA,FAC018,E0003424,General adherence
OUT0003779,OUP0001688,Padma Mudiraj,9665489892,Mangalapalli,2026-02-16,Phone call,Reached; promised follow-up,CHO,FAC018,E0003424,Test completion
OUT0003780,OUP0001689,Lalitha Kumar,,Devarakonda,2026-01-14,Village health day reminder,Phone switched off,ASHA,FAC012,E0003425,General adherence
OUT0003781,OUP0001690,Padma Kumar,9157960408,Macharam,2026-02-24,Phone call,Wrong number,ASHA,FAC003,E0003427,Test completion
OUT0003782,OUP0001690,Padma Kumar,9157960408,Macharam,2026-02-26,Village health day reminder,Reached; promised follow-up,CHO,FAC003,E0003427,Medicine pickup
OUT0003783,OUP0001690,Padma Kumar,9157960408,Macharam,2026-03-30,WhatsApp/SMS,Reached; counselled,ASHA,FAC002,E0003428,General adherence
OUT0003784,OUP0001690,Padma Kumar,9157960408,Macharam,2026-04-09,Phone call,Reached; counselled,CHO,FAC002,E0003428,General adherence
OUT0003785,OUP0001690,Padma Kumar,9157960408,MACHARAM,2026-04-16,Home visit,Reached; counselled,ASHA,FAC002,E0003428,General adherence
OUT0003786,OUP0001691,Vinod Reddy,9062893406,KUMMARIKUNTA,2026-08-11,Home visit,Family member reached,CHO,FAC015,E0003430,Review visit
OUT0003787,OUP0001691,Vinod,,Kummarikunta,2026-08-12,Home visit,Reached; counselled,ASHA,FAC015,E0003430,Review visit
OUT0003788,OUP0001692,Rani Yadav,9497896497,Narayankhed,2026-08-03,Home visit,Reached; promised follow-up,ASHA,FAC020,E0003431,General adherence
OUT0003789,OUP0001692,Rani Yadav,9497896497,NARAYANKHED,2026-08-05,Phone call,Reached; promised follow-up,CHO,FAC020,E0003431,General adherence
OUT0003790,OUP0001692,Rani Yadav,9497896497,Narayankhed,2026-08-12,Home visit,Phone switched off,CHO,FAC020,E0003431,Review visit
OUT0003791,OUP0001693,Lalitha Patel,9884254887,Mangalapally,2026-06-21,Phone call,No answer,ASHA,FAC018,E0003433,Review visit
OUT0003792,OUP0001693,Lalitha Patel,9882254887,Mangalapally,2026-06-20,Phone call,Patient unavailable,CHO,FAC018,E0003433,Test completion
OUT0003793,OUP0001694,Mounik Narsimha,9948510350,Manoor,2026-06-18,Village health day reminder,Family member reached,CHO,FAC019,E0003434,Test completion
OUT0003794,OUP0001694,Mounika Narsimha,,Manoor,2026-07-28,Phone call,Patient unavailable,CHO,FAC019,E0003435,Medicine pickup
OUT0003795,OUP0001694,Mounika Narsimha,,Manoor,2026-08-01,Village health day reminder,Family member reached,ASHA,FAC019,E0003435,General adherence
OUT0003796,OUP0001695,Raju Shekar,9800001578,Midjil,2026-03-17,Phone call,Family member reached,CHO,FAC008,E0003439,Test completion
OUT0003797,OUP0001695,Raju Shekar,9800001578,Midjil,2026-03-26,Home visit,Family member reached,ASHA,FAC008,E0003439,Review visit
OUT0003798,OUP0001695,Raju,9800001578,Midjil,2026-04-03,Village health day reminder,Wrong number,ASHA,FAC008,E0003439,Test completion
OUT0003799,OUP0001696,Lalitha Reddy,9201614440,Mangalapally,2026-07-09,Home visit,Patient unavailable,CHO,FAC016,E0003442,General adherence
OUT0003800,OUP0001697,Ravi Chary,+91-99922-99561,Mangalapally,2026-07-30,WhatsApp/SMS,Wrong number,ASHA,FAC018,E0003444,Medicine pickup
OUT0003801,OUP0001698,Mohan Narsimha,9859938460,Devarakonda,2026-02-10,Phone call,Patient unavailable,ASHA,FAC011,E0003447,Test completion
OUT0003802,OUP0001699,winod Das,9655020546,Kondamallepally,2026-02-22,Village health day reminder,Family member reached,CHO,FAC010,E0003449,Review visit
OUT0003803,OUP0001699,Vinod Das,9655020546,KONDAMALLEPALLY,2026-02-17,Phone call,Reached; counselled,ASHA,FAC010,E0003449,General adherence
OUT0003804,OUP0001700,Srilatha Naik,9040882644,Nomula,2026-02-26,Phone call,Family member reached,CHO,FAC017,E0003451,Review visit
OUT0003805,OUP0001701,Naresh Jangam,9107137269,Bodajanampet,2026-06-15,WhatsApp/SMS,Reached; counselled,ASHA,FAC006,E0003452,Medicine pickup
OUT0003806,OUP0001701,Naresh Jangam,9107137269,Bodajanampet,2026-06-17,Phone call,Family member reached,ASHA,FAC006,E0003452,General adherence
OUT0003807,OUP0001702,Anjali Narsimha,9364524839,Kondamallepally,2026-04-08,Village health day reminder,Reached; promised follow-up,ASHA,FAC010,E0003454,General adherence
OUT0003808,OUP0001702,Anjali Narsimha,9364524839,Kondamallepall,2026-04-08,Phone call,Phone switched off,ASHA,FAC010,E0003454,Medicine pickup
OUT0003809,OUP0001702,Anjali Narsimha,9364524839,Kondamallepally,2026-04-12,Phone call,Phone switched off,CHO,FAC010,E0003454,Test completion
OUT0003810,OUP0001703,Anil Patel,9285441163,Balanagar,2026-02-25,Phone call,Reached; counselled,CHO,FAC004,E0003458,Review visit
OUT0003811,OUP0001704,Lakshmi Patel,9750516410,Kohir,2026-04-01,Village health day reminder,Reached; promised follow-up,ASHA,FAC022,E0003459,Medicine pickup
OUT0003812,OUP0001704,Lakshmi Patel,9750516410,Kohir,2026-04-16,Home visit,Family member reached,ASHA,FAC022,E0003459,General adherence
OUT0003813,OUP0001705,Shankar Rao,9152910444,Gundlapally,2026-03-18,Home visit,Phone switched off,ASHA,FAC012,E0003462,General adherence
OUT0003814,OUP0001705,Shankar Rao,9152910444,Gundlapall,2026-03-22,Phone call,Reached; promised follow-up,CHO,FAC012,E0003462,General adherence
OUT0003815,OUP0001705,sankar Rao,,Gundlapally,2026-03-28,Phone call,Phone switched off,ASHA,FAC012,E0003462,Medicine pickup
OUT0003816,OUP0001706,Nirmala Begum,9906153147,Kalher,2026-07-26,Home visit,Reached; counselled,CHO,FAC020,E0003463,Review visit
OUT0003817,OUP0001706,Neermala Begum,9906153147,Kalher,2026-08-11,Home visit,Patient unavailable,ASHA,FAC020,E0003463,Test completion
OUT0003818,OUP0001707,Anitha Naik,9399084570,Devarakonda,2026-02-02,Phone call,Reached; promised follow-up,ASHA,FAC012,E0003465,General adherence
OUT0003819,OUP0001707,Anitha Naik,9399084570,Devarakonda,2026-01-31,Village health day reminder,Reached; counselled,ASHA,FAC012,E0003465,General adherence
OUT0003820,OUP0001707,Anitha Naik,9399084570,Devarakonda,2026-01-30,WhatsApp/SMS,Reached; promised follow-up,ASHA,FAC012,E0003465,Test completion
OUT0003821,OUP0001708,Lakshmi Krishna,,Jharasangam,2026-07-06,Phone call,Reached; promised follow-up,ASHA,FAC023,E0003470,Test completion
OUT0003822,OUP0001708,Laksmi Krishna,+91-97536-04941,Jharasangam,2026-07-14,Phone call,Family member reached,ASHA,FAC023,E0003470,Review visit
OUT0003823,OUP0001709,Rani Jangam,9301254185,Donur,2026-07-02,Phone call,Phone switched off,ASHA,FAC008,E0003472,Medicine pickup
OUT0003824,OUP0001709,Rani Jangam,9301254185,Donur,2026-07-06,Village health day reminder,Reached; promised follow-up,CHO,FAC008,E0003472,Medicine pickup
OUT0003825,OUP0001709,Rani Jangam,+91-93012-54185,Donur,2026-07-19,Home visit,Patient unavailable,CHO,FAC008,E0003472,Review visit
OUT0003826,OUP0001710,Naresh Naik,+91-96851-35809,Badepally,2026-01-13,Home visit,Reached; promised follow-up,ASHA,FAC002,E0003474,General adherence
OUT0003827,OUP0001710,Naresh Naik,9685135809,Badepally,2026-01-12,Home visit,Reached; counselled,ASHA,FAC002,E0003474,Review visit
OUT0003828,OUP0001710,Naresh Naik,,Badepally,2026-01-21,Phone call,Phone switched off,CHO,FAC002,E0003474,Test completion
OUT0003829,OUP0001711,Ramesh Yadav,9859482311,KANGTI,2026-05-05,Phone call,Reached; promised follow-up,ASHA,FAC020,E0003475,Review visit
OUT0003830,OUP0001712,Kirn Rao,9487099608,Nomula,2026-06-06,Home visit,Family member reached,ASHA,FAC017,E0003478,Test completion
OUT0003831,OUP0001713,Bhavani Basa,+91-90862-40000,Kummarikunt,2026-08-29,Village health day reminder,Patient unavailable,CHO,FAC014,E0003481,General adherence
OUT0003832,OUP0001713,Bhavani Basha,9086240000,Kummarikunta,2026-08-16,Village health day reminder,Reached; counselled,ASHA,FAC014,E0003481,Medicine pickup
OUT0003833,OUP0001713,Bhavani Basha,9086240000,Kummarikunta,2026-08-21,Village health day reminder,Wrong number,ASHA,FAC014,E0003481,Review visit
OUT0003834,OUP0001714,Kiran Chary,9672619426,Indresham,2026-02-05,Phone call,Family member reached,ASHA,FAC027,E0003482,Review visit
OUT0003835,OUP0001714,Kiran Chary,9672619426,Indresham,2026-01-27,Phone call,Reached; promised follow-up,CHO,FAC027,E0003482,Review visit
OUT0003836,OUP0001714,Kirn Chary,9672619426,Indresham,2026-02-20,Phone call,Family member reached,CHO,FAC027,E0003482,Review visit
OUT0003837,OUP0001715,Raju Begum,9535621142,Jharasangam,2026-04-29,Village health day reminder,Reached; promised follow-up,CHO,FAC023,E0003484,Medicine pickup
OUT0003838,OUP0001715,Raju,9535621142,Jharasangam,2026-05-08,Phone call,Reached; counselled,CHO,FAC023,E0003484,Review visit
OUT0003839,OUP0001715,Raju Begum,9535621142,Jharasangam,2026-05-07,Phone call,Family member reached,CHO,FAC023,E0003484,General adherence
OUT0003840,OUP0001716,Raju Yadav,9382126630,Kummarikunt,2026-04-19,Phone call,Wrong number,CHO,FAC015,E0003485,Medicine pickup
OUT0003841,OUP0001716,Raju Yadav,9385126630,Kummarikunta,2026-04-25,Village health day reminder,Reached; promised follow-up,ASHA,FAC015,E0003485,Review visit
OUT0003842,OUP0001716,Raju Yadav,9385126630,Kummarikunta,2026-05-13,Home visit,Reached; promised follow-up,ASHA,FAC015,E0003485,Medicine pickup
OUT0003843,OUP0001717,Mahesh Rao,9399023541,Rajapur,2026-01-05,Phone call,Reached; promised follow-up,CHO,FAC005,E0003487,Medicine pickup
OUT0003844,OUP0001718,Santos Krishna,9066599206,Mangalapally,2026-08-04,Home visit,Family member reached,ASHA,FAC018,E0003489,Test completion
OUT0003845,OUP0001718,Santosh Krishna,9166599206,Mangalapally,2026-08-14,Phone call,Reached; counselled,CHO,FAC018,E0003489,Test completion
OUT0003846,OUP0001718,Santosh Krishna,9066599206,Mangalapally,2026-07-28,Home visit,No answer,CHO,FAC018,E0003489,Medicine pickup
OUT0003847,OUP0001719,Naresh Krishna,9077817191,Polepally,2026-08-23,Phone call,Wrong number,ASHA,FAC003,E0003493,General adherence
OUT0003848,OUP0001719,Naresh Krishna,9077817191,Polepally,2026-08-26,WhatsApp/SMS,Patient unavailable,ASHA,FAC003,E0003493,Review visit
OUT0003849,OUP0001720,Shankar Narsimha,9050920193,Kallepalli,2026-02-26,Phone call,Family member reached,ASHA,FAC005,E0003496,Medicine pickup
OUT0003850,OUP0001720,Shnkar Narsimha,9050920193,Kallepally,2026-03-01,Phone call,Patient unavailable,CHO,FAC005,E0003496,Medicine pickup
OUT0003851,OUP0001720,Shankar Narsimha,9050920193,Kallepally,2026-03-20,Phone call,Phone switched off,CHO,FAC005,E0003496,Review visit
OUT0003852,OUP0001721,Sushma Basha,9735362823,MOGUDAMPALLY,2026-03-21,WhatsApp/SMS,Patient unavailable,ASHA,FAC023,E0003497,Test completion
OUT0003853,OUP0001721,Sushma Basha,9735362623,Mogudampally,2026-03-18,WhatsApp/SMS,Wrong number,ASHA,FAC023,E0003497,Review visit
OUT0003854,OUP0001722,Padma Mallaiah,9093738393,Zaheerabad,2026-03-03,Phone call,Reached; counselled,CHO,FAC022,E0003498,Medicine pickup
OUT0003855,OUP0001722,Padma Mallaiah,9093738393,Zaheerabad,2026-03-06,Phone call,Phone switched off,ASHA,FAC022,E0003498,Medicine pickup
OUT0003856,OUP0001722,Padma Mallaiah,+91-90937-38393,Zaheerabad,2026-03-15,Home visit,Reached; promised follow-up,CHO,FAC022,E0003498,Test completion
OUT0003857,OUP0001722,Padma Mallaiah,9093738393,Zaheerabad,2026-03-29,Village health day reminder,Reached; promised follow-up,CHO,FAC023,E0003499,Review visit
OUT0003858,OUP0001722,Padma Mallaiah,9093738393,Zaheerabad,2026-04-11,Phone call,Reached; promised follow-up,ASHA,FAC023,E0003499,Medicine pickup
OUT0003859,OUP0001723,Rajesh Chary,9324513780,Bodajanampet,2026-06-12,Phone call,Family member reached,CHO,FAC006,E0003503,General adherence
OUT0003860,OUP0001723,Rajesh Chary,9324513780,Bodajanampet,2026-06-09,Home visit,Reached; counselled,ASHA,FAC006,E0003503,General adherence
OUT0003861,OUP0001723,Rajesh Chary,9324513780,Bodajanampet,2026-08-02,Phone call,Wrong number,CHO,FAC006,E0003504,Test completion
OUT0003862,OUP0001723,Rajesh Chary,9324513780,Bodajanampet,2026-08-29,Phone call,No answer,ASHA,FAC006,E0003505,Test completion
OUT0003863,OUP0001723,Rajes Chary,,Bodajanampet,2026-08-31,Phone call,Family member reached,ASHA,FAC006,E0003505,General adherence
OUT0003864,OUP0001724,Bhavani Laxman,9000201012,Badepally,2026-06-06,Phone call,Patient unavailable,ASHA,FAC002,E0003507,Review visit
OUT0003865,OUP0001724,Bhavani Laxman,,Badepally,2026-06-09,Home visit,Reached; counselled,CHO,FAC002,E0003507,Medicine pickup
OUT0003866,OUP0001725,Vinod Begum,9440333255,Nakrekal,2026-03-08,Phone call,Wrong number,ASHA,FAC017,E0003512,Medicine pickup
OUT0003867,OUP0001725,Vinod Begum,9440333255,Nakrekal,2026-03-17,Home visit,Reached; promised follow-up,ASHA,FAC017,E0003512,Review visit
OUT0003868,OUP0001725,Vinod Begum,9440333255,NAKREKAL,2026-03-16,Home visit,Reached; promised follow-up,CHO,FAC017,E0003512,Review visit
OUT0003869,OUP0001726,Harika Jangam,9356524221,Marrur,2026-02-12,Home visit,Reached; promised follow-up,CHO,FAC017,E0003513,Test completion
OUT0003870,OUP0001727,Lalitha Laxman,9898437748,ZAHEERABAD,2026-01-27,Phone call,Reached; promised follow-up,ASHA,FAC022,E0003515,Medicine pickup
OUT0003871,OUP0001727,Lalitha Laxman,+91-98984-37748,Zaheerabad,2026-01-28,Phone call,Wrong number,ASHA,FAC022,E0003515,Review visit
OUT0003872,OUP0001728,Renuka Reddy,9240082650,Patancheru,2026-02-04,Home visit,Reached; counselled,CHO,FAC026,E0003516,General adherence
OUT0003873,OUP0001729,Anjali Patel,9497972181,Kalhe,2026-06-29,Phone call,Reached; promised follow-up,CHO,FAC020,E0003519,General adherence
OUT0003874,OUP0001729,Anjali Patel,9497972181,Kalher,2026-07-03,Village health day reminder,Reached; promised follow-up,CHO,FAC020,E0003519,General adherence
OUT0003875,OUP0001730,Srinivas Laxman,9256213877,Kangti,2026-03-22,WhatsApp/SMS,Family member reached,CHO,FAC020,E0003520,Test completion
OUT0003876,OUP0001730,Srinivas Laxman,+91-92562-13877,Kangti,2026-05-17,Phone call,Family member reached,CHO,FAC019,E0003521,Review visit
OUT0003877,OUP0001730,Srinivas Laxman,9256213877,Kangti,2026-05-12,WhatsApp/SMS,Phone switched off,ASHA,FAC019,E0003521,Review visit
OUT0003878,OUP0001731,Sarita Das,9425303045,Velpula,2026-07-15,Phone call,Reached; counselled,ASHA,FAC007,E0003523,Test completion
OUT0003879,OUP0001732,Naveen Mallaiah,9823281547,Chandur,2026-03-04,Home visit,Family member reached,ASHA,FAC015,E0003525,General adherence
OUT0003880,OUP0001732,Naveen Mallaiah,9823281547,Chandur,2026-03-04,Phone call,No answer,ASHA,FAC015,E0003525,Medicine pickup
OUT0003881,OUP0001733,Venkatesh Reddy,,Mogudampalli,2026-06-06,Home visit,Reached; counselled,CHO,FAC024,E0003527,Medicine pickup
OUT0003882,OUP0001734,Arun Mudiraj,9833243308,Bangarigadda,2026-05-04,WhatsApp/SMS,Reached; counselled,CHO,FAC015,E0003528,Medicine pickup
OUT0003883,OUP0001734,Arun Mudiraj,9833243308,BANGARIGADDA,2026-05-09,Home visit,Reached; promised follow-up,ASHA,FAC015,E0003528,Test completion
OUT0003884,OUP0001735,Suresh Das,9763217873,Mangalapally,2026-07-03,WhatsApp/SMS,Reached; counselled,CHO,FAC016,E0003529,Test completion
OUT0003885,OUP0001735,Sures Das,9763217873,Mangalapally,2026-07-17,Phone call,Family member reached,CHO,FAC016,E0003529,Review visit
OUT0003886,OUP0001735,Suresh Das,9763217873,Mangalapally,2026-07-06,Phone call,Wrong number,ASHA,FAC016,E0003529,Test completion
OUT0003887,OUP0001736,Praveen Jangam,+91-93513-97830,Kondamallepalli,2026-03-22,Phone call,Wrong number,CHO,FAC010,E0003530,Review visit
OUT0003888,OUP0001736,Pravin Jangam,9351377830,Kondamallepally,2026-03-25,Home visit,Family member reached,CHO,FAC010,E0003530,Review visit
OUT0003889,OUP0001737,Anitha Yadav,9965109342,Chandur,2026-07-23,Phone call,Patient unavailable,CHO,FAC014,E0003532,Test completion
OUT0003890,OUP0001737,Anitha Yadav,,Chandur,2026-07-19,Home visit,No answer,CHO,FAC014,E0003532,Review visit
OUT0003891,OUP0001738,Harika Krishna,9939126616,Peddadinne,2026-07-08,Phone call,No answer,ASHA,FAC011,E0003534,General adherence
OUT0003892,OUP0001739,Deepika Khan,9276174291,Gangapur,2026-06-27,Home visit,Reached; counselled,CHO,FAC002,E0003535,Review visit
OUT0003893,OUP0001740,Naveen Khan,9794174726,Devarakonda,2026-03-12,Home visit,Wrong number,CHO,FAC012,E0003536,Test completion
OUT0003894,OUP0001740,Naveen Khan,9794175726,Devarakonda,2026-03-10,Home visit,Family member reached,ASHA,FAC012,E0003536,General adherence
OUT0003895,OUP0001741,Sushma Jangam,,Mogudampally,2026-07-23,Phone call,Wrong number,ASHA,FAC023,E0003537,Medicine pickup
OUT0003896,OUP0001741,Sushma Jangam,9390021301,Mogudampally,2026-07-28,Village health day reminder,Reached; counselled,CHO,FAC023,E0003537,Medicine pickup
OUT0003897,OUP0001742,Anjali Reddy,9632777445,Donur,2026-05-19,Village health day reminder,Reached; counselled,CHO,FAC007,E0003538,Test completion
OUT0003898,OUP0001742,Anjalee Reddy,,Donur,2026-05-24,Phone call,Reached; promised follow-up,ASHA,FAC007,E0003538,Medicine pickup
OUT0003899,OUP0001743,Kvitha Basha,9977057696,Kondamallepally,2026-06-16,Phone call,Reached; promised follow-up,CHO,FAC012,E0003539,Review visit
OUT0003900,OUP0001743,Kavitha Basha,+91-99770-56696,Kondamallepally,2026-07-02,Phone call,Reached; promised follow-up,ASHA,FAC012,E0003539,Test completion
OUT0003901,OUP0001743,Kavitha Basha,9977056696,Kondamallepally,2026-07-14,WhatsApp/SMS,Reached; counselled,ASHA,FAC012,E0003539,Medicine pickup
OUT0003902,OUP0001744,Rani Patel,9473738692,Patancheru,2026-06-23,Home visit,Reached; promised follow-up,CHO,FAC027,E0003540,General adherence
OUT0003903,OUP0001744,Rani Patel,9493738692,Patancheru,2026-07-10,Village health day reminder,Family member reached,ASHA,FAC027,E0003540,Review visit
OUT0003904,OUP0001745,Rju Jangam,9940856460,Patancheru,2026-06-04,Home visit,Reached; counselled,CHO,FAC027,E0003543,General adherence
OUT0003905,OUP0001745,Raju Jangam,9940856460,Patancheru,2026-05-19,Phone call,Reached; counselled,CHO,FAC027,E0003543,Test completion
OUT0003906,OUP0001745,Raju Jangam,9940856460,Patancheru,2026-06-07,Home visit,Reached; promised follow-up,CHO,FAC027,E0003543,Review visit
OUT0003907,OUP0001746,Anil Narsimha,9924011416,NAKREKAL,2026-03-02,WhatsApp/SMS,Reached; counselled,CHO,FAC017,E0003544,Test completion
OUT0003908,OUP0001746,Anil Narsimha,9924011416,Nakrekal,2026-03-02,WhatsApp/SMS,Reached; counselled,CHO,FAC017,E0003544,Review visit
OUT0003909,OUP0001746,Anil Narsimha,9924011416,Nakrekal,2026-03-08,Phone call,Reached; counselled,ASHA,FAC017,E0003544,Review visit
OUT0003910,OUP0001747,Mohan Das,9860286184,Zaheerabad,2026-01-25,Home visit,Reached; promised follow-up,ASHA,FAC022,E0003546,Review visit
OUT0003911,OUP0001747,Mohan Das,9860286184,Zaheerabad,2026-01-29,WhatsApp/SMS,Wrong number,CHO,FAC022,E0003546,Medicine pickup
OUT0003912,OUP0001747,Mohan Das,9860286184,Zaheerabad,2026-01-31,Phone call,Patient unavailable,ASHA,FAC022,E0003546,Review visit
OUT0003913,OUP0001748,Jyothi Begum,9919348454,Velpula,2026-07-28,Phone call,Patient unavailable,CHO,FAC009,E0003548,Test completion
OUT0003914,OUP0001748,Jyothi Begum,9919348454,Velpula,2026-07-31,Home visit,Phone switched off,CHO,FAC009,E0003548,Test completion
OUT0003915,OUP0001748,Jyothi Begum,9919348454,Velpula,2026-07-20,Home visit,No answer,CHO,FAC009,E0003548,Test completion
OUT0003916,OUP0001749,Praveen Begum,9555139557,Devarakonda,2026-02-26,Phone call,Family member reached,CHO,FAC012,E0003549,Medicine pickup
OUT0003917,OUP0001749,Praveen,9555139557,Devarakonda,2026-02-13,Home visit,Reached; counselled,CHO,FAC012,E0003549,Review visit
OUT0003918,OUP0001749,Praveen Begum,9555139557,DEVARAKONDA,2026-02-23,Phone call,Reached; counselled,CHO,FAC012,E0003549,Review visit
OUT0003919,OUP0001750,Santosh Krishna,,Nakrekal,2026-06-25,Phone call,Family member reached,ASHA,FAC016,E0003550,General adherence
OUT0003920,OUP0001750,Santosh Krishna,9761407486,Nakrekal,2026-07-07,Village health day reminder,Reached; promised follow-up,CHO,FAC016,E0003550,General adherence
OUT0003921,OUP0001750,Santosh Krishna,9761407486,NAKREKAL,2026-07-03,Phone call,Family member reached,CHO,FAC016,E0003550,Review visit
OUT0003922,OUP0001751,Santosh Kumar,9480146449,Vemul,2026-09-03,Home visit,Family member reached,ASHA,FAC009,E0003553,General adherence
OUT0003923,OUP0001751,Santosh Kumar,9410146449,Vemula,2026-08-25,Home visit,Phone switched off,ASHA,FAC009,E0003553,Review visit
OUT0003924,OUP0001751,Santosh Kumar,9410146449,Vemula,2026-08-26,Phone call,Family member reached,ASHA,FAC009,E0003553,Review visit
OUT0003925,OUP0001752,Deepika Basha,9578131320,Zaheerabad,2026-01-25,Phone call,Reached; counselled,ASHA,FAC022,E0003555,Review visit
OUT0003926,OUP0001752,Deepika Basha,9578131320,Zaheerabad,2026-02-03,Phone call,Reached; promised follow-up,ASHA,FAC022,E0003555,General adherence
OUT0003927,OUP0001752,Deepika Basha,9578131320,Zaheerabad,2026-05-14,Home visit,Family member reached,CHO,FAC024,E0003556,Medicine pickup
OUT0003928,OUP0001752,Deepika Basha,9578131380,Zaheerabad,2026-05-19,Phone call,No answer,ASHA,FAC024,E0003556,General adherence
OUT0003929,OUP0001752,Deepika Basha,+91-95781-31320,Zaheeraba,2026-05-20,Phone call,Reached; counselled,CHO,FAC024,E0003556,Review visit
OUT0003930,OUP0001753,Ravi,9677555832,Bhanur,2026-04-20,Village health day reminder,Family member reached,ASHA,FAC025,E0003558,Medicine pickup
OUT0003931,OUP0001754,Mahesh Goud,9637732777,Nomula,2026-02-24,Village health day reminder,Reached; counselled,ASHA,FAC016,E0003559,Medicine pickup
OUT0003932,OUP0001754,Mahesh Goud,9637732777,NOMULA,2026-08-08,Village health day reminder,Reached; counselled,CHO,FAC018,E0003560,General adherence
OUT0003933,OUP0001755,Sushma Krishna,9008397076,Nakreka,2026-06-24,Home visit,Phone switched off,ASHA,FAC017,E0003563,Test completion
OUT0003934,OUP0001756,Swathee Devi,+91-96998-43400,Jharasangam,2026-06-26,WhatsApp/SMS,Reached; counselled,CHO,FAC023,E0003564,Review visit
OUT0003935,OUP0001756,Swathi Devi,9699843400,JHARASANGAM,2026-06-29,Phone call,Reached; promised follow-up,ASHA,FAC023,E0003564,Review visit
OUT0003936,OUP0001756,Swathi Devi,9699843400,Jharasangam,2026-07-03,WhatsApp/SMS,Reached; counselled,CHO,FAC024,E0003565,Test completion
OUT0003937,OUP0001756,Swathi Devi,9699843400,Jharasangam,2026-07-14,Phone call,Reached; counselled,ASHA,FAC024,E0003565,Test completion
OUT0003938,OUP0001756,Swathi Devi,9699843410,Jharasangam,2026-07-07,WhatsApp/SMS,Patient unavailable,CHO,FAC024,E0003565,General adherence
OUT0003939,OUP0001757,Saritha Narsimha,9315614392,Zaheerabad,2026-05-23,Home visit,Family member reached,ASHA,FAC022,E0003566,Review visit
OUT0003940,OUP0001758,Naveen Narsimha,9506301369,Bodajanampet,2026-07-22,Phone call,Family member reached,CHO,FAC004,E0003569,Medicine pickup
OUT0003941,OUP0001758,Naveen Narsimha,9506301369,Bodajanampet,2026-07-31,Village health day reminder,Reached; promised follow-up,ASHA,FAC004,E0003569,Medicine pickup
OUT0003942,OUP0001758,Naveen Narsimha,9506301369,Bodajanampet,2026-08-19,Phone call,Reached; counselled,CHO,FAC004,E0003569,Review visit
OUT0003943,OUP0001759,Saritha Mudiraj,9069344734,Zaheerabad,2026-02-14,Village health day reminder,Family member reached,CHO,FAC024,E0003571,General adherence
OUT0003944,OUP0001760,Renuka Mallaiah,9952297675,Nakrekal,2026-08-06,Village health day reminder,Family member reached,ASHA,FAC017,E0003572,Test completion
OUT0003945,OUP0001761,Swathi Krishna,9243913008,Manoor,2026-04-01,Village health day reminder,Reached; promised follow-up,ASHA,FAC019,E0003575,Medicine pickup
OUT0003946,OUP0001761,Swathi Krishna,9243913008,Manoor,2026-04-10,Village health day reminder,Wrong number,ASHA,FAC019,E0003575,Medicine pickup
OUT0003947,OUP0001761,Swathi Krishna,9243913008,Manoor,2026-04-25,Home visit,No answer,ASHA,FAC019,E0003575,Test completion
OUT0003948,OUP0001762,Kiran Krishna,9408678754,Bangarigadda,2026-02-04,Home visit,Family member reached,CHO,FAC013,E0003576,Medicine pickup
OUT0003949,OUP0001762,Kiran Krishna,9608678754,Bangarigadda,2026-02-02,Phone call,Reached; promised follow-up,ASHA,FAC013,E0003576,Review visit
OUT0003950,OUP0001763,Swathi Mudiraj,+91-93507-00964,Nakreka,2026-03-29,Home visit,Patient unavailable,ASHA,FAC017,E0003581,Medicine pickup
OUT0003951,OUP0001763,Swathi Mudiraj,9350700964,Nakrekal,2026-04-07,Phone call,Family member reached,ASHA,FAC017,E0003581,Test completion
OUT0003952,OUP0001764,Raju Goud,9018446241,Gangapur,2026-02-16,Home visit,Wrong number,ASHA,FAC002,E0003582,Test completion
OUT0003953,OUP0001764,Raju Goud,9018446241,Gangapur,2026-02-19,Home visit,Reached; promised follow-up,ASHA,FAC002,E0003582,Test completion
OUT0003954,OUP0001764,Rju Goud,9018446241,Gangapur,2026-02-27,Phone call,Reached; counselled,CHO,FAC002,E0003582,General adherence
OUT0003955,OUP0001765,Swathi Yadav,9122066692,Gundlapalli,2026-07-23,Phone call,Reached; promised follow-up,ASHA,FAC011,E0003584,Medicine pickup
OUT0003956,OUP0001766,Rajesh Goud,9314417711,INDRESHAM,2026-07-26,Phone call,Reached; promised follow-up,CHO,FAC026,E0003586,Review visit
OUT0003957,OUP0001767,Jyothi Chary,9708808239,Vemula,2026-06-04,Phone call,Reached; promised follow-up,CHO,FAC007,E0003587,Review visit
OUT0003958,OUP0001767,Jyothi Chary,,VEMULA,2026-06-20,Phone call,Reached; promised follow-up,CHO,FAC007,E0003587,Medicine pickup
OUT0003959,OUP0001767,Jyothi Chary,+91-97088-08939,Vemula,2026-06-05,WhatsApp/SMS,No answer,CHO,FAC007,E0003587,Review visit
OUT0003960,OUP0001768,Sushma Shekar,9912328757,Marrur,2026-05-03,Home visit,Reached; promised follow-up,ASHA,FAC017,E0003588,Test completion
OUT0003961,OUP0001768,Sushma Shekar,9912328757,Marrur,2026-05-13,Phone call,Reached; promised follow-up,CHO,FAC017,E0003588,Review visit
OUT0003962,OUP0001769,Raghav Krishna,9540982927,Patancheru,2026-05-06,WhatsApp/SMS,Reached; counselled,ASHA,FAC025,E0003589,Test completion
OUT0003963,OUP0001769,Raghav Krishna,9540982927,PATANCHERU,2026-05-30,WhatsApp/SMS,Reached; promised follow-up,ASHA,FAC027,E0003590,Test completion
OUT0003964,OUP0001770,Sushma Yadav,9367026534,Gangapur,2026-01-20,WhatsApp/SMS,Reached; promised follow-up,CHO,FAC002,E0003591,Test completion
OUT0003965,OUP0001771,Jyothi Mudiraj,9169567229,Midji,2026-07-26,WhatsApp/SMS,No answer,CHO,FAC009,E0003592,General adherence
OUT0003966,OUP0001771,Jyothi Mudiraj,+91-91695-67229,Midjil,2026-07-29,Home visit,Reached; promised follow-up,CHO,FAC009,E0003592,General adherence
OUT0003967,OUP0001771,Jyothi Mudiraj,+91-91695-67229,Midjil,2026-07-26,Home visit,Family member reached,ASHA,FAC009,E0003592,Test completion
OUT0003968,OUP0001772,Jyothi Mallaiah,9962083632,Badepally,2026-06-26,Home visit,Phone switched off,ASHA,FAC001,E0003593,General adherence
OUT0003969,OUP0001772,Jyothi Mallaiah,9962083632,BADEPALLY,2026-06-29,Phone call,Reached; promised follow-up,CHO,FAC001,E0003593,Test completion
OUT0003970,OUP0001773,Lakshmi Chary,9486063609,Velpula,2026-03-10,Village health day reminder,Reached; counselled,ASHA,FAC007,E0003594,Review visit
OUT0003971,OUP0001773,Lakshmi Chary,9486063609,Velpula,2026-03-10,Phone call,Family member reached,CHO,FAC007,E0003594,Medicine pickup
OUT0003972,OUP0001773,Lakshmi Chary,9486033609,Velpula,2026-03-21,Phone call,Family member reached,CHO,FAC007,E0003594,Review visit
OUT0003973,OUP0001774,Arun Yadav,9258984562,Devarakonda,2026-04-12,WhatsApp/SMS,Reached; counselled,CHO,FAC010,E0003595,Medicine pickup
OUT0003974,OUP0001774,Arun Yadav,9258984562,Devarakonda,2026-04-09,Village health day reminder,Reached; promised follow-up,ASHA,FAC010,E0003595,Test completion
OUT0003975,OUP0001775,Ravee Reddy,+91-91795-96684,Balanagar,2026-05-16,WhatsApp/SMS,Family member reached,ASHA,FAC006,E0003596,Medicine pickup
OUT0003976,OUP0001775,Rvi Reddy,9179596684,Balanagar,2026-05-27,Phone call,Family member reached,CHO,FAC006,E0003596,General adherence
OUT0003977,OUP0001776,Kiran Goud,9414598514,Indresham,2026-05-10,Phone call,Reached; counselled,ASHA,FAC027,E0003598,General adherence
OUT0003978,OUP0001776,Kiran Goud,+91-98145-98514,Indresham,2026-04-29,Phone call,Reached; counselled,CHO,FAC027,E0003598,Review visit
OUT0003979,OUP0001777,Shankar Das,9027970594,Gundlapally,2026-05-10,WhatsApp/SMS,Reached; promised follow-up,CHO,FAC010,E0003599,Medicine pickup
OUT0003980,OUP0001777,Shnkar Das,9027970594,Gundlapally,2026-05-13,Phone call,Phone switched off,CHO,FAC010,E0003599,Test completion
OUT0003981,OUP0001778,Shankar Yadav,9035041121,Jharasangam,2026-05-31,Phone call,No answer,CHO,FAC023,E0003600,Review visit
OUT0003982,OUP0001778,Shankar,9035241121,Jharasangam,2026-05-28,Phone call,Family member reached,ASHA,FAC023,E0003600,Test completion
OUT0003983,OUP0001779,Mohan Mallaiah,9763556361,Kummarikunta,2026-04-26,Home visit,Patient unavailable,CHO,FAC015,E0003601,Review visit
OUT0003984,OUP0001780,Harika Mudiraj,9159995621,Velpula,2026-01-13,Village health day reminder,Reached; counselled,CHO,FAC008,E0003603,Review visit
OUT0003985,OUP0001780,Harika Mudiraj,9159995621,Velpula,2026-08-06,WhatsApp/SMS,Reached; counselled,ASHA,FAC008,E0003605,General adherence
OUT0003986,OUP0001780,Harika Mudiraj,9159995621,Velpul,2026-08-21,WhatsApp/SMS,No answer,CHO,FAC008,E0003605,Review visit
OUT0003987,OUP0001781,Srilatha Chary,9193313726,Gundlapally,2026-01-12,Phone call,Reached; promised follow-up,CHO,FAC011,E0003608,Test completion
OUT0003988,OUP0001781,Srilatha Chary,9193313726,Gundlapally,2026-01-16,WhatsApp/SMS,Reached; counselled,ASHA,FAC011,E0003608,Review visit
OUT0003989,OUP0001781,Srilatha Chary,9193313726,Gundlapally,2026-01-18,Phone call,Phone switched off,CHO,FAC011,E0003608,General adherence
OUT0003990,OUP0001782,Nirmala Reddy,,JHARASANGAM,2026-06-26,WhatsApp/SMS,No answer,ASHA,FAC023,E0003609,General adherence
OUT0003991,OUP0001783,Deepika Goud,9808564940,Zaheerabad,2026-01-09,Home visit,Phone switched off,CHO,FAC023,E0003610,Medicine pickup
OUT0003992,OUP0001784,Srilatha,9548418189,Macharam,2026-02-19,Phone call,Reached; counselled,ASHA,FAC003,E0003611,Test completion
OUT0003993,OUP0001784,Srilatha Narsimha,+91-95484-18189,Macharam,2026-02-16,Phone call,Reached; counselled,CHO,FAC003,E0003611,General adherence
OUT0003994,OUP0001785,Lalitha Jangam,9423956622,Bangarigadda,2026-04-30,Phone call,Family member reached,ASHA,FAC015,E0003612,Review visit
OUT0003995,OUP0001786,nitha Krishna,,VEMULA,2026-07-01,Phone call,Reached; promised follow-up,CHO,FAC008,E0003613,General adherence
OUT0003996,OUP0001787,Bhavani Reddy,9088588155,Chandur,2026-07-29,Phone call,Reached; counselled,CHO,FAC015,E0003614,Test completion
OUT0003997,OUP0001787,Bhavani Reddy,9088588155,Chandur,2026-07-30,Home visit,Reached; counselled,CHO,FAC015,E0003614,Test completion
OUT0003998,OUP0001787,Bhavani Reddy,9088588155,Chandur,2026-07-28,Home visit,Reached; promised follow-up,CHO,FAC015,E0003614,Test completion
OUT0003999,OUP0001788,Shobha Kumar,,Kallepally,2026-05-26,Home visit,Reached; counselled,CHO,FAC005,E0003615,Test completion
OUT0004000,OUP0001788,Shobha Kumar,9104947427,Kallepall,2026-05-28,Home visit,Phone switched off,CHO,FAC005,E0003615,Review visit
OUT0004001,OUP0001788,Shobha Kumar,9104947427,Kallepally,2026-06-06,WhatsApp/SMS,Reached; promised follow-up,CHO,FAC005,E0003615,Medicine pickup
OUT0004002,OUP0001788,Shobha Kumar,9104947427,KALLEPALLY,2026-06-25,Phone call,Family member reached,CHO,FAC004,E0003616,Test completion
OUT0004003,OUP0001788,sobha Kumar,,Kallepally,2026-06-27,Phone call,Reached; promised follow-up,ASHA,FAC004,E0003616,Test completion
OUT0004004,OUP0001789,Lalitha Mudiraj,9190964615,NARAYANKHED,2026-02-22,WhatsApp/SMS,Phone switched off,ASHA,FAC021,E0003618,Review visit
OUT0004005,OUP0001789,Lalitha Mudiraj,9190964615,NARAYANKHED,2026-03-06,Home visit,Reached; promised follow-up,CHO,FAC021,E0003618,Review visit
OUT0004006,OUP0001789,Lalitha Mudiraj,+91-91909-64615,Narayankhed,2026-03-05,Phone call,Family member reached,ASHA,FAC021,E0003618,Test completion
OUT0004007,OUP0001790,Anil Basha,,Kalher,2026-04-09,Phone call,Reached; promised follow-up,ASHA,FAC019,E0003619,Review visit
OUT0004008,OUP0001790,Anil Basha,9498561079,Kalher,2026-04-01,Phone call,Patient unavailable,CHO,FAC019,E0003619,General adherence
OUT0004009,OUP0001790,Anil Basha,9498561079,Kalher,2026-04-08,Home visit,Reached; promised follow-up,ASHA,FAC019,E0003619,General adherence
OUT0004010,OUP0001790,Aneel Basha,9498561079,KALHER,2026-08-14,Phone call,Reached; counselled,ASHA,FAC019,E0003620,General adherence
OUT0004011,OUP0001790,Anil Basha,9498561079,Kalher,2026-08-27,Home visit,Patient unavailable,CHO,FAC019,E0003620,Test completion
OUT0004012,OUP0001790,Aneel Basha,+91-94985-61079,Kalher,2026-08-22,Phone call,Reached; promised follow-up,ASHA,FAC019,E0003620,Review visit
OUT0004013,OUP0001791,Nirmala Khan,9810370587,Kangti,2026-01-18,Phone call,Reached; counselled,ASHA,FAC021,E0003621,Review visit
OUT0004014,OUP0001792,Naveen Reddy,9982288495,Badepally,2026-03-30,Home visit,Family member reached,ASHA,FAC003,E0003626,Medicine pickup
OUT0004015,OUP0001792,Naveen Reddy,9982280495,Badepally,2026-03-31,Phone call,No answer,CHO,FAC003,E0003626,Medicine pickup
OUT0004016,OUP0001792,Naveen Reddy,9982288495,Badepally,2026-03-29,Village health day reminder,Reached; promised follow-up,CHO,FAC003,E0003626,Review visit
OUT0004017,OUP0001793,Arun Begum,9004920151,Kummarikunta,2026-03-01,Home visit,Reached; promised follow-up,CHO,FAC015,E0003628,General adherence
OUT0004018,OUP0001793,Arun Begum,9004920151,Kummarikunta,2026-02-16,Phone call,Wrong number,CHO,FAC015,E0003628,Medicine pickup
OUT0004019,OUP0001793,Arun Begum,9004920151,Kummarikunta,2026-02-21,Phone call,Family member reached,ASHA,FAC015,E0003628,Medicine pickup
OUT0004020,OUP0001793,Arun Begum,9004920151,Kummarikunta,2026-08-11,Phone call,Reached; counselled,CHO,FAC013,E0003629,Test completion
OUT0004021,OUP0001794,Lakshmi Shekar,9546552811,Chandur,2026-02-03,Village health day reminder,Family member reached,CHO,FAC013,E0003634,Review visit
OUT0004022,OUP0001794,Lakshmi Shekar,9546552811,Chandur,2026-01-28,Village health day reminder,Family member reached,CHO,FAC013,E0003634,Test completion
OUT0004023,OUP0001794,Lakshmi Shekar,,Chandur,2026-01-26,Phone call,Reached; promised follow-up,ASHA,FAC013,E0003634,General adherence
OUT0004024,OUP0001794,Lakshmi Shekar,9546552811,Chandur,2026-06-04,Village health day reminder,Family member reached,CHO,FAC015,E0003635,General adherence
OUT0004025,OUP0001794,Lakshmi Shekar,9546552411,Chandur,2026-05-29,Phone call,Phone switched off,ASHA,FAC015,E0003635,Review visit
OUT0004026,OUP0001795,Anjali Basha,9301230799,Badepally,2026-03-14,Home visit,Phone switched off,CHO,FAC002,E0003638,General adherence
OUT0004027,OUP0001795,Anjali Basha,9301230799,Badepally,2026-03-08,Phone call,Patient unavailable,CHO,FAC002,E0003638,Test completion
OUT0004028,OUP0001795,Anjali Basha,,Badepally,2026-03-09,Home visit,Reached; promised follow-up,ASHA,FAC002,E0003638,General adherence
OUT0004029,OUP0001796,Mounika Narsimha,9926807654,Polepally,2026-06-23,Phone call,Patient unavailable,CHO,FAC001,E0003641,General adherence
OUT0004030,OUP0001797,Mahes Yadav,9420355556,Bhanur,2026-05-19,Phone call,Reached; promised follow-up,CHO,FAC027,E0003645,Review visit
OUT0004031,OUP0001797,Mahesh Yadav,9420355556,Bhanur,2026-06-23,Phone call,Reached; promised follow-up,ASHA,FAC025,E0003646,Review visit
OUT0004032,OUP0001797,Mahesh Yadav,9420355556,Bhanur,2026-07-06,Home visit,Phone switched off,ASHA,FAC025,E0003646,General adherence
OUT0004033,OUP0001797,Mahesh Yadav,9420355556,Bhanur,2026-06-22,Phone call,Reached; promised follow-up,CHO,FAC025,E0003646,Medicine pickup
OUT0004034,OUP0001798,Vinod Begum,9086349504,Narayankhed,2026-07-11,Phone call,Wrong number,CHO,FAC019,E0003647,Review visit
OUT0004035,OUP0001798,Vinod Begum,9086349504,Narayankhed,2026-07-12,Phone call,Patient unavailable,CHO,FAC019,E0003647,Review visit
OUT0004036,OUP0001799,Srinivas Das,9683439193,Bodajanampet,2026-01-23,Village health day reminder,No answer,CHO,FAC004,E0003651,General adherence
OUT0004037,OUP0001800,Ravi Naik,9389230483,Kummarikunta,2026-06-30,Village health day reminder,Reached; promised follow-up,ASHA,FAC013,E0003652,Test completion
OUT0004038,OUP0001800,Ravi Naik,9389230483,Kummarikunta,2026-07-02,Phone call,Phone switched off,ASHA,FAC013,E0003652,Medicine pickup
OUT0004039,OUP0001801,Naveen,9990609741,Nakrekal,2026-06-28,Phone call,Patient unavailable,CHO,FAC017,E0003654,Medicine pickup
OUT0004040,OUP0001801,Naveen Devi,9990609741,Nakrekal,2026-07-05,Village health day reminder,Family member reached,ASHA,FAC017,E0003654,Test completion
OUT0004041,OUP0001801,Naveen Devi,+91-99906-09741,Nakrekal,2026-07-08,Phone call,Reached; promised follow-up,ASHA,FAC017,E0003654,General adherence
OUT0004042,OUP0001802,Bhavani Basha,9103309694,Gundlapally,2026-05-23,Home visit,No answer,ASHA,FAC012,E0003656,Test completion
OUT0004043,OUP0001802,Bhavani Basha,+91-91033-09694,Gundlapally,2026-05-25,Phone call,No answer,ASHA,FAC012,E0003656,General adherence
OUT0004044,OUP0001802,Bhavani Basha,9103309694,Gundlapally,2026-07-19,Village health day reminder,Reached; promised follow-up,ASHA,FAC010,E0003657,Medicine pickup
OUT0004045,OUP0001802,Bhavani Basha,9103309694,Gundlapally,2026-08-10,Phone call,Patient unavailable,CHO,FAC010,E0003657,General adherence
OUT0004046,OUP0001803,Kiran,9098152216,Kangti,2026-08-01,Home visit,Reached; promised follow-up,ASHA,FAC019,E0003658,Medicine pickup
OUT0004047,OUP0001803,Kiran Rao,9698152216,Kangt,2026-08-09,Phone call,Family member reached,CHO,FAC019,E0003658,Test completion
OUT0004048,OUP0001803,Kiran Rao,9098152216,Kangti,2026-08-06,Phone call,Wrong number,CHO,FAC019,E0003659,Review visit
OUT0004049,OUP0001804,Swathi Shekar,9977992587,Balanagar,2026-07-11,Village health day reminder,Reached; promised follow-up,ASHA,FAC004,E0003662,Medicine pickup
OUT0004050,OUP0001804,Swathi Shekar,,Balanagar,2026-07-17,Phone call,Reached; counselled,ASHA,FAC004,E0003662,General adherence
OUT0004051,OUP0001804,Swathi sekar,9977992587,Balanagar,2026-08-13,Phone call,Reached; promised follow-up,ASHA,FAC004,E0003663,Test completion
OUT0004052,OUP0001805,Suresh Khan,9994746481,Ameenpur,2026-04-04,Phone call,Phone switched off,CHO,FAC025,E0003667,General adherence
OUT0004053,OUP0001806,Divya Das,,Badepall,2026-06-22,Home visit,Family member reached,ASHA,FAC003,E0003671,Medicine pickup
OUT0004054,OUP0001806,Divya Das,9608374505,Badepally,2026-06-15,Phone call,Reached; promised follow-up,ASHA,FAC003,E0003671,General adherence
OUT0004055,OUP0001807,Rani Yadaw,+91-95164-27827,Devarakonda,2026-07-14,Phone call,Phone switched off,CHO,FAC010,E0003673,General adherence
OUT0004056,OUP0001807,Rani Yadav,9516427827,Devarakonda,2026-07-26,Village health day reminder,Reached; promised follow-up,CHO,FAC010,E0003673,Medicine pickup
OUT0004057,OUP0001808,Kavitha Kumar,9543753391,Nomula,2026-04-06,Home visit,Reached; counselled,ASHA,FAC016,E0003674,Review visit
OUT0004058,OUP0001809,Srilatha Chary,9260613185,Kangti,2026-06-04,Phone call,Reached; counselled,CHO,FAC019,E0003675,Medicine pickup
OUT0004059,OUP0001809,Srilatha Chary,+91-92606-13185,Kangti,2026-06-15,Phone call,No answer,CHO,FAC019,E0003675,General adherence
OUT0004060,OUP0001810,Mahesh Yadav,9650798223,Nomul,2026-07-23,Village health day reminder,Family member reached,CHO,FAC016,E0003677,General adherence
OUT0004061,OUP0001810,Mahesh Yadav,9650798223,Nomula,2026-07-27,Phone call,Wrong number,CHO,FAC016,E0003677,Medicine pickup
OUT0004062,OUP0001810,Mahesh Yadav,9650768223,Nomula,2026-08-16,Phone call,Reached; counselled,ASHA,FAC016,E0003677,General adherence
OUT0004063,OUP0001811,Bhavani Goud,9773041199,Indresham,2026-04-30,Home visit,Reached; promised follow-up,CHO,FAC025,E0003678,Medicine pickup
OUT0004064,OUP0001811,Bhavani Goud,9773041199,Indresham,2026-04-17,Phone call,Reached; promised follow-up,ASHA,FAC025,E0003678,General adherence
OUT0004065,OUP0001811,Bhavani Goud,9773041199,Indresham,2026-05-29,WhatsApp/SMS,Family member reached,CHO,FAC026,E0003679,General adherence
OUT0004066,OUP0001811,Bhavani Goud,+91-97730-41199,Indresham,2026-05-15,Home visit,No answer,CHO,FAC026,E0003679,Test completion
OUT0004067,OUP0001812,Vinod Kumar,9649859296,Gangapur,2026-05-31,Village health day reminder,Reached; counselled,ASHA,FAC003,E0003680,Medicine pickup
OUT0004068,OUP0001812,Vinod Kumar,9649859296,Gangapur,2026-07-11,Phone call,Reached; counselled,CHO,FAC001,E0003681,Medicine pickup
OUT0004069,OUP0001813,Raghaw Basha,9432304726,Rajapur,2026-03-23,Phone call,Wrong number,CHO,FAC006,E0003682,Medicine pickup
OUT0004070,OUP0001813,Raghav Basha,9432304726,Rajapur,2026-03-24,Phone call,Reached; promised follow-up,CHO,FAC006,E0003682,General adherence
OUT0004071,OUP0001814,Bhavani Das,9378941720,MOGUDAMPALLY,2026-04-10,Home visit,Phone switched off,ASHA,FAC023,E0003683,Medicine pickup
OUT0004072,OUP0001814,Bhavani Das,9378941720,Mogudampally,2026-04-14,Home visit,Wrong number,ASHA,FAC023,E0003683,Medicine pickup
OUT0004073,OUP0001815,Swathi Jangam,,Bangarigadda,2026-01-22,Phone call,Reached; counselled,ASHA,FAC013,E0003684,General adherence
OUT0004074,OUP0001816,Jyothi Ptel,9479955084,Nomula,2026-03-23,Home visit,No answer,CHO,FAC016,E0003685,Review visit
OUT0004075,OUP0001816,Jyothi Patel,9479955084,Nomula,2026-03-28,Phone call,Patient unavailable,CHO,FAC016,E0003685,Test completion
OUT0004076,OUP0001817,Sai Yadav,9501440558,Bangarigadda,2026-03-27,Phone call,Reached; promised follow-up,CHO,FAC013,E0003686,Test completion
OUT0004077,OUP0001818,Swathi Begum,9994981950,Kallepalli,2026-02-25,Home visit,Reached; counselled,CHO,FAC006,E0003688,Medicine pickup
OUT0004078,OUP0001818,Swathi Begum,9994981950,Kallepall,2026-02-16,Phone call,Family member reached,CHO,FAC006,E0003688,Test completion
OUT0004079,OUP0001819,Anitha Shekar,9725552700,Gangapur,2026-04-06,Phone call,Reached; counselled,ASHA,FAC003,E0003689,Test completion
OUT0004080,OUP0001820,Suresh Begum,9725840205,Devarakonda,2026-07-11,Village health day reminder,Patient unavailable,CHO,FAC011,E0003692,General adherence
OUT0004081,OUP0001820,Suresh Begum,,Devarakonda,2026-07-14,Home visit,Reached; promised follow-up,CHO,FAC011,E0003692,Medicine pickup
OUT0004082,OUP0001820,Suresh Begum,9725840205,Devarakonda,2026-08-20,WhatsApp/SMS,Reached; counselled,CHO,FAC012,E0003693,Review visit
OUT0004083,OUP0001820,Suresh Begum,+91-97258-40205,Devarakonda,2026-08-15,Phone call,Reached; counselled,ASHA,FAC012,E0003693,General adherence
OUT0004084,OUP0001821,Mahesh Khan,9364927370,KONDAMALLEPALLY,2026-02-06,Phone call,Reached; promised follow-up,ASHA,FAC012,E0003695,Test completion
OUT0004085,OUP0001821,Mahesh Khan,9364927370,KONDAMALLEPALLY,2026-02-09,WhatsApp/SMS,Reached; counselled,CHO,FAC012,E0003695,Test completion
OUT0004086,OUP0001822,Anil Mallaiah,9514024807,Narayankhed,2026-05-11,Phone call,Reached; promised follow-up,ASHA,FAC021,E0003697,General adherence
OUT0004087,OUP0001823,Lalitha Chary,9253348987,Balanagar,2026-04-11,Phone call,Wrong number,ASHA,FAC006,E0003699,General adherence
OUT0004088,OUP0001823,Lalitha Chary,9253348987,Balanagar,2026-04-10,WhatsApp/SMS,Family member reached,ASHA,FAC006,E0003699,Medicine pickup
OUT0004089,OUP0001824,Swathi Shekar,9694799863,MANGALAPALLY,2026-08-13,Phone call,Family member reached,CHO,FAC017,E0003703,General adherence
OUT0004090,OUP0001824,Swathi Shekar,9694796863,Mangalapally,2026-08-14,Home visit,Reached; promised follow-up,CHO,FAC017,E0003703,Test completion
OUT0004091,OUP0001825,Lakshmi Mallaiah,9760149388,Kohir,2026-03-16,Village health day reminder,Reached; counselled,CHO,FAC023,E0003707,General adherence
OUT0004092,OUP0001825,Lakshmi Mallaiah,9760149388,Kohir,2026-03-29,Home visit,Reached; promised follow-up,CHO,FAC023,E0003707,General adherence
OUT0004093,OUP0001826,Mohan Kumar,9159077873,Nermata,2026-01-29,Phone call,Family member reached,ASHA,FAC015,E0003709,Test completion
OUT0004094,OUP0001827,Divya Yadav,9072217960,Bhanur,2026-04-10,WhatsApp/SMS,Phone switched off,CHO,FAC026,E0003710,Review visit
OUT0004095,OUP0001827,Divya Yadav,9072217960,Bhanur,2026-03-27,Village health day reminder,Reached; counselled,ASHA,FAC026,E0003710,General adherence
OUT0004096,OUP0001827,Divya Yadav,9072217960,Bhanur,2026-04-07,Phone call,Reached; promised follow-up,ASHA,FAC026,E0003710,Medicine pickup
OUT0004097,OUP0001827,Divya Yadav,9072217960,Bhanur,2026-05-14,Phone call,Family member reached,ASHA,FAC025,E0003711,General adherence
OUT0004098,OUP0001827,Deevya Yadav,,Bhanur,2026-05-23,Phone call,Family member reached,ASHA,FAC025,E0003711,Medicine pickup
OUT0004099,OUP0001827,Divya Yadav,9072211960,Bhanur,2026-06-05,Phone call,Family member reached,CHO,FAC025,E0003711,Medicine pickup
OUT0004100,OUP0001828,Kiran Mallaiah,9275352621,Kallepally,2026-02-16,Phone call,Patient unavailable,ASHA,FAC004,E0003715,Medicine pickup
OUT0004101,OUP0001828,Kiran Mallaiah,9275352621,Kallepally,2026-02-21,Phone call,Family member reached,CHO,FAC004,E0003715,Medicine pickup
OUT0004102,OUP0001828,Kiran Mallaiah,9275352621,Kallepally,2026-02-24,Phone call,No answer,CHO,FAC004,E0003715,Review visit
OUT0004103,OUP0001829,Divya Basha,9664295990,Kalher,2026-01-19,Phone call,Phone switched off,ASHA,FAC021,E0003716,General adherence
OUT0004104,OUP0001829,Divya Basha,9664295990,Kalher,2026-02-11,Home visit,Family member reached,ASHA,FAC021,E0003716,General adherence
OUT0004105,OUP0001830,Naveen Laxman,+91-93605-89164,Narayankhed,2026-08-06,Phone call,Wrong number,ASHA,FAC019,E0003717,Medicine pickup
OUT0004106,OUP0001830,Naveen Laxman,9360589164,Narayankhed,2026-08-25,WhatsApp/SMS,Phone switched off,ASHA,FAC019,E0003717,General adherence
OUT0004107,OUP0001831,sankar Yadav,9217952050,Manoor,2026-05-15,Phone call,Reached; counselled,CHO,FAC019,E0003718,General adherence
OUT0004108,OUP0001832,Shankar Rao,,Nakrekal,2026-05-07,WhatsApp/SMS,Reached; counselled,ASHA,FAC017,E0003719,Review visit
OUT0004109,OUP0001832,Shankar Rao,9325376415,Nakrekal,2026-05-07,Home visit,No answer,ASHA,FAC017,E0003719,Review visit
OUT0004110,OUP0001832,Shankar Rao,9325376415,Nakreka,2026-05-13,Village health day reminder,Family member reached,ASHA,FAC017,E0003719,Test completion
OUT0004111,OUP0001833,Saritha Devi,9751028573,Nakrekal,2026-03-20,Home visit,Phone switched off,CHO,FAC017,E0003720,Review visit
OUT0004112,OUP0001834,Vinod Laxman,9145677475,Kondamallepally,2026-05-13,Home visit,Patient unavailable,CHO,FAC012,E0003722,Test completion
OUT0004113,OUP0001834,Vinod Lxman,9145677475,KONDAMALLEPALLY,2026-05-01,Phone call,Reached; promised follow-up,CHO,FAC012,E0003722,Review visit
OUT0004114,OUP0001834,Vinod Laxman,9145677475,Kondamallepally,2026-05-17,Phone call,Reached; counselled,CHO,FAC012,E0003722,General adherence
OUT0004115,OUP0001835,Jyothi Kumar,9423677938,Manoor,2026-06-16,Home visit,No answer,CHO,FAC021,E0003723,General adherence
OUT0004116,OUP0001835,Jyothi Kumar,9423677938,Manoor,2026-06-03,Home visit,Wrong number,CHO,FAC021,E0003723,Review visit
OUT0004117,OUP0001836,Sushma Shekar,9658805464,Polepally,2026-01-18,Phone call,Reached; promised follow-up,CHO,FAC003,E0003725,Test completion
OUT0004118,OUP0001836,Sushma Shekar,9658805464,Polepally,2026-01-27,Phone call,Family member reached,CHO,FAC003,E0003725,Review visit
OUT0004119,OUP0001836,Sushma Shekar,9658805464,Polepall,2026-01-26,Home visit,Reached; promised follow-up,ASHA,FAC003,E0003725,Test completion
OUT0004120,OUP0001837,Nirmala Begum,9584181325,Peddadinne,2026-04-25,WhatsApp/SMS,Phone switched off,ASHA,FAC012,E0003728,General adherence
OUT0004121,OUP0001838,Sriniwas Goud,9766889607,Kalher,2026-03-03,Home visit,Reached; counselled,ASHA,FAC019,E0003731,Review visit
OUT0004122,OUP0001838,Srinivas Goud,9766889607,KALHER,2026-02-25,Home visit,Phone switched off,ASHA,FAC019,E0003731,Medicine pickup
OUT0004123,OUP0001838,Srinivas Goud,9766889607,Kalher,2026-03-13,Phone call,Reached; promised follow-up,ASHA,FAC019,E0003731,Review visit
OUT0004124,OUP0001839,Anjali Mallaiah,9863587141,Balanagar,2026-05-16,Phone call,Reached; counselled,ASHA,FAC006,E0003734,Review visit
OUT0004125,OUP0001839,Anjali Mallaiah,9863587141,Balanagar,2026-05-26,Home visit,Wrong number,ASHA,FAC006,E0003734,Review visit
OUT0004126,OUP0001840,Ramesh Yadav,+91-98911-68396,Jharasangam,2026-05-11,Home visit,Reached; promised follow-up,ASHA,FAC024,E0003735,General adherence
OUT0004127,OUP0001840,Ramesh Yadav,9891168396,Jharasangam,2026-05-13,Village health day reminder,Reached; counselled,ASHA,FAC024,E0003735,Review visit
OUT0004128,OUP0001840,Ramesh Yadav,9891168396,Jharasangam,2026-05-21,Phone call,Wrong number,CHO,FAC024,E0003735,General adherence
OUT0004129,OUP0001841,Jyothi Laxman,9222089388,Kondamallepally,2026-05-15,Phone call,Reached; promised follow-up,ASHA,FAC012,E0003738,Medicine pickup
OUT0004130,OUP0001842,Santosh Patel,9923112427,Zaheerabad,2026-01-08,Home visit,Reached; counselled,CHO,FAC022,E0003740,Review visit
OUT0004131,OUP0001842,Santosh Patel,9923112427,Zaheerabad,2026-01-11,Phone call,No answer,ASHA,FAC022,E0003740,Medicine pickup
OUT0004132,OUP0001843,Venkatesh Yadav,9954194336,Peddadinne,2026-08-05,Phone call,Reached; promised follow-up,CHO,FAC010,E0003741,Test completion
OUT0004133,OUP0001843,Venkatesh Yadav,9954194336,Peddadinne,2026-08-03,Village health day reminder,No answer,CHO,FAC010,E0003741,Review visit
OUT0004134,OUP0001844,Harika Shekar,9458760471,Macharam,2026-05-08,Phone call,Reached; counselled,CHO,FAC003,E0003745,Review visit
OUT0004135,OUP0001844,Harika Shekar,9458760471,Macharam,2026-05-15,Phone call,No answer,CHO,FAC003,E0003745,Test completion
OUT0004136,OUP0001845,Anitha Goud,9009169850,Rajapur,2026-04-02,Phone call,Reached; promised follow-up,CHO,FAC005,E0003749,Review visit
OUT0004137,OUP0001846,Shankar Mudiraj,+91-90103-15418,Bangarigadda,2026-04-07,WhatsApp/SMS,Reached; counselled,CHO,FAC015,E0003750,Medicine pickup
OUT0004138,OUP0001847,Rani Jangam,9873095934,Jharasangam,2026-07-13,Home visit,Wrong number,ASHA,FAC023,E0003752,Review visit
OUT0004139,OUP0001847,Rani Jangam,9873095934,Jharasangam,2026-07-16,Phone call,Wrong number,CHO,FAC023,E0003752,Test completion
OUT0004140,OUP0001848,Jyothi Begum,9268261338,Peddadinne,2026-01-19,Village health day reminder,Reached; counselled,CHO,FAC010,E0003754,Review visit
OUT0004141,OUP0001849,Vinod Basha,9181379223,GUNDLAPALLY,2026-03-17,WhatsApp/SMS,Phone switched off,ASHA,FAC012,E0003757,Test completion
OUT0004142,OUP0001849,Vinod Basha,+91-91813-79223,Gundlapally,2026-03-26,Village health day reminder,Reached; promised follow-up,CHO,FAC012,E0003757,General adherence
OUT0004143,OUP0001849,Vinod Basha,9181379223,Gundlapally,2026-03-25,Home visit,Reached; promised follow-up,CHO,FAC012,E0003757,Medicine pickup
OUT0004144,OUP0001850,Ravi Mudiraj,9809471762,Marrur,2026-07-13,Home visit,Family member reached,CHO,FAC018,E0003760,Medicine pickup
OUT0004145,OUP0001851,Rani Begum,9280674104,Donur,2026-03-05,Phone call,Phone switched off,ASHA,FAC008,E0003762,General adherence
OUT0004146,OUP0001851,Rani Begum,9280674104,Donur,2026-02-25,Home visit,Reached; counselled,ASHA,FAC008,E0003762,Test completion
OUT0004147,OUP0001851,Rani Begum,9280674104,Donur,2026-03-09,Home visit,Reached; promised follow-up,CHO,FAC008,E0003762,Medicine pickup
OUT0004148,OUP0001852,Srilatha Mallaiah,9751189650,Badepally,2026-03-23,Phone call,Reached; promised follow-up,CHO,FAC003,E0003764,Test completion
OUT0004149,OUP0001852,Srilatha Mallaiah,9751189680,Badepally,2026-04-08,Home visit,Reached; promised follow-up,CHO,FAC003,E0003764,Test completion
OUT0004150,OUP0001853,Jyothi Begum,9709971262,Patancheru,2026-01-15,Home visit,Reached; counselled,CHO,FAC025,E0003765,Test completion
OUT0004151,OUP0001853,Jyothi Begum,9709971262,Patancheru,2026-01-18,Home visit,Patient unavailable,ASHA,FAC025,E0003765,Review visit
OUT0004152,OUP0001854,Renuka Khan,9934880461,Chandur,2026-03-04,Village health day reminder,Family member reached,ASHA,FAC014,E0003772,Review visit
OUT0004153,OUP0001855,Anil Naik,9067446628,Kondamallepally,2026-07-23,WhatsApp/SMS,Phone switched off,CHO,FAC010,E0003774,Medicine pickup
OUT0004154,OUP0001856,Sushma Das,9378861113,Chandur,2026-08-19,Phone call,Reached; counselled,ASHA,FAC015,E0003775,Test completion
OUT0004155,OUP0001857,Ravi Devi,+91-93240-98653,MANOOR,2026-03-23,Phone call,Family member reached,CHO,FAC020,E0003778,General adherence
OUT0004156,OUP0001858,Anjalee Chary,9485278317,Chandur,2026-07-04,Home visit,Family member reached,ASHA,FAC014,E0003782,Review visit
OUT0004157,OUP0001858,Anjali Chary,9485278317,Chandur,2026-07-12,Village health day reminder,Phone switched off,CHO,FAC014,E0003782,Review visit
OUT0004158,OUP0001858,Anjali Chary,9485278317,CHANDUR,2026-07-25,Home visit,Reached; promised follow-up,ASHA,FAC014,E0003782,Medicine pickup
OUT0004159,OUP0001859,Rajesh Kumar,9784490392,Bhanu,2026-01-11,Home visit,Reached; counselled,ASHA,FAC025,E0003783,General adherence
OUT0004160,OUP0001859,Rajesh Kumar,9784450392,Bhanur,2026-01-17,Home visit,Family member reached,CHO,FAC025,E0003783,General adherence
OUT0004161,OUP0001860,Ramesh Yadav,9648400765,Mogudampall,2026-05-04,Home visit,Reached; counselled,CHO,FAC022,E0003784,Review visit
OUT0004162,OUP0001860,Ramesh Yadaw,9648400765,Mogudampally,2026-05-16,Phone call,Reached; promised follow-up,ASHA,FAC022,E0003784,Medicine pickup
OUT0004163,OUP0001861,Mounika Khan,9688056746,Ameenpur,2026-08-29,Home visit,Family member reached,ASHA,FAC025,E0003785,Medicine pickup
OUT0004164,OUP0001861,Mounika Khan,9688056746,Ameenpur,2026-08-16,Phone call,Reached; promised follow-up,ASHA,FAC025,E0003785,General adherence
OUT0004165,OUP0001861,Mounika Khan,9688056746,Ameenpur,2026-09-02,Phone call,Reached; promised follow-up,ASHA,FAC025,E0003785,General adherence
OUT0004166,OUP0001862,Kiran Basha,9097151025,Nomula,2026-07-07,Phone call,Reached; promised follow-up,CHO,FAC017,E0003786,General adherence
OUT0004167,OUP0001862,Kiran Basha,9097151025,Nomula,2026-07-22,Home visit,Reached; promised follow-up,CHO,FAC017,E0003786,Medicine pickup
OUT0004168,OUP0001863,Rani Kumar,9659466905,Badepally,2026-07-07,Home visit,Family member reached,CHO,FAC003,E0003787,Review visit
OUT0004169,OUP0001863,Rani Kumar,9659466905,Badepally,2026-06-30,Phone call,Reached; promised follow-up,CHO,FAC003,E0003787,Review visit
OUT0004170,OUP0001864,Shankar Basha,9290488974,Velpula,2026-03-16,Phone call,No answer,CHO,FAC008,E0003789,General adherence
OUT0004171,OUP0001864,Shankar Basha,9290488974,Velpula,2026-04-03,WhatsApp/SMS,Reached; counselled,CHO,FAC008,E0003789,General adherence
OUT0004172,OUP0001865,Lakshmi Chary,,Mangalapally,2026-03-26,Home visit,Reached; promised follow-up,ASHA,FAC018,E0003795,Test completion
OUT0004173,OUP0001865,Lakshmi Chary,9135370233,Mangalapally,2026-03-17,Home visit,Patient unavailable,ASHA,FAC018,E0003795,Medicine pickup
OUT0004174,OUP0001866,Praveen Kumar,9272916678,Macharam,2026-06-16,Phone call,Phone switched off,CHO,FAC002,E0003796,Test completion
OUT0004175,OUP0001867,Raghav Chary,9488224827,Marrur,2026-07-28,Phone call,Patient unavailable,CHO,FAC017,E0003797,Test completion
OUT0004176,OUP0001868,Shankar Das,,Kallepally,2026-07-22,Phone call,Reached; promised follow-up,CHO,FAC006,E0003798,Medicine pickup
OUT0004177,OUP0001868,Shankar Das,9668935960,KALLEPALLY,2026-07-31,Phone call,Patient unavailable,CHO,FAC006,E0003798,General adherence
OUT0004178,OUP0001869,Rani Basha,9970387702,Nermata,2026-03-22,Village health day reminder,Family member reached,CHO,FAC013,E0003799,Review visit
OUT0004179,OUP0001869,Rani Basha,+91-99703-87702,Nermata,2026-03-06,WhatsApp/SMS,Family member reached,ASHA,FAC013,E0003799,Medicine pickup
OUT0004180,OUP0001869,Rani Basha,9970387702,Nermata,2026-03-26,Phone call,Reached; promised follow-up,ASHA,FAC013,E0003799,General adherence
OUT0004181,OUP0001870,Suresh Das,9112880738,Indresham,2026-04-26,Phone call,Reached; counselled,CHO,FAC027,E0003800,General adherence
OUT0004182,OUP0001871,Rajesh Das,9846357684,Gundlapally,2026-03-28,WhatsApp/SMS,Phone switched off,CHO,FAC012,E0003801,Test completion
OUT0004183,OUP0001872,Swathi Kumar,9181632961,VEMULA,2026-04-30,Home visit,Reached; promised follow-up,ASHA,FAC008,E0003803,Test completion
OUT0004184,OUP0001873,Ramesh Narsimha,9957655205,Chandur,2026-07-19,Phone call,Family member reached,ASHA,FAC013,E0003807,Review visit
OUT0004185,OUP0001873,Ramesh Narsimha,9957255205,Chandur,2026-08-04,Phone call,Wrong number,ASHA,FAC013,E0003807,Test completion
OUT0004186,OUP0001874,Lakshmi Das,+91-91027-79083,Polepally,2026-01-25,Phone call,Wrong number,ASHA,FAC002,E0003811,General adherence
OUT0004187,OUP0001874,Lkshmi Das,9102779083,Polepally,2026-02-14,Home visit,Patient unavailable,CHO,FAC002,E0003811,Test completion
OUT0004188,OUP0001875,Jyothi Naik,9349691595,Velpula,2026-06-03,Phone call,Reached; promised follow-up,CHO,FAC007,E0003813,Medicine pickup
OUT0004189,OUP0001875,Jyothi Naik,9349694595,Velpula,2026-06-14,Phone call,Reached; counselled,CHO,FAC007,E0003813,Test completion
OUT0004190,OUP0001876,Naveen Naik,9221049631,Polepally,2026-05-13,Phone call,No answer,CHO,FAC002,E0003814,Test completion
OUT0004191,OUP0001876,Naveen Naik,9221049631,Polepally,2026-05-02,Phone call,Reached; counselled,CHO,FAC002,E0003814,Medicine pickup
OUT0004192,OUP0001877,Ramesh Patel,,Jharasangam,2026-08-28,Home visit,Reached; promised follow-up,CHO,FAC022,E0003815,Medicine pickup
OUT0004193,OUP0001877,Ramesh Patel,,Jharasangam,2026-08-15,Phone call,Reached; promised follow-up,ASHA,FAC022,E0003815,Test completion
OUT0004194,OUP0001878,Mahesh Krishna,9944860549,Patancher,2026-06-06,Home visit,Reached; counselled,CHO,FAC026,E0003817,Review visit
OUT0004195,OUP0001878,Mahesh Krishna,9944860549,PATANCHERU,2026-05-25,Village health day reminder,Family member reached,ASHA,FAC026,E0003817,Medicine pickup
OUT0004196,OUP0001878,Mahesh Krishna,9944860549,Patancheru,2026-06-14,Home visit,Family member reached,CHO,FAC026,E0003817,Test completion
OUT0004197,OUP0001879,Praveen Laxman,9469658958,Rajapur,2026-07-25,WhatsApp/SMS,Family member reached,ASHA,FAC005,E0003819,Medicine pickup
OUT0004198,OUP0001880,Rajesh Yadav,9456443591,Polepally,2026-06-08,Home visit,Wrong number,ASHA,FAC001,E0003820,Test completion
OUT0004199,OUP0001880,Rajesh Yadav,9456443891,Polepally,2026-05-23,WhatsApp/SMS,Patient unavailable,ASHA,FAC001,E0003820,Test completion
OUT0004200,OUP0001880,Rajesh Yadav,9456443591,Polepally,2026-06-02,Village health day reminder,Family member reached,CHO,FAC001,E0003820,Medicine pickup
OUT0004201,OUP0001881,Rajesh Das,9252726525,Narayankhed,2026-08-03,Village health day reminder,Reached; counselled,ASHA,FAC019,E0003824,Review visit
OUT0004202,OUP0001882,Harika Krishna,9417124556,Badepally,2026-03-26,Home visit,Family member reached,ASHA,FAC002,E0003828,Test completion
OUT0004203,OUP0001883,Rani Mudiraj,,Chandur,2026-05-18,Village health day reminder,Reached; counselled,ASHA,FAC014,E0003833,General adherence
OUT0004204,OUP0001883,Rani Mudiraj,9052206351,Chandur,2026-05-06,Village health day reminder,Reached; promised follow-up,ASHA,FAC014,E0003833,General adherence
OUT0004205,OUP0001884,Rajesh Laxman,9171465286,Peddadinne,2026-04-05,Home visit,Reached; promised follow-up,ASHA,FAC011,E0003835,Medicine pickup
OUT0004206,OUP0001884,Rajesh Laxman,9771465286,Peddadinne,2026-04-09,WhatsApp/SMS,Patient unavailable,ASHA,FAC011,E0003835,Medicine pickup
OUT0004207,OUP0001885,Rvi Basha,,Polepally,2026-06-04,Home visit,Reached; promised follow-up,ASHA,FAC001,E0003838,Test completion
OUT0004208,OUP0001886,Rames Goud,9057219674,Patancheru,2026-01-29,Home visit,Family member reached,ASHA,FAC027,E0003839,General adherence
OUT0004209,OUP0001886,Ramesh Goud,+91-90572-19674,Patancheru,2026-02-03,Village health day reminder,Reached; promised follow-up,ASHA,FAC027,E0003839,Medicine pickup
OUT0004210,OUP0001887,Mohan Kumar,9825745585,Rajapur,2026-07-03,Phone call,Reached; counselled,ASHA,FAC005,E0003841,Medicine pickup
OUT0004211,OUP0001887,Mohan Kumar,9825745585,Rajapur,2026-07-03,Phone call,No answer,CHO,FAC005,E0003841,Review visit
OUT0004212,OUP0001887,Mohan Kumar,9825745585,Rajapur,2026-07-13,Phone call,Reached; promised follow-up,ASHA,FAC005,E0003841,Test completion
OUT0004213,OUP0001888,Swathi Devi,9507879357,Bodajanampet,2026-06-19,Home visit,Reached; counselled,CHO,FAC006,E0003843,Review visit
OUT0004214,OUP0001889,Suresh Mudiraj,,Balanagar,2026-03-12,Phone call,Reached; counselled,ASHA,FAC004,E0003844,Test completion
OUT0004215,OUP0001889,Suresh Mudiraj,9419876602,Balanagar,2026-03-01,Phone call,Phone switched off,ASHA,FAC004,E0003844,Medicine pickup
OUT0004216,OUP0001890,Rawi Das,,Marrur,2026-06-21,Phone call,Reached; counselled,ASHA,FAC017,E0003846,Medicine pickup
OUT0004217,OUP0001890,Ravi Das,9257313384,Marrur,2026-08-07,Village health day reminder,Reached; counselled,CHO,FAC016,E0003847,General adherence
OUT0004218,OUP0001890,Ravi Das,9257313384,Marrur,2026-08-13,Home visit,Reached; counselled,ASHA,FAC016,E0003847,General adherence
OUT0004219,OUP0001891,Srinivas Basha,9359010069,Kohir,2026-06-26,Phone call,Reached; promised follow-up,CHO,FAC023,E0003848,General adherence
OUT0004220,OUP0001891,Srinivas Basha,9359010069,KOHIR,2026-07-29,Phone call,Wrong number,CHO,FAC022,E0003849,Medicine pickup
OUT0004221,OUP0001891,Srinivas Basha,9359010069,Kohir,2026-08-19,Home visit,Wrong number,CHO,FAC022,E0003849,Medicine pickup
OUT0004222,OUP0001891,Srinivas Basha,9359010069,Kohir,2026-08-04,Phone call,Reached; counselled,ASHA,FAC022,E0003849,Test completion
OUT0004223,OUP0001892,Mahesh Kumar,9890823751,Vemula,2026-07-23,Home visit,Patient unavailable,ASHA,FAC008,E0003851,Medicine pickup
OUT0004224,OUP0001893,Padma Krishna,9434053088,Zaheerabad,2026-08-21,Home visit,Phone switched off,CHO,FAC023,E0003852,Medicine pickup
OUT0004225,OUP0001894,Harika Jangam,9025773326,Bhanur,2026-09-05,Village health day reminder,Reached; promised follow-up,CHO,FAC026,E0003855,General adherence
OUT0004226,OUP0001894,Harika Jangam,9025773326,Bhanur,2026-08-31,Home visit,Family member reached,CHO,FAC026,E0003855,General adherence
OUT0004227,OUP0001894,Harika Jangam,9025773326,Bhanur,2026-08-29,Phone call,No answer,CHO,FAC026,E0003855,Medicine pickup
OUT0004228,OUP0001895,Lakshmi Reddy,,Bangarigadda,2026-06-14,Phone call,Family member reached,ASHA,FAC014,E0003856,General adherence
OUT0004229,OUP0001895,Lakshmi Reddy,9221863562,Bangarigadda,2026-07-03,Village health day reminder,Reached; promised follow-up,ASHA,FAC014,E0003856,Review visit
OUT0004230,OUP0001895,Lakshmi Reddy,9221863562,Bangarigadda,2026-06-16,Home visit,Family member reached,CHO,FAC014,E0003856,Test completion
OUT0004231,OUP0001895,Lakshmi Reddy,9221863562,Bangarigadda,2026-07-15,Phone call,Reached; counselled,ASHA,FAC015,E0003857,Review visit
OUT0004232,OUP0001896,Naveen Begum,9412185334,Kalher,2026-07-28,Phone call,Patient unavailable,ASHA,FAC019,E0003858,General adherence
OUT0004233,OUP0001896,Naveen,+91-94121-85334,Kalher,2026-07-19,Phone call,Reached; counselled,CHO,FAC019,E0003858,Review visit
OUT0004234,OUP0001897,Ramesh Jangam,9532268141,Gangapur,2026-07-20,Home visit,No answer,ASHA,FAC003,E0003859,General adherence
OUT0004235,OUP0001897,Ramesh Jangam,9532268141,Gangapur,2026-07-07,Phone call,Wrong number,ASHA,FAC003,E0003859,Review visit
OUT0004236,OUP0001898,Nirmala Khan,9188589693,Patancheru,2026-08-13,Phone call,Reached; promised follow-up,ASHA,FAC026,E0003860,Review visit
OUT0004237,OUP0001899,Srilatha Jangam,9518310457,Marrur,2026-03-14,Phone call,No answer,CHO,FAC018,E0003861,General adherence
OUT0004238,OUP0001899,Srilatha Jangam,9518310457,Marrur,2026-03-12,Home visit,Family member reached,ASHA,FAC018,E0003861,Medicine pickup
OUT0004239,OUP0001899,Srilatha Jangam,9518310457,MARRUR,2026-03-10,Home visit,Reached; promised follow-up,CHO,FAC016,E0003862,Test completion
OUT0004240,OUP0001900,Lakshmi Basha,9786083631,Kohir,2026-06-07,Home visit,Family member reached,ASHA,FAC022,E0003864,General adherence
OUT0004241,OUP0001900,Lakshmi Basha,9786083631,Kohir,2026-06-12,Phone call,Wrong number,CHO,FAC022,E0003864,General adherence
OUT0004242,OUP0001900,Lakshmee Basha,9716083631,Kohir,2026-06-17,Home visit,Patient unavailable,CHO,FAC022,E0003864,General adherence
OUT0004243,OUP0001901,Arun Mallaiah,9062484242,Jharasangam,2026-01-29,Phone call,Wrong number,CHO,FAC023,E0003868,Medicine pickup
OUT0004244,OUP0001902,Arun Jangam,9509567752,Narayankhed,2026-02-26,WhatsApp/SMS,Reached; counselled,CHO,FAC019,E0003872,Test completion
OUT0004245,OUP0001902,Arun Jangam,9509567752,Narayankhed,2026-03-01,WhatsApp/SMS,Patient unavailable,ASHA,FAC019,E0003872,Review visit
OUT0004246,OUP0001903,Swathi Laxman,9963134876,Devarakonda,2026-08-20,Phone call,Reached; counselled,ASHA,FAC010,E0003873,Medicine pickup
OUT0004247,OUP0001904,Mahesh Devi,9268319311,Ameenpur,2026-04-30,WhatsApp/SMS,Reached; promised follow-up,CHO,FAC027,E0003874,General adherence
OUT0004248,OUP0001904,Mahesh Devi,+91-92683-19311,Ameenpur,2026-04-22,Home visit,Reached; counselled,CHO,FAC027,E0003874,Test completion
OUT0004249,OUP0001904,Mahesh Devi,9268319311,Ameenpur,2026-06-13,Phone call,Family member reached,CHO,FAC026,E0003875,Review visit
OUT0004250,OUP0001904,Mahesh Devi,9268319311,Ameenpur,2026-06-11,Village health day reminder,Reached; promised follow-up,CHO,FAC026,E0003875,Medicine pickup
OUT0004251,OUP0001904,Mahesh Devi,9268319311,Ameenpur,2026-06-03,Phone call,Reached; promised follow-up,ASHA,FAC026,E0003875,Test completion
OUT0004252,OUP0001905,Rajesh Jangam,9991810797,Kohir,2026-08-04,Village health day reminder,Reached; promised follow-up,CHO,FAC023,E0003876,Test completion
OUT0004253,OUP0001906,Kiran Devi,9604147892,NERMATA,2026-07-26,Village health day reminder,Wrong number,CHO,FAC013,E0003879,Test completion
OUT0004254,OUP0001907,Shankar Yadav,9295686924,Machara,2026-05-12,Phone call,Phone switched off,ASHA,FAC002,E0003880,Review visit
OUT0004255,OUP0001907,Shnkar Yadav,,Macharam,2026-05-20,Village health day reminder,Reached; counselled,CHO,FAC002,E0003880,General adherence
OUT0004256,OUP0001907,Shankar Yadav,9295686924,Macharam,2026-05-18,Phone call,Family member reached,CHO,FAC002,E0003880,General adherence
OUT0004257,OUP0001908,Naveen Kumar,9272179507,Nakrekal,2026-05-29,Home visit,Family member reached,CHO,FAC016,E0003881,Medicine pickup
OUT0004258,OUP0001908,Naveen Kumar,9272179507,Nakrekal,2026-08-05,Phone call,Reached; promised follow-up,CHO,FAC018,E0003882,Review visit
OUT0004259,OUP0001908,Naveen Kumar,,Nakrekal,2026-08-06,Phone call,Reached; promised follow-up,CHO,FAC018,E0003882,General adherence
OUT0004260,OUP0001908,Naveen Kumar,+91-92721-79507,Nakrekal,2026-08-18,Village health day reminder,Reached; promised follow-up,CHO,FAC018,E0003882,Medicine pickup
OUT0004261,OUP0001909,Lakshmi Laxman,9678943042,Narayankhed,2026-06-12,Home visit,Family member reached,ASHA,FAC020,E0003883,General adherence
OUT0004262,OUP0001909,Lakshmi Laxman,9678943042,Narayankhed,2026-06-10,WhatsApp/SMS,Wrong number,CHO,FAC020,E0003883,General adherence
OUT0004263,OUP0001909,Lakshmi Laxman,9678943042,NARAYANKHED,2026-06-13,Home visit,Wrong number,ASHA,FAC020,E0003883,Test completion
OUT0004264,OUP0001909,Lakshmi Laxman,9678143042,Narayankhed,2026-08-13,Phone call,Reached; promised follow-up,ASHA,FAC020,E0003884,Test completion
OUT0004265,OUP0001909,Lakshmi Laxman,9678943042,Narayankhed,2026-08-16,Phone call,No answer,ASHA,FAC020,E0003884,Review visit
OUT0004266,OUP0001910,Bhavani Khan,,Jharasangam,2026-07-26,Home visit,Family member reached,CHO,FAC023,E0003885,General adherence
OUT0004267,OUP0001910,Bhavani Khan,9999765625,Jharasangam,2026-07-19,Home visit,Reached; promised follow-up,ASHA,FAC023,E0003885,Medicine pickup
OUT0004268,OUP0001910,Bhavani Khan,9999765625,Jharasangam,2026-07-23,Home visit,Patient unavailable,ASHA,FAC023,E0003885,General adherence
OUT0004269,OUP0001910,Bhavani Khan,9999765625,Jharasangam,2026-08-10,Phone call,Patient unavailable,CHO,FAC023,E0003886,Test completion
OUT0004270,OUP0001911,Arun Naik,9104323339,Kondamallepalli,2026-02-19,WhatsApp/SMS,Reached; promised follow-up,ASHA,FAC012,E0003887,Medicine pickup
OUT0004271,OUP0001911,Arun Naik,9104323339,Kondamallepally,2026-03-12,Village health day reminder,Reached; counselled,ASHA,FAC012,E0003887,Medicine pickup
OUT0004272,OUP0001911,Arun Naik,9104323339,Kondamallepally,2026-03-17,Phone call,Reached; promised follow-up,ASHA,FAC012,E0003887,Test completion
OUT0004273,OUP0001912,Ravi Reddy,+91-95516-30939,Chandur,2026-02-27,Phone call,Reached; counselled,CHO,FAC015,E0003888,Test completion
OUT0004274,OUP0001913,Padma,,Kalher,2026-03-10,Village health day reminder,Reached; promised follow-up,ASHA,FAC019,E0003891,Medicine pickup
OUT0004275,OUP0001913,Padma Rao,9321059677,KALHER,2026-03-31,WhatsApp/SMS,Reached; counselled,CHO,FAC019,E0003891,General adherence
OUT0004276,OUP0001914,Shobha Mudiraj,9410711136,Devarakonda,2026-04-04,Home visit,Reached; counselled,ASHA,FAC011,E0003892,Test completion
OUT0004277,OUP0001914,Shobha Mudiraj,9410711136,Devarakonda,2026-04-02,Village health day reminder,Wrong number,ASHA,FAC011,E0003892,General adherence
OUT0004278,OUP0001915,Suresh Begum,,Kangti,2026-03-14,Village health day reminder,Family member reached,ASHA,FAC020,E0003893,Review visit
OUT0004279,OUP0001915,Suresh Begum,9414468441,Kangti,2026-02-28,Phone call,Reached; counselled,CHO,FAC020,E0003893,Test completion
OUT0004280,OUP0001916,Kiran Patel,9527717772,Zaheerabad,2026-02-05,Home visit,Patient unavailable,ASHA,FAC022,E0003894,Medicine pickup
OUT0004281,OUP0001916,Kiran Patel,9527717772,Zaheerabad,2026-02-05,Phone call,Family member reached,ASHA,FAC022,E0003894,General adherence
OUT0004282,OUP0001916,Kiran Patel,9527717772,ZAHEERABAD,2026-02-11,Village health day reminder,Patient unavailable,CHO,FAC022,E0003894,Medicine pickup
OUT0004283,OUP0001917,Rani Begum,9944251912,MOGUDAMPALLY,2026-03-29,Home visit,Family member reached,CHO,FAC024,E0003897,Test completion
OUT0004284,OUP0001917,Rani Begum,9944251912,Mogudampally,2026-03-29,WhatsApp/SMS,Reached; counselled,CHO,FAC024,E0003897,Review visit
OUT0004285,OUP0001918,Swthi Narsimha,,Gundlapally,2026-06-10,Phone call,Reached; promised follow-up,ASHA,FAC012,E0003900,General adherence
OUT0004286,OUP0001918,Swathi Narsimha,9322344162,Gundlapally,2026-06-10,Home visit,Family member reached,CHO,FAC012,E0003900,General adherence
OUT0004287,OUP0001919,Srinivas Goud,9156318825,Gangapu,2026-05-27,Village health day reminder,Reached; promised follow-up,CHO,FAC002,E0003902,Test completion
OUT0004288,OUP0001920,Bhavani,9135120335,Bhanur,2026-06-29,Home visit,Reached; counselled,CHO,FAC025,E0003905,Test completion
OUT0004289,OUP0001921,Sushma Basha,9898083071,Indresham,2026-07-17,Phone call,Reached; counselled,CHO,FAC025,E0003907,General adherence
OUT0004290,OUP0001922,Anjali Narsimha,9172816392,NARAYANKHED,2026-08-06,Village health day reminder,Wrong number,CHO,FAC020,E0003908,Test completion
OUT0004291,OUP0001922,Anjali Narsimha,9172816392,Narayankhed,2026-08-07,Home visit,Family member reached,ASHA,FAC020,E0003908,Review visit
OUT0004292,OUP0001922,Anjali Narsimha,9172816392,Narayankhed,2026-08-08,Phone call,Reached; promised follow-up,CHO,FAC020,E0003908,Medicine pickup
OUT0004293,OUP0001923,Rani Goud,9146367114,KALHER,2026-02-21,Phone call,Wrong number,CHO,FAC019,E0003909,Review visit
OUT0004294,OUP0001923,Rani Goud,9146367114,Kalher,2026-02-25,Phone call,Reached; counselled,CHO,FAC019,E0003909,Medicine pickup
OUT0004295,OUP0001924,Venkates Laxman,9229680013,Kondamallepally,2026-07-29,Phone call,Reached; counselled,CHO,FAC011,E0003912,Medicine pickup
OUT0004296,OUP0001924,wenkatesh Laxman,9229680013,Kondamallepally,2026-07-23,Phone call,Family member reached,CHO,FAC011,E0003912,Medicine pickup
OUT0004297,OUP0001925,Anil Khan,+91-94189-34740,Manoor,2026-06-17,Home visit,Reached; counselled,ASHA,FAC020,E0003915,Medicine pickup
OUT0004298,OUP0001925,Anil Khan,,Manoor,2026-06-20,Home visit,Wrong number,ASHA,FAC020,E0003915,Review visit
OUT0004299,OUP0001925,Anil Khan,+91-94189-34740,Manoo,2026-06-21,Home visit,Patient unavailable,ASHA,FAC020,E0003915,Review visit
OUT0004300,OUP0001926,Harika Kumar,9475789099,Gundlapally,2026-04-21,Village health day reminder,Patient unavailable,CHO,FAC011,E0003919,Review visit
OUT0004301,OUP0001926,Harika Kumar,+91-94757-89099,Gundlapally,2026-04-22,WhatsApp/SMS,Reached; promised follow-up,ASHA,FAC011,E0003919,Review visit
OUT0004302,OUP0001926,Harika Kumar,9475789099,Gundlapally,2026-05-18,Phone call,Reached; promised follow-up,CHO,FAC011,E0003920,General adherence
OUT0004303,OUP0001926,Harika Kumar,9475789099,Gundlapalli,2026-05-24,Home visit,Family member reached,CHO,FAC011,E0003920,Test completion
OUT0004304,OUP0001926,Harika,9475789099,Gundlapalli,2026-05-27,Phone call,Patient unavailable,ASHA,FAC011,E0003920,Review visit
OUT0004305,OUP0001927,Srilatha Narsimha,9617246373,Rajapur,2026-06-07,Phone call,Phone switched off,CHO,FAC004,E0003922,Medicine pickup
OUT0004306,OUP0001927,Srilatha Narsimha,9617246373,Rajapur,2026-05-25,Home visit,Reached; promised follow-up,ASHA,FAC004,E0003922,Review visit
OUT0004307,OUP0001928,Lalitha Narsimha,9825561968,Nakrekal,2026-02-08,Phone call,Reached; promised follow-up,CHO,FAC018,E0003923,General adherence
OUT0004308,OUP0001928,Lalitha Narsimha,9825561968,Nakrekal,2026-02-01,Village health day reminder,Reached; promised follow-up,CHO,FAC018,E0003923,Review visit
OUT0004309,OUP0001929,Divya Reddy,9014806737,Patancheru,2026-02-16,Home visit,Family member reached,ASHA,FAC025,E0003924,Test completion
OUT0004310,OUP0001929,Divya Reddy,9014806737,Patancheru,2026-02-21,Phone call,Reached; promised follow-up,CHO,FAC025,E0003924,Test completion
OUT0004311,OUP0001929,Diwya Reddy,9014806737,Patancheru,2026-02-26,Phone call,Wrong number,CHO,FAC025,E0003924,General adherence
OUT0004312,OUP0001930,Anjali Mudiraj,9842715524,Zaheerabad,2026-01-19,Phone call,Family member reached,CHO,FAC023,E0003926,Review visit
OUT0004313,OUP0001930,Anjali Mudiraj,9842715524,Zaheerabad,2026-03-16,Phone call,Reached; counselled,CHO,FAC023,E0003927,Test completion
OUT0004314,OUP0001930,Anjali Mudiraj,9842715524,Zaheerabad,2026-04-05,Phone call,Patient unavailable,ASHA,FAC023,E0003927,Medicine pickup
OUT0004315,OUP0001931,Raghav Rao,9326046964,Gangapur,2026-02-23,Phone call,Family member reached,CHO,FAC002,E0003928,Test completion
OUT0004316,OUP0001931,Raghav Rao,+91-93260-46964,Gangapu,2026-02-25,Phone call,Wrong number,CHO,FAC002,E0003928,Medicine pickup
OUT0004317,OUP0001932,Arun Mallaiah,9955804538,GANGAPUR,2026-03-13,Phone call,Family member reached,CHO,FAC001,E0003931,Test completion
OUT0004318,OUP0001933,Naveen Begum,9501568405,Balanagar,2026-05-12,Home visit,No answer,CHO,FAC005,E0003934,Review visit
OUT0004319,OUP0001933,Naveen Begum,9501568405,BALANAGAR,2026-05-27,Phone call,Reached; promised follow-up,CHO,FAC005,E0003934,Test completion
OUT0004320,OUP0001933,Naveen Begum,9501568405,Balanagar,2026-05-20,Home visit,Reached; promised follow-up,ASHA,FAC005,E0003934,Medicine pickup
OUT0004321,OUP0001934,Aneetha Patel,9887742168,Nermata,2026-02-14,Village health day reminder,Reached; promised follow-up,ASHA,FAC015,E0003936,General adherence
OUT0004322,OUP0001934,Anitha Patel,,Nermata,2026-02-11,Phone call,Wrong number,ASHA,FAC015,E0003936,General adherence
OUT0004323,OUP0001934,Anitha Patel,9887742168,Nermata,2026-03-03,Home visit,Reached; counselled,ASHA,FAC015,E0003936,General adherence
OUT0004324,OUP0001935,Kiran Kumar,9197164000,Mogudampally,2026-07-07,Village health day reminder,Family member reached,ASHA,FAC024,E0003938,General adherence
OUT0004325,OUP0001935,Kiran Kumar,9197164000,Mogudampally,2026-07-26,Home visit,Reached; counselled,CHO,FAC024,E0003938,Review visit
OUT0004326,OUP0001936,Srinivas Krishna,+91-97069-95315,Narayankhed,2026-02-10,Phone call,Phone switched off,ASHA,FAC020,E0003939,Test completion
OUT0004327,OUP0001937,Renuka Narsimha,9170713727,Nomula,2026-05-08,Phone call,Family member reached,CHO,FAC017,E0003940,Test completion
OUT0004328,OUP0001937,Renuka Narsimha,9170713727,Nomula,2026-05-24,Home visit,Reached; promised follow-up,CHO,FAC017,E0003940,General adherence
OUT0004329,OUP0001937,Renuka Narsimha,9170713727,Nomula,2026-05-12,Village health day reminder,Family member reached,ASHA,FAC017,E0003940,Review visit
OUT0004330,OUP0001938,Srilatha Goud,9754275494,Kangti,2026-04-05,Home visit,Wrong number,CHO,FAC021,E0003941,Review visit
OUT0004331,OUP0001938,Srilatha Goud,9754275494,Kangti,2026-04-13,Home visit,Reached; counselled,ASHA,FAC021,E0003941,General adherence
OUT0004332,OUP0001938,Srilatha Goud,9754275494,Kangti,2026-04-14,WhatsApp/SMS,Phone switched off,CHO,FAC021,E0003941,Test completion
OUT0004333,OUP0001939,Shankar Shekar,9019183107,Marrur,2026-08-11,Phone call,Reached; counselled,CHO,FAC016,E0003942,Medicine pickup
OUT0004334,OUP0001939,Shankar Shekar,9019183107,Marrur,2026-08-08,WhatsApp/SMS,Family member reached,ASHA,FAC016,E0003942,Test completion
OUT0004335,OUP0001940,Jyothee Patel,9736999579,MARRUR,2026-05-13,Phone call,Reached; promised follow-up,ASHA,FAC016,E0003945,Test completion
OUT0004336,OUP0001941,Raghav Patel,9223683845,MIDJIL,2026-04-04,WhatsApp/SMS,Family member reached,ASHA,FAC009,E0003947,Review visit
OUT0004337,OUP0001941,Raghav Patel,9223683845,Midjil,2026-04-15,Home visit,Reached; promised follow-up,CHO,FAC009,E0003947,Test completion
OUT0004338,OUP0001942,Rju Begum,9149102191,Polepally,2026-07-02,Home visit,Family member reached,ASHA,FAC002,E0003948,Test completion
OUT0004339,OUP0001942,Raju Begum,9149102191,Polepally,2026-07-08,Village health day reminder,Reached; promised follow-up,ASHA,FAC002,E0003948,General adherence
OUT0004340,OUP0001942,Rju Begum,,Polepally,2026-08-02,Phone call,Reached; promised follow-up,ASHA,FAC001,E0003949,Test completion
OUT0004341,OUP0001942,Raju Begum,+91-91491-02191,Polepalli,2026-07-31,WhatsApp/SMS,Family member reached,CHO,FAC001,E0003949,Medicine pickup
OUT0004342,OUP0001942,Raju Begum,9149102191,Polepally,2026-08-03,Phone call,Reached; counselled,ASHA,FAC001,E0003949,Medicine pickup
OUT0004343,OUP0001943,Naresh Basha,9487242853,Kangti,2026-02-06,Phone call,Reached; promised follow-up,ASHA,FAC021,E0003950,Medicine pickup
OUT0004344,OUP0001943,Naresh Basha,9487242853,Kangti,2026-02-10,WhatsApp/SMS,Family member reached,ASHA,FAC021,E0003950,Test completion
OUT0004345,OUP0001943,Naresh Basha,9487242853,Kangti,2026-02-17,Phone call,Reached; counselled,ASHA,FAC021,E0003950,Test completion
OUT0004346,OUP0001944,Sarita Begum,+91-90007-43763,Narayankhe,2026-02-02,Home visit,No answer,CHO,FAC019,E0003952,Medicine pickup
OUT0004347,OUP0001944,Saritha Begum,9000743763,Narayankhed,2026-02-21,WhatsApp/SMS,Wrong number,CHO,FAC019,E0003952,Test completion
OUT0004348,OUP0001944,Saritha Begum,9000743763,Narayankhed,2026-02-19,Home visit,Reached; counselled,CHO,FAC019,E0003952,Test completion
OUT0004349,OUP0001945,Padma Shekar,9549748771,Bhanur,2026-04-28,Home visit,Family member reached,ASHA,FAC025,E0003953,Test completion
OUT0004350,OUP0001945,Padma Shekar,9549748771,Bhanur,2026-05-10,Phone call,Phone switched off,ASHA,FAC025,E0003953,Review visit
OUT0004351,OUP0001945,Padma Shekar,9549748771,BHANUR,2026-05-01,Home visit,Phone switched off,ASHA,FAC025,E0003953,Review visit
OUT0004352,OUP0001946,Saritha Devi,+91-94430-67818,Chandur,2026-04-24,Phone call,Family member reached,CHO,FAC013,E0003955,Review visit
OUT0004353,OUP0001946,Saritha Dewi,9443067818,Chandur,2026-04-30,Phone call,No answer,ASHA,FAC013,E0003955,Test completion
OUT0004354,OUP0001947,Naveen Patel,9826645033,Midjil,2026-07-04,Phone call,No answer,CHO,FAC007,E0003957,Medicine pickup
OUT0004355,OUP0001947,Naveen Patel,+91-98266-45033,Midjil,2026-07-14,Home visit,Family member reached,CHO,FAC007,E0003957,General adherence
OUT0004356,OUP0001947,Naveen Patel,9826642033,Midjil,2026-08-14,Home visit,Patient unavailable,CHO,FAC009,E0003958,Test completion
OUT0004357,OUP0001948,Padma Yadav,9774911763,Midjil,2026-01-23,Home visit,Reached; counselled,CHO,FAC009,E0003960,Review visit
OUT0004358,OUP0001948,Padma Yadav,9774911763,Midjil,2026-01-17,Village health day reminder,Reached; promised follow-up,ASHA,FAC009,E0003960,Review visit
OUT0004359,OUP0001948,Padma Yadav,9774911763,Midjil,2026-01-20,Home visit,Reached; counselled,ASHA,FAC009,E0003960,Test completion
OUT0004360,OUP0001949,Sushma Kumar,9023586429,Nomula,2026-02-13,Home visit,Family member reached,CHO,FAC017,E0003963,Review visit
OUT0004361,OUP0001949,Sushma Kumar,9023586429,Nomula,2026-02-13,WhatsApp/SMS,No answer,CHO,FAC017,E0003963,Review visit
OUT0004362,OUP0001950,Raghav Narsimha,9252878355,Balanagar,2026-07-24,Phone call,Reached; promised follow-up,CHO,FAC006,E0003964,Review visit
OUT0004363,OUP0001950,Raghav Narsimha,9262878355,Balanagar,2026-07-30,Village health day reminder,Reached; promised follow-up,ASHA,FAC006,E0003964,Test completion
OUT0004364,OUP0001950,Raghav Narsimha,9252878355,Balanagar,2026-07-28,Home visit,Family member reached,ASHA,FAC006,E0003964,Medicine pickup
OUT0004365,OUP0001951,Raju Shekar,9889869438,Velpula,2026-07-19,Phone call,Reached; promised follow-up,ASHA,FAC008,E0003965,Test completion
OUT0004366,OUP0001951,Raju Shekar,9889869838,Velpula,2026-07-19,Phone call,Family member reached,CHO,FAC008,E0003965,General adherence
OUT0004367,OUP0001952,Rajesh Kumar,,Mogudampally,2026-01-28,Phone call,No answer,ASHA,FAC023,E0003967,Review visit
OUT0004368,OUP0001952,Rajesh Kumar,+91-98061-13096,Mogudampally,2026-02-04,Phone call,Patient unavailable,CHO,FAC023,E0003967,Review visit
OUT0004369,OUP0001952,Rajesh Kumar,9806113096,Mogudampally,2026-02-10,Phone call,Reached; counselled,ASHA,FAC023,E0003967,Review visit
OUT0004370,OUP0001953,Raghav Das,9183193769,Macharam,2026-08-09,Home visit,Reached; promised follow-up,ASHA,FAC001,E0003969,Medicine pickup
OUT0004371,OUP0001954,Kiran Devi,9567737914,Kallepalli,2026-07-15,Home visit,Reached; promised follow-up,CHO,FAC004,E0003970,Medicine pickup
OUT0004372,OUP0001954,Kiran Devi,9867737914,Kallepally,2026-07-20,Phone call,Family member reached,ASHA,FAC004,E0003970,Review visit
OUT0004373,OUP0001955,Deepeeka Reddy,,Badepally,2026-08-17,Home visit,No answer,CHO,FAC003,E0003974,Test completion
OUT0004374,OUP0001955,Deepika Reddy,9564294457,Badepally,2026-08-25,Phone call,Reached; counselled,CHO,FAC003,E0003974,Test completion
OUT0004375,OUP0001955,Deepika Reddy,9564294457,Badepalli,2026-08-25,WhatsApp/SMS,Reached; promised follow-up,ASHA,FAC003,E0003974,Review visit
OUT0004376,OUP0001956,Renuka Krishna,9418392119,Mangalapally,2026-08-23,WhatsApp/SMS,Phone switched off,CHO,FAC017,E0003975,Review visit
OUT0004377,OUP0001957,Vinod Narsimha,9672177399,Gundlapally,2026-04-25,Home visit,Reached; counselled,CHO,FAC011,E0003979,General adherence
OUT0004378,OUP0001958,Praveen Jangam,9065907448,Kohir,2026-07-13,Home visit,Patient unavailable,ASHA,FAC024,E0003983,General adherence
OUT0004379,OUP0001958,Prveen Jangam,,KOHIR,2026-08-03,Home visit,Reached; counselled,ASHA,FAC024,E0003983,Medicine pickup
OUT0004380,OUP0001958,Praveen Jangam,9065907448,Kohir,2026-08-01,Phone call,Phone switched off,CHO,FAC024,E0003983,Test completion
OUT0004381,OUP0001959,Srinivas Goud,9870125448,BANGARIGADDA,2026-08-05,Home visit,Family member reached,CHO,FAC015,E0003986,Review visit
OUT0004382,OUP0001959,Sriniwas Goud,9870125448,Bangarigadda,2026-07-31,Village health day reminder,Reached; counselled,CHO,FAC015,E0003986,Test completion
OUT0004383,OUP0001960,Rani Mudiraj,9728096749,Donur,2026-03-12,Home visit,Wrong number,ASHA,FAC008,E0003987,Review visit
OUT0004384,OUP0001960,Rani Mudiraj,9728096749,Donur,2026-03-16,Home visit,Family member reached,ASHA,FAC008,E0003987,Review visit
OUT0004385,OUP0001960,Rani Mudiraj,9728096749,Donur,2026-02-28,Phone call,Reached; counselled,CHO,FAC008,E0003987,Medicine pickup
OUT0004386,OUP0001961,Rajesh Yadav,9438567218,Donur,2026-07-25,Home visit,Reached; counselled,ASHA,FAC007,E0003989,General adherence
OUT0004387,OUP0001961,Rjesh Yadav,9438567218,Donur,2026-08-01,WhatsApp/SMS,No answer,CHO,FAC007,E0003989,Test completion
OUT0004388,OUP0001961,Rajesh Yadaw,9438567218,Donur,2026-08-07,Home visit,Family member reached,ASHA,FAC007,E0003989,Medicine pickup
OUT0004389,OUP0001962,Sareetha Laxman,9678080865,Velpula,2026-04-02,Phone call,Reached; promised follow-up,CHO,FAC008,E0003991,Test completion
OUT0004390,OUP0001962,Saritha Laxman,9678080865,Velpula,2026-03-17,Phone call,Reached; promised follow-up,ASHA,FAC008,E0003991,General adherence
OUT0004391,OUP0001962,Saritha Laxman,9678080065,Velpula,2026-03-23,Phone call,Family member reached,ASHA,FAC008,E0003991,Review visit
OUT0004392,OUP0001963,Ramesh Krishna,9830942817,Macharam,2026-04-01,Village health day reminder,Family member reached,CHO,FAC001,E0003997,Medicine pickup
OUT0004393,OUP0001963,Ramesh Krishna,9830942817,Macharam,2026-03-25,WhatsApp/SMS,Reached; promised follow-up,ASHA,FAC001,E0003997,Review visit
OUT0004394,OUP0001964,Renuka Jangam,9318510567,Kohir,2026-02-13,Phone call,Reached; counselled,ASHA,FAC022,E0003999,Medicine pickup
OUT0004395,OUP0001964,Renuka Jangam,,Kohir,2026-02-20,Village health day reminder,Wrong number,ASHA,FAC022,E0003999,Test completion
OUT0004396,OUP0001964,Renuka Jangam,9318510567,Kohir,2026-03-09,Phone call,Phone switched off,ASHA,FAC022,E0003999,Medicine pickup
OUT0004397,OUP0001965,Lakshmi Rao,9647126093,Peddadinne,2026-06-18,Home visit,Family member reached,CHO,FAC011,E0004003,Medicine pickup
OUT0004398,OUP0001966,Saritha Das,9942558011,Rajapur,2026-08-20,Home visit,Reached; promised follow-up,ASHA,FAC004,E0004006,Test completion
OUT0004399,OUP0001966,Saritha Das,9942558011,Rajapur,2026-08-06,Village health day reminder,Reached; promised follow-up,ASHA,FAC004,E0004006,General adherence
OUT0004400,OUP0001967,Sai Basha,9303012236,Nermata,2026-03-02,Village health day reminder,Family member reached,CHO,FAC014,E0004007,Test completion
OUT0004401,OUP0001968,Naveen Goud,9555040192,Ameenpur,2026-06-09,Phone call,Reached; promised follow-up,ASHA,FAC026,E0004009,Medicine pickup
OUT0004402,OUP0001968,Naveen Goud,,Ameenpur,2026-06-22,Phone call,Reached; counselled,ASHA,FAC026,E0004009,Test completion
OUT0004403,OUP0001968,Naveen Goud,+91-95550-40192,Ameenpur,2026-06-13,Home visit,Reached; promised follow-up,ASHA,FAC026,E0004009,Medicine pickup
OUT0004404,OUP0001969,Bhavani Rao,9033486724,Chandur,2026-06-22,Village health day reminder,Reached; promised follow-up,ASHA,FAC013,E0004010,Medicine pickup
OUT0004405,OUP0001970,Sntosh Chary,9470041825,Nermata,2026-08-15,Home visit,Reached; promised follow-up,ASHA,FAC013,E0004011,Medicine pickup
OUT0004406,OUP0001971,Deepika Mudiraj,,Donur,2026-07-24,Phone call,Reached; counselled,CHO,FAC007,E0004012,Review visit
OUT0004407,OUP0001971,Deepika,9454665851,Donur,2026-08-01,Phone call,Reached; counselled,CHO,FAC007,E0004012,Review visit
OUT0004408,OUP0001971,Deepika Mudiraj,,Donur,2026-08-19,Village health day reminder,Reached; counselled,CHO,FAC007,E0004012,Medicine pickup
OUT0004409,OUP0001972,Bhavani Patel,9763649329,BANGARIGADDA,2026-01-26,Phone call,Reached; counselled,ASHA,FAC014,E0004018,General adherence
OUT0004410,OUP0001972,Bhavani Patel,9763649329,Bangarigadda,2026-02-02,Phone call,Reached; promised follow-up,CHO,FAC014,E0004018,General adherence
OUT0004411,OUP0001973,Anitha Mallaiah,9188980923,Bangarigadda,2026-08-05,Phone call,Patient unavailable,ASHA,FAC015,E0004019,Test completion
OUT0004412,OUP0001973,Anitha Mallaiah,9188980923,Bangarigadda,2026-08-08,Village health day reminder,Patient unavailable,CHO,FAC015,E0004019,Medicine pickup
OUT0004413,OUP0001974,Kavitha Patel,9826617210,Donur,2026-05-16,Phone call,No answer,CHO,FAC009,E0004021,Medicine pickup
OUT0004414,OUP0001974,Kvitha Patel,9826617210,Donur,2026-05-02,Phone call,Wrong number,ASHA,FAC009,E0004021,Review visit
OUT0004415,OUP0001974,Kavitha Patel,9826617210,Donur,2026-05-22,Phone call,Reached; promised follow-up,ASHA,FAC009,E0004021,Review visit
OUT0004416,OUP0001974,Kavitha,9826617210,Donur,2026-06-04,Phone call,Wrong number,ASHA,FAC008,E0004022,Test completion
OUT0004417,OUP0001975,Divya Krishna,9935591363,Kummarikunta,2026-04-04,Village health day reminder,No answer,ASHA,FAC013,E0004024,General adherence
OUT0004418,OUP0001976,Kavitha Rao,9277052956,Devarakonda,2026-08-07,Phone call,Reached; counselled,CHO,FAC012,E0004028,Test completion
OUT0004419,OUP0001977,Shobha Mallaiah,9681584411,Nermata,2026-06-26,Phone call,Family member reached,ASHA,FAC013,E0004032,Review visit
OUT0004420,OUP0001978,Anitha Goud,9120230529,Mangalapally,2026-08-11,Phone call,Reached; promised follow-up,CHO,FAC017,E0004033,General adherence
OUT0004421,OUP0001978,Anitha Goud,9120230529,Mangalapally,2026-08-15,Phone call,Reached; promised follow-up,ASHA,FAC017,E0004033,Review visit
OUT0004422,OUP0001978,Anitha Goud,9120230529,Mangalapally,2026-08-10,Home visit,Reached; promised follow-up,CHO,FAC017,E0004033,Test completion
OUT0004423,OUP0001979,Raju Goud,9588954602,Kalher,2026-03-19,WhatsApp/SMS,Family member reached,ASHA,FAC019,E0004035,Test completion
OUT0004424,OUP0001979,Raju Goud,,Kalher,2026-04-04,Village health day reminder,Family member reached,ASHA,FAC019,E0004035,Medicine pickup
OUT0004425,OUP0001979,Raju Goud,9588954602,Kalher,2026-03-27,Phone call,Reached; promised follow-up,CHO,FAC019,E0004035,Review visit
OUT0004426,OUP0001980,Mounika Chary,9098405416,Vemul,2026-03-18,Home visit,Reached; promised follow-up,CHO,FAC007,E0004037,Test completion
OUT0004427,OUP0001981,Mahesh Naik,,Bhanur,2026-01-17,Phone call,Reached; promised follow-up,CHO,FAC026,E0004038,Review visit
OUT0004428,OUP0001982,Padma Patel,9698652214,Kummarikunta,2026-07-16,Phone call,No answer,CHO,FAC015,E0004041,Medicine pickup
OUT0004429,OUP0001982,Padma Patel,9698652214,Kummarikunta,2026-07-17,Phone call,Patient unavailable,CHO,FAC015,E0004041,Medicine pickup
OUT0004430,OUP0001982,Padma Patel,9698652214,Kummarikunta,2026-07-24,WhatsApp/SMS,Reached; promised follow-up,ASHA,FAC015,E0004041,Review visit
OUT0004431,OUP0001983,Swathi Mallaiah,9057833432,Kummarikunta,2026-08-18,WhatsApp/SMS,Wrong number,ASHA,FAC014,E0004042,Medicine pickup
OUT0004432,OUP0001983,Swathi Mallaiah,9007833432,Kummarikunta,2026-08-20,Home visit,Reached; counselled,CHO,FAC014,E0004042,Test completion
OUT0004433,OUP0001984,Naveen,9447292522,Kangt,2026-07-31,Village health day reminder,Family member reached,CHO,FAC021,E0004044,General adherence
OUT0004434,OUP0001984,Naveen Narsimha,9447292522,Kangti,2026-08-08,Phone call,Reached; promised follow-up,CHO,FAC021,E0004044,Review visit
OUT0004435,OUP0001984,Nveen Narsimha,,KANGTI,2026-08-08,Home visit,Phone switched off,CHO,FAC021,E0004044,Medicine pickup
OUT0004436,OUP0001984,Naveen Narsimha,9447292522,Kangti,2026-08-22,Home visit,Reached; counselled,ASHA,FAC021,E0004045,Review visit
OUT0004437,OUP0001984,Naveen Narsimha,+91-94472-92522,Kangti,2026-09-02,Phone call,Reached; counselled,CHO,FAC021,E0004045,Review visit
OUT0004438,OUP0001985,Nirmala Yadav,9568522262,Zaheerabad,2026-07-05,Phone call,Reached; counselled,CHO,FAC023,E0004047,Review visit
OUT0004439,OUP0001986,Raghav Basha,9161628296,Nomula,2026-05-13,Home visit,Reached; counselled,CHO,FAC017,E0004048,General adherence
OUT0004440,OUP0001986,Raghav Basha,+91-91616-28296,Nomula,2026-05-14,Phone call,Reached; promised follow-up,ASHA,FAC017,E0004048,Medicine pickup
OUT0004441,OUP0001986,Raghav Basha,9161628296,Nomul,2026-05-25,Home visit,Family member reached,ASHA,FAC017,E0004048,General adherence
OUT0004442,OUP0001986,Raghav Basha,9161628296,Nomula,2026-07-16,Home visit,Wrong number,CHO,FAC017,E0004049,General adherence
OUT0004443,OUP0001987,Anitha Rao,9446652166,Jharasangam,2026-08-11,Phone call,Phone switched off,CHO,FAC024,E0004050,Test completion
OUT0004444,OUP0001987,Anitha Rao,9446652166,Jharasangam,2026-08-26,Home visit,No answer,ASHA,FAC024,E0004050,General adherence
OUT0004445,OUP0001987,Anitha Rao,9446652166,Jharasangam,2026-08-15,Phone call,Reached; counselled,ASHA,FAC024,E0004050,General adherence
OUT0004446,OUP0001988,Shobha Yadav,9994667961,Nomula,2026-01-20,Home visit,Family member reached,ASHA,FAC018,E0004052,Review visit
OUT0004447,OUP0001988,Shobh Yadav,9994667961,Nomula,2026-04-15,Home visit,Phone switched off,CHO,FAC016,E0004053,Medicine pickup
OUT0004448,OUP0001988,Shobha Yadav,9994667961,Nomula,2026-04-22,Village health day reminder,Family member reached,CHO,FAC016,E0004053,General adherence
OUT0004449,OUP0001989,Divya Narsimha,9577474230,Balanaga,2026-07-07,Home visit,Family member reached,ASHA,FAC004,E0004054,Medicine pickup
OUT0004450,OUP0001990,Swathi Jangam,9801667653,Nomula,2026-06-21,Phone call,Wrong number,ASHA,FAC018,E0004056,Medicine pickup
OUT0004451,OUP0001990,Swathi Jangam,9801667653,Nomul,2026-07-10,Home visit,Reached; promised follow-up,ASHA,FAC018,E0004056,Medicine pickup
OUT0004452,OUP0001991,Nirmla Khan,9243432663,Mogudampally,2026-05-10,Home visit,Family member reached,CHO,FAC024,E0004057,General adherence
OUT0004453,OUP0001991,Nirmala Khan,9243432663,MOGUDAMPALLY,2026-05-12,Phone call,Family member reached,CHO,FAC024,E0004057,General adherence
OUT0004454,OUP0001992,Shnkar Jangam,9767709812,Ameenpur,2026-03-26,WhatsApp/SMS,Family member reached,ASHA,FAC027,E0004060,General adherence
OUT0004455,OUP0001992,Shankar Jangam,9767709812,Ameenpur,2026-03-17,Phone call,Wrong number,CHO,FAC027,E0004060,Review visit
OUT0004456,OUP0001992,Shankar Jangam,+91-97677-09812,Ameenpur,2026-04-06,Home visit,Reached; counselled,ASHA,FAC027,E0004060,Medicine pickup
OUT0004457,OUP0001992,Shankar Jangam,9767709812,Ameenpur,2026-09-03,Home visit,Reached; counselled,CHO,FAC027,E0004061,Review visit
OUT0004458,OUP0001993,Sushma Naik,,Kalher,2026-01-29,Phone call,Reached; promised follow-up,CHO,FAC021,E0004064,General adherence
OUT0004459,OUP0001993,Susma Naik,9680353714,Kalher,2026-02-01,Home visit,Wrong number,CHO,FAC021,E0004064,Review visit
OUT0004460,OUP0001993,Sushma Naik,+91-96803-53714,Kalher,2026-01-19,Phone call,Reached; counselled,CHO,FAC021,E0004064,General adherence
OUT0004461,OUP0001993,Sushma Naik,,Kalher,2026-05-26,Phone call,Reached; counselled,ASHA,FAC019,E0004065,Review visit
OUT0004462,OUP0001993,Sushma Naik,,Kalher,2026-05-31,WhatsApp/SMS,Family member reached,ASHA,FAC019,E0004065,General adherence
OUT0004463,OUP0001993,Sushma Naik,9680353714,Kalher,2026-05-29,Home visit,Reached; counselled,CHO,FAC019,E0004065,Test completion
OUT0004464,OUP0001994,Mahesh Laxman,9057701083,Mangalapall,2026-06-06,WhatsApp/SMS,Family member reached,CHO,FAC017,E0004066,General adherence
OUT0004465,OUP0001994,Mahesh Laxman,,Mangalapally,2026-05-25,Phone call,No answer,CHO,FAC017,E0004066,Review visit
OUT0004466,OUP0001994,Mahesh Laxman,9057701083,Mangalapally,2026-05-25,Home visit,Patient unavailable,ASHA,FAC017,E0004066,Medicine pickup
OUT0004467,OUP0001995,Rani,9538787087,Kummarikunta,2026-07-19,Phone call,Reached; promised follow-up,CHO,FAC013,E0004067,Test completion
OUT0004468,OUP0001995,Rani Jangam,9538787087,Kummarikunta,2026-08-06,Village health day reminder,Family member reached,ASHA,FAC013,E0004067,Review visit
OUT0004469,OUP0001996,Saritha Yadav,+91-92243-04545,Polepally,2026-07-07,Phone call,Family member reached,CHO,FAC002,E0004069,Review visit
OUT0004470,OUP0001996,Sareetha Yadav,9224302545,Polepally,2026-07-06,WhatsApp/SMS,Family member reached,ASHA,FAC002,E0004069,Test completion
OUT0004471,OUP0001997,Lalitha Goud,+91-98837-68232,Kangti,2026-05-24,Phone call,Wrong number,ASHA,FAC021,E0004071,Review visit
OUT0004472,OUP0001997,Laleetha Goud,,Kangti,2026-05-13,Phone call,Phone switched off,CHO,FAC021,E0004071,General adherence
OUT0004473,OUP0001997,Lalitha Goud,9883768232,Kangti,2026-05-19,Home visit,Family member reached,CHO,FAC021,E0004071,General adherence
OUT0004474,OUP0001998,Praveen Reddy,9240258292,Narayankhed,2026-03-06,Phone call,Reached; promised follow-up,CHO,FAC020,E0004072,Review visit
OUT0004475,OUP0001998,Praveen Reddy,9240258292,Narayankhed,2026-03-15,Home visit,Reached; promised follow-up,CHO,FAC020,E0004072,Test completion
OUT0004476,OUP0001998,Praveen Reddy,+91-92402-58292,Narayankhed,2026-03-03,Phone call,No answer,ASHA,FAC020,E0004072,Medicine pickup
OUT0004477,OUP0001999,Naresh Begum,9311155544,Kalher,2026-08-13,Village health day reminder,Reached; counselled,CHO,FAC021,E0004073,Review visit
OUT0004478,OUP0001999,Naresh Begum,,Kalher,2026-08-04,Phone call,Wrong number,ASHA,FAC021,E0004073,Test completion
OUT0004479,OUP0001999,Naresh Begum,9311155544,Kalher,2026-07-30,WhatsApp/SMS,Wrong number,ASHA,FAC021,E0004073,Test completion
OUT0004480,OUP0002000,Anjali Laxman,9045083465,Jharasanga,2026-08-23,Home visit,Reached; counselled,ASHA,FAC022,E0004074,Test completion
OUT0004481,OUP0002000,Anjali Laxman,9045083465,Jharasangam,2026-08-22,Village health day reminder,Family member reached,ASHA,FAC022,E0004074,General adherence
OUT0004482,OUP0002000,Anjalee Laxman,9045083465,Jharasangam,2026-09-02,Village health day reminder,Family member reached,ASHA,FAC022,E0004074,General adherence
OUT0004483,OUP0002001,Harika Mudiraj,9691944158,Rajapu,2026-06-24,Village health day reminder,Reached; counselled,CHO,FAC005,E0004075,Test completion
OUT0004484,OUP0002001,Harika Mudiraj,9691944158,Rajapur,2026-07-15,Phone call,Family member reached,CHO,FAC005,E0004075,Medicine pickup
OUT0004485,OUP0002001,Harika Mudiraj,9691944158,Rajapur,2026-08-06,Phone call,Family member reached,CHO,FAC005,E0004076,Test completion
OUT0004486,OUP0002001,Harika Mudiraj,9691944158,Rajapur,2026-08-13,Village health day reminder,Phone switched off,ASHA,FAC005,E0004076,Review visit
OUT0004487,OUP0002001,Harika Mudiraj,9691944158,Rajapur,2026-08-17,WhatsApp/SMS,Reached; counselled,CHO,FAC005,E0004076,Test completion
OUT0004488,OUP0002002,Praveen Laxman,9633419399,Mangalapally,2026-03-27,WhatsApp/SMS,Wrong number,ASHA,FAC018,E0004077,Review visit
OUT0004489,OUP0002002,Praveen Laxman,,MANGALAPALLY,2026-03-31,Phone call,Phone switched off,CHO,FAC018,E0004077,Review visit
OUT0004490,OUP0002002,Praveen Laxman,+91-96334-19399,Mangalapally,2026-06-13,Village health day reminder,Phone switched off,CHO,FAC018,E0004078,Test completion
OUT0004491,OUP0002002,Praveen Laxman,9433419399,Mangalapally,2026-06-08,WhatsApp/SMS,Patient unavailable,ASHA,FAC018,E0004078,Review visit
OUT0004492,OUP0002002,Praveen Laxman,9633419399,Mangalapally,2026-06-12,Home visit,Reached; counselled,ASHA,FAC018,E0004078,Review visit
OUT0004493,OUP0002002,Praveen Laxman,9633419399,Mangalapally,2026-07-09,Village health day reminder,Reached; promised follow-up,ASHA,FAC018,E0004079,Medicine pickup
OUT0004494,OUP0002002,Praveen Laxman,9633419399,Mangalapally,2026-07-15,Phone call,Patient unavailable,ASHA,FAC018,E0004079,Medicine pickup
OUT0004495,OUP0002003,Naresh Yadav,9978107856,Narayankhed,2026-07-08,Phone call,Reached; counselled,CHO,FAC019,E0004081,Test completion
OUT0004496,OUP0002004,Vinod Shekr,9024564479,Patancheru,2026-01-29,Phone call,Patient unavailable,CHO,FAC026,E0004082,General adherence
OUT0004497,OUP0002004,winod Shekar,9024564479,Patancheru,2026-01-26,Phone call,Phone switched off,ASHA,FAC026,E0004082,General adherence
OUT0004498,OUP0002004,Vinod Shekar,,Patancheru,2026-02-18,Home visit,Wrong number,ASHA,FAC025,E0004083,Test completion
OUT0004499,OUP0002004,Veenod Shekar,9024564479,Patancheru,2026-02-05,Phone call,Phone switched off,ASHA,FAC025,E0004083,Medicine pickup
OUT0004500,OUP0002004,Vinod Shekar,9024564479,Patancheru,2026-02-15,Village health day reminder,No answer,CHO,FAC025,E0004083,Test completion
OUT0004501,OUP0002005,Mounika Mallaiah,9634268926,Chandur,2026-06-09,WhatsApp/SMS,Family member reached,CHO,FAC015,E0004088,Review visit
OUT0004502,OUP0002005,Mounika Mallaiah,9634268926,Chandur,2026-06-03,Phone call,Phone switched off,CHO,FAC015,E0004088,Test completion
OUT0004503,OUP0002005,Mounika Mallaiah,9634288926,Chandur,2026-08-13,Village health day reminder,Reached; counselled,CHO,FAC013,E0004089,Medicine pickup
OUT0004504,OUP0002006,Ravi Patel,9460915346,Bhanur,2026-05-13,Home visit,Phone switched off,CHO,FAC027,E0004091,General adherence
OUT0004505,OUP0002006,Ravi Patel,9460915346,Bhanur,2026-05-15,Phone call,Reached; promised follow-up,ASHA,FAC027,E0004091,General adherence
OUT0004506,OUP0002006,Ravi Patel,9460915346,BHANUR,2026-07-15,Phone call,No answer,CHO,FAC026,E0004092,Test completion
OUT0004507,OUP0002007,Praveen Rao,9360509849,Midjil,2026-08-21,Home visit,Reached; promised follow-up,ASHA,FAC009,E0004095,General adherence
OUT0004508,OUP0002007,Praveen Rao,9360501849,Midjil,2026-08-25,Phone call,Patient unavailable,ASHA,FAC009,E0004095,Review visit
OUT0004509,OUP0002008,Saritha Khan,9200260106,Zaheeraba,2026-04-25,Phone call,Reached; promised follow-up,CHO,FAC023,E0004098,Test completion
OUT0004510,OUP0002008,Sareetha Khan,9200260106,Zaheerabad,2026-04-24,Home visit,Reached; counselled,ASHA,FAC023,E0004098,Test completion
OUT0004511,OUP0002008,Saritha Khan,9200260906,Zaheerabad,2026-05-02,Phone call,No answer,ASHA,FAC023,E0004098,Medicine pickup
OUT0004512,OUP0002008,Saritha Khan,+91-92002-60106,Zaheerabad,2026-06-13,Phone call,Reached; promised follow-up,CHO,FAC024,E0004099,Review visit
OUT0004513,OUP0002009,Anitha Mudiraj,9610610539,Gundlapally,2026-07-03,Phone call,Reached; counselled,ASHA,FAC011,E0004101,Review visit
OUT0004514,OUP0002010,Srilatha Khan,,Bodajanampet,2026-05-18,Village health day reminder,Wrong number,CHO,FAC005,E0004102,General adherence
OUT0004515,OUP0002010,Srilatha Khan,9671036697,Bodajanampet,2026-05-27,WhatsApp/SMS,Family member reached,CHO,FAC005,E0004102,General adherence
OUT0004516,OUP0002010,Sreelatha Khan,,Bodajanampet,2026-05-24,Phone call,Reached; promised follow-up,CHO,FAC005,E0004102,Test completion
OUT0004517,OUP0002010,Srilatha Khan,9671036697,Bodajanampet,2026-07-01,Home visit,No answer,ASHA,FAC006,E0004103,Medicine pickup
OUT0004518,OUP0002010,Srilatha Khan,9671036697,BODAJANAMPET,2026-07-05,Village health day reminder,Reached; promised follow-up,ASHA,FAC006,E0004103,Review visit
OUT0004519,OUP0002010,Srilatha Khan,,Bodajanampet,2026-07-18,Village health day reminder,Reached; counselled,CHO,FAC006,E0004103,Review visit
OUT0004520,OUP0002011,Mounika Mallaiah,+91-98084-31084,Vemula,2026-05-27,WhatsApp/SMS,Reached; counselled,CHO,FAC008,E0004104,General adherence
OUT0004521,OUP0002011,Mounika Mallaiah,9808431084,Vemula,2026-06-08,WhatsApp/SMS,Reached; promised follow-up,CHO,FAC008,E0004104,Test completion
OUT0004522,OUP0002011,Mounika Mallaiah,9808431084,Vemula,2026-05-31,Phone call,Phone switched off,ASHA,FAC008,E0004104,Test completion
OUT0004523,OUP0002011,Mounik Mallaiah,9808431084,Vemula,2026-06-13,Home visit,Family member reached,ASHA,FAC007,E0004105,Test completion
OUT0004524,OUP0002011,Mounika Mallaiah,9808431084,Vemula,2026-06-20,Phone call,Phone switched off,ASHA,FAC007,E0004105,Test completion
OUT0004525,OUP0002011,Mounika Mallaiah,9808431084,Vemula,2026-06-23,Phone call,Reached; promised follow-up,CHO,FAC007,E0004105,Review visit
OUT0004526,OUP0002012,Lakshmi Naik,9612701716,Chandur,2026-04-07,Village health day reminder,No answer,ASHA,FAC015,E0004106,General adherence
OUT0004527,OUP0002012,Lakshmi,9612701716,Chandur,2026-04-02,Village health day reminder,Reached; promised follow-up,ASHA,FAC015,E0004106,Review visit
OUT0004528,OUP0002012,Lakshmi Naik,,Chandur,2026-04-09,WhatsApp/SMS,Wrong number,ASHA,FAC015,E0004106,Review visit
OUT0004529,OUP0002012,Lakshmi Naik,+91-96127-01716,Chandur,2026-06-07,WhatsApp/SMS,Family member reached,ASHA,FAC014,E0004107,Medicine pickup
OUT0004530,OUP0002012,Lakshmi Naik,9612701716,Chandur,2026-06-03,WhatsApp/SMS,Family member reached,CHO,FAC014,E0004107,General adherence
OUT0004531,OUP0002012,Lakshmi Naik,9612701716,Chandur,2026-07-02,Phone call,Family member reached,ASHA,FAC015,E0004108,Review visit
OUT0004532,OUP0002013,Saritha Patel,9542096225,Balanagar,2026-04-15,Home visit,Reached; counselled,CHO,FAC006,E0004110,Medicine pickup
OUT0004533,OUP0002014,Kavitha,9538926036,Mangalapally,2026-03-14,Phone call,Family member reached,ASHA,FAC017,E0004113,Medicine pickup
OUT0004534,OUP0002015,Santosh Narsimha,,Gundlapally,2026-06-17,Village health day reminder,Family member reached,ASHA,FAC010,E0004114,General adherence
OUT0004535,OUP0002015,Santosh Narsimha,9715815042,GUNDLAPALLY,2026-06-10,WhatsApp/SMS,Patient unavailable,CHO,FAC010,E0004114,Medicine pickup
OUT0004536,OUP0002015,Santos Narsimha,9715815042,Gundlapally,2026-06-12,Phone call,Family member reached,ASHA,FAC010,E0004114,General adherence
OUT0004537,OUP0002016,Nirmala Mallaiah,9053015198,VEMULA,2026-07-21,Phone call,Reached; promised follow-up,CHO,FAC008,E0004115,Review visit
OUT0004538,OUP0002016,Nirmala Mallaiah,9053015198,Vemula,2026-07-27,WhatsApp/SMS,Reached; counselled,ASHA,FAC008,E0004115,Review visit
OUT0004539,OUP0002016,Nirmala Mallaiah,9053015198,Vemula,2026-07-23,Home visit,Phone switched off,CHO,FAC008,E0004115,Medicine pickup
OUT0004540,OUP0002017,Shobha Shekar,9273544600,Devarakonda,2026-05-24,Home visit,Reached; promised follow-up,CHO,FAC011,E0004117,Test completion
OUT0004541,OUP0002017,Shobha Shekar,9273544600,Devarakonda,2026-05-25,Village health day reminder,Family member reached,ASHA,FAC011,E0004117,General adherence
OUT0004542,OUP0002017,Shobha Shekar,9273544600,Devarakonda,2026-07-21,Phone call,Family member reached,ASHA,FAC010,E0004118,Review visit
OUT0004543,OUP0002017,Shobha Shekar,+91-92735-44600,Devarakonda,2026-07-30,Village health day reminder,Family member reached,ASHA,FAC010,E0004118,Medicine pickup
OUT0004544,OUP0002017,sobha Shekar,9273544600,Devarakonda,2026-07-23,Home visit,Wrong number,CHO,FAC010,E0004118,Medicine pickup
OUT0004545,OUP0002018,Shobha Yadav,9300830993,Kangti,2026-08-09,Home visit,Wrong number,ASHA,FAC021,E0004121,General adherence
OUT0004546,OUP0002018,Shobha Yadav,9300839993,Kangti,2026-08-10,Village health day reminder,Reached; counselled,CHO,FAC021,E0004121,Review visit
OUT0004547,OUP0002018,Shobha Yadaw,9300839993,Kangti,2026-08-13,Home visit,Reached; counselled,CHO,FAC021,E0004121,General adherence
OUT0004548,OUP0002019,Mohan Yadav,9156092657,Nomula,2026-05-28,Village health day reminder,Reached; promised follow-up,CHO,FAC017,E0004122,Test completion
OUT0004549,OUP0002019,Mohan Yadav,9156092657,Nomula,2026-07-19,Phone call,Reached; promised follow-up,ASHA,FAC016,E0004123,Review visit
OUT0004550,OUP0002019,Mohan Yadaw,9156092657,Nomula,2026-07-03,Phone call,Reached; counselled,ASHA,FAC016,E0004123,Medicine pickup
OUT0004551,OUP0002020,Srinivas Laxman,9425370753,RAJAPUR,2026-06-26,Village health day reminder,Reached; promised follow-up,ASHA,FAC005,E0004124,Medicine pickup
OUT0004552,OUP0002020,Srinivas Laxman,9425370753,Rajapur,2026-06-13,Phone call,Reached; promised follow-up,CHO,FAC005,E0004124,General adherence
OUT0004553,OUP0002020,Srinivas Laxman,+91-94253-70753,Rajapur,2026-06-25,Home visit,Reached; counselled,CHO,FAC005,E0004124,Review visit
OUT0004554,OUP0002021,Rani Basha,9602342833,Indresham,2026-09-03,Home visit,Reached; promised follow-up,ASHA,FAC025,E0004125,General adherence
OUT0004555,OUP0002022,Sushma Rao,9123044399,Kondamallepally,2026-05-07,Home visit,Reached; counselled,ASHA,FAC012,E0004126,Test completion
OUT0004556,OUP0002023,Veenod Basha,9947389639,Kondamallepally,2026-03-15,Phone call,Reached; promised follow-up,ASHA,FAC010,E0004127,General adherence
OUT0004557,OUP0002023,Vinod Basha,+91-99473-89639,Kondamallepally,2026-03-07,Home visit,Patient unavailable,ASHA,FAC010,E0004127,Test completion
OUT0004558,OUP0002023,Vinod Basha,9947389639,Kondamallepally,2026-03-19,Home visit,Family member reached,CHO,FAC010,E0004127,General adherence
OUT0004559,OUP0002024,Deepika Narsimha,9621882292,Gundlapally,2026-08-20,Phone call,Reached; counselled,CHO,FAC012,E0004128,Test completion
OUT0004560,OUP0002024,Deepika Narsimha,9625882292,Gundlapally,2026-08-23,Village health day reminder,Reached; counselled,CHO,FAC012,E0004128,Test completion
OUT0004561,OUP0002024,Deepika Narsimha,9625882292,Gundlapally,2026-08-24,Phone call,Patient unavailable,ASHA,FAC012,E0004128,Test completion
OUT0004562,OUP0002025,Ravi Mudiraj,9767316429,Indresham,2026-05-07,Phone call,Family member reached,ASHA,FAC027,E0004129,Review visit
OUT0004563,OUP0002025,Ravi Mudiraj,9767316429,Indresham,2026-05-28,Phone call,No answer,ASHA,FAC027,E0004129,General adherence
OUT0004564,OUP0002025,Ravi Mudiraj,9767316429,Indresham,2026-06-02,Phone call,Family member reached,CHO,FAC027,E0004129,Test completion
OUT0004565,OUP0002025,Ravi Mudiraj,9767316429,Indresham,2026-07-17,Phone call,Family member reached,ASHA,FAC027,E0004130,General adherence
OUT0004566,OUP0002025,Ravi Mudiraj,9767316429,Indresham,2026-07-02,WhatsApp/SMS,Family member reached,CHO,FAC027,E0004130,General adherence
OUT0004567,OUP0002026,Naresh Patel,9471075291,Macharam,2026-03-23,Phone call,Reached; promised follow-up,CHO,FAC002,E0004131,Review visit
OUT0004568,OUP0002026,Naresh Patel,9471075291,Machara,2026-04-01,Home visit,Family member reached,ASHA,FAC002,E0004131,Medicine pickup
OUT0004569,OUP0002026,Naresh Patel,9471075291,Macharam,2026-03-27,Phone call,Reached; promised follow-up,CHO,FAC002,E0004131,Test completion
OUT0004570,OUP0002026,Naresh Patel,9471075291,Macharam,2026-04-24,Home visit,Family member reached,CHO,FAC003,E0004132,Test completion
OUT0004571,OUP0002027,Deepika Dewi,9453571170,Peddadinne,2026-05-10,Phone call,Wrong number,CHO,FAC010,E0004133,Test completion
OUT0004572,OUP0002027,Deepika Devi,+91-94535-71170,Peddadinne,2026-05-16,Home visit,Patient unavailable,ASHA,FAC010,E0004133,General adherence
OUT0004573,OUP0002028,Suresh Mudiraj,9397608997,Patancheru,2026-08-16,Phone call,Reached; counselled,CHO,FAC027,E0004135,Medicine pickup
OUT0004574,OUP0002028,Sures Mudiraj,9297608997,Patancheru,2026-08-17,Phone call,Reached; counselled,CHO,FAC027,E0004135,General adherence
OUT0004575,OUP0002029,Anjalee Laxman,9842022814,Vemula,2026-02-07,Phone call,Reached; counselled,ASHA,FAC007,E0004136,General adherence
OUT0004576,OUP0002029,Anjali Laxman,9842022814,Vemula,2026-02-27,Home visit,Reached; counselled,CHO,FAC007,E0004136,Review visit
OUT0004577,OUP0002029,Anjali Laxman,9842022814,Vemula,2026-02-28,Phone call,Reached; counselled,ASHA,FAC007,E0004136,Review visit
OUT0004578,OUP0002030,Srinivas Jangam,9451854182,Balanagar,2026-03-14,Home visit,Family member reached,ASHA,FAC004,E0004138,General adherence
OUT0004579,OUP0002030,Srinivas Jangam,9451854182,Balanagar,2026-03-21,Home visit,Family member reached,CHO,FAC004,E0004138,Test completion
OUT0004580,OUP0002030,Srinivas Jangam,9451854182,Balanagar,2026-03-17,Phone call,Patient unavailable,ASHA,FAC004,E0004138,Test completion
OUT0004581,OUP0002031,Suresh,9373078255,Kalher,2026-05-11,Phone call,Reached; counselled,ASHA,FAC020,E0004140,Medicine pickup
OUT0004582,OUP0002031,Suresh Laxman,,Kalher,2026-05-23,Phone call,Reached; counselled,CHO,FAC020,E0004140,General adherence
OUT0004583,OUP0002032,Anjali Narsimha,9939753026,Polepally,2026-08-23,Home visit,Patient unavailable,ASHA,FAC003,E0004142,Medicine pickup
OUT0004584,OUP0002032,Anjali Narsimha,+91-99397-03026,Polepally,2026-08-20,WhatsApp/SMS,No answer,CHO,FAC003,E0004142,General adherence
OUT0004585,OUP0002032,Anjali Narsimha,9939703026,Polepally,2026-09-11,Village health day reminder,No answer,ASHA,FAC003,E0004142,Review visit
OUT0004586,OUP0002033,Lakshmi Yadav,9220906721,Mogudampally,2026-06-15,Phone call,Reached; counselled,CHO,FAC023,E0004145,Test completion
OUT0004587,OUP0002034,Raju Jangam,+91-94162-85830,Devarakonda,2026-04-30,Phone call,Wrong number,CHO,FAC011,E0004146,Review visit
OUT0004588,OUP0002034,Raju Jangam,9416285830,Devarakonda,2026-05-09,Phone call,Family member reached,ASHA,FAC011,E0004146,Review visit
OUT0004589,OUP0002034,Raju Jangam,9416285830,Devarakonda,2026-05-10,WhatsApp/SMS,Reached; promised follow-up,CHO,FAC011,E0004146,Test completion
OUT0004590,OUP0002035,Jyothi Krishna,9437679655,Badepalli,2026-03-09,WhatsApp/SMS,Family member reached,CHO,FAC003,E0004147,Test completion
OUT0004591,OUP0002035,Jyothi Krishna,9437679655,BADEPALLY,2026-03-11,Home visit,Reached; counselled,ASHA,FAC003,E0004147,General adherence
OUT0004592,OUP0002036,Mounika Naik,+91-91826-61190,Nermata,2026-03-11,Phone call,Reached; counselled,ASHA,FAC013,E0004149,Review visit
OUT0004593,OUP0002036,Mounika Naik,9182661190,Nermata,2026-03-22,Phone call,Wrong number,ASHA,FAC013,E0004149,Medicine pickup
OUT0004594,OUP0002036,Mounika Naik,9182661190,Nermata,2026-07-11,Village health day reminder,Wrong number,ASHA,FAC014,E0004150,General adherence
OUT0004595,OUP0002036,Mounika Naik,+91-91826-61190,Nermata,2026-07-16,Phone call,Wrong number,CHO,FAC014,E0004150,Medicine pickup
OUT0004596,OUP0002036,Mounika Naik,9582661190,Nermata,2026-07-26,Village health day reminder,Wrong number,CHO,FAC014,E0004150,Review visit
OUT0004597,OUP0002037,Srilatha Krishna,9222232354,Kummarikunta,2026-07-28,Home visit,Family member reached,CHO,FAC013,E0004156,Review visit
OUT0004598,OUP0002037,Srilatha Krishna,9222232354,Kummarikunta,2026-08-10,Phone call,No answer,CHO,FAC013,E0004156,Test completion
OUT0004599,OUP0002038,Srinivas Reddy,9377631998,Bhanur,2026-02-20,WhatsApp/SMS,Reached; counselled,CHO,FAC026,E0004157,General adherence
OUT0004600,OUP0002039,Mohan Devi,+91-97336-81652,Velpula,2026-01-28,WhatsApp/SMS,Patient unavailable,CHO,FAC008,E0004159,Test completion
OUT0004601,OUP0002039,Mohan Devi,9733681652,Velpula,2026-02-13,Home visit,Phone switched off,ASHA,FAC008,E0004159,Test completion
OUT0004602,OUP0002040,Kiran Narsimha,9079265036,Polepally,2026-05-04,Phone call,Reached; counselled,CHO,FAC003,E0004160,Review visit
OUT0004603,OUP0002041,Mounika Begum,,Nomula,2026-02-17,Home visit,Reached; counselled,CHO,FAC017,E0004162,Medicine pickup
OUT0004604,OUP0002041,Mounika Begum,9568671156,Nomula,2026-02-15,Home visit,Family member reached,CHO,FAC017,E0004162,Medicine pickup
OUT0004605,OUP0002042,Kiran Laxman,9849681478,Velpula,2026-01-19,Village health day reminder,Reached; counselled,ASHA,FAC008,E0004164,Review visit
OUT0004606,OUP0002043,Rani Shekar,9909632628,Narayankhed,2026-01-22,Phone call,Reached; promised follow-up,ASHA,FAC020,E0004166,General adherence
OUT0004607,OUP0002043,Rani Shekar,9909632628,Narayankhed,2026-01-27,Phone call,Reached; counselled,ASHA,FAC020,E0004166,Review visit
OUT0004608,OUP0002043,Rani Shekar,9909632628,NARAYANKHED,2026-06-05,Phone call,Phone switched off,ASHA,FAC021,E0004167,Review visit
OUT0004609,OUP0002043,Rani Shekar,9909632628,Narayankhed,2026-06-10,Home visit,Wrong number,ASHA,FAC021,E0004167,Review visit
OUT0004610,OUP0002043,Rani sekar,9909632628,Narayankhed,2026-07-31,Phone call,Family member reached,ASHA,FAC019,E0004168,Review visit
OUT0004611,OUP0002043,Rani sekar,9909632628,Narayankhed,2026-07-19,Phone call,Reached; promised follow-up,CHO,FAC019,E0004168,General adherence
OUT0004612,OUP0002044,Harika Mudiraj,9270143647,Nomula,2026-03-04,Phone call,Family member reached,ASHA,FAC016,E0004173,Test completion
OUT0004613,OUP0002044,Harika Mudiraj,9270143647,Nomula,2026-03-10,Home visit,Reached; promised follow-up,ASHA,FAC016,E0004173,Review visit
OUT0004614,OUP0002045,Sai Narsimha,9780542365,Patancheru,2026-06-07,WhatsApp/SMS,Reached; counselled,CHO,FAC026,E0004175,Test completion
OUT0004615,OUP0002045,Sai Narsimha,9780542365,Patancheru,2026-05-29,Phone call,Reached; counselled,CHO,FAC026,E0004175,Test completion
OUT0004616,OUP0002045,Sai Narsimha,9788542365,Patancheru,2026-06-06,Phone call,Reached; promised follow-up,CHO,FAC026,E0004175,General adherence
OUT0004617,OUP0002046,Divya Patel,9225080088,Bangarigadda,2026-03-12,Home visit,No answer,ASHA,FAC015,E0004180,Review visit
OUT0004618,OUP0002046,Divya Patel,9225080088,Bangarigadda,2026-03-14,Home visit,Family member reached,ASHA,FAC015,E0004180,Medicine pickup
OUT0004619,OUP0002047,Mahesh Khan,9379672719,Nomula,2026-06-25,Phone call,No answer,ASHA,FAC016,E0004181,Test completion
OUT0004620,OUP0002047,Mahesh Khan,9371672719,NOMULA,2026-08-06,Phone call,Reached; promised follow-up,ASHA,FAC016,E0004182,Review visit
OUT0004621,OUP0002048,Naresh Kumar,9195809907,Chandur,2026-01-12,Village health day reminder,Family member reached,ASHA,FAC015,E0004183,Test completion
OUT0004622,OUP0002048,Naresh Kumar,9195809907,Chandur,2026-02-19,Phone call,Reached; counselled,CHO,FAC015,E0004184,Test completion
OUT0004623,OUP0002049,Mahesh Devi,,Nermata,2026-03-24,Home visit,Reached; promised follow-up,CHO,FAC013,E0004185,Medicine pickup
OUT0004624,OUP0002049,Mahesh Devi,9870167210,Nermata,2026-03-29,Phone call,Family member reached,CHO,FAC013,E0004185,Test completion
OUT0004625,OUP0002049,Mahesh Devi,9870167210,Nermata,2026-04-03,WhatsApp/SMS,Reached; promised follow-up,CHO,FAC013,E0004185,General adherence
OUT0004626,OUP0002049,Mahes Devi,,Nermata,2026-05-30,Phone call,Reached; counselled,ASHA,FAC013,E0004186,Review visit
OUT0004627,OUP0002049,Mahesh Devi,9870167210,Nermata,2026-05-30,Phone call,Family member reached,CHO,FAC013,E0004186,Medicine pickup
OUT0004628,OUP0002049,Mahesh Devee,9870167210,NERMATA,2026-05-30,Home visit,Reached; counselled,CHO,FAC013,E0004186,Medicine pickup
OUT0004629,OUP0002050,Swathi Naik,9222059927,Polepalli,2026-05-29,Home visit,Patient unavailable,CHO,FAC003,E0004189,General adherence
OUT0004630,OUP0002050,Swathee Naik,9222059927,Polepally,2026-05-31,Village health day reminder,Phone switched off,CHO,FAC003,E0004189,Review visit
OUT0004631,OUP0002051,Deepika Begum,+91-93644-92958,Gundlapally,2026-01-23,Phone call,Reached; counselled,CHO,FAC011,E0004190,Review visit
OUT0004632,OUP0002051,Deepika Begum,9364492958,Gundlapally,2026-01-10,Phone call,Reached; counselled,ASHA,FAC011,E0004190,Medicine pickup
OUT0004633,OUP0002052,Kavitha Laxman,,Gundlapally,2026-08-04,Phone call,Family member reached,CHO,FAC012,E0004191,Test completion
OUT0004634,OUP0002052,Kavitha Laxman,+91-95967-93625,Gundlapally,2026-08-13,WhatsApp/SMS,Reached; promised follow-up,CHO,FAC012,E0004191,Review visit
OUT0004635,OUP0002052,Kavitha Laxman,9596793625,Gundlapally,2026-08-03,Phone call,Family member reached,CHO,FAC012,E0004191,Medicine pickup
OUT0004636,OUP0002053,Harika Kumar,9838819580,Mangalapally,2026-06-25,Phone call,Reached; counselled,CHO,FAC017,E0004192,Test completion
OUT0004637,OUP0002054,Kavitha Kumar,+91-95124-77092,Mogudampally,2026-06-20,Home visit,No answer,ASHA,FAC024,E0004193,General adherence
OUT0004638,OUP0002054,Kavitha Kumar,9512477092,Mogudampalli,2026-08-04,Phone call,Wrong number,CHO,FAC023,E0004194,General adherence
OUT0004639,OUP0002054,Kavitha Kumar,9512477092,Mogudampally,2026-08-12,Home visit,Reached; counselled,CHO,FAC023,E0004194,General adherence
OUT0004640,OUP0002054,Kavitha Kumar,9512877092,MOGUDAMPALLY,2026-08-13,Phone call,Family member reached,CHO,FAC023,E0004194,Medicine pickup
OUT0004641,OUP0002055,Rajesh Patel,9200023209,POLEPALLY,2026-02-08,Phone call,No answer,CHO,FAC001,E0004204,Medicine pickup
OUT0004642,OUP0002055,Rajesh Patel,9200023209,Polepally,2026-02-13,WhatsApp/SMS,Reached; counselled,ASHA,FAC001,E0004204,General adherence
OUT0004643,OUP0002055,Rajesh Patel,9200023209,POLEPALLY,2026-05-08,Phone call,Phone switched off,ASHA,FAC001,E0004205,Review visit
OUT0004644,OUP0002055,Rajesh Patel,9200023209,Polepally,2026-05-21,Phone call,Reached; counselled,CHO,FAC001,E0004205,Medicine pickup
OUT0004645,OUP0002056,Anjali Laxman,+91-96667-79986,Ameenpur,2026-06-22,Village health day reminder,Reached; promised follow-up,CHO,FAC025,E0004208,Medicine pickup
OUT0004646,OUP0002057,Kiran Khan,9356842489,Peddadinne,2026-01-23,Home visit,No answer,CHO,FAC012,E0004209,Review visit
OUT0004647,OUP0002057,Kiran Khan,9356842489,Peddadinne,2026-01-25,Home visit,Wrong number,ASHA,FAC012,E0004209,Test completion
OUT0004648,OUP0002057,Kiran Khan,9356842489,Peddadinne,2026-02-07,Village health day reminder,Family member reached,ASHA,FAC012,E0004209,Review visit
OUT0004649,OUP0002058,Kiran Basha,+91-91954-31187,Kondamallepally,2026-02-13,Phone call,Reached; counselled,CHO,FAC012,E0004210,General adherence
OUT0004650,OUP0002058,Kiran Basha,9195491187,Kondamallepalli,2026-02-27,Home visit,Reached; counselled,ASHA,FAC012,E0004210,General adherence
OUT0004651,OUP0002059,Saritha Patel,+91-96779-70570,Narayankhed,2026-05-15,Village health day reminder,Wrong number,ASHA,FAC019,E0004212,Test completion
OUT0004652,OUP0002059,Saritha Patel,9677970570,Narayankhed,2026-05-04,Phone call,Reached; promised follow-up,ASHA,FAC019,E0004212,Review visit
OUT0004653,OUP0002059,Saritha Patel,,NARAYANKHED,2026-05-09,WhatsApp/SMS,Reached; counselled,CHO,FAC019,E0004212,General adherence
OUT0004654,OUP0002060,Naresh Das,9263636709,Gangapur,2026-08-19,Phone call,Family member reached,ASHA,FAC002,E0004214,Test completion
OUT0004655,OUP0002060,Naresh Das,9263636709,Gangapur,2026-08-17,Phone call,Wrong number,ASHA,FAC002,E0004214,Medicine pickup
OUT0004656,OUP0002061,Mounika Devi,+91-91484-32990,NERMATA,2026-04-18,WhatsApp/SMS,Reached; promised follow-up,ASHA,FAC013,E0004217,Test completion
OUT0004657,OUP0002062,Anil Shekar,9911884048,Bodajanampet,2026-03-04,Phone call,Reached; promised follow-up,ASHA,FAC005,E0004219,Medicine pickup
OUT0004658,OUP0002062,Anil Shekar,9911884048,Bodajanampet,2026-02-17,WhatsApp/SMS,Family member reached,ASHA,FAC005,E0004219,Review visit
OUT0004659,OUP0002062,Anil Shekar,9911884048,Bodajanampet,2026-03-08,Phone call,Family member reached,ASHA,FAC005,E0004219,Medicine pickup
OUT0004660,OUP0002063,Srinivas Rao,9669989580,Peddadinne,2026-05-03,Phone call,Reached; counselled,ASHA,FAC011,E0004220,General adherence
OUT0004661,OUP0002063,Srinivas Rao,9669989580,Peddadinne,2026-05-12,Phone call,Reached; promised follow-up,CHO,FAC011,E0004220,Review visit
OUT0004662,OUP0002064,Sntosh Goud,9794202966,Nakrekal,2026-05-22,Phone call,Patient unavailable,CHO,FAC017,E0004221,General adherence
OUT0004663,OUP0002065,Swathi Reddy,9093792131,Donur,2026-05-12,Phone call,Family member reached,CHO,FAC008,E0004223,Test completion
OUT0004664,OUP0002065,Swathi Reddy,9093792131,Donur,2026-05-18,Phone call,Reached; counselled,CHO,FAC008,E0004223,Review visit
OUT0004665,OUP0002066,Mounika Narsimha,9091484914,Kalher,2026-06-14,Phone call,Reached; promised follow-up,CHO,FAC020,E0004225,General adherence
OUT0004666,OUP0002066,Mounika Narsimha,9091484914,Kalher,2026-05-30,WhatsApp/SMS,Family member reached,CHO,FAC020,E0004225,Test completion
OUT0004667,OUP0002067,Naveen Chary,9140464239,MANOOR,2026-08-04,Phone call,Family member reached,CHO,FAC021,E0004226,General adherence
OUT0004668,OUP0002067,Naveen Chary,9140464239,MANOOR,2026-07-28,Village health day reminder,Reached; promised follow-up,ASHA,FAC021,E0004226,Review visit
OUT0004669,OUP0002067,Naveen Chary,9140464239,Manoor,2026-08-01,Phone call,Phone switched off,ASHA,FAC021,E0004226,Review visit
OUT0004670,OUP0002068,Lakshmi Yadav,9049050326,Nermata,2026-07-22,Home visit,Patient unavailable,CHO,FAC014,E0004230,Test completion
OUT0004671,OUP0002069,Nirmala Shekar,9106970325,Badepally,2026-02-04,Phone call,Wrong number,ASHA,FAC001,E0004233,Review visit
OUT0004672,OUP0002069,Nirmala Shekar,9106970325,Badepally,2026-02-09,Home visit,Reached; counselled,ASHA,FAC001,E0004233,General adherence
OUT0004673,OUP0002069,Nirmla Shekar,9106940325,Badepally,2026-02-03,Phone call,Reached; counselled,CHO,FAC001,E0004233,Review visit
OUT0004674,OUP0002070,Llitha Devi,9102170977,Kalher,2026-02-01,Home visit,Wrong number,ASHA,FAC020,E0004236,General adherence
OUT0004675,OUP0002071,Raju Narsimha,9731646888,Ameenpur,2026-02-20,Home visit,Reached; promised follow-up,ASHA,FAC025,E0004237,Medicine pickup
OUT0004676,OUP0002071,Raju Narsimha,9731646888,Ameenpur,2026-02-16,Phone call,Reached; promised follow-up,CHO,FAC025,E0004237,Medicine pickup
OUT0004677,OUP0002071,Raju Narsimha,9731646858,Ameenpur,2026-03-09,Home visit,Patient unavailable,CHO,FAC025,E0004237,Test completion
OUT0004678,OUP0002072,Lalitha,9416767860,Bodajanampet,2026-02-20,Home visit,No answer,CHO,FAC005,E0004238,Review visit
OUT0004679,OUP0002072,Lalita Naik,+91-94167-67860,Bodajanampet,2026-02-15,Home visit,Reached; counselled,CHO,FAC005,E0004238,Review visit
OUT0004680,OUP0002073,Saritha Khan,9946974923,Bodajanampet,2026-08-22,Phone call,Reached; promised follow-up,ASHA,FAC005,E0004239,Medicine pickup
OUT0004681,OUP0002073,Saritha Khan,9946974923,Bodajanampet,2026-08-22,WhatsApp/SMS,Reached; promised follow-up,CHO,FAC005,E0004239,Test completion
OUT0004682,OUP0002073,Sareetha Khan,9946974923,Bodajanampet,2026-08-27,Village health day reminder,Patient unavailable,CHO,FAC005,E0004239,Medicine pickup
OUT0004683,OUP0002074,Nirmala Jangam,9849266776,GANGAPUR,2026-06-29,Village health day reminder,Reached; counselled,ASHA,FAC002,E0004240,Review visit
OUT0004684,OUP0002074,Nirmala Jangam,,Gangapur,2026-06-19,Home visit,Reached; counselled,CHO,FAC002,E0004240,Medicine pickup
OUT0004685,OUP0002074,Nirmala Jangam,9849266776,Gangapur,2026-08-21,Home visit,Family member reached,ASHA,FAC003,E0004241,Review visit
OUT0004686,OUP0002075,Raju Devi,9815627436,Kondamallepally,2026-08-18,Phone call,Wrong number,CHO,FAC012,E0004242,Test completion
OUT0004687,OUP0002075,Raju Devi,9815627436,Kondamallepall,2026-08-22,Village health day reminder,Reached; counselled,CHO,FAC012,E0004242,Review visit
OUT0004688,OUP0002075,Raju Devi,9815627436,Kondamallepall,2026-09-02,Village health day reminder,Reached; counselled,ASHA,FAC012,E0004242,Medicine pickup
OUT0004689,OUP0002076,Srinivas,+91-94028-88986,Zaheerabad,2026-03-07,Phone call,Reached; counselled,CHO,FAC024,E0004243,Test completion
OUT0004690,OUP0002076,Srinivas Kumar,9402888986,Zaheerabad,2026-03-05,WhatsApp/SMS,Family member reached,ASHA,FAC024,E0004243,Review visit
OUT0004691,OUP0002077,Bhavani Basa,9977577371,Kangti,2026-04-28,WhatsApp/SMS,Wrong number,ASHA,FAC021,E0004244,Medicine pickup
OUT0004692,OUP0002077,Bhavani Basha,9977577371,Kangti,2026-05-07,Phone call,Reached; promised follow-up,ASHA,FAC021,E0004244,Review visit
OUT0004693,OUP0002077,Bhavani Basha,9947577371,Kangti,2026-05-09,Phone call,Wrong number,ASHA,FAC021,E0004244,Test completion
OUT0004694,OUP0002078,Praveen,9175209381,Gangapur,2026-06-05,Phone call,Reached; counselled,CHO,FAC001,E0004245,General adherence
OUT0004695,OUP0002079,Naresh Goud,9448038209,Nomula,2026-02-14,Home visit,No answer,CHO,FAC017,E0004246,Review visit
OUT0004696,OUP0002079,Naresh Goud,9448038209,Nomula,2026-02-03,Phone call,Reached; counselled,ASHA,FAC017,E0004246,Medicine pickup
OUT0004697,OUP0002080,Lakshmi Begum,9765643440,Jharasangam,2026-08-20,WhatsApp/SMS,Family member reached,CHO,FAC024,E0004248,Test completion
OUT0004698,OUP0002081,Divya Laxman,9547622932,Machara,2026-01-18,Village health day reminder,Reached; counselled,CHO,FAC003,E0004249,Test completion
OUT0004699,OUP0002081,Divya Laxman,9547622932,MACHARAM,2026-01-20,Phone call,Reached; counselled,ASHA,FAC003,E0004249,Review visit
OUT0004700,OUP0002081,Divya Laxman,9547622932,Macharam,2026-01-20,Home visit,Family member reached,CHO,FAC003,E0004249,Review visit
OUT0004701,OUP0002081,Divya Laxman,9547622932,Macharam,2026-03-01,Village health day reminder,Reached; promised follow-up,CHO,FAC001,E0004250,Test completion
OUT0004702,OUP0002082,Padma Shekar,9863353558,Bodajanampet,2026-02-15,Home visit,Family member reached,CHO,FAC006,E0004251,Review visit
OUT0004703,OUP0002083,Rani Kumar,9355618410,Kangti,2026-06-19,Village health day reminder,Wrong number,CHO,FAC019,E0004252,Test completion
OUT0004704,OUP0002084,Arun Khan,9964243804,KUMMARIKUNTA,2026-06-29,WhatsApp/SMS,Patient unavailable,CHO,FAC013,E0004254,General adherence
OUT0004705,OUP0002084,Arun Khan,9964246804,KUMMARIKUNTA,2026-06-24,Home visit,Phone switched off,CHO,FAC013,E0004254,Test completion
OUT0004706,OUP0002085,Venkatesh Khan,9714593691,CHANDUR,2026-04-07,WhatsApp/SMS,Family member reached,ASHA,FAC014,E0004255,Medicine pickup
OUT0004707,OUP0002085,Venkatesh Khan,9714593691,Chandur,2026-04-11,Village health day reminder,No answer,ASHA,FAC014,E0004255,Test completion
OUT0004708,OUP0002085,Venkatesh Khan,9714593691,Chandur,2026-05-25,Phone call,Family member reached,ASHA,FAC013,E0004256,Review visit
OUT0004709,OUP0002086,Sushma Rao,9261772045,Mogudampally,2026-03-06,WhatsApp/SMS,Reached; counselled,CHO,FAC024,E0004257,Medicine pickup
OUT0004710,OUP0002086,Sushma Rao,9261772045,Mogudampally,2026-03-02,Home visit,Reached; counselled,CHO,FAC024,E0004257,General adherence
OUT0004711,OUP0002086,Sushma Rao,9261772045,Mogudampally,2026-03-09,Phone call,Reached; counselled,CHO,FAC024,E0004257,Review visit
OUT0004712,OUP0002087,Naveen Rao,9723817728,Marrur,2026-06-18,WhatsApp/SMS,No answer,ASHA,FAC018,E0004258,Medicine pickup
OUT0004713,OUP0002088,Jyothi Yadav,9611129613,Donur,2026-08-12,Phone call,Reached; counselled,CHO,FAC008,E0004260,Medicine pickup
OUT0004714,OUP0002088,Jyoti Yadav,9611129673,Donur,2026-08-23,Village health day reminder,Patient unavailable,CHO,FAC008,E0004260,Review visit
OUT0004715,OUP0002088,Jyothi Yadav,9611129613,Donur,2026-08-18,Home visit,Reached; promised follow-up,CHO,FAC008,E0004260,General adherence
OUT0004716,OUP0002089,Shobha Laxman,9891912418,BHANUR,2026-07-09,Phone call,No answer,ASHA,FAC027,E0004261,General adherence
OUT0004717,OUP0002090,Praveen Krishna,9641752992,Midjil,2026-07-11,Village health day reminder,Family member reached,CHO,FAC009,E0004263,Review visit
OUT0004718,OUP0002090,Praveen Krishna,9641752992,Midjil,2026-07-11,Village health day reminder,Reached; counselled,ASHA,FAC009,E0004263,Medicine pickup
OUT0004719,OUP0002091,Shankar Begum,9618130398,PEDDADINNE,2026-05-22,Phone call,Phone switched off,ASHA,FAC011,E0004265,Medicine pickup
OUT0004720,OUP0002091,Shnkar Begum,9618130398,Peddadinne,2026-06-12,Phone call,Reached; counselled,ASHA,FAC011,E0004265,General adherence
OUT0004721,OUP0002091,Shankar Begum,9618130398,Peddadinne,2026-06-06,Home visit,Patient unavailable,ASHA,FAC011,E0004265,Review visit
OUT0004722,OUP0002092,Rani,9703462347,Vemula,2026-02-18,Phone call,Reached; counselled,ASHA,FAC007,E0004267,Review visit
OUT0004723,OUP0002092,Rani Goud,9703462347,VEMULA,2026-02-16,Phone call,Reached; counselled,ASHA,FAC007,E0004267,Review visit
OUT0004724,OUP0002092,Rani Goud,9703462347,Vemula,2026-03-04,Phone call,Family member reached,CHO,FAC007,E0004267,General adherence
OUT0004725,OUP0002092,Rani Goud,9703462347,Vemula,2026-03-28,Village health day reminder,Reached; promised follow-up,CHO,FAC007,E0004268,Review visit
OUT0004726,OUP0002093,Kavitha Shekar,9060478779,Nakrekal,2026-03-29,Phone call,No answer,ASHA,FAC016,E0004273,Review visit
OUT0004727,OUP0002093,Kavitha Shekar,9060478779,Nakrekal,2026-03-31,Phone call,Patient unavailable,ASHA,FAC016,E0004273,Medicine pickup
OUT0004728,OUP0002094,Santosh Mallaiah,,Manoo,2026-02-08,Home visit,Reached; counselled,ASHA,FAC019,E0004276,General adherence
OUT0004729,OUP0002094,Santosh Mallaiah,+91-91394-26136,Manoor,2026-02-11,Phone call,Family member reached,ASHA,FAC019,E0004276,General adherence
OUT0004730,OUP0002094,Santosh Mallaiah,9139426136,Manoor,2026-02-12,Village health day reminder,Reached; promised follow-up,ASHA,FAC019,E0004276,Test completion
OUT0004731,OUP0002095,Ravi Mallaiah,9682898840,Bangarigadda,2026-08-19,Village health day reminder,Reached; counselled,CHO,FAC015,E0004277,Medicine pickup
OUT0004732,OUP0002095,Ravi Mallaiah,9682898840,Bangarigadda,2026-08-28,Phone call,Reached; promised follow-up,CHO,FAC015,E0004277,Medicine pickup
OUT0004733,OUP0002096,Saritha Naik,9904072241,Nakrekal,2026-03-01,Home visit,Patient unavailable,ASHA,FAC016,E0004279,Test completion
OUT0004734,OUP0002096,Saritha Naik,9904072241,Nakrekal,2026-02-16,Phone call,Wrong number,ASHA,FAC016,E0004279,Medicine pickup
OUT0004735,OUP0002096,Saritha Naik,+91-99040-72241,Nakrekal,2026-02-28,Phone call,Family member reached,ASHA,FAC016,E0004279,Medicine pickup
OUT0004736,OUP0002097,Anitha Kumar,9800686239,Bodajanampet,2026-06-05,Phone call,Reached; counselled,CHO,FAC005,E0004280,Review visit
OUT0004737,OUP0002097,Anitha Kumar,9800686239,Bodajanampet,2026-06-10,Home visit,Family member reached,CHO,FAC005,E0004280,Review visit
OUT0004738,OUP0002097,Anitha Kumar,9800686239,Bodajanampet,2026-07-15,Phone call,Reached; promised follow-up,ASHA,FAC005,E0004281,Medicine pickup
OUT0004739,OUP0002097,Anita Kumar,9800186239,Bodajanampet,2026-07-27,Phone call,Wrong number,ASHA,FAC005,E0004281,Review visit
OUT0004740,OUP0002098,Raju Naik,,BHANUR,2026-07-30,Home visit,Phone switched off,CHO,FAC026,E0004282,Medicine pickup
OUT0004741,OUP0002099,Mounika Reddy,,Badepally,2026-04-05,Phone call,Reached; counselled,ASHA,FAC002,E0004284,Review visit
OUT0004742,OUP0002099,Mounika Reddy,,Badepally,2026-04-07,Home visit,Wrong number,CHO,FAC002,E0004284,Medicine pickup
OUT0004743,OUP0002100,Rani Reddy,9380076893,Jharasangam,2026-05-17,Phone call,Phone switched off,CHO,FAC024,E0004286,Medicine pickup
OUT0004744,OUP0002100,Rani Reddy,9380076893,Jharasangam,2026-05-26,Home visit,Reached; counselled,CHO,FAC024,E0004286,Test completion
OUT0004745,OUP0002100,Rani Reddy,9380076893,Jharasangam,2026-06-14,Home visit,No answer,CHO,FAC024,E0004286,General adherence
OUT0004746,OUP0002100,Rani Reddy,9380077893,Jharasangam,2026-06-29,Home visit,Phone switched off,CHO,FAC022,E0004287,General adherence
OUT0004747,OUP0002100,Rani Reddy,9380076893,Jharasangam,2026-07-11,Phone call,Family member reached,CHO,FAC022,E0004287,Medicine pickup
OUT0004748,OUP0002100,Rani Reddy,+91-93800-76893,Jharasangam,2026-08-22,Phone call,Reached; promised follow-up,CHO,FAC022,E0004288,Test completion
OUT0004749,OUP0002101,Naveen Das,9881130236,Kummarikunta,2026-07-01,Village health day reminder,Family member reached,CHO,FAC013,E0004290,Medicine pickup
OUT0004750,OUP0002101,Naveen Das,9861130236,Kummarikunta,2026-06-25,Home visit,Reached; promised follow-up,ASHA,FAC013,E0004290,Review visit
OUT0004751,OUP0002102,Srilatha Khan,9792990619,Peddadinn,2026-08-01,Phone call,Reached; promised follow-up,CHO,FAC010,E0004293,General adherence
OUT0004752,OUP0002102,Srilatha Khan,9792990619,PEDDADINNE,2026-08-04,Village health day reminder,Family member reached,CHO,FAC010,E0004293,Review visit
OUT0004753,OUP0002103,Praveen Kumar,9809786276,Rajapur,2026-08-24,Home visit,Reached; counselled,CHO,FAC006,E0004294,Review visit
OUT0004754,OUP0002103,Praveen Kumar,9809786276,Rajapur,2026-09-03,WhatsApp/SMS,Family member reached,CHO,FAC006,E0004294,Review visit
OUT0004755,OUP0002104,Mohan Jangam,9841492414,Balanagar,2026-06-03,Phone call,Patient unavailable,CHO,FAC005,E0004295,Review visit
OUT0004756,OUP0002104,Mohan,9841492414,Balanagar,2026-05-20,Phone call,Family member reached,CHO,FAC005,E0004295,Review visit
OUT0004757,OUP0002104,Mohan Jangam,9841492414,Balanagar,2026-07-31,Phone call,Family member reached,ASHA,FAC004,E0004296,Medicine pickup
OUT0004758,OUP0002105,Padma Devi,9784372119,Patancheru,2026-07-17,Phone call,Reached; counselled,CHO,FAC027,E0004297,Review visit
OUT0004759,OUP0002105,Padma,9784372119,Patancheru,2026-07-21,Home visit,Family member reached,CHO,FAC027,E0004297,General adherence
OUT0004760,OUP0002105,Padma Devi,+91-97843-72119,Patancheru,2026-07-19,Village health day reminder,Family member reached,CHO,FAC027,E0004297,General adherence
OUT0004761,OUP0002106,Deepeeka Mudiraj,9668206606,Donur,2026-03-11,Home visit,Phone switched off,ASHA,FAC008,E0004299,Test completion
OUT0004762,OUP0002106,Deepika Mudiraj,9668206606,Donur,2026-03-29,Home visit,Family member reached,ASHA,FAC008,E0004299,Review visit
OUT0004763,OUP0002106,Deepika Mudiraj,9668206606,Donur,2026-03-19,WhatsApp/SMS,Reached; promised follow-up,CHO,FAC008,E0004299,General adherence
OUT0004764,OUP0002106,Deepika Mudiraj,9668206606,Donur,2026-08-05,Home visit,Reached; counselled,ASHA,FAC009,E0004300,Review visit
OUT0004765,OUP0002107,Raju Das,9843269348,Donur,2026-02-13,Phone call,Reached; counselled,ASHA,FAC007,E0004303,Test completion
OUT0004766,OUP0002107,Rju Das,+91-98432-69348,Donur,2026-02-16,Home visit,Reached; counselled,CHO,FAC007,E0004303,Test completion
OUT0004767,OUP0002107,Raju Das,,Donur,2026-02-19,Phone call,Reached; counselled,ASHA,FAC007,E0004303,Test completion
OUT0004768,OUP0002108,Praveen Begum,,Mangalapally,2026-07-20,Home visit,Reached; promised follow-up,ASHA,FAC018,E0004305,Medicine pickup
OUT0004769,OUP0002108,Praveen Begum,9860636910,MANGALAPALLY,2026-08-02,Phone call,No answer,ASHA,FAC018,E0004305,Review visit
OUT0004770,OUP0002109,Bhavani Narsimha,9182684397,BHANUR,2026-06-14,Home visit,Reached; counselled,ASHA,FAC026,E0004306,General adherence
OUT0004771,OUP0002109,Bhavani Narsimha,+91-91826-84397,Bhanur,2026-06-19,Phone call,Phone switched off,CHO,FAC026,E0004306,General adherence
OUT0004772,OUP0002109,Bhavani Narsimha,9182684397,Bhanur,2026-06-13,WhatsApp/SMS,Reached; promised follow-up,ASHA,FAC026,E0004306,Medicine pickup
OUT0004773,OUP0002110,Venkatesh Devi,9788805462,Kangti,2026-06-14,Home visit,Reached; promised follow-up,ASHA,FAC019,E0004308,General adherence
OUT0004774,OUP0002110,Venkatesh Devi,9788805462,Kangti,2026-06-02,Home visit,Phone switched off,ASHA,FAC019,E0004308,Medicine pickup
OUT0004775,OUP0002110,Venkatesh Devi,9788809462,Kangti,2026-09-05,Phone call,Reached; counselled,CHO,FAC020,E0004309,Review visit
OUT0004776,OUP0002110,Venkatesh Devi,9788805462,Kangti,2026-08-22,Phone call,Family member reached,CHO,FAC020,E0004309,Review visit
OUT0004777,OUP0002111,Jyothi Jangam,,Kangti,2026-06-05,WhatsApp/SMS,Reached; promised follow-up,CHO,FAC020,E0004310,Review visit
OUT0004778,OUP0002112,Deepika Das,9069263591,BODAJANAMPET,2026-03-08,Village health day reminder,Wrong number,ASHA,FAC006,E0004312,Medicine pickup
OUT0004779,OUP0002112,Dipika Das,9069263591,Bodajanampet,2026-03-05,Phone call,Family member reached,ASHA,FAC006,E0004312,Review visit
OUT0004780,OUP0002113,Srinivas Basha,9010015920,Marru,2026-05-22,Village health day reminder,Reached; promised follow-up,CHO,FAC017,E0004316,Test completion
OUT0004781,OUP0002114,Nirmala Goud,9375863203,Mangalapally,2026-01-17,Phone call,Reached; promised follow-up,ASHA,FAC018,E0004320,General adherence
OUT0004782,OUP0002114,Nirmala Goud,9375863203,MANGALAPALLY,2026-01-18,Phone call,Reached; promised follow-up,ASHA,FAC018,E0004320,Medicine pickup
OUT0004783,OUP0002114,Nirmala Goud,9375863203,Mangalapall,2026-02-05,Home visit,Reached; counselled,CHO,FAC018,E0004320,Medicine pickup
OUT0004784,OUP0002115,Anil Laxman,9184001974,Ameenpur,2026-09-05,Phone call,Phone switched off,ASHA,FAC026,E0004321,General adherence
OUT0004785,OUP0002116,Lakshmi Mudiraj,9935460954,Kangti,2026-02-06,Phone call,Family member reached,CHO,FAC020,E0004323,Test completion
OUT0004786,OUP0002117,Santosh Rao,9937378739,Donur,2026-06-10,WhatsApp/SMS,Wrong number,ASHA,FAC008,E0004325,Test completion
OUT0004787,OUP0002117,Santosh Rao,9937378739,Donur,2026-06-08,Phone call,Reached; counselled,CHO,FAC008,E0004325,Medicine pickup
OUT0004788,OUP0002117,Santosh Rao,9937378739,Donur,2026-06-02,WhatsApp/SMS,Wrong number,CHO,FAC008,E0004325,Medicine pickup
OUT0004789,OUP0002117,Santos Rao,9937378739,Donur,2026-06-20,Phone call,Family member reached,CHO,FAC007,E0004326,Test completion
OUT0004790,OUP0002118,Sai Reddy,9331791134,Bhanur,2026-05-28,Village health day reminder,Family member reached,ASHA,FAC025,E0004328,Review visit
OUT0004791,OUP0002118,Sai Reddy,9331791134,Bhanur,2026-06-05,Phone call,Reached; counselled,CHO,FAC025,E0004328,Test completion
OUT0004792,OUP0002119,Santosh Rao,9744954680,Marrur,2026-06-29,Phone call,Reached; promised follow-up,CHO,FAC016,E0004332,Medicine pickup
OUT0004793,OUP0002119,Sntosh Rao,,Marrur,2026-06-24,Phone call,Reached; counselled,CHO,FAC016,E0004332,Test completion
OUT0004794,OUP0002120,Mounika Kumar,9210220169,Peddadinne,2026-05-21,Phone call,Reached; promised follow-up,ASHA,FAC010,E0004333,Review visit
OUT0004795,OUP0002121,Praveen Mudiraj,9598667508,Jharasangam,2026-02-19,Home visit,Wrong number,CHO,FAC024,E0004336,General adherence
OUT0004796,OUP0002121,Praveen Mudiraj,+91-95986-67508,Jharasangam,2026-02-17,Phone call,Reached; promised follow-up,ASHA,FAC024,E0004336,Test completion
OUT0004797,OUP0002121,Praveen Mudiraj,9598667508,Jharasangam,2026-02-27,Phone call,Family member reached,CHO,FAC024,E0004336,General adherence
OUT0004798,OUP0002122,Kiran Patel,,Badepally,2026-07-29,Home visit,Wrong number,ASHA,FAC002,E0004341,Review visit
OUT0004799,OUP0002122,Kiran Patel,,Badepally,2026-07-27,Village health day reminder,Family member reached,ASHA,FAC002,E0004341,Test completion
OUT0004800,OUP0002122,Kiran Patel,9955874920,Badepally,2026-08-04,Phone call,No answer,ASHA,FAC002,E0004341,Medicine pickup
OUT0004801,OUP0002123,Swathi Reddy,9523534339,Kallepally,2026-06-21,Phone call,Reached; promised follow-up,CHO,FAC004,E0004345,Review visit
OUT0004802,OUP0002123,Swathi Reddy,9523534339,Kallepally,2026-07-02,Village health day reminder,Family member reached,CHO,FAC004,E0004345,Review visit
OUT0004803,OUP0002123,Swathi Reddy,9523534339,KALLEPALLY,2026-06-25,Phone call,Reached; counselled,ASHA,FAC004,E0004345,Test completion
OUT0004804,OUP0002124,Padma Basha,9768879911,Velpula,2026-06-17,Home visit,Wrong number,ASHA,FAC008,E0004347,Medicine pickup
OUT0004805,OUP0002124,Padma Basha,+91-97688-79911,Velpula,2026-06-30,Home visit,Phone switched off,CHO,FAC008,E0004347,Review visit
OUT0004806,OUP0002125,Vinod Jangam,9705006233,Badepally,2026-07-31,Home visit,Reached; promised follow-up,ASHA,FAC003,E0004349,Review visit
OUT0004807,OUP0002126,Harika Begum,9182595932,Midjil,2026-01-20,Home visit,Wrong number,ASHA,FAC009,E0004350,Test completion
OUT0004808,OUP0002127,Raju Shekar,9813566772,Zaheerabad,2026-04-23,WhatsApp/SMS,Family member reached,CHO,FAC022,E0004353,Medicine pickup
OUT0004809,OUP0002127,Raju Shekar,9813566712,Zaheerabad,2026-04-25,WhatsApp/SMS,Phone switched off,ASHA,FAC022,E0004353,Review visit
OUT0004810,OUP0002128,Kiran Reddy,9089504977,Chandur,2026-07-11,Phone call,Reached; promised follow-up,ASHA,FAC014,E0004359,General adherence
OUT0004811,OUP0002129,Ravi Kumar,,Kalher,2026-03-12,Home visit,No answer,ASHA,FAC021,E0004363,Review visit
OUT0004812,OUP0002129,Ravi Kumar,9493370182,Kalher,2026-03-18,Phone call,Wrong number,CHO,FAC021,E0004363,Test completion
OUT0004813,OUP0002129,Ravi Kumar,,Kalher,2026-03-18,WhatsApp/SMS,No answer,CHO,FAC021,E0004363,Test completion
OUT0004814,OUP0002130,Shobha Chary,9770988763,Devarakonda,2026-04-25,Home visit,Patient unavailable,ASHA,FAC011,E0004364,Test completion
OUT0004815,OUP0002130,Shobha Chary,9770988763,Devarakonda,2026-05-01,Home visit,Wrong number,CHO,FAC011,E0004364,General adherence
OUT0004816,OUP0002131,Nirmala Das,9628047693,Gundlapally,2026-08-08,Phone call,Reached; counselled,CHO,FAC011,E0004366,Test completion
OUT0004817,OUP0002132,Srinivas Goud,9958060367,Patancheru,2026-06-29,Phone call,Reached; promised follow-up,ASHA,FAC026,E0004367,General adherence
OUT0004818,OUP0002132,Srinivas Goud,9958060367,Patancher,2026-06-21,Home visit,Reached; promised follow-up,CHO,FAC026,E0004367,Medicine pickup
OUT0004819,OUP0002133,Sushma Patel,+91-98696-83958,Kondamallepally,2026-04-27,WhatsApp/SMS,Reached; counselled,ASHA,FAC011,E0004368,Medicine pickup
OUT0004820,OUP0002134,Lkshmi Krishna,9247018003,Balanagar,2026-06-23,Home visit,Patient unavailable,ASHA,FAC004,E0004370,General adherence
OUT0004821,OUP0002135,Harika Goud,9547284673,KANGTI,2026-03-14,Home visit,Reached; promised follow-up,CHO,FAC020,E0004373,Test completion
OUT0004822,OUP0002135,Hareeka Goud,9547284673,Kangti,2026-03-26,Home visit,Reached; promised follow-up,ASHA,FAC020,E0004373,Medicine pickup
OUT0004823,OUP0002136,Praveen Das,9998296810,Ameenpur,2026-08-15,Home visit,Phone switched off,ASHA,FAC025,E0004378,Test completion
OUT0004824,OUP0002137,Naveen Yadav,9276229116,Macharam,2026-03-26,Home visit,Phone switched off,ASHA,FAC003,E0004380,Medicine pickup
OUT0004825,OUP0002137,Naveen Yadav,9276229116,Macharam,2026-03-18,Phone call,No answer,ASHA,FAC003,E0004380,Medicine pickup
OUT0004826,OUP0002138,Raghaw Patel,,Bodajanampet,2026-04-15,Home visit,Reached; promised follow-up,ASHA,FAC005,E0004381,General adherence
OUT0004827,OUP0002138,Raghav Patel,9231980568,Bodajanampet,2026-04-28,Phone call,Reached; promised follow-up,CHO,FAC005,E0004381,Medicine pickup
OUT0004828,OUP0002139,Ramesh Das,9564127182,BODAJANAMPET,2026-01-12,Phone call,Reached; promised follow-up,CHO,FAC004,E0004382,General adherence
OUT0004829,OUP0002140,Sushma Mallaiah,9340946610,Patancheru,2026-01-06,Phone call,Reached; promised follow-up,ASHA,FAC027,E0004383,Review visit
OUT0004830,OUP0002140,Sushma Mallaeeah,9340946610,Patancheru,2026-01-20,Village health day reminder,Family member reached,CHO,FAC027,E0004383,Review visit
OUT0004831,OUP0002140,Sushma Mallaiah,9340946610,Patancheru,2026-01-12,Phone call,Reached; counselled,CHO,FAC027,E0004383,Review visit
OUT0004832,OUP0002140,Sushma Mallaiah,9390946610,Patancheru,2026-07-20,Home visit,Family member reached,CHO,FAC025,E0004385,General adherence
OUT0004833,OUP0002140,Sushma Mallaiah,,Patancheru,2026-07-18,Phone call,Family member reached,ASHA,FAC025,E0004385,General adherence
OUT0004834,OUP0002141,Praveen Mallaeeah,9765088123,Gangapur,2026-08-10,Home visit,No answer,ASHA,FAC003,E0004386,Test completion
OUT0004835,OUP0002142,Sushma Naik,9067130734,Donur,2026-05-26,Phone call,Patient unavailable,CHO,FAC008,E0004387,General adherence
OUT0004836,OUP0002142,Sushma Naik,9067130734,Donur,2026-05-21,Home visit,Patient unavailable,CHO,FAC008,E0004387,Review visit
OUT0004837,OUP0002142,Sushma Naik,9067130734,Donur,2026-05-29,Home visit,No answer,CHO,FAC008,E0004387,Medicine pickup
OUT0004838,OUP0002143,Raghav Begum,9511225288,Gundlapally,2026-07-03,WhatsApp/SMS,Family member reached,ASHA,FAC010,E0004389,Review visit
OUT0004839,OUP0002143,Raghav Begum,9511225288,Gundlapally,2026-07-19,Phone call,Reached; promised follow-up,CHO,FAC010,E0004389,Test completion
OUT0004840,OUP0002143,Raghav Begum,9511225288,Gundlapally,2026-07-18,Village health day reminder,Phone switched off,ASHA,FAC010,E0004389,Medicine pickup
OUT0004841,OUP0002143,Raghav Begum,9511225288,Gundlapally,2026-07-11,Home visit,Family member reached,ASHA,FAC010,E0004390,Medicine pickup
OUT0004842,OUP0002144,Ramesh Mudiraj,9992165716,BALANAGAR,2026-03-27,Phone call,Reached; promised follow-up,ASHA,FAC006,E0004393,General adherence
OUT0004843,OUP0002144,Ramesh Mudiraj,9992165716,Balanagar,2026-04-01,Phone call,Family member reached,CHO,FAC006,E0004393,Review visit
OUT0004844,OUP0002145,Lakshmi Narsimha,9146702530,Indresham,2026-07-28,Village health day reminder,Reached; promised follow-up,CHO,FAC025,E0004400,General adherence
OUT0004845,OUP0002146,Arun Naik,9141217588,Kallepally,2026-06-02,Phone call,Family member reached,CHO,FAC006,E0004401,General adherence
OUT0004846,OUP0002146,Arun Naik,9145217588,Kallepalli,2026-06-04,Phone call,Patient unavailable,CHO,FAC006,E0004401,General adherence
OUT0004847,OUP0002146,run Naik,+91-91412-17588,Kallepally,2026-06-24,Phone call,Reached; promised follow-up,CHO,FAC006,E0004401,Medicine pickup
OUT0004848,OUP0002147,Mohan Chary,9638424372,Zaheerabad,2026-02-10,Home visit,No answer,CHO,FAC022,E0004402,Test completion
OUT0004849,OUP0002147,Mohan Chary,9638424372,Zaheerabad,2026-02-12,Phone call,No answer,CHO,FAC022,E0004402,Medicine pickup
OUT0004850,OUP0002148,Shankar Khan,9877386660,Jharasangam,2026-07-24,Home visit,Reached; promised follow-up,ASHA,FAC023,E0004403,Review visit
OUT0004851,OUP0002148,Shankar Khan,+91-98773-86660,Jharasangam,2026-08-14,Phone call,Family member reached,CHO,FAC023,E0004403,General adherence
OUT0004852,OUP0002148,Shankar Khan,9877386660,Jharasangam,2026-08-07,Home visit,Wrong number,ASHA,FAC023,E0004403,Test completion
OUT0004853,OUP0002149,Arun,9022776242,Midjil,2026-05-12,Home visit,Wrong number,ASHA,FAC007,E0004404,Medicine pickup
OUT0004854,OUP0002149,Arun Das,9022776242,Midjil,2026-05-08,WhatsApp/SMS,Reached; promised follow-up,ASHA,FAC007,E0004404,Review visit
OUT0004855,OUP0002150,Lalitha Reddy,9274653443,Zaheerabad,2026-05-10,WhatsApp/SMS,Patient unavailable,ASHA,FAC024,E0004405,Medicine pickup
OUT0004856,OUP0002151,Mounika Yadav,9553339554,Jharasangam,2026-03-25,Home visit,Family member reached,ASHA,FAC023,E0004406,Test completion
OUT0004857,OUP0002152,Raju Krishna,9907687489,Bhanur,2026-07-19,Home visit,No answer,CHO,FAC027,E0004408,Review visit
OUT0004858,OUP0002153,Nirmala Laxman,9173158326,Midji,2026-02-14,WhatsApp/SMS,Reached; counselled,ASHA,FAC009,E0004409,Test completion
OUT0004859,OUP0002154,Srilatha Das,9010821122,Nakrekal,2026-04-03,WhatsApp/SMS,Family member reached,CHO,FAC016,E0004410,Medicine pickup
OUT0004860,OUP0002154,Srilatha Das,9010821122,Nakreka,2026-07-07,WhatsApp/SMS,Family member reached,ASHA,FAC016,E0004411,Review visit
OUT0004861,OUP0002154,Srilatha Das,9010821122,Nakrekal,2026-08-14,Home visit,Reached; promised follow-up,CHO,FAC018,E0004412,General adherence
OUT0004862,OUP0002155,Santosh Narsimha,9434423627,Vemula,2026-02-02,Phone call,Reached; promised follow-up,ASHA,FAC009,E0004413,Test completion
OUT0004863,OUP0002156,Praveen Reddy,9108833148,Kangti,2026-03-25,Village health day reminder,Reached; promised follow-up,ASHA,FAC020,E0004414,Review visit
OUT0004864,OUP0002156,Praveen Reddy,9108833148,Kangti,2026-04-06,Phone call,Wrong number,ASHA,FAC020,E0004414,Review visit
OUT0004865,OUP0002156,Praveen Reddy,9108833148,Kangti,2026-08-22,Phone call,Reached; promised follow-up,ASHA,FAC021,E0004415,General adherence
OUT0004866,OUP0002156,Praveen Reddy,,Kangti,2026-08-23,WhatsApp/SMS,Reached; counselled,CHO,FAC021,E0004415,Review visit
OUT0004867,OUP0002157,Mounika Khan,,Kummarikunta,2026-07-21,Phone call,Reached; promised follow-up,CHO,FAC013,E0004416,Review visit
OUT0004868,OUP0002157,Mounika Khan,+91-93193-82621,Kummarikunta,2026-07-15,Phone call,Reached; counselled,ASHA,FAC013,E0004416,Medicine pickup
OUT0004869,OUP0002158,Renuka Begum,9820423001,Ameenpur,2026-07-14,Village health day reminder,Reached; counselled,CHO,FAC025,E0004418,Medicine pickup
OUT0004870,OUP0002158,Renuka Begum,9820423001,Ameenpur,2026-07-07,Village health day reminder,Family member reached,ASHA,FAC025,E0004418,Review visit
OUT0004871,OUP0002159,Saritha Jangam,9993851727,Mangalapall,2026-05-26,Home visit,Phone switched off,ASHA,FAC016,E0004419,Review visit
OUT0004872,OUP0002160,Saritha Mudiraj,9574483321,Devarakonda,2026-02-04,Phone call,Reached; promised follow-up,ASHA,FAC012,E0004422,General adherence
OUT0004873,OUP0002160,Saritha Mudiraj,9574483321,Devarakonda,2026-02-13,WhatsApp/SMS,Reached; promised follow-up,CHO,FAC012,E0004422,Review visit
OUT0004874,OUP0002160,Saritha Mudiraj,9594483321,Devarakonda,2026-03-02,Village health day reminder,Reached; promised follow-up,ASHA,FAC012,E0004422,Review visit
OUT0004875,OUP0002161,Renuka Das,9106488043,Donur,2026-03-16,Village health day reminder,Family member reached,ASHA,FAC008,E0004423,Medicine pickup
OUT0004876,OUP0002162,Deepika Mudiraj,9216468828,Velpula,2026-08-15,Village health day reminder,Family member reached,CHO,FAC007,E0004429,Review visit
OUT0004877,OUP0002162,Deepika Mudiraj,9216468828,Velpula,2026-08-06,Phone call,Family member reached,ASHA,FAC007,E0004429,Review visit
OUT0004878,OUP0002163,Anjali Kumar,9406818361,Kallepally,2026-04-27,WhatsApp/SMS,Reached; promised follow-up,CHO,FAC006,E0004430,Medicine pickup
OUT0004879,OUP0002163,Anjali Kumar,9406818361,Kallepally,2026-05-04,Phone call,No answer,ASHA,FAC006,E0004430,Medicine pickup
OUT0004880,OUP0002163,Anjali Kumar,9406818361,Kallepally,2026-07-02,Home visit,Reached; counselled,CHO,FAC005,E0004432,Test completion
OUT0004881,OUP0002163,Anjalee Kumar,9406818361,Kallepally,2026-07-06,Home visit,Wrong number,ASHA,FAC005,E0004432,Review visit
OUT0004882,OUP0002163,Anjali,9406818361,Kallepally,2026-07-05,Village health day reminder,Reached; counselled,CHO,FAC005,E0004432,General adherence
OUT0004883,OUP0002164,Shobha Naik,9899005827,Nakrekal,2026-02-02,WhatsApp/SMS,Family member reached,ASHA,FAC016,E0004433,Test completion
OUT0004884,OUP0002164,Shobha Naik,9899005827,Nakrekal,2026-01-24,Home visit,Wrong number,ASHA,FAC016,E0004433,Medicine pickup
OUT0004885,OUP0002164,Shobha Naik,9899005827,Nakrekal,2026-02-06,Home visit,Phone switched off,ASHA,FAC016,E0004433,Medicine pickup
OUT0004886,OUP0002165,Anjali Khan,+91-91502-18326,Marrur,2026-05-23,Village health day reminder,Patient unavailable,ASHA,FAC016,E0004434,Test completion
OUT0004887,OUP0002165,njali Khan,9150218326,Marrur,2026-05-20,Home visit,Reached; promised follow-up,ASHA,FAC016,E0004434,Review visit
OUT0004888,OUP0002166,Rajesh Krishna,9266920889,Indresham,2026-07-06,Home visit,Reached; counselled,ASHA,FAC025,E0004436,Review visit
OUT0004889,OUP0002166,Rajesh Krishna,9266920889,Indresham,2026-07-12,Home visit,Family member reached,CHO,FAC025,E0004436,Medicine pickup
OUT0004890,OUP0002167,Arun Begum,,Mogudampally,2026-01-23,Home visit,Reached; promised follow-up,ASHA,FAC024,E0004437,Medicine pickup
OUT0004891,OUP0002167,Arun Begum,9345864578,Mogudampally,2026-01-27,Phone call,Phone switched off,ASHA,FAC024,E0004437,Review visit
OUT0004892,OUP0002168,Padma Goud,,Balanagar,2026-08-17,Village health day reminder,Reached; counselled,CHO,FAC004,E0004439,Medicine pickup
OUT0004893,OUP0002168,Padma Goud,9243011885,Balanagar,2026-08-15,Phone call,Reached; counselled,ASHA,FAC004,E0004439,General adherence
OUT0004894,OUP0002168,Padma Goud,9243011885,Balanagar,2026-09-01,Phone call,No answer,ASHA,FAC004,E0004439,Test completion
OUT0004895,OUP0002169,Mahesh Khan,9661723035,Chandu,2026-02-06,WhatsApp/SMS,Reached; counselled,ASHA,FAC015,E0004440,Test completion
OUT0004896,OUP0002169,Mahesh Khan,9661793035,Chandur,2026-02-06,Phone call,Reached; promised follow-up,CHO,FAC015,E0004440,Test completion
OUT0004897,OUP0002170,Mohan Patel,9857239262,Vemula,2026-04-15,Home visit,Phone switched off,CHO,FAC008,E0004441,Test completion
OUT0004898,OUP0002170,Mohan Patel,9857239262,VEMULA,2026-04-29,Home visit,Wrong number,CHO,FAC008,E0004441,Review visit
OUT0004899,OUP0002171,Mahes Begum,9602907581,Nomula,2026-02-25,Home visit,Patient unavailable,CHO,FAC016,E0004444,Test completion
OUT0004900,OUP0002171,Mahesh Begum,9602903581,Nomula,2026-02-26,Village health day reminder,Reached; promised follow-up,ASHA,FAC016,E0004444,Review visit
OUT0004901,OUP0002171,Mahesh,+91-96029-03581,Nomula,2026-03-12,Phone call,Phone switched off,ASHA,FAC016,E0004444,General adherence
OUT0004902,OUP0002172,Ravi Chary,9218314071,Zaheerabad,2026-05-26,Home visit,Reached; promised follow-up,ASHA,FAC023,E0004445,General adherence
OUT0004903,OUP0002172,Ravi Chary,+91-92183-14071,ZAHEERABAD,2026-06-09,Village health day reminder,Family member reached,ASHA,FAC023,E0004445,Medicine pickup
OUT0004904,OUP0002172,Rawi Chary,9218314071,Zaheerabad,2026-05-30,Home visit,Patient unavailable,CHO,FAC023,E0004445,Test completion
OUT0004905,OUP0002173,Lkshmi Naik,9032475778,Vemula,2026-04-02,Home visit,Reached; promised follow-up,CHO,FAC009,E0004448,Review visit
OUT0004906,OUP0002173,Lakshmi Naik,9032475778,Vemula,2026-04-18,Phone call,Family member reached,ASHA,FAC009,E0004448,General adherence
OUT0004907,OUP0002173,Lakshmi Naik,9032475778,Vemula,2026-04-10,Village health day reminder,Family member reached,ASHA,FAC009,E0004448,Review visit
OUT0004908,OUP0002174,Rajesh Mudiraj,9863956024,Zaheerabad,2026-08-02,Phone call,Reached; promised follow-up,CHO,FAC022,E0004449,Review visit
OUT0004909,OUP0002174,Rajesh Mudiraj,+91-98639-56024,ZAHEERABAD,2026-07-31,WhatsApp/SMS,Reached; counselled,CHO,FAC022,E0004449,Medicine pickup
OUT0004910,OUP0002174,Rajesh Mudiraj,9863956024,Zaheerabad,2026-08-08,Village health day reminder,Reached; promised follow-up,ASHA,FAC022,E0004449,Medicine pickup
OUT0004911,OUP0002175,Srilatha Naik,+91-99631-11272,Macharam,2026-02-03,Home visit,Phone switched off,CHO,FAC003,E0004452,Test completion
OUT0004912,OUP0002176,Jyothi Yadav,,Kummarikunta,2026-06-20,Phone call,Patient unavailable,CHO,FAC015,E0004455,Medicine pickup
OUT0004913,OUP0002177,Santosh Laxman,9179581700,Devarakonda,2026-06-15,WhatsApp/SMS,Patient unavailable,CHO,FAC010,E0004456,General adherence
OUT0004914,OUP0002177,Santosh Laxman,+91-91795-81700,Devarakonda,2026-06-20,WhatsApp/SMS,Reached; counselled,CHO,FAC010,E0004456,Test completion
OUT0004915,OUP0002177,Santosh Laxman,9179581700,Devarakonda,2026-06-23,Home visit,Patient unavailable,CHO,FAC010,E0004456,Medicine pickup
OUT0004916,OUP0002178,Srinivs Patel,9554517568,Bangarigadda,2026-08-10,Home visit,Wrong number,ASHA,FAC013,E0004457,Medicine pickup
OUT0004917,OUP0002179,Swathi Das,9815018410,Nakrekal,2026-04-16,WhatsApp/SMS,Wrong number,CHO,FAC017,E0004458,Medicine pickup
OUT0004918,OUP0002179,Swathee Das,,Nakrekal,2026-04-11,Phone call,Phone switched off,CHO,FAC017,E0004458,Medicine pickup
OUT0004919,OUP0002179,Swathi Das,9815018410,Nakrekal,2026-04-22,WhatsApp/SMS,Reached; promised follow-up,ASHA,FAC017,E0004458,General adherence
OUT0004920,OUP0002180,Kavitha Laxman,9187260291,Midjil,2026-06-28,WhatsApp/SMS,Wrong number,ASHA,FAC007,E0004459,Test completion
OUT0004921,OUP0002180,Kavitha Laxman,9187260291,Midjil,2026-07-07,Home visit,Wrong number,ASHA,FAC007,E0004459,General adherence
OUT0004922,OUP0002180,Kavitha Laxman,,Midjil,2026-07-10,Phone call,Family member reached,ASHA,FAC007,E0004459,Review visit
OUT0004923,OUP0002181,Arun Yadav,9681665832,Ameenpur,2026-07-28,Home visit,Family member reached,CHO,FAC026,E0004463,Test completion
OUT0004924,OUP0002181,Arun Yadav,,Ameenpur,2026-08-03,Village health day reminder,Reached; counselled,ASHA,FAC026,E0004463,Review visit
OUT0004925,OUP0002181,Arun Yadav,+91-96816-65832,Ameenpur,2026-08-12,Village health day reminder,Reached; counselled,ASHA,FAC026,E0004463,General adherence
OUT0004926,OUP0002182,Anjali Reddy,,Manoor,2026-01-18,Phone call,Family member reached,CHO,FAC021,E0004464,Test completion
OUT0004927,OUP0002182,Anjali Reddy,9081384105,Manoor,2026-01-23,WhatsApp/SMS,Reached; promised follow-up,CHO,FAC021,E0004464,General adherence
OUT0004928,OUP0002183,Kiran Basha,9896605064,Marrur,2026-06-29,Phone call,Reached; counselled,ASHA,FAC017,E0004465,General adherence
OUT0004929,OUP0002183,Kiran Basha,9896605064,Marrur,2026-07-11,Home visit,Reached; promised follow-up,CHO,FAC017,E0004465,General adherence
OUT0004930,OUP0002183,Kiran Basha,9896605064,Marrur,2026-07-25,Village health day reminder,Reached; promised follow-up,CHO,FAC017,E0004465,Medicine pickup
OUT0004931,OUP0002184,Renuka Begum,9960140640,Kohir,2026-07-10,Phone call,Phone switched off,ASHA,FAC023,E0004466,Medicine pickup
OUT0004932,OUP0002185,Sai Kumar,9216403192,Velpula,2026-08-06,Village health day reminder,Reached; promised follow-up,CHO,FAC008,E0004469,General adherence
OUT0004933,OUP0002185,Sai Kumar,9216403192,Velpula,2026-08-15,Home visit,Family member reached,ASHA,FAC008,E0004469,Test completion
OUT0004934,OUP0002185,Sai,9216403192,Velpula,2026-08-23,Phone call,Family member reached,CHO,FAC008,E0004469,Medicine pickup
OUT0004935,OUP0002186,Naresh Khan,+91-99138-31602,Marrur,2026-05-13,Village health day reminder,Wrong number,CHO,FAC016,E0004470,General adherence
OUT0004936,OUP0002187,Shankar Mudiraj,9441385329,Chandur,2026-07-29,Phone call,Family member reached,ASHA,FAC014,E0004471,Medicine pickup
OUT0004937,OUP0002187,Shankar Mudiraj,9441385329,Chandur,2026-08-07,Village health day reminder,Phone switched off,CHO,FAC014,E0004471,General adherence
OUT0004938,OUP0002188,Bhavani Goud,9310600629,Polepally,2026-02-14,Phone call,Wrong number,CHO,FAC001,E0004472,Review visit
OUT0004939,OUP0002188,Bhavani Goud,9310600629,Polepally,2026-02-26,Phone call,Reached; promised follow-up,CHO,FAC001,E0004472,Review visit
OUT0004940,OUP0002189,Rani Narsimha,9543517641,Donur,2026-01-15,Phone call,Reached; counselled,ASHA,FAC009,E0004474,Review visit
OUT0004941,OUP0002189,Rani Narsimha,9543557641,Donur,2026-01-17,Phone call,Family member reached,CHO,FAC009,E0004474,Review visit
OUT0004942,OUP0002189,Rani Narsimha,9543557641,Donur,2026-02-01,Village health day reminder,Reached; counselled,CHO,FAC009,E0004474,Test completion
OUT0004943,OUP0002190,Anitha Goud,9783905467,Nermata,2026-05-05,Phone call,Family member reached,CHO,FAC014,E0004475,Medicine pickup
OUT0004944,OUP0002191,Anil Patel,9835189169,Badepally,2026-05-28,Phone call,Reached; counselled,ASHA,FAC001,E0004477,General adherence
OUT0004945,OUP0002191,Anil Patel,9835182169,Badepally,2026-05-31,Home visit,Patient unavailable,CHO,FAC001,E0004477,General adherence
OUT0004946,OUP0002192,Anitha Mallaiah,9235808686,Ameenpur,2026-02-21,Home visit,Reached; counselled,CHO,FAC025,E0004478,Medicine pickup
OUT0004947,OUP0002192,Anitha Mallaiah,9235808686,Ameenpur,2026-02-19,WhatsApp/SMS,Wrong number,CHO,FAC025,E0004478,Test completion
OUT0004948,OUP0002193,Lakshmi Goud,9353168983,AMEENPUR,2026-03-11,Phone call,Patient unavailable,ASHA,FAC027,E0004483,General adherence
OUT0004949,OUP0002194,Kavitha Devi,9263005459,Gundlapally,2026-02-23,Phone call,Reached; promised follow-up,CHO,FAC010,E0004485,Medicine pickup
OUT0004950,OUP0002195,Harika Rao,9291392148,Bhanur,2026-01-18,Home visit,Wrong number,ASHA,FAC025,E0004486,Medicine pickup
OUT0004951,OUP0002195,Harika Rao,9291392148,Bhanur,2026-02-10,WhatsApp/SMS,Reached; promised follow-up,ASHA,FAC025,E0004486,Test completion
OUT0004952,OUP0002195,Harika Rao,9291392148,Bhanur,2026-04-14,Phone call,Phone switched off,CHO,FAC027,E0004487,Test completion
OUT0004953,OUP0002195,Harika Rao,,Bhanur,2026-04-18,Village health day reminder,Reached; counselled,ASHA,FAC027,E0004487,Medicine pickup
OUT0004954,OUP0002195,Harika Rao,9291392148,Bhanur,2026-05-04,WhatsApp/SMS,Reached; promised follow-up,ASHA,FAC027,E0004487,Review visit
OUT0004955,OUP0002196,Venkatesh Jangam,9044573032,Badepally,2026-06-04,Village health day reminder,Reached; promised follow-up,ASHA,FAC001,E0004492,Test completion
OUT0004956,OUP0002196,Venkatesh Jangam,9044573032,Badepally,2026-06-20,Phone call,Phone switched off,ASHA,FAC001,E0004492,Review visit
OUT0004957,OUP0002196,Venkatesh Jangam,9044573032,Badepally,2026-06-05,Home visit,Family member reached,CHO,FAC001,E0004492,Test completion
OUT0004958,OUP0002197,Mahesh Laxman,9958937863,Indresham,2026-04-27,WhatsApp/SMS,Family member reached,ASHA,FAC026,E0004495,General adherence
OUT0004959,OUP0002197,Mahesh Laxman,9958937863,Indresham,2026-04-29,Village health day reminder,Reached; counselled,ASHA,FAC026,E0004495,General adherence
OUT0004960,OUP0002197,Mahesh Laxman,9958937863,Indresham,2026-05-05,Home visit,Patient unavailable,CHO,FAC026,E0004495,Medicine pickup
OUT0004961,OUP0002198,Ravi Krishna,9264231984,Donur,2026-06-28,Phone call,Reached; promised follow-up,ASHA,FAC007,E0004497,Test completion
OUT0004962,OUP0002198,Ravi Krishna,9264231984,Donur,2026-07-08,WhatsApp/SMS,Family member reached,CHO,FAC007,E0004497,Test completion
OUT0004963,OUP0002199,Venkatesh Laxman,9618648504,Kummarikunta,2026-05-13,Village health day reminder,Reached; counselled,ASHA,FAC015,E0004498,Review visit
OUT0004964,OUP0002199,Venkatesh Laxman,9618648504,Kummarikunta,2026-05-22,Phone call,Family member reached,CHO,FAC015,E0004498,General adherence
OUT0004965,OUP0002200,Mounika Khan,,Manoor,2026-03-22,Phone call,Phone switched off,ASHA,FAC021,E0004499,Review visit
OUT0004966,OUP0002200,Mounika Khan,9429321444,Manoo,2026-03-20,WhatsApp/SMS,Reached; counselled,ASHA,FAC021,E0004499,General adherence
OUT0004967,OUP0002201,Ramesh Krishna,9513597189,Peddadinne,2026-06-10,Village health day reminder,Reached; counselled,ASHA,FAC010,E0004501,Medicine pickup
OUT0004968,OUP0002201,Ramesh Krishna,9513597189,Peddadinne,2026-06-16,Phone call,Patient unavailable,CHO,FAC010,E0004501,General adherence
OUT0004969,OUP0002201,Ramesh,9513597189,Peddadinne,2026-06-10,Phone call,Reached; promised follow-up,CHO,FAC010,E0004501,General adherence
OUT0004970,OUP0002202,Deepika Jangam,,Gundlapally,2026-05-26,Phone call,Reached; counselled,CHO,FAC011,E0004502,Medicine pickup
OUT0004971,OUP0002202,Deepika Jangam,9178807836,Gundlapally,2026-05-29,Phone call,Phone switched off,ASHA,FAC011,E0004502,General adherence
OUT0004972,OUP0002202,Deepika Jangam,9178807836,Gundlapally,2026-06-19,Phone call,Reached; counselled,ASHA,FAC011,E0004502,General adherence
OUT0004973,OUP0002202,Deepika Jangam,+91-91788-07836,Gundlapally,2026-07-17,WhatsApp/SMS,Wrong number,CHO,FAC012,E0004503,Review visit
OUT0004974,OUP0002202,Deepika Jangam,9178807836,Gundlapally,2026-07-18,WhatsApp/SMS,Family member reached,ASHA,FAC012,E0004503,Medicine pickup
OUT0004975,OUP0002203,Saritha Narsimha,9787919392,PATANCHERU,2026-02-25,Phone call,Reached; counselled,ASHA,FAC027,E0004504,General adherence
OUT0004976,OUP0002203,Saritha Narsimha,,PATANCHERU,2026-03-18,Home visit,Family member reached,ASHA,FAC027,E0004504,Test completion
OUT0004977,OUP0002203,Sritha Narsimha,9787919392,Patancheru,2026-03-05,WhatsApp/SMS,Phone switched off,CHO,FAC027,E0004504,Review visit
OUT0004978,OUP0002203,Saritha Narsimha,9787919392,PATANCHERU,2026-03-24,Home visit,No answer,CHO,FAC025,E0004505,Medicine pickup
OUT0004979,OUP0002203,Saritha Narsimha,9787919392,Patancheru,2026-04-05,Phone call,Reached; counselled,CHO,FAC025,E0004505,Medicine pickup
OUT0004980,OUP0002204,Kiran Jangam,,Kallepally,2026-03-04,Phone call,Reached; promised follow-up,CHO,FAC006,E0004506,Test completion
OUT0004981,OUP0002205,Srilatha Yadav,,Macharam,2026-04-10,Village health day reminder,Phone switched off,CHO,FAC003,E0004507,Review visit
OUT0004982,OUP0002205,Srilatha Yadav,9705973572,Macharam,2026-04-13,Village health day reminder,Reached; counselled,CHO,FAC003,E0004507,General adherence
OUT0004983,OUP0002206,Laksmi Basha,9022215240,Kalher,2026-03-13,Phone call,Family member reached,CHO,FAC021,E0004510,Test completion
OUT0004984,OUP0002207,Shobha Krishna,,Marrur,2026-08-21,Phone call,Reached; promised follow-up,ASHA,FAC016,E0004512,Medicine pickup
OUT0004985,OUP0002207,Shobha Krishna,9908529120,Marrur,2026-08-06,Phone call,Wrong number,ASHA,FAC016,E0004512,Medicine pickup
OUT0004986,OUP0002207,Shobha Krishna,+91-99085-29120,Marrur,2026-08-25,Home visit,Reached; promised follow-up,ASHA,FAC016,E0004512,Test completion
OUT0004987,OUP0002208,Divya Begum,9747635311,Ameenpur,2026-05-28,Phone call,Patient unavailable,ASHA,FAC025,E0004513,Test completion
OUT0004988,OUP0002208,Divya Begum,9747635311,Ameenpur,2026-07-29,Phone call,Phone switched off,ASHA,FAC027,E0004514,Review visit
OUT0004989,OUP0002208,Divya Begum,9747635311,AMEENPUR,2026-07-15,Home visit,Patient unavailable,CHO,FAC027,E0004514,Review visit
OUT0004990,OUP0002209,Ramesh Devi,9547223983,KALHER,2026-07-15,Phone call,Wrong number,ASHA,FAC021,E0004517,Medicine pickup
OUT0004991,OUP0002209,Ramesh Devi,+91-95472-23983,Kalher,2026-07-13,Phone call,Reached; promised follow-up,CHO,FAC021,E0004517,Review visit
OUT0004992,OUP0002210,Deepika Laxman,9843197831,AMEENPUR,2026-05-12,Home visit,Family member reached,ASHA,FAC027,E0004520,Test completion
OUT0004993,OUP0002211,Praveen Mudiraj,9192364388,Rajapur,2026-08-30,Phone call,Reached; counselled,ASHA,FAC004,E0004521,General adherence
OUT0004994,OUP0002211,Praween Mudiraj,9192364388,Rajapur,2026-09-02,Village health day reminder,Wrong number,ASHA,FAC004,E0004521,Medicine pickup
OUT0004995,OUP0002212,Venkatesh Jangam,,Vemula,2026-02-18,Phone call,Wrong number,CHO,FAC007,E0004522,General adherence
OUT0004996,OUP0002212,Venkatesh Jangam,9252988562,Vemula,2026-02-03,Phone call,Reached; promised follow-up,ASHA,FAC007,E0004522,Test completion
OUT0004997,OUP0002212,Venkatesh Jangam,9252988562,VEMULA,2026-02-08,Home visit,Phone switched off,ASHA,FAC007,E0004522,General adherence
OUT0004998,OUP0002213,Llitha Kumar,9337407069,Kohir,2026-02-19,Home visit,Reached; promised follow-up,CHO,FAC022,E0004525,General adherence
OUT0004999,OUP0002213,Lalitha Kumar,9337402069,Kohir,2026-03-05,WhatsApp/SMS,Reached; counselled,CHO,FAC022,E0004525,Medicine pickup
OUT0005000,OUP0002214,Vinod Yadav,9252497124,Midjil,2026-04-23,Phone call,Family member reached,CHO,FAC007,E0004526,General adherence
OUT0005001,OUP0002214,Vinod Yadav,9252497124,Midjil,2026-05-01,Village health day reminder,Reached; counselled,CHO,FAC007,E0004526,Review visit
OUT0005002,OUP0002214,Vinod Yadav,9252497124,Midjil,2026-05-10,Home visit,Wrong number,CHO,FAC007,E0004526,General adherence
OUT0005003,OUP0002215,Raju Reddy,9597540270,Kangti,2026-01-31,Home visit,Reached; counselled,ASHA,FAC020,E0004527,Medicine pickup
OUT0005004,OUP0002216,Praveen Laxman,9446859899,Bodajanampet,2026-02-13,Home visit,Reached; counselled,ASHA,FAC005,E0004529,Medicine pickup
OUT0005005,OUP0002216,Praveen Laxman,9446859899,Bodajanampet,2026-02-03,Home visit,Reached; promised follow-up,CHO,FAC005,E0004529,General adherence
OUT0005006,OUP0002216,Praveen Laxman,9446859899,Bodajanampet,2026-06-07,Phone call,Patient unavailable,CHO,FAC005,E0004530,Review visit
OUT0005007,OUP0002216,Praveen Laxman,+91-94468-59899,Bodajanampet,2026-06-29,Phone call,Reached; promised follow-up,CHO,FAC005,E0004530,Medicine pickup
OUT0005008,OUP0002216,Praveen Laxman,,Bodajanampet,2026-06-15,Home visit,Reached; promised follow-up,CHO,FAC005,E0004530,General adherence
OUT0005009,OUP0002216,Praween Laxman,9446859899,Bodajanampet,2026-08-03,Phone call,Reached; counselled,CHO,FAC004,E0004531,General adherence
OUT0005010,OUP0002216,Praveen Laxman,9446859899,Bodajanampet,2026-07-20,WhatsApp/SMS,Family member reached,CHO,FAC004,E0004531,Review visit
OUT0005011,OUP0002216,Praveen Laxman,9446859899,Bodajanampet,2026-07-27,WhatsApp/SMS,Phone switched off,CHO,FAC004,E0004531,Test completion
OUT0005012,OUP0002217,Ravi Mudiraj,9965144743,Kangti,2026-08-14,Village health day reminder,Wrong number,ASHA,FAC019,E0004533,Review visit
OUT0005013,OUP0002218,Raghav Shekar,9516846366,Macharam,2026-08-21,WhatsApp/SMS,No answer,CHO,FAC001,E0004535,Review visit
OUT0005014,OUP0002218,Raghav Shekar,9516846366,Macharam,2026-08-21,WhatsApp/SMS,Reached; promised follow-up,CHO,FAC001,E0004535,Review visit
OUT0005015,OUP0002219,Ramesh Laxman,9103347492,NAKREKAL,2026-05-10,Home visit,Family member reached,CHO,FAC018,E0004536,Medicine pickup
OUT0005016,OUP0002219,Ramesh Laxman,9103347492,Nakrekal,2026-05-17,Phone call,Wrong number,CHO,FAC018,E0004536,Test completion
OUT0005017,OUP0002219,Ramesh Laxman,9103347492,Nakrekal,2026-05-18,Home visit,No answer,CHO,FAC018,E0004536,Review visit
OUT0005018,OUP0002220,Praveen Khan,9495993984,Devarakonda,2026-07-13,Home visit,Family member reached,ASHA,FAC012,E0004538,General adherence
OUT0005019,OUP0002220,Praveen Khan,,DEVARAKONDA,2026-07-13,Phone call,Reached; promised follow-up,CHO,FAC012,E0004538,Test completion
OUT0005020,OUP0002221,Raghav Chary,9213869571,Kangti,2026-02-20,Phone call,Family member reached,ASHA,FAC020,E0004539,Test completion
OUT0005021,OUP0002221,Raghav Chary,9213869571,Kangti,2026-03-12,Home visit,Patient unavailable,CHO,FAC020,E0004539,Medicine pickup
OUT0005022,OUP0002222,Ravi Krishna,+91-99299-09082,Bodajanampet,2026-08-19,Home visit,Reached; counselled,ASHA,FAC005,E0004541,Medicine pickup
OUT0005023,OUP0002223,Srilatha Mudiraj,9929638653,Zaheerabad,2026-07-01,Village health day reminder,Reached; promised follow-up,CHO,FAC022,E0004543,Review visit
OUT0005024,OUP0002223,Sriltha Mudiraj,9929638653,Zaheerabad,2026-07-01,Home visit,Reached; counselled,ASHA,FAC022,E0004543,General adherence
OUT0005025,OUP0002223,Srilatha Mudiraj,9929638653,Zaheerabad,2026-07-05,Phone call,Reached; counselled,CHO,FAC022,E0004543,Review visit
OUT0005026,OUP0002224,Anil Yadav,+91-96204-10046,Devarakonda,2026-07-23,Phone call,Patient unavailable,CHO,FAC011,E0004545,Test completion
OUT0005027,OUP0002224,Anil Yadav,+91-96204-10046,Devarakonda,2026-07-22,WhatsApp/SMS,Reached; counselled,CHO,FAC011,E0004545,General adherence
OUT0005028,OUP0002225,Ramesh Patel,9608649782,Ameenpur,2026-02-16,Phone call,Family member reached,CHO,FAC025,E0004548,General adherence
OUT0005029,OUP0002225,Ramesh Patel,9608449782,Ameenpur,2026-02-09,Phone call,Reached; counselled,CHO,FAC025,E0004548,Medicine pickup
OUT0005030,OUP0002226,Naresh Naik,9620007609,Midjil,2026-07-10,Home visit,Reached; counselled,CHO,FAC008,E0004549,General adherence
OUT0005031,OUP0002227,Harika Devi,9242347189,Nakrekal,2026-04-24,Phone call,Patient unavailable,CHO,FAC017,E0004550,Medicine pickup
OUT0005032,OUP0002227,Harika Devi,9242347189,Nakrekal,2026-05-07,Phone call,Reached; promised follow-up,ASHA,FAC017,E0004550,Medicine pickup
OUT0005033,OUP0002227,Harika Devi,9242347189,Nakrekal,2026-06-28,WhatsApp/SMS,Reached; promised follow-up,ASHA,FAC016,E0004551,Medicine pickup
OUT0005034,OUP0002227,Harika Devi,9242347189,Nakrekal,2026-07-01,Village health day reminder,Family member reached,ASHA,FAC016,E0004551,Medicine pickup
OUT0005035,OUP0002227,Harika Devi,9242347189,Nakrekal,2026-06-29,Phone call,Reached; promised follow-up,CHO,FAC016,E0004551,Test completion
OUT0005036,OUP0002228,Lakshmi Devi,9145839100,Kondamallepally,2026-07-23,Phone call,Reached; promised follow-up,CHO,FAC011,E0004552,General adherence
OUT0005037,OUP0002229,Kiran Khan,9942943985,BODAJANAMPET,2026-01-30,Home visit,Reached; counselled,CHO,FAC004,E0004554,General adherence
OUT0005038,OUP0002229,Kiran Khan,9942943985,Bodajanampet,2026-02-04,Home visit,Wrong number,CHO,FAC004,E0004554,Test completion
OUT0005039,OUP0002230,Raghav Basha,9378557233,NAKREKAL,2026-02-19,Phone call,Wrong number,CHO,FAC018,E0004556,Medicine pickup
OUT0005040,OUP0002230,Raghav Basha,9378557233,Nakrekal,2026-03-14,Home visit,Reached; counselled,CHO,FAC018,E0004556,Test completion
OUT0005041,OUP0002230,Raghav Basha,+91-93785-57233,Nakrekal,2026-03-10,Phone call,Reached; promised follow-up,CHO,FAC018,E0004556,Test completion
OUT0005042,OUP0002230,Raghav Basha,9378557233,Nakrekal,2026-08-26,Phone call,Reached; counselled,CHO,FAC017,E0004557,Review visit
OUT0005043,OUP0002230,Raghav Basha,9378557233,Nakreka,2026-08-31,Home visit,Reached; counselled,ASHA,FAC017,E0004557,Review visit
OUT0005044,OUP0002231,Srilatha Das,,Bangarigadda,2026-07-22,Home visit,Reached; counselled,ASHA,FAC013,E0004561,Review visit
OUT0005045,OUP0002231,Srilatha Das,9598865909,Bangarigadda,2026-07-30,Village health day reminder,Reached; promised follow-up,CHO,FAC013,E0004561,General adherence
OUT0005046,OUP0002232,Kiran Kumar,9424071773,Peddadinne,2026-08-22,Home visit,Reached; counselled,CHO,FAC011,E0004562,Test completion
OUT0005047,OUP0002233,Nirmala Khan,9102385415,BADEPALLY,2026-06-19,Home visit,Family member reached,ASHA,FAC003,E0004564,Medicine pickup
OUT0005048,OUP0002233,Nirmala Khan,9102385415,Badepally,2026-06-17,Phone call,Family member reached,CHO,FAC003,E0004564,Review visit
OUT0005049,OUP0002234,Kavitha Krishna,9482547296,Kohir,2026-04-10,WhatsApp/SMS,Family member reached,ASHA,FAC022,E0004565,Review visit
OUT0005050,OUP0002234,Kavitha Krishna,9482547296,Kohir,2026-06-15,Home visit,Reached; promised follow-up,CHO,FAC024,E0004566,Test completion
OUT0005051,OUP0002235,Nirmala Goud,9748581672,Kallepally,2026-08-21,Village health day reminder,Reached; promised follow-up,CHO,FAC005,E0004568,Review visit
OUT0005052,OUP0002235,Nirmala Goud,9748581672,Kallepally,2026-08-12,Home visit,Family member reached,ASHA,FAC005,E0004568,Test completion
OUT0005053,OUP0002235,Nirmala Goud,9748581672,Kallepally,2026-08-11,Phone call,Wrong number,CHO,FAC005,E0004568,General adherence
OUT0005054,OUP0002236,Renuka Devi,9093589820,Zaheerabad,2026-07-20,Phone call,Family member reached,CHO,FAC022,E0004569,Review visit
OUT0005055,OUP0002236,Renuka Devi,9093589820,Zaheerabad,2026-07-21,Home visit,Patient unavailable,ASHA,FAC022,E0004569,General adherence
OUT0005056,OUP0002236,Renuka Devi,,Zaheerabad,2026-08-04,Phone call,Family member reached,ASHA,FAC022,E0004569,Review visit
OUT0005057,OUP0002237,Ravi Yadav,9718119957,Patancheru,2026-03-02,Phone call,Family member reached,CHO,FAC027,E0004570,Test completion
OUT0005058,OUP0002238,Sai Begum,+91-97922-92628,Badepally,2026-07-08,WhatsApp/SMS,Reached; promised follow-up,CHO,FAC002,E0004575,Medicine pickup
OUT0005059,OUP0002238,Sai Begum,9792292628,Badepally,2026-07-16,WhatsApp/SMS,Family member reached,ASHA,FAC002,E0004575,Review visit
OUT0005060,OUP0002239,Kiran Devi,9584527928,Velpula,2026-08-07,Home visit,No answer,CHO,FAC007,E0004576,Review visit
OUT0005061,OUP0002239,Kiran Devi,9584527928,Velpula,2026-07-28,Home visit,Family member reached,CHO,FAC007,E0004576,Test completion
OUT0005062,OUP0002239,Kiran Devi,9584527328,Velpula,2026-07-28,Phone call,Phone switched off,CHO,FAC009,E0004577,Review visit
OUT0005063,OUP0002239,Kiran Devi,9584527928,Velpula,2026-08-01,Village health day reminder,Reached; promised follow-up,CHO,FAC009,E0004577,Medicine pickup
OUT0005064,OUP0002240,Saritha Basha,9326300235,PATANCHERU,2026-06-11,Phone call,Reached; promised follow-up,ASHA,FAC026,E0004581,Review visit
OUT0005065,OUP0002240,Saritha Basha,+91-93263-00235,Patancheru,2026-06-22,Village health day reminder,Reached; counselled,CHO,FAC026,E0004581,General adherence
OUT0005066,OUP0002241,Jyothi Goud,9049918018,Bodajanampet,2026-08-18,Village health day reminder,No answer,CHO,FAC006,E0004583,Test completion
OUT0005067,OUP0002241,Jyothi Goud,9049918018,Bodajanampet,2026-08-14,WhatsApp/SMS,Family member reached,ASHA,FAC006,E0004583,Test completion
OUT0005068,OUP0002241,Jyothi,9049918018,BODAJANAMPET,2026-08-22,WhatsApp/SMS,Reached; counselled,CHO,FAC006,E0004583,General adherence
OUT0005069,OUP0002242,Mouneeka Mallaiah,9492156181,Vemula,2026-04-08,Phone call,Family member reached,ASHA,FAC007,E0004585,Review visit
OUT0005070,OUP0002242,Mounika Mallaiah,,Vemula,2026-04-10,Phone call,Family member reached,ASHA,FAC007,E0004585,Review visit
OUT0005071,OUP0002243,Jyothi Devi,,Rajapur,2026-02-18,WhatsApp/SMS,Reached; promised follow-up,CHO,FAC004,E0004586,General adherence
OUT0005072,OUP0002243,Jyothi Devi,9412003319,Rajapur,2026-05-30,Home visit,Reached; counselled,ASHA,FAC006,E0004587,Medicine pickup
OUT0005073,OUP0002243,Jyothi Devi,9412003319,Rajapur,2026-05-30,Home visit,Reached; promised follow-up,CHO,FAC006,E0004587,General adherence
OUT0005074,OUP0002243,Jyothi Devi,+91-94120-03319,Rajapur,2026-05-27,WhatsApp/SMS,Wrong number,ASHA,FAC006,E0004587,General adherence
OUT0005075,OUP0002244,Nirmala Jangam,+91-91060-11091,Nakrekal,2026-05-30,Phone call,No answer,CHO,FAC016,E0004589,Medicine pickup
OUT0005076,OUP0002244,Nirmala Jangam,+91-91060-11091,Nakrekal,2026-06-20,Home visit,Patient unavailable,CHO,FAC016,E0004589,Medicine pickup
OUT0005077,OUP0002244,Nirmala Jangam,9106011091,Nakrekal,2026-06-07,Home visit,Patient unavailable,CHO,FAC016,E0004589,Medicine pickup
OUT0005078,OUP0002245,Nirmala Yadav,9022486652,Marrur,2026-07-24,WhatsApp/SMS,Reached; promised follow-up,CHO,FAC016,E0004593,Medicine pickup
OUT0005079,OUP0002245,Nirmala Yadav,9022786652,Marrur,2026-07-24,Phone call,Phone switched off,ASHA,FAC016,E0004593,Medicine pickup
OUT0005080,OUP0002246,Swathi Goud,9478429258,Peddadinne,2026-07-04,Phone call,Reached; counselled,CHO,FAC011,E0004594,General adherence
OUT0005081,OUP0002246,Swathi Goud,9478429258,Peddadinne,2026-07-15,Village health day reminder,Wrong number,CHO,FAC011,E0004594,Review visit
OUT0005082,OUP0002246,Swathi Goud,9478429258,Peddadinne,2026-07-13,Phone call,Family member reached,CHO,FAC011,E0004594,General adherence
OUT0005083,OUP0002247,Rajesh Laxman,9319940963,Bhanur,2026-01-11,Phone call,Reached; promised follow-up,ASHA,FAC027,E0004598,Review visit
OUT0005084,OUP0002247,Rajesh Laxman,9319940963,Bhanur,2026-01-24,Phone call,Reached; promised follow-up,ASHA,FAC027,E0004598,Review visit
OUT0005085,OUP0002248,Rani Jangam,,Mangalapally,2026-08-15,WhatsApp/SMS,No answer,ASHA,FAC018,E0004601,Medicine pickup
OUT0005086,OUP0002248,Rani Jangam,+91-91640-86093,Mangalapally,2026-08-05,Home visit,Wrong number,CHO,FAC018,E0004601,Medicine pickup
OUT0005087,OUP0002248,Rani Jangam,9164086093,Mangalapally,2026-08-05,Phone call,Reached; counselled,CHO,FAC018,E0004601,Medicine pickup
OUT0005088,OUP0002249,Saritha Chary,9884093659,Bodajanampet,2026-08-21,Phone call,Patient unavailable,ASHA,FAC005,E0004605,General adherence
OUT0005089,OUP0002249,Saritha Chary,9884093659,Bodajanampet,2026-08-25,Village health day reminder,Family member reached,ASHA,FAC005,E0004605,Medicine pickup
OUT0005090,OUP0002250,Mounika Devi,9565656480,Indresham,2026-05-09,Phone call,Family member reached,ASHA,FAC027,E0004606,Test completion
OUT0005091,OUP0002250,Mounika Devi,9565656480,Indresham,2026-05-11,Phone call,Family member reached,ASHA,FAC027,E0004606,Test completion
OUT0005092,OUP0002251,Divya Basha,9676778351,Velpula,2026-06-18,Home visit,Family member reached,CHO,FAC008,E0004608,General adherence
OUT0005093,OUP0002251,Divya Basha,9676778351,Velpula,2026-06-27,Phone call,Reached; promised follow-up,CHO,FAC008,E0004608,General adherence
OUT0005094,OUP0002252,Anil Basha,+91-91509-57525,DEVARAKONDA,2026-02-28,Phone call,Patient unavailable,ASHA,FAC012,E0004611,Review visit
OUT0005095,OUP0002252,Anil Basha,9150957525,Devarakonda,2026-03-01,Village health day reminder,Reached; counselled,ASHA,FAC012,E0004611,Medicine pickup
OUT0005096,OUP0002253,Anjali Narsimha,9942391530,Zaheerabad,2026-07-21,Phone call,Reached; counselled,CHO,FAC023,E0004613,General adherence
OUT0005097,OUP0002254,Padma Devi,9386569590,MIDJIL,2026-07-01,Village health day reminder,Wrong number,CHO,FAC009,E0004615,Medicine pickup
OUT0005098,OUP0002254,Padma Devi,9386569590,Midjil,2026-07-01,Phone call,Reached; promised follow-up,ASHA,FAC009,E0004615,Medicine pickup
OUT0005099,OUP0002255,Anitha Khan,9278580233,BHANUR,2026-05-15,Phone call,Reached; promised follow-up,ASHA,FAC025,E0004620,Test completion
OUT0005100,OUP0002256,Mouneeka Jangam,9197790400,Zaheerabad,2026-03-01,Phone call,Family member reached,ASHA,FAC023,E0004622,Medicine pickup
OUT0005101,OUP0002256,Mounika Jangam,9197790400,ZAHEERABAD,2026-03-10,Village health day reminder,Reached; promised follow-up,ASHA,FAC022,E0004623,Test completion
OUT0005102,OUP0002256,Mounika Jangam,9197790400,Zaheerabad,2026-03-10,Village health day reminder,Reached; counselled,CHO,FAC022,E0004623,General adherence
OUT0005103,OUP0002257,Ravi Kumar,9244880546,Narayankhed,2026-07-24,Home visit,Patient unavailable,ASHA,FAC020,E0004624,Test completion
OUT0005104,OUP0002257,Ravi Kumar,9244880546,Narayankhed,2026-08-01,Phone call,Family member reached,CHO,FAC020,E0004624,Medicine pickup
OUT0005105,OUP0002257,Ravee Kumar,9244880546,Narayankhed,2026-07-30,Village health day reminder,Patient unavailable,ASHA,FAC020,E0004624,Review visit
OUT0005106,OUP0002258,Kvitha Narsimha,9599049217,Ameenpur,2026-05-27,Phone call,Reached; promised follow-up,ASHA,FAC027,E0004625,Medicine pickup
OUT0005107,OUP0002258,Kaveetha Narsimha,9599049217,Ameenpur,2026-05-23,Phone call,Family member reached,ASHA,FAC027,E0004625,Review visit
OUT0005108,OUP0002259,Vinod Narsimha,+91-91535-07352,Indresham,2026-02-24,Village health day reminder,Wrong number,ASHA,FAC027,E0004626,Medicine pickup
OUT0005109,OUP0002259,Vinod Narsimha,9153507352,INDRESHAM,2026-03-01,Phone call,Reached; promised follow-up,CHO,FAC027,E0004626,Test completion
OUT0005110,OUP0002259,Vinod Narsimha,9153507352,Indresham,2026-03-06,Village health day reminder,Reached; promised follow-up,ASHA,FAC027,E0004626,General adherence
OUT0005111,OUP0002260,Shankar Kumar,9549830619,Nakrekal,2026-08-09,Phone call,Reached; promised follow-up,ASHA,FAC016,E0004627,Medicine pickup
OUT0005112,OUP0002261,Mahesh Shekar,9456990147,Rajapur,2026-02-14,Phone call,Reached; counselled,ASHA,FAC006,E0004628,Test completion
OUT0005113,OUP0002261,Mahesh Shekar,9456990147,Rajapur,2026-02-17,Home visit,Reached; counselled,CHO,FAC006,E0004628,General adherence
OUT0005114,OUP0002262,Deepeeka Rao,+91-99406-64604,Bhanur,2026-08-02,Phone call,Reached; promised follow-up,ASHA,FAC025,E0004630,Test completion
OUT0005115,OUP0002262,Deepika Rao,9940664604,Bhanur,2026-08-15,WhatsApp/SMS,Reached; promised follow-up,ASHA,FAC025,E0004630,Review visit
OUT0005116,OUP0002263,Diwya Kumar,9003857659,Marrur,2026-08-18,Phone call,Patient unavailable,ASHA,FAC018,E0004631,Test completion
OUT0005117,OUP0002263,Divya Kumar,9003857659,Marrur,2026-08-31,Phone call,Family member reached,CHO,FAC018,E0004631,Medicine pickup
OUT0005118,OUP0002263,Divya Kumar,9003857659,Marrur,2026-08-24,Home visit,Family member reached,CHO,FAC018,E0004631,Test completion
OUT0005119,OUP0002264,Divya Jangam,9574409740,Bangarigadda,2026-03-05,Phone call,No answer,ASHA,FAC014,E0004632,Review visit
OUT0005120,OUP0002264,Divya Jangam,+91-95744-09740,Bangarigadda,2026-03-10,Phone call,Wrong number,ASHA,FAC014,E0004632,Medicine pickup
OUT0005121,OUP0002264,Divya Jangam,9574409740,Bangarigadda,2026-02-27,Home visit,Family member reached,ASHA,FAC014,E0004632,Review visit
OUT0005122,OUP0002264,Divya Jangam,9574409740,Bangarigadda,2026-04-21,Home visit,Family member reached,ASHA,FAC015,E0004633,General adherence
OUT0005123,OUP0002264,Divya Jangam,9574409740,Bangarigadda,2026-04-12,WhatsApp/SMS,Phone switched off,CHO,FAC015,E0004633,Medicine pickup
OUT0005124,OUP0002265,Mounika,9581278659,Marrur,2026-06-24,WhatsApp/SMS,Wrong number,CHO,FAC017,E0004634,Medicine pickup
OUT0005125,OUP0002266,Shankar Chary,9591777987,Kallepally,2026-05-12,Phone call,No answer,CHO,FAC006,E0004635,Review visit
OUT0005126,OUP0002266,Shankar Chary,9591777907,KALLEPALLY,2026-05-16,WhatsApp/SMS,Reached; promised follow-up,CHO,FAC006,E0004635,Test completion
OUT0005127,OUP0002266,Shankar Chary,9591777907,Kallepally,2026-05-16,Phone call,Patient unavailable,ASHA,FAC006,E0004635,Medicine pickup
OUT0005128,OUP0002267,Divya Basha,9703407057,Donur,2026-08-03,Home visit,Wrong number,ASHA,FAC007,E0004636,Review visit
OUT0005129,OUP0002267,Divya Basha,9703407057,Donur,2026-08-12,Village health day reminder,Reached; counselled,CHO,FAC007,E0004636,Review visit
OUT0005130,OUP0002268,Deepika Shekar,9736515474,Kummarikunta,2026-05-01,Phone call,Reached; counselled,CHO,FAC014,E0004637,Test completion
OUT0005131,OUP0002268,Deepika Shekar,+91-97365-15474,Kummarikunta,2026-05-20,Village health day reminder,Patient unavailable,CHO,FAC014,E0004637,General adherence
OUT0005132,OUP0002269,Sushma Krishna,+91-96104-71382,Badepally,2026-05-01,Phone call,Reached; counselled,CHO,FAC002,E0004639,Review visit
OUT0005133,OUP0002269,Sushma Krishna,9610471382,Badepally,2026-04-29,WhatsApp/SMS,Reached; counselled,ASHA,FAC002,E0004639,Review visit
OUT0005134,OUP0002270,Ramesh Reddy,9839515822,Balanagar,2026-02-23,Village health day reminder,Reached; promised follow-up,ASHA,FAC006,E0004640,Review visit
OUT0005135,OUP0002271,Saritha Laxman,9135314056,Donur,2026-06-29,Home visit,Family member reached,CHO,FAC007,E0004642,General adherence
OUT0005136,OUP0002271,Saritha Laxman,9135314056,Donur,2026-07-20,Home visit,Family member reached,CHO,FAC007,E0004642,General adherence
OUT0005137,OUP0002272,Shobha Khan,9158837509,CHANDUR,2026-05-27,WhatsApp/SMS,Family member reached,ASHA,FAC015,E0004643,General adherence
OUT0005138,OUP0002272,Shobha Khan,9158837509,Chandu,2026-06-01,Phone call,Reached; counselled,ASHA,FAC015,E0004643,Review visit
OUT0005139,OUP0002273,Bhavani Das,9907317724,Zaheerabad,2026-02-20,Village health day reminder,Family member reached,CHO,FAC022,E0004646,General adherence
OUT0005140,OUP0002273,Bhavani Das,9907317724,Zaheerabad,2026-02-20,Phone call,Reached; promised follow-up,ASHA,FAC022,E0004646,Test completion
OUT0005141,OUP0002273,Bhavani Das,9907317724,Zaheerabad,2026-04-14,Phone call,Reached; counselled,ASHA,FAC024,E0004647,Review visit
OUT0005142,OUP0002274,Saritha Jangam,,Jharasangam,2026-01-22,WhatsApp/SMS,Family member reached,CHO,FAC023,E0004650,Review visit
OUT0005143,OUP0002274,Saritha Jangam,9540619018,Jharasangam,2026-02-07,Home visit,Phone switched off,CHO,FAC023,E0004650,Test completion
OUT0005144,OUP0002275,Raghav Patel,,Macharam,2026-04-19,Phone call,Family member reached,ASHA,FAC002,E0004651,Review visit
OUT0005145,OUP0002276,Santosh Basha,9954205520,Kohir,2026-06-11,Home visit,Reached; counselled,ASHA,FAC022,E0004653,Test completion
OUT0005146,OUP0002276,Santosh Basha,,Kohir,2026-07-20,Phone call,Family member reached,ASHA,FAC023,E0004654,Test completion
OUT0005147,OUP0002276,Santosh Basha,9954205520,Kohir,2026-07-25,Home visit,Wrong number,ASHA,FAC023,E0004654,General adherence
OUT0005148,OUP0002276,Santosh Basha,9954205520,Kohir,2026-07-26,WhatsApp/SMS,Family member reached,ASHA,FAC023,E0004654,Review visit
OUT0005149,OUP0002277,Venkatesh Krishna,9738673515,Devarakonda,2026-03-31,Home visit,Family member reached,CHO,FAC011,E0004655,General adherence
OUT0005150,OUP0002277,Venkatesh Krishna,9738673515,Devarakonda,2026-04-14,Phone call,Reached; promised follow-up,CHO,FAC011,E0004655,Medicine pickup
OUT0005151,OUP0002278,Santosh Mudiraj,+91-93766-63040,Mangalapally,2026-07-05,WhatsApp/SMS,Reached; promised follow-up,ASHA,FAC018,E0004657,Test completion
OUT0005152,OUP0002279,Mounika Naik,+91-93616-49496,Donur,2026-07-24,Phone call,Reached; promised follow-up,CHO,FAC009,E0004662,Test completion
OUT0005153,OUP0002279,Mounika Naik,+91-93616-49496,Donur,2026-08-05,Phone call,Patient unavailable,ASHA,FAC009,E0004662,General adherence
OUT0005154,OUP0002280,Arun Basha,+91-91523-15414,Gangapur,2026-03-04,WhatsApp/SMS,Reached; counselled,ASHA,FAC003,E0004665,General adherence
OUT0005155,OUP0002280,Arun Basha,9152315414,GANGAPUR,2026-03-19,Home visit,Family member reached,ASHA,FAC003,E0004665,Test completion
OUT0005156,OUP0002281,Anil Rao,9554730180,Bhanur,2026-02-01,WhatsApp/SMS,Family member reached,ASHA,FAC026,E0004666,Test completion
OUT0005157,OUP0002282,Suresh Goud,9640223811,Indresham,2026-05-10,WhatsApp/SMS,Reached; promised follow-up,ASHA,FAC026,E0004669,Test completion
OUT0005158,OUP0002283,Shankar Patel,9999392369,Donur,2026-03-02,Home visit,Phone switched off,ASHA,FAC008,E0004670,Review visit
OUT0005159,OUP0002283,Shankar Patel,,Donur,2026-03-17,Phone call,Reached; counselled,CHO,FAC008,E0004670,Test completion
OUT0005160,OUP0002284,Navin Khan,9036830759,Kalher,2026-02-13,Home visit,Reached; promised follow-up,ASHA,FAC021,E0004673,Medicine pickup
OUT0005161,OUP0002284,Naveen Khan,+91-90368-30759,Kalher,2026-06-04,Phone call,Reached; counselled,ASHA,FAC020,E0004674,Test completion
OUT0005162,OUP0002284,Naveen Khan,9036830759,Kalher,2026-06-10,Phone call,Reached; counselled,ASHA,FAC020,E0004674,Test completion
OUT0005163,OUP0002284,Naveen Khan,9036830759,KALHER,2026-06-14,Home visit,Reached; counselled,ASHA,FAC020,E0004674,General adherence
OUT0005164,OUP0002285,Nirmala Shekar,9205088656,Chandur,2026-03-28,Home visit,Reached; promised follow-up,CHO,FAC014,E0004675,General adherence
OUT0005165,OUP0002285,Nirmala Shekar,9205088656,Chandur,2026-04-03,Village health day reminder,Reached; counselled,CHO,FAC014,E0004675,General adherence
OUT0005166,OUP0002285,Nirmala Shekar,9205088656,Chandur,2026-04-18,Village health day reminder,Reached; promised follow-up,ASHA,FAC014,E0004676,Medicine pickup
OUT0005167,OUP0002285,Nirmala Shekar,9205088656,Chandur,2026-04-23,Phone call,Reached; promised follow-up,CHO,FAC014,E0004676,Medicine pickup
OUT0005168,OUP0002285,Nirmala Shekar,9205088656,Chandur,2026-05-12,Phone call,Reached; promised follow-up,CHO,FAC014,E0004676,General adherence
OUT0005169,OUP0002286,Santosh Narsimha,9307913966,Macharam,2026-05-07,Home visit,Reached; promised follow-up,ASHA,FAC002,E0004678,Medicine pickup
OUT0005170,OUP0002286,Santosh Narsimha,9307913966,MACHARAM,2026-05-11,WhatsApp/SMS,Family member reached,ASHA,FAC002,E0004678,Medicine pickup
OUT0005171,OUP0002286,Santosh,9307913966,Macharam,2026-05-08,Home visit,Reached; promised follow-up,CHO,FAC002,E0004678,Review visit
OUT0005172,OUP0002286,Santosh Narsimha,9307913966,Macharam,2026-06-10,Phone call,Phone switched off,CHO,FAC001,E0004679,Medicine pickup
OUT0005173,OUP0002286,Santosh Narsimha,9307913966,Machara,2026-07-09,Home visit,Reached; promised follow-up,ASHA,FAC001,E0004680,Medicine pickup
OUT0005174,OUP0002287,Swathi Goud,9840843828,Manoor,2026-03-15,Home visit,Wrong number,CHO,FAC019,E0004682,Review visit
OUT0005175,OUP0002287,Swathi Goud,9840843828,Manoor,2026-03-24,Home visit,Reached; counselled,CHO,FAC019,E0004682,General adherence
OUT0005176,OUP0002288,Rajes Naik,9896554339,Balanagar,2026-08-12,Home visit,Family member reached,ASHA,FAC005,E0004685,General adherence
OUT0005177,OUP0002289,Shobha Laxman,9863186098,Zaheerabad,2026-07-31,Phone call,Phone switched off,CHO,FAC022,E0004686,Medicine pickup
OUT0005178,OUP0002290,Venkatesh Patel,9564054134,Bangarigadda,2026-06-30,Phone call,No answer,ASHA,FAC015,E0004687,Medicine pickup
OUT0005179,OUP0002290,Venkatesh Patel,9564054134,Bangarigadda,2026-06-18,Phone call,No answer,ASHA,FAC015,E0004687,Medicine pickup
OUT0005180,OUP0002290,Venkatesh Patel,9564054134,Bangarigadda,2026-07-06,Home visit,Reached; promised follow-up,CHO,FAC015,E0004687,Review visit
OUT0005181,OUP0002291,Shobha Shekar,+91-94997-92440,JHARASANGAM,2026-03-28,Phone call,Reached; promised follow-up,ASHA,FAC023,E0004689,Test completion
OUT0005182,OUP0002291,Shobha Shekar,9499792440,Jharasangam,2026-04-10,Village health day reminder,Reached; promised follow-up,CHO,FAC023,E0004689,General adherence
OUT0005183,OUP0002291,Shobha Shekar,9499792440,Jharasangam,2026-04-17,Phone call,Reached; counselled,CHO,FAC023,E0004689,General adherence
OUT0005184,OUP0002292,Kiran Patel,9630236715,Manoor,2026-07-07,Phone call,Family member reached,ASHA,FAC019,E0004690,Medicine pickup
OUT0005185,OUP0002293,Srilatha Naik,+91-90714-16832,Vemula,2026-02-16,Phone call,Family member reached,ASHA,FAC008,E0004691,Review visit
OUT0005186,OUP0002294,Kavitha Das,9493084836,Mogudampally,2026-01-18,Phone call,Reached; promised follow-up,ASHA,FAC023,E0004694,Review visit
OUT0005187,OUP0002295,Deepika Narsimha,9572578213,Kallepally,2026-04-17,WhatsApp/SMS,Patient unavailable,CHO,FAC004,E0004695,Review visit
OUT0005188,OUP0002295,Deepika Narsimha,9572578213,Kallepally,2026-04-27,Phone call,Patient unavailable,CHO,FAC004,E0004695,General adherence
OUT0005189,OUP0002295,Deepika Narsimha,9572578213,KALLEPALLY,2026-05-11,Phone call,Wrong number,ASHA,FAC004,E0004695,Medicine pickup
OUT0005190,OUP0002295,Dipika Narsimha,+91-95725-78213,KALLEPALLY,2026-06-01,Phone call,Patient unavailable,ASHA,FAC004,E0004696,Review visit
OUT0005191,OUP0002296,Anjali Krishna,9809155486,Macharam,2026-08-07,Village health day reminder,Family member reached,CHO,FAC002,E0004697,Review visit
OUT0005192,OUP0002297,Kiran,,Nakrekal,2026-02-19,WhatsApp/SMS,Phone switched off,ASHA,FAC016,E0004698,Test completion
OUT0005193,OUP0002297,Kiran Mallaiah,9340232398,Nakrekal,2026-02-12,Village health day reminder,Family member reached,ASHA,FAC016,E0004698,Medicine pickup
OUT0005194,OUP0002298,Anitha Shekar,9565254291,Kondamallepally,2026-03-05,Phone call,Patient unavailable,ASHA,FAC010,E0004699,Medicine pickup
OUT0005195,OUP0002298,nitha Shekar,9565254291,KONDAMALLEPALLY,2026-03-10,Village health day reminder,Reached; promised follow-up,CHO,FAC010,E0004699,Test completion
OUT0005196,OUP0002298,nitha Shekar,,Kondamallepall,2026-07-24,Phone call,Reached; counselled,ASHA,FAC012,E0004700,Review visit
OUT0005197,OUP0002298,Anitha Shekar,9565254291,Kondamallepally,2026-07-12,Phone call,No answer,ASHA,FAC012,E0004700,Test completion
OUT0005198,OUP0002299,Naveen Yadav,9702997221,Vemula,2026-06-10,Phone call,Reached; counselled,CHO,FAC007,E0004703,Medicine pickup
OUT0005199,OUP0002299,Naveen Yadav,9742997221,VEMULA,2026-06-11,Phone call,Reached; promised follow-up,CHO,FAC007,E0004703,Review visit
OUT0005200,OUP0002299,Naveen Yadav,,Vemula,2026-06-10,Home visit,Family member reached,ASHA,FAC007,E0004703,General adherence
OUT0005201,OUP0002300,Arun Laxman,9400303942,Nakrekal,2026-02-11,WhatsApp/SMS,Family member reached,ASHA,FAC018,E0004704,General adherence
OUT0005202,OUP0002301,Lakshmi Devi,9237483758,Mangalapally,2026-04-17,Phone call,Wrong number,CHO,FAC017,E0004705,Test completion
OUT0005203,OUP0002301,Lakshmi Devi,9237483758,Mangalapally,2026-04-29,Phone call,Reached; promised follow-up,ASHA,FAC017,E0004705,General adherence
OUT0005204,OUP0002302,Praveen Patel,9757792573,Patancheru,2026-05-29,WhatsApp/SMS,Reached; promised follow-up,CHO,FAC026,E0004708,Review visit
OUT0005205,OUP0002302,Praween Patel,9757792573,Patancheru,2026-06-01,Phone call,Reached; promised follow-up,CHO,FAC026,E0004708,Review visit
OUT0005206,OUP0002303,Ravi Begum,9613320244,Narayankhed,2026-03-16,Phone call,Family member reached,CHO,FAC020,E0004709,Medicine pickup
OUT0005207,OUP0002303,Ravi Begum,+91-96133-20244,Narayankhed,2026-03-23,Phone call,Reached; counselled,CHO,FAC020,E0004709,Test completion
OUT0005208,OUP0002303,Ravi Begum,+91-96133-20244,NARAYANKHED,2026-04-05,Phone call,No answer,ASHA,FAC020,E0004709,Medicine pickup
OUT0005209,OUP0002304,Ramesh Laxman,9296225174,MACHARAM,2026-06-17,Phone call,Reached; promised follow-up,CHO,FAC001,E0004711,Medicine pickup
OUT0005210,OUP0002305,Lakshmi Goud,9518195504,Kohir,2026-05-29,Village health day reminder,Reached; counselled,ASHA,FAC023,E0004713,General adherence
OUT0005211,OUP0002305,Lakshmi Goud,9518195504,Kohir,2026-06-03,Home visit,Reached; counselled,ASHA,FAC023,E0004713,Review visit
OUT0005212,OUP0002306,Sushm Shekar,9564293155,Rajapur,2026-08-02,Village health day reminder,Reached; promised follow-up,ASHA,FAC005,E0004715,Test completion
OUT0005213,OUP0002306,Sushma Shekar,9564293155,Rajapur,2026-08-07,Home visit,Family member reached,ASHA,FAC005,E0004715,General adherence
OUT0005214,OUP0002307,Lalitha Begum,9947340722,Peddadinne,2026-02-18,Village health day reminder,Phone switched off,CHO,FAC011,E0004716,Medicine pickup
OUT0005215,OUP0002307,Lalitha Begum,9947340722,Peddadinne,2026-02-16,Phone call,Reached; counselled,CHO,FAC011,E0004716,Review visit
OUT0005216,OUP0002308,Harika Jangam,9547713616,GUNDLAPALLY,2026-08-06,Phone call,Reached; promised follow-up,CHO,FAC011,E0004717,General adherence
OUT0005217,OUP0002308,Harika Jangam,+91-95477-13616,Gundlapally,2026-08-16,Home visit,Reached; promised follow-up,ASHA,FAC011,E0004717,Test completion
OUT0005218,OUP0002309,Rani Yadav,9765418298,Peddadinne,2026-01-17,Village health day reminder,Phone switched off,CHO,FAC010,E0004719,Review visit
OUT0005219,OUP0002309,Rani Yadav,9765418298,Peddadinne,2026-01-22,Home visit,Patient unavailable,ASHA,FAC010,E0004719,Review visit
OUT0005220,OUP0002310,Raju Mallaiah,9432472300,Bhanur,2026-06-08,Home visit,Family member reached,ASHA,FAC026,E0004722,General adherence
OUT0005221,OUP0002310,Raju Mallaiah,9432472300,Bhanur,2026-06-25,Phone call,Reached; promised follow-up,CHO,FAC026,E0004722,Review visit
OUT0005222,OUP0002310,Raju Mallaiah,9432472300,Bhanur,2026-06-30,Home visit,Reached; promised follow-up,ASHA,FAC026,E0004722,Review visit
OUT0005223,OUP0002311,Shobha Yadav,9337722084,Kalher,2026-01-27,Phone call,No answer,ASHA,FAC020,E0004724,Review visit
OUT0005224,OUP0002311,Shobha Yadav,9337722084,Kalhe,2026-01-29,Village health day reminder,Reached; promised follow-up,CHO,FAC020,E0004724,Test completion
OUT0005225,OUP0002311,Shobha,+91-93377-22084,Kalher,2026-01-19,Phone call,Patient unavailable,CHO,FAC020,E0004724,General adherence
OUT0005226,OUP0002312,Anil Begum,9694484446,Kohir,2026-03-26,Phone call,Reached; promised follow-up,ASHA,FAC023,E0004726,Test completion
OUT0005227,OUP0002313,Lakshmi Mallaiah,9734095602,Zaheerabad,2026-07-10,Phone call,Reached; promised follow-up,ASHA,FAC024,E0004728,Review visit
OUT0005228,OUP0002313,Lakshmi Mallaiah,9734095602,Zaheerabad,2026-07-16,Home visit,Family member reached,CHO,FAC024,E0004728,Review visit
OUT0005229,OUP0002314,Ramesh Mudiraj,9501702608,Rajapur,2026-07-04,Home visit,Reached; promised follow-up,ASHA,FAC005,E0004730,Medicine pickup
OUT0005230,OUP0002314,Ramesh Mudiraj,,Rajapur,2026-07-02,Phone call,Reached; counselled,ASHA,FAC005,E0004730,Medicine pickup
OUT0005231,OUP0002314,Ramesh Mudeeraj,9501702608,Rajapur,2026-06-30,Village health day reminder,Reached; counselled,CHO,FAC005,E0004730,Test completion
OUT0005232,OUP0002315,Padma Das,9547662099,Kummarikunta,2026-04-28,Phone call,Patient unavailable,CHO,FAC014,E0004732,Medicine pickup
OUT0005233,OUP0002316,Naveen Patel,9162851878,Bhanur,2026-01-25,Phone call,Family member reached,ASHA,FAC026,E0004733,Review visit
OUT0005234,OUP0002317,Saritha Jangam,9283162337,Zaheerabad,2026-09-01,Phone call,Reached; promised follow-up,ASHA,FAC022,E0004737,Test completion
OUT0005235,OUP0002318,Renuka Begum,9977439906,Kummarikunta,2026-07-19,Phone call,Family member reached,ASHA,FAC014,E0004740,Test completion
OUT0005236,OUP0002319,Sushma Naik,9256375325,Narayankhed,2026-06-11,Village health day reminder,Reached; counselled,ASHA,FAC021,E0004741,Medicine pickup
OUT0005237,OUP0002320,Padma Shekar,+91-96286-83557,ZAHEERABAD,2026-01-23,Home visit,No answer,CHO,FAC022,E0004742,Medicine pickup
OUT0005238,OUP0002321,Anjali Khan,9762029828,Gundlapally,2026-02-07,Home visit,Patient unavailable,CHO,FAC012,E0004743,Medicine pickup
OUT0005239,OUP0002321,Anjali Khan,9762029828,Gundlapally,2026-02-09,Phone call,Reached; counselled,CHO,FAC012,E0004743,Medicine pickup
OUT0005240,OUP0002322,Mahesh Mallaiah,9861075854,Mangalapally,2026-04-26,Home visit,Patient unavailable,CHO,FAC017,E0004744,Review visit
OUT0005241,OUP0002322,Mahesh Mallaiah,9861075854,Mangalapalli,2026-05-10,Home visit,Family member reached,ASHA,FAC017,E0004744,Review visit
OUT0005242,OUP0002322,Mahes Mallaiah,9861075854,Mangalapally,2026-05-31,Phone call,Reached; promised follow-up,ASHA,FAC018,E0004745,Test completion
OUT0005243,OUP0002323,Arun Basha,9811631314,Midjil,2026-03-24,Village health day reminder,Family member reached,CHO,FAC009,E0004746,Test completion
OUT0005244,OUP0002323,Arun Basha,9811631314,Midjil,2026-03-29,Phone call,Patient unavailable,ASHA,FAC009,E0004746,Review visit
OUT0005245,OUP0002324,Renuka Das,9447204253,Kondamallepally,2026-04-11,Home visit,Wrong number,ASHA,FAC010,E0004748,Review visit
OUT0005246,OUP0002325,Renuka Laxman,9518588910,Vemula,2026-04-04,Phone call,Family member reached,ASHA,FAC008,E0004752,General adherence
OUT0005247,OUP0002326,Renuka Mudiraj,9338556303,GANGAPUR,2026-06-27,Phone call,Phone switched off,CHO,FAC003,E0004753,Review visit
OUT0005248,OUP0002327,Venkatesh Das,9216660187,Kangti,2026-02-21,Village health day reminder,Reached; promised follow-up,ASHA,FAC019,E0004755,Review visit
OUT0005249,OUP0002328,Raju Mallaiah,,Manoor,2026-01-30,WhatsApp/SMS,Phone switched off,ASHA,FAC021,E0004757,General adherence
OUT0005250,OUP0002329,Anil,9437824030,Narayankhed,2026-03-02,Phone call,Reached; promised follow-up,CHO,FAC019,E0004759,General adherence
OUT0005251,OUP0002329,Anil Patel,9437824030,Narayankhed,2026-03-12,Phone call,Patient unavailable,CHO,FAC019,E0004759,Test completion
OUT0005252,OUP0002329,Anil Patel,,Narayankhe,2026-05-20,Phone call,Wrong number,CHO,FAC020,E0004760,Medicine pickup
OUT0005253,OUP0002329,Anil Patel,9437824030,Narayankhed,2026-05-26,Phone call,Reached; counselled,ASHA,FAC020,E0004760,Test completion
OUT0005254,OUP0002330,Nirmala Krishna,,KOHIR,2026-06-18,Phone call,Phone switched off,CHO,FAC024,E0004761,Review visit
OUT0005255,OUP0002330,Nirmala Krishna,+91-95036-44365,Kohir,2026-06-22,Home visit,Patient unavailable,ASHA,FAC024,E0004761,Test completion
OUT0005256,OUP0002330,Nirmla Krishna,9503644365,Kohir,2026-06-22,Home visit,Reached; counselled,CHO,FAC024,E0004761,General adherence
OUT0005257,OUP0002331,Mohan Goud,9801975838,Gangapur,2026-07-26,WhatsApp/SMS,Family member reached,CHO,FAC003,E0004764,Review visit
OUT0005258,OUP0002331,Mohan Goud,,Gangapur,2026-07-30,Phone call,Reached; promised follow-up,ASHA,FAC003,E0004764,Review visit
OUT0005259,OUP0002332,Renuka Goud,9104866595,Mogudampally,2026-06-22,Village health day reminder,No answer,CHO,FAC024,E0004765,General adherence
OUT0005260,OUP0002332,Renuka Goud,9104866595,Mogudampally,2026-07-15,Phone call,No answer,CHO,FAC022,E0004766,Test completion
OUT0005261,OUP0002332,Renuka Goud,9104866595,Mogudampally,2026-07-29,Home visit,Family member reached,CHO,FAC022,E0004766,Review visit
OUT0005262,OUP0002332,Renuka Goud,9104866595,Mogudampally,2026-07-30,Home visit,Reached; counselled,CHO,FAC022,E0004766,Medicine pickup
OUT0005263,OUP0002333,Praveen Das,9057788839,Donur,2026-03-31,Village health day reminder,Reached; counselled,ASHA,FAC009,E0004771,Review visit
OUT0005264,OUP0002333,Praveen Das,9057788839,DONUR,2026-04-02,Phone call,Phone switched off,ASHA,FAC009,E0004771,General adherence
OUT0005265,OUP0002334,Arun Begum,,Vemula,2026-08-20,Home visit,No answer,CHO,FAC008,E0004773,Medicine pickup
OUT0005266,OUP0002334,Arun Begum,9630863135,Vemula,2026-09-07,Home visit,Reached; promised follow-up,CHO,FAC008,E0004773,Test completion
OUT0005267,OUP0002334,Arun Begum,9630863135,VEMULA,2026-08-30,Phone call,Family member reached,CHO,FAC008,E0004773,Medicine pickup
OUT0005268,OUP0002335,Kavitha Patel,9873325121,Balanagar,2026-03-03,Phone call,Reached; promised follow-up,ASHA,FAC005,E0004774,Medicine pickup
OUT0005269,OUP0002335,Kavitha Patel,9873325121,Balanagar,2026-03-13,Home visit,Family member reached,ASHA,FAC005,E0004774,Medicine pickup
OUT0005270,OUP0002336,Rani Khan,9262034358,Zaheeraba,2026-07-05,Phone call,Reached; counselled,ASHA,FAC024,E0004776,Medicine pickup
OUT0005271,OUP0002336,Rani Khan,9262334358,Zaheerabad,2026-07-25,Phone call,Reached; counselled,CHO,FAC024,E0004776,Review visit
OUT0005272,OUP0002337,Praveen Laxman,9147507549,Zaheerabad,2026-05-22,Phone call,Wrong number,ASHA,FAC022,E0004777,Medicine pickup
OUT0005273,OUP0002337,Pravin Laxman,9147507549,Zaheerabad,2026-05-28,Phone call,Reached; promised follow-up,CHO,FAC022,E0004777,Review visit
OUT0005274,OUP0002338,Naveen Narsimha,9483608679,Donur,2026-04-07,Phone call,Reached; counselled,CHO,FAC007,E0004778,Medicine pickup
OUT0005275,OUP0002338,Naveen Narsimha,9483608679,Donur,2026-04-10,Home visit,Reached; promised follow-up,ASHA,FAC007,E0004778,Medicine pickup
OUT0005276,OUP0002339,Padma Devi,9960003499,Badepally,2026-03-28,Home visit,Patient unavailable,ASHA,FAC001,E0004779,Test completion
OUT0005277,OUP0002339,Padma Devi,9960003499,Badepally,2026-04-13,Phone call,Wrong number,ASHA,FAC001,E0004779,Review visit
OUT0005278,OUP0002339,Padma Devi,9960063499,Badepally,2026-06-05,Phone call,Reached; counselled,CHO,FAC001,E0004780,Test completion
OUT0005279,OUP0002339,Padma Devi,9960003499,Badepally,2026-05-27,WhatsApp/SMS,Reached; promised follow-up,ASHA,FAC001,E0004780,General adherence
OUT0005280,OUP0002339,Padma Devi,9960003499,Badepalli,2026-05-26,Home visit,Reached; counselled,ASHA,FAC001,E0004780,Medicine pickup
OUT0005281,OUP0002340,Lakshmi Krishna,9765900630,Patancheru,2026-06-15,Village health day reminder,No answer,CHO,FAC025,E0004782,Medicine pickup
OUT0005282,OUP0002341,Raju Reddy,9919820763,Badepally,2026-07-03,Phone call,Family member reached,ASHA,FAC003,E0004784,Test completion
OUT0005283,OUP0002341,Raju Reddy,9919820763,Badepally,2026-07-08,Home visit,Family member reached,CHO,FAC003,E0004784,Review visit
OUT0005284,OUP0002341,Raju Reddy,9919820763,Badepally,2026-08-06,WhatsApp/SMS,No answer,ASHA,FAC002,E0004785,Medicine pickup
OUT0005285,OUP0002342,Raghav Chary,9604119594,Polepally,2026-04-26,Village health day reminder,Phone switched off,CHO,FAC002,E0004786,Medicine pickup
OUT0005286,OUP0002342,Raghav Chary,,Polepally,2026-04-28,Phone call,Reached; promised follow-up,ASHA,FAC002,E0004786,Medicine pickup
OUT0005287,OUP0002343,Jyothi Chary,9487084713,Indresham,2026-07-11,Phone call,Patient unavailable,CHO,FAC025,E0004787,Medicine pickup
OUT0005288,OUP0002343,Jyothi Chary,9487084713,Indresham,2026-07-30,Village health day reminder,Reached; counselled,ASHA,FAC025,E0004787,Review visit
OUT0005289,OUP0002344,Venkatesh Patel,9903644664,Jharasangam,2026-03-04,Home visit,Family member reached,ASHA,FAC022,E0004789,Review visit
OUT0005290,OUP0002344,Venkatesh Patel,9903644664,Jharasangam,2026-03-10,Home visit,Reached; counselled,CHO,FAC022,E0004789,Review visit
OUT0005291,OUP0002345,Lalitha Krishna,9490705211,Mogudampalli,2026-03-04,WhatsApp/SMS,Reached; counselled,ASHA,FAC024,E0004790,General adherence
OUT0005292,OUP0002346,Santosh Reddy,9881280215,Devarakonda,2026-07-18,Home visit,Patient unavailable,ASHA,FAC011,E0004791,Review visit
OUT0005293,OUP0002347,Divya Naik,9571124315,Nakrekal,2026-08-04,Phone call,Reached; counselled,CHO,FAC016,E0004794,Test completion
OUT0005294,OUP0002347,Divya Naik,9571624315,Nakrekal,2026-08-04,Phone call,No answer,ASHA,FAC016,E0004794,General adherence
OUT0005295,OUP0002347,Divya Naik,9571124315,Nakrekal,2026-08-14,WhatsApp/SMS,Family member reached,ASHA,FAC016,E0004794,Review visit
OUT0005296,OUP0002348,Nirmala Rao,9053706762,Midjil,2026-04-18,Phone call,Reached; promised follow-up,CHO,FAC008,E0004797,General adherence
OUT0005297,OUP0002348,Nirmala Rao,9053706762,MIDJIL,2026-04-22,Village health day reminder,Reached; counselled,ASHA,FAC008,E0004797,Test completion
OUT0005298,OUP0002348,Nirmala,,Midjil,2026-04-28,Phone call,Phone switched off,ASHA,FAC008,E0004797,Medicine pickup
OUT0005299,OUP0002349,Lalitha Devi,9984819338,Velpula,2026-01-16,Phone call,Phone switched off,ASHA,FAC008,E0004800,Medicine pickup
OUT0005300,OUP0002349,Lalitha,9984819338,Velpula,2026-01-16,WhatsApp/SMS,Phone switched off,ASHA,FAC008,E0004800,Review visit
OUT0005301,OUP0002349,Lalitha Devi,+91-99848-19338,Velpula,2026-01-18,Village health day reminder,Reached; promised follow-up,CHO,FAC008,E0004800,Medicine pickup
OUT0005302,OUP0002350,Shankar Rao,9304748120,Mogudampally,2026-04-11,Phone call,Reached; promised follow-up,CHO,FAC024,E0004802,Review visit
OUT0005303,OUP0002350,Shankar Rao,9304748120,Mogudampally,2026-04-22,Home visit,Family member reached,CHO,FAC024,E0004802,Test completion
OUT0005304,OUP0002351,Santosh Laxman,9955035857,Badepalli,2026-04-06,Home visit,Reached; counselled,ASHA,FAC002,E0004803,Medicine pickup
OUT0005305,OUP0002351,Santosh Laxman,9955035857,Badepally,2026-04-01,Phone call,Reached; counselled,ASHA,FAC002,E0004803,Review visit
OUT0005306,OUP0002352,Sai Jangam,9992948650,Zaheerabad,2026-03-19,Phone call,Family member reached,ASHA,FAC022,E0004805,Review visit
OUT0005307,OUP0002352,Sai Jangam,9992948650,Zaheerabad,2026-03-24,Phone call,Phone switched off,ASHA,FAC022,E0004805,Review visit
OUT0005308,OUP0002353,Srinivas Das,9114161879,Gangapur,2026-07-30,Home visit,Reached; counselled,ASHA,FAC003,E0004807,Test completion
OUT0005309,OUP0002353,Srinivas Das,9114161879,Gangapur,2026-07-28,Phone call,Family member reached,ASHA,FAC003,E0004807,Test completion
OUT0005310,OUP0002354,Santosh Mudiraj,9374884890,Nermata,2026-08-15,Phone call,Reached; counselled,CHO,FAC013,E0004809,Review visit
OUT0005311,OUP0002355,Mahesh Reddy,,Nomula,2026-02-11,Phone call,Reached; promised follow-up,ASHA,FAC018,E0004810,Test completion
OUT0005312,OUP0002355,Mahesh Reddy,9353984872,Nomula,2026-03-02,Village health day reminder,Phone switched off,ASHA,FAC016,E0004811,General adherence
OUT0005313,OUP0002356,Bhavani Laxman,9559404116,Mogudampally,2026-04-29,Home visit,Reached; promised follow-up,ASHA,FAC023,E0004812,Test completion
OUT0005314,OUP0002357,Naveen Goud,9814704274,Narayankhed,2026-02-15,Phone call,Reached; counselled,ASHA,FAC019,E0004813,Test completion
OUT0005315,OUP0002358,Deepika Narsimha,9770176615,Kondamallepally,2026-06-22,WhatsApp/SMS,No answer,ASHA,FAC010,E0004814,General adherence
OUT0005316,OUP0002359,Naveen Patel,9313835167,Devarakonda,2026-06-28,Village health day reminder,Reached; promised follow-up,CHO,FAC011,E0004815,General adherence
OUT0005317,OUP0002360,Raju Basha,9671008434,Narayankhed,2026-04-26,Phone call,Family member reached,CHO,FAC019,E0004819,Test completion
OUT0005318,OUP0002360,Raju Basha,9671008434,Narayankhed,2026-04-25,WhatsApp/SMS,Reached; counselled,CHO,FAC019,E0004819,Review visit
OUT0005319,OUP0002361,Arun Dewi,9595124534,Donur,2026-04-11,Phone call,Phone switched off,ASHA,FAC007,E0004821,Test completion
OUT0005320,OUP0002361,Arun Devi,9595124534,Donur,2026-07-26,Home visit,No answer,CHO,FAC008,E0004822,Test completion
OUT0005321,OUP0002362,Rani Basha,9879254175,Bangarigadda,2026-04-20,Home visit,Reached; counselled,CHO,FAC014,E0004824,General adherence
OUT0005322,OUP0002362,Rani Basha,9879254175,Bangarigadda,2026-04-27,Home visit,Family member reached,CHO,FAC014,E0004824,General adherence
OUT0005323,OUP0002362,Rani Basha,+91-98792-54175,Bangarigadda,2026-04-30,Phone call,Reached; promised follow-up,CHO,FAC014,E0004824,Review visit
OUT0005324,OUP0002363,Saritha Rao,9262565595,Indresham,2026-07-02,Home visit,Reached; promised follow-up,ASHA,FAC025,E0004825,Review visit
OUT0005325,OUP0002363,Saritha Rao,9262565595,Indresham,2026-06-29,Village health day reminder,Family member reached,ASHA,FAC025,E0004825,General adherence
OUT0005326,OUP0002364,Divya Naik,+91-93138-30873,Narayankhed,2026-03-21,Home visit,Reached; promised follow-up,ASHA,FAC021,E0004827,General adherence
OUT0005327,OUP0002365,Venkatesh Patel,,Mogudampally,2026-07-14,Home visit,Wrong number,CHO,FAC023,E0004828,Test completion
OUT0005328,OUP0002365,Venkatesh Patel,9975334068,Mogudampall,2026-07-16,WhatsApp/SMS,Reached; promised follow-up,ASHA,FAC023,E0004828,Test completion
OUT0005329,OUP0002366,Praveen Yadav,9159114598,Kummarikunta,2026-07-14,Phone call,Family member reached,ASHA,FAC013,E0004829,General adherence
OUT0005330,OUP0002367,Lakshmi Goud,9406571356,Kalher,2026-05-12,Phone call,Reached; promised follow-up,ASHA,FAC021,E0004830,Review visit
OUT0005331,OUP0002367,Lakshmi Goud,+91-94065-71356,Kalher,2026-05-09,Home visit,Reached; promised follow-up,ASHA,FAC021,E0004830,Review visit
OUT0005332,OUP0002367,Lakshmi,9406571356,Kalher,2026-05-20,Phone call,Patient unavailable,ASHA,FAC021,E0004830,Test completion
OUT0005333,OUP0002368,Jyothi Krishna,9528864219,Peddadinne,2026-07-03,WhatsApp/SMS,Wrong number,CHO,FAC012,E0004833,General adherence
OUT0005334,OUP0002368,Jyothi Krishna,9528864219,Peddadinne,2026-07-05,Home visit,Family member reached,CHO,FAC012,E0004833,Medicine pickup
OUT0005335,OUP0002368,Jyothi Krishna,9528864219,Peddadinne,2026-08-27,Phone call,Phone switched off,ASHA,FAC012,E0004835,Review visit
OUT0005336,OUP0002368,Jyothi Krishna,9528864219,Peddadinne,2026-08-23,Home visit,Family member reached,CHO,FAC012,E0004835,Review visit
OUT0005337,OUP0002369,Rajesh Patel,9282834093,Manoor,2026-07-31,Home visit,Family member reached,ASHA,FAC021,E0004836,Test completion
OUT0005338,OUP0002370,Harika Shekar,9463146417,Manoor,2026-04-17,WhatsApp/SMS,Phone switched off,CHO,FAC019,E0004837,General adherence
OUT0005339,OUP0002370,Harika Shekar,9463146417,Manoor,2026-04-19,Village health day reminder,Phone switched off,CHO,FAC019,E0004837,Review visit
OUT0005340,OUP0002370,Harika Shekar,9463146417,Manoor,2026-04-30,Phone call,Wrong number,CHO,FAC019,E0004837,Test completion
OUT0005341,OUP0002370,Harika Shekar,9463146417,Manoor,2026-06-19,WhatsApp/SMS,Reached; counselled,ASHA,FAC019,E0004838,Review visit
OUT0005342,OUP0002370,Harika Shekar,9463146417,Manoor,2026-06-17,Phone call,Reached; promised follow-up,ASHA,FAC019,E0004838,Review visit
OUT0005343,OUP0002370,Harika Shekar,9463146417,Manoor,2026-06-30,WhatsApp/SMS,Reached; counselled,CHO,FAC019,E0004838,Medicine pickup
OUT0005344,OUP0002371,Srinivas Narsimha,9975172890,Zaheerabad,2026-03-29,Phone call,Patient unavailable,ASHA,FAC022,E0004839,General adherence
OUT0005345,OUP0002371,Srinivas Narsimha,9975172890,Zaheerabad,2026-04-04,Phone call,Patient unavailable,CHO,FAC022,E0004839,Medicine pickup
OUT0005346,OUP0002371,Srinivas Narsimha,9975172890,Zaheerabad,2026-04-17,Home visit,Reached; counselled,CHO,FAC022,E0004839,Review visit
OUT0005347,OUP0002371,Srinivas Narsimha,9975172890,Zaheerabad,2026-05-06,Phone call,Patient unavailable,ASHA,FAC023,E0004840,Review visit
OUT0005348,OUP0002372,Suresh Yadav,+91-91736-73901,Velpul,2026-06-19,Phone call,No answer,ASHA,FAC007,E0004841,Medicine pickup
OUT0005349,OUP0002372,Suresh Yadav,9173673901,Velpula,2026-06-28,Phone call,No answer,CHO,FAC007,E0004841,Medicine pickup
OUT0005350,OUP0002373,Shobha Krishna,9564885929,Kalher,2026-08-22,Phone call,Reached; promised follow-up,CHO,FAC021,E0004844,Review visit
OUT0005351,OUP0002373,Shobha Krishna,9566885929,KALHER,2026-08-18,Phone call,Family member reached,ASHA,FAC021,E0004844,Test completion
OUT0005352,OUP0002374,Divya Basha,,Kallepally,2026-02-04,Village health day reminder,Patient unavailable,CHO,FAC006,E0004845,General adherence
OUT0005353,OUP0002374,Divya Basha,9762661762,Kallepally,2026-01-30,Phone call,Phone switched off,CHO,FAC006,E0004845,General adherence
OUT0005354,OUP0002374,Divya Basa,,Kallepally,2026-01-30,Phone call,Reached; counselled,CHO,FAC006,E0004845,General adherence
OUT0005355,OUP0002374,Divya Basha,9762661762,Kallepally,2026-06-07,Home visit,Reached; promised follow-up,CHO,FAC005,E0004846,Test completion
OUT0005356,OUP0002375,Arun Khan,9287746277,Bangarigadd,2026-04-03,Home visit,Wrong number,CHO,FAC015,E0004847,Test completion
OUT0005357,OUP0002375,Arun Khan,9287746277,Bangarigadda,2026-04-07,Village health day reminder,No answer,ASHA,FAC015,E0004847,General adherence
OUT0005358,OUP0002376,Mahesh Basha,9548065412,Kondamallepall,2026-03-19,WhatsApp/SMS,Reached; promised follow-up,ASHA,FAC012,E0004848,Medicine pickup
OUT0005359,OUP0002376,Mahesh Basha,9548265412,Kondamallepalli,2026-03-20,Phone call,Reached; counselled,ASHA,FAC012,E0004848,Medicine pickup
OUT0005360,OUP0002377,Bhavani Krishna,,Devarakonda,2026-05-15,Home visit,Family member reached,ASHA,FAC010,E0004850,Review visit
OUT0005361,OUP0002378,Mohn Goud,,VELPULA,2026-05-01,Phone call,Reached; promised follow-up,CHO,FAC007,E0004852,General adherence
OUT0005362,OUP0002378,Mohan Goud,+91-90024-37709,Velpula,2026-08-09,WhatsApp/SMS,Wrong number,ASHA,FAC008,E0004853,Medicine pickup
OUT0005363,OUP0002378,Mohan Goud,9002437709,Velpula,2026-08-03,WhatsApp/SMS,Family member reached,ASHA,FAC008,E0004853,General adherence
OUT0005364,OUP0002379,Jyothi Das,9174300319,Devarakonda,2026-02-14,Home visit,Family member reached,ASHA,FAC011,E0004858,General adherence
OUT0005365,OUP0002380,Arun Yadav,9745568421,Chandur,2026-04-18,WhatsApp/SMS,Wrong number,CHO,FAC014,E0004859,Medicine pickup
OUT0005366,OUP0002380,Arun Yadav,9745568421,Chandur,2026-04-24,Phone call,Phone switched off,CHO,FAC014,E0004859,Test completion
OUT0005367,OUP0002380,Arun,9745568421,Chandur,2026-05-16,Phone call,Wrong number,CHO,FAC014,E0004860,Medicine pickup
OUT0005368,OUP0002380,Arun,9745568421,Chandur,2026-05-24,Home visit,Reached; counselled,ASHA,FAC014,E0004860,General adherence
OUT0005369,OUP0002381,Mounika Patel,9418181372,Rajapur,2026-08-07,Phone call,Family member reached,CHO,FAC004,E0004863,General adherence
OUT0005370,OUP0002381,Mounika Patel,9418181372,Rajapur,2026-07-27,WhatsApp/SMS,Reached; counselled,ASHA,FAC004,E0004863,Medicine pickup
OUT0005371,OUP0002382,Padma Basha,+91-92068-08170,Chandur,2026-02-01,Village health day reminder,Reached; promised follow-up,ASHA,FAC014,E0004865,Review visit
OUT0005372,OUP0002383,Lakshmi Naik,9507319841,Gangapur,2026-05-08,Phone call,No answer,ASHA,FAC003,E0004867,General adherence
OUT0005373,OUP0002384,Raju Rao,9735393440,Nomula,2026-03-04,Phone call,Family member reached,CHO,FAC016,E0004868,Review visit
OUT0005374,OUP0002385,Shnkar Yadav,+91-93237-43309,Nakrekal,2026-04-04,Phone call,Wrong number,ASHA,FAC017,E0004869,Medicine pickup
OUT0005375,OUP0002385,Shankar Yadav,9323743309,NAKREKAL,2026-03-28,Phone call,Wrong number,ASHA,FAC017,E0004869,Medicine pickup
OUT0005376,OUP0002385,Shankar Yadav,9323743309,Nakrekal,2026-04-08,Phone call,Reached; counselled,ASHA,FAC017,E0004869,Test completion
OUT0005377,OUP0002386,Venkatesh Basha,,Gundlapally,2026-07-20,Home visit,Reached; promised follow-up,ASHA,FAC012,E0004872,Review visit
OUT0005378,OUP0002386,Venkatesh Basha,9936890397,Gundlapally,2026-07-20,Home visit,Patient unavailable,CHO,FAC012,E0004872,Review visit
OUT0005379,OUP0002387,Deepika Begum,9939871007,Rajapur,2026-04-12,WhatsApp/SMS,Reached; promised follow-up,CHO,FAC005,E0004873,Review visit
OUT0005380,OUP0002388,Kavitha Shekar,,Kummarikunta,2026-06-16,Home visit,Reached; counselled,ASHA,FAC014,E0004874,Review visit
OUT0005381,OUP0002388,Kavitha Shekar,9449972569,Kummarikunta,2026-06-21,Phone call,Wrong number,ASHA,FAC014,E0004874,Review visit
OUT0005382,OUP0002389,Mohan Das,9106446008,Gundlapally,2026-02-09,Phone call,Family member reached,ASHA,FAC010,E0004878,Review visit
OUT0005383,OUP0002389,Mohan Das,9106446008,Gundlapally,2026-02-10,Home visit,Reached; counselled,ASHA,FAC010,E0004878,Medicine pickup
OUT0005384,OUP0002390,Rajesh Laxman,9955736910,Bhanur,2026-03-07,Home visit,Phone switched off,CHO,FAC025,E0004879,General adherence
OUT0005385,OUP0002390,Rajesh Laxman,9985736910,Bhanur,2026-02-26,Phone call,Patient unavailable,CHO,FAC025,E0004879,Review visit
OUT0005386,OUP0002390,Rajesh Laxman,9985736910,Bhanur,2026-03-04,Phone call,Reached; counselled,ASHA,FAC025,E0004879,Review visit
OUT0005387,OUP0002391,Kavitha Chary,9520595351,Kondamallepally,2026-05-08,Phone call,Reached; counselled,CHO,FAC010,E0004880,Review visit
OUT0005388,OUP0002391,Kavitha Chary,9520595351,Kondamallepally,2026-07-07,Phone call,Reached; promised follow-up,CHO,FAC012,E0004881,Review visit
OUT0005389,OUP0002391,Kavitha Chary,+91-95205-95351,Kondamallepally,2026-07-02,Home visit,Family member reached,ASHA,FAC012,E0004881,Review visit
OUT0005390,OUP0002391,Kavitha Chary,+91-95205-95351,Kondamallepally,2026-08-03,Phone call,Wrong number,ASHA,FAC011,E0004882,Test completion
OUT0005391,OUP0002392,Santosh Naik,9657832894,VELPULA,2026-07-01,WhatsApp/SMS,Family member reached,ASHA,FAC007,E0004883,Medicine pickup
OUT0005392,OUP0002392,Santosh Naik,9657832894,Velpula,2026-06-29,Home visit,Reached; counselled,ASHA,FAC007,E0004883,Test completion
OUT0005393,OUP0002393,Anjali Yadav,9925546707,Velpula,2026-03-20,Phone call,Family member reached,CHO,FAC007,E0004884,Medicine pickup
OUT0005394,OUP0002393,Anjali Yadav,9925546707,Velpula,2026-03-20,Village health day reminder,Reached; counselled,CHO,FAC007,E0004884,Test completion
OUT0005395,OUP0002394,Raghav Naik,9931745669,VELPULA,2026-04-14,Home visit,No answer,CHO,FAC008,E0004886,Medicine pickup
OUT0005396,OUP0002394,Raghav Naik,9931745669,Velpula,2026-04-16,Village health day reminder,Reached; promised follow-up,ASHA,FAC008,E0004886,Review visit
OUT0005397,OUP0002394,Raghav Naik,,Velpula,2026-04-26,Phone call,Reached; counselled,CHO,FAC008,E0004886,General adherence
OUT0005398,OUP0002395,Jyothi Kumar,9614660556,Nakrekal,2026-02-09,Home visit,Reached; promised follow-up,ASHA,FAC016,E0004888,Review visit
OUT0005399,OUP0002396,Padma Goud,9579480173,Patancheru,2026-05-04,Phone call,Reached; promised follow-up,ASHA,FAC026,E0004890,Medicine pickup
OUT0005400,OUP0002397,Sai Kumar,9403976740,Kondamallepally,2026-05-07,Phone call,Reached; promised follow-up,ASHA,FAC011,E0004891,General adherence
OUT0005401,OUP0002397,Sai Kumar,9403976740,Kondamallepally,2026-06-11,Phone call,No answer,ASHA,FAC011,E0004892,Review visit
OUT0005402,OUP0002397,Saee Kumar,+91-94039-76740,KONDAMALLEPALLY,2026-06-17,Phone call,Phone switched off,ASHA,FAC011,E0004892,Review visit
OUT0005403,OUP0002397,Sai Kumar,9403976740,Kondamallepally,2026-06-26,Phone call,Phone switched off,CHO,FAC011,E0004892,Medicine pickup
OUT0005404,OUP0002397,Sai Kumar,9403976740,Kondamallepally,2026-07-03,WhatsApp/SMS,Family member reached,ASHA,FAC012,E0004893,Medicine pickup
OUT0005405,OUP0002397,Sai Kumar,9403976740,Kondamallepally,2026-07-22,Phone call,Reached; counselled,CHO,FAC012,E0004893,Medicine pickup
OUT0005406,OUP0002397,Sai Kumar,9403976740,Kondamallepally,2026-07-09,Home visit,Reached; counselled,CHO,FAC012,E0004893,General adherence
OUT0005407,OUP0002398,Saritha Patel,9213316470,Kangti,2026-07-12,Home visit,Patient unavailable,CHO,FAC019,E0004895,General adherence
OUT0005408,OUP0002399,Praveen Laxman,,Nomula,2026-04-08,Phone call,Patient unavailable,ASHA,FAC018,E0004897,Medicine pickup
OUT0005409,OUP0002399,Praveen Laxman,9458970118,Nomula,2026-04-11,WhatsApp/SMS,Reached; counselled,CHO,FAC018,E0004897,Review visit
OUT0005410,OUP0002400,run Goud,9023730305,Kallepally,2026-05-24,Phone call,Phone switched off,ASHA,FAC005,E0004904,Medicine pickup
OUT0005411,OUP0002401,Pravin Shekar,9639206656,NARAYANKHED,2026-06-29,Home visit,Family member reached,ASHA,FAC019,E0004906,General adherence
OUT0005412,OUP0002401,Praveen Shekar,9639276656,Narayankhed,2026-07-07,Phone call,Reached; promised follow-up,ASHA,FAC019,E0004906,Review visit
OUT0005413,OUP0002401,Praveen Shekar,9689206656,Narayankhed,2026-08-15,Phone call,Reached; counselled,CHO,FAC021,E0004907,Test completion
OUT0005414,OUP0002402,Srinivas Reddy,9711201431,Kallepally,2026-01-07,WhatsApp/SMS,Phone switched off,CHO,FAC005,E0004909,Medicine pickup
OUT0005415,OUP0002402,Srinivas Reddy,,Kallepally,2026-01-14,WhatsApp/SMS,Reached; counselled,CHO,FAC005,E0004909,General adherence
OUT0005416,OUP0002403,Raju Reddy,+91-92861-07551,Rajapur,2026-02-05,Village health day reminder,Phone switched off,ASHA,FAC006,E0004912,Medicine pickup
OUT0005417,OUP0002403,Rju Reddy,9286107551,Rajapu,2026-02-02,Home visit,Family member reached,CHO,FAC006,E0004912,Medicine pickup
OUT0005418,OUP0002403,Raju Reddy,9286107551,Rajapur,2026-07-20,Home visit,No answer,ASHA,FAC006,E0004913,Medicine pickup
OUT0005419,OUP0002403,Raju,9286107551,Rajapur,2026-07-18,Phone call,No answer,CHO,FAC006,E0004913,Medicine pickup
OUT0005420,OUP0002404,Anil Kumar,9561352108,Kondamallepally,2026-01-30,Phone call,Family member reached,CHO,FAC010,E0004914,Medicine pickup
OUT0005421,OUP0002404,Anil Kumar,9561352108,Kondamallepall,2026-02-06,Home visit,Reached; promised follow-up,ASHA,FAC010,E0004914,Medicine pickup
OUT0005422,OUP0002404,Anil Kumar,9561352108,Kondamallepally,2026-02-11,Phone call,Family member reached,ASHA,FAC010,E0004914,Test completion
OUT0005423,OUP0002405,Ravi Mudiraj,9242060988,Vemula,2026-02-15,Phone call,Reached; counselled,CHO,FAC007,E0004915,Review visit
OUT0005424,OUP0002405,Ravi Mudiraj,9242060988,Vemula,2026-02-19,Phone call,Patient unavailable,ASHA,FAC007,E0004915,Test completion
OUT0005425,OUP0002405,Ravi Mudiraj,9242060988,Vemula,2026-03-09,Home visit,Reached; counselled,CHO,FAC007,E0004915,Medicine pickup
OUT0005426,OUP0002406,Jyothi Das,9603872072,Nomula,2026-06-12,Phone call,Reached; counselled,CHO,FAC017,E0004917,Test completion
OUT0005427,OUP0002406,Jyothi Das,9603872042,Nomula,2026-05-29,Phone call,Family member reached,ASHA,FAC017,E0004917,Test completion
OUT0005428,OUP0002406,Jyothi Das,+91-96038-72072,NOMULA,2026-06-27,Home visit,Patient unavailable,ASHA,FAC017,E0004918,Medicine pickup
OUT0005429,OUP0002407,Naveen Kumar,9044791612,Gundlapally,2026-01-22,Phone call,Family member reached,ASHA,FAC011,E0004919,General adherence
OUT0005430,OUP0002407,Naveen Kumar,9044791612,Gundlapally,2026-02-07,Home visit,Reached; counselled,ASHA,FAC011,E0004919,General adherence
OUT0005431,OUP0002408,Lakshmi Kumar,,Devarakonda,2026-02-20,Home visit,Reached; promised follow-up,CHO,FAC010,E0004921,Test completion
OUT0005432,OUP0002409,Venkatesh Mudiraj,9085231699,BANGARIGADDA,2026-04-06,Home visit,Reached; counselled,ASHA,FAC015,E0004924,Medicine pickup
OUT0005433,OUP0002410,Lakshmi Jangam,9132943716,Kummarikunta,2026-03-18,WhatsApp/SMS,No answer,ASHA,FAC013,E0004925,Medicine pickup
OUT0005434,OUP0002410,Lakshmi Jangam,9132943716,Kummarikunta,2026-03-22,Phone call,Patient unavailable,ASHA,FAC013,E0004925,Review visit
OUT0005435,OUP0002410,Lakshmi Jangam,9132943716,KUMMARIKUNTA,2026-03-30,Village health day reminder,Phone switched off,CHO,FAC013,E0004925,Review visit
OUT0005436,OUP0002410,Lakshmi Jangam,9132943716,Kummarikunta,2026-04-24,Home visit,Phone switched off,CHO,FAC015,E0004926,Medicine pickup
OUT0005437,OUP0002410,Lakshmi Jangam,9132943716,Kummarikunta,2026-04-17,Phone call,No answer,ASHA,FAC015,E0004926,Review visit
OUT0005438,OUP0002411,Anitha Devi,+91-94697-22830,Badepally,2026-07-27,Home visit,Wrong number,CHO,FAC001,E0004927,Medicine pickup
OUT0005439,OUP0002412,Rajesh Yadav,+91-98481-57893,Rajapur,2026-02-13,Phone call,Family member reached,CHO,FAC004,E0004931,General adherence
OUT0005440,OUP0002412,Rajesh Yadav,9848557893,Rajapur,2026-02-01,Home visit,Reached; counselled,ASHA,FAC004,E0004931,General adherence
OUT0005441,OUP0002412,Rajes Yadav,9848157893,Rajapur,2026-02-05,Phone call,Patient unavailable,CHO,FAC004,E0004931,Review visit
OUT0005442,OUP0002413,Santosh Mallaiah,+91-92921-66274,Velpula,2026-02-01,Village health day reminder,No answer,ASHA,FAC007,E0004932,Medicine pickup
OUT0005443,OUP0002413,Santosh Mallaiah,9292166274,Velpula,2026-02-11,Home visit,Patient unavailable,ASHA,FAC007,E0004932,Review visit
OUT0005444,OUP0002413,Santosh Mallaiah,9292166274,Velpula,2026-02-01,Phone call,Patient unavailable,CHO,FAC007,E0004932,Review visit
OUT0005445,OUP0002414,Srilata Kumar,9455869893,Kalher,2026-08-08,Phone call,Reached; promised follow-up,CHO,FAC020,E0004934,Review visit
OUT0005446,OUP0002414,Srilatha Kumar,9455869893,KALHER,2026-08-11,Home visit,Reached; counselled,CHO,FAC020,E0004934,Medicine pickup
OUT0005447,OUP0002415,Renuka Reddy,+91-99734-49406,Kallepally,2026-03-03,WhatsApp/SMS,No answer,ASHA,FAC004,E0004935,Test completion
OUT0005448,OUP0002415,Renuka Reddy,9973449406,Kallepally,2026-02-27,Village health day reminder,Phone switched off,ASHA,FAC004,E0004935,Test completion
OUT0005449,OUP0002416,Naresh Khan,,Zaheerabad,2026-05-05,Home visit,Wrong number,ASHA,FAC024,E0004936,General adherence
OUT0005450,OUP0002417,Bhawani Chary,9973447633,Bodajanampet,2026-06-26,Home visit,Reached; counselled,CHO,FAC006,E0004937,Review visit
OUT0005451,OUP0002417,Bhavani Chary,,Bodajanampet,2026-07-15,WhatsApp/SMS,Family member reached,ASHA,FAC006,E0004937,General adherence
OUT0005452,OUP0002418,Padma Patel,9300990889,Polepally,2026-06-14,WhatsApp/SMS,Reached; counselled,CHO,FAC002,E0004939,General adherence
OUT0005453,OUP0002418,Pdma Patel,+91-93009-90889,Polepally,2026-06-20,Phone call,No answer,ASHA,FAC002,E0004939,Review visit
OUT0005454,OUP0002418,Padma Patel,9300990889,POLEPALLY,2026-07-28,Home visit,Phone switched off,ASHA,FAC002,E0004940,Test completion
OUT0005455,OUP0002418,Padma Patel,9300990889,Polepally,2026-08-01,Home visit,Family member reached,ASHA,FAC002,E0004940,General adherence
OUT0005456,OUP0002418,Padma Patel,9300990889,Polepally,2026-08-19,Phone call,Reached; counselled,CHO,FAC002,E0004940,Review visit
OUT0005457,OUP0002419,Raju Patel,9199322419,Jharasangam,2026-03-18,WhatsApp/SMS,Reached; counselled,CHO,FAC024,E0004941,Review visit
OUT0005458,OUP0002419,Raju Patel,+91-91993-22419,Jharasangam,2026-03-25,Home visit,No answer,CHO,FAC024,E0004941,Medicine pickup
OUT0005459,OUP0002419,Raju Patel,9199322419,Jharasangam,2026-03-26,WhatsApp/SMS,Patient unavailable,ASHA,FAC024,E0004941,General adherence
OUT0005460,OUP0002419,Raju Patel,9199322419,Jharasangam,2026-05-01,Phone call,Reached; counselled,ASHA,FAC022,E0004942,Medicine pickup
OUT0005461,OUP0002419,Raju Patel,9199322419,Jharasangam,2026-05-04,Phone call,Phone switched off,CHO,FAC022,E0004942,Medicine pickup
OUT0005462,OUP0002420,Anjali Basha,9285473708,Bhanur,2026-05-12,Phone call,Patient unavailable,CHO,FAC025,E0004943,Review visit
OUT0005463,OUP0002420,Anjali Basa,9205473708,Bhanur,2026-05-04,Village health day reminder,Family member reached,CHO,FAC025,E0004943,General adherence
OUT0005464,OUP0002421,Bhavani Jangam,9429227349,KANGTI,2026-02-08,Home visit,Patient unavailable,ASHA,FAC020,E0004946,Medicine pickup
OUT0005465,OUP0002422,Divya Laxman,,Kallepally,2026-06-23,Home visit,Wrong number,CHO,FAC005,E0004947,Review visit
OUT0005466,OUP0002422,Divya Laxman,9432859385,Kallepally,2026-07-12,WhatsApp/SMS,Phone switched off,CHO,FAC005,E0004947,Review visit
OUT0005467,OUP0002423,Anitha Naik,9377350008,Jharasangam,2026-04-25,Village health day reminder,Reached; promised follow-up,CHO,FAC024,E0004949,Review visit
OUT0005468,OUP0002423,Anitha Naik,9377350008,Jharasangam,2026-06-21,Home visit,No answer,CHO,FAC023,E0004950,Review visit
OUT0005469,OUP0002423,Anitha Naik,9377350008,Jharasangam,2026-06-23,Phone call,Patient unavailable,ASHA,FAC023,E0004950,General adherence
OUT0005470,OUP0002423,Anitha Naik,9377350008,Jharasangam,2026-07-01,Village health day reminder,Family member reached,ASHA,FAC023,E0004950,Review visit
OUT0005471,OUP0002423,Anitha Naik,9377350008,Jharasangam,2026-08-09,Phone call,Phone switched off,CHO,FAC023,E0004951,Test completion
OUT0005472,OUP0002423,Anitha Naik,9377350008,Jharasangam,2026-08-12,Home visit,Reached; promised follow-up,ASHA,FAC023,E0004951,Test completion
OUT0005473,OUP0002424,Anjali Shekar,9290187533,Kondamallepally,2026-02-02,Home visit,Patient unavailable,CHO,FAC010,E0004953,General adherence
OUT0005474,OUP0002425,Sai Naik,+91-95813-64398,Velpula,2026-07-13,Village health day reminder,Reached; counselled,ASHA,FAC008,E0004955,Review visit
OUT0005475,OUP0002426,Sai Goud,9604965484,Jharasangam,2026-08-06,Phone call,Reached; counselled,ASHA,FAC022,E0004956,General adherence
OUT0005476,OUP0002426,Sai Goud,9604965484,Jharasangam,2026-08-08,Phone call,Patient unavailable,CHO,FAC022,E0004956,Review visit
OUT0005477,OUP0002426,Sai Goud,9604965484,Jharasangam,2026-08-19,Phone call,Reached; counselled,CHO,FAC022,E0004956,Review visit
OUT0005478,OUP0002427,Renuka Reddy,9139502354,Mogudampalli,2026-05-21,WhatsApp/SMS,Reached; counselled,ASHA,FAC024,E0004958,General adherence
OUT0005479,OUP0002428,Sai Rao,9717427147,Rajapur,2026-03-17,Phone call,Reached; counselled,CHO,FAC006,E0004960,General adherence
OUT0005480,OUP0002428,Sai Rao,9717427147,RAJAPUR,2026-04-08,Phone call,Family member reached,CHO,FAC006,E0004960,Review visit
OUT0005481,OUP0002428,Sai Rao,,Rajapur,2026-03-28,Home visit,Phone switched off,ASHA,FAC006,E0004960,General adherence
OUT0005482,OUP0002429,Lakshmi Shekar,9811644807,Vemula,2026-07-29,Phone call,Reached; promised follow-up,CHO,FAC008,E0004962,Medicine pickup
OUT0005483,OUP0002429,Lakshmee Shekar,+91-98116-44807,Vemula,2026-08-02,Home visit,Reached; counselled,ASHA,FAC008,E0004962,Test completion
OUT0005484,OUP0002430,Bhavani Jangam,9004906859,Peddadinne,2026-06-17,Home visit,Reached; counselled,CHO,FAC012,E0004963,Medicine pickup
OUT0005485,OUP0002430,Bhavani Jangam,+91-90049-06859,Peddadinne,2026-07-02,Village health day reminder,Wrong number,ASHA,FAC012,E0004963,Review visit
OUT0005486,OUP0002431,Raghav Kumar,9550677034,Narayankhed,2026-04-06,Phone call,Family member reached,CHO,FAC021,E0004964,Review visit
OUT0005487,OUP0002431,Raghav Kumar,9550677034,Narayankhed,2026-04-10,Home visit,Reached; promised follow-up,CHO,FAC021,E0004964,Medicine pickup
OUT0005488,OUP0002432,Naresh Narsimha,,Gundlapally,2026-03-12,Home visit,Reached; counselled,ASHA,FAC010,E0004965,Review visit
OUT0005489,OUP0002432,Naresh,+91-96946-93365,Gundlapall,2026-03-26,Village health day reminder,Family member reached,CHO,FAC010,E0004965,Medicine pickup
OUT0005490,OUP0002432,Naresh Narsimha,9694693365,GUNDLAPALLY,2026-03-16,Home visit,Phone switched off,CHO,FAC010,E0004965,General adherence
OUT0005491,OUP0002433,Mohan Reddy,9046962858,Nomula,2026-05-15,Phone call,Reached; counselled,ASHA,FAC016,E0004967,General adherence
OUT0005492,OUP0002433,Mohan Reddy,9046962858,NOMULA,2026-05-20,Home visit,Reached; counselled,ASHA,FAC016,E0004967,Review visit
OUT0005493,OUP0002434,Praveen Laxman,9866510603,Midjil,2026-02-03,WhatsApp/SMS,No answer,ASHA,FAC007,E0004968,Test completion
OUT0005494,OUP0002434,Praveen Laxman,9866510603,Midjil,2026-07-12,Phone call,Family member reached,CHO,FAC009,E0004969,Medicine pickup
OUT0005495,OUP0002434,Praveen,+91-98665-10603,Midjil,2026-07-18,Home visit,Wrong number,CHO,FAC009,E0004969,Test completion
OUT0005496,OUP0002435,Anitha Naik,+91-95182-93686,Jharasangam,2026-05-03,Home visit,Reached; counselled,CHO,FAC023,E0004973,Review visit
OUT0005497,OUP0002436,Kiran Yadav,+91-92066-89255,Bhanur,2026-04-09,Phone call,Family member reached,ASHA,FAC026,E0004975,Medicine pickup
OUT0005498,OUP0002437,Renuka Devi,9789787594,Velpula,2026-06-05,Home visit,Reached; promised follow-up,ASHA,FAC009,E0004977,General adherence
OUT0005499,OUP0002437,Renuka Devi,9789787594,Velpula,2026-06-09,Phone call,No answer,ASHA,FAC009,E0004977,General adherence
OUT0005500,OUP0002438,Kavitha Mudiraj,+91-94922-31334,Jharasangam,2026-06-30,Phone call,Family member reached,CHO,FAC023,E0004978,Medicine pickup
OUT0005501,OUP0002438,Kavitha Mudiraj,9492231334,Jharasangam,2026-06-26,Home visit,Reached; promised follow-up,ASHA,FAC023,E0004978,Medicine pickup
OUT0005502,OUP0002439,Raju Rao,,Donur,2026-02-26,Village health day reminder,Family member reached,ASHA,FAC007,E0004980,Medicine pickup
OUT0005503,OUP0002440,Rani Laxman,9723803999,Nomula,2026-03-04,Home visit,Family member reached,ASHA,FAC016,E0004982,Medicine pickup
OUT0005504,OUP0002441,Arun Mallaiah,9119127850,KOHIR,2026-06-26,Phone call,Reached; counselled,ASHA,FAC024,E0004984,General adherence
OUT0005505,OUP0002441,Arun Mallaiah,9119127850,Kohir,2026-07-03,Home visit,Patient unavailable,CHO,FAC024,E0004984,General adherence
OUT0005506,OUP0002441,Arun Mallaiah,9119127850,Kohir,2026-07-16,Phone call,Family member reached,CHO,FAC022,E0004985,General adherence
OUT0005507,OUP0002441,Arun Mallaiah,,Kohir,2026-07-19,Phone call,Reached; counselled,CHO,FAC022,E0004985,Test completion
OUT0005508,OUP0002441,Arun Mallaiah,9119127850,Kohir,2026-07-24,Phone call,Patient unavailable,CHO,FAC022,E0004985,Medicine pickup
OUT0005509,OUP0002442,Srinivas Reddy,9807983995,Ameenpur,2026-08-23,Home visit,Family member reached,CHO,FAC025,E0004986,Test completion
OUT0005510,OUP0002442,Srinivas Reddy,+91-98079-83995,Ameenpur,2026-08-21,Home visit,Phone switched off,ASHA,FAC025,E0004986,Test completion
OUT0005511,OUP0002443,Praveen Rao,9573389148,Bodajanampet,2026-03-23,Village health day reminder,No answer,CHO,FAC005,E0004987,Test completion
OUT0005512,OUP0002444,Padma Goud,9409233859,Vemula,2026-04-23,Phone call,Family member reached,CHO,FAC007,E0004989,General adherence
OUT0005513,OUP0002444,Padma Goud,+91-94092-33859,Vemula,2026-08-11,Phone call,Family member reached,ASHA,FAC009,E0004990,Review visit
OUT0005514,OUP0002444,Padma Goud,9409233859,Vemula,2026-07-29,Phone call,Reached; counselled,CHO,FAC009,E0004990,Medicine pickup
OUT0005515,OUP0002444,Padma Goud,9409233859,Vemula,2026-08-01,Village health day reminder,Reached; counselled,CHO,FAC009,E0004990,Medicine pickup
OUT0005516,OUP0002445,Harika Narsimha,9826156756,Kalher,2026-06-27,Phone call,Family member reached,ASHA,FAC019,E0004992,General adherence
OUT0005517,OUP0002445,Harika Narsimha,9826156756,Kalher,2026-07-04,Village health day reminder,No answer,ASHA,FAC019,E0004992,Test completion
OUT0005518,OUP0002445,Harika Narsimha,9826156756,KALHER,2026-07-21,Phone call,Phone switched off,CHO,FAC019,E0004993,General adherence
OUT0005519,OUP0002445,Harika Narsimha,9826156756,Kalher,2026-07-27,WhatsApp/SMS,Reached; counselled,ASHA,FAC019,E0004993,General adherence
OUT0005520,OUP0002445,Harika Narsimha,9826156756,Kalher,2026-08-11,WhatsApp/SMS,Reached; counselled,CHO,FAC019,E0004993,Review visit
OUT0005521,OUP0002446,Rajesh Reddy,9911869858,Balanagar,2026-08-09,Village health day reminder,Patient unavailable,CHO,FAC004,E0004996,General adherence
OUT0005522,OUP0002447,Suresh Chary,+91-93001-44683,KOHIR,2026-06-09,Home visit,Patient unavailable,CHO,FAC023,E0004997,Medicine pickup
OUT0005523,OUP0002447,Suresh Chary,9300144683,Kohir,2026-06-08,Village health day reminder,Reached; counselled,ASHA,FAC023,E0004997,Medicine pickup
OUT0005524,OUP0002447,Suresh Chary,,Kohir,2026-06-13,Home visit,Reached; promised follow-up,ASHA,FAC023,E0004997,General adherence
OUT0005525,OUP0002447,Suresh Chary,9300144683,Kohir,2026-08-06,Village health day reminder,Family member reached,CHO,FAC023,E0004998,Medicine pickup
OUT0005526,OUP0002448,Raju Devi,9367311169,Ameenpur,2026-07-03,WhatsApp/SMS,Family member reached,CHO,FAC025,E0004999,Medicine pickup
OUT0005527,OUP0002448,Raju Devi,,AMEENPUR,2026-07-12,Phone call,No answer,CHO,FAC025,E0004999,Review visit
OUT0005528,OUP0002449,Nirmala Reddy,9774732804,Devarakonda,2026-03-26,Phone call,Reached; counselled,ASHA,FAC010,E0005000,General adherence
OUT0005529,OUP0002450,Shobha Das,9240270174,Indresham,2026-08-01,Phone call,Family member reached,CHO,FAC027,E0005002,General adherence
OUT0005530,OUP0002451,Santosh Narsimha,9750264122,Jharasangam,2026-08-03,Phone call,Family member reached,CHO,FAC023,E0005005,Medicine pickup
OUT0005531,OUP0002451,Santosh,9750264122,Jharasangam,2026-08-10,Phone call,Reached; counselled,CHO,FAC023,E0005005,General adherence
OUT0005532,OUP0002452,Rghav Chary,9090020371,Patancheru,2026-07-17,Phone call,Phone switched off,ASHA,FAC027,E0005007,Medicine pickup
OUT0005533,OUP0002453,Swathi Laxman,9110706888,Badepally,2026-01-12,WhatsApp/SMS,Reached; promised follow-up,CHO,FAC001,E0005008,Review visit
OUT0005534,OUP0002454,Sreelatha Reddy,9080908811,Kalher,2026-02-28,Phone call,No answer,ASHA,FAC021,E0005010,Review visit
OUT0005535,OUP0002454,Srilatha Reddy,+91-90809-08811,Kalher,2026-03-02,Phone call,Reached; promised follow-up,CHO,FAC021,E0005010,Review visit
OUT0005536,OUP0002455,Bhavani Krishna,9645492426,Macharam,2026-08-28,Village health day reminder,Family member reached,CHO,FAC001,E0005015,Review visit
OUT0005537,OUP0002455,Bhavani Krishna,9645492426,Macharam,2026-08-12,Phone call,Patient unavailable,ASHA,FAC001,E0005015,Medicine pickup
OUT0005538,OUP0002456,Nirmala Begum,9610503749,Kummarikunta,2026-04-18,Phone call,No answer,ASHA,FAC014,E0005017,General adherence
OUT0005539,OUP0002457,Mahesh Kumar,,Gundlapall,2026-04-13,Home visit,Reached; counselled,CHO,FAC010,E0005019,Review visit
OUT0005540,OUP0002457,Mahesh Kumar,9015310440,Gundlapally,2026-04-20,Home visit,Reached; counselled,CHO,FAC010,E0005019,Test completion
OUT0005541,OUP0002457,Mahesh Kumar,9015310440,Gundlapally,2026-06-18,Home visit,Family member reached,CHO,FAC011,E0005020,Review visit
OUT0005542,OUP0002457,Mahesh Kumar,9015310440,Gundlapally,2026-07-06,Home visit,Reached; promised follow-up,ASHA,FAC011,E0005020,Medicine pickup
OUT0005543,OUP0002457,Mahesh Kumar,,Gundlapally,2026-07-14,WhatsApp/SMS,Reached; promised follow-up,CHO,FAC011,E0005020,Medicine pickup
OUT0005544,OUP0002458,Srinivas Khan,9101134345,Patancheru,2026-04-21,Phone call,Reached; promised follow-up,CHO,FAC027,E0005021,Medicine pickup
OUT0005545,OUP0002458,Srinivas Khan,,Patancheru,2026-05-01,Phone call,Reached; promised follow-up,ASHA,FAC027,E0005021,Medicine pickup
OUT0005546,OUP0002459,Sushma Kumar,9000145139,Rajapur,2026-05-12,Phone call,No answer,CHO,FAC006,E0005022,Review visit
OUT0005547,OUP0002460,Vinod Das,9534225044,Gundlapally,2026-08-23,Home visit,Reached; promised follow-up,ASHA,FAC010,E0005023,Review visit
OUT0005548,OUP0002461,Arun Rao,9802119130,Kummarikunta,2026-06-04,Home visit,Phone switched off,CHO,FAC015,E0005024,Medicine pickup
OUT0005549,OUP0002462,Mahesh Begum,+91-98911-42146,Peddadinne,2026-08-02,Phone call,Reached; counselled,ASHA,FAC010,E0005027,Review visit
OUT0005550,OUP0002463,Saritha Das,9012031678,Peddadinne,2026-02-12,Village health day reminder,Reached; counselled,ASHA,FAC011,E0005032,Review visit
OUT0005551,OUP0002463,Saritha Das,+91-90120-31678,Peddadinne,2026-02-14,WhatsApp/SMS,Wrong number,CHO,FAC011,E0005032,Test completion
OUT0005552,OUP0002464,Ramesh Begum,+91-95699-12980,Narayankhed,2026-03-09,Home visit,Reached; promised follow-up,CHO,FAC019,E0005034,General adherence
OUT0005553,OUP0002465,Srilatha Chary,9244199517,Gundlapally,2026-04-03,Village health day reminder,Family member reached,ASHA,FAC011,E0005036,Review visit
OUT0005554,OUP0002466,Deepika Khan,9656559188,Gundlapally,2026-05-22,Phone call,Reached; counselled,CHO,FAC012,E0005040,Test completion
OUT0005555,OUP0002466,Deepika Khan,9656559188,Gundlapally,2026-06-02,Village health day reminder,Family member reached,CHO,FAC012,E0005040,General adherence
OUT0005556,OUP0002466,Deepika Khan,9656559188,Gundlapally,2026-06-10,Phone call,Patient unavailable,CHO,FAC012,E0005040,Medicine pickup
OUT0005557,OUP0002467,Vinod Das,9978637807,Ameenpur,2026-02-16,Phone call,Phone switched off,ASHA,FAC027,E0005041,Medicine pickup
OUT0005558,OUP0002467,Vinod Das,,Ameenpur,2026-03-09,WhatsApp/SMS,Wrong number,ASHA,FAC027,E0005041,Review visit
OUT0005559,OUP0002468,Kiran Das,9822006158,Balanagar,2026-07-17,Village health day reminder,Family member reached,ASHA,FAC005,E0005042,General adherence
OUT0005560,OUP0002469,Kiran Mudiraj,9623370668,MACHARAM,2026-05-11,WhatsApp/SMS,Reached; promised follow-up,CHO,FAC001,E0005045,Medicine pickup
OUT0005561,OUP0002469,Kiran Mudiraj,9623570668,Macharam,2026-05-01,Village health day reminder,Patient unavailable,ASHA,FAC001,E0005045,Review visit
OUT0005562,OUP0002470,Praveen Basha,9012256954,Chandur,2026-07-17,Phone call,No answer,CHO,FAC013,E0005048,Medicine pickup
OUT0005563,OUP0002470,Prveen Basha,9012256954,Chandur,2026-07-19,Home visit,Reached; counselled,ASHA,FAC013,E0005048,Test completion
OUT0005564,OUP0002471,Nirmala Chary,9542505843,Nakrekal,2026-01-26,Phone call,Wrong number,CHO,FAC018,E0005049,Medicine pickup
OUT0005565,OUP0002471,Nirmala Chary,+91-95425-05843,Nakrekal,2026-01-21,Phone call,Reached; promised follow-up,ASHA,FAC018,E0005049,Test completion
OUT0005566,OUP0002472,sobha Reddy,9709794281,Devarakonda,2026-08-24,Home visit,Reached; counselled,ASHA,FAC010,E0005050,Medicine pickup
OUT0005567,OUP0002472,Shobha Reddy,9709794281,Devarakonda,2026-08-30,Village health day reminder,Phone switched off,ASHA,FAC010,E0005050,Test completion
OUT0005568,OUP0002472,Shobha Reddy,9709794281,Devarakonda,2026-08-25,Village health day reminder,Patient unavailable,ASHA,FAC010,E0005050,General adherence
OUT0005569,OUP0002473,Harika Rao,9507200194,Vemul,2026-03-18,Phone call,Family member reached,ASHA,FAC008,E0005051,Test completion
OUT0005570,OUP0002473,Harika Rao,9507200194,Vemula,2026-03-21,Phone call,Family member reached,ASHA,FAC008,E0005051,Test completion
OUT0005571,OUP0002474,Venkatesh Mudiraj,9664945114,Gundlapally,2026-06-07,Village health day reminder,Reached; counselled,ASHA,FAC012,E0005053,Test completion
OUT0005572,OUP0002474,Venkatesh Mudiraj,9664945114,Gundlapalli,2026-06-05,Home visit,Patient unavailable,CHO,FAC012,E0005053,Medicine pickup
OUT0005573,OUP0002475,Anil Basha,,Devarakonda,2026-03-12,Phone call,Family member reached,ASHA,FAC012,E0005056,General adherence
OUT0005574,OUP0002475,Anil Basha,9816165478,DEVARAKONDA,2026-03-15,Village health day reminder,Reached; counselled,ASHA,FAC012,E0005056,General adherence
OUT0005575,OUP0002476,Anil Reddy,9914486561,Chandur,2026-08-07,Phone call,Reached; promised follow-up,ASHA,FAC015,E0005060,Test completion
OUT0005576,OUP0002477,Shobha Kumar,9749849396,Nermata,2026-08-22,Phone call,No answer,ASHA,FAC014,E0005061,Medicine pickup
OUT0005577,OUP0002477,Shobha,9749849396,NERMATA,2026-09-01,Home visit,Wrong number,ASHA,FAC014,E0005061,Review visit
OUT0005578,OUP0002477,Shobh Kumar,9749849396,Nermata,2026-08-21,Village health day reminder,Patient unavailable,ASHA,FAC014,E0005061,General adherence
OUT0005579,OUP0002478,Swathi Mudiraj,9971275654,Macharam,2026-06-02,Home visit,Wrong number,CHO,FAC002,E0005064,Review visit
OUT0005580,OUP0002478,Swthi Mudiraj,9971275654,Macharam,2026-06-02,Phone call,Wrong number,ASHA,FAC002,E0005064,Review visit
OUT0005581,OUP0002478,Swathi Mudiraj,9971275654,Macharam,2026-05-26,Phone call,Reached; counselled,CHO,FAC002,E0005064,Review visit
OUT0005582,OUP0002479,Sushma Reddy,9890943448,Kallepally,2026-03-27,Phone call,Phone switched off,CHO,FAC006,E0005069,Test completion
OUT0005583,OUP0002479,Sushma Reddy,9890943448,Kallepally,2026-03-22,Phone call,Family member reached,CHO,FAC006,E0005069,Medicine pickup
OUT0005584,OUP0002479,Sushma Reddy,,Kallepalli,2026-04-03,Home visit,Reached; promised follow-up,ASHA,FAC006,E0005069,Medicine pickup
OUT0005585,OUP0002480,Ravi Basha,9977555027,Narayankhed,2026-07-30,Phone call,Family member reached,ASHA,FAC021,E0005071,General adherence
OUT0005586,OUP0002480,Ravi Basha,9977555027,Narayankhed,2026-07-28,Home visit,Reached; promised follow-up,CHO,FAC021,E0005071,General adherence
OUT0005587,OUP0002480,Rawi Basha,9978555027,Narayankhed,2026-08-01,WhatsApp/SMS,Wrong number,ASHA,FAC021,E0005071,Review visit
OUT0005588,OUP0002480,Ravi Basha,9977555027,Narayankhed,2026-08-24,WhatsApp/SMS,Phone switched off,ASHA,FAC021,E0005072,Medicine pickup
OUT0005589,OUP0002480,Ravi Basa,9977555027,Narayankhed,2026-08-21,Phone call,Phone switched off,CHO,FAC021,E0005072,General adherence
OUT0005590,OUP0002481,Shankar Naik,9194003088,Indresham,2026-05-05,Phone call,Family member reached,ASHA,FAC025,E0005075,Medicine pickup
OUT0005591,OUP0002481,Shankar Naik,+91-91940-03088,INDRESHAM,2026-05-18,Phone call,Reached; counselled,ASHA,FAC025,E0005075,Medicine pickup
OUT0005592,OUP0002482,Ramesh Kumar,+91-98602-00937,Mogudampally,2026-05-02,WhatsApp/SMS,Reached; counselled,CHO,FAC023,E0005076,Test completion
OUT0005593,OUP0002483,Swathi Devi,9874036671,Nermata,2026-07-23,Phone call,Reached; counselled,CHO,FAC013,E0005077,Review visit
OUT0005594,OUP0002484,Kiran Patel,9709012553,Nermata,2026-07-27,Home visit,Family member reached,ASHA,FAC014,E0005078,Medicine pickup
OUT0005595,OUP0002484,Kiran Patel,9709012553,Nermata,2026-07-29,Village health day reminder,Reached; counselled,ASHA,FAC014,E0005078,Medicine pickup
OUT0005596,OUP0002485,Lalitha Khan,9148265036,Velpula,2026-08-04,WhatsApp/SMS,Wrong number,ASHA,FAC007,E0005080,Test completion
OUT0005597,OUP0002486,Kiran Naik,9140084354,Polepally,2026-01-20,Phone call,Reached; counselled,ASHA,FAC002,E0005084,Review visit
OUT0005598,OUP0002486,Kiran Naik,9140084354,Polepally,2026-02-07,Village health day reminder,No answer,ASHA,FAC002,E0005084,Medicine pickup
OUT0005599,OUP0002486,Kiran Naik,+91-91400-84354,Polepally,2026-01-28,Phone call,No answer,CHO,FAC002,E0005084,Test completion
OUT0005600,OUP0002487,Praveen Mallaiah,9776988209,Marrur,2026-08-21,Phone call,Reached; counselled,CHO,FAC016,E0005085,General adherence
OUT0005601,OUP0002488,Swathi Yadav,9118859467,Jharasangam,2026-02-26,Home visit,Family member reached,ASHA,FAC023,E0005089,Review visit
OUT0005602,OUP0002488,Swathi Yadav,9118859467,Jharasangam,2026-03-10,Home visit,No answer,CHO,FAC023,E0005089,General adherence
OUT0005603,OUP0002488,Swathi Yadav,9118859467,JHARASANGAM,2026-03-17,Home visit,Patient unavailable,ASHA,FAC023,E0005089,Medicine pickup
OUT0005604,OUP0002489,Rajesh Goud,9964857979,Macharam,2026-02-17,Home visit,Reached; counselled,CHO,FAC001,E0005093,Test completion
OUT0005605,OUP0002490,Deepika Devi,9277694510,Velpul,2026-07-22,WhatsApp/SMS,Family member reached,CHO,FAC009,E0005095,General adherence
OUT0005606,OUP0002491,Srilatha Mallaiah,9929645718,Velpula,2026-04-04,Phone call,Family member reached,ASHA,FAC009,E0005096,Test completion
OUT0005607,OUP0002491,Srilatha Mallaiah,9929645768,Velpula,2026-04-15,WhatsApp/SMS,Reached; promised follow-up,CHO,FAC009,E0005096,Test completion
OUT0005608,OUP0002491,Srilatha Mallaiah,+91-99296-45718,Velpula,2026-04-05,Phone call,Phone switched off,ASHA,FAC009,E0005096,General adherence
OUT0005609,OUP0002492,Kawitha Patel,9845049632,Midjil,2026-07-31,Home visit,Family member reached,CHO,FAC007,E0005097,Test completion
OUT0005610,OUP0002493,Anitha,9273009268,PATANCHERU,2026-07-26,Village health day reminder,Reached; promised follow-up,CHO,FAC027,E0005098,Medicine pickup
OUT0005611,OUP0002493,Anita Patel,9273009268,Patancheru,2026-07-21,WhatsApp/SMS,Reached; counselled,CHO,FAC027,E0005098,Review visit
OUT0005612,OUP0002494,Divya Das,9440082891,Indresham,2026-04-05,Village health day reminder,Reached; promised follow-up,ASHA,FAC027,E0005099,Medicine pickup
OUT0005613,OUP0002494,Divya Das,,Indresham,2026-04-08,Phone call,Reached; counselled,CHO,FAC027,E0005099,Medicine pickup
OUT0005614,OUP0002494,Divya Das,9440082891,Indresham,2026-04-07,WhatsApp/SMS,Phone switched off,CHO,FAC027,E0005099,General adherence
OUT0005615,OUP0002495,Deepika Rao,+91-93897-56773,Zaheerabad,2026-02-09,Village health day reminder,Reached; counselled,CHO,FAC024,E0005100,Review visit
OUT0005616,OUP0002495,Deepika Rao,9389756773,Zaheerabad,2026-02-11,WhatsApp/SMS,Reached; counselled,ASHA,FAC024,E0005100,Test completion
OUT0005617,OUP0002495,Deepik Rao,9389756773,Zaheerabad,2026-02-06,Home visit,Reached; promised follow-up,CHO,FAC024,E0005100,Test completion
OUT0005618,OUP0002496,Swathi Mallaiah,9379095882,Midjil,2026-02-17,Phone call,Reached; counselled,ASHA,FAC008,E0005102,Review visit
OUT0005619,OUP0002496,Swathi,9379095882,Midjil,2026-02-28,Phone call,Wrong number,ASHA,FAC008,E0005102,Review visit
OUT0005620,OUP0002497,Shankar Patel,9487308759,Kallepally,2026-05-09,WhatsApp/SMS,Family member reached,CHO,FAC004,E0005104,Medicine pickup
OUT0005621,OUP0002497,sankar Patel,9487308759,Kallepally,2026-05-13,Home visit,Reached; promised follow-up,CHO,FAC004,E0005104,Test completion
OUT0005622,OUP0002497,Shankar Patel,+91-94873-08759,Kallepally,2026-05-26,Phone call,Reached; promised follow-up,CHO,FAC004,E0005104,Medicine pickup
OUT0005623,OUP0002498,Ravi Jangam,9990760934,Nomula,2026-05-25,Village health day reminder,Family member reached,CHO,FAC017,E0005105,General adherence
OUT0005624,OUP0002498,Ravi Jangam,+91-99907-60934,NOMULA,2026-05-22,WhatsApp/SMS,Reached; counselled,CHO,FAC017,E0005105,Medicine pickup
OUT0005625,OUP0002499,Saritha Shekar,+91-92027-94768,Kummarikunta,2026-08-05,Home visit,Wrong number,CHO,FAC014,E0005106,Review visit
OUT0005626,OUP0002500,Venkatesh Narsimha,9335924259,Vemula,2026-06-25,Phone call,Family member reached,CHO,FAC009,E0005109,Review visit
OUT0005627,OUP0002501,Bhavani Yadav,+91-95434-49364,Kondamallepally,2026-02-06,Home visit,Reached; promised follow-up,CHO,FAC010,E0005113,Medicine pickup
OUT0005628,OUP0002502,Srinivas Krishna,,Midjil,2026-03-28,Village health day reminder,Reached; promised follow-up,CHO,FAC007,E0005115,Review visit
OUT0005629,OUP0002502,Srinivs Krishna,9370047975,Midjil,2026-05-22,Phone call,Patient unavailable,CHO,FAC008,E0005116,Test completion
OUT0005630,OUP0002502,Srinivas Krishna,9370047975,Midjil,2026-05-30,Home visit,Reached; counselled,ASHA,FAC008,E0005116,Test completion
OUT0005631,OUP0002503,Deepika Patel,9432421958,Chandur,2026-07-29,WhatsApp/SMS,No answer,ASHA,FAC013,E0005119,Test completion
OUT0005632,OUP0002503,Deepika Patel,,Chandur,2026-07-31,WhatsApp/SMS,Wrong number,ASHA,FAC013,E0005119,Test completion
OUT0005633,OUP0002503,Deepika Patel,9432421958,Chandur,2026-08-17,Home visit,Family member reached,CHO,FAC013,E0005119,Medicine pickup
OUT0005634,OUP0002504,Srinivas Kumar,9230323516,Nomula,2026-06-08,Home visit,Phone switched off,ASHA,FAC017,E0005120,Test completion
OUT0005635,OUP0002504,Srinivas Kumar,+91-96303-23516,Nomul,2026-06-20,Phone call,Reached; counselled,CHO,FAC017,E0005120,Review visit
OUT0005636,OUP0002504,Srinivas Kumar,9630323516,Nomula,2026-06-18,Phone call,Wrong number,ASHA,FAC017,E0005120,Test completion
OUT0005637,OUP0002505,Naresh Mallaiah,9386286923,Nomula,2026-08-01,Phone call,Reached; promised follow-up,CHO,FAC016,E0005122,Review visit
OUT0005638,OUP0002506,Raju Yadav,9700513065,KOHIR,2026-03-30,Phone call,Reached; promised follow-up,CHO,FAC023,E0005123,Medicine pickup
OUT0005639,OUP0002506,Raju Yadav,9700513065,KOHIR,2026-04-12,Phone call,No answer,ASHA,FAC023,E0005123,Test completion
OUT0005640,OUP0002507,Rajesh Khan,9613569399,Kalher,2026-03-23,WhatsApp/SMS,Reached; counselled,CHO,FAC021,E0005125,Medicine pickup
OUT0005641,OUP0002507,Rajesh Khan,9613569399,Kalher,2026-03-27,Phone call,Reached; counselled,ASHA,FAC021,E0005125,Test completion
OUT0005642,OUP0002508,Bhavani Khan,9784517572,Chandur,2026-04-11,Phone call,Reached; promised follow-up,ASHA,FAC015,E0005126,General adherence
OUT0005643,OUP0002508,Bhavani Khan,9784517572,Chandur,2026-04-18,WhatsApp/SMS,Wrong number,CHO,FAC015,E0005126,Test completion
OUT0005644,OUP0002508,Bhavani Khan,,CHANDUR,2026-04-24,Village health day reminder,Family member reached,ASHA,FAC015,E0005126,Test completion
OUT0005645,OUP0002509,Sushma Shekar,9646952331,Bhanur,2026-04-08,Phone call,Family member reached,CHO,FAC025,E0005128,Medicine pickup
OUT0005646,OUP0002509,Sushma Shekar,+91-96469-52331,Bhanur,2026-06-10,Home visit,Reached; counselled,CHO,FAC027,E0005129,Review visit
OUT0005647,OUP0002510,Naveen Devi,9997005995,Jharasangam,2026-05-12,Home visit,Reached; promised follow-up,CHO,FAC023,E0005132,Review visit
OUT0005648,OUP0002510,Naveen Devi,9997005995,Jharasangam,2026-05-28,Phone call,Wrong number,ASHA,FAC023,E0005132,Review visit
OUT0005649,OUP0002511,Saritha Jangam,9288593085,Bangarigadda,2026-03-30,WhatsApp/SMS,Reached; counselled,ASHA,FAC015,E0005133,Test completion
OUT0005650,OUP0002511,Saritha Jangam,9588593055,Bangarigadda,2026-04-01,Phone call,Wrong number,CHO,FAC015,E0005133,Medicine pickup
OUT0005651,OUP0002512,Mahesh Mudiraj,9266004239,Marrur,2026-05-12,Home visit,Reached; promised follow-up,ASHA,FAC016,E0005134,Medicine pickup
OUT0005652,OUP0002512,Mhesh Mudiraj,9266004239,Marrur,2026-05-30,Phone call,Reached; promised follow-up,ASHA,FAC016,E0005134,Test completion
OUT0005653,OUP0002513,Venkates Begum,9412953620,Kummarikunta,2026-01-24,Village health day reminder,Reached; counselled,ASHA,FAC013,E0005136,General adherence
OUT0005654,OUP0002514,Shobha Mallaiah,9880942383,Kallepally,2026-06-26,Village health day reminder,Reached; counselled,ASHA,FAC005,E0005139,Review visit
OUT0005655,OUP0002514,sobha Mallaiah,9880942383,Kallepally,2026-07-13,Home visit,Reached; counselled,CHO,FAC006,E0005140,Medicine pickup
OUT0005656,OUP0002514,Shobha Mallaiah,,Kallepally,2026-07-14,Phone call,Reached; promised follow-up,ASHA,FAC006,E0005140,Medicine pickup
OUT0005657,OUP0002515,Lakshmi Patel,9342780062,Bangarigadda,2026-04-16,Village health day reminder,Family member reached,ASHA,FAC014,E0005142,General adherence
OUT0005658,OUP0002515,Lakshmi Patel,+91-93427-80062,Bangarigadda,2026-04-01,WhatsApp/SMS,Family member reached,CHO,FAC014,E0005142,General adherence
OUT0005659,OUP0002515,Lakshmi Patel,9342780062,Bangarigadda,2026-05-02,Home visit,Family member reached,ASHA,FAC013,E0005143,General adherence
OUT0005660,OUP0002516,Mahesh Reddy,9597559440,Manoor,2026-01-06,Phone call,Reached; counselled,ASHA,FAC019,E0005144,Review visit
OUT0005661,OUP0002517,Mohan Kumar,9658784281,Midji,2026-06-20,WhatsApp/SMS,Reached; promised follow-up,CHO,FAC008,E0005145,Medicine pickup
OUT0005662,OUP0002517,Mohan Kumar,9658784211,Midjil,2026-06-22,WhatsApp/SMS,Reached; counselled,CHO,FAC008,E0005145,Medicine pickup
OUT0005663,OUP0002517,Mohan Kumar,9658784281,MIDJIL,2026-08-04,WhatsApp/SMS,Family member reached,ASHA,FAC009,E0005146,Medicine pickup
OUT0005664,OUP0002518,Nirmala Chary,9547670805,Kallepally,2026-05-16,Home visit,No answer,CHO,FAC004,E0005148,Test completion
OUT0005665,OUP0002518,Nirmala Chary,,Kallepally,2026-05-18,Phone call,Reached; promised follow-up,CHO,FAC004,E0005148,General adherence
OUT0005666,OUP0002518,Nirmala Chary,9547670805,Kallepally,2026-05-20,Phone call,Reached; promised follow-up,ASHA,FAC004,E0005148,Review visit
OUT0005667,OUP0002519,Swathee Begum,9604894286,Patancheru,2026-06-08,Home visit,No answer,CHO,FAC026,E0005149,Test completion
OUT0005668,OUP0002519,Swathi Begum,9604854286,Patancheru,2026-06-11,Home visit,Reached; counselled,CHO,FAC026,E0005149,Medicine pickup
OUT0005669,OUP0002520,Sai Narsimha,9790433110,Zaheerabad,2026-08-07,Phone call,Family member reached,ASHA,FAC023,E0005152,Test completion
OUT0005670,OUP0002520,Sai Narsimha,+91-97904-33140,Zaheerabad,2026-08-16,Village health day reminder,Reached; counselled,CHO,FAC023,E0005152,Test completion
OUT0005671,OUP0002520,Sai Narsimha,9790433140,Zaheerabad,2026-08-12,Phone call,Reached; counselled,ASHA,FAC023,E0005152,Review visit
OUT0005672,OUP0002521,Rajesh Mallaiah,9741622239,Polepally,2026-04-08,Phone call,Reached; counselled,CHO,FAC001,E0005153,General adherence
OUT0005673,OUP0002521,Rajes Mallaiah,9741622239,Polepally,2026-04-09,Phone call,Phone switched off,ASHA,FAC001,E0005153,Test completion
OUT0005674,OUP0002522,Anjali Jangam,9725364744,Patancheru,2026-05-23,Home visit,Reached; counselled,CHO,FAC027,E0005154,General adherence
OUT0005675,OUP0002522,Anjali Jangam,9725364744,Patancheru,2026-06-04,Phone call,Family member reached,CHO,FAC027,E0005154,Medicine pickup
OUT0005676,OUP0002523,Rni Reddy,9094842766,Macharam,2026-09-01,WhatsApp/SMS,Phone switched off,CHO,FAC002,E0005156,Review visit
OUT0005677,OUP0002524,Padma Kumar,9722846121,Kangti,2026-03-25,Home visit,Reached; promised follow-up,CHO,FAC019,E0005158,Test completion
OUT0005678,OUP0002524,Padma Kumar,9728846181,Kangti,2026-03-31,WhatsApp/SMS,Reached; counselled,CHO,FAC019,E0005158,Medicine pickup
OUT0005679,OUP0002524,Padma Kumar,9722846181,Kangti,2026-03-29,Home visit,No answer,CHO,FAC019,E0005158,Medicine pickup
OUT0005680,OUP0002525,Jyothi Mallaiah,9141247565,Kallepally,2026-04-17,Village health day reminder,Reached; promised follow-up,ASHA,FAC006,E0005161,General adherence
OUT0005681,OUP0002525,Jyothi Mallaiah,9141247565,Kallepally,2026-04-28,WhatsApp/SMS,Patient unavailable,ASHA,FAC006,E0005161,Medicine pickup
OUT0005682,OUP0002525,Jyothi Mallaiah,9141247565,Kallepally,2026-04-27,Phone call,Reached; promised follow-up,CHO,FAC006,E0005161,Review visit
OUT0005683,OUP0002526,Kiran Naik,,Kangti,2026-03-13,Home visit,Reached; promised follow-up,ASHA,FAC021,E0005164,General adherence
OUT0005684,OUP0002526,Kiran Naik,9694814414,Kangti,2026-03-16,Phone call,No answer,ASHA,FAC021,E0005164,Medicine pickup
OUT0005685,OUP0002526,Kiran Naik,9694814414,Kangti,2026-04-02,Phone call,Reached; counselled,ASHA,FAC021,E0005164,General adherence
OUT0005686,OUP0002527,Anil Kumar,+91-99534-11106,Polepally,2026-07-25,Home visit,Wrong number,CHO,FAC001,E0005165,General adherence
OUT0005687,OUP0002528,Navin Chary,9839981360,Nermata,2026-04-08,Phone call,Reached; promised follow-up,ASHA,FAC013,E0005166,General adherence
OUT0005688,OUP0002528,Naveen Chary,+91-98399-81360,Nermata,2026-04-16,Home visit,Phone switched off,ASHA,FAC013,E0005166,General adherence
OUT0005689,OUP0002529,Veenod Chary,9947532649,Kummarikunta,2026-06-26,Home visit,Reached; promised follow-up,CHO,FAC013,E0005167,Test completion
OUT0005690,OUP0002529,Vinod Chary,,Kummarikunta,2026-06-14,Home visit,Reached; promised follow-up,CHO,FAC013,E0005167,Review visit
OUT0005691,OUP0002530,Srilatha Goud,9722744459,Badepally,2026-03-27,Phone call,Reached; promised follow-up,ASHA,FAC001,E0005170,General adherence
OUT0005692,OUP0002530,Srilatha Goud,,Badepally,2026-03-22,Phone call,No answer,ASHA,FAC001,E0005170,Medicine pickup
OUT0005693,OUP0002530,Srilatha Goud,9722744459,BADEPALLY,2026-04-17,Home visit,Family member reached,ASHA,FAC001,E0005170,Test completion
OUT0005694,OUP0002531,Saritha Khan,+91-90952-60879,Donur,2026-03-04,Phone call,Reached; counselled,CHO,FAC008,E0005174,Test completion
OUT0005695,OUP0002531,Saritha Khan,9095260879,Donur,2026-03-07,WhatsApp/SMS,Phone switched off,ASHA,FAC008,E0005174,General adherence
OUT0005696,OUP0002531,Saritha Khan,9095260879,Donur,2026-03-24,Phone call,Reached; promised follow-up,ASHA,FAC008,E0005174,Test completion
OUT0005697,OUP0002532,Saritha Chary,9295519768,Manoor,2026-01-12,Home visit,Family member reached,CHO,FAC019,E0005175,Test completion
OUT0005698,OUP0002532,Saritha Chary,9295519768,Manoor,2026-01-10,Phone call,Reached; promised follow-up,CHO,FAC019,E0005175,Medicine pickup
OUT0005699,OUP0002533,Rani Mallaiah,9253670493,Kalher,2026-05-11,Phone call,Reached; counselled,ASHA,FAC021,E0005178,Medicine pickup
OUT0005700,OUP0002534,Swathi Kumar,9262213655,Jharasangam,2026-01-10,Village health day reminder,Reached; counselled,ASHA,FAC023,E0005179,Medicine pickup
OUT0005701,OUP0002535,Harika Mallaiah,9783576576,Marru,2026-07-17,WhatsApp/SMS,Wrong number,ASHA,FAC016,E0005182,Review visit
OUT0005702,OUP0002535,Harika Mallaiah,9783576576,Marrur,2026-07-26,Home visit,Reached; counselled,CHO,FAC016,E0005182,General adherence
OUT0005703,OUP0002536,Srilatha Jangam,9488255599,Kondamallepally,2026-05-25,Phone call,Patient unavailable,CHO,FAC011,E0005183,Review visit
OUT0005704,OUP0002536,Srilatha Jangam,9488255599,Kondamallepally,2026-05-28,Village health day reminder,Phone switched off,ASHA,FAC011,E0005183,General adherence
OUT0005705,OUP0002536,Srilatha Jangam,9488255599,Kondamallepalli,2026-06-02,Phone call,Family member reached,CHO,FAC011,E0005183,Medicine pickup
OUT0005706,OUP0002537,Deepik Yadav,9833938900,Velpula,2026-05-30,Village health day reminder,Reached; counselled,CHO,FAC008,E0005185,Medicine pickup
OUT0005707,OUP0002537,Deepika,9833938900,Velpula,2026-05-28,Home visit,Wrong number,ASHA,FAC008,E0005185,Medicine pickup
OUT0005708,OUP0002538,Divya Shekar,9067137295,Ameenpur,2026-01-23,Home visit,Wrong number,CHO,FAC027,E0005186,Medicine pickup
OUT0005709,OUP0002538,Divya Shekar,9067137295,Ameenpur,2026-02-06,Home visit,Patient unavailable,CHO,FAC027,E0005186,Test completion
OUT0005710,OUP0002538,Divya Shekar,9067137295,Ameenpur,2026-06-13,Home visit,Phone switched off,ASHA,FAC027,E0005187,General adherence
OUT0005711,OUP0002539,Raghav Goud,9679735833,Marrur,2026-05-24,Village health day reminder,No answer,CHO,FAC018,E0005188,Medicine pickup
OUT0005712,OUP0002539,Raghav Goud,9679735833,Marrur,2026-05-25,Phone call,Reached; counselled,ASHA,FAC018,E0005188,Test completion
OUT0005713,OUP0002539,Raghav Goud,9679735833,Marrur,2026-05-23,Phone call,Family member reached,ASHA,FAC018,E0005188,Medicine pickup
OUT0005714,OUP0002539,Raghav Goud,9679735833,MARRUR,2026-07-01,WhatsApp/SMS,Patient unavailable,ASHA,FAC016,E0005189,General adherence
OUT0005715,OUP0002540,Rajesh Mudiraj,9884500154,Indresham,2026-05-14,Phone call,No answer,ASHA,FAC027,E0005190,Medicine pickup
OUT0005716,OUP0002541,Srinivas Yadav,9926641307,Ameenpur,2026-08-09,WhatsApp/SMS,Reached; promised follow-up,ASHA,FAC027,E0005192,Review visit
OUT0005717,OUP0002541,Srinivas Yadav,9926641307,Ameenpur,2026-08-13,Home visit,Family member reached,CHO,FAC027,E0005192,Test completion
OUT0005718,OUP0002541,Srinivas Yadav,9926641307,Ameenpur,2026-08-26,Phone call,Family member reached,ASHA,FAC027,E0005192,Review visit
OUT0005719,OUP0002542,Mohan Yadav,9366889760,Zaheerabad,2026-08-17,Phone call,Family member reached,CHO,FAC024,E0005193,Medicine pickup
OUT0005720,OUP0002542,Mohan Yadav,9366889760,ZAHEERABAD,2026-08-13,WhatsApp/SMS,Reached; counselled,CHO,FAC024,E0005193,Review visit
OUT0005721,OUP0002542,Mohan Yadav,9366889760,Zaheerabad,2026-08-12,Phone call,No answer,CHO,FAC024,E0005193,Review visit
OUT0005722,OUP0002543,Lalitha Basha,9974978381,Manoor,2026-02-11,Home visit,Family member reached,ASHA,FAC020,E0005194,Test completion
OUT0005723,OUP0002543,Lalitha Basha,9976978381,Manoor,2026-03-05,Phone call,Reached; counselled,ASHA,FAC020,E0005194,Test completion
OUT0005724,OUP0002543,Lalitha Basha,9974978381,Manoo,2026-02-15,WhatsApp/SMS,No answer,CHO,FAC020,E0005194,General adherence
OUT0005725,OUP0002544,Ravi Jangam,9808389420,Chandur,2026-05-28,Home visit,Reached; promised follow-up,ASHA,FAC015,E0005196,Review visit
OUT0005726,OUP0002544,Ravi Jangam,9808389420,Chandur,2026-06-03,Home visit,Reached; counselled,ASHA,FAC015,E0005196,General adherence
OUT0005727,OUP0002544,Ravi Jangam,9808389420,Chandur,2026-06-04,Phone call,Phone switched off,ASHA,FAC015,E0005196,Test completion
OUT0005728,OUP0002545,Renuka Shekar,9264644288,Macharam,2026-06-29,Phone call,Phone switched off,CHO,FAC001,E0005201,Test completion
OUT0005729,OUP0002545,Renuka Shekar,9234644288,Macharam,2026-07-03,Phone call,Reached; counselled,CHO,FAC001,E0005201,Test completion
OUT0005730,OUP0002545,Renuka Shekar,9264644288,Macharam,2026-07-05,Home visit,Reached; promised follow-up,CHO,FAC001,E0005201,Test completion
OUT0005731,OUP0002545,Renuka Shekar,+91-92646-44288,Macharam,2026-08-18,Home visit,No answer,CHO,FAC003,E0005203,General adherence
OUT0005732,OUP0002545,Renuka Shekar,9264644288,MACHARAM,2026-08-19,Village health day reminder,Patient unavailable,ASHA,FAC003,E0005203,Medicine pickup
OUT0005733,OUP0002546,Anjali Begum,9916614296,MANGALAPALLY,2026-08-13,Phone call,Family member reached,CHO,FAC017,E0005205,Test completion
OUT0005734,OUP0002546,Anjali Begum,,Mangalapally,2026-08-11,Phone call,Reached; promised follow-up,ASHA,FAC017,E0005205,General adherence
OUT0005735,OUP0002546,Anjali Begum,9918614296,MANGALAPALLY,2026-08-21,Village health day reminder,Family member reached,CHO,FAC017,E0005205,Medicine pickup
OUT0005736,OUP0002547,Rajesh,9698296860,Narayankhed,2026-03-16,Home visit,Reached; counselled,ASHA,FAC021,E0005209,General adherence
OUT0005737,OUP0002547,Rajesh,9698296860,Narayankhed,2026-03-17,Village health day reminder,Reached; promised follow-up,CHO,FAC021,E0005209,Test completion
OUT0005738,OUP0002548,Rajesh,9300319851,Kalher,2026-04-23,Home visit,Family member reached,CHO,FAC020,E0005210,Medicine pickup
OUT0005739,OUP0002548,Rajesh Patel,9300319851,Kalher,2026-04-21,Phone call,Family member reached,ASHA,FAC020,E0005210,Medicine pickup
OUT0005740,OUP0002549,Suresh Mallaiah,9362552484,Bodajanampet,2026-07-02,Phone call,Reached; promised follow-up,ASHA,FAC006,E0005211,General adherence
OUT0005741,OUP0002550,Srilatha Mallaiah,9574210969,Bangarigadda,2026-06-11,Phone call,Reached; counselled,ASHA,FAC014,E0005212,Medicine pickup
OUT0005742,OUP0002550,Srilatha Mallaiah,9574210969,Bangarigadda,2026-06-23,WhatsApp/SMS,Reached; promised follow-up,ASHA,FAC014,E0005212,Review visit
OUT0005743,OUP0002551,Divya Jangam,9766289737,Zaheerabad,2026-03-09,Phone call,Reached; promised follow-up,CHO,FAC024,E0005213,Test completion
OUT0005744,OUP0002551,Divya Jangam,9766289737,Zaheerabad,2026-03-02,Phone call,Reached; promised follow-up,ASHA,FAC024,E0005213,Test completion
OUT0005745,OUP0002552,Saritha Chary,9567368101,Mangalapally,2026-05-27,Phone call,Reached; counselled,CHO,FAC016,E0005215,Medicine pickup
OUT0005746,OUP0002552,Saritha Chary,9567368101,Mangalapally,2026-05-30,Home visit,Reached; promised follow-up,ASHA,FAC016,E0005215,Test completion
OUT0005747,OUP0002553,Srilatha Reddy,9172623848,Midjil,2026-03-15,Home visit,Phone switched off,ASHA,FAC008,E0005216,Test completion
OUT0005748,OUP0002554,Bhavani Devi,9822195754,Midjil,2026-01-21,WhatsApp/SMS,Reached; counselled,CHO,FAC008,E0005217,Test completion
OUT0005749,OUP0002554,Bhavani Devi,9822195754,Midji,2026-01-26,Home visit,Wrong number,ASHA,FAC008,E0005217,General adherence
OUT0005750,OUP0002554,Bhavani Devi,9822195754,Midjil,2026-01-31,Home visit,Family member reached,ASHA,FAC008,E0005217,Test completion
OUT0005751,OUP0002555,Praveen Jangam,9037126948,Kummarikunta,2026-04-01,WhatsApp/SMS,Reached; counselled,ASHA,FAC013,E0005218,Test completion
OUT0005752,OUP0002555,Praveen Jangam,,Kummarikunta,2026-03-30,Village health day reminder,No answer,ASHA,FAC013,E0005218,General adherence
OUT0005753,OUP0002556,Srilatha Devi,9538126322,Devarakonda,2026-08-02,Phone call,Phone switched off,CHO,FAC011,E0005219,Review visit
OUT0005754,OUP0002556,Srilatha Devi,9538126352,Devarakonda,2026-08-19,Phone call,Family member reached,CHO,FAC010,E0005220,General adherence
OUT0005755,OUP0002556,Sriltha Devi,9538126322,Devarakond,2026-08-27,Home visit,Phone switched off,CHO,FAC010,E0005220,Review visit
OUT0005756,OUP0002556,Srilatha Devi,9538126322,DEVARAKONDA,2026-08-27,Phone call,Patient unavailable,CHO,FAC010,E0005220,Test completion
OUT0005757,OUP0002557,Lakshmi Reddy,9025598456,Devarakonda,2026-04-14,Home visit,Family member reached,ASHA,FAC012,E0005221,Medicine pickup
OUT0005758,OUP0002557,Lakshmi Reddy,9025598456,Devarakonda,2026-04-15,Phone call,Reached; promised follow-up,CHO,FAC012,E0005221,Review visit
OUT0005759,OUP0002557,Lakshmi Reddy,9025598456,Devarakonda,2026-04-16,Phone call,Reached; promised follow-up,CHO,FAC012,E0005221,Review visit
OUT0005760,OUP0002558,Rani Naik,9314360614,Manoor,2026-08-03,Home visit,Phone switched off,ASHA,FAC021,E0005222,Test completion
OUT0005761,OUP0002559,Saritha Narsimha,+91-93506-89044,Balanagar,2026-04-03,Phone call,Family member reached,CHO,FAC004,E0005224,Medicine pickup
OUT0005762,OUP0002559,Saritha Narsimha,9350689044,BALANAGAR,2026-03-31,Home visit,Family member reached,CHO,FAC004,E0005224,Review visit
OUT0005763,OUP0002560,Sai Jangam,9629713899,Manoor,2026-05-06,Home visit,Phone switched off,ASHA,FAC020,E0005225,General adherence
OUT0005764,OUP0002561,Kavitha Mallaiah,9750284249,Indresham,2026-06-01,Phone call,Family member reached,CHO,FAC027,E0005226,General adherence
OUT0005765,OUP0002561,Kavitha Mallaiah,9750184249,Indresham,2026-06-15,WhatsApp/SMS,Reached; promised follow-up,CHO,FAC027,E0005226,Review visit
OUT0005766,OUP0002561,Kawitha Mallaiah,+91-97501-84249,Indresham,2026-06-11,Phone call,Reached; promised follow-up,CHO,FAC027,E0005226,General adherence
OUT0005767,OUP0002562,Padma Patel,,Manoor,2026-02-22,Phone call,Reached; counselled,CHO,FAC021,E0005231,General adherence
OUT0005768,OUP0002562,Padma Patel,+91-93225-50124,Manoor,2026-02-27,Home visit,Wrong number,CHO,FAC021,E0005231,Medicine pickup
OUT0005769,OUP0002562,Padma Patel,+91-93225-50124,Manoor,2026-03-01,Home visit,Phone switched off,ASHA,FAC021,E0005231,Medicine pickup
OUT0005770,OUP0002563,Santosh Laxman,9998893359,Mogudampally,2026-04-07,Home visit,Wrong number,CHO,FAC024,E0005235,General adherence
OUT0005771,OUP0002564,Santosh Mudiraj,9915405993,Peddadinne,2026-04-22,Village health day reminder,Family member reached,CHO,FAC010,E0005236,Test completion
OUT0005772,OUP0002564,Santosh Mudiraj,9915405993,Peddadinne,2026-05-10,Village health day reminder,Phone switched off,CHO,FAC010,E0005236,General adherence
OUT0005773,OUP0002564,Santosh Mudiraj,9915405993,Peddadinn,2026-07-28,Phone call,Phone switched off,ASHA,FAC012,E0005237,Review visit
OUT0005774,OUP0002564,Santos Mudiraj,9915405993,Peddadinne,2026-07-29,Phone call,Reached; counselled,ASHA,FAC012,E0005237,Test completion
OUT0005775,OUP0002565,Mounika Naik,9731499115,Patancheru,2026-02-26,Home visit,Reached; counselled,ASHA,FAC026,E0005238,Medicine pickup
OUT0005776,OUP0002565,Mounika Naik,9761499115,Patancheru,2026-08-20,Phone call,Reached; counselled,CHO,FAC026,E0005239,Review visit
OUT0005777,OUP0002565,Mounika Naik,9731499115,Patancheru,2026-08-23,Home visit,Family member reached,CHO,FAC026,E0005239,General adherence
OUT0005778,OUP0002566,Bhavani Laxman,9105956460,Mogudampally,2026-01-28,Phone call,Reached; promised follow-up,CHO,FAC023,E0005241,Test completion
OUT0005779,OUP0002566,Bhavani Laxman,9805956460,Mogudampally,2026-02-07,Village health day reminder,Reached; counselled,CHO,FAC023,E0005241,Test completion
OUT0005780,OUP0002566,Bhavani Laxman,,Mogudampally,2026-04-29,WhatsApp/SMS,No answer,ASHA,FAC023,E0005242,General adherence
OUT0005781,OUP0002566,Bhawani Laxman,+91-98059-56460,Mogudampally,2026-04-24,WhatsApp/SMS,Reached; counselled,ASHA,FAC023,E0005242,Review visit
OUT0005782,OUP0002566,Bhavanee Laxman,9805956460,MOGUDAMPALLY,2026-04-28,Village health day reminder,Reached; promised follow-up,CHO,FAC023,E0005242,General adherence
OUT0005783,OUP0002567,Srilatha Naik,9890504957,Bodajanampet,2026-03-27,Village health day reminder,Reached; counselled,CHO,FAC006,E0005243,Test completion
OUT0005784,OUP0002567,Srilatha Naik,9890504957,Bodajanampet,2026-04-01,WhatsApp/SMS,Family member reached,ASHA,FAC006,E0005243,Medicine pickup
OUT0005785,OUP0002568,Raju Laxman,9273374596,Kangti,2026-03-12,Phone call,Reached; promised follow-up,CHO,FAC019,E0005244,Medicine pickup
OUT0005786,OUP0002568,Raju Laxman,9273374596,Kangti,2026-03-08,Phone call,Family member reached,ASHA,FAC019,E0005244,Review visit
OUT0005787,OUP0002569,Lalitha Goud,+91-97245-40480,Bodajanampe,2026-03-06,Phone call,Reached; counselled,CHO,FAC006,E0005245,General adherence
OUT0005788,OUP0002569,Lalitha Goud,+91-97245-40480,Bodajanampet,2026-02-28,Village health day reminder,Patient unavailable,ASHA,FAC006,E0005245,General adherence
OUT0005789,OUP0002570,Harika Khan,9910659066,Mogudampally,2026-06-10,Phone call,Patient unavailable,CHO,FAC022,E0005246,Medicine pickup
OUT0005790,OUP0002570,Harika Khan,9710659066,Mogudampally,2026-06-19,Home visit,Family member reached,ASHA,FAC022,E0005246,Medicine pickup
OUT0005791,OUP0002570,Hrika Khan,,Mogudampally,2026-06-05,WhatsApp/SMS,Reached; counselled,ASHA,FAC022,E0005246,Medicine pickup
OUT0005792,OUP0002571,Suresh,9796357551,Chandur,2026-04-12,Home visit,Wrong number,CHO,FAC013,E0005249,Test completion
OUT0005793,OUP0002572,Lalitha Krishna,9803794543,Vemula,2026-07-30,Home visit,Patient unavailable,ASHA,FAC009,E0005250,Test completion
OUT0005794,OUP0002572,Lalitha Krisna,9803794543,Vemula,2026-07-27,Phone call,Reached; counselled,ASHA,FAC009,E0005250,Test completion
OUT0005795,OUP0002572,Lalitha Krishna,9803794543,Vemula,2026-07-25,Phone call,Reached; counselled,ASHA,FAC009,E0005250,Review visit
OUT0005796,OUP0002573,Vinod Laxman,9819008976,Peddadinne,2026-08-21,WhatsApp/SMS,Family member reached,ASHA,FAC012,E0005252,General adherence
OUT0005797,OUP0002574,Santosh Laxman,9371576982,KUMMARIKUNTA,2026-04-01,Phone call,Reached; counselled,CHO,FAC015,E0005257,Review visit
OUT0005798,OUP0002574,Santos Laxman,9376576982,Kummarikunta,2026-03-27,Phone call,Wrong number,CHO,FAC015,E0005257,Review visit
OUT0005799,OUP0002574,Santosh Laxman,9371576982,Kummarikunta,2026-08-30,Home visit,Reached; counselled,CHO,FAC015,E0005258,Medicine pickup
OUT0005800,OUP0002575,Padma Krisna,9126485599,Nermata,2026-04-15,Village health day reminder,Reached; promised follow-up,CHO,FAC014,E0005260,General adherence
OUT0005801,OUP0002575,Padma Krishna,,Nermata,2026-04-21,WhatsApp/SMS,Reached; promised follow-up,ASHA,FAC014,E0005260,Review visit
OUT0005802,OUP0002576,Raju Kumar,9338028564,Nomula,2026-04-24,Home visit,Reached; promised follow-up,CHO,FAC018,E0005262,Medicine pickup
OUT0005803,OUP0002577,Ramesh Reddy,9233040653,Indresham,2026-06-17,Phone call,No answer,ASHA,FAC027,E0005263,Test completion
OUT0005804,OUP0002577,Ramesh Reddy,9233040653,INDRESHAM,2026-06-20,Home visit,No answer,CHO,FAC027,E0005263,General adherence
OUT0005805,OUP0002578,Saritha Goud,9700729259,Kohir,2026-04-24,Home visit,Reached; promised follow-up,ASHA,FAC024,E0005264,Medicine pickup
OUT0005806,OUP0002579,Bhavani Rao,9605132981,Bhanur,2026-01-18,Home visit,Reached; promised follow-up,ASHA,FAC025,E0005266,General adherence
OUT0005807,OUP0002579,Bhavani Rao,,Bhanur,2026-01-31,Home visit,Family member reached,ASHA,FAC025,E0005266,Medicine pickup
OUT0005808,OUP0002579,Bhavani Rao,9605132981,Bhanur,2026-01-23,Home visit,Family member reached,ASHA,FAC025,E0005266,General adherence
OUT0005809,OUP0002580,Raghav Naik,9155596289,Manoor,2026-01-24,Home visit,Reached; promised follow-up,ASHA,FAC020,E0005267,Test completion
OUT0005810,OUP0002580,Raghav Naik,9155596289,Manoor,2026-02-10,Village health day reminder,Family member reached,ASHA,FAC020,E0005267,General adherence
OUT0005811,OUP0002581,Saritha Krishna,9645126463,Zaheerabad,2026-05-23,Phone call,Phone switched off,CHO,FAC023,E0005271,Review visit
OUT0005812,OUP0002581,Saritha Krishna,9645126463,Zaheerabad,2026-05-19,Phone call,Phone switched off,CHO,FAC023,E0005271,Test completion
OUT0005813,OUP0002581,Saritha Krishna,9645126463,Zaheerabad,2026-07-19,Phone call,Reached; promised follow-up,ASHA,FAC023,E0005272,General adherence
OUT0005814,OUP0002581,Saritha Krishna,,Zaheerabad,2026-07-06,Home visit,Wrong number,ASHA,FAC023,E0005272,General adherence
OUT0005815,OUP0002581,Saritha Krishna,9645126463,Zaheerabad,2026-07-25,Home visit,Reached; promised follow-up,ASHA,FAC023,E0005272,Test completion
OUT0005816,OUP0002582,Suresh Naik,+91-96060-83424,Narayankhed,2026-06-08,Home visit,Reached; promised follow-up,CHO,FAC021,E0005275,Test completion
OUT0005817,OUP0002582,Suresh Naik,9606083424,Narayankhed,2026-06-22,Village health day reminder,Reached; counselled,ASHA,FAC021,E0005275,General adherence
OUT0005818,OUP0002582,Suresh Naik,9606283424,Narayankhed,2026-06-21,Village health day reminder,Reached; counselled,CHO,FAC021,E0005275,Medicine pickup
OUT0005819,OUP0002582,Suresh Naik,9606083424,Narayankhed,2026-08-01,Home visit,Family member reached,CHO,FAC020,E0005276,General adherence
OUT0005820,OUP0002582,Suresh Naik,,Narayankhed,2026-08-12,Home visit,Wrong number,CHO,FAC020,E0005276,General adherence
OUT0005821,OUP0002582,Suresh Naik,9606083424,Narayankhed,2026-08-11,Village health day reminder,Reached; counselled,ASHA,FAC020,E0005276,Medicine pickup
OUT0005822,OUP0002583,Padma Das,9240604008,Nakrekal,2026-01-26,Phone call,Reached; counselled,ASHA,FAC016,E0005278,Review visit
OUT0005823,OUP0002584,Bhavani Naik,9529175070,Bodajanampet,2026-07-18,Phone call,Family member reached,ASHA,FAC004,E0005279,General adherence
OUT0005824,OUP0002584,Bhavani Naik,9529175050,Bodajanampet,2026-07-30,Phone call,Reached; promised follow-up,ASHA,FAC004,E0005279,Review visit
OUT0005825,OUP0002584,Bhavani Naik,9529175050,Bodajanampet,2026-08-04,Phone call,Reached; promised follow-up,ASHA,FAC004,E0005279,Medicine pickup
OUT0005826,OUP0002585,Ramesh Narsimha,9824695499,Chandur,2026-07-29,WhatsApp/SMS,Reached; promised follow-up,CHO,FAC015,E0005280,General adherence
OUT0005827,OUP0002586,Harika Goud,9015202000,Kallepally,2026-02-05,Phone call,Reached; promised follow-up,CHO,FAC005,E0005281,General adherence
OUT0005828,OUP0002586,Harika Goud,+91-90152-02000,Kallepally,2026-02-04,WhatsApp/SMS,Reached; counselled,CHO,FAC005,E0005281,General adherence
OUT0005829,OUP0002586,Harika Goud,9015202000,Kallepally,2026-02-15,WhatsApp/SMS,Reached; counselled,CHO,FAC005,E0005281,Test completion
OUT0005830,OUP0002587,Padma Jangam,9558718216,Bodajanampet,2026-04-26,Home visit,Reached; promised follow-up,ASHA,FAC004,E0005282,Test completion
OUT0005831,OUP0002587,Padma Jangam,9545718216,Bodajanampet,2026-04-26,Home visit,Reached; promised follow-up,CHO,FAC004,E0005282,Review visit
OUT0005832,OUP0002588,Vinod Begum,9565083561,Kohir,2026-04-23,Village health day reminder,Reached; promised follow-up,ASHA,FAC024,E0005285,Test completion
OUT0005833,OUP0002588,Veenod Begum,+91-95650-83561,Kohir,2026-05-15,Phone call,Family member reached,CHO,FAC024,E0005285,Test completion
OUT0005834,OUP0002589,Jyothi Naik,+91-90096-76100,Mangalapally,2026-01-26,Home visit,Wrong number,CHO,FAC017,E0005286,General adherence
OUT0005835,OUP0002589,Jyothi Naik,+91-90096-76100,Mangalapally,2026-01-21,Home visit,Family member reached,CHO,FAC017,E0005286,Test completion
OUT0005836,OUP0002589,Jyothi Naik,9009676100,Mangalapally,2026-02-08,Village health day reminder,Phone switched off,ASHA,FAC017,E0005286,Medicine pickup
OUT0005837,OUP0002590,Renuka Narsimha,,Narayankhed,2026-06-28,Home visit,No answer,ASHA,FAC020,E0005287,Review visit
OUT0005838,OUP0002591,Lalitha Mudiraj,9072596374,Gundlapally,2026-06-16,Village health day reminder,Family member reached,ASHA,FAC012,E0005292,Medicine pickup
OUT0005839,OUP0002592,Harika Naik,9463034721,Gundlapally,2026-02-19,Village health day reminder,Patient unavailable,CHO,FAC011,E0005293,Review visit
OUT0005840,OUP0002592,Harika Naik,9463034721,Gundlapally,2026-06-11,Phone call,Family member reached,CHO,FAC010,E0005294,General adherence
OUT0005841,OUP0002592,Harika Naik,9463034721,Gundlapally,2026-06-27,Phone call,Reached; promised follow-up,ASHA,FAC010,E0005294,Test completion
OUT0005842,OUP0002593,Laksmi Jangam,+91-93608-06159,Kohir,2026-02-04,Phone call,No answer,CHO,FAC024,E0005295,Test completion
OUT0005843,OUP0002593,Lakshmi Jangam,9360806159,Kohir,2026-02-14,Home visit,Reached; promised follow-up,ASHA,FAC024,E0005295,Test completion
OUT0005844,OUP0002594,Venkatesh Das,9563538336,Polepalli,2026-08-22,Phone call,Phone switched off,CHO,FAC002,E0005297,Review visit
OUT0005845,OUP0002594,Venkatesh Das,9563538336,Polepally,2026-08-20,Home visit,Patient unavailable,ASHA,FAC002,E0005297,General adherence
OUT0005846,OUP0002595,Bhawani Mudiraj,9891286726,Chandur,2026-07-13,WhatsApp/SMS,Phone switched off,ASHA,FAC014,E0005299,Test completion
OUT0005847,OUP0002595,Bhavani,,Chandur,2026-07-11,Village health day reminder,Reached; counselled,CHO,FAC014,E0005299,Review visit
OUT0005848,OUP0002595,Bhavani Mudiraj,9891286726,Chandur,2026-08-21,Phone call,Family member reached,CHO,FAC014,E0005300,Medicine pickup
OUT0005849,OUP0002595,Bhavani Mudiraj,9891286726,Chandu,2026-09-01,Phone call,Reached; counselled,ASHA,FAC014,E0005300,Medicine pickup
OUT0005850,OUP0002596,Harika Goud,9603938999,Kallepalli,2026-08-02,Phone call,Reached; promised follow-up,CHO,FAC006,E0005302,Medicine pickup
OUT0005851,OUP0002596,Harika Goud,9603938999,Kallepally,2026-08-06,Home visit,Family member reached,ASHA,FAC006,E0005302,Medicine pickup
OUT0005852,OUP0002597,Nirmala Devi,9554267983,Mogudampally,2026-04-01,Phone call,No answer,CHO,FAC024,E0005303,General adherence
OUT0005853,OUP0002597,Nirmala Devi,9554267983,MOGUDAMPALLY,2026-04-11,Phone call,Wrong number,ASHA,FAC024,E0005303,General adherence
OUT0005854,OUP0002597,Nirmala Devi,9554267983,Mogudampally,2026-07-16,Home visit,Phone switched off,ASHA,FAC022,E0005304,Medicine pickup
OUT0005855,OUP0002598,Anil Begum,9667385000,Rajapur,2026-07-29,Phone call,Reached; counselled,CHO,FAC005,E0005306,Test completion
OUT0005856,OUP0002599,Srinivas Chary,+91-92853-17717,Nermata,2026-05-07,Phone call,Family member reached,ASHA,FAC015,E0005307,Medicine pickup
OUT0005857,OUP0002599,Srinivas Chary,9285317717,Nermata,2026-05-09,Village health day reminder,Family member reached,ASHA,FAC015,E0005307,Review visit
OUT0005858,OUP0002600,Srinivas Naik,9847920875,Polepally,2026-01-14,Home visit,Reached; promised follow-up,ASHA,FAC002,E0005311,Medicine pickup
OUT0005859,OUP0002601,Naveen,9759420311,Kallepally,2026-05-31,Home visit,Family member reached,CHO,FAC004,E0005312,Medicine pickup
OUT0005860,OUP0002601,Naveen Khan,9759420311,Kallepalli,2026-06-05,Phone call,Reached; counselled,CHO,FAC004,E0005312,Medicine pickup
OUT0005861,OUP0002602,Deepika Narsimha,9993692692,Polepally,2026-07-16,Phone call,Family member reached,CHO,FAC002,E0005313,Test completion
OUT0005862,OUP0002602,Deepika,9993692692,Polepall,2026-08-07,Home visit,Wrong number,CHO,FAC002,E0005314,General adherence
OUT0005863,OUP0002603,Mahesh Naik,9717220141,Balanagar,2026-04-15,Phone call,Patient unavailable,ASHA,FAC006,E0005316,Medicine pickup
OUT0005864,OUP0002603,Mahesh Naik,,Balanagar,2026-04-07,Phone call,Patient unavailable,CHO,FAC006,E0005316,Review visit
OUT0005865,OUP0002604,Lalitha Krisna,+91-93339-13589,Patancheru,2026-07-03,Home visit,Reached; promised follow-up,ASHA,FAC027,E0005320,Medicine pickup
OUT0005866,OUP0002604,Lalitha Krishna,9333913589,Patancheru,2026-07-08,Phone call,Reached; counselled,ASHA,FAC027,E0005320,Test completion
OUT0005867,OUP0002604,Lalitha Krishna,9333913589,Patancheru,2026-07-13,Phone call,Reached; promised follow-up,CHO,FAC027,E0005320,Review visit
OUT0005868,OUP0002605,Ramesh Khan,9847573786,Gundlapally,2026-04-17,Home visit,Family member reached,CHO,FAC012,E0005322,Medicine pickup
OUT0005869,OUP0002605,Ramesh Khan,9847573786,Gundlapally,2026-04-05,Phone call,Reached; promised follow-up,CHO,FAC012,E0005322,General adherence
OUT0005870,OUP0002606,Jyothi Shekar,9331026914,Nakrekal,2026-07-10,Village health day reminder,Reached; counselled,ASHA,FAC017,E0005323,General adherence
OUT0005871,OUP0002607,Anitha Jangam,9196940657,Mogudampally,2026-03-05,Home visit,Family member reached,CHO,FAC022,E0005324,Test completion
OUT0005872,OUP0002607,Anitha Jangam,9196940657,Mogudampally,2026-03-14,Phone call,Family member reached,ASHA,FAC022,E0005324,Review visit
OUT0005873,OUP0002608,Harika Basha,+91-98568-92290,Rajapur,2026-07-28,Home visit,Reached; counselled,CHO,FAC005,E0005327,Medicine pickup
OUT0005874,OUP0002608,Harika Basha,9856892290,Rajapur,2026-08-07,Home visit,Reached; promised follow-up,CHO,FAC005,E0005327,Review visit
OUT0005875,OUP0002608,Harika Basha,9856862290,Rajapur,2026-08-01,Phone call,Reached; promised follow-up,CHO,FAC005,E0005327,General adherence
OUT0005876,OUP0002609,Anjali Chary,9712962479,Peddadinne,2026-02-10,WhatsApp/SMS,Phone switched off,ASHA,FAC011,E0005328,Medicine pickup
OUT0005877,OUP0002610,Jyothi Basha,+91-99747-49673,Devarakonda,2026-06-01,Phone call,Phone switched off,CHO,FAC010,E0005330,General adherence
OUT0005878,OUP0002610,Jyothi Basha,9974749673,Devarakonda,2026-05-28,WhatsApp/SMS,Family member reached,CHO,FAC010,E0005330,General adherence
OUT0005879,OUP0002611,Mounika Shekar,,Polepally,2026-06-30,Home visit,Family member reached,CHO,FAC003,E0005331,Medicine pickup
OUT0005880,OUP0002612,Saritha Patel,9324910540,Zaheerabad,2026-03-08,WhatsApp/SMS,Reached; promised follow-up,ASHA,FAC022,E0005332,General adherence
OUT0005881,OUP0002612,Saritha Patel,9324910540,Zaheerabad,2026-03-08,Home visit,Patient unavailable,ASHA,FAC022,E0005332,Medicine pickup
OUT0005882,OUP0002612,Saritha Patel,9324910540,Zaheerabad,2026-03-23,WhatsApp/SMS,Family member reached,CHO,FAC022,E0005332,Test completion
OUT0005883,OUP0002613,Santosh Kumar,9085910269,Peddadinne,2026-07-01,Village health day reminder,Wrong number,ASHA,FAC011,E0005334,General adherence
OUT0005884,OUP0002613,Santosh Kumar,9015910269,Peddadinn,2026-07-01,Phone call,No answer,CHO,FAC011,E0005334,General adherence
OUT0005885,OUP0002613,Santosh Kumar,9015910269,Peddadinne,2026-08-11,Home visit,Reached; promised follow-up,CHO,FAC010,E0005335,Medicine pickup
OUT0005886,OUP0002614,Arun Reddy,9317085964,Donur,2026-08-16,Village health day reminder,Reached; counselled,CHO,FAC008,E0005336,General adherence
OUT0005887,OUP0002614,Arun Reddy,9347085964,DONUR,2026-08-14,Home visit,Reached; counselled,ASHA,FAC008,E0005336,General adherence
OUT0005888,OUP0002614,Arun Reddy,+91-93470-85964,Donur,2026-09-02,Phone call,Wrong number,CHO,FAC008,E0005336,Test completion
OUT0005889,OUP0002615,Srinivas Laxman,9558904041,Velpula,2026-07-08,Home visit,Reached; promised follow-up,CHO,FAC009,E0005337,General adherence
OUT0005890,OUP0002615,Sriniwas Laxman,+91-95589-04041,Velpula,2026-07-11,Phone call,Reached; promised follow-up,ASHA,FAC009,E0005337,General adherence
OUT0005891,OUP0002616,Kavitha Shekar,9638883925,Kummarikunta,2026-03-30,Home visit,Family member reached,CHO,FAC014,E0005338,Review visit
OUT0005892,OUP0002617,Mounika Shekar,9535266596,Badepally,2026-01-10,Home visit,Reached; promised follow-up,ASHA,FAC003,E0005339,Review visit
OUT0005893,OUP0002618,Sushma Rao,9042709864,Bhanur,2026-01-20,Phone call,Patient unavailable,ASHA,FAC027,E0005343,General adherence
OUT0005894,OUP0002618,Sushma Rao,9042709864,Bhanur,2026-01-19,Phone call,Family member reached,ASHA,FAC027,E0005343,Review visit
OUT0005895,OUP0002618,Sushma Rao,9042709864,Bhanur,2026-01-24,Phone call,Phone switched off,CHO,FAC027,E0005343,Medicine pickup
OUT0005896,OUP0002619,Santosh Naik,9942734528,Balanagar,2026-02-15,Home visit,Reached; promised follow-up,CHO,FAC005,E0005345,Review visit
OUT0005897,OUP0002619,Santosh Naik,9942734528,Balanagar,2026-02-13,Phone call,Reached; promised follow-up,ASHA,FAC005,E0005345,Review visit
OUT0005898,OUP0002620,Kavitha Mudiraj,9755392834,Zaheerabad,2026-08-04,Home visit,Reached; counselled,CHO,FAC022,E0005348,Review visit
OUT0005899,OUP0002620,Kavitha Mudiraj,9755392834,Zaheerabad,2026-08-08,Village health day reminder,Wrong number,ASHA,FAC022,E0005348,Review visit
OUT0005900,OUP0002620,Kavitha Mudiraj,9755392834,Zaheerabad,2026-08-11,Phone call,Reached; counselled,CHO,FAC022,E0005348,Test completion
OUT0005901,OUP0002621,Anjali,9510918226,Velpula,2026-02-08,Village health day reminder,Reached; counselled,ASHA,FAC007,E0005351,Review visit
OUT0005902,OUP0002621,Anjali Patel,9510918226,Velpula,2026-03-02,Phone call,Wrong number,ASHA,FAC007,E0005351,Test completion
OUT0005903,OUP0002622,nil Goud,9551993340,Chandur,2026-06-04,Home visit,Reached; counselled,CHO,FAC014,E0005352,Medicine pickup
OUT0005904,OUP0002623,Deepika Jangam,9826421940,Nakrekal,2026-08-16,Home visit,Wrong number,CHO,FAC018,E0005355,Test completion
OUT0005905,OUP0002624,Vinod Das,9827957775,Kalher,2026-03-07,Home visit,Patient unavailable,CHO,FAC021,E0005356,General adherence
OUT0005906,OUP0002624,Vinod Das,9827957775,Kalher,2026-03-13,Home visit,Family member reached,ASHA,FAC021,E0005356,Review visit
OUT0005907,OUP0002624,Vinod,9827957775,Kalher,2026-03-21,Village health day reminder,Reached; counselled,ASHA,FAC021,E0005356,Review visit
OUT0005908,OUP0002625,Anjali Mudiraj,9892533935,Peddadinne,2026-02-24,Home visit,Reached; counselled,ASHA,FAC010,E0005357,General adherence
OUT0005909,OUP0002626,Naresh Begum,9493307198,Kallepally,2026-05-20,Village health day reminder,Reached; counselled,CHO,FAC004,E0005359,Review visit
OUT0005910,OUP0002627,Praveen Naik,9897612552,Marrur,2026-04-29,Home visit,Wrong number,CHO,FAC018,E0005360,General adherence
OUT0005911,OUP0002628,Santosh Rao,,Mogudampally,2026-08-14,Phone call,Reached; promised follow-up,CHO,FAC024,E0005363,Medicine pickup
OUT0005912,OUP0002629,Shankar Reddy,9217065755,Devarakonda,2026-08-19,Phone call,Family member reached,ASHA,FAC012,E0005364,Medicine pickup
OUT0005913,OUP0002630,Deepika Goud,9907713939,Midjil,2026-01-27,Home visit,Reached; counselled,ASHA,FAC009,E0005367,Medicine pickup
OUT0005914,OUP0002630,Deepika,9907713939,Midjil,2026-06-01,Village health day reminder,Phone switched off,CHO,FAC008,E0005368,General adherence
OUT0005915,OUP0002630,Deepika Goud,9907713939,Midjil,2026-06-05,Phone call,Phone switched off,ASHA,FAC008,E0005368,Medicine pickup
OUT0005916,OUP0002630,Deepika Goud,+91-99077-13939,Midjil,2026-05-31,Home visit,Reached; promised follow-up,CHO,FAC008,E0005368,Review visit
OUT0005917,OUP0002631,Saritha Shekar,9348076844,Bodajanampet,2026-08-25,Village health day reminder,No answer,ASHA,FAC004,E0005371,Medicine pickup
OUT0005918,OUP0002631,Saritha Shekar,9348076844,Bodajanampet,2026-08-24,Village health day reminder,No answer,CHO,FAC004,E0005371,General adherence
OUT0005919,OUP0002631,Saritha Shekar,9348076844,Bodajanampet,2026-08-24,Home visit,Reached; counselled,CHO,FAC004,E0005371,Test completion
OUT0005920,OUP0002632,Rani Mudiraj,9119855267,Polepally,2026-06-26,WhatsApp/SMS,Patient unavailable,ASHA,FAC002,E0005372,Review visit
OUT0005921,OUP0002632,Rani Mudiraj,9119855267,Polepally,2026-07-09,Phone call,Family member reached,ASHA,FAC002,E0005372,Review visit
OUT0005922,OUP0002633,Renuk Yadav,,Macharam,2026-02-10,WhatsApp/SMS,No answer,ASHA,FAC001,E0005373,General adherence
OUT0005923,OUP0002633,Renuka Yadav,9912464801,Macharam,2026-02-13,Village health day reminder,Family member reached,ASHA,FAC001,E0005373,Review visit
OUT0005924,OUP0002634,Srilatha Khan,9653313963,Devarakonda,2026-01-10,Phone call,Reached; promised follow-up,ASHA,FAC012,E0005374,Test completion
OUT0005925,OUP0002634,Srilatha Khan,9653313963,Devarakonda,2026-01-14,Phone call,Wrong number,CHO,FAC012,E0005374,Review visit
OUT0005926,OUP0002634,Sreelatha Khan,9653313963,Devarakonda,2026-01-30,Home visit,Reached; counselled,CHO,FAC012,E0005374,General adherence
OUT0005927,OUP0002635,Suresh Das,9893627488,Marrur,2026-06-08,Phone call,Reached; counselled,ASHA,FAC018,E0005375,Medicine pickup
OUT0005928,OUP0002635,Suresh,9893627488,Marrur,2026-06-28,Phone call,Patient unavailable,CHO,FAC018,E0005375,Medicine pickup
OUT0005929,OUP0002635,Suresh Das,+91-98936-27488,Marrur,2026-06-19,Home visit,Family member reached,CHO,FAC018,E0005375,Review visit
OUT0005930,OUP0002636,Vinod Chary,,Polepally,2026-08-01,WhatsApp/SMS,Reached; counselled,ASHA,FAC003,E0005376,Medicine pickup
OUT0005931,OUP0002636,Vinod Chary,9369614662,Polepally,2026-08-05,Phone call,Family member reached,CHO,FAC003,E0005376,Test completion
OUT0005932,OUP0002636,Vinod Chary,9369614662,Polepally,2026-08-29,Phone call,Phone switched off,CHO,FAC001,E0005377,Review visit
OUT0005933,OUP0002637,Jyothi Laxman,+91-98067-44992,Gundlapally,2026-06-16,Phone call,Wrong number,CHO,FAC011,E0005378,Test completion
OUT0005934,OUP0002637,Jyothi Lxman,,GUNDLAPALLY,2026-06-14,Home visit,Phone switched off,ASHA,FAC011,E0005378,General adherence
OUT0005935,OUP0002637,Jyothi Laxman,9806744992,GUNDLAPALLY,2026-06-20,Phone call,Phone switched off,CHO,FAC011,E0005378,Medicine pickup
OUT0005936,OUP0002638,Rvi Khan,9881223568,Patancheru,2026-04-13,Village health day reminder,Reached; counselled,CHO,FAC027,E0005379,General adherence
OUT0005937,OUP0002639,Lalitha,9009315373,Chandur,2026-01-30,Phone call,Reached; counselled,ASHA,FAC014,E0005380,Review visit
OUT0005938,OUP0002639,Lalitha Krishna,,Chandur,2026-01-23,Village health day reminder,Reached; promised follow-up,ASHA,FAC014,E0005380,Medicine pickup
OUT0005939,OUP0002640,Divya Mallaiah,,Gangapur,2026-06-12,Phone call,Wrong number,ASHA,FAC003,E0005383,Test completion
OUT0005940,OUP0002641,Mounika Reddy,9646870332,Gundlapally,2026-06-09,Village health day reminder,No answer,ASHA,FAC011,E0005385,Review visit
OUT0005941,OUP0002642,Anitha Shekar,9234230248,Vemula,2026-06-20,Village health day reminder,Wrong number,ASHA,FAC007,E0005386,Review visit
OUT0005942,OUP0002643,Sai Chary,9199157442,Bhanu,2026-08-07,Home visit,Phone switched off,CHO,FAC026,E0005387,Test completion
OUT0005943,OUP0002643,Sai Chary,9199157442,Bhanur,2026-08-16,Home visit,Family member reached,CHO,FAC026,E0005387,Test completion
OUT0005944,OUP0002643,Si Chary,9199157442,Bhanur,2026-08-15,Phone call,Family member reached,CHO,FAC026,E0005387,Test completion
OUT0005945,OUP0002644,Naveen Laxman,9825130292,Kondamallepally,2026-08-20,Phone call,Reached; promised follow-up,CHO,FAC010,E0005390,Test completion
OUT0005946,OUP0002644,Naveen Laxman,9825130292,Kondamallepally,2026-09-01,Home visit,Reached; counselled,ASHA,FAC010,E0005390,Review visit
OUT0005947,OUP0002644,Naveen Laxman,9825130292,Kondamallepally,2026-08-20,Village health day reminder,Family member reached,CHO,FAC010,E0005390,Review visit
OUT0005948,OUP0002645,Ramesh Krishna,9498321660,Bhanur,2026-08-29,WhatsApp/SMS,Family member reached,CHO,FAC027,E0005391,Review visit
OUT0005949,OUP0002646,Lalitha Begum,9839160591,Ameenpur,2026-03-20,Home visit,Family member reached,CHO,FAC025,E0005394,General adherence
OUT0005950,OUP0002646,Lalitha Begum,9839160591,Ameenpur,2026-03-23,Village health day reminder,Reached; promised follow-up,ASHA,FAC025,E0005394,Medicine pickup
OUT0005951,OUP0002646,Lalitha Begum,9839160591,Ameenpur,2026-04-04,Phone call,Family member reached,ASHA,FAC025,E0005394,General adherence
OUT0005952,OUP0002646,Lalitha Begum,9839160591,AMEENPUR,2026-03-29,Phone call,Reached; counselled,ASHA,FAC026,E0005395,General adherence
OUT0005953,OUP0002646,Lalitha Begum,9839160591,Ameenpur,2026-05-31,Home visit,Family member reached,CHO,FAC027,E0005396,Review visit
OUT0005954,OUP0002646,Lalitha Begum,9839160591,Ameenpur,2026-05-24,Home visit,Reached; counselled,ASHA,FAC027,E0005396,Test completion
OUT0005955,OUP0002646,Llitha Begum,9839160591,Ameenpur,2026-06-02,Village health day reminder,Reached; counselled,ASHA,FAC027,E0005396,Review visit
OUT0005956,OUP0002647,Mounika Naik,9884894836,Gundlapally,2026-07-31,Home visit,Patient unavailable,ASHA,FAC012,E0005397,General adherence
OUT0005957,OUP0002647,Mounika Naik,9884894836,Gundlapally,2026-08-06,Home visit,Phone switched off,CHO,FAC012,E0005397,Medicine pickup
OUT0005958,OUP0002647,Mounika Naik,9884894836,Gundlapally,2026-08-08,Phone call,Wrong number,ASHA,FAC012,E0005397,Medicine pickup
OUT0005959,OUP0002648,Divya Goud,9005497585,Polepally,2026-06-27,Phone call,Reached; promised follow-up,ASHA,FAC003,E0005398,Medicine pickup
OUT0005960,OUP0002648,Diwya Goud,9005497585,POLEPALLY,2026-07-13,Phone call,Reached; counselled,CHO,FAC003,E0005398,Test completion
OUT0005961,OUP0002648,Divya Goud,9005497585,Polepally,2026-08-20,Village health day reminder,Reached; promised follow-up,CHO,FAC002,E0005399,Test completion
OUT0005962,OUP0002648,Diwya Goud,9005497595,Polepally,2026-08-06,Phone call,Patient unavailable,ASHA,FAC002,E0005399,Review visit
OUT0005963,OUP0002649,Jyothi Naik,9279694678,Kalher,2026-01-28,Phone call,No answer,ASHA,FAC020,E0005402,Test completion
OUT0005964,OUP0002649,Jyothi Naik,9279694678,Kalher,2026-01-23,Village health day reminder,Reached; promised follow-up,CHO,FAC020,E0005402,General adherence
OUT0005965,OUP0002649,Jyoti Naik,9279694078,Kalher,2026-01-23,Phone call,Phone switched off,CHO,FAC020,E0005402,General adherence
OUT0005966,OUP0002650,Anitha Yadav,9435798693,Kummarikunta,2026-06-06,Home visit,Family member reached,CHO,FAC013,E0005405,Review visit
OUT0005967,OUP0002650,Anitha Yadav,9435798693,Kummarikunt,2026-06-08,Phone call,No answer,ASHA,FAC013,E0005405,Review visit
OUT0005968,OUP0002651,Renuka Goud,9439358420,Devarakonda,2026-08-22,Home visit,Family member reached,CHO,FAC012,E0005407,Review visit
OUT0005969,OUP0002652,Renuka Patel,,Polepally,2026-05-29,Village health day reminder,Wrong number,CHO,FAC003,E0005411,General adherence
OUT0005970,OUP0002652,Renuka Patel,9590177156,Polepally,2026-06-14,Home visit,Reached; promised follow-up,ASHA,FAC003,E0005411,Test completion
OUT0005971,OUP0002653,Saritha Shekar,9296282320,Manoo,2026-08-06,Village health day reminder,Reached; counselled,ASHA,FAC020,E0005412,Medicine pickup
OUT0005972,OUP0002654,Raghaw Chary,+91-93390-31550,Narayankhed,2026-01-15,Phone call,Reached; counselled,CHO,FAC021,E0005413,General adherence
OUT0005973,OUP0002654,Raghav Chary,9339031550,Narayankhed,2026-01-10,Home visit,Reached; promised follow-up,CHO,FAC021,E0005413,Test completion
OUT0005974,OUP0002655,Ramesh Narsimha,+91-95222-01824,Kondamallepally,2026-08-05,Phone call,Family member reached,ASHA,FAC010,E0005415,General adherence
OUT0005975,OUP0002656,Padma Yadav,9396191495,Kondamallepally,2026-05-12,Phone call,Family member reached,ASHA,FAC010,E0005416,Medicine pickup
OUT0005976,OUP0002656,Padma Yadaw,9396191495,KONDAMALLEPALLY,2026-05-21,Home visit,Reached; promised follow-up,ASHA,FAC010,E0005416,Review visit
OUT0005977,OUP0002656,Padma Yadav,9396191495,Kondamallepally,2026-06-20,WhatsApp/SMS,Phone switched off,CHO,FAC010,E0005417,Test completion
OUT0005978,OUP0002657,Bhvani Laxman,9912782456,Kummarikunt,2026-08-12,Phone call,Family member reached,ASHA,FAC015,E0005418,Test completion
OUT0005979,OUP0002657,Bhavani Laxman,9912782456,Kummarikunta,2026-08-21,Home visit,Wrong number,CHO,FAC015,E0005418,Test completion
OUT0005980,OUP0002658,Naresh Devi,9392968907,Kondamallepally,2026-03-14,Village health day reminder,Phone switched off,ASHA,FAC010,E0005419,Medicine pickup
OUT0005981,OUP0002659,Renuka Chary,+91-90789-37726,Kohir,2026-08-12,Phone call,Reached; promised follow-up,CHO,FAC023,E0005420,Test completion
OUT0005982,OUP0002659,Renuka Chary,9078937726,Kohir,2026-07-29,Home visit,Reached; promised follow-up,CHO,FAC023,E0005420,General adherence
OUT0005983,OUP0002659,Renuka Chary,,Kohir,2026-08-04,Phone call,Phone switched off,CHO,FAC023,E0005420,Medicine pickup
OUT0005984,OUP0002660,Naveen Yadav,9917104943,Gangapur,2026-06-29,Phone call,Reached; counselled,CHO,FAC003,E0005422,Review visit
OUT0005985,OUP0002661,Rani Goud,9102236761,Chandur,2026-06-05,Phone call,Family member reached,CHO,FAC014,E0005423,Review visit
OUT0005986,OUP0002661,Rani Goud,9102236761,Chandur,2026-06-10,Phone call,Family member reached,CHO,FAC014,E0005423,Review visit
OUT0005987,OUP0002661,Rani Goud,9102236761,Chandur,2026-06-13,WhatsApp/SMS,Reached; counselled,ASHA,FAC014,E0005423,General adherence
OUT0005988,OUP0002662,Padma Devi,9560096443,Devarakonda,2026-02-26,Home visit,Reached; counselled,ASHA,FAC011,E0005426,Medicine pickup
OUT0005989,OUP0002662,Pdma Devi,9560096443,Devarakonda,2026-02-16,Phone call,Reached; promised follow-up,ASHA,FAC011,E0005426,Test completion
OUT0005990,OUP0002662,Padma Devi,+91-95600-96443,Devarakonda,2026-02-14,Home visit,Patient unavailable,ASHA,FAC011,E0005426,General adherence
OUT0005991,OUP0002663,Praveen Mudiraj,9822554133,Kangt,2026-08-15,Phone call,Reached; counselled,ASHA,FAC019,E0005428,Medicine pickup
OUT0005992,OUP0002663,Praveen Mudiraj,9822554133,Kangti,2026-08-17,Phone call,Reached; counselled,CHO,FAC019,E0005428,General adherence
OUT0005993,OUP0002664,Nirmala Laxman,9791081715,Midjil,2026-08-06,WhatsApp/SMS,Phone switched off,ASHA,FAC009,E0005432,General adherence
OUT0005994,OUP0002664,Nirmala Laxman,9791081715,Midjil,2026-08-22,WhatsApp/SMS,Patient unavailable,CHO,FAC009,E0005432,Medicine pickup
OUT0005995,OUP0002664,Nirmala Laxman,9791081715,Midjil,2026-08-17,Phone call,Reached; promised follow-up,CHO,FAC009,E0005432,Review visit
OUT0005996,OUP0002665,Naresh Kumar,9702020481,RAJAPUR,2026-07-21,Home visit,Reached; counselled,ASHA,FAC004,E0005433,General adherence
OUT0005997,OUP0002665,Naresh Kumar,9702020481,Rajapur,2026-07-12,Phone call,Reached; promised follow-up,ASHA,FAC004,E0005433,Review visit
OUT0005998,OUP0002665,Naresh Kumar,9702020481,Rajapur,2026-07-11,Phone call,Family member reached,ASHA,FAC004,E0005433,Review visit
OUT0005999,OUP0002665,Naresh Kumar,9702027481,Rajapur,2026-07-23,Home visit,Reached; promised follow-up,CHO,FAC004,E0005434,Medicine pickup
OUT0006000,OUP0002666,Suresh Das,9068888349,Midjil,2026-02-28,Phone call,Phone switched off,ASHA,FAC008,E0005435,Medicine pickup
OUT0006001,OUP0002666,Suresh Das,9068888349,Midjil,2026-02-27,Home visit,Reached; promised follow-up,ASHA,FAC008,E0005435,Test completion
OUT0006002,OUP0002667,Anitha Krishna,9277218538,Kangti,2026-07-03,WhatsApp/SMS,Wrong number,CHO,FAC020,E0005440,Test completion
OUT0006003,OUP0002667,Anitha Krishna,9277218538,Kangti,2026-07-07,Village health day reminder,Family member reached,CHO,FAC020,E0005440,General adherence
OUT0006004,OUP0002668,Santosh Rao,9038355817,Kohir,2026-04-28,Phone call,Phone switched off,CHO,FAC022,E0005441,General adherence
OUT0006005,OUP0002668,Santosh Rao,9038355817,Kohir,2026-04-21,Home visit,Reached; counselled,ASHA,FAC022,E0005441,Medicine pickup
OUT0006006,OUP0002669,Naresh Begum,9638820582,KANGTI,2026-07-05,Phone call,Reached; counselled,ASHA,FAC020,E0005445,Medicine pickup
OUT0006007,OUP0002669,Naresh Begum,9638820582,Kangti,2026-07-07,Village health day reminder,Reached; promised follow-up,ASHA,FAC020,E0005445,Review visit
OUT0006008,OUP0002670,Ramesh Chary,9479846806,Gangapur,2026-06-12,Phone call,Reached; counselled,CHO,FAC002,E0005446,Test completion
OUT0006009,OUP0002670,Ramesh Chary,,Gangapu,2026-06-25,Phone call,Reached; counselled,CHO,FAC002,E0005446,Test completion
OUT0006010,OUP0002671,Naresh Mallaiah,9154018507,Polepally,2026-06-30,Phone call,Reached; counselled,CHO,FAC002,E0005448,General adherence
OUT0006011,OUP0002671,Naresh Mallaiah,9154018507,Polepally,2026-06-24,Phone call,Patient unavailable,ASHA,FAC002,E0005448,General adherence
OUT0006012,OUP0002671,Naresh Mallaiah,9154018507,Polepally,2026-06-30,Phone call,Phone switched off,ASHA,FAC002,E0005448,Test completion
OUT0006013,OUP0002671,Naresh Mallaiah,9154018507,Polepally,2026-08-18,Phone call,Family member reached,CHO,FAC001,E0005449,Test completion
OUT0006014,OUP0002672,Arun Basha,9168404922,Zaheerabad,2026-04-07,Phone call,Reached; promised follow-up,ASHA,FAC024,E0005450,Review visit
OUT0006015,OUP0002672,Arun Basha,9168404922,Zaheerabad,2026-04-12,Village health day reminder,Reached; promised follow-up,CHO,FAC024,E0005450,Test completion
OUT0006016,OUP0002672,Arun Basa,,ZAHEERABAD,2026-04-27,Phone call,Family member reached,ASHA,FAC024,E0005450,Medicine pickup
OUT0006017,OUP0002672,Arun Basha,9168404922,Zaheerabad,2026-07-02,Village health day reminder,Reached; promised follow-up,ASHA,FAC022,E0005451,Medicine pickup
OUT0006018,OUP0002672,Arun Basha,9168404922,Zaheerabad,2026-06-19,Phone call,Patient unavailable,ASHA,FAC022,E0005451,General adherence
OUT0006019,OUP0002672,Arun Basha,9168404922,Zaheerabad,2026-06-24,Phone call,Reached; counselled,ASHA,FAC022,E0005451,Medicine pickup
OUT0006020,OUP0002673,Suresh Yadav,9315470111,Indresham,2026-04-07,Home visit,Family member reached,ASHA,FAC025,E0005452,Review visit
OUT0006021,OUP0002673,Suresh Yadav,+91-93154-70111,Indresham,2026-04-09,Home visit,Patient unavailable,CHO,FAC025,E0005452,General adherence
OUT0006022,OUP0002673,Suresh Yadav,9315480111,Indresham,2026-04-17,Home visit,No answer,ASHA,FAC025,E0005452,Test completion
OUT0006023,OUP0002674,Ramesh Das,9782961539,Kohir,2026-08-10,Home visit,No answer,ASHA,FAC024,E0005453,Medicine pickup
OUT0006024,OUP0002674,Ramesh Das,9742961539,Kohir,2026-08-21,Home visit,Reached; promised follow-up,CHO,FAC024,E0005453,General adherence
OUT0006025,OUP0002675,Ravi Naik,9341776266,Nomula,2026-05-06,Village health day reminder,Reached; promised follow-up,CHO,FAC016,E0005455,Test completion
OUT0006026,OUP0002675,Ravee Naik,9341776266,Nomula,2026-04-24,Phone call,Family member reached,ASHA,FAC016,E0005455,Medicine pickup
OUT0006027,OUP0002675,Ravi Naik,9341776266,Nomula,2026-08-11,WhatsApp/SMS,Phone switched off,ASHA,FAC017,E0005457,Medicine pickup
OUT0006028,OUP0002675,Ravi Naik,9341776266,Nomula,2026-08-31,WhatsApp/SMS,No answer,CHO,FAC017,E0005457,Medicine pickup
OUT0006029,OUP0002675,Rvi Naik,9341776266,Nomula,2026-08-28,Village health day reminder,Wrong number,ASHA,FAC017,E0005457,Review visit
OUT0006030,OUP0002676,Rames Krishna,9565490298,Kalher,2026-03-07,Phone call,Reached; counselled,CHO,FAC021,E0005458,Review visit
OUT0006031,OUP0002676,Rmesh Krishna,9565490298,Kalher,2026-03-09,Phone call,Reached; promised follow-up,CHO,FAC021,E0005458,Review visit
OUT0006032,OUP0002677,Jyoti Mallaiah,9487219051,Jharasangam,2026-08-14,Phone call,Reached; promised follow-up,CHO,FAC023,E0005459,Test completion
OUT0006033,OUP0002677,Jyothi Mallaiah,9487219051,JHARASANGAM,2026-08-17,WhatsApp/SMS,No answer,ASHA,FAC023,E0005459,General adherence
OUT0006034,OUP0002678,Srinivas Krishna,9435327711,VEMULA,2026-03-09,Phone call,Family member reached,ASHA,FAC008,E0005460,Test completion
OUT0006035,OUP0002678,Srinivas Krishna,,Vemula,2026-03-15,Phone call,Family member reached,CHO,FAC008,E0005460,Test completion
OUT0006036,OUP0002679,Nirmala Narsimha,9940865625,Nermata,2026-04-12,WhatsApp/SMS,Reached; promised follow-up,CHO,FAC014,E0005461,Test completion
OUT0006037,OUP0002679,Nirmala Narsimha,9940865625,Nermata,2026-04-24,Home visit,Family member reached,ASHA,FAC014,E0005461,Test completion
OUT0006038,OUP0002679,Nirmala Narsimha,9940865625,NERMATA,2026-04-18,Phone call,Family member reached,CHO,FAC014,E0005461,General adherence
OUT0006039,OUP0002679,Nirmala Narsimha,9940865625,Nermata,2026-05-13,Phone call,No answer,ASHA,FAC015,E0005462,Test completion
OUT0006040,OUP0002680,Padma Narsimha,,Kohir,2026-08-21,Home visit,Family member reached,ASHA,FAC024,E0005464,Medicine pickup
OUT0006041,OUP0002680,Padma Narsimha,9117116338,Kohir,2026-08-23,Home visit,Patient unavailable,CHO,FAC024,E0005464,Medicine pickup
OUT0006042,OUP0002680,Padma Narsimha,9117116338,Kohir,2026-08-18,Phone call,Reached; counselled,ASHA,FAC024,E0005464,Test completion
OUT0006043,OUP0002681,Venkatesh Yadav,9048076017,Midjil,2026-08-19,Phone call,Reached; counselled,CHO,FAC007,E0005465,Test completion
OUT0006044,OUP0002681,wenkatesh Yadav,9048076017,Midji,2026-08-22,Home visit,Wrong number,CHO,FAC007,E0005465,Review visit
OUT0006045,OUP0002682,Raghav Chary,9900700991,Devarakonda,2026-01-16,Home visit,Family member reached,ASHA,FAC010,E0005466,Medicine pickup
OUT0006046,OUP0002682,Raghav Chary,9900700991,Devarakonda,2026-01-19,Phone call,Wrong number,ASHA,FAC010,E0005466,Review visit
OUT0006047,OUP0002682,Raghav Chary,9900700991,Devarakonda,2026-02-09,Home visit,Wrong number,CHO,FAC010,E0005466,General adherence
OUT0006048,OUP0002683,Shobha Krishna,9326186915,Nakrekal,2026-07-14,Phone call,Patient unavailable,CHO,FAC017,E0005467,General adherence
OUT0006049,OUP0002683,Shobha Krishna,9326186715,Nakrekal,2026-07-16,Village health day reminder,Patient unavailable,ASHA,FAC017,E0005467,Review visit
OUT0006050,OUP0002683,Shobha Krishna,+91-93261-86915,Nakrekal,2026-07-25,Home visit,Reached; promised follow-up,ASHA,FAC017,E0005467,General adherence
OUT0006051,OUP0002684,Deepika Goud,9862190255,Polepally,2026-05-26,Home visit,Patient unavailable,CHO,FAC002,E0005468,Medicine pickup
OUT0006052,OUP0002684,Deepika Goud,9862190255,Polepally,2026-06-04,Village health day reminder,Phone switched off,CHO,FAC002,E0005468,Test completion
OUT0006053,OUP0002684,Deepika Goud,9862190255,Polepally,2026-07-05,Phone call,No answer,CHO,FAC002,E0005469,Review visit
OUT0006054,OUP0002685,Raghav Goud,9640744692,Nermata,2026-06-03,Phone call,Patient unavailable,CHO,FAC014,E0005470,Test completion
OUT0006055,OUP0002686,Sushma Kumar,9096222388,Zaheerabad,2026-07-28,Phone call,Reached; promised follow-up,ASHA,FAC023,E0005472,Test completion
OUT0006056,OUP0002687,Anitha Narsimha,9792872398,Midjil,2026-07-09,Phone call,Phone switched off,CHO,FAC009,E0005473,Test completion
OUT0006057,OUP0002687,Anitha Narsimha,9092872398,Midjil,2026-06-26,WhatsApp/SMS,Reached; counselled,CHO,FAC009,E0005473,Test completion
OUT0006058,OUP0002688,Vinod Basha,+91-93921-85915,Manoor,2026-02-07,Phone call,Family member reached,CHO,FAC021,E0005474,Review visit
OUT0006059,OUP0002688,Vinod Basha,+91-93921-85915,MANOOR,2026-02-11,Home visit,Reached; promised follow-up,CHO,FAC021,E0005474,General adherence
OUT0006060,OUP0002689,Shankar Rao,9101709206,Badepally,2026-05-12,Home visit,Reached; promised follow-up,CHO,FAC002,E0005477,General adherence
OUT0006061,OUP0002690,Lakshmi Mallaiah,,Devarakonda,2026-08-08,WhatsApp/SMS,Reached; counselled,CHO,FAC010,E0005479,General adherence
OUT0006062,OUP0002690,Lakshmi Mallaiah,9006356170,Devarakonda,2026-08-03,WhatsApp/SMS,Reached; promised follow-up,CHO,FAC010,E0005479,Test completion
OUT0006063,OUP0002691,Bhavani Kumar,9039117840,Bodajanampet,2026-08-14,WhatsApp/SMS,Reached; counselled,ASHA,FAC005,E0005480,Medicine pickup
OUT0006064,OUP0002691,Bhvani Kumar,9939117840,Bodajanampet,2026-09-05,Village health day reminder,Reached; counselled,ASHA,FAC005,E0005480,General adherence
OUT0006065,OUP0002692,Deepika Khan,9246556976,Manoor,2026-02-06,Home visit,Reached; promised follow-up,ASHA,FAC019,E0005481,Review visit
OUT0006066,OUP0002692,Deepika Khan,9246556976,MANOOR,2026-02-11,Village health day reminder,Reached; promised follow-up,CHO,FAC019,E0005481,Review visit
OUT0006067,OUP0002693,Nresh Khan,9543046469,BODAJANAMPET,2026-05-22,Home visit,Reached; promised follow-up,CHO,FAC005,E0005482,Medicine pickup
OUT0006068,OUP0002694,Rajesh Naik,9617626215,Kohir,2026-03-04,Phone call,Reached; promised follow-up,ASHA,FAC023,E0005483,Review visit
OUT0006069,OUP0002695,Srilatha Basha,9536352628,Macharam,2026-07-03,Village health day reminder,Reached; counselled,ASHA,FAC003,E0005484,Medicine pickup
OUT0006070,OUP0002695,Srilatha Basha,9536352628,Machara,2026-07-03,Village health day reminder,Family member reached,ASHA,FAC003,E0005484,Test completion
OUT0006071,OUP0002696,Santosh Laxman,9535622214,Mangalapally,2026-06-21,Home visit,Phone switched off,ASHA,FAC018,E0005485,General adherence
OUT0006072,OUP0002696,Santosh Laxman,9535622214,Mangalapally,2026-06-20,Phone call,Reached; promised follow-up,ASHA,FAC018,E0005485,Medicine pickup
OUT0006073,OUP0002697,Anitha Reddy,+91-94594-15575,Devarakonda,2026-06-09,WhatsApp/SMS,Reached; counselled,ASHA,FAC012,E0005486,Test completion
OUT0006074,OUP0002698,Kiran Shekar,9761202805,Macharam,2026-08-08,Phone call,Reached; promised follow-up,CHO,FAC003,E0005487,Test completion
OUT0006075,OUP0002698,Kiran Shekar,9761202805,Macharam,2026-08-08,Phone call,Reached; promised follow-up,ASHA,FAC003,E0005487,Test completion
OUT0006076,OUP0002699,Divya Mudiraj,9230715229,Gangapur,2026-03-01,Phone call,Wrong number,CHO,FAC003,E0005491,General adherence
OUT0006077,OUP0002699,Divya Mudiraj,9230715229,Gangapur,2026-08-20,WhatsApp/SMS,Reached; counselled,ASHA,FAC002,E0005492,Test completion
OUT0006078,OUP0002699,Divya Mudiraj,9230715229,Gangapur,2026-08-25,Phone call,Reached; counselled,CHO,FAC002,E0005492,Test completion
OUT0006079,OUP0002700,Padma Laxman,,Ameenpur,2026-07-13,Phone call,Reached; promised follow-up,ASHA,FAC025,E0005497,General adherence
OUT0006080,OUP0002700,Padma Laxman,9998026459,Ameenpur,2026-07-27,Home visit,Family member reached,ASHA,FAC025,E0005497,Medicine pickup
OUT0006081,OUP0002701,Arun Mallaiah,+91-90202-05024,Kohir,2026-06-13,Phone call,Family member reached,CHO,FAC022,E0005501,Medicine pickup
OUT0006082,OUP0002702,Swathi Reddy,9792523475,Mangalapally,2026-04-01,Village health day reminder,Wrong number,ASHA,FAC018,E0005507,Test completion
OUT0006083,OUP0002703,Mahesh Das,9037056547,Gundlapally,2026-03-22,Phone call,Family member reached,ASHA,FAC012,E0005509,General adherence
OUT0006084,OUP0002703,Mahesh Das,9037056547,Gundlapally,2026-04-09,Home visit,Patient unavailable,ASHA,FAC012,E0005509,Medicine pickup
OUT0006085,OUP0002704,Divya Yadav,,Kohir,2026-02-25,Home visit,Reached; counselled,CHO,FAC023,E0005513,Test completion
OUT0006086,OUP0002704,Divya Yadav,,Kohir,2026-03-01,Village health day reminder,Family member reached,CHO,FAC023,E0005513,Review visit
OUT0006087,OUP0002704,Divya Yadav,,Kohir,2026-03-16,Home visit,Reached; counselled,ASHA,FAC023,E0005513,General adherence
OUT0006088,OUP0002705,Shankar Krishna,+91-92729-31494,Narayankhed,2026-07-12,WhatsApp/SMS,Reached; counselled,CHO,FAC020,E0005515,Test completion
