teleconsult_id,tele_source_patient_id,patient_name,gender,age,mobile,village,block,district,consult_date,facility_id,chief_complaint,diagnosis_group,consult_mode,duration_min,medicine_advised,test_advised,review_advised,review_due_days,distance_to_facility_km,preferred_language,connectivity_quality,consult_status
TC0000001,TEP0000001,Mohan Basha,M,47,9983609751,Chandur,Chandur,Nalgonda,2026-05-19,FAC015,Routine NCD review,Other,Audio,15,Yes,Yes,No,,29.7,Telugu,Poor,Completed
TC0000002,TEP0000002,Mohan Laxman,M,44,9136944279,Bodajanampet,Balanagar,Mahabubnagar,2026-07-22,FAC006,Skin complaint,Other,Assisted video,18,No,No,Yes,21,33.3,Telugu,Fair,Completed
TC0000003,TEP0000002,Mohan Laxman,M,47,,Bodajanampet,Balanagar,Mahabubnagar,2026-08-11,FAC004,Skin complaint,Fever/Infection,Video,20,No,No,Yes,7,27.6,Telugu,Good,Completed
TC0000004,TEP0000003,Mohan Narsimha,M,46,9484336710,Kondamallepally,Devarakonda,Nalgonda,2026-06-02,FAC011,Routine NCD review,Hypertension,Video,16,Yes,Yes,Yes,30,25.7,Telugu,Fair,Completed
TC0000005,TEP0000004,Sai Krishna,M,19,9445488147,Macharam,Jadcherla,Mahabubnagar,2026-04-24,FAC001,Abdominal discomfort,Hypertension,Video,19,Yes,Yes,Yes,14,17.2,Urdu,Fair,Completed
TC0000006,TEP0000005,Anitha Narsimha,F,18,9474992238,Devarakonda,Devarakonda,Nalgonda,2026-02-26,FAC011,Skin complaint,Hypertension+Diabetes,Video,8,Yes,No,Yes,14,29.2,Telugu,Poor,Completed
TC0000007,TEP0000005,Anitha Narsimha,F,18,9474992238,Devarakonda,Devarakonda,Nalgonda,2026-03-17,FAC011,Abdominal discomfort,Hypertension+Diabetes,Audio,13,Yes,Yes,Yes,30,29.2,Telugu,Good,Completed
TC0000008,TEP0000006,Ramesh Begum,M,68,9645420540,Kangti,Narayankhed,Sangareddy,2026-02-06,FAC020,Cough,Fever/Infection,Audio,20,Yes,No,Yes,21,11.9,Telugu,Poor,Completed
TC0000009,TEP0000006,Ramesh Begum,M,64,,Kangti,Narayankhed,Sangareddy,2026-07-19,FAC019,Fever,Respiratory,Assisted video,24,Yes,No,Yes,14,20.3,Telugu,Good,Completed
TC0000010,TEP0000007,Suresh Reddy,M,44,9480289019,Chandur,Chandur,Nalgonda,2026-03-23,FAC015,Cough,Hypertension+Diabetes,Video,19,Yes,Yes,Yes,30,29.7,Telugu,Fair,Completed
TC0000011,TEP0000007,Suresh Reddy,M,43,9480282019,Chandur,Chandur,Nalgonda,2026-05-10,FAC014,Body pain,Hypertension,Assisted video,9,No,No,No,,20.6,Telugu,Good,Completed
TC0000012,TEP0000008,Bhavani Mudiraj,F,63,9308761512,Patancheru,Patancheru,Sangareddy,2026-04-01,FAC025,Body pain,Musculoskeletal,Video,19,Yes,No,Yes,30,25.4,Telugu,Fair,Completed
TC0000013,TEP0000008,Bhavani Mudiraj,F,63,9308761512,Patancheru,Patancheru,Sangareddy,2026-05-30,FAC025,Body pain,Other,Assisted video,8,Yes,No,Yes,14,25.4,Telugu,Poor,Completed
TC0000014,TEP0000008,Bhvani Mudiraj,F,61,9308761512,Patancheru,Patancheru,Sangareddy,2026-07-12,FAC027,Headache,Gastrointestinal,Video,17,Yes,No,Yes,30,36.3,Telugu,Fair,Completed
TC0000015,TEP0000009,Sriniwas Khan,M,43,+91-94092-40836,Rajapur,Balanagar,Mahabubnagar,2026-04-03,FAC006,Cough,Hypertension,Assisted video,8,Yes,No,Yes,14,8.7,Telugu,Good,Completed
TC0000016,TEP0000010,Naveen Narsimha,M,18,+91-96088-42628,NERMATA,Chandur,Nalgonda,2026-04-20,FAC015,Body pain,Respiratory,Video,8,Yes,No,Yes,21,22.4,Urdu,Poor,Completed
TC0000017,TEP0000010,Naveen Narsimha,M,18,9608842628,Nermat,Chandur,Nalgonda,2026-06-03,FAC015,Dizziness,Respiratory,Video,21,No,Yes,No,,22.4,Urdu,Fair,Completed
TC0000018,TEP0000011,Ravi Naik,M,36,9412818675,Kangti,Narayankhed,Sangareddy,2026-07-01,FAC020,Body pain,Hypertension,Audio,14,Yes,Yes,Yes,7,11.9,English,Poor,Completed
TC0000019,TEP0000011,Ravi Naik,M,38,+91-94128-18675,Kangti,Narayankhed,Sangareddy,2026-08-07,FAC020,Headache,Hypertension+Diabetes,Audio,7,No,Yes,Yes,14,11.9,English,Fair,Completed
TC0000020,TEP0000012,Srinivas Shekar,M,43,9632977212,Polepally,Jadcherla,Mahabubnagar,2026-06-26,FAC001,Skin complaint,Dermatology,Audio,8,Yes,Yes,No,,25.4,Telugu,Fair,Completed
TC0000021,TEP0000013,Sai Das,M,62,9299169424,Bhanu,Patancheru,Sangareddy,2026-08-12,FAC027,Dizziness,Diabetes,Video,18,Yes,No,No,,18.4,Telugu,Good,Completed
TC0000022,TEP0000014,Anil Patel,M,61,9911344484,Bangarigadda,Chandur,Nalgonda,2026-07-23,FAC015,Fever,Hypertension,Assisted video,19,No,Yes,Yes,21,18.0,English,Good,Completed
TC0000023,TEP0000015,Mahesh Mallaiah,M,65,9597602786,Kallepally,Balanagar,Mahabubnagar,2026-07-22,FAC004,Body pain,Dermatology,Video,15,No,No,Yes,21,26.4,Telugu,Good,Completed
TC0000024,TEP0000015,Mahesh Mallaiah,M,69,9597602786,Kallepally,Balanagar,Mahabubnagar,2026-07-29,FAC004,Cough,Dermatology,Video,13,Yes,No,Yes,7,26.4,Telugu,Poor,Completed
TC0000025,TEP0000016,Venkatesh Krishna,M,59,9930259785,Donur,Midjil,Mahabubnagar,2026-01-09,FAC007,Body pain,Musculoskeletal,Assisted video,21,No,No,Yes,30,23.7,Telugu,Poor,Completed
TC0000026,TEP0000016,Venkatesh Krishna,M,61,9930258885,Donur,Midjil,Mahabubnagar,2026-02-17,FAC009,Skin complaint,Hypertension,Assisted video,9,Yes,Yes,Yes,21,14.1,Telugu,Good,Completed
TC0000027,TEP0000017,Nirmala Khan,F,62,9921693793,Midjil,Midjil,Mahabubnagar,2026-06-30,FAC009,Skin complaint,Dermatology,Video,24,No,No,Yes,30,19.5,Telugu,Good,Completed
TC0000028,TEP0000018,Venkatesh Mudiraj,M,60,9678658261,BADEPALLY,Jadcherla,Mahabubnagar,2026-05-24,FAC002,Routine NCD review,Other,Audio,19,Yes,Yes,No,,19.9,Telugu,Poor,Completed
TC0000029,TEP0000018,Venkatesh Mudiraj,M,60,9678658261,Badepally,Jadcherla,Mahabubnagar,2026-07-28,FAC003,Abdominal discomfort,Respiratory,Audio,18,Yes,No,No,,5.1,Telugu,Poor,Completed
TC0000030,TEP0000019,Srilatha Rao,F,35,9362646185,Kangti,Narayankhed,Sangareddy,2026-04-29,FAC019,Abdominal discomfort,Fever/Infection,Video,23,Yes,Yes,No,,20.3,Telugu,Fair,Completed
TC0000031,TEP0000020,Kirn Chary,M,45,9554841074,Nakrekal,Nakrekal,Nalgonda,2026-02-16,FAC017,Headache,Hypertension,Assisted video,8,No,No,Yes,30,36.5,Urdu,Good,Completed
TC0000032,TEP0000021,Lalitha Chary,F,53,9855044748,Narayankhed,Narayankhed,Sangareddy,2026-01-14,FAC019,Headache,Musculoskeletal,Audio,20,Yes,No,No,,28.2,Telugu,Poor,Completed
TC0000033,TEP0000022,Suresh Narsimha,M,37,9515346534,Mogudampally,Zaheerabad,Sangareddy,2026-07-05,FAC023,Body pain,Diabetes,Audio,13,Yes,Yes,Yes,21,22.3,Telugu,Poor,Completed
TC0000034,TEP0000022,Suresh Narsimha,M,37,9515346534,Mogudampally,Zaheerabad,Sangareddy,2026-07-29,FAC022,Fever,Fever/Infection,Audio,21,Yes,No,Yes,21,13.2,Telugu,Good,Completed
TC0000035,TEP0000023,Mounika Reddy,F,41,9789954295,Jharasangam,Zaheerabad,Sangareddy,2026-03-31,FAC024,Cough,Fever/Infection,Video,18,Yes,No,Yes,7,2.6,Telugu,Poor,Completed
TC0000036,TEP0000024,Kavitha Begum,F,25,9979286688,Peddadinne,Devarakonda,Nalgonda,2026-03-11,FAC011,Dizziness,Fever/Infection,Video,19,Yes,No,No,,13.9,Telugu,Fair,Completed
TC0000037,TEP0000025,Sushma Begum,F,56,9748917883,Devarakonda,Devarakonda,Nalgonda,2026-03-01,FAC011,Dizziness,Gastrointestinal,Audio,20,No,No,Yes,21,29.2,Telugu,Fair,Completed
TC0000038,TEP0000025,Sushm Begum,F,56,9748917883,Devarakonda,Devarakonda,Nalgonda,2026-05-03,FAC012,Dizziness,Gastrointestinal,Video,18,Yes,No,Yes,7,22.1,Telugu,Good,Completed
TC0000039,TEP0000026,Mahesh Goud,M,43,9725511916,Manoor,Narayankhed,Sangareddy,2026-01-12,FAC019,Routine NCD review,Other,Audio,24,Yes,No,Yes,14,33.3,Telugu,Fair,Completed
TC0000040,TEP0000027,Mohan Naik,M,29,9799196363,Narayankhed,Narayankhed,Sangareddy,2026-02-10,FAC019,Body pain,Respiratory,Assisted video,18,No,No,Yes,14,28.2,Urdu,Fair,Completed
TC0000041,TEP0000028,Shankar Devi,M,66,9675486654,Kondamallepally,Devarakonda,Nalgonda,2026-01-08,FAC010,Cough,Hypertension,Audio,13,Yes,Yes,No,,20.0,Telugu,Fair,Completed
TC0000042,TEP0000029,Raju Goud,M,70,9915458298,Manoor,Narayankhed,Sangareddy,2026-03-01,FAC021,Cough,Musculoskeletal,Assisted video,13,Yes,Yes,No,,15.5,Telugu,Good,Completed
TC0000043,TEP0000029,Raju Goud,M,72,9915458298,Manoor,Narayankhed,Sangareddy,2026-06-01,FAC019,Fever,Other,Assisted video,18,Yes,No,Yes,7,33.3,Telugu,Good,Completed
TC0000044,TEP0000030,Ramesh Mallaiah,M,61,9934418959,Kummarikunta,Chandur,Nalgonda,2026-03-02,FAC013,Cough,Dermatology,Assisted video,14,No,No,Yes,14,6.5,Urdu,Poor,Completed
TC0000045,TEP0000030,Ramesh Mallaiah,M,60,9934413959,Kummarikunta,Chandur,Nalgonda,2026-08-13,FAC015,Fever,Gastrointestinal,Video,13,No,Yes,Yes,30,26.6,Urdu,Fair,Completed
TC0000046,TEP0000031,Lalitha Begum,F,50,9911829301,Balanagar,Balanagar,Mahabubnagar,2026-03-26,FAC006,Headache,Other,Video,9,Yes,No,Yes,7,1.4,Telugu,Fair,Completed
TC0000047,TEP0000032,Kiran Patel,M,54,9075935742,Gundlapally,Devarakonda,Nalgonda,2026-06-19,FAC012,Dizziness,Gastrointestinal,Video,22,Yes,No,Yes,30,25.4,Telugu,Poor,Completed
TC0000048,TEP0000032,Kiran Patel,M,54,9075935742,Gundlapally,Devarakonda,Nalgonda,2026-08-11,FAC010,Fever,Fever/Infection,Video,15,No,No,No,,26.3,Telugu,Fair,Completed
TC0000049,TEP0000033,Anil Chary,M,46,9738367208,Bodajanampet,Balanagar,Mahabubnagar,2026-01-02,FAC005,Headache,Diabetes,Audio,22,Yes,Yes,Yes,7,26.6,Telugu,Fair,Completed
TC0000050,TEP0000034,Bhavani Mudiraj,F,55,9653959646,Peddadinne,Devarakonda,Nalgonda,2026-02-22,FAC012,Body pain,Musculoskeletal,Audio,11,No,No,Yes,30,6.6,English,Fair,Completed
TC0000051,TEP0000034,Bhavani Mudiraj,F,51,9653959646,PEDDADINNE,Devarakonda,Nalgonda,2026-07-03,FAC012,Abdominal discomfort,Gastrointestinal,Assisted video,24,Yes,Yes,Yes,14,6.6,English,Poor,Completed
TC0000052,TEP0000035,Sushma Mallaiah,F,56,9204737240,Nermata,Chandur,Nalgonda,2026-02-13,FAC013,Skin complaint,Diabetes,Video,19,Yes,No,Yes,30,19.7,Telugu,Fair,Completed
TC0000053,TEP0000036,Mounika Laxman,F,51,9003321988,Rajapur,Balanagar,Mahabubnagar,2026-04-03,FAC006,Skin complaint,Fever/Infection,Audio,19,Yes,Yes,Yes,7,8.7,Telugu,Poor,Completed
TC0000054,TEP0000037,Anil Naik,M,38,9283069210,Gundlapalli,Devarakonda,Nalgonda,2026-06-14,FAC011,Cough,Other,Audio,17,Yes,Yes,No,,29.4,Telugu,Good,Completed
TC0000055,TEP0000037,Anil Naik,M,34,9283069210,Gundlapally,Devarakonda,Nalgonda,2026-08-08,FAC011,Abdominal discomfort,Hypertension+Diabetes,Audio,21,No,No,Yes,21,29.4,Telugu,Good,Completed
TC0000056,TEP0000038,Kiran Narsimha,M,39,9015029620,Bangarigadda,Chandur,Nalgonda,2026-03-17,FAC014,Abdominal discomfort,Respiratory,Assisted video,16,Yes,No,Yes,21,17.6,Telugu,Fair,Completed
TC0000057,TEP0000039,Anjali Patel,F,55,+91-97090-38798,Devarakond,Devarakonda,Nalgonda,2026-03-16,FAC010,Skin complaint,Hypertension,Audio,17,Yes,No,No,,22.8,Telugu,Poor,Completed
TC0000058,TEP0000040,Anil Reddy,M,64,9346458420,Bodajanampet,Balanagar,Mahabubnagar,2026-04-24,FAC004,Fever,Gastrointestinal,Video,14,Yes,Yes,No,,27.6,Telugu,Fair,Completed
TC0000059,TEP0000041,Swathi Patel,F,23,+91-96648-68595,Zaheerabad,Zaheerabad,Sangareddy,2026-06-29,FAC022,Cough,Dermatology,Video,12,No,No,Yes,30,25.3,Telugu,Poor,Completed
TC0000060,TEP0000041,Swathi Patel,F,22,9664868595,Zaheerabad,Zaheerabad,Sangareddy,2026-07-30,FAC023,Cough,Diabetes,Video,18,Yes,Yes,Yes,21,17.3,Telugu,Fair,Completed
TC0000061,TEP0000042,Anjali Devi,F,53,,Kondamallepally,Devarakonda,Nalgonda,2026-02-23,FAC010,Cough,Dermatology,Video,22,Yes,No,Yes,7,20.0,Telugu,Good,Completed
TC0000062,TEP0000043,Lakshmi Krishna,F,44,+91-90005-82847,Kallepally,Balanagar,Mahabubnagar,2026-05-12,FAC004,Headache,Respiratory,Assisted video,19,Yes,No,No,,26.4,Telugu,Poor,Completed
TC0000063,TEP0000044,Arun Basha,M,53,9455580789,Chandur,Chandur,Nalgonda,2026-03-11,FAC014,Routine NCD review,Diabetes,Audio,22,Yes,No,Yes,21,20.6,Telugu,Poor,Completed
TC0000064,TEP0000044,Arun,M,53,+91-94555-80789,Chandur,Chandur,Nalgonda,2026-04-30,FAC015,Dizziness,Other,Audio,9,No,No,Yes,30,29.7,Telugu,Fair,Completed
TC0000065,TEP0000045,Shankar Jangam,M,23,+91-96695-55707,Balanaga,Balanagar,Mahabubnagar,2026-05-05,FAC005,Cough,Musculoskeletal,Audio,22,No,No,No,,10.4,Telugu,Poor,Completed
TC0000066,TEP0000045,Shankar Jangam,M,23,9669555707,Balanagar,Balanagar,Mahabubnagar,2026-06-13,FAC006,Body pain,Dermatology,Audio,23,No,No,Yes,21,1.4,Telugu,Good,Completed
TC0000067,TEP0000046,Kiran Patel,M,64,9089031420,Kohir,Zaheerabad,Sangareddy,2026-04-21,FAC022,Skin complaint,Other,Audio,22,No,No,Yes,14,3.6,Telugu,Poor,Completed
TC0000068,TEP0000047,Jyothi,F,45,9526047893,Nakrekal,Nakrekal,Nalgonda,2026-06-23,FAC018,Skin complaint,Hypertension,Assisted video,20,Yes,No,No,,16.2,Telugu,Fair,Completed
TC0000069,TEP0000048,Raju Patel,M,33,9148658249,Jharasangam,Zaheerabad,Sangareddy,2026-06-02,FAC022,Body pain,Other,Assisted video,17,Yes,No,Yes,21,5.6,Telugu,Good,Completed
TC0000070,TEP0000049,Harika Khan,F,88,9870853389,Nomula,Nakrekal,Nalgonda,2026-04-18,FAC017,Routine NCD review,Other,Assisted video,8,Yes,No,Yes,14,29.9,Telugu,Poor,Completed
TC0000071,TEP0000050,Raghav Laxman,M,48,9875287515,Badepally,Jadcherla,Mahabubnagar,2026-01-19,FAC003,Fever,Hypertension,Assisted video,18,Yes,No,Yes,7,5.1,Telugu,Fair,Completed
TC0000072,TEP0000051,Anitha Basha,F,38,9447381461,Bhanur,Patancheru,Sangareddy,2026-02-01,FAC025,Abdominal discomfort,Fever/Infection,Video,17,Yes,No,Yes,30,18.7,Telugu,Poor,Completed
TC0000073,TEP0000052,Kvitha Laxman,F,39,,Badepally,Jadcherla,Mahabubnagar,2026-07-06,FAC003,Dizziness,Hypertension+Diabetes,Audio,16,Yes,Yes,Yes,7,5.1,Telugu,Poor,Completed
TC0000074,TEP0000053,Arun Narsimha,M,57,9718826752,Kondamallepally,Devarakonda,Nalgonda,2026-05-24,FAC012,Skin complaint,Fever/Infection,Audio,17,Yes,Yes,No,,19.6,Telugu,Poor,Completed
TC0000075,TEP0000054,Harika Das,F,68,9123465983,Donur,Midjil,Mahabubnagar,2026-05-15,FAC008,Abdominal discomfort,Hypertension,Audio,22,Yes,Yes,No,,9.4,Telugu,Good,Completed
TC0000076,TEP0000054,Harika Das,F,66,9123465983,Donur,Midjil,Mahabubnagar,2026-07-02,FAC007,Dizziness,Other,Audio,22,Yes,No,Yes,14,23.7,Telugu,Fair,Completed
TC0000077,TEP0000055,Rani Krishna,F,50,9856234226,Vemula,Midjil,Mahabubnagar,2026-07-03,FAC007,Routine NCD review,Other,Assisted video,16,Yes,No,Yes,7,25.7,Telugu,Good,Completed
TC0000078,TEP0000055,Rani Krishna,F,51,+91-98562-34226,VEMULA,Midjil,Mahabubnagar,2026-07-29,FAC008,Body pain,Musculoskeletal,Audio,23,No,No,Yes,7,22.2,Telugu,Good,Completed
TC0000079,TEP0000056,Suresh Laxman,M,33,9011664925,Mogudampally,Zaheerabad,Sangareddy,2026-01-17,FAC024,Fever,Respiratory,Video,12,Yes,Yes,Yes,7,16.8,Telugu,Poor,Completed
TC0000080,TEP0000057,Padma Shekar,F,44,9948463267,KANGTI,Narayankhed,Sangareddy,2026-05-24,FAC019,Dizziness,Respiratory,Video,14,Yes,No,No,,20.3,Telugu,Good,Completed
TC0000081,TEP0000057,Padma Shekar,F,44,9948463267,Kangti,Narayankhed,Sangareddy,2026-07-21,FAC020,Body pain,Other,Audio,12,Yes,No,Yes,30,11.9,Telugu,Fair,Completed
TC0000082,TEP0000058,Renuka Rao,F,45,9772600865,Midjil,Midjil,Mahabubnagar,2026-03-30,FAC008,Skin complaint,Fever/Infection,Audio,8,Yes,No,Yes,21,11.3,Telugu,Good,Completed
TC0000083,TEP0000059,Sushma Reddy,F,22,9227821042,Chandur,Chandur,Nalgonda,2026-07-01,FAC015,Body pain,Hypertension+Diabetes,Assisted video,9,Yes,Yes,Yes,7,29.7,Telugu,Good,Completed
TC0000084,TEP0000060,Rani Das,F,57,9408982079,Zaheerabad,Zaheerabad,Sangareddy,2026-05-20,FAC022,Cough,Musculoskeletal,Assisted video,13,Yes,No,No,,25.3,Telugu,Fair,Completed
TC0000085,TEP0000060,Rani Das,F,55,9408982079,Zaheerabad,Zaheerabad,Sangareddy,2026-06-26,FAC024,Dizziness,Dermatology,Audio,12,No,No,No,,28.3,Telugu,Poor,Completed
TC0000086,TEP0000061,Santosh Shekar,M,31,9248190317,Bangarigadda,Chandur,Nalgonda,2026-01-28,FAC014,Headache,Diabetes,Audio,21,Yes,Yes,Yes,21,17.6,Telugu,Poor,Completed
TC0000087,TEP0000062,Padma Chary,F,41,9818513664,Ameenpur,Patancheru,Sangareddy,2026-07-05,FAC026,Dizziness,Diabetes,Assisted video,18,Yes,No,No,,9.7,Telugu,Poor,Completed
TC0000088,TEP0000062,Padma Chary,F,40,9818513664,Ameenpur,Patancheru,Sangareddy,2026-08-02,FAC025,Skin complaint,Diabetes,Video,22,No,Yes,Yes,7,13.0,Telugu,Poor,Completed
TC0000089,TEP0000063,Lalitha Mudiraj,F,79,9396042708,Gangapur,Jadcherla,Mahabubnagar,2026-08-03,FAC003,Body pain,Hypertension,Assisted video,24,Yes,Yes,No,,26.4,Telugu,Good,Completed
TC0000090,TEP0000064,Praveen Yadav,M,72,9520302123,Gangapur,Jadcherla,Mahabubnagar,2026-01-27,FAC002,Headache,Diabetes,Assisted video,23,No,Yes,Yes,21,38.9,Telugu,Poor,Completed
TC0000091,TEP0000065,Sushma Kumar,F,51,9761691582,Vemula,Midjil,Mahabubnagar,2026-01-05,FAC007,Cough,Musculoskeletal,Video,9,No,No,Yes,7,25.7,Telugu,Fair,Completed
TC0000092,TEP0000066,Srinivs Mallaiah,M,61,9816242938,Balanagar,Balanagar,Mahabubnagar,2026-07-22,FAC006,Body pain,Hypertension,Video,7,No,Yes,No,,1.4,Telugu,Fair,Completed
TC0000093,TEP0000067,Lakshmi Goud,F,48,9121200881,Nakrekal,Nakrekal,Nalgonda,2026-05-31,FAC018,Abdominal discomfort,Hypertension+Diabetes,Assisted video,9,No,Yes,Yes,7,16.2,Telugu,Good,Completed
TC0000094,TEP0000068,Ravi Krishna,M,66,+91-99887-13034,Manoor,Narayankhed,Sangareddy,2026-02-21,FAC021,Routine NCD review,Other,Assisted video,13,Yes,No,Yes,14,15.5,Telugu,Good,Completed
TC0000095,TEP0000069,Kavitha Shekar,F,50,9531337559,Nomula,Nakrekal,Nalgonda,2026-08-07,FAC016,Abdominal discomfort,Fever/Infection,Audio,7,Yes,Yes,No,,36.1,Telugu,Good,Completed
TC0000096,TEP0000070,Rajesh Reddy,M,50,9600674893,Bhanur,Patancheru,Sangareddy,2026-03-22,FAC025,Cough,Hypertension,Assisted video,21,Yes,No,No,,18.7,Telugu,Fair,Completed
TC0000097,TEP0000071,Raju Krishna,M,56,+91-95198-99121,Chandur,Chandur,Nalgonda,2026-01-19,FAC013,Dizziness,Fever/Infection,Assisted video,14,Yes,No,Yes,21,21.3,Telugu,Poor,Completed
TC0000098,TEP0000071,Raju Krishna,M,56,9519899121,Chandur,Chandur,Nalgonda,2026-08-11,FAC014,Routine NCD review,Dermatology,Video,24,Yes,No,No,,20.6,Telugu,Poor,Completed
TC0000099,TEP0000072,Naveen Patel,M,64,+91-98241-78781,Peddadinn,Devarakonda,Nalgonda,2026-05-07,FAC011,Cough,Hypertension+Diabetes,Video,10,Yes,Yes,Yes,30,13.9,Telugu,Good,Completed
TC0000100,TEP0000073,Sushma Goud,F,54,9538357964,Vemula,Midjil,Mahabubnagar,2026-06-18,FAC009,Cough,Musculoskeletal,Assisted video,9,Yes,No,Yes,7,7.3,Telugu,Fair,Completed
TC0000101,TEP0000074,Renuka Mallaiah,F,46,9287025334,Midji,Midjil,Mahabubnagar,2026-02-12,FAC009,Abdominal discomfort,Fever/Infection,Audio,10,Yes,No,Yes,30,19.5,Telugu,Fair,Completed
TC0000102,TEP0000075,Deepika Jangam,F,44,9300346832,JHARASANGAM,Zaheerabad,Sangareddy,2026-05-20,FAC022,Skin complaint,Dermatology,Assisted video,22,Yes,No,Yes,30,5.6,Telugu,Poor,Completed
TC0000103,TEP0000075,Deepeeka Jangam,F,45,9300346882,Jharasangam,Zaheerabad,Sangareddy,2026-07-11,FAC024,Headache,Dermatology,Video,10,Yes,Yes,Yes,21,2.6,Telugu,Good,Completed
TC0000104,TEP0000076,Mohan Goud,M,21,9416057868,Nakrekal,Nakrekal,Nalgonda,2026-06-23,FAC016,Skin complaint,Other,Audio,14,Yes,Yes,No,,35.5,Telugu,Good,Completed
TC0000105,TEP0000076,Mohan Goud,M,21,+91-94160-57868,NAKREKAL,Nakrekal,Nalgonda,2026-07-23,FAC018,Headache,Dermatology,Assisted video,11,No,No,Yes,21,16.2,Telugu,Good,Completed
TC0000106,TEP0000077,Renuka Krishna,F,81,9151254866,Mogudampally,Zaheerabad,Sangareddy,2026-08-07,FAC022,Cough,Diabetes,Audio,22,Yes,No,No,,13.2,Telugu,Good,Completed
TC0000107,TEP0000078,Srinivas Jangam,M,68,9400987444,Nakrekal,Nakrekal,Nalgonda,2026-07-09,FAC016,Routine NCD review,Musculoskeletal,Assisted video,12,No,No,Yes,14,35.5,Telugu,Poor,Completed
TC0000108,TEP0000078,Srinivas Jangam,M,72,+91-94009-87444,Nakrekal,Nakrekal,Nalgonda,2026-08-08,FAC016,Routine NCD review,Hypertension,Video,18,Yes,Yes,No,,35.5,Telugu,Poor,Completed
TC0000109,TEP0000079,Suresh Goud,M,58,9337649750,Kummarikunta,Chandur,Nalgonda,2026-06-24,FAC014,Skin complaint,Hypertension,Video,11,Yes,Yes,Yes,21,7.3,Telugu,Fair,Completed
TC0000110,TEP0000080,Nirmala Das,F,78,9279660339,Narayankhed,Narayankhed,Sangareddy,2026-05-05,FAC019,Cough,Hypertension,Assisted video,23,Yes,No,Yes,30,28.2,Telugu,Good,Completed
TC0000111,TEP0000081,Srinivas Naik,M,37,,Vemula,Midjil,Mahabubnagar,2026-04-23,FAC009,Routine NCD review,Musculoskeletal,Assisted video,9,Yes,No,Yes,7,7.3,Telugu,Good,Completed
TC0000112,TEP0000081,Srinivas Naik,M,35,+91-97070-39897,Vemula,Midjil,Mahabubnagar,2026-06-11,FAC008,Fever,Hypertension,Audio,15,Yes,Yes,Yes,21,22.2,Telugu,Fair,Completed
TC0000113,TEP0000081,Srinivas,M,37,9707039897,Vemula,Midjil,Mahabubnagar,2026-07-19,FAC008,Routine NCD review,Hypertension,Audio,11,Yes,Yes,Yes,21,22.2,Telugu,Good,Completed
TC0000114,TEP0000082,Srinivas Laxman,M,40,9641722497,Nakrekal,Nakrekal,Nalgonda,2026-02-24,FAC016,Fever,Hypertension,Video,14,Yes,Yes,Yes,21,35.5,Telugu,Poor,Completed
TC0000115,TEP0000083,Swathi Mudiraj,F,59,9222033108,Midjil,Midjil,Mahabubnagar,2026-01-28,FAC007,Headache,Diabetes,Video,24,Yes,Yes,Yes,30,7.6,English,Fair,Completed
TC0000116,TEP0000083,Swathi Mudiraj,F,55,9222033108,Midjil,Midjil,Mahabubnagar,2026-03-08,FAC009,Headache,Dermatology,Audio,16,Yes,No,No,,19.5,English,Good,Completed
TC0000117,TEP0000084,Naveen Laxman,M,27,9558705212,Patancheru,Patancheru,Sangareddy,2026-05-08,FAC025,Skin complaint,Fever/Infection,Assisted video,11,Yes,No,No,,25.4,Telugu,Fair,Completed
TC0000118,TEP0000084,Naveen Laxman,M,25,9558705212,PATANCHERU,Patancheru,Sangareddy,2026-06-24,FAC025,Headache,Fever/Infection,Video,19,No,No,Yes,14,25.4,Telugu,Good,Completed
TC0000119,TEP0000085,Rajesh Mallaiah,M,68,9558260275,Marrur,Nakrekal,Nalgonda,2026-01-15,FAC018,Headache,Fever/Infection,Video,22,No,No,Yes,7,6.7,Telugu,Fair,Completed
TC0000120,TEP0000085,Rajesh Mallaiah,M,66,9558260275,Marrur,Nakrekal,Nalgonda,2026-07-13,FAC016,Headache,Respiratory,Video,17,No,No,Yes,30,36.5,Telugu,Poor,Completed
TC0000121,TEP0000086,Vinod Reddy,M,55,9112461912,Ameenpur,Patancheru,Sangareddy,2026-08-05,FAC025,Headache,Other,Assisted video,16,Yes,Yes,Yes,30,13.0,Telugu,Good,Completed
TC0000122,TEP0000087,Shankar Khan,M,30,9358350512,Gangapur,Jadcherla,Mahabubnagar,2026-06-19,FAC001,Body pain,Other,Audio,11,No,Yes,Yes,21,20.2,Telugu,Poor,Completed
TC0000123,TEP0000088,Dipika Mudiraj,F,54,9643344837,Mogudampally,Zaheerabad,Sangareddy,2026-02-22,FAC024,Cough,Hypertension+Diabetes,Audio,19,Yes,No,No,,16.8,Telugu,Fair,Completed
TC0000124,TEP0000089,Raju Laxman,M,55,9124740742,Peddadinne,Devarakonda,Nalgonda,2026-07-16,FAC010,Fever,Fever/Infection,Assisted video,8,Yes,No,Yes,21,7.4,Telugu,Fair,Completed
TC0000125,TEP0000090,Shankar Mudiraj,M,40,9201433191,Kallepally,Balanagar,Mahabubnagar,2026-07-03,FAC005,Headache,Diabetes,Video,17,Yes,No,No,,26.2,Telugu,Poor,Completed
TC0000126,TEP0000091,Raju Kumar,M,67,9055666888,Midjil,Midjil,Mahabubnagar,2026-03-21,FAC007,Dizziness,Respiratory,Video,15,No,Yes,Yes,7,7.6,Telugu,Fair,Completed
TC0000127,TEP0000091,Raju Kumar,M,65,,Midji,Midjil,Mahabubnagar,2026-03-27,FAC009,Routine NCD review,Other,Assisted video,20,Yes,No,Yes,14,19.5,Telugu,Good,Completed
TC0000128,TEP0000092,Naveen Yadav,M,47,9578373288,Kallepally,Balanagar,Mahabubnagar,2026-05-09,FAC006,Fever,Fever/Infection,Assisted video,8,No,No,No,,35.4,Telugu,Fair,Completed
TC0000129,TEP0000092,Naveen Yadav,M,47,9578323288,Kallepally,Balanagar,Mahabubnagar,2026-07-23,FAC005,Cough,Musculoskeletal,Assisted video,20,No,No,No,,26.2,Telugu,Poor,Completed
TC0000130,TEP0000093,Arun Khan,M,80,9018785075,Velpula,Midjil,Mahabubnagar,2026-05-20,FAC007,Abdominal discomfort,Fever/Infection,Assisted video,23,Yes,Yes,Yes,14,17.9,Telugu,Poor,Completed
TC0000131,TEP0000093,Arun Khan,M,81,9018785075,Velpula,Midjil,Mahabubnagar,2026-07-04,FAC009,Skin complaint,Gastrointestinal,Video,24,Yes,No,No,,4.2,Telugu,Poor,Completed
TC0000132,TEP0000093,Arun Khan,M,80,9018785075,Velpula,Midjil,Mahabubnagar,2026-08-13,FAC008,Headache,Fever/Infection,Video,22,Yes,Yes,Yes,30,12.6,Telugu,Good,Completed
TC0000133,TEP0000094,Harika Patel,F,36,9024547152,Marrur,Nakrekal,Nalgonda,2026-07-08,FAC018,Body pain,Other,Video,13,Yes,Yes,Yes,21,6.7,Telugu,Fair,Completed
TC0000134,TEP0000095,Kvitha Naik,F,59,+91-96372-39553,Bhanu,Patancheru,Sangareddy,2026-04-06,FAC026,Abdominal discomfort,Diabetes,Video,20,Yes,No,Yes,21,12.8,Telugu,Fair,Completed
TC0000135,TEP0000096,Shobha Shekar,F,39,9628924526,Macharam,Jadcherla,Mahabubnagar,2026-04-09,FAC003,Fever,Diabetes,Video,10,Yes,Yes,Yes,30,12.8,Telugu,Fair,Completed
TC0000136,TEP0000096,sobha Shekar,F,39,9628924526,MACHARAM,Jadcherla,Mahabubnagar,2026-08-15,FAC003,Skin complaint,Diabetes,Assisted video,20,Yes,Yes,Yes,14,12.8,Telugu,Fair,Completed
TC0000137,TEP0000097,Mahesh Mallaiah,M,48,,Midjil,Midjil,Mahabubnagar,2026-03-01,FAC009,Fever,Hypertension,Video,13,Yes,Yes,Yes,30,19.5,Telugu,Good,Completed
TC0000138,TEP0000098,Saritha Goud,F,48,9388695792,Kallepally,Balanagar,Mahabubnagar,2026-01-24,FAC005,Skin complaint,Diabetes,Video,24,Yes,Yes,No,,26.2,Telugu,Fair,Completed
TC0000139,TEP0000099,Anitha Begum,F,37,,Jharasangam,Zaheerabad,Sangareddy,2026-02-17,FAC024,Cough,Musculoskeletal,Video,12,Yes,No,Yes,21,2.6,Urdu,Fair,Completed
TC0000140,TEP0000100,Lakshmi Mallaiah,F,84,9512351181,Vemula,Midjil,Mahabubnagar,2026-05-16,FAC008,Routine NCD review,Fever/Infection,Video,12,Yes,No,Yes,14,22.2,Telugu,Fair,Completed
TC0000141,TEP0000100,Lakshmi Mallaiah,F,86,9512351181,Vemula,Midjil,Mahabubnagar,2026-07-17,FAC009,Skin complaint,Diabetes,Assisted video,14,No,Yes,Yes,30,7.3,Telugu,Good,Completed
TC0000142,TEP0000101,Srilatha Jangam,F,52,9870630423,Nakrekal,Nakrekal,Nalgonda,2026-02-11,FAC017,Abdominal discomfort,Dermatology,Audio,20,Yes,No,No,,36.5,Telugu,Fair,Completed
TC0000143,TEP0000102,Renuk Laxman,F,77,9264899486,Bhanur,Patancheru,Sangareddy,2026-05-07,FAC026,Cough,Hypertension+Diabetes,Assisted video,22,Yes,No,Yes,21,12.8,Telugu,Poor,Completed
TC0000144,TEP0000103,Ravi Shekar,M,65,9513315152,Manoor,Narayankhed,Sangareddy,2026-05-23,FAC020,Routine NCD review,Gastrointestinal,Audio,12,Yes,Yes,No,,21.7,Telugu,Good,Completed
TC0000145,TEP0000104,Harika Laxman,F,65,9800692610,Vemula,Midjil,Mahabubnagar,2026-04-21,FAC008,Dizziness,Diabetes,Video,7,No,Yes,Yes,14,22.2,Telugu,Fair,Completed
TC0000146,TEP0000105,Shankar Yadav,M,66,9442198767,Macharam,Jadcherla,Mahabubnagar,2026-04-22,FAC001,Headache,Hypertension,Video,13,Yes,No,Yes,21,17.2,Telugu,Poor,Completed
TC0000147,TEP0000105,Shankar Yadav,M,66,9442198767,Macharam,Jadcherla,Mahabubnagar,2026-06-05,FAC001,Body pain,Hypertension,Audio,13,Yes,Yes,Yes,21,17.2,Telugu,Poor,Completed
TC0000148,TEP0000105,Shankar Yadav,M,64,9442198767,Macharam,Jadcherla,Mahabubnagar,2026-07-15,FAC002,Cough,Hypertension,Video,21,Yes,Yes,Yes,30,29.4,Telugu,Poor,Completed
TC0000149,TEP0000106,Shobha Basha,F,67,9147130106,DEVARAKONDA,Devarakonda,Nalgonda,2026-07-05,FAC010,Abdominal discomfort,Musculoskeletal,Video,21,Yes,No,Yes,30,22.8,Telugu,Fair,Completed
TC0000150,TEP0000107,Laleetha Das,F,37,9856986087,Marrur,Nakrekal,Nalgonda,2026-06-09,FAC017,Fever,Hypertension,Assisted video,11,Yes,Yes,Yes,30,25.8,Telugu,Fair,Completed
TC0000151,TEP0000108,Raghav Begum,M,69,9784315349,Bhanur,Patancheru,Sangareddy,2026-03-19,FAC026,Dizziness,Respiratory,Assisted video,7,Yes,No,No,,12.8,Telugu,Fair,Completed
TC0000152,TEP0000109,Santosh Patel,M,61,9408145703,Kummarikunta,Chandur,Nalgonda,2026-01-19,FAC013,Dizziness,Dermatology,Audio,13,Yes,Yes,Yes,30,6.5,Telugu,Poor,Completed
TC0000153,TEP0000110,Shobha Jangam,F,74,9602748783,Marrur,Nakrekal,Nalgonda,2026-01-01,FAC018,Headache,Diabetes,Audio,20,Yes,No,Yes,14,6.7,Telugu,Fair,Completed
TC0000154,TEP0000110,Shobha Jangam,F,75,9602748783,Marrur,Nakrekal,Nalgonda,2026-02-17,FAC017,Headache,Diabetes,Assisted video,24,No,Yes,Yes,14,25.8,Telugu,Poor,Completed
TC0000155,TEP0000111,Shobha Das,F,50,9723136367,Nermata,Chandur,Nalgonda,2026-06-23,FAC015,Headache,Gastrointestinal,Audio,24,Yes,No,No,,22.4,Telugu,Poor,Completed
TC0000156,TEP0000111,Shobha Das,F,51,9723136367,Nermata,Chandur,Nalgonda,2026-08-01,FAC015,Body pain,Musculoskeletal,Assisted video,24,No,Yes,Yes,30,22.4,Telugu,Fair,Completed
TC0000157,TEP0000112,Naveen Das,M,30,9556185715,Nakrekal,Nakrekal,Nalgonda,2026-05-01,FAC018,Dizziness,Diabetes,Assisted video,23,Yes,No,No,,16.2,Telugu,Fair,Completed
TC0000158,TEP0000113,Anil Patel,M,35,9561627782,Donur,Midjil,Mahabubnagar,2026-03-12,FAC008,Routine NCD review,Other,Assisted video,7,No,No,Yes,7,9.4,Telugu,Fair,Completed
TC0000159,TEP0000114,Srilata Laxman,F,27,9582233359,Kalher,Narayankhed,Sangareddy,2026-02-25,FAC020,Skin complaint,Other,Video,9,Yes,No,Yes,7,29.6,Telugu,Good,Completed
TC0000160,TEP0000115,Shankar Das,M,50,9663503494,Balanagar,Balanagar,Mahabubnagar,2026-02-12,FAC006,Body pain,Hypertension,Video,22,No,Yes,Yes,30,1.4,English,Good,Completed
TC0000161,TEP0000115,Shankar Das,M,48,+91-96635-03494,Balanagar,Balanagar,Mahabubnagar,2026-03-19,FAC006,Fever,Hypertension,Assisted video,18,No,Yes,No,,1.4,English,Good,Completed
TC0000162,TEP0000115,Shankar Das,M,50,9663503494,Balanagar,Balanagar,Mahabubnagar,2026-04-29,FAC004,Abdominal discomfort,Hypertension,Audio,17,No,No,Yes,21,10.8,English,Fair,Completed
TC0000163,TEP0000116,Kiran Rao,M,42,9041602242,Devarakonda,Devarakonda,Nalgonda,2026-05-21,FAC011,Routine NCD review,Hypertension,Assisted video,20,Yes,Yes,Yes,14,29.2,Telugu,Good,Completed
TC0000164,TEP0000117,Sai Khan,M,18,9441381683,Nermata,Chandur,Nalgonda,2026-06-18,FAC015,Dizziness,Gastrointestinal,Video,21,Yes,No,No,,22.4,Telugu,Good,Completed
TC0000165,TEP0000117,Sai Khan,M,18,9441381683,Nermata,Chandur,Nalgonda,2026-07-16,FAC014,Fever,Gastrointestinal,Audio,20,Yes,Yes,Yes,21,19.2,Telugu,Poor,Completed
TC0000166,TEP0000118,Raju Shekar,M,43,9945349662,Chandur,Chandur,Nalgonda,2026-08-12,FAC015,Cough,Hypertension,Video,20,Yes,No,Yes,30,29.7,Telugu,Good,Completed
TC0000167,TEP0000119,Raghav Reddy,M,39,9146717110,Indresham,Patancheru,Sangareddy,2026-04-14,FAC025,Dizziness,Hypertension+Diabetes,Assisted video,12,Yes,Yes,No,,19.2,Telugu,Good,Completed
TC0000168,TEP0000119,Raghav Reddy,M,39,9146717110,Indresham,Patancheru,Sangareddy,2026-04-17,FAC025,Dizziness,Hypertension+Diabetes,Assisted video,8,Yes,No,No,,19.2,Telugu,Poor,Completed
TC0000169,TEP0000120,Naresh Narsimha,M,64,9158188298,Vemula,Midjil,Mahabubnagar,2026-06-01,FAC008,Cough,Hypertension,Video,15,Yes,No,No,,22.2,Telugu,Fair,Completed
TC0000170,TEP0000121,Rajesh Khan,M,36,9960417005,Nakrekal,Nakrekal,Nalgonda,2026-07-23,FAC018,Abdominal discomfort,Musculoskeletal,Video,8,Yes,No,Yes,14,16.2,Telugu,Poor,Completed
TC0000171,TEP0000122,Nresh Devi,M,41,9826315456,KALLEPALLY,Balanagar,Mahabubnagar,2026-07-25,FAC006,Body pain,Fever/Infection,Assisted video,9,Yes,Yes,Yes,7,35.4,Telugu,Good,Completed
TC0000172,TEP0000123,Kiran Reddy,M,18,9149323216,KALHER,Narayankhed,Sangareddy,2026-07-07,FAC020,Cough,Respiratory,Audio,7,Yes,No,Yes,30,29.6,Telugu,Good,Completed
TC0000173,TEP0000124,Lalitha Begum,F,46,9898723895,NERMATA,Chandur,Nalgonda,2026-02-18,FAC014,Abdominal discomfort,Dermatology,Assisted video,16,Yes,No,Yes,14,19.2,Urdu,Good,Completed
TC0000174,TEP0000125,Santosh Krishna,M,48,9745057244,Gundlapally,Devarakonda,Nalgonda,2026-08-12,FAC011,Dizziness,Other,Video,19,No,Yes,Yes,7,29.4,Telugu,Good,Completed
TC0000175,TEP0000126,Divya Patel,F,39,9982601319,Chandur,Chandur,Nalgonda,2026-05-11,FAC014,Body pain,Dermatology,Audio,15,Yes,No,Yes,30,20.6,Telugu,Fair,Completed
TC0000176,TEP0000126,Divya Patel,F,36,9982601319,Chandur,Chandur,Nalgonda,2026-07-08,FAC013,Dizziness,Respiratory,Video,7,No,No,No,,21.3,Telugu,Good,Completed
TC0000177,TEP0000126,Divya Patel,F,37,+91-99826-01319,Chandur,Chandur,Nalgonda,2026-08-06,FAC013,Dizziness,Fever/Infection,Video,19,Yes,No,No,,21.3,Telugu,Poor,Completed
TC0000178,TEP0000127,Shankar Laxman,M,69,9174299050,Gundlapalli,Devarakonda,Nalgonda,2026-06-29,FAC011,Dizziness,Respiratory,Video,17,Yes,No,Yes,21,29.4,Telugu,Fair,Completed
TC0000179,TEP0000127,Shankar Laxman,M,69,9174299050,Gundlapalli,Devarakonda,Nalgonda,2026-08-04,FAC012,Abdominal discomfort,Gastrointestinal,Assisted video,9,Yes,No,Yes,21,25.4,Telugu,Poor,Completed
TC0000180,TEP0000128,Santosh Rao,M,67,9702187522,Marrur,Nakrekal,Nalgonda,2026-05-25,FAC016,Body pain,Dermatology,Assisted video,15,Yes,No,Yes,21,36.5,Telugu,Poor,Completed
TC0000181,TEP0000129,Srinivas Mallaiah,M,51,9968000901,Chandur,Chandur,Nalgonda,2026-01-11,FAC015,Body pain,Hypertension,Video,7,Yes,Yes,Yes,21,29.7,Telugu,Fair,Completed
TC0000182,TEP0000129,Srinivas Mallaiah,M,51,9968000901,Chandur,Chandur,Nalgonda,2026-07-06,FAC015,Headache,Other,Assisted video,7,Yes,Yes,Yes,7,29.7,Telugu,Poor,Completed
TC0000183,TEP0000130,Padma Patel,F,88,+91-90911-28606,Balanagar,Balanagar,Mahabubnagar,2026-06-18,FAC004,Routine NCD review,Gastrointestinal,Video,12,Yes,No,Yes,7,10.8,Telugu,Fair,Completed
TC0000184,TEP0000131,Anitha Yadav,F,38,9855930078,Vemul,Midjil,Mahabubnagar,2026-05-30,FAC009,Abdominal discomfort,Fever/Infection,Assisted video,22,Yes,No,No,,7.3,Urdu,Poor,Completed
TC0000185,TEP0000131,nitha Yadav,F,39,9855930078,Vemula,Midjil,Mahabubnagar,2026-07-07,FAC008,Abdominal discomfort,Hypertension,Audio,8,Yes,No,No,,22.2,Urdu,Good,Completed
TC0000186,TEP0000132,Vinod Rao,M,33,9121639737,Jharasangam,Zaheerabad,Sangareddy,2026-04-22,FAC024,Headache,Hypertension,Assisted video,20,Yes,Yes,Yes,14,2.6,Urdu,Poor,Completed
TC0000187,TEP0000132,Vinod Rao,M,34,9121639737,Jharasangam,Zaheerabad,Sangareddy,2026-08-02,FAC023,Dizziness,Hypertension+Diabetes,Audio,24,No,No,Yes,21,18.7,Urdu,Good,Completed
TC0000188,TEP0000133,Srilatha Krishna,F,57,9219970333,Gangapur,Jadcherla,Mahabubnagar,2026-05-24,FAC002,Dizziness,Dermatology,Audio,21,No,No,Yes,7,38.9,Telugu,Poor,Completed
TC0000189,TEP0000133,Srilatha Krishna,F,58,9219970333,GANGAPUR,Jadcherla,Mahabubnagar,2026-07-03,FAC001,Body pain,Dermatology,Assisted video,16,Yes,Yes,No,,20.2,Telugu,Fair,Completed
TC0000190,TEP0000134,Sushma Patel,F,20,9270225947,Midjil,Midjil,Mahabubnagar,2026-07-10,FAC007,Skin complaint,Hypertension+Diabetes,Audio,19,No,No,No,,7.6,Telugu,Good,Completed
TC0000191,TEP0000135,Bhavani Begum,F,56,9820525755,Nermata,Chandur,Nalgonda,2026-05-21,FAC014,Dizziness,Hypertension,Assisted video,14,No,No,Yes,14,19.2,Telugu,Fair,Completed
TC0000192,TEP0000136,Srinivas Mallaiah,M,68,9156203416,Mogudampally,Zaheerabad,Sangareddy,2026-06-14,FAC024,Abdominal discomfort,Diabetes,Audio,13,Yes,Yes,Yes,21,16.8,Telugu,Fair,Completed
TC0000193,TEP0000137,Mohan Jangam,M,37,9962592192,Gangapur,Jadcherla,Mahabubnagar,2026-04-12,FAC002,Headache,Other,Audio,14,Yes,No,Yes,7,38.9,Telugu,Fair,Completed
TC0000194,TEP0000137,Mohan Jangam,M,36,9962592192,Gangapur,Jadcherla,Mahabubnagar,2026-06-02,FAC003,Headache,Musculoskeletal,Audio,14,Yes,No,Yes,14,26.4,Telugu,Good,Completed
TC0000195,TEP0000137,Mohan Jangam,M,38,9962592192,Gangapur,Jadcherla,Mahabubnagar,2026-06-08,FAC001,Fever,Fever/Infection,Video,18,Yes,No,No,,20.2,Telugu,Fair,Completed
TC0000196,TEP0000138,Anil Narsimha,M,42,9856131825,Rajapur,Balanagar,Mahabubnagar,2026-06-28,FAC004,Skin complaint,Dermatology,Assisted video,24,Yes,Yes,Yes,30,13.9,Telugu,Poor,Completed
TC0000197,TEP0000138,Anil Narsimha,M,40,9856131825,Rajapur,Balanagar,Mahabubnagar,2026-08-15,FAC004,Abdominal discomfort,Musculoskeletal,Assisted video,10,No,No,Yes,14,13.9,Telugu,Fair,Completed
TC0000198,TEP0000139,Divya Rao,F,66,9420949393,Bangarigadda,Chandur,Nalgonda,2026-06-22,FAC015,Fever,Dermatology,Audio,11,Yes,No,Yes,7,18.0,Telugu,Poor,Completed
TC0000199,TEP0000139,Divya Rao,F,65,9420949393,Bangarigadda,Chandur,Nalgonda,2026-07-21,FAC015,Body pain,Fever/Infection,Video,22,No,No,Yes,14,18.0,Telugu,Poor,Completed
TC0000200,TEP0000140,Shankar,M,55,+91-93247-69823,Nomula,Nakrekal,Nalgonda,2026-07-03,FAC016,Abdominal discomfort,Dermatology,Audio,16,Yes,No,No,,36.1,Telugu,Fair,Completed
TC0000201,TEP0000141,Ravi Shekar,M,41,9657163104,Macharam,Jadcherla,Mahabubnagar,2026-07-06,FAC003,Abdominal discomfort,Dermatology,Assisted video,19,Yes,No,No,,12.8,Telugu,Good,Completed
TC0000202,TEP0000142,Anitha Laxman,F,61,9765981233,Ameenpur,Patancheru,Sangareddy,2026-04-28,FAC027,Cough,Fever/Infection,Audio,19,Yes,Yes,Yes,21,27.9,Telugu,Good,Completed
TC0000203,TEP0000142,Anitha Laxman,F,65,9765981233,Ameenpur,Patancheru,Sangareddy,2026-05-26,FAC027,Fever,Dermatology,Video,16,No,No,Yes,30,27.9,Telugu,Poor,Completed
TC0000204,TEP0000142,Anitha Laxman,F,63,+91-97659-81233,Ameenpur,Patancheru,Sangareddy,2026-06-09,FAC026,Routine NCD review,Fever/Infection,Audio,21,Yes,No,Yes,30,9.7,Telugu,Poor,Completed
TC0000205,TEP0000143,Mahesh Reddy,M,58,9949381762,ZAHEERABAD,Zaheerabad,Sangareddy,2026-04-02,FAC022,Dizziness,Gastrointestinal,Video,13,Yes,No,No,,25.3,Telugu,Fair,Completed
TC0000206,TEP0000144,Naveen Shekar,M,58,9035857839,Mogudampally,Zaheerabad,Sangareddy,2026-03-31,FAC022,Fever,Hypertension,Audio,14,Yes,Yes,Yes,21,13.2,Telugu,Good,Completed
TC0000207,TEP0000145,Srilatha Goud,F,18,9133201896,Nomula,Nakrekal,Nalgonda,2026-03-01,FAC016,Abdominal discomfort,Hypertension,Audio,10,Yes,No,No,,36.1,Telugu,Good,Completed
TC0000208,TEP0000146,Ramesh Mudiraj,M,70,9734917936,Bangarigadda,Chandur,Nalgonda,2026-01-19,FAC013,Skin complaint,Other,Audio,22,Yes,Yes,No,,16.9,Urdu,Poor,Completed
TC0000209,TEP0000146,Ramesh Mudiraj,M,70,9734917936,Bangarigadda,Chandur,Nalgonda,2026-03-19,FAC013,Headache,Hypertension+Diabetes,Video,9,Yes,Yes,No,,16.9,Urdu,Fair,Completed
TC0000210,TEP0000147,Kiran Laxman,M,32,9555694116,Zaheerabad,Zaheerabad,Sangareddy,2026-05-10,FAC022,Dizziness,Dermatology,Assisted video,15,Yes,No,No,,25.3,Telugu,Good,Completed
TC0000211,TEP0000148,Harika Kumar,F,76,9157140780,Devarakonda,Devarakonda,Nalgonda,2026-03-08,FAC012,Headache,Fever/Infection,Assisted video,21,No,No,Yes,14,22.1,Telugu,Fair,Completed
TC0000212,TEP0000149,Jyothi Mudiraj,F,67,9423736930,Jharasangam,Zaheerabad,Sangareddy,2026-01-17,FAC023,Routine NCD review,Fever/Infection,Audio,15,Yes,No,Yes,14,18.7,English,Poor,Completed
TC0000213,TEP0000150,Swathi Chary,F,48,9859285977,Peddadinne,Devarakonda,Nalgonda,2026-05-05,FAC011,Skin complaint,Diabetes,Video,22,Yes,Yes,Yes,14,13.9,Telugu,Good,Completed
TC0000214,TEP0000151,Shankar Laxman,M,50,9277058216,Badepally,Jadcherla,Mahabubnagar,2026-02-14,FAC003,Cough,Other,Video,21,Yes,Yes,Yes,7,5.1,Telugu,Poor,Completed
TC0000215,TEP0000152,Deepika Mallaiah,F,63,9466345036,Indresham,Patancheru,Sangareddy,2026-05-31,FAC027,Body pain,Hypertension,Assisted video,17,No,No,Yes,14,22.3,Telugu,Poor,Completed
TC0000216,TEP0000152,Deepika Mallaiah,F,62,9462345036,Indresham,Patancheru,Sangareddy,2026-08-13,FAC026,Body pain,Hypertension,Audio,17,No,Yes,Yes,21,11.5,Telugu,Poor,Completed
TC0000217,TEP0000153,Vinod Chary,M,51,9188832273,Badepally,Jadcherla,Mahabubnagar,2026-04-22,FAC002,Cough,Other,Assisted video,24,Yes,Yes,Yes,30,19.9,Telugu,Good,Completed
TC0000218,TEP0000154,Lakshmi Khan,F,32,9667296627,Patancheru,Patancheru,Sangareddy,2026-04-23,FAC025,Cough,Diabetes,Assisted video,20,Yes,No,Yes,7,25.4,Telugu,Good,Completed
TC0000219,TEP0000155,Kavitha Yadav,F,31,9398476624,Rajapur,Balanagar,Mahabubnagar,2026-06-09,FAC005,Fever,Other,Audio,21,Yes,No,No,,12.6,Telugu,Fair,Completed
TC0000220,TEP0000155,Kavitha Yadav,F,31,9398476654,Rajapur,Balanagar,Mahabubnagar,2026-07-13,FAC006,Headache,Fever/Infection,Video,10,Yes,Yes,Yes,7,8.7,Telugu,Good,Completed
TC0000221,TEP0000156,Praveen Naik,M,38,+91-97450-36054,AMEENPUR,Patancheru,Sangareddy,2026-05-30,FAC027,Abdominal discomfort,Hypertension,Assisted video,9,No,Yes,Yes,30,27.9,Telugu,Good,Completed
TC0000222,TEP0000157,Shankar Reddy,M,63,9790123288,Narayankhed,Narayankhed,Sangareddy,2026-03-25,FAC020,Fever,Gastrointestinal,Audio,18,No,No,No,,23.7,Urdu,Good,Completed
TC0000223,TEP0000158,Shobha Naik,F,76,9900148815,Rajapur,Balanagar,Mahabubnagar,2026-02-01,FAC004,Abdominal discomfort,Other,Audio,10,No,No,Yes,30,13.9,Telugu,Poor,Completed
TC0000224,TEP0000159,Shankar Laxman,M,33,9732068410,PATANCHERU,Patancheru,Sangareddy,2026-05-07,FAC027,Skin complaint,Fever/Infection,Audio,18,Yes,Yes,No,,36.3,Telugu,Fair,Completed
TC0000225,TEP0000160,Shobha Basha,F,57,9960486930,Nakrekal,Nakrekal,Nalgonda,2026-03-01,FAC018,Cough,Respiratory,Assisted video,17,Yes,Yes,Yes,21,16.2,Telugu,Good,Completed
TC0000226,TEP0000161,Venkatesh Shekar,M,56,,Nakrekal,Nakrekal,Nalgonda,2026-04-25,FAC017,Headache,Dermatology,Audio,22,Yes,No,No,,36.5,Telugu,Good,Completed
TC0000227,TEP0000162,Suresh Chary,M,30,9597715778,Kohir,Zaheerabad,Sangareddy,2026-08-02,FAC024,Dizziness,Hypertension+Diabetes,Assisted video,13,Yes,Yes,Yes,14,6.4,Telugu,Good,Completed
TC0000228,TEP0000163,Arun Devi,M,51,9802361259,Bangarigadda,Chandur,Nalgonda,2026-01-22,FAC013,Abdominal discomfort,Hypertension+Diabetes,Audio,16,Yes,No,Yes,21,16.9,Telugu,Good,Completed
TC0000229,TEP0000164,Divy Basha,F,40,9221725407,Kohir,Zaheerabad,Sangareddy,2026-07-23,FAC022,Skin complaint,Other,Audio,24,Yes,Yes,Yes,21,3.6,Telugu,Fair,Completed
TC0000230,TEP0000165,Ramesh Reddy,M,48,9434084939,Bhanur,Patancheru,Sangareddy,2026-07-03,FAC027,Cough,Hypertension,Assisted video,11,Yes,No,No,,18.4,Telugu,Poor,Completed
TC0000231,TEP0000165,Ramesh Reddy,M,46,9434084939,Bhanur,Patancheru,Sangareddy,2026-07-30,FAC025,Headache,Other,Assisted video,21,Yes,No,Yes,14,18.7,Telugu,Good,Completed
TC0000232,TEP0000166,Naveen Begum,M,55,+91-97865-23451,Narayankhed,Narayankhed,Sangareddy,2026-03-21,FAC021,Abdominal discomfort,Musculoskeletal,Assisted video,17,No,Yes,No,,7.0,Telugu,Good,Completed
TC0000233,TEP0000167,Kavitha Rao,F,63,9934070984,Kangti,Narayankhed,Sangareddy,2026-01-13,FAC020,Body pain,Gastrointestinal,Assisted video,14,No,No,Yes,14,11.9,Telugu,Good,Completed
TC0000234,TEP0000168,Anitha Basha,F,21,9444621490,Donur,Midjil,Mahabubnagar,2026-02-22,FAC007,Dizziness,Other,Audio,15,Yes,Yes,Yes,30,23.7,Urdu,Poor,Completed
TC0000235,TEP0000168,Anitha Basha,F,20,9444621490,Donur,Midjil,Mahabubnagar,2026-04-03,FAC009,Headache,Fever/Infection,Assisted video,19,Yes,No,Yes,7,14.1,Urdu,Good,Completed
TC0000236,TEP0000168,Anitha Basha,F,21,9444621490,Donur,Midjil,Mahabubnagar,2026-04-16,FAC009,Routine NCD review,Other,Assisted video,10,Yes,No,Yes,7,14.1,Urdu,Poor,Completed
TC0000237,TEP0000169,Padma Yadav,F,67,,Gangapur,Jadcherla,Mahabubnagar,2026-01-12,FAC003,Body pain,Hypertension,Video,7,Yes,Yes,Yes,14,26.4,Telugu,Poor,Completed
TC0000238,TEP0000170,Nirmala Shekar,F,46,9561345595,Gundlapall,Devarakonda,Nalgonda,2026-05-07,FAC010,Abdominal discomfort,Musculoskeletal,Assisted video,8,Yes,No,Yes,7,26.3,Telugu,Fair,Completed
TC0000239,TEP0000170,Nirmala Shekar,F,46,9561345595,Gundlapally,Devarakonda,Nalgonda,2026-07-29,FAC010,Skin complaint,Gastrointestinal,Assisted video,15,Yes,No,Yes,7,26.3,Telugu,Poor,Completed
TC0000240,TEP0000171,Padma Goud,F,50,,Balanagar,Balanagar,Mahabubnagar,2026-05-16,FAC005,Dizziness,Diabetes,Assisted video,12,Yes,No,No,,10.4,Telugu,Good,Completed
TC0000241,TEP0000172,Deepika Das,F,46,9989487308,Gundlapally,Devarakonda,Nalgonda,2026-05-09,FAC012,Dizziness,Fever/Infection,Assisted video,16,Yes,No,Yes,30,25.4,Telugu,Poor,Completed
TC0000242,TEP0000173,Lalitha Das,F,80,9152428055,Kummarikunta,Chandur,Nalgonda,2026-03-05,FAC013,Routine NCD review,Gastrointestinal,Assisted video,9,Yes,No,No,,6.5,Telugu,Poor,Completed
TC0000243,TEP0000174,Rajes Jangam,M,65,9285679163,Velpula,Midjil,Mahabubnagar,2026-06-13,FAC009,Skin complaint,Dermatology,Assisted video,22,Yes,Yes,Yes,30,4.2,Telugu,Good,Completed
TC0000244,TEP0000175,Shobha Chary,F,69,9991244115,KOHIR,Zaheerabad,Sangareddy,2026-08-13,FAC023,Dizziness,Hypertension,Audio,22,Yes,No,Yes,30,15.7,Telugu,Fair,Completed
TC0000245,TEP0000176,Anitha Chary,F,56,9072169574,Velpula,Midjil,Mahabubnagar,2026-06-07,FAC008,Fever,Dermatology,Video,16,Yes,No,Yes,7,12.6,Telugu,Good,Completed
TC0000246,TEP0000177,Mohan Khan,M,61,9970836778,Manoor,Narayankhed,Sangareddy,2026-05-01,FAC019,Fever,Fever/Infection,Audio,7,Yes,No,Yes,21,33.3,Urdu,Fair,Completed
TC0000247,TEP0000178,Raghav Basha,M,47,9391543146,Rajapur,Balanagar,Mahabubnagar,2026-03-12,FAC005,Abdominal discomfort,Other,Video,21,Yes,No,Yes,7,12.6,Telugu,Good,Completed
TC0000248,TEP0000178,Raghav Basha,M,46,9391543146,Rajapur,Balanagar,Mahabubnagar,2026-04-06,FAC004,Fever,Other,Assisted video,13,Yes,No,No,,13.9,Telugu,Fair,Completed
TC0000249,TEP0000179,Deepika Basha,F,62,9268872332,MACHARAM,Jadcherla,Mahabubnagar,2026-02-24,FAC001,Headache,Hypertension+Diabetes,Audio,19,No,Yes,No,,17.2,Telugu,Good,Completed
TC0000250,TEP0000179,Deepik Basha,F,64,9268372332,Macharam,Jadcherla,Mahabubnagar,2026-04-04,FAC002,Headache,Hypertension+Diabetes,Audio,20,Yes,Yes,Yes,14,29.4,Telugu,Poor,Completed
TC0000251,TEP0000179,Deepika Basha,F,64,,Macharam,Jadcherla,Mahabubnagar,2026-04-23,FAC003,Dizziness,Hypertension,Assisted video,8,Yes,No,Yes,7,12.8,Telugu,Fair,Completed
TC0000252,TEP0000180,Anil Khan,M,36,9605164114,Polepall,Jadcherla,Mahabubnagar,2026-01-26,FAC001,Routine NCD review,Other,Video,24,Yes,No,No,,25.4,Telugu,Fair,Completed
TC0000253,TEP0000181,Nirmala Khan,F,79,9579531482,KALHER,Narayankhed,Sangareddy,2026-04-15,FAC020,Skin complaint,Hypertension,Video,19,Yes,No,Yes,14,29.6,Telugu,Good,Completed
TC0000254,TEP0000182,Naresh Kumar,M,32,9089189391,Indresham,Patancheru,Sangareddy,2026-04-14,FAC025,Fever,Musculoskeletal,Video,8,Yes,No,No,,19.2,Telugu,Fair,Completed
TC0000255,TEP0000183,Lakshmee Reddy,F,71,9870994726,Marrur,Nakrekal,Nalgonda,2026-02-27,FAC017,Routine NCD review,Diabetes,Video,19,Yes,No,Yes,7,25.8,Telugu,Good,Completed
TC0000256,TEP0000184,Sriniwas Rao,M,48,9250778858,Chandur,Chandur,Nalgonda,2026-06-21,FAC015,Abdominal discomfort,Musculoskeletal,Audio,21,Yes,No,Yes,7,29.7,Telugu,Fair,Completed
TC0000257,TEP0000184,Srinivas Rao,M,46,9250778858,Chandur,Chandur,Nalgonda,2026-08-07,FAC013,Cough,Musculoskeletal,Audio,12,Yes,No,Yes,7,21.3,Telugu,Poor,Completed
TC0000258,TEP0000185,Rames Naik,M,45,,Ameenpur,Patancheru,Sangareddy,2026-03-07,FAC025,Headache,Musculoskeletal,Video,18,Yes,No,Yes,21,13.0,Telugu,Fair,Completed
TC0000259,TEP0000186,Ramesh Mallaiah,M,47,9440951697,Patancheru,Patancheru,Sangareddy,2026-04-15,FAC027,Fever,Musculoskeletal,Video,16,Yes,No,Yes,30,36.3,Telugu,Poor,Completed
TC0000260,TEP0000187,Ravi Shekar,M,59,+91-99344-28113,Kummarikunta,Chandur,Nalgonda,2026-01-26,FAC013,Routine NCD review,Hypertension,Assisted video,23,Yes,No,Yes,7,6.5,Telugu,Good,Completed
TC0000261,TEP0000188,Raghav Shekar,M,50,9019678210,Marrur,Nakrekal,Nalgonda,2026-03-18,FAC017,Skin complaint,Dermatology,Audio,19,Yes,No,Yes,30,25.8,Telugu,Good,Completed
TC0000262,TEP0000189,Naveen Chary,M,55,+91-91519-36056,Ameenpur,Patancheru,Sangareddy,2026-03-13,FAC027,Skin complaint,Hypertension,Audio,9,Yes,Yes,No,,27.9,Telugu,Fair,Completed
TC0000263,TEP0000190,Padma Krishna,F,52,9876532621,Badepalli,Jadcherla,Mahabubnagar,2026-08-06,FAC001,Dizziness,Dermatology,Assisted video,13,Yes,Yes,Yes,30,11.4,Telugu,Fair,Completed
TC0000264,TEP0000191,Rajesh Jangam,M,68,,Indresham,Patancheru,Sangareddy,2026-04-11,FAC025,Headache,Hypertension,Video,17,Yes,No,Yes,21,19.2,Telugu,Poor,Completed
TC0000265,TEP0000192,Vinod Mudiraj,M,49,9096000610,Kangti,Narayankhed,Sangareddy,2026-05-03,FAC020,Body pain,Diabetes,Video,18,No,No,Yes,14,11.9,Telugu,Good,Completed
TC0000266,TEP0000192,Vinod Mudiraj,M,49,9096080610,Kangti,Narayankhed,Sangareddy,2026-05-25,FAC019,Headache,Diabetes,Audio,22,Yes,No,Yes,14,20.3,Telugu,Poor,Completed
TC0000267,TEP0000193,Rajes Kumar,M,54,9184247471,Kohir,Zaheerabad,Sangareddy,2026-07-17,FAC023,Headache,Hypertension,Video,16,No,No,Yes,14,15.7,Telugu,Fair,Completed
TC0000268,TEP0000194,Lalitha Reddy,F,70,9284296284,BALANAGAR,Balanagar,Mahabubnagar,2026-05-22,FAC004,Dizziness,Diabetes,Assisted video,21,Yes,Yes,Yes,14,10.8,Telugu,Fair,Completed
TC0000269,TEP0000195,Rani Mallaiah,F,31,9464142371,Gundlapally,Devarakonda,Nalgonda,2026-06-07,FAC011,Skin complaint,Other,Audio,11,Yes,Yes,No,,29.4,Telugu,Fair,Completed
TC0000270,TEP0000196,Santosh Mudiraj,M,39,9115002842,Velpula,Midjil,Mahabubnagar,2026-07-02,FAC009,Abdominal discomfort,Musculoskeletal,Video,24,Yes,No,No,,4.2,Telugu,Fair,Completed
TC0000271,TEP0000196,Santosh Mudiraj,M,41,+91-91150-02842,Velpula,Midjil,Mahabubnagar,2026-07-29,FAC009,Headache,Dermatology,Video,21,No,Yes,Yes,14,4.2,Telugu,Fair,Completed
TC0000272,TEP0000197,Rani Naik,F,18,9553051662,Mangalapally,Nakrekal,Nalgonda,2026-03-23,FAC018,Headache,Musculoskeletal,Assisted video,8,No,No,Yes,30,35.0,Telugu,Fair,Completed
TC0000273,TEP0000198,Nirmala Yadav,F,76,+91-97683-89716,Polepally,Jadcherla,Mahabubnagar,2026-05-11,FAC002,Dizziness,Diabetes,Video,22,No,No,No,,8.3,Telugu,Good,Completed
TC0000274,TEP0000199,Lakshmi Reddy,F,18,9358032354,Donur,Midjil,Mahabubnagar,2026-03-20,FAC009,Abdominal discomfort,Hypertension,Video,16,No,Yes,No,,14.1,Urdu,Good,Completed
TC0000275,TEP0000199,Lakshmi Reddy,F,18,9358032354,Donur,Midjil,Mahabubnagar,2026-04-16,FAC008,Dizziness,Hypertension,Audio,11,Yes,Yes,No,,9.4,Urdu,Poor,Completed
TC0000276,TEP0000199,Lakshmi Reddy,F,18,9358032354,Donur,Midjil,Mahabubnagar,2026-06-12,FAC008,Dizziness,Musculoskeletal,Video,24,Yes,No,No,,9.4,Urdu,Good,Completed
TC0000277,TEP0000200,Nveen Jangam,M,18,9641012366,Marrur,Nakrekal,Nalgonda,2026-06-13,FAC016,Body pain,Diabetes,Audio,11,Yes,No,No,,36.5,Telugu,Good,Completed
TC0000278,TEP0000201,Sritha Jangam,F,40,+91-94908-12921,Kallepally,Balanagar,Mahabubnagar,2026-01-09,FAC004,Fever,Hypertension,Audio,23,No,No,Yes,21,26.4,Telugu,Fair,Completed
TC0000279,TEP0000202,Rajesh Krishna,M,66,9287157096,Mangalapally,Nakrekal,Nalgonda,2026-03-22,FAC016,Skin complaint,Musculoskeletal,Video,17,No,No,Yes,14,4.1,Telugu,Poor,Completed
TC0000280,TEP0000202,Rajesh Krishna,M,65,9287157096,Mangalapally,Nakrekal,Nalgonda,2026-07-08,FAC018,Fever,Gastrointestinal,Video,11,Yes,No,Yes,7,35.0,Telugu,Poor,Completed
TC0000281,TEP0000203,Saritha Reddy,F,55,,Kondamallepally,Devarakonda,Nalgonda,2026-05-06,FAC010,Body pain,Diabetes,Audio,18,Yes,Yes,Yes,30,20.0,English,Good,Completed
TC0000282,TEP0000204,Rajesh Narsimha,M,59,9133144928,Bangarigadd,Chandur,Nalgonda,2026-01-09,FAC014,Routine NCD review,Respiratory,Audio,13,Yes,Yes,No,,17.6,Telugu,Poor,Completed
TC0000283,TEP0000204,Rajesh Narsimha,M,58,9133144928,Bangarigadda,Chandur,Nalgonda,2026-03-06,FAC015,Routine NCD review,Respiratory,Video,21,Yes,No,No,,18.0,Telugu,Poor,Completed
TC0000284,TEP0000205,Renuka Jangam,F,70,9592387298,Velpula,Midjil,Mahabubnagar,2026-05-07,FAC009,Abdominal discomfort,Hypertension,Audio,18,Yes,Yes,Yes,30,4.2,Telugu,Good,Completed
TC0000285,TEP0000206,Venkatesh Reddy,M,53,9069744993,Marrur,Nakrekal,Nalgonda,2026-03-17,FAC018,Skin complaint,Fever/Infection,Audio,16,No,No,Yes,14,6.7,Telugu,Poor,Completed
TC0000286,TEP0000207,Naveen Krishna,M,39,9651349769,Nomul,Nakrekal,Nalgonda,2026-01-19,FAC017,Headache,Other,Video,20,No,No,Yes,30,29.9,Telugu,Fair,Completed
TC0000287,TEP0000208,Santosh Yadav,M,62,9957761850,Vemula,Midjil,Mahabubnagar,2026-07-08,FAC007,Dizziness,Fever/Infection,Video,8,Yes,No,Yes,30,25.7,English,Good,Completed
TC0000288,TEP0000209,Lakshmi Krishna,F,42,9752127184,Jharasangam,Zaheerabad,Sangareddy,2026-03-13,FAC024,Routine NCD review,Other,Audio,9,No,No,Yes,14,2.6,Telugu,Good,Completed
TC0000289,TEP0000210,Suresh Devi,M,46,9834850335,Machara,Jadcherla,Mahabubnagar,2026-02-08,FAC002,Abdominal discomfort,Gastrointestinal,Video,7,Yes,No,Yes,30,29.4,Telugu,Fair,Completed
TC0000290,TEP0000211,Rani Devi,F,48,9158708688,Nomula,Nakrekal,Nalgonda,2026-01-20,FAC017,Cough,Diabetes,Video,8,Yes,No,Yes,14,29.9,Telugu,Poor,Completed
TC0000291,TEP0000212,Vinod Naik,M,53,9068838441,Nakrekal,Nakrekal,Nalgonda,2026-02-15,FAC017,Dizziness,Other,Audio,24,No,Yes,Yes,7,36.5,Telugu,Fair,Completed
TC0000292,TEP0000213,Anjali Begum,F,35,+91-93566-83089,Kangti,Narayankhed,Sangareddy,2026-03-06,FAC019,Cough,Musculoskeletal,Assisted video,10,No,No,Yes,14,20.3,Telugu,Poor,Completed
TC0000293,TEP0000213,Anjalee Begum,F,31,9356683089,KANGTI,Narayankhed,Sangareddy,2026-03-19,FAC020,Cough,Gastrointestinal,Audio,12,No,Yes,No,,11.9,Telugu,Good,Completed
TC0000294,TEP0000214,Raghav Devi,M,28,9376337352,Bodajanampet,Balanagar,Mahabubnagar,2026-05-05,FAC006,Headache,Other,Audio,13,Yes,Yes,No,,33.3,Telugu,Fair,Completed
TC0000295,TEP0000215,Anil Patel,M,42,9784244449,Macharam,Jadcherla,Mahabubnagar,2026-04-05,FAC002,Routine NCD review,Respiratory,Video,21,Yes,No,Yes,30,29.4,Telugu,Good,Completed
TC0000296,TEP0000215,Anil Patel,M,42,9784244449,Macharam,Jadcherla,Mahabubnagar,2026-06-06,FAC001,Cough,Dermatology,Audio,11,Yes,No,No,,17.2,Telugu,Good,Completed
TC0000297,TEP0000216,Ramesh Reddy,M,60,9473674827,Indresha,Patancheru,Sangareddy,2026-02-06,FAC025,Headache,Hypertension,Audio,11,Yes,Yes,Yes,7,19.2,English,Fair,Completed
TC0000298,TEP0000217,Ravi Khan,M,36,9526449694,Kalher,Narayankhed,Sangareddy,2026-01-23,FAC021,Headache,Gastrointestinal,Audio,24,Yes,No,Yes,30,22.9,Telugu,Fair,Completed
TC0000299,TEP0000218,Deepeeka Devi,F,41,9105836363,Ameenpur,Patancheru,Sangareddy,2026-02-10,FAC025,Headache,Hypertension,Assisted video,16,Yes,Yes,Yes,14,13.0,Telugu,Fair,Completed
TC0000300,TEP0000218,Deepika Devi,F,40,9105836363,Ameenpur,Patancheru,Sangareddy,2026-03-20,FAC027,Fever,Other,Assisted video,24,Yes,No,No,,27.9,Telugu,Good,Completed
TC0000301,TEP0000219,Ramesh Devi,M,61,9057014900,Ameenpur,Patancheru,Sangareddy,2026-01-28,FAC025,Skin complaint,Respiratory,Assisted video,8,Yes,No,Yes,14,13.0,Telugu,Good,Completed
TC0000302,TEP0000220,Rani Begum,F,83,9087768182,Nakrekal,Nakrekal,Nalgonda,2026-07-27,FAC018,Routine NCD review,Hypertension,Audio,9,Yes,Yes,Yes,30,16.2,Telugu,Poor,Completed
TC0000303,TEP0000221,Lalitha Khan,F,42,9418192442,Macharam,Jadcherla,Mahabubnagar,2026-07-20,FAC001,Cough,Hypertension,Assisted video,8,Yes,No,Yes,14,17.2,Telugu,Poor,Completed
TC0000304,TEP0000222,Rmesh Basha,M,35,,Gangapur,Jadcherla,Mahabubnagar,2026-07-18,FAC002,Cough,Fever/Infection,Video,19,No,No,Yes,7,38.9,Telugu,Fair,Completed
TC0000305,TEP0000223,Shankar Das,M,77,9862648898,Nakrekal,Nakrekal,Nalgonda,2026-04-09,FAC017,Skin complaint,Fever/Infection,Audio,11,Yes,No,No,,36.5,Telugu,Good,Completed
TC0000306,TEP0000224,Divya Mudiraj,F,39,9141008732,Indresham,Patancheru,Sangareddy,2026-02-26,FAC027,Dizziness,Other,Assisted video,8,Yes,No,Yes,30,22.3,Telugu,Good,Completed
TC0000307,TEP0000225,Lalitha Devi,F,45,+91-93660-83816,Kummarikunta,Chandur,Nalgonda,2026-01-08,FAC014,Headache,Other,Assisted video,9,Yes,Yes,Yes,30,7.3,Telugu,Poor,Completed
TC0000308,TEP0000225,Lalitha Devi,F,47,+91-93660-83816,Kummarikunta,Chandur,Nalgonda,2026-01-23,FAC013,Cough,Other,Video,7,No,No,No,,6.5,Telugu,Good,Completed
TC0000309,TEP0000226,Mounika Khan,F,44,9524543068,Nomula,Nakrekal,Nalgonda,2026-04-20,FAC016,Dizziness,Dermatology,Assisted video,12,Yes,Yes,Yes,30,36.1,Telugu,Good,Completed
TC0000310,TEP0000227,Naresh Mallaiah,M,52,9625504089,Nermata,Chandur,Nalgonda,2026-03-22,FAC014,Body pain,Dermatology,Video,7,Yes,No,Yes,7,19.2,Telugu,Poor,Completed
TC0000311,TEP0000228,Saritha Narsimha,F,59,9249561990,Balanagar,Balanagar,Mahabubnagar,2026-07-22,FAC006,Dizziness,Dermatology,Video,17,Yes,No,Yes,7,1.4,Telugu,Fair,Completed
TC0000312,TEP0000229,Suresh Mallaiah,M,68,9894522020,Mogudampally,Zaheerabad,Sangareddy,2026-07-25,FAC023,Cough,Musculoskeletal,Audio,22,Yes,No,Yes,21,22.3,Telugu,Good,Completed
TC0000313,TEP0000230,Padma Jangam,F,38,9057797016,Bodajanampet,Balanagar,Mahabubnagar,2026-05-06,FAC006,Fever,Musculoskeletal,Audio,22,Yes,Yes,Yes,21,33.3,Telugu,Poor,Completed
TC0000314,TEP0000231,Srinivas Begum,M,58,9753129253,Rajapur,Balanagar,Mahabubnagar,2026-05-22,FAC004,Dizziness,Hypertension,Video,21,Yes,Yes,No,,13.9,Telugu,Fair,Completed
TC0000315,TEP0000231,Srinivas Begum,M,58,9753129253,RAJAPUR,Balanagar,Mahabubnagar,2026-06-07,FAC005,Body pain,Musculoskeletal,Assisted video,24,No,No,No,,12.6,Telugu,Fair,Completed
TC0000316,TEP0000231,Srinivas Begum,M,58,9753129253,Rajapur,Balanagar,Mahabubnagar,2026-07-24,FAC005,Headache,Other,Assisted video,23,Yes,No,Yes,21,12.6,Telugu,Fair,Completed
TC0000317,TEP0000232,Shankar Mudiraj,M,52,+91-90471-93117,KOHIR,Zaheerabad,Sangareddy,2026-07-21,FAC022,Headache,Hypertension,Video,24,Yes,Yes,No,,3.6,Urdu,Fair,Completed
TC0000318,TEP0000233,Lakshmi Das,F,40,9254180472,Indresham,Patancheru,Sangareddy,2026-07-20,FAC027,Fever,Fever/Infection,Audio,14,Yes,No,Yes,30,22.3,Urdu,Good,Completed
TC0000319,TEP0000234,Anil Naik,M,25,,Nomula,Nakrekal,Nalgonda,2026-04-25,FAC017,Dizziness,Musculoskeletal,Audio,11,Yes,No,Yes,21,29.9,Telugu,Poor,Completed
TC0000320,TEP0000235,Raju Mallaiah,M,37,9360308302,Nomula,Nakrekal,Nalgonda,2026-01-28,FAC017,Cough,Hypertension,Audio,17,Yes,Yes,Yes,21,29.9,Telugu,Fair,Completed
TC0000321,TEP0000236,Anitha Mallaiah,F,52,9274231520,Manoor,Narayankhed,Sangareddy,2026-06-20,FAC020,Routine NCD review,Hypertension+Diabetes,Audio,23,Yes,No,No,,21.7,Urdu,Poor,Completed
TC0000322,TEP0000237,Mounika Shekar,F,58,9437852710,Ameenpur,Patancheru,Sangareddy,2026-02-08,FAC026,Cough,Hypertension,Video,19,Yes,No,No,,9.7,Urdu,Poor,Completed
TC0000323,TEP0000238,Hareeka Jangam,F,60,+91-90560-66677,Kallepally,Balanagar,Mahabubnagar,2026-03-14,FAC006,Body pain,Gastrointestinal,Audio,18,No,No,Yes,14,35.4,Telugu,Fair,Completed
TC0000324,TEP0000238,Harika Jangam,F,60,9056066677,Kallepally,Balanagar,Mahabubnagar,2026-04-27,FAC005,Routine NCD review,Dermatology,Assisted video,12,Yes,No,Yes,21,26.2,Telugu,Good,Completed
TC0000325,TEP0000239,Sai Basha,M,44,9985877156,Kangt,Narayankhed,Sangareddy,2026-03-27,FAC021,Dizziness,Dermatology,Audio,22,Yes,No,Yes,7,27.8,Telugu,Fair,Completed
TC0000326,TEP0000240,Mohn Das,M,53,9701259940,Donur,Midjil,Mahabubnagar,2026-03-06,FAC008,Fever,Musculoskeletal,Assisted video,23,Yes,Yes,Yes,30,9.4,Telugu,Fair,Completed
TC0000327,TEP0000240,Mohan Das,M,53,9701259940,Donur,Midjil,Mahabubnagar,2026-07-18,FAC008,Headache,Dermatology,Video,14,Yes,No,No,,9.4,Telugu,Fair,Completed
TC0000328,TEP0000241,Srilata Shekar,F,68,9930981472,Vemula,Midjil,Mahabubnagar,2026-02-11,FAC007,Body pain,Hypertension,Video,11,No,No,No,,25.7,Telugu,Fair,Completed
TC0000329,TEP0000242,Shobha Shekar,F,35,+91-92608-45882,MARRUR,Nakrekal,Nalgonda,2026-01-16,FAC016,Skin complaint,Hypertension,Video,19,Yes,No,Yes,30,36.5,Telugu,Good,Completed
TC0000330,TEP0000242,sobha Shekar,F,38,,Marrur,Nakrekal,Nalgonda,2026-02-06,FAC017,Routine NCD review,Hypertension+Diabetes,Video,19,No,No,No,,25.8,Telugu,Poor,Completed
TC0000331,TEP0000242,Shobha Shekar,F,37,9260845882,Marrur,Nakrekal,Nalgonda,2026-08-11,FAC018,Skin complaint,Other,Assisted video,12,No,No,Yes,14,6.7,Telugu,Good,Completed
TC0000332,TEP0000243,Sritha Kumar,F,63,9978632172,Patancheru,Patancheru,Sangareddy,2026-03-20,FAC025,Body pain,Hypertension,Audio,24,No,No,Yes,7,25.4,Telugu,Fair,Completed
TC0000333,TEP0000244,Deepika Rao,F,88,9392121059,Peddadinne,Devarakonda,Nalgonda,2026-03-06,FAC011,Headache,Hypertension,Audio,7,Yes,No,Yes,14,13.9,Telugu,Poor,Completed
TC0000334,TEP0000245,Swathi Goud,F,30,9471091907,Chandur,Chandur,Nalgonda,2026-01-13,FAC015,Body pain,Musculoskeletal,Assisted video,11,Yes,No,Yes,30,29.7,English,Good,Completed
TC0000335,TEP0000246,Raju Basha,M,64,9070166123,Bhanur,Patancheru,Sangareddy,2026-06-06,FAC027,Body pain,Dermatology,Audio,13,Yes,No,Yes,7,18.4,Telugu,Fair,Completed
TC0000336,TEP0000247,Vinod Mallaiah,M,42,9531635484,Jharasangam,Zaheerabad,Sangareddy,2026-01-18,FAC022,Abdominal discomfort,Other,Audio,20,Yes,No,Yes,7,5.6,Urdu,Good,Completed
TC0000337,TEP0000247,Vinod Mallaiah,M,40,9531635484,Jharasangam,Zaheerabad,Sangareddy,2026-03-13,FAC024,Routine NCD review,Other,Assisted video,17,Yes,Yes,Yes,14,2.6,Urdu,Poor,Completed
TC0000338,TEP0000248,Rani Das,F,18,9810099446,Jharasangam,Zaheerabad,Sangareddy,2026-05-05,FAC023,Skin complaint,Other,Audio,23,Yes,No,Yes,30,18.7,Telugu,Poor,Completed
TC0000339,TEP0000248,Rani Das,F,18,9810099446,Jharasangam,Zaheerabad,Sangareddy,2026-06-06,FAC023,Dizziness,Musculoskeletal,Video,16,No,No,Yes,14,18.7,Telugu,Fair,Completed
TC0000340,TEP0000249,Ravi Shekar,M,73,,Narayankhe,Narayankhed,Sangareddy,2026-08-07,FAC021,Routine NCD review,Fever/Infection,Audio,23,No,Yes,Yes,14,7.0,Telugu,Fair,Completed
TC0000341,TEP0000249,Ravi Shekar,M,73,9405585752,Narayankhed,Narayankhed,Sangareddy,2026-08-14,FAC020,Fever,Dermatology,Assisted video,10,Yes,No,No,,23.7,Telugu,Fair,Completed
TC0000342,TEP0000250,Suresh Basha,M,34,9240164478,Rajapur,Balanagar,Mahabubnagar,2026-06-25,FAC005,Fever,Other,Video,22,Yes,Yes,Yes,7,12.6,Telugu,Fair,Completed
TC0000343,TEP0000251,Jyothi Reddy,F,70,9095405182,Narayankhed,Narayankhed,Sangareddy,2026-04-16,FAC020,Headache,Musculoskeletal,Video,23,No,No,No,,23.7,Telugu,Good,Completed
TC0000344,TEP0000252,Deepika Khan,F,57,+91-91909-90586,Mogudampally,Zaheerabad,Sangareddy,2026-02-05,FAC023,Abdominal discomfort,Hypertension+Diabetes,Assisted video,22,Yes,Yes,No,,22.3,Telugu,Fair,Completed
TC0000345,TEP0000253,Kavitha Das,F,69,9796638908,Macharam,Jadcherla,Mahabubnagar,2026-03-02,FAC001,Headache,Dermatology,Audio,14,Yes,No,No,,17.2,Telugu,Fair,Completed
TC0000346,TEP0000254,Renuka Narsimha,F,42,9289635139,Rajapur,Balanagar,Mahabubnagar,2026-06-22,FAC004,Headache,Hypertension,Audio,14,Yes,Yes,No,,13.9,Telugu,Fair,Completed
TC0000347,TEP0000254,Renuka Narsimha,F,42,9289635139,Rajapur,Balanagar,Mahabubnagar,2026-07-31,FAC005,Routine NCD review,Fever/Infection,Video,9,Yes,No,Yes,7,12.6,Telugu,Fair,Completed
TC0000348,TEP0000255,Vinod Goud,M,40,9138027290,Kallepally,Balanagar,Mahabubnagar,2026-05-21,FAC005,Dizziness,Fever/Infection,Audio,23,Yes,No,Yes,7,26.2,Telugu,Good,Completed
TC0000349,TEP0000256,Anitha Devi,F,30,9193498002,Kohir,Zaheerabad,Sangareddy,2026-06-08,FAC023,Body pain,Musculoskeletal,Audio,8,No,No,Yes,30,15.7,Telugu,Good,Completed
TC0000350,TEP0000257,Sai Devi,M,39,,Chandur,Chandur,Nalgonda,2026-01-10,FAC015,Cough,Diabetes,Assisted video,13,Yes,Yes,Yes,30,29.7,Telugu,Fair,Completed
TC0000351,TEP0000257,Saee Devi,M,41,9512601292,Chandur,Chandur,Nalgonda,2026-07-22,FAC014,Skin complaint,Hypertension+Diabetes,Video,9,Yes,Yes,Yes,7,20.6,Telugu,Good,Completed
TC0000352,TEP0000258,Sarita Mudiraj,F,47,9391188385,Bodajanampet,Balanagar,Mahabubnagar,2026-02-01,FAC004,Body pain,Hypertension,Audio,7,No,Yes,Yes,14,27.6,Telugu,Good,Completed
TC0000353,TEP0000259,Vinod Devi,M,52,9303437976,Kangti,Narayankhed,Sangareddy,2026-08-11,FAC021,Body pain,Gastrointestinal,Audio,20,Yes,No,Yes,21,27.8,Telugu,Good,Completed
TC0000354,TEP0000260,Mounika Yadav,F,59,9079130808,Marrur,Nakrekal,Nalgonda,2026-06-29,FAC018,Routine NCD review,Musculoskeletal,Video,9,Yes,No,Yes,21,6.7,Telugu,Good,Completed
TC0000355,TEP0000260,Mounika Yadav,F,60,9079130808,Marrur,Nakrekal,Nalgonda,2026-07-25,FAC016,Abdominal discomfort,Gastrointestinal,Assisted video,18,Yes,No,No,,36.5,Telugu,Fair,Completed
TC0000356,TEP0000261,Srinivas Mudiraj,M,88,9766956133,Jharasangam,Zaheerabad,Sangareddy,2026-03-27,FAC024,Headache,Diabetes,Audio,11,Yes,No,Yes,7,2.6,Telugu,Poor,Completed
TC0000357,TEP0000261,Srinivas Mudiraj,M,87,,Jharasanga,Zaheerabad,Sangareddy,2026-04-23,FAC022,Dizziness,Diabetes,Assisted video,24,Yes,No,Yes,14,5.6,Telugu,Poor,Completed
TC0000358,TEP0000262,Kavitha Kumar,F,52,9618729346,Mogudampally,Zaheerabad,Sangareddy,2026-06-03,FAC023,Skin complaint,Musculoskeletal,Audio,22,Yes,No,No,,22.3,Telugu,Fair,Completed
TC0000359,TEP0000263,sobha Basha,F,64,9121180513,Manoor,Narayankhed,Sangareddy,2026-03-31,FAC019,Abdominal discomfort,Hypertension,Assisted video,21,Yes,No,Yes,21,33.3,Telugu,Poor,Completed
TC0000360,TEP0000263,Shobha Basha,F,63,9121180513,Manoor,Narayankhed,Sangareddy,2026-05-16,FAC019,Body pain,Hypertension,Video,15,Yes,No,Yes,30,33.3,Telugu,Good,Completed
TC0000361,TEP0000264,Harika Basha,F,59,9118406588,Kummarikunta,Chandur,Nalgonda,2026-04-09,FAC015,Routine NCD review,Diabetes,Assisted video,11,Yes,No,No,,26.6,Telugu,Poor,Completed
TC0000362,TEP0000265,Anil Laxman,M,67,+91-92859-41779,Bangarigadda,Chandur,Nalgonda,2026-02-12,FAC013,Routine NCD review,Hypertension,Video,12,No,No,Yes,21,16.9,Telugu,Poor,Completed
TC0000363,TEP0000266,Divya Jangam,F,32,,Nakrekal,Nakrekal,Nalgonda,2026-05-12,FAC018,Fever,Other,Audio,23,Yes,No,Yes,7,16.2,Telugu,Good,Completed
TC0000364,TEP0000266,Divya Jangam,F,34,9684831035,Nakrekal,Nakrekal,Nalgonda,2026-07-28,FAC018,Abdominal discomfort,Other,Video,14,Yes,No,No,,16.2,Telugu,Fair,Completed
TC0000365,TEP0000266,Divya Jangam,F,34,9684831035,Nakrekal,Nakrekal,Nalgonda,2026-08-14,FAC017,Skin complaint,Musculoskeletal,Audio,9,Yes,No,Yes,14,36.5,Telugu,Fair,Completed
TC0000366,TEP0000267,Ravi Devi,M,37,9674914413,Kondamallepally,Devarakonda,Nalgonda,2026-05-28,FAC012,Abdominal discomfort,Hypertension,Video,13,Yes,Yes,No,,19.6,Telugu,Poor,Completed
TC0000367,TEP0000267,Ravi Devi,M,36,9674914413,Kondamallepally,Devarakonda,Nalgonda,2026-06-18,FAC012,Abdominal discomfort,Hypertension,Video,19,No,Yes,No,,19.6,Telugu,Good,Completed
TC0000368,TEP0000268,Renuka Rao,F,28,9758862481,Kalher,Narayankhed,Sangareddy,2026-07-09,FAC019,Headache,Other,Video,13,Yes,No,No,,24.9,Telugu,Fair,Completed
TC0000369,TEP0000269,Shankar Krishna,M,57,9631046164,Ameenpur,Patancheru,Sangareddy,2026-04-30,FAC026,Headache,Dermatology,Assisted video,21,Yes,No,Yes,7,9.7,Telugu,Good,Completed
TC0000370,TEP0000270,Padma Narsimha,F,35,+91-93748-80663,Mogudampally,Zaheerabad,Sangareddy,2026-03-04,FAC024,Headache,Dermatology,Assisted video,7,Yes,Yes,Yes,30,16.8,Telugu,Good,Completed
TC0000371,TEP0000270,Pdma Narsimha,F,35,9374880663,MOGUDAMPALLY,Zaheerabad,Sangareddy,2026-03-25,FAC023,Skin complaint,Respiratory,Audio,10,Yes,No,Yes,21,22.3,Telugu,Fair,Completed
TC0000372,TEP0000271,Swathi Shekar,F,42,9562492079,Kallepally,Balanagar,Mahabubnagar,2026-01-13,FAC004,Fever,Other,Video,10,Yes,Yes,Yes,21,26.4,Urdu,Fair,Completed
TC0000373,TEP0000272,Mounika Devi,F,59,9565094071,Gundlapally,Devarakonda,Nalgonda,2026-04-14,FAC010,Body pain,Musculoskeletal,Assisted video,19,No,No,No,,26.3,Telugu,Good,Completed
TC0000374,TEP0000273,Shobha Jangam,F,51,9660771588,Peddadinne,Devarakonda,Nalgonda,2026-04-15,FAC010,Routine NCD review,Fever/Infection,Video,20,Yes,No,Yes,7,7.4,Telugu,Fair,Completed
TC0000375,TEP0000273,Shobha Jangam,F,51,9660771588,Peddadinne,Devarakonda,Nalgonda,2026-05-19,FAC011,Cough,Hypertension,Assisted video,17,Yes,No,Yes,30,13.9,Telugu,Good,Completed
TC0000376,TEP0000274,Ravi Chary,M,37,9251814027,Kummarikunt,Chandur,Nalgonda,2026-05-06,FAC013,Skin complaint,Diabetes,Assisted video,12,Yes,No,Yes,7,6.5,Telugu,Good,Completed
TC0000377,TEP0000275,Mohan Naik,M,21,9435581171,Nakrekal,Nakrekal,Nalgonda,2026-03-15,FAC016,Fever,Dermatology,Audio,22,No,No,Yes,30,35.5,Urdu,Fair,Completed
TC0000378,TEP0000276,Jyothi Reddy,F,35,9468600434,Donur,Midjil,Mahabubnagar,2026-02-20,FAC007,Cough,Other,Audio,16,Yes,No,Yes,7,23.7,Telugu,Poor,Completed
TC0000379,TEP0000276,Jyothi Reddy,F,35,9468600434,Donur,Midjil,Mahabubnagar,2026-02-21,FAC009,Dizziness,Other,Assisted video,13,Yes,No,Yes,21,14.1,Telugu,Fair,Completed
TC0000380,TEP0000277,Arun Khan,M,60,9568041291,Manoor,Narayankhed,Sangareddy,2026-04-12,FAC021,Fever,Respiratory,Video,7,Yes,Yes,Yes,21,15.5,Telugu,Fair,Completed
TC0000381,TEP0000278,Lalitha Narsimha,F,60,9533526883,Kondamallepally,Devarakonda,Nalgonda,2026-01-22,FAC012,Skin complaint,Respiratory,Audio,10,Yes,No,Yes,7,19.6,Telugu,Fair,Completed
TC0000382,TEP0000278,Lalitha Narsimha,F,60,9533526883,Kondamallepally,Devarakonda,Nalgonda,2026-03-12,FAC012,Fever,Fever/Infection,Assisted video,19,Yes,No,Yes,21,19.6,Telugu,Poor,Completed
TC0000383,TEP0000278,Lalitha Narsimha,F,59,+91-95335-26883,Kondamallepally,Devarakonda,Nalgonda,2026-04-30,FAC012,Headache,Gastrointestinal,Video,15,Yes,Yes,Yes,7,19.6,Telugu,Good,Completed
TC0000384,TEP0000279,Raju Shekar,M,18,9899104472,Badepally,Jadcherla,Mahabubnagar,2026-02-09,FAC001,Cough,Diabetes,Video,7,Yes,Yes,Yes,7,11.4,Telugu,Poor,Completed
TC0000385,TEP0000280,Mounika Krishna,F,43,+91-91230-14780,Kangti,Narayankhed,Sangareddy,2026-04-23,FAC020,Body pain,Diabetes,Audio,10,Yes,No,Yes,21,11.9,Telugu,Fair,Completed
TC0000386,TEP0000281,Mohan Begum,M,45,9000079366,MARRUR,Nakrekal,Nalgonda,2026-04-04,FAC017,Routine NCD review,Fever/Infection,Audio,24,Yes,No,Yes,30,25.8,Urdu,Poor,Completed
TC0000387,TEP0000282,Jyothi Goud,F,56,9032873757,Devarakonda,Devarakonda,Nalgonda,2026-04-08,FAC010,Skin complaint,Dermatology,Audio,24,No,Yes,No,,22.8,Telugu,Fair,Completed
TC0000388,TEP0000282,Jyothi Goud,F,57,9032873757,Devarakonda,Devarakonda,Nalgonda,2026-05-10,FAC010,Headache,Musculoskeletal,Video,22,Yes,Yes,No,,22.8,Telugu,Fair,Completed
TC0000389,TEP0000283,Anjali Yadav,F,58,9406213317,Chandur,Chandur,Nalgonda,2026-07-30,FAC013,Cough,Respiratory,Audio,22,Yes,No,Yes,14,21.3,Telugu,Good,Completed
TC0000390,TEP0000284,Rani Das,F,31,9744011953,Kohir,Zaheerabad,Sangareddy,2026-06-01,FAC024,Skin complaint,Gastrointestinal,Video,24,No,Yes,No,,6.4,Urdu,Poor,Completed
TC0000391,TEP0000285,Kiran Mudiraj,M,53,9389409255,Patancheru,Patancheru,Sangareddy,2026-03-15,FAC026,Abdominal discomfort,Other,Audio,7,Yes,No,Yes,7,23.1,Telugu,Good,Completed
TC0000392,TEP0000286,Santosh Mudeeraj,M,86,9189191585,Polepally,Jadcherla,Mahabubnagar,2026-05-20,FAC003,Body pain,Fever/Infection,Audio,14,Yes,No,Yes,14,21.0,Telugu,Fair,Completed
TC0000393,TEP0000287,Lakshmi Patel,F,63,9185626521,Gundlapally,Devarakonda,Nalgonda,2026-07-29,FAC012,Abdominal discomfort,Fever/Infection,Audio,10,Yes,No,Yes,7,25.4,Telugu,Fair,Completed
TC0000394,TEP0000288,Renuka Chary,F,54,9985053811,Rajapur,Balanagar,Mahabubnagar,2026-02-08,FAC005,Abdominal discomfort,Diabetes,Audio,13,Yes,No,Yes,21,12.6,Telugu,Fair,Completed
TC0000395,TEP0000289,Sushma Narsimha,F,50,9941016188,Gangapur,Jadcherla,Mahabubnagar,2026-07-03,FAC003,Skin complaint,Gastrointestinal,Assisted video,16,Yes,No,Yes,21,26.4,Telugu,Poor,Completed
TC0000396,TEP0000290,Mounika Shekar,F,47,9843531693,Peddadinne,Devarakonda,Nalgonda,2026-04-25,FAC010,Body pain,Diabetes,Assisted video,18,Yes,No,Yes,30,7.4,Telugu,Good,Completed
TC0000397,TEP0000291,Suresh Reddy,M,41,9769600009,Jharasangam,Zaheerabad,Sangareddy,2026-07-26,FAC023,Abdominal discomfort,Respiratory,Video,24,Yes,Yes,Yes,14,18.7,Telugu,Good,Completed
TC0000398,TEP0000292,Arun Basha,M,38,9337768067,Zaheerabad,Zaheerabad,Sangareddy,2026-03-27,FAC023,Body pain,Musculoskeletal,Audio,12,Yes,Yes,No,,17.3,Telugu,Good,Completed
TC0000399,TEP0000293,Kavitha,F,33,9611604557,Mangalapally,Nakrekal,Nalgonda,2026-06-11,FAC018,Dizziness,Dermatology,Assisted video,21,Yes,Yes,Yes,7,35.0,Telugu,Good,Completed
TC0000400,TEP0000294,Kavitha Krishna,F,68,9815047890,Kohir,Zaheerabad,Sangareddy,2026-05-16,FAC022,Dizziness,Diabetes,Video,17,Yes,No,Yes,7,3.6,Telugu,Good,Completed
TC0000401,TEP0000294,Kavitha Krishna,F,69,,Kohir,Zaheerabad,Sangareddy,2026-06-20,FAC024,Abdominal discomfort,Other,Assisted video,22,Yes,No,Yes,21,6.4,Telugu,Poor,Completed
TC0000402,TEP0000295,Divya Begum,F,88,9060672234,Gangapur,Jadcherla,Mahabubnagar,2026-08-12,FAC001,Cough,Dermatology,Video,7,Yes,No,Yes,7,20.2,Telugu,Good,Completed
TC0000403,TEP0000296,Swathi Devi,F,78,9425885882,Kondamallepally,Devarakonda,Nalgonda,2026-01-14,FAC010,Headache,Fever/Infection,Audio,9,Yes,Yes,Yes,30,20.0,Urdu,Poor,Completed
TC0000404,TEP0000297,Praveen Jangam,M,42,9058492289,Marrur,Nakrekal,Nalgonda,2026-07-09,FAC018,Fever,Diabetes,Video,16,Yes,No,Yes,30,6.7,Telugu,Fair,Completed
TC0000405,TEP0000297,Praveen Jangam,M,42,9058492289,Marrur,Nakrekal,Nalgonda,2026-07-16,FAC018,Body pain,Other,Assisted video,21,Yes,Yes,Yes,21,6.7,Telugu,Good,Completed
TC0000406,TEP0000298,Harika,F,35,9066229866,Gundlapally,Devarakonda,Nalgonda,2026-01-30,FAC011,Dizziness,Diabetes,Assisted video,14,Yes,No,No,,29.4,English,Fair,Completed
TC0000407,TEP0000299,Nares Reddy,M,57,9006199806,Nomul,Nakrekal,Nalgonda,2026-01-16,FAC018,Headache,Gastrointestinal,Assisted video,7,Yes,No,No,,2.2,Telugu,Poor,Completed
TC0000408,TEP0000300,Mounika Rao,F,51,9061112422,Chandur,Chandur,Nalgonda,2026-03-04,FAC014,Cough,Diabetes,Audio,17,Yes,Yes,Yes,21,20.6,Urdu,Fair,Completed
TC0000409,TEP0000301,Renuka Devi,F,67,9575261495,BALANAGAR,Balanagar,Mahabubnagar,2026-05-17,FAC004,Routine NCD review,Hypertension,Video,19,No,No,Yes,30,10.8,Telugu,Poor,Completed
TC0000410,TEP0000301,Renuk Devi,F,67,9545261495,Balanagar,Balanagar,Mahabubnagar,2026-07-30,FAC006,Abdominal discomfort,Hypertension+Diabetes,Audio,15,No,No,Yes,14,1.4,Telugu,Fair,Completed
TC0000411,TEP0000302,Anjali Das,F,69,9271721608,Rajapur,Balanagar,Mahabubnagar,2026-07-25,FAC005,Routine NCD review,Other,Video,17,No,Yes,No,,12.6,Telugu,Fair,Completed
TC0000412,TEP0000303,Raju Shekar,M,90,9354734303,Bangarigadda,Chandur,Nalgonda,2026-07-15,FAC014,Fever,Diabetes,Audio,21,Yes,No,Yes,30,17.6,Telugu,Good,Completed
TC0000413,TEP0000304,Deepika Narsimha,F,58,9253459521,KUMMARIKUNTA,Chandur,Nalgonda,2026-06-21,FAC015,Skin complaint,Diabetes,Video,8,No,No,Yes,30,26.6,Telugu,Good,Completed
TC0000414,TEP0000305,Kiran Begum,M,26,+91-94538-13181,Mogudampally,Zaheerabad,Sangareddy,2026-01-11,FAC024,Abdominal discomfort,Hypertension,Assisted video,12,Yes,No,Yes,30,16.8,Urdu,Poor,Completed
TC0000415,TEP0000306,Anjali Begum,F,68,9256593173,Kallepally,Balanagar,Mahabubnagar,2026-02-13,FAC004,Abdominal discomfort,Other,Assisted video,23,Yes,No,Yes,30,26.4,Telugu,Poor,Completed
TC0000416,TEP0000306,Anjali Begum,F,66,9256593173,KALLEPALLY,Balanagar,Mahabubnagar,2026-03-08,FAC005,Headache,Respiratory,Audio,16,Yes,No,No,,26.2,Telugu,Good,Completed
TC0000417,TEP0000307,Mounika Kumar,F,61,+91-95089-03840,Kangti,Narayankhed,Sangareddy,2026-05-10,FAC021,Fever,Diabetes,Video,11,Yes,Yes,Yes,7,27.8,Telugu,Fair,Completed
TC0000418,TEP0000307,Mounika Kumar,F,64,9508903840,Kangti,Narayankhed,Sangareddy,2026-06-06,FAC021,Abdominal discomfort,Other,Audio,23,Yes,No,No,,27.8,Telugu,Poor,Completed
TC0000419,TEP0000308,Jyothi Basha,F,20,9061771299,Bodajanampe,Balanagar,Mahabubnagar,2026-07-02,FAC005,Headache,Musculoskeletal,Assisted video,23,Yes,No,No,,26.6,Urdu,Good,Completed
TC0000420,TEP0000309,Swathi Rao,F,18,9115414412,Kalher,Narayankhed,Sangareddy,2026-06-25,FAC021,Abdominal discomfort,Other,Video,13,Yes,Yes,Yes,21,22.9,Telugu,Fair,Completed
TC0000421,TEP0000309,Swathi Rao,F,20,9115414412,KALHER,Narayankhed,Sangareddy,2026-07-22,FAC020,Dizziness,Fever/Infection,Audio,8,Yes,No,Yes,7,29.6,Telugu,Good,Completed
TC0000422,TEP0000310,Sushma,F,42,+91-91735-03702,Marrur,Nakrekal,Nalgonda,2026-07-16,FAC016,Routine NCD review,Other,Audio,17,Yes,Yes,Yes,7,36.5,Telugu,Good,Completed
TC0000423,TEP0000311,Arun Shekar,M,39,9436150613,MARRUR,Nakrekal,Nalgonda,2026-08-03,FAC016,Body pain,Dermatology,Video,9,Yes,No,No,,36.5,Telugu,Fair,Completed
TC0000424,TEP0000312,Lakshmi Jangam,F,66,+91-91599-53053,Mogudampally,Zaheerabad,Sangareddy,2026-03-03,FAC022,Cough,Diabetes,Assisted video,7,Yes,Yes,No,,13.2,Urdu,Good,Completed
TC0000425,TEP0000313,Kiran Krishna,M,68,9670022526,Jharasangam,Zaheerabad,Sangareddy,2026-02-08,FAC023,Dizziness,Fever/Infection,Audio,20,Yes,No,Yes,7,18.7,English,Good,Completed
TC0000426,TEP0000313,Kiran Krishna,M,66,9670022526,Jharasangam,Zaheerabad,Sangareddy,2026-06-22,FAC023,Body pain,Hypertension,Video,21,No,Yes,Yes,21,18.7,English,Good,Completed
TC0000427,TEP0000314,Venkatesh Krishna,M,49,+91-99186-28533,Mogudampally,Zaheerabad,Sangareddy,2026-03-30,FAC023,Routine NCD review,Hypertension,Assisted video,14,Yes,Yes,Yes,30,22.3,Telugu,Good,Completed
TC0000428,TEP0000315,Naveen Reddy,M,33,9241079177,Devarakonda,Devarakonda,Nalgonda,2026-01-22,FAC011,Skin complaint,Musculoskeletal,Video,9,Yes,Yes,Yes,30,29.2,Telugu,Fair,Completed
TC0000429,TEP0000316,Shobha Narsimha,F,48,+91-94807-96944,Polepally,Jadcherla,Mahabubnagar,2026-05-01,FAC002,Skin complaint,Other,Audio,24,No,No,Yes,21,8.3,Telugu,Poor,Completed
TC0000430,TEP0000317,Naresh Krishna,M,83,9116892593,Nakrekal,Nakrekal,Nalgonda,2026-07-01,FAC018,Abdominal discomfort,Other,Video,18,Yes,Yes,No,,16.2,Telugu,Poor,Completed
TC0000431,TEP0000318,Padma Krishna,F,34,9295841079,Peddadinne,Devarakonda,Nalgonda,2026-07-25,FAC011,Routine NCD review,Hypertension+Diabetes,Video,23,Yes,Yes,Yes,14,13.9,Telugu,Good,Completed
TC0000432,TEP0000319,Rani Begum,F,37,9083674033,Kallepally,Balanagar,Mahabubnagar,2026-02-20,FAC004,Body pain,Respiratory,Audio,23,Yes,No,Yes,7,26.4,Telugu,Poor,Completed
TC0000433,TEP0000320,Anitha Rao,F,59,9540875088,Ameenpur,Patancheru,Sangareddy,2026-04-18,FAC026,Body pain,Fever/Infection,Video,15,Yes,No,Yes,21,9.7,Telugu,Poor,Completed
TC0000434,TEP0000321,Swathi Das,F,52,9823815263,Bodajanampet,Balanagar,Mahabubnagar,2026-01-30,FAC005,Fever,Gastrointestinal,Assisted video,8,Yes,No,Yes,30,26.6,Urdu,Good,Completed
TC0000435,TEP0000322,Ramesh Jangam,M,35,9526437861,Rajapur,Balanagar,Mahabubnagar,2026-03-18,FAC005,Dizziness,Dermatology,Assisted video,21,Yes,No,No,,12.6,Telugu,Poor,Completed
TC0000436,TEP0000323,Raghav Shekar,M,59,9429031280,Kummarikunta,Chandur,Nalgonda,2026-07-18,FAC013,Cough,Dermatology,Video,18,No,No,Yes,7,6.5,Telugu,Fair,Completed
TC0000437,TEP0000323,Raghav Shekar,M,58,9429031280,KUMMARIKUNTA,Chandur,Nalgonda,2026-08-10,FAC013,Abdominal discomfort,Musculoskeletal,Audio,15,Yes,No,Yes,30,6.5,Telugu,Poor,Completed
TC0000438,TEP0000324,Suresh Laxman,M,61,9473160081,Nermata,Chandur,Nalgonda,2026-07-13,FAC014,Headache,Hypertension,Assisted video,18,Yes,Yes,No,,19.2,Telugu,Poor,Completed
TC0000439,TEP0000325,Kavitha Mudiraj,F,44,9676533548,Peddadinne,Devarakonda,Nalgonda,2026-01-14,FAC012,Routine NCD review,Gastrointestinal,Video,17,Yes,No,Yes,14,6.6,Telugu,Good,Completed
TC0000440,TEP0000326,Vinod Begum,M,57,,Kummarikunta,Chandur,Nalgonda,2026-05-19,FAC014,Skin complaint,Fever/Infection,Audio,21,No,Yes,No,,7.3,Telugu,Fair,Completed
TC0000441,TEP0000327,Anitha Shekar,F,64,9800729910,Midjil,Midjil,Mahabubnagar,2026-08-03,FAC008,Dizziness,Musculoskeletal,Audio,24,Yes,Yes,Yes,21,11.3,Telugu,Poor,Completed
TC0000442,TEP0000328,Shobha Naik,F,44,9309742095,Macharam,Jadcherla,Mahabubnagar,2026-07-30,FAC001,Skin complaint,Respiratory,Audio,18,Yes,No,No,,17.2,Telugu,Fair,Completed
TC0000443,TEP0000329,Srinivas Jangam,M,64,,Kondamallepally,Devarakonda,Nalgonda,2026-07-19,FAC012,Skin complaint,Other,Video,8,Yes,No,Yes,14,19.6,Telugu,Good,Completed
TC0000444,TEP0000330,Suresh Chary,M,46,9887280878,Kondamallepally,Devarakonda,Nalgonda,2026-02-24,FAC011,Cough,Hypertension,Audio,11,Yes,No,No,,25.7,Telugu,Fair,Completed
TC0000445,TEP0000331,Rani Goud,F,58,9068925694,Kohir,Zaheerabad,Sangareddy,2026-01-28,FAC024,Dizziness,Musculoskeletal,Video,9,Yes,No,No,,6.4,English,Poor,Completed
TC0000446,TEP0000331,Rani Goud,F,58,9068925694,Kohir,Zaheerabad,Sangareddy,2026-04-12,FAC022,Headache,Fever/Infection,Video,20,Yes,No,Yes,14,3.6,English,Good,Completed
TC0000447,TEP0000332,Jyothi Mallaiah,F,55,+91-99995-45946,Marrur,Nakrekal,Nalgonda,2026-05-25,FAC016,Cough,Diabetes,Audio,20,Yes,No,Yes,14,36.5,Telugu,Poor,Completed
TC0000448,TEP0000333,Santosh Rao,M,38,9045359811,Gangapu,Jadcherla,Mahabubnagar,2026-07-21,FAC002,Dizziness,Diabetes,Video,8,Yes,Yes,Yes,30,38.9,English,Fair,Completed
TC0000449,TEP0000334,Kiran Krishna,M,51,+91-93492-04263,Patancheru,Patancheru,Sangareddy,2026-06-25,FAC026,Cough,Dermatology,Video,7,No,No,Yes,21,23.1,Telugu,Fair,Completed
TC0000450,TEP0000334,Kiran Krishna,M,50,9349204263,Patancheru,Patancheru,Sangareddy,2026-07-18,FAC027,Routine NCD review,Dermatology,Assisted video,18,No,No,Yes,7,36.3,Telugu,Poor,Completed
TC0000451,TEP0000335,Kavitha Kumar,F,69,9368427867,Bodajanampet,Balanagar,Mahabubnagar,2026-02-13,FAC004,Headache,Respiratory,Audio,12,No,No,Yes,30,27.6,Telugu,Fair,Completed
TC0000452,TEP0000335,Kavitha Kumar,F,71,9368427867,Bodajanampet,Balanagar,Mahabubnagar,2026-06-29,FAC005,Fever,Musculoskeletal,Audio,17,Yes,No,Yes,14,26.6,Telugu,Poor,Completed
TC0000453,TEP0000336,Deepika Kumar,F,61,9362525875,Kalher,Narayankhed,Sangareddy,2026-07-04,FAC021,Fever,Other,Audio,18,Yes,No,Yes,14,22.9,Telugu,Fair,Completed
TC0000454,TEP0000336,Deepika Kumar,F,59,9362525875,Kalhe,Narayankhed,Sangareddy,2026-07-27,FAC019,Skin complaint,Dermatology,Assisted video,10,Yes,No,Yes,30,24.9,Telugu,Fair,Completed
TC0000455,TEP0000337,Srilatha Basha,F,84,9613682020,Narayankhed,Narayankhed,Sangareddy,2026-04-17,FAC019,Fever,Fever/Infection,Audio,14,Yes,Yes,Yes,21,28.2,Telugu,Good,Completed
TC0000456,TEP0000338,Vinod Naik,M,55,9446224555,Bhanur,Patancheru,Sangareddy,2026-06-15,FAC026,Fever,Diabetes,Audio,9,Yes,Yes,Yes,21,12.8,Telugu,Poor,Completed
TC0000457,TEP0000339,Jyothi Goud,F,46,9815927753,AMEENPUR,Patancheru,Sangareddy,2026-03-04,FAC025,Fever,Hypertension,Assisted video,10,Yes,No,No,,13.0,Urdu,Fair,Completed
TC0000458,TEP0000339,Jyothi Goud,F,46,9815927753,Ameenpur,Patancheru,Sangareddy,2026-05-15,FAC027,Abdominal discomfort,Hypertension,Assisted video,13,No,No,Yes,30,27.9,Urdu,Fair,Completed
TC0000459,TEP0000339,Jyothi Goud,F,47,9815927753,Ameenpur,Patancheru,Sangareddy,2026-07-13,FAC025,Cough,Hypertension,Assisted video,14,Yes,Yes,Yes,30,13.0,Urdu,Good,Completed
TC0000460,TEP0000340,Srinivas Patel,M,25,+91-92673-16795,Macharam,Jadcherla,Mahabubnagar,2026-05-05,FAC003,Routine NCD review,Fever/Infection,Audio,24,No,No,Yes,21,12.8,Urdu,Fair,Completed
TC0000461,TEP0000341,Naresh Rao,M,59,9146708288,Polepally,Jadcherla,Mahabubnagar,2026-07-07,FAC001,Skin complaint,Musculoskeletal,Audio,19,No,No,Yes,21,25.4,Telugu,Fair,Completed
TC0000462,TEP0000342,Anitha Das,F,56,9106764080,Vemula,Midjil,Mahabubnagar,2026-03-08,FAC007,Headache,Diabetes,Audio,20,Yes,No,Yes,21,25.7,Telugu,Good,Completed
TC0000463,TEP0000343,Sushma Narsimha,F,34,9613189646,INDRESHAM,Patancheru,Sangareddy,2026-06-09,FAC026,Fever,Musculoskeletal,Audio,17,No,No,Yes,30,11.5,Telugu,Fair,Completed
TC0000464,TEP0000344,Suresh Krishna,M,51,9312396771,Vemula,Midjil,Mahabubnagar,2026-08-03,FAC009,Fever,Other,Video,14,No,No,Yes,30,7.3,Telugu,Poor,Completed
TC0000465,TEP0000345,Rvi Mallaiah,M,40,9836481191,Zaheerabad,Zaheerabad,Sangareddy,2026-01-20,FAC024,Routine NCD review,Hypertension,Audio,20,No,Yes,Yes,30,28.3,Telugu,Poor,Completed
TC0000466,TEP0000346,Nirmala Mudiraj,F,46,9516063923,Nakrekal,Nakrekal,Nalgonda,2026-05-17,FAC017,Body pain,Fever/Infection,Audio,18,Yes,No,No,,36.5,Telugu,Good,Completed
TC0000467,TEP0000347,Santosh Reddy,M,61,9076463597,Bodajanampet,Balanagar,Mahabubnagar,2026-07-11,FAC006,Abdominal discomfort,Diabetes,Assisted video,16,Yes,No,Yes,7,33.3,English,Poor,Completed
TC0000468,TEP0000348,Rani Mudiraj,F,60,9143523158,Kalher,Narayankhed,Sangareddy,2026-02-12,FAC019,Headache,Hypertension+Diabetes,Video,7,Yes,No,No,,24.9,Urdu,Poor,Completed
TC0000469,TEP0000349,Praveen Patel,M,19,9166684323,Donur,Midjil,Mahabubnagar,2026-01-08,FAC009,Headache,Diabetes,Audio,23,Yes,No,No,,14.1,Urdu,Poor,Completed
TC0000470,TEP0000350,Suresh Patel,M,38,+91-90324-47636,Vemula,Midjil,Mahabubnagar,2026-08-02,FAC008,Abdominal discomfort,Fever/Infection,Audio,24,Yes,Yes,Yes,21,22.2,Telugu,Poor,Completed
TC0000471,TEP0000351,Santos Das,M,61,9180846400,Ameenpur,Patancheru,Sangareddy,2026-01-26,FAC025,Fever,Hypertension+Diabetes,Audio,16,Yes,No,No,,13.0,Telugu,Good,Completed
TC0000472,TEP0000351,Santosh Das,M,65,,Ameenpur,Patancheru,Sangareddy,2026-06-05,FAC027,Cough,Hypertension+Diabetes,Audio,7,No,Yes,No,,27.9,Telugu,Good,Completed
TC0000473,TEP0000351,Santosh Das,M,61,9180846400,Ameenpur,Patancheru,Sangareddy,2026-07-11,FAC026,Fever,Hypertension+Diabetes,Assisted video,12,Yes,Yes,Yes,14,9.7,Telugu,Good,Completed
TC0000474,TEP0000352,Jyothi Laxman,F,62,9391193733,Kangti,Narayankhed,Sangareddy,2026-01-12,FAC020,Headache,Diabetes,Video,21,No,No,No,,11.9,Telugu,Good,Completed
TC0000475,TEP0000353,Ravi Begum,M,36,9322716441,Indresham,Patancheru,Sangareddy,2026-08-11,FAC026,Abdominal discomfort,Dermatology,Video,17,Yes,No,Yes,7,11.5,Telugu,Fair,Completed
TC0000476,TEP0000354,Mahesh Reddy,M,40,9228342303,Balanagar,Balanagar,Mahabubnagar,2026-02-27,FAC005,Dizziness,Other,Assisted video,16,No,No,No,,10.4,Urdu,Good,Completed
TC0000477,TEP0000355,Deepika Begum,F,51,9805957891,DEVARAKONDA,Devarakonda,Nalgonda,2026-05-24,FAC012,Cough,Hypertension,Video,11,Yes,Yes,Yes,7,22.1,Telugu,Good,Completed
TC0000478,TEP0000356,Mohan Chary,M,36,9007960112,Vemula,Midjil,Mahabubnagar,2026-05-10,FAC007,Headache,Other,Assisted video,12,Yes,No,Yes,30,25.7,Urdu,Fair,Completed
TC0000479,TEP0000357,Sai Naik,M,49,9933356525,Nermata,Chandur,Nalgonda,2026-03-21,FAC015,Body pain,Diabetes,Assisted video,14,Yes,Yes,No,,22.4,Telugu,Good,Completed
TC0000480,TEP0000358,Neermala Laxman,F,81,+91-91130-72751,NOMULA,Nakrekal,Nalgonda,2026-02-05,FAC017,Abdominal discomfort,Fever/Infection,Video,14,Yes,No,Yes,7,29.9,Telugu,Poor,Completed
TC0000481,TEP0000358,Nirmala Laxman,F,82,9113072751,Nomula,Nakrekal,Nalgonda,2026-04-27,FAC016,Dizziness,Fever/Infection,Video,20,Yes,Yes,Yes,30,36.1,Telugu,Poor,Completed
TC0000482,TEP0000359,Vinod Devi,M,18,9985762331,Mogudampally,Zaheerabad,Sangareddy,2026-06-04,FAC022,Abdominal discomfort,Hypertension,Video,12,No,No,Yes,14,13.2,Telugu,Fair,Completed
TC0000483,TEP0000360,Suresh Chary,M,22,9351145056,Ameenpur,Patancheru,Sangareddy,2026-01-21,FAC025,Skin complaint,Other,Video,17,Yes,Yes,Yes,14,13.0,Telugu,Fair,Completed
TC0000484,TEP0000361,Swathi Laxman,F,71,9106481881,Nakrekal,Nakrekal,Nalgonda,2026-06-12,FAC018,Headache,Dermatology,Audio,10,Yes,No,Yes,14,16.2,Telugu,Good,Completed
TC0000485,TEP0000362,Saritha Narsimha,F,67,9384789896,Bangarigadda,Chandur,Nalgonda,2026-04-03,FAC014,Skin complaint,Hypertension,Assisted video,21,Yes,No,No,,17.6,Telugu,Poor,Completed
TC0000486,TEP0000363,Ravi Mudiraj,M,34,9731272383,Peddadinn,Devarakonda,Nalgonda,2026-04-25,FAC011,Fever,Fever/Infection,Video,16,Yes,No,No,,13.9,Telugu,Poor,Completed
TC0000487,TEP0000363,Ravi Mudiraj,M,33,+91-97312-72383,Peddadinne,Devarakonda,Nalgonda,2026-06-04,FAC010,Routine NCD review,Hypertension,Video,8,Yes,No,Yes,21,7.4,Telugu,Fair,Completed
TC0000488,TEP0000364,Sushma Das,F,33,9443777579,Kohir,Zaheerabad,Sangareddy,2026-06-19,FAC024,Abdominal discomfort,Other,Audio,11,Yes,No,Yes,21,6.4,Telugu,Fair,Completed
TC0000489,TEP0000364,Sushma Das,F,32,9443777579,Kohir,Zaheerabad,Sangareddy,2026-07-29,FAC024,Body pain,Hypertension+Diabetes,Assisted video,12,No,Yes,Yes,7,6.4,Telugu,Good,Completed
TC0000490,TEP0000365,Raghav Das,M,18,9858439779,Bangarigadda,Chandur,Nalgonda,2026-04-06,FAC015,Cough,Diabetes,Assisted video,23,Yes,No,No,,18.0,Telugu,Fair,Completed
TC0000491,TEP0000366,Swathi Devi,F,57,,Jharasangam,Zaheerabad,Sangareddy,2026-03-09,FAC024,Fever,Fever/Infection,Audio,15,Yes,No,No,,2.6,Telugu,Poor,Completed
TC0000492,TEP0000367,Anil Mallaiah,M,73,9236933267,Nomula,Nakrekal,Nalgonda,2026-06-30,FAC017,Routine NCD review,Hypertension,Audio,17,Yes,No,Yes,30,29.9,Telugu,Poor,Completed
TC0000493,TEP0000368,Naresh Devi,M,40,9664379472,Gangapur,Jadcherla,Mahabubnagar,2026-06-12,FAC002,Abdominal discomfort,Musculoskeletal,Assisted video,24,Yes,Yes,No,,38.9,Telugu,Fair,Completed
TC0000494,TEP0000369,Sai Mallaiah,M,40,9781486012,Kohir,Zaheerabad,Sangareddy,2026-03-16,FAC022,Body pain,Gastrointestinal,Audio,8,Yes,No,Yes,7,3.6,Telugu,Poor,Completed
TC0000495,TEP0000370,Nirmala Laxman,F,70,9147839241,Bangarigadda,Chandur,Nalgonda,2026-06-18,FAC013,Headache,Gastrointestinal,Assisted video,23,Yes,No,No,,16.9,Telugu,Good,Completed
TC0000496,TEP0000371,Praveen Devi,M,28,9620878104,Kangt,Narayankhed,Sangareddy,2026-01-18,FAC019,Skin complaint,Fever/Infection,Video,19,Yes,No,No,,20.3,Telugu,Fair,Completed
TC0000497,TEP0000372,Jyothi Yadav,F,25,+91-98357-93200,Polepally,Jadcherla,Mahabubnagar,2026-06-21,FAC003,Routine NCD review,Hypertension+Diabetes,Video,8,Yes,Yes,No,,21.0,Telugu,Fair,Completed
TC0000498,TEP0000372,Jyothi Yadav,F,24,,POLEPALLY,Jadcherla,Mahabubnagar,2026-08-15,FAC001,Abdominal discomfort,Hypertension+Diabetes,Video,15,Yes,No,Yes,21,25.4,Telugu,Poor,Completed
TC0000499,TEP0000373,Vinod Reddy,M,87,9868050931,Mogudampally,Zaheerabad,Sangareddy,2026-02-10,FAC024,Abdominal discomfort,Dermatology,Audio,12,Yes,No,Yes,30,16.8,Telugu,Poor,Completed
TC0000500,TEP0000373,Vinod Reddy,M,86,9868050931,Mogudampally,Zaheerabad,Sangareddy,2026-03-05,FAC023,Abdominal discomfort,Fever/Infection,Audio,10,Yes,No,Yes,7,22.3,Telugu,Fair,Completed
TC0000501,TEP0000374,Swathi Jangam,F,63,9911841703,Kummarikunta,Chandur,Nalgonda,2026-04-28,FAC013,Skin complaint,Dermatology,Assisted video,10,Yes,Yes,Yes,7,6.5,Telugu,Poor,Completed
TC0000502,TEP0000374,Swthi Jangam,F,63,9911841703,Kummarikunta,Chandur,Nalgonda,2026-06-04,FAC013,Headache,Fever/Infection,Assisted video,20,Yes,Yes,No,,6.5,Telugu,Good,Completed
TC0000503,TEP0000375,Anil Goud,M,52,9146840239,Kondamallepally,Devarakonda,Nalgonda,2026-06-29,FAC012,Routine NCD review,Other,Assisted video,13,No,No,No,,19.6,Telugu,Poor,Completed
TC0000504,TEP0000376,Rani Chary,F,36,,Nakrekal,Nakrekal,Nalgonda,2026-02-15,FAC016,Fever,Other,Assisted video,9,Yes,Yes,Yes,14,35.5,Telugu,Poor,Completed
TC0000505,TEP0000377,Rajesh Mudiraj,M,68,,Velpula,Midjil,Mahabubnagar,2026-04-04,FAC009,Cough,Fever/Infection,Video,23,Yes,No,Yes,14,4.2,Telugu,Fair,Completed
TC0000506,TEP0000377,Rajesh Mudiraj,M,67,,Velpula,Midjil,Mahabubnagar,2026-04-08,FAC008,Headache,Diabetes,Audio,16,Yes,No,Yes,7,12.6,Telugu,Fair,Completed
TC0000507,TEP0000377,Rajesh Mudeeraj,M,68,9140005385,Velpula,Midjil,Mahabubnagar,2026-06-19,FAC009,Headache,Diabetes,Assisted video,18,No,Yes,No,,4.2,Telugu,Fair,Completed
TC0000508,TEP0000378,Anil Mallaiah,M,31,9964343562,Jharasangam,Zaheerabad,Sangareddy,2026-03-01,FAC024,Headache,Dermatology,Assisted video,16,Yes,No,No,,2.6,Telugu,Good,Completed
TC0000509,TEP0000379,Rani Goud,F,69,+91-96839-95229,Donur,Midjil,Mahabubnagar,2026-02-28,FAC009,Cough,Hypertension,Audio,21,Yes,Yes,Yes,7,14.1,Telugu,Good,Completed
TC0000510,TEP0000379,Rani Goud,F,71,9683995229,Donur,Midjil,Mahabubnagar,2026-03-18,FAC008,Headache,Hypertension,Assisted video,11,Yes,Yes,Yes,30,9.4,Telugu,Good,Completed
TC0000511,TEP0000379,Rni Goud,F,71,9683995229,Donur,Midjil,Mahabubnagar,2026-05-12,FAC009,Cough,Hypertension,Audio,8,No,Yes,Yes,7,14.1,Telugu,Fair,Completed
TC0000512,TEP0000380,Naveen Basha,M,65,9738774172,INDRESHAM,Patancheru,Sangareddy,2026-02-13,FAC025,Fever,Respiratory,Video,23,Yes,Yes,Yes,14,19.2,Telugu,Poor,Completed
TC0000513,TEP0000381,Jyothi Rao,F,35,9284505273,Narayankhed,Narayankhed,Sangareddy,2026-07-05,FAC021,Abdominal discomfort,Dermatology,Audio,24,No,Yes,No,,7.0,Telugu,Poor,Completed
TC0000514,TEP0000382,Venkatesh Naik,M,39,9351309311,Gangapur,Jadcherla,Mahabubnagar,2026-07-14,FAC001,Dizziness,Diabetes,Assisted video,13,No,Yes,Yes,14,20.2,Telugu,Fair,Completed
TC0000515,TEP0000382,Venkatesh Naik,M,39,9351309311,Gangapur,Jadcherla,Mahabubnagar,2026-08-01,FAC002,Headache,Hypertension+Diabetes,Audio,22,Yes,No,Yes,14,38.9,Telugu,Poor,Completed
TC0000516,TEP0000383,Raghav Mallaiah,M,27,+91-93225-94547,Nomula,Nakrekal,Nalgonda,2026-03-20,FAC016,Skin complaint,Fever/Infection,Video,19,Yes,No,Yes,30,36.1,Telugu,Good,Completed
TC0000517,TEP0000383,Rghav Mallaiah,M,27,9322594547,Nomula,Nakrekal,Nalgonda,2026-04-20,FAC018,Fever,Fever/Infection,Assisted video,16,Yes,No,Yes,30,2.2,Telugu,Good,Completed
TC0000518,TEP0000384,Ramesh Begum,M,45,9352199367,Devarakonda,Devarakonda,Nalgonda,2026-07-03,FAC010,Dizziness,Respiratory,Assisted video,21,Yes,No,No,,22.8,Telugu,Poor,Completed
TC0000519,TEP0000384,Ramesh Begum,M,45,9352199367,Devarakonda,Devarakonda,Nalgonda,2026-08-09,FAC011,Abdominal discomfort,Gastrointestinal,Assisted video,12,Yes,No,No,,29.2,Telugu,Good,Completed
TC0000520,TEP0000385,Swathi Rao,F,48,+91-97578-26930,Manoor,Narayankhed,Sangareddy,2026-02-01,FAC021,Dizziness,Hypertension,Audio,8,No,Yes,Yes,14,15.5,Telugu,Poor,Completed
TC0000521,TEP0000386,Naveen Mudiraj,M,38,9223634273,Kalher,Narayankhed,Sangareddy,2026-04-25,FAC020,Body pain,Fever/Infection,Video,11,Yes,No,No,,29.6,Urdu,Poor,Completed
TC0000522,TEP0000386,Naveen Mudiraj,M,42,,Kalher,Narayankhed,Sangareddy,2026-06-16,FAC021,Dizziness,Diabetes,Video,11,Yes,No,No,,22.9,Urdu,Fair,Completed
TC0000523,TEP0000387,Kiran Mallaiah,M,60,9326327552,Narayankhed,Narayankhed,Sangareddy,2026-08-03,FAC020,Abdominal discomfort,Musculoskeletal,Audio,7,Yes,No,Yes,14,23.7,Telugu,Poor,Completed
TC0000524,TEP0000388,Shankar Reddy,M,74,9382903694,Bangarigadda,Chandur,Nalgonda,2026-04-18,FAC015,Routine NCD review,Musculoskeletal,Assisted video,23,No,Yes,Yes,30,18.0,Telugu,Fair,Completed
TC0000525,TEP0000389,Mounika Goud,F,71,9449470513,KUMMARIKUNTA,Chandur,Nalgonda,2026-06-10,FAC015,Dizziness,Hypertension+Diabetes,Audio,14,No,No,Yes,7,26.6,Urdu,Poor,Completed
TC0000526,TEP0000390,Naveen Devi,M,37,,Mangalapally,Nakrekal,Nalgonda,2026-02-13,FAC018,Headache,Fever/Infection,Audio,19,Yes,No,No,,35.0,Telugu,Poor,Completed
TC0000527,TEP0000391,Raju Mallaiah,M,58,9072123488,Mogudampally,Zaheerabad,Sangareddy,2026-05-14,FAC024,Routine NCD review,Other,Video,10,Yes,No,No,,16.8,English,Poor,Completed
TC0000528,TEP0000391,Raju Mallaiah,M,56,9074123488,Mogudampally,Zaheerabad,Sangareddy,2026-06-13,FAC022,Abdominal discomfort,Hypertension,Assisted video,9,Yes,Yes,Yes,7,13.2,English,Good,Completed
TC0000529,TEP0000392,Arun Jangam,M,23,9997933254,Bangarigadda,Chandur,Nalgonda,2026-05-13,FAC015,Dizziness,Gastrointestinal,Video,19,Yes,Yes,Yes,30,18.0,Telugu,Good,Completed
TC0000530,TEP0000393,Sai Chary,M,48,9848068135,Polepally,Jadcherla,Mahabubnagar,2026-04-03,FAC001,Fever,Hypertension+Diabetes,Video,14,No,Yes,Yes,7,25.4,Telugu,Fair,Completed
TC0000531,TEP0000394,Sai Basha,M,34,9391943571,Kallepally,Balanagar,Mahabubnagar,2026-01-11,FAC004,Skin complaint,Respiratory,Video,8,Yes,No,Yes,7,26.4,Telugu,Good,Completed
TC0000532,TEP0000395,Naveen Reddy,M,78,+91-97277-28558,Narayankhed,Narayankhed,Sangareddy,2026-07-27,FAC021,Headache,Respiratory,Audio,15,Yes,No,Yes,30,7.0,Telugu,Poor,Completed
TC0000533,TEP0000396,Ramesh Krishna,M,52,9943871901,Devarakonda,Devarakonda,Nalgonda,2026-06-26,FAC012,Skin complaint,Dermatology,Audio,17,Yes,Yes,Yes,21,22.1,Telugu,Good,Completed
TC0000534,TEP0000396,Ramesh Krishna,M,51,9943871901,Devarakonda,Devarakonda,Nalgonda,2026-08-04,FAC010,Routine NCD review,Gastrointestinal,Assisted video,13,Yes,No,Yes,14,22.8,Telugu,Poor,Completed
TC0000535,TEP0000397,Harika Goud,F,64,+91-96779-45685,Midjil,Midjil,Mahabubnagar,2026-07-12,FAC007,Abdominal discomfort,Musculoskeletal,Video,17,Yes,No,Yes,30,7.6,Telugu,Good,Completed
TC0000536,TEP0000398,Lalitha Begum,F,43,9496913894,Mogudampally,Zaheerabad,Sangareddy,2026-05-30,FAC024,Skin complaint,Dermatology,Audio,23,No,No,No,,16.8,English,Good,Completed
TC0000537,TEP0000399,Lakshmee Goud,F,18,9886782070,Kohir,Zaheerabad,Sangareddy,2026-05-18,FAC022,Skin complaint,Musculoskeletal,Video,16,Yes,No,Yes,14,3.6,Telugu,Poor,Completed
TC0000538,TEP0000400,Rni Shekar,F,45,9662507085,Indresham,Patancheru,Sangareddy,2026-07-28,FAC026,Fever,Hypertension,Assisted video,11,Yes,No,Yes,7,11.5,Telugu,Poor,Completed
TC0000539,TEP0000401,Srinivas Goud,M,50,9381264022,Marrur,Nakrekal,Nalgonda,2026-07-24,FAC016,Dizziness,Hypertension,Audio,9,Yes,Yes,Yes,7,36.5,Telugu,Good,Completed
TC0000540,TEP0000402,Rajesh Mallaiah,M,18,9798134725,Bhanur,Patancheru,Sangareddy,2026-03-04,FAC027,Headache,Diabetes,Audio,13,No,Yes,No,,18.4,Telugu,Good,Completed
TC0000541,TEP0000402,Rjesh Mallaiah,M,18,9798134725,Bhanur,Patancheru,Sangareddy,2026-03-29,FAC027,Body pain,Other,Audio,20,Yes,Yes,Yes,30,18.4,Telugu,Good,Completed
TC0000542,TEP0000403,Sai Laxman,M,40,9444028700,Ameenpur,Patancheru,Sangareddy,2026-06-27,FAC025,Cough,Fever/Infection,Assisted video,15,Yes,No,Yes,30,13.0,Telugu,Good,Completed
TC0000543,TEP0000404,Lalitha Kumar,F,43,9511204338,Zaheeraba,Zaheerabad,Sangareddy,2026-06-09,FAC024,Cough,Dermatology,Assisted video,18,Yes,No,No,,28.3,Urdu,Poor,Completed
TC0000544,TEP0000405,Rani Yadav,F,20,,Nomula,Nakrekal,Nalgonda,2026-06-09,FAC018,Cough,Fever/Infection,Video,22,Yes,No,No,,2.2,Telugu,Fair,Completed
TC0000545,TEP0000405,Rani Yadav,F,18,9217656058,Nomula,Nakrekal,Nalgonda,2026-07-29,FAC018,Headache,Fever/Infection,Audio,14,Yes,No,Yes,14,2.2,Telugu,Fair,Completed
TC0000546,TEP0000406,Suresh Kumar,M,83,9546311625,Mogudampally,Zaheerabad,Sangareddy,2026-04-21,FAC023,Fever,Diabetes,Video,13,No,No,Yes,7,22.3,Telugu,Poor,Completed
TC0000547,TEP0000406,Suresh Kumar,M,83,9546311625,Mogudampally,Zaheerabad,Sangareddy,2026-05-06,FAC024,Routine NCD review,Diabetes,Audio,23,Yes,No,Yes,7,16.8,Telugu,Fair,Completed
TC0000548,TEP0000406,Suresh Kumar,M,81,9546311625,Mogudampally,Zaheerabad,Sangareddy,2026-06-03,FAC023,Skin complaint,Diabetes,Audio,22,Yes,Yes,No,,22.3,Telugu,Poor,Completed
TC0000549,TEP0000407,Divya Kumar,F,40,9768383491,Kummarikunta,Chandur,Nalgonda,2026-03-21,FAC014,Skin complaint,Other,Video,20,No,No,Yes,21,7.3,Telugu,Fair,Completed
TC0000550,TEP0000408,Naresh Chary,M,58,9731816254,Donur,Midjil,Mahabubnagar,2026-02-01,FAC008,Fever,Other,Assisted video,7,Yes,No,Yes,21,9.4,Telugu,Poor,Completed
TC0000551,TEP0000409,Prveen Devi,M,63,9139819862,Macharam,Jadcherla,Mahabubnagar,2026-04-20,FAC003,Body pain,Other,Video,18,Yes,No,Yes,30,12.8,Telugu,Fair,Completed
TC0000552,TEP0000410,Nirmala Laxman,F,59,9910298970,Gundlapally,Devarakonda,Nalgonda,2026-03-22,FAC010,Skin complaint,Dermatology,Video,17,No,Yes,Yes,21,26.3,Telugu,Good,Completed
TC0000553,TEP0000411,Rani Mudiraj,F,36,+91-97181-43824,Zaheerabad,Zaheerabad,Sangareddy,2026-05-07,FAC024,Routine NCD review,Musculoskeletal,Audio,13,Yes,No,No,,28.3,Telugu,Poor,Completed
TC0000554,TEP0000412,Saritha Mallaiah,F,75,9988563079,Ameenpur,Patancheru,Sangareddy,2026-05-22,FAC026,Headache,Dermatology,Assisted video,24,Yes,No,Yes,21,9.7,Urdu,Good,Completed
TC0000555,TEP0000413,Rajesh Mallaiah,M,23,9753069027,Devarakonda,Devarakonda,Nalgonda,2026-08-14,FAC011,Routine NCD review,Other,Assisted video,10,Yes,Yes,No,,29.2,Telugu,Fair,Completed
TC0000556,TEP0000414,Lakshmi Yadav,F,84,9507459876,Patancheru,Patancheru,Sangareddy,2026-01-30,FAC027,Fever,Diabetes,Audio,11,Yes,Yes,No,,36.3,Telugu,Good,Completed
TC0000557,TEP0000415,Sai Devi,M,88,9564462668,Marrur,Nakrekal,Nalgonda,2026-06-05,FAC017,Skin complaint,Hypertension+Diabetes,Audio,22,No,Yes,Yes,7,25.8,Telugu,Good,Completed
TC0000558,TEP0000416,Saritha Mudiraj,F,42,+91-98243-26637,Chandur,Chandur,Nalgonda,2026-02-23,FAC013,Body pain,Other,Assisted video,21,No,No,No,,21.3,Urdu,Good,Completed
TC0000559,TEP0000417,Srinivas Jangam,M,59,9847071293,Kondamallepally,Devarakonda,Nalgonda,2026-04-22,FAC011,Routine NCD review,Respiratory,Video,17,Yes,No,Yes,30,25.7,Telugu,Good,Completed
TC0000560,TEP0000417,Srinivas Jangam,M,62,+91-98470-71293,Kondamallepally,Devarakonda,Nalgonda,2026-06-04,FAC010,Routine NCD review,Musculoskeletal,Audio,22,Yes,No,No,,20.0,Telugu,Good,Completed
TC0000561,TEP0000417,Srinivas Jangam,M,61,9847071293,Kondamallepally,Devarakonda,Nalgonda,2026-07-09,FAC012,Abdominal discomfort,Dermatology,Video,7,Yes,Yes,Yes,7,19.6,Telugu,Poor,Completed
TC0000562,TEP0000418,Renuka Goud,F,18,9824016040,Bangarigadda,Chandur,Nalgonda,2026-04-11,FAC013,Dizziness,Diabetes,Audio,11,No,Yes,Yes,7,16.9,Telugu,Poor,Completed
TC0000563,TEP0000418,Renuka Goud,F,18,9824016040,Bangarigadda,Chandur,Nalgonda,2026-05-10,FAC013,Fever,Diabetes,Assisted video,15,No,No,No,,16.9,Telugu,Good,Completed
TC0000564,TEP0000419,Mahesh Kumar,M,75,9212914596,Nakrekal,Nakrekal,Nalgonda,2026-03-25,FAC018,Skin complaint,Hypertension,Assisted video,24,Yes,Yes,Yes,14,16.2,Urdu,Good,Completed
TC0000565,TEP0000420,Shobha Kumar,F,26,9841716414,POLEPALLY,Jadcherla,Mahabubnagar,2026-03-16,FAC003,Abdominal discomfort,Musculoskeletal,Video,11,Yes,No,Yes,14,21.0,Telugu,Good,Completed
TC0000566,TEP0000421,Sushma Begum,F,28,9685296714,Patancheru,Patancheru,Sangareddy,2026-04-28,FAC027,Cough,Diabetes,Assisted video,17,Yes,No,Yes,7,36.3,Telugu,Fair,Completed
TC0000567,TEP0000421,Sushma Begum,F,29,9685296714,Patancheru,Patancheru,Sangareddy,2026-06-03,FAC027,Abdominal discomfort,Dermatology,Audio,11,No,No,Yes,30,36.3,Telugu,Good,Completed
TC0000568,TEP0000422,Ravi Krishna,M,65,9353933938,NERMATA,Chandur,Nalgonda,2026-05-05,FAC014,Routine NCD review,Musculoskeletal,Assisted video,22,Yes,Yes,Yes,7,19.2,Telugu,Fair,Completed
TC0000569,TEP0000422,Ravi Krishna,M,68,9353933438,Nermata,Chandur,Nalgonda,2026-05-14,FAC014,Cough,Dermatology,Assisted video,9,Yes,No,No,,19.2,Telugu,Poor,Completed
TC0000570,TEP0000423,Sushma Khan,F,33,9037656644,Rajapur,Balanagar,Mahabubnagar,2026-05-12,FAC006,Body pain,Other,Video,20,Yes,No,Yes,30,8.7,Telugu,Poor,Completed
TC0000571,TEP0000423,Sushma Khan,F,33,9037656644,Rajapur,Balanagar,Mahabubnagar,2026-06-08,FAC005,Abdominal discomfort,Hypertension+Diabetes,Audio,24,Yes,No,Yes,21,12.6,Telugu,Poor,Completed
TC0000572,TEP0000424,Divya Devi,F,32,9526926523,Narayankhed,Narayankhed,Sangareddy,2026-02-13,FAC020,Abdominal discomfort,Dermatology,Assisted video,9,Yes,No,Yes,7,23.7,Telugu,Fair,Completed
TC0000573,TEP0000425,Srinivas Reddy,M,47,9883767927,Narayankhed,Narayankhed,Sangareddy,2026-03-13,FAC021,Skin complaint,Diabetes,Video,9,Yes,Yes,Yes,7,7.0,Urdu,Fair,Completed
TC0000574,TEP0000426,Srinivas Das,M,21,9277561869,Peddadinne,Devarakonda,Nalgonda,2026-03-21,FAC012,Headache,Gastrointestinal,Assisted video,10,No,No,Yes,30,6.6,Telugu,Poor,Completed
TC0000575,TEP0000426,Srinivas Das,M,23,9277501869,Peddadinne,Devarakonda,Nalgonda,2026-05-19,FAC011,Headache,Fever/Infection,Assisted video,19,No,No,No,,13.9,Telugu,Good,Completed
TC0000576,TEP0000427,Rni Patel,F,43,9966177083,Narayankhed,Narayankhed,Sangareddy,2026-02-15,FAC019,Cough,Diabetes,Video,7,Yes,No,No,,28.2,Telugu,Poor,Completed
TC0000577,TEP0000428,Mounika Begum,F,46,+91-91305-23955,Marrur,Nakrekal,Nalgonda,2026-05-15,FAC018,Skin complaint,Other,Video,18,Yes,No,Yes,14,6.7,Telugu,Poor,Completed
TC0000578,TEP0000429,Divya Laxman,F,32,,Kallepally,Balanagar,Mahabubnagar,2026-08-08,FAC006,Fever,Diabetes,Audio,21,Yes,Yes,Yes,7,35.4,Telugu,Fair,Completed
TC0000579,TEP0000430,Kavitha,F,70,9371005584,Jharasangam,Zaheerabad,Sangareddy,2026-03-10,FAC022,Headache,Gastrointestinal,Assisted video,23,Yes,Yes,Yes,30,5.6,Telugu,Fair,Completed
TC0000580,TEP0000430,Kavitha Laxman,F,70,9371005584,Jharasangam,Zaheerabad,Sangareddy,2026-07-18,FAC024,Skin complaint,Respiratory,Video,17,Yes,Yes,Yes,21,2.6,Telugu,Fair,Completed
TC0000581,TEP0000431,Sushma Begum,F,53,9009813278,Chandur,Chandur,Nalgonda,2026-04-24,FAC015,Cough,Hypertension+Diabetes,Assisted video,10,No,No,No,,29.7,Telugu,Good,Completed
TC0000582,TEP0000432,Shankar Shekar,M,44,9780778537,Mangalapally,Nakrekal,Nalgonda,2026-02-10,FAC017,Skin complaint,Hypertension+Diabetes,Audio,8,Yes,No,No,,21.1,Telugu,Poor,Completed
TC0000583,TEP0000433,Kiran Naik,M,76,9098572226,Badepalli,Jadcherla,Mahabubnagar,2026-07-17,FAC002,Fever,Diabetes,Assisted video,24,Yes,Yes,Yes,14,19.9,Telugu,Good,Completed
TC0000584,TEP0000434,Dipika Shekar,F,51,9444129144,Manoor,Narayankhed,Sangareddy,2026-02-25,FAC020,Headache,Other,Assisted video,11,Yes,No,Yes,14,21.7,Telugu,Poor,Completed
TC0000585,TEP0000434,Deepika Shekar,F,53,9444129144,Manoor,Narayankhed,Sangareddy,2026-05-13,FAC021,Dizziness,Fever/Infection,Video,19,Yes,No,Yes,7,15.5,Telugu,Poor,Completed
TC0000586,TEP0000435,Raju Mudiraj,M,57,9866642705,Gangapur,Jadcherla,Mahabubnagar,2026-06-07,FAC002,Cough,Hypertension+Diabetes,Audio,22,Yes,Yes,Yes,7,38.9,Telugu,Fair,Completed
TC0000587,TEP0000435,Raju Mudiraj,M,60,9866642705,Gangapu,Jadcherla,Mahabubnagar,2026-07-21,FAC003,Fever,Hypertension+Diabetes,Audio,15,Yes,Yes,Yes,21,26.4,Telugu,Poor,Completed
TC0000588,TEP0000436,Santosh Naik,M,59,9655370784,MOGUDAMPALLY,Zaheerabad,Sangareddy,2026-01-16,FAC024,Routine NCD review,Dermatology,Video,11,Yes,Yes,Yes,21,16.8,Urdu,Poor,Completed
TC0000589,TEP0000437,Deepika Begum,F,42,9207052447,Devarakonda,Devarakonda,Nalgonda,2026-08-15,FAC011,Fever,Other,Audio,7,Yes,No,Yes,14,29.2,Telugu,Poor,Completed
TC0000590,TEP0000438,Ravi Yadav,M,57,9404676355,Kondamallepall,Devarakonda,Nalgonda,2026-04-16,FAC011,Abdominal discomfort,Hypertension,Assisted video,21,No,No,Yes,7,25.7,Telugu,Good,Completed
TC0000591,TEP0000439,Sai Basha,M,55,9606311853,Gangapur,Jadcherla,Mahabubnagar,2026-06-02,FAC002,Abdominal discomfort,Respiratory,Video,24,Yes,Yes,Yes,30,38.9,Telugu,Good,Completed
TC0000592,TEP0000440,Lalitha Chary,F,18,9682364609,Midjil,Midjil,Mahabubnagar,2026-04-23,FAC007,Dizziness,Musculoskeletal,Video,18,Yes,Yes,Yes,14,7.6,Telugu,Good,Completed
TC0000593,TEP0000440,Lalitha Chary,F,18,9682364609,Midjil,Midjil,Mahabubnagar,2026-05-29,FAC009,Headache,Gastrointestinal,Video,7,Yes,No,Yes,7,19.5,Telugu,Fair,Completed
TC0000594,TEP0000441,Sushma Das,F,50,9615714001,Indresham,Patancheru,Sangareddy,2026-03-22,FAC025,Cough,Hypertension,Video,19,Yes,No,No,,19.2,English,Good,Completed
TC0000595,TEP0000441,Sushma Das,F,50,,INDRESHAM,Patancheru,Sangareddy,2026-04-30,FAC027,Routine NCD review,Fever/Infection,Assisted video,17,Yes,No,No,,22.3,English,Poor,Completed
TC0000596,TEP0000442,Anitha Laxman,F,48,+91-95324-24146,Badepally,Jadcherla,Mahabubnagar,2026-05-21,FAC001,Body pain,Musculoskeletal,Video,14,Yes,No,Yes,7,11.4,Telugu,Good,Completed
TC0000597,TEP0000443,Rani Kumar,F,25,9109885786,Mogudampally,Zaheerabad,Sangareddy,2026-05-30,FAC022,Fever,Fever/Infection,Video,12,Yes,No,Yes,21,13.2,Telugu,Good,Completed
TC0000598,TEP0000444,Kiran Reddy,M,77,9946674118,Patancheru,Patancheru,Sangareddy,2026-01-10,FAC027,Fever,Diabetes,Video,22,Yes,No,No,,36.3,English,Good,Completed
TC0000599,TEP0000445,Suresh Das,M,66,,Kummarikunta,Chandur,Nalgonda,2026-07-30,FAC015,Skin complaint,Hypertension,Audio,21,Yes,No,Yes,7,26.6,Telugu,Good,Completed
TC0000600,TEP0000446,Shobh Narsimha,F,50,+91-93993-76921,Kallepally,Balanagar,Mahabubnagar,2026-04-19,FAC004,Body pain,Hypertension+Diabetes,Assisted video,17,Yes,Yes,Yes,30,26.4,Telugu,Good,Completed
TC0000601,TEP0000447,Divya Yadav,F,62,9665504020,Vemula,Midjil,Mahabubnagar,2026-06-03,FAC008,Abdominal discomfort,Hypertension,Assisted video,23,Yes,Yes,Yes,14,22.2,Telugu,Fair,Completed
TC0000602,TEP0000448,Sushma Laxman,F,37,,Gangapur,Jadcherla,Mahabubnagar,2026-07-14,FAC003,Dizziness,Other,Audio,21,Yes,Yes,No,,26.4,Telugu,Good,Completed
TC0000603,TEP0000449,Sushma Naik,F,33,9664980368,Kangti,Narayankhed,Sangareddy,2026-01-15,FAC021,Fever,Diabetes,Video,21,Yes,Yes,Yes,14,27.8,Telugu,Good,Completed
TC0000604,TEP0000450,Bhawani Narsimha,F,36,9268082763,Gundlapally,Devarakonda,Nalgonda,2026-05-18,FAC012,Headache,Musculoskeletal,Assisted video,8,Yes,No,Yes,30,25.4,English,Poor,Completed
TC0000605,TEP0000451,Mahesh Kumar,M,34,9404496116,Kondamallepally,Devarakonda,Nalgonda,2026-07-12,FAC011,Routine NCD review,Hypertension+Diabetes,Video,11,No,No,Yes,14,25.7,Telugu,Good,Completed
TC0000606,TEP0000452,Raghav Patel,M,54,9419464236,Patancheru,Patancheru,Sangareddy,2026-04-06,FAC025,Abdominal discomfort,Hypertension,Assisted video,10,No,Yes,No,,25.4,Urdu,Good,Completed
TC0000607,TEP0000453,Mounika Devi,F,47,+91-99590-47903,GANGAPUR,Jadcherla,Mahabubnagar,2026-02-16,FAC002,Routine NCD review,Other,Assisted video,11,Yes,No,Yes,30,38.9,Telugu,Fair,Completed
TC0000608,TEP0000454,Rajesh Rao,M,41,+91-98921-50743,Nakrekal,Nakrekal,Nalgonda,2026-06-15,FAC018,Cough,Diabetes,Video,17,No,No,Yes,14,16.2,Telugu,Fair,Completed
TC0000609,TEP0000455,Sushma Reddy,F,42,9608879750,Chandur,Chandur,Nalgonda,2026-03-18,FAC014,Routine NCD review,Fever/Infection,Audio,12,Yes,Yes,Yes,7,20.6,Telugu,Poor,Completed
TC0000610,TEP0000456,Santosh Mudiraj,M,40,9110585971,Bodajanampet,Balanagar,Mahabubnagar,2026-06-24,FAC004,Routine NCD review,Dermatology,Video,16,No,Yes,Yes,21,27.6,Telugu,Fair,Completed
TC0000611,TEP0000456,Santosh Mudiraj,M,40,,Bodajanampet,Balanagar,Mahabubnagar,2026-07-22,FAC004,Cough,Fever/Infection,Audio,9,No,No,Yes,7,27.6,Telugu,Poor,Completed
TC0000612,TEP0000457,Anil Naik,M,47,+91-95251-47507,Jharasangam,Zaheerabad,Sangareddy,2026-04-13,FAC022,Cough,Gastrointestinal,Video,21,Yes,No,No,,5.6,Telugu,Poor,Completed
TC0000613,TEP0000458,Anitha Yadav,F,30,9872520007,Nermata,Chandur,Nalgonda,2026-04-18,FAC013,Dizziness,Fever/Infection,Audio,18,No,No,Yes,7,19.7,Telugu,Poor,Completed
TC0000614,TEP0000459,Swathi Yadav,F,18,9656275094,Kondamallepally,Devarakonda,Nalgonda,2026-01-04,FAC012,Abdominal discomfort,Diabetes,Assisted video,17,Yes,No,Yes,7,19.6,Telugu,Good,Completed
TC0000615,TEP0000459,Swathi Yadav,F,18,9656275094,Kondamallepally,Devarakonda,Nalgonda,2026-03-08,FAC012,Cough,Other,Video,12,Yes,Yes,Yes,14,19.6,Telugu,Good,Completed
TC0000616,TEP0000460,Naveen Reddy,M,35,9998618496,Patancheru,Patancheru,Sangareddy,2026-04-26,FAC027,Abdominal discomfort,Respiratory,Audio,8,No,No,Yes,14,36.3,Telugu,Poor,Completed
TC0000617,TEP0000461,Renuka Reddy,F,56,+91-94886-92223,Jharasangam,Zaheerabad,Sangareddy,2026-05-27,FAC023,Fever,Dermatology,Video,20,Yes,Yes,Yes,30,18.7,Telugu,Poor,Completed
TC0000618,TEP0000462,Venkatesh Das,M,67,9978510531,Bodajanampet,Balanagar,Mahabubnagar,2026-06-13,FAC005,Abdominal discomfort,Hypertension,Video,12,Yes,Yes,No,,26.6,Telugu,Fair,Completed
TC0000619,TEP0000463,Shankar Goud,M,45,9611462184,Donur,Midjil,Mahabubnagar,2026-03-03,FAC008,Dizziness,Other,Audio,17,Yes,No,No,,9.4,Urdu,Fair,Completed
TC0000620,TEP0000463,Shankar Goud,M,44,9611462184,Donur,Midjil,Mahabubnagar,2026-03-07,FAC008,Skin complaint,Musculoskeletal,Assisted video,8,Yes,No,Yes,30,9.4,Urdu,Poor,Completed
TC0000621,TEP0000464,Kavitha Narsimha,F,50,9222956025,Velpula,Midjil,Mahabubnagar,2026-08-05,FAC009,Fever,Respiratory,Assisted video,16,Yes,No,No,,4.2,Telugu,Poor,Completed
TC0000622,TEP0000465,Ramesh Begum,M,41,,Chandur,Chandur,Nalgonda,2026-01-24,FAC013,Headache,Fever/Infection,Audio,17,Yes,No,Yes,14,21.3,Telugu,Poor,Completed
TC0000623,TEP0000465,Ramesh Begum,M,41,9828011670,Chandur,Chandur,Nalgonda,2026-02-24,FAC014,Dizziness,Diabetes,Video,10,Yes,Yes,No,,20.6,Telugu,Fair,Completed
TC0000624,TEP0000466,Shobha Patel,F,39,+91-94057-91047,Manoor,Narayankhed,Sangareddy,2026-06-19,FAC021,Cough,Diabetes,Assisted video,17,Yes,No,Yes,14,15.5,Telugu,Good,Completed
TC0000625,TEP0000467,Bhavani Das,F,23,9769928342,PEDDADINNE,Devarakonda,Nalgonda,2026-06-12,FAC010,Body pain,Fever/Infection,Video,14,Yes,No,No,,7.4,Telugu,Poor,Completed
TC0000626,TEP0000468,Lakshmi Kumar,F,59,9428012094,Mogudampally,Zaheerabad,Sangareddy,2026-04-18,FAC024,Dizziness,Fever/Infection,Assisted video,10,Yes,No,Yes,30,16.8,Telugu,Good,Completed
TC0000627,TEP0000469,Lalitha Patel,F,68,9224564543,Rajapur,Balanagar,Mahabubnagar,2026-07-12,FAC004,Fever,Musculoskeletal,Assisted video,11,Yes,Yes,No,,13.9,Telugu,Good,Completed
TC0000628,TEP0000470,Srinivas Laxman,M,31,9119265340,Kangti,Narayankhed,Sangareddy,2026-05-28,FAC019,Dizziness,Hypertension,Assisted video,18,Yes,Yes,Yes,7,20.3,Telugu,Poor,Completed
TC0000629,TEP0000471,Mahesh Naik,M,56,9317625948,Rajapu,Balanagar,Mahabubnagar,2026-06-02,FAC004,Headache,Other,Assisted video,14,Yes,No,Yes,14,13.9,Telugu,Good,Completed
TC0000630,TEP0000472,Venkatesh Rao,M,42,9062663123,Polepally,Jadcherla,Mahabubnagar,2026-01-02,FAC001,Headache,Gastrointestinal,Video,24,No,No,No,,25.4,English,Fair,Completed
TC0000631,TEP0000473,Rani Reddy,F,41,9338736959,Mogudampally,Zaheerabad,Sangareddy,2026-04-20,FAC022,Dizziness,Gastrointestinal,Audio,8,Yes,No,Yes,21,13.2,Telugu,Fair,Completed
TC0000632,TEP0000473,Rani Reddy,F,39,9338736959,Mogudampally,Zaheerabad,Sangareddy,2026-05-14,FAC023,Cough,Other,Audio,16,No,No,Yes,21,22.3,Telugu,Poor,Completed
TC0000633,TEP0000474,Anil Krishna,M,61,,Manoor,Narayankhed,Sangareddy,2026-03-25,FAC020,Body pain,Other,Assisted video,22,No,No,Yes,7,21.7,Telugu,Good,Completed
TC0000634,TEP0000474,Anil Krishna,M,61,9011582924,Manoor,Narayankhed,Sangareddy,2026-07-19,FAC020,Cough,Diabetes,Assisted video,21,Yes,No,Yes,21,21.7,Telugu,Poor,Completed
TC0000635,TEP0000475,Nirmala Chary,F,26,9660393952,Bangarigadda,Chandur,Nalgonda,2026-06-23,FAC013,Cough,Other,Assisted video,13,No,No,Yes,30,16.9,Telugu,Good,Completed
TC0000636,TEP0000476,Vinod Basha,M,50,9529414856,Zaheerabad,Zaheerabad,Sangareddy,2026-05-14,FAC023,Cough,Hypertension,Assisted video,18,Yes,Yes,No,,17.3,Telugu,Good,Completed
TC0000637,TEP0000477,Mohan Devi,M,45,9370919008,Mangalapally,Nakrekal,Nalgonda,2026-06-02,FAC016,Body pain,Hypertension+Diabetes,Assisted video,23,Yes,Yes,Yes,7,4.1,Telugu,Fair,Completed
TC0000638,TEP0000478,Santosh Naik,M,61,9206319416,Patancheru,Patancheru,Sangareddy,2026-05-19,FAC026,Headache,Respiratory,Video,21,Yes,No,No,,23.1,Telugu,Poor,Completed
TC0000639,TEP0000479,Anjali Krishna,F,43,9350542235,Bangarigadda,Chandur,Nalgonda,2026-02-08,FAC013,Skin complaint,Other,Audio,23,Yes,No,Yes,21,16.9,Telugu,Good,Completed
TC0000640,TEP0000480,Shankar Jangam,M,20,9918377859,Mogudampalli,Zaheerabad,Sangareddy,2026-07-14,FAC022,Skin complaint,Hypertension,Assisted video,22,Yes,No,Yes,21,13.2,Telugu,Good,Completed
TC0000641,TEP0000481,Kiran Shekar,M,35,9414748619,Nermata,Chandur,Nalgonda,2026-05-09,FAC014,Skin complaint,Other,Audio,11,Yes,No,No,,19.2,Urdu,Poor,Completed
TC0000642,TEP0000481,Kiran Shekar,M,34,9414748619,Nermata,Chandur,Nalgonda,2026-06-20,FAC015,Dizziness,Other,Audio,16,No,Yes,No,,22.4,Urdu,Poor,Completed
TC0000643,TEP0000482,Anil Mallaiah,M,34,9063729898,Kangti,Narayankhed,Sangareddy,2026-02-07,FAC021,Cough,Musculoskeletal,Audio,14,Yes,No,Yes,14,27.8,Urdu,Good,Completed
TC0000644,TEP0000482,Anil Mallaiah,M,35,9063729898,Kangti,Narayankhed,Sangareddy,2026-07-18,FAC020,Abdominal discomfort,Respiratory,Video,20,Yes,No,No,,11.9,Urdu,Fair,Completed
TC0000645,TEP0000483,Anitha Goud,F,46,9280079400,Bodajanampet,Balanagar,Mahabubnagar,2026-01-09,FAC004,Body pain,Hypertension+Diabetes,Video,17,Yes,No,Yes,21,27.6,Telugu,Poor,Completed
TC0000646,TEP0000484,Divya Goud,F,58,9836268690,Marrur,Nakrekal,Nalgonda,2026-01-01,FAC018,Body pain,Hypertension,Audio,10,Yes,Yes,Yes,7,6.7,Urdu,Good,Completed
TC0000647,TEP0000485,Lkshmi Laxman,F,41,,Ameenpur,Patancheru,Sangareddy,2026-05-01,FAC025,Fever,Diabetes,Assisted video,22,Yes,Yes,Yes,14,13.0,Telugu,Good,Completed
TC0000648,TEP0000486,Mahesh Jangam,M,37,+91-99920-66428,Narayankhed,Narayankhed,Sangareddy,2026-06-15,FAC019,Body pain,Diabetes,Assisted video,13,Yes,No,Yes,7,28.2,Telugu,Fair,Completed
TC0000649,TEP0000487,Lakshmi Basha,F,56,9254349436,Midjil,Midjil,Mahabubnagar,2026-04-01,FAC008,Routine NCD review,Dermatology,Assisted video,20,Yes,No,Yes,7,11.3,Telugu,Fair,Completed
TC0000650,TEP0000488,Bhavani Das,F,54,9835170211,Gangapur,Jadcherla,Mahabubnagar,2026-04-08,FAC002,Body pain,Gastrointestinal,Audio,14,Yes,No,No,,38.9,Telugu,Fair,Completed
TC0000651,TEP0000488,Bhvani Das,F,54,9835170211,Gangapur,Jadcherla,Mahabubnagar,2026-04-17,FAC001,Routine NCD review,Fever/Infection,Video,13,Yes,No,Yes,30,20.2,Telugu,Good,Completed
TC0000652,TEP0000488,Bhavani Das,F,54,9835170211,Gangapur,Jadcherla,Mahabubnagar,2026-07-13,FAC001,Skin complaint,Other,Audio,23,Yes,No,Yes,14,20.2,Telugu,Poor,Completed
TC0000653,TEP0000489,Bhavani Khan,F,56,9884900585,BALANAGAR,Balanagar,Mahabubnagar,2026-07-22,FAC004,Routine NCD review,Respiratory,Video,24,No,Yes,Yes,21,10.8,Telugu,Poor,Completed
TC0000654,TEP0000490,Venkatesh Laxman,M,32,+91-96376-66199,Jharasangam,Zaheerabad,Sangareddy,2026-03-06,FAC023,Dizziness,Hypertension,Video,22,Yes,Yes,Yes,21,18.7,Urdu,Poor,Completed
TC0000655,TEP0000491,Rani Yadav,F,46,9451567373,Ameenpur,Patancheru,Sangareddy,2026-01-19,FAC025,Dizziness,Fever/Infection,Audio,20,No,Yes,No,,13.0,Telugu,Fair,Completed
TC0000656,TEP0000492,Shobha Laxman,F,69,9866213339,Kohir,Zaheerabad,Sangareddy,2026-07-15,FAC024,Fever,Other,Video,18,Yes,No,No,,6.4,Telugu,Poor,Completed
TC0000657,TEP0000493,Srilatha Goud,F,52,9295180556,Kangt,Narayankhed,Sangareddy,2026-04-30,FAC019,Fever,Hypertension,Audio,22,Yes,No,Yes,21,20.3,English,Good,Completed
TC0000658,TEP0000494,Ravi Narsimha,M,58,9966165466,Narayankhe,Narayankhed,Sangareddy,2026-01-15,FAC020,Routine NCD review,Fever/Infection,Video,20,Yes,No,Yes,14,23.7,English,Good,Completed
TC0000659,TEP0000495,Ravi Kumar,M,59,9188316365,Ameenpur,Patancheru,Sangareddy,2026-07-09,FAC026,Skin complaint,Gastrointestinal,Assisted video,13,Yes,No,No,,9.7,Telugu,Fair,Completed
TC0000660,TEP0000496,Suresh Narsimha,M,60,9512060880,Balanagar,Balanagar,Mahabubnagar,2026-05-23,FAC006,Dizziness,Dermatology,Audio,9,Yes,No,Yes,7,1.4,Telugu,Poor,Completed
TC0000661,TEP0000497,Anitha Krishna,F,53,9416153277,Badepally,Jadcherla,Mahabubnagar,2026-07-28,FAC002,Headache,Diabetes,Audio,9,Yes,No,No,,19.9,Telugu,Good,Completed
TC0000662,TEP0000498,Srilatha Krishna,F,75,9148366789,Kummarikunta,Chandur,Nalgonda,2026-01-04,FAC014,Routine NCD review,Respiratory,Assisted video,23,Yes,No,Yes,7,7.3,Telugu,Poor,Completed
TC0000663,TEP0000498,Srilatha Krishna,F,76,9148366789,Kummarikunta,Chandur,Nalgonda,2026-02-20,FAC014,Skin complaint,Musculoskeletal,Assisted video,21,Yes,Yes,Yes,7,7.3,Telugu,Good,Completed
TC0000664,TEP0000498,Srilatha Krishna,F,78,9148366289,Kummarikunt,Chandur,Nalgonda,2026-04-01,FAC014,Routine NCD review,Gastrointestinal,Audio,10,No,Yes,No,,7.3,Telugu,Fair,Completed
TC0000665,TEP0000499,Sai Begum,M,43,,Nomula,Nakrekal,Nalgonda,2026-03-31,FAC017,Abdominal discomfort,Other,Audio,16,Yes,Yes,Yes,14,29.9,Telugu,Fair,Completed
TC0000666,TEP0000499,Sai Begum,M,41,9382600541,NOMULA,Nakrekal,Nalgonda,2026-04-27,FAC016,Cough,Hypertension,Audio,20,Yes,No,Yes,14,36.1,Telugu,Poor,Completed
TC0000667,TEP0000500,Vinod Narsimha,M,18,9526867885,Velpula,Midjil,Mahabubnagar,2026-05-23,FAC008,Fever,Hypertension,Audio,7,Yes,No,No,,12.6,Telugu,Poor,Completed
TC0000668,TEP0000501,Rani Goud,F,59,9892890613,VEMULA,Midjil,Mahabubnagar,2026-02-19,FAC009,Body pain,Fever/Infection,Video,16,No,Yes,No,,7.3,Telugu,Poor,Completed
TC0000669,TEP0000502,Rajesh Laxman,M,57,9442681638,Bhanur,Patancheru,Sangareddy,2026-05-04,FAC025,Cough,Fever/Infection,Video,13,Yes,No,No,,18.7,Telugu,Poor,Completed
TC0000670,TEP0000503,Praveen Laxman,M,48,+91-99756-02876,Balanagar,Balanagar,Mahabubnagar,2026-07-27,FAC005,Dizziness,Hypertension,Assisted video,24,Yes,Yes,Yes,14,10.4,Telugu,Good,Completed
TC0000671,TEP0000504,Vinod Shekar,M,45,9892070656,Narayankhed,Narayankhed,Sangareddy,2026-03-24,FAC019,Dizziness,Respiratory,Assisted video,16,Yes,No,Yes,30,28.2,Telugu,Good,Completed
TC0000672,TEP0000505,Bhavani Narsimha,F,32,,Manoor,Narayankhed,Sangareddy,2026-07-19,FAC020,Headache,Musculoskeletal,Audio,9,Yes,No,Yes,30,21.7,Telugu,Poor,Completed
TC0000673,TEP0000506,Nirmala Reddy,F,44,9833169154,Mogudampally,Zaheerabad,Sangareddy,2026-05-12,FAC023,Abdominal discomfort,Hypertension+Diabetes,Video,12,No,Yes,Yes,21,22.3,Telugu,Fair,Completed
TC0000674,TEP0000507,Raju Das,M,21,9483934233,Kallepally,Balanagar,Mahabubnagar,2026-07-10,FAC006,Cough,Gastrointestinal,Assisted video,7,Yes,No,No,,35.4,Telugu,Fair,Completed
TC0000675,TEP0000508,Suresh Naik,M,26,+91-99836-72453,Nomula,Nakrekal,Nalgonda,2026-01-17,FAC018,Skin complaint,Fever/Infection,Audio,8,Yes,No,No,,2.2,Telugu,Fair,Completed
TC0000676,TEP0000509,Nirmala Reddy,F,35,9948110567,Vemula,Midjil,Mahabubnagar,2026-02-10,FAC007,Cough,Hypertension,Video,11,Yes,Yes,Yes,7,25.7,Telugu,Poor,Completed
TC0000677,TEP0000510,Mounika Chary,F,56,,MARRUR,Nakrekal,Nalgonda,2026-04-13,FAC016,Body pain,Respiratory,Video,14,Yes,No,Yes,7,36.5,Telugu,Good,Completed
TC0000678,TEP0000510,Mounika Chary,F,58,9664273598,Marrur,Nakrekal,Nalgonda,2026-07-26,FAC018,Abdominal discomfort,Fever/Infection,Audio,8,Yes,No,Yes,30,6.7,Telugu,Fair,Completed
TC0000679,TEP0000511,Rajesh Goud,M,69,9570831025,Patancheru,Patancheru,Sangareddy,2026-05-01,FAC027,Cough,Other,Video,21,Yes,No,No,,36.3,Telugu,Good,Completed
TC0000680,TEP0000512,Rajesh Mallaiah,M,19,9177273611,VEMULA,Midjil,Mahabubnagar,2026-02-17,FAC009,Cough,Hypertension,Audio,12,Yes,Yes,Yes,14,7.3,Telugu,Fair,Completed
TC0000681,TEP0000512,Rajesh Mallaiah,M,19,9177273611,Vemula,Midjil,Mahabubnagar,2026-07-15,FAC008,Cough,Hypertension,Assisted video,24,Yes,No,Yes,14,22.2,Telugu,Fair,Completed
TC0000682,TEP0000513,Swathee Naik,F,20,9459812051,Macharam,Jadcherla,Mahabubnagar,2026-05-13,FAC002,Body pain,Respiratory,Video,7,Yes,No,Yes,7,29.4,Telugu,Fair,Completed
TC0000683,TEP0000514,Lalitha Yadav,F,68,9842354324,Velpula,Midjil,Mahabubnagar,2026-01-06,FAC008,Abdominal discomfort,Hypertension,Video,21,Yes,No,Yes,14,12.6,Telugu,Poor,Completed
TC0000684,TEP0000514,Lalitha Yadav,F,70,9842354324,Velpula,Midjil,Mahabubnagar,2026-04-29,FAC009,Fever,Other,Video,22,Yes,No,Yes,14,4.2,Telugu,Fair,Completed
TC0000685,TEP0000515,Raghav Laxman,M,39,,Peddadinn,Devarakonda,Nalgonda,2026-08-07,FAC012,Headache,Musculoskeletal,Video,16,Yes,No,No,,6.6,English,Good,Completed
TC0000686,TEP0000516,Santosh Devi,M,52,9010177270,Indresham,Patancheru,Sangareddy,2026-03-05,FAC027,Cough,Hypertension,Video,10,Yes,Yes,Yes,21,22.3,Telugu,Fair,Completed
TC0000687,TEP0000516,Santosh Devi,M,54,9010177270,Indresham,Patancheru,Sangareddy,2026-06-13,FAC027,Cough,Other,Audio,16,Yes,Yes,Yes,30,22.3,Telugu,Good,Completed
TC0000688,TEP0000517,Rajesh Basha,M,41,9088078177,Bodajanampet,Balanagar,Mahabubnagar,2026-05-10,FAC006,Cough,Hypertension,Audio,19,No,No,Yes,30,33.3,Telugu,Poor,Completed
TC0000689,TEP0000518,Raju,M,70,9286413900,Nomula,Nakrekal,Nalgonda,2026-03-16,FAC017,Headache,Musculoskeletal,Video,17,Yes,No,No,,29.9,Telugu,Good,Completed
TC0000690,TEP0000519,Renuka Chary,F,26,9952936195,Polepally,Jadcherla,Mahabubnagar,2026-04-16,FAC001,Headache,Respiratory,Audio,23,Yes,Yes,Yes,14,25.4,Telugu,Fair,Completed
TC0000691,TEP0000519,Renuka Chary,F,28,9952936195,Polepally,Jadcherla,Mahabubnagar,2026-08-08,FAC001,Routine NCD review,Respiratory,Video,7,No,No,Yes,7,25.4,Telugu,Fair,Completed
TC0000692,TEP0000520,Sushma Kumar,F,40,9017535060,Gundlapally,Devarakonda,Nalgonda,2026-03-28,FAC012,Abdominal discomfort,Dermatology,Video,17,No,No,No,,25.4,Telugu,Fair,Completed
TC0000693,TEP0000521,Mounika Das,F,42,9752131756,Jharasangam,Zaheerabad,Sangareddy,2026-04-10,FAC022,Cough,Hypertension,Audio,15,Yes,Yes,Yes,14,5.6,Telugu,Fair,Completed
TC0000694,TEP0000522,Sritha Patel,F,74,+91-93937-21889,Jharasangam,Zaheerabad,Sangareddy,2026-02-25,FAC022,Cough,Musculoskeletal,Assisted video,10,No,No,Yes,14,5.6,Telugu,Good,Completed
TC0000695,TEP0000523,Anjali Naik,F,21,+91-90909-70679,Nomula,Nakrekal,Nalgonda,2026-06-23,FAC016,Dizziness,Fever/Infection,Video,23,Yes,No,Yes,14,36.1,Telugu,Poor,Completed
TC0000696,TEP0000524,Rani Laxman,F,64,9183860471,Vemula,Midjil,Mahabubnagar,2026-01-23,FAC008,Cough,Dermatology,Audio,18,No,No,No,,22.2,Telugu,Good,Completed
TC0000697,TEP0000525,Santosh Chary,M,24,9934587615,Ameenpur,Patancheru,Sangareddy,2026-02-03,FAC026,Headache,Gastrointestinal,Video,22,Yes,No,Yes,7,9.7,Telugu,Fair,Completed
TC0000698,TEP0000526,Swathi Khan,F,40,9954788882,Gangapur,Jadcherla,Mahabubnagar,2026-03-01,FAC003,Headache,Musculoskeletal,Assisted video,21,Yes,No,No,,26.4,Telugu,Poor,Completed
TC0000699,TEP0000526,Swathi Khan,F,41,9954788882,Gangapur,Jadcherla,Mahabubnagar,2026-05-24,FAC001,Cough,Other,Assisted video,18,Yes,No,No,,20.2,Telugu,Poor,Completed
TC0000700,TEP0000527,Rajesh Kumar,M,49,9219892019,KOHIR,Zaheerabad,Sangareddy,2026-03-25,FAC024,Abdominal discomfort,Diabetes,Audio,12,No,Yes,No,,6.4,Telugu,Poor,Completed
TC0000701,TEP0000527,Rajesh Kumar,M,48,9219892019,KOHIR,Zaheerabad,Sangareddy,2026-06-16,FAC022,Dizziness,Diabetes,Video,21,No,Yes,Yes,21,3.6,Telugu,Good,Completed
TC0000702,TEP0000528,Santosh Goud,M,58,,Kondamallepally,Devarakonda,Nalgonda,2026-07-18,FAC010,Fever,Fever/Infection,Assisted video,14,Yes,No,Yes,30,20.0,Telugu,Fair,Completed
TC0000703,TEP0000529,Praveen Goud,M,40,9251948994,Midjil,Midjil,Mahabubnagar,2026-03-02,FAC007,Dizziness,Hypertension,Video,12,No,Yes,No,,7.6,Telugu,Fair,Completed
TC0000704,TEP0000530,Mahesh Basha,M,18,9950994604,Macharam,Jadcherla,Mahabubnagar,2026-01-14,FAC003,Body pain,Diabetes,Video,11,Yes,Yes,Yes,21,12.8,Telugu,Good,Completed
TC0000705,TEP0000530,Mahesh Basha,M,18,9950994604,Macharam,Jadcherla,Mahabubnagar,2026-07-19,FAC001,Skin complaint,Diabetes,Video,10,Yes,Yes,Yes,14,17.2,Telugu,Good,Completed
TC0000706,TEP0000531,Harika Laxman,F,18,9596844495,Velpula,Midjil,Mahabubnagar,2026-05-24,FAC009,Abdominal discomfort,Gastrointestinal,Assisted video,24,No,No,No,,4.2,Telugu,Good,Completed
TC0000707,TEP0000532,Anjali Laxman,F,72,9078365034,Bhanur,Patancheru,Sangareddy,2026-05-08,FAC025,Skin complaint,Hypertension,Audio,7,No,Yes,Yes,14,18.7,Telugu,Fair,Completed
TC0000708,TEP0000533,Naveen Chary,M,56,9808278605,Chandur,Chandur,Nalgonda,2026-02-05,FAC014,Abdominal discomfort,Hypertension,Assisted video,15,Yes,Yes,Yes,30,20.6,Telugu,Fair,Completed
TC0000709,TEP0000533,Naveen Chary,M,57,9808878605,Chandur,Chandur,Nalgonda,2026-05-04,FAC014,Cough,Hypertension,Audio,23,Yes,Yes,No,,20.6,Telugu,Fair,Completed
TC0000710,TEP0000534,Sai Narsimha,M,64,,Nomula,Nakrekal,Nalgonda,2026-05-17,FAC017,Skin complaint,Diabetes,Audio,13,Yes,Yes,Yes,21,29.9,English,Fair,Completed
TC0000711,TEP0000535,Raghav Chary,M,66,9835407077,Indresham,Patancheru,Sangareddy,2026-03-08,FAC027,Routine NCD review,Hypertension,Video,9,Yes,No,No,,22.3,Telugu,Poor,Completed
TC0000712,TEP0000536,Ramesh Yadav,M,58,9251441315,Kalher,Narayankhed,Sangareddy,2026-01-18,FAC021,Abdominal discomfort,Hypertension,Video,10,Yes,Yes,Yes,21,22.9,Telugu,Fair,Completed
TC0000713,TEP0000537,Praveen Laxman,M,58,9816315364,Midjil,Midjil,Mahabubnagar,2026-03-04,FAC008,Fever,Hypertension,Video,21,No,Yes,Yes,30,11.3,Telugu,Good,Completed
TC0000714,TEP0000538,Shobha Mallaiah,F,22,9235423422,Chandur,Chandur,Nalgonda,2026-01-25,FAC014,Headache,Hypertension,Video,15,No,No,Yes,7,20.6,Telugu,Fair,Completed
TC0000715,TEP0000539,Suresh Chary,M,51,9187048205,Bangarigadd,Chandur,Nalgonda,2026-03-13,FAC013,Cough,Other,Assisted video,19,Yes,No,No,,16.9,Telugu,Fair,Completed
TC0000716,TEP0000540,Divya Reddy,F,46,,Jharasangam,Zaheerabad,Sangareddy,2026-06-30,FAC023,Dizziness,Musculoskeletal,Video,24,Yes,No,No,,18.7,Telugu,Poor,Completed
TC0000717,TEP0000540,Divya Reddy,F,47,9051085952,Jharasangam,Zaheerabad,Sangareddy,2026-07-13,FAC024,Abdominal discomfort,Fever/Infection,Audio,20,Yes,No,Yes,30,2.6,Telugu,Good,Completed
TC0000718,TEP0000541,Vinod Begum,M,18,+91-98600-83392,Devarakonda,Devarakonda,Nalgonda,2026-03-28,FAC012,Routine NCD review,Gastrointestinal,Assisted video,7,Yes,No,Yes,7,22.1,Telugu,Good,Completed
TC0000719,TEP0000541,Veenod Begum,M,18,9860083392,Devarakonda,Devarakonda,Nalgonda,2026-06-25,FAC012,Fever,Gastrointestinal,Video,13,No,No,No,,22.1,Telugu,Good,Completed
TC0000720,TEP0000542,Bhavani Narsimha,F,61,9473200447,Gangapur,Jadcherla,Mahabubnagar,2026-03-05,FAC003,Fever,Gastrointestinal,Assisted video,8,Yes,No,No,,26.4,Telugu,Poor,Completed
TC0000721,TEP0000542,Bhavani Narsimha,F,62,9473200447,Gangapur,Jadcherla,Mahabubnagar,2026-08-14,FAC003,Headache,Respiratory,Video,16,Yes,No,Yes,7,26.4,Telugu,Fair,Completed
TC0000722,TEP0000543,Deepika Mallaiah,F,56,,Vemula,Midjil,Mahabubnagar,2026-04-24,FAC009,Fever,Gastrointestinal,Video,11,No,No,No,,7.3,Telugu,Good,Completed
TC0000723,TEP0000544,Lakshmi Krishna,F,50,9728894311,Patancheru,Patancheru,Sangareddy,2026-01-01,FAC027,Routine NCD review,Hypertension+Diabetes,Video,23,Yes,Yes,No,,36.3,Telugu,Good,Completed
TC0000724,TEP0000544,Lakshmi Krishna,F,48,9728894311,Patancheru,Patancheru,Sangareddy,2026-01-07,FAC026,Headache,Diabetes,Audio,7,No,No,No,,23.1,Telugu,Fair,Completed
TC0000725,TEP0000545,Swathi,F,88,9033213467,Marrur,Nakrekal,Nalgonda,2026-02-04,FAC018,Abdominal discomfort,Musculoskeletal,Audio,20,Yes,No,No,,6.7,Telugu,Poor,Completed
TC0000726,TEP0000546,Deepika Patel,F,69,9334042762,Bhanur,Patancheru,Sangareddy,2026-04-28,FAC025,Headache,Respiratory,Assisted video,18,Yes,No,Yes,21,18.7,Telugu,Poor,Completed
TC0000727,TEP0000547,Swathi Narsimha,F,72,9862339484,Nakrekal,Nakrekal,Nalgonda,2026-03-29,FAC017,Abdominal discomfort,Musculoskeletal,Assisted video,16,Yes,No,Yes,14,36.5,Telugu,Fair,Completed
TC0000728,TEP0000548,Rani Chary,F,26,9890261674,Bhanur,Patancheru,Sangareddy,2026-07-09,FAC025,Abdominal discomfort,Musculoskeletal,Audio,17,Yes,Yes,Yes,7,18.7,Telugu,Good,Completed
TC0000729,TEP0000549,Kavitha Naik,F,63,9691833693,Jharasangam,Zaheerabad,Sangareddy,2026-05-13,FAC023,Routine NCD review,Other,Audio,21,Yes,No,Yes,14,18.7,Telugu,Poor,Completed
TC0000730,TEP0000550,Bhavani Jangam,F,77,9127435122,Donur,Midjil,Mahabubnagar,2026-07-02,FAC007,Body pain,Respiratory,Assisted video,24,No,No,Yes,30,23.7,Telugu,Good,Completed
TC0000731,TEP0000551,Shobha Mudiraj,F,48,9743339280,Bangarigadda,Chandur,Nalgonda,2026-04-20,FAC015,Abdominal discomfort,Hypertension+Diabetes,Video,20,Yes,Yes,Yes,14,18.0,Urdu,Fair,Completed
TC0000732,TEP0000552,Kiran Naik,M,68,9361612446,Polepally,Jadcherla,Mahabubnagar,2026-01-11,FAC002,Dizziness,Respiratory,Video,19,Yes,No,Yes,14,8.3,Urdu,Fair,Completed
TC0000733,TEP0000553,Ravi Reddy,M,60,9057084259,Bodajanampet,Balanagar,Mahabubnagar,2026-05-26,FAC004,Cough,Hypertension,Video,18,Yes,No,No,,27.6,Telugu,Fair,Completed
TC0000734,TEP0000554,Naresh Das,M,68,9443153181,Kallepally,Balanagar,Mahabubnagar,2026-01-24,FAC005,Routine NCD review,Other,Assisted video,14,Yes,No,No,,26.2,English,Good,Completed
TC0000735,TEP0000555,Anil Krishna,M,47,9544358175,BODAJANAMPET,Balanagar,Mahabubnagar,2026-05-12,FAC006,Headache,Hypertension,Audio,16,No,Yes,Yes,14,33.3,Telugu,Good,Completed
TC0000736,TEP0000556,Rajesh,M,61,9751581636,Chandur,Chandur,Nalgonda,2026-01-05,FAC013,Routine NCD review,Respiratory,Audio,21,Yes,No,Yes,14,21.3,Telugu,Poor,Completed
TC0000737,TEP0000557,Deepika Shekar,F,50,9369802752,Manoor,Narayankhed,Sangareddy,2026-02-10,FAC021,Body pain,Hypertension,Audio,13,Yes,No,Yes,30,15.5,Telugu,Poor,Completed
TC0000738,TEP0000557,Deepika Shekar,F,49,9369807752,Manoor,Narayankhed,Sangareddy,2026-05-15,FAC021,Skin complaint,Hypertension,Audio,23,No,Yes,Yes,7,15.5,Telugu,Fair,Completed
TC0000739,TEP0000557,Dipika Shekar,F,48,9369807752,Manoor,Narayankhed,Sangareddy,2026-06-19,FAC020,Dizziness,Fever/Infection,Video,17,Yes,Yes,Yes,30,21.7,Telugu,Good,Completed
TC0000740,TEP0000558,Padma Krishna,F,46,9999000161,Nakrekal,Nakrekal,Nalgonda,2026-02-07,FAC018,Routine NCD review,Musculoskeletal,Video,12,Yes,Yes,No,,16.2,Telugu,Poor,Completed
TC0000741,TEP0000559,Lakshmi Begum,F,43,9593860965,Narayankhed,Narayankhed,Sangareddy,2026-07-10,FAC021,Cough,Fever/Infection,Assisted video,14,Yes,No,Yes,30,7.0,Telugu,Poor,Completed
TC0000742,TEP0000560,Raju Krishna,M,30,9361373635,Rajapur,Balanagar,Mahabubnagar,2026-06-25,FAC005,Fever,Diabetes,Assisted video,12,Yes,No,Yes,14,12.6,Telugu,Poor,Completed
TC0000743,TEP0000561,Anitha Laxman,F,30,,Bodajanampet,Balanagar,Mahabubnagar,2026-07-20,FAC005,Dizziness,Musculoskeletal,Audio,21,Yes,No,No,,26.6,Telugu,Good,Completed
TC0000744,TEP0000562,Arun Jangam,M,54,9409864316,Balanagar,Balanagar,Mahabubnagar,2026-04-26,FAC004,Cough,Fever/Infection,Video,15,Yes,No,Yes,30,10.8,Telugu,Fair,Completed
TC0000745,TEP0000563,Shankar Narsimha,M,65,9397491705,Kallepally,Balanagar,Mahabubnagar,2026-04-07,FAC005,Dizziness,Diabetes,Video,22,Yes,No,Yes,30,26.2,Urdu,Fair,Completed
TC0000746,TEP0000563,Shankar Narsimha,M,67,+91-93974-91705,Kallepally,Balanagar,Mahabubnagar,2026-05-14,FAC004,Cough,Diabetes,Assisted video,19,No,Yes,Yes,21,26.4,Urdu,Good,Completed
TC0000747,TEP0000564,Nirmala Patel,F,35,9463696738,Ameenpur,Patancheru,Sangareddy,2026-04-06,FAC027,Body pain,Hypertension,Audio,23,Yes,No,Yes,30,27.9,Telugu,Fair,Completed
TC0000748,TEP0000565,Ravi Reddy,M,49,9954367638,Rajapur,Balanagar,Mahabubnagar,2026-03-13,FAC006,Skin complaint,Gastrointestinal,Assisted video,17,Yes,Yes,No,,8.7,Urdu,Fair,Completed
TC0000749,TEP0000565,Ravi Reddy,M,49,9954367638,Rajapu,Balanagar,Mahabubnagar,2026-04-30,FAC006,Abdominal discomfort,Gastrointestinal,Assisted video,23,No,No,Yes,14,8.7,Urdu,Poor,Completed
TC0000750,TEP0000566,Shankar Jangam,M,64,9261304675,Nermata,Chandur,Nalgonda,2026-01-13,FAC015,Cough,Diabetes,Assisted video,7,Yes,Yes,Yes,14,22.4,Telugu,Poor,Completed
TC0000751,TEP0000566,Shankar Jangam,M,64,9261304675,Nermata,Chandur,Nalgonda,2026-03-06,FAC015,Headache,Diabetes,Audio,13,Yes,Yes,No,,22.4,Telugu,Fair,Completed
TC0000752,TEP0000567,Rajesh,M,78,9790105766,Nakrekal,Nakrekal,Nalgonda,2026-04-20,FAC018,Cough,Dermatology,Audio,19,Yes,No,Yes,21,16.2,Telugu,Poor,Completed
TC0000753,TEP0000567,Rajesh Khan,M,78,9790105766,Nakrekal,Nakrekal,Nalgonda,2026-05-30,FAC016,Fever,Musculoskeletal,Audio,18,Yes,No,Yes,21,35.5,Telugu,Good,Completed
TC0000754,TEP0000568,Lakshmi Reddy,F,28,9769574943,Donur,Midjil,Mahabubnagar,2026-03-06,FAC007,Cough,Other,Audio,7,Yes,No,No,,23.7,Telugu,Fair,Completed
TC0000755,TEP0000569,Kavitha Goud,F,53,9450578567,Kummarikunta,Chandur,Nalgonda,2026-01-07,FAC015,Fever,Diabetes,Video,12,No,No,Yes,14,26.6,Telugu,Poor,Completed
TC0000756,TEP0000570,Shobha Kumar,F,77,9160589954,Macharam,Jadcherla,Mahabubnagar,2026-02-04,FAC001,Skin complaint,Dermatology,Video,10,Yes,No,No,,17.2,Telugu,Fair,Completed
TC0000757,TEP0000570,Shobha Kumar,F,79,9160589954,Macharam,Jadcherla,Mahabubnagar,2026-05-31,FAC001,Cough,Fever/Infection,Audio,15,Yes,Yes,No,,17.2,Telugu,Fair,Completed
TC0000758,TEP0000571,Ravi Khan,M,38,,Marrur,Nakrekal,Nalgonda,2026-06-11,FAC017,Cough,Fever/Infection,Video,11,Yes,No,No,,25.8,Telugu,Fair,Completed
TC0000759,TEP0000572,Anjali Begum,F,38,,Marrur,Nakrekal,Nalgonda,2026-04-04,FAC017,Skin complaint,Gastrointestinal,Audio,10,Yes,Yes,No,,25.8,English,Fair,Completed
TC0000760,TEP0000573,Shobha Narsimha,F,63,9993865775,Manoor,Narayankhed,Sangareddy,2026-03-24,FAC021,Fever,Respiratory,Video,10,Yes,Yes,Yes,7,15.5,Telugu,Fair,Completed
TC0000761,TEP0000574,Saritha Kumar,F,80,9236254652,Bodajanampet,Balanagar,Mahabubnagar,2026-04-07,FAC005,Routine NCD review,Respiratory,Assisted video,19,Yes,No,Yes,30,26.6,Urdu,Fair,Completed
TC0000762,TEP0000575,Shankar Begum,M,54,9147721164,Narayankhed,Narayankhed,Sangareddy,2026-05-22,FAC021,Body pain,Diabetes,Video,8,No,Yes,Yes,7,7.0,English,Fair,Completed
TC0000763,TEP0000576,Praveen Begum,M,49,9340869502,Vemula,Midjil,Mahabubnagar,2026-03-10,FAC009,Fever,Musculoskeletal,Assisted video,12,Yes,No,Yes,7,7.3,Telugu,Fair,Completed
TC0000764,TEP0000577,Bhavanee Khan,F,67,9603339343,Peddadinne,Devarakonda,Nalgonda,2026-01-21,FAC012,Dizziness,Respiratory,Assisted video,11,Yes,Yes,No,,6.6,Telugu,Fair,Completed
TC0000765,TEP0000577,Bhavani Khan,F,66,9603339343,Peddadinne,Devarakonda,Nalgonda,2026-03-13,FAC010,Headache,Gastrointestinal,Video,24,No,Yes,No,,7.4,Telugu,Poor,Completed
TC0000766,TEP0000578,Jyothi Mallaiah,F,39,9005726120,Bodajanampet,Balanagar,Mahabubnagar,2026-06-07,FAC006,Body pain,Musculoskeletal,Audio,12,Yes,Yes,Yes,14,33.3,Urdu,Fair,Completed
TC0000767,TEP0000578,Jyothee Mallaiah,F,41,9005722120,Bodajanampet,Balanagar,Mahabubnagar,2026-08-06,FAC006,Body pain,Hypertension,Video,8,Yes,No,Yes,7,33.3,Urdu,Poor,Completed
TC0000768,TEP0000579,Anjali Laxman,F,35,9867080495,Nomula,Nakrekal,Nalgonda,2026-02-21,FAC016,Routine NCD review,Hypertension,Audio,9,No,No,Yes,14,36.1,Telugu,Poor,Completed
TC0000769,TEP0000580,Sushma Jangam,F,63,9853087562,Bodajanampet,Balanagar,Mahabubnagar,2026-05-09,FAC005,Dizziness,Diabetes,Assisted video,15,Yes,Yes,Yes,14,26.6,Telugu,Fair,Completed
TC0000770,TEP0000580,Sushma Jangam,F,63,9853087562,Bodajanampet,Balanagar,Mahabubnagar,2026-06-20,FAC006,Headache,Diabetes,Video,15,Yes,No,No,,33.3,Telugu,Poor,Completed
TC0000771,TEP0000581,Naveen Begum,M,18,9190753361,Polepally,Jadcherla,Mahabubnagar,2026-01-20,FAC001,Skin complaint,Musculoskeletal,Assisted video,23,No,No,Yes,21,25.4,Telugu,Poor,Completed
TC0000772,TEP0000581,Naveen Begum,M,18,9190753361,Polepally,Jadcherla,Mahabubnagar,2026-04-15,FAC003,Fever,Dermatology,Audio,15,Yes,No,Yes,21,21.0,Telugu,Poor,Completed
TC0000773,TEP0000582,Srilatha Das,F,39,9101456525,MANOOR,Narayankhed,Sangareddy,2026-08-11,FAC020,Dizziness,Diabetes,Audio,7,No,Yes,Yes,30,21.7,Telugu,Poor,Completed
TC0000774,TEP0000583,Harika Narsimha,F,57,9420245074,Jharasangam,Zaheerabad,Sangareddy,2026-06-06,FAC022,Headache,Other,Video,21,Yes,No,Yes,7,5.6,Telugu,Fair,Completed
TC0000775,TEP0000584,Raghav Reddy,M,49,9622333879,Kummarikunta,Chandur,Nalgonda,2026-03-19,FAC015,Headache,Other,Assisted video,16,Yes,No,Yes,21,26.6,Telugu,Good,Completed
TC0000776,TEP0000585,Mounika Devi,F,68,+91-91658-28885,Jharasangam,Zaheerabad,Sangareddy,2026-01-13,FAC024,Cough,Hypertension,Video,18,Yes,Yes,No,,2.6,Telugu,Good,Completed
TC0000777,TEP0000586,Nirmala Kumar,F,60,,Zaheerabad,Zaheerabad,Sangareddy,2026-02-01,FAC024,Cough,Musculoskeletal,Video,24,Yes,No,No,,28.3,Telugu,Good,Completed
TC0000778,TEP0000587,Naresh Naeek,M,41,9030284446,Ameenpur,Patancheru,Sangareddy,2026-03-29,FAC026,Abdominal discomfort,Fever/Infection,Assisted video,13,Yes,No,No,,9.7,Telugu,Good,Completed
TC0000779,TEP0000588,Ravi Shekar,M,37,9178738159,Midji,Midjil,Mahabubnagar,2026-06-18,FAC007,Fever,Musculoskeletal,Audio,10,No,No,Yes,7,7.6,Telugu,Good,Completed
TC0000780,TEP0000589,Deepik Basha,F,67,9859717843,Badepally,Jadcherla,Mahabubnagar,2026-01-06,FAC003,Dizziness,Dermatology,Assisted video,19,Yes,No,No,,5.1,English,Good,Completed
TC0000781,TEP0000589,Deepika Basha,F,67,9859717843,Badepally,Jadcherla,Mahabubnagar,2026-05-26,FAC002,Cough,Gastrointestinal,Video,17,Yes,Yes,No,,19.9,English,Fair,Completed
TC0000782,TEP0000590,Raju Narsimha,M,41,9231202129,Polepally,Jadcherla,Mahabubnagar,2026-01-10,FAC002,Abdominal discomfort,Diabetes,Video,21,No,Yes,Yes,14,8.3,Telugu,Poor,Completed
TC0000783,TEP0000591,Sai Laxman,M,21,9459474986,KONDAMALLEPALLY,Devarakonda,Nalgonda,2026-02-14,FAC011,Headache,Hypertension,Audio,20,Yes,No,Yes,30,25.7,Telugu,Fair,Completed
TC0000784,TEP0000592,Jyothi Narsimha,F,50,+91-90158-61899,Bhanur,Patancheru,Sangareddy,2026-04-04,FAC027,Skin complaint,Hypertension,Audio,10,Yes,Yes,Yes,7,18.4,Telugu,Fair,Completed
TC0000785,TEP0000593,Nirmala Basha,F,54,9767491998,Mogudampally,Zaheerabad,Sangareddy,2026-05-05,FAC022,Dizziness,Other,Video,20,Yes,Yes,Yes,14,13.2,Telugu,Good,Completed
TC0000786,TEP0000594,Divya Khan,F,66,9919290227,Manoor,Narayankhed,Sangareddy,2026-05-30,FAC021,Body pain,Other,Audio,9,Yes,No,No,,15.5,Telugu,Good,Completed
TC0000787,TEP0000595,Ramesh Shekar,M,51,9005609997,Vemula,Midjil,Mahabubnagar,2026-06-04,FAC009,Body pain,Gastrointestinal,Audio,12,Yes,No,No,,7.3,Telugu,Poor,Completed
TC0000788,TEP0000596,Shankar Shekar,M,70,9305929544,Nermata,Chandur,Nalgonda,2026-01-24,FAC015,Routine NCD review,Diabetes,Assisted video,23,Yes,Yes,No,,22.4,Telugu,Fair,Completed
TC0000789,TEP0000596,Shankar Shekar,M,71,+91-93059-29544,Nermat,Chandur,Nalgonda,2026-04-06,FAC015,Body pain,Diabetes,Audio,21,Yes,Yes,Yes,7,22.4,Telugu,Poor,Completed
TC0000790,TEP0000597,Kiran Yadav,M,54,9676887667,Midjil,Midjil,Mahabubnagar,2026-03-16,FAC009,Fever,Diabetes,Video,18,Yes,Yes,Yes,30,19.5,Urdu,Fair,Completed
TC0000791,TEP0000598,Praveen Mallaiah,M,37,9780921797,Devarakonda,Devarakonda,Nalgonda,2026-06-14,FAC012,Routine NCD review,Hypertension+Diabetes,Audio,10,Yes,No,No,,22.1,Telugu,Poor,Completed
TC0000792,TEP0000599,Raghav Narsimha,M,52,9483450938,Bodajanampet,Balanagar,Mahabubnagar,2026-08-07,FAC004,Headache,Diabetes,Audio,23,Yes,No,No,,27.6,Telugu,Good,Completed
TC0000793,TEP0000600,Naveen Das,M,61,9719699281,Indresham,Patancheru,Sangareddy,2026-03-01,FAC026,Abdominal discomfort,Gastrointestinal,Assisted video,16,Yes,No,Yes,14,11.5,Urdu,Fair,Completed
TC0000794,TEP0000601,Venkatesh Laxman,M,50,9732935822,Polepally,Jadcherla,Mahabubnagar,2026-04-07,FAC002,Cough,Gastrointestinal,Assisted video,23,No,No,Yes,21,8.3,Telugu,Good,Completed
TC0000795,TEP0000602,Lalitha Das,F,49,,Polepally,Jadcherla,Mahabubnagar,2026-07-27,FAC002,Abdominal discomfort,Gastrointestinal,Assisted video,19,Yes,No,Yes,30,8.3,Telugu,Fair,Completed
TC0000796,TEP0000603,Divya Rao,F,28,9761634285,Kummarikunta,Chandur,Nalgonda,2026-04-19,FAC014,Fever,Other,Assisted video,14,Yes,No,No,,7.3,Telugu,Fair,Completed
TC0000797,TEP0000604,Shankar Naik,M,38,9245484906,Midjil,Midjil,Mahabubnagar,2026-04-20,FAC009,Abdominal discomfort,Diabetes,Video,10,Yes,Yes,Yes,14,19.5,Telugu,Fair,Completed
TC0000798,TEP0000604,Shankar Naik,M,38,+91-92454-84906,Midjil,Midjil,Mahabubnagar,2026-05-20,FAC009,Dizziness,Hypertension+Diabetes,Video,24,Yes,No,Yes,30,19.5,Telugu,Good,Completed
TC0000799,TEP0000605,Raju Shekar,M,24,9509596375,Bodajanampet,Balanagar,Mahabubnagar,2026-01-25,FAC005,Abdominal discomfort,Fever/Infection,Assisted video,15,No,No,Yes,7,26.6,Telugu,Good,Completed
TC0000800,TEP0000606,Venkatesh Chary,M,39,+91-91560-03892,Polepally,Jadcherla,Mahabubnagar,2026-04-25,FAC003,Headache,Gastrointestinal,Assisted video,17,No,No,Yes,21,21.0,Telugu,Good,Completed
TC0000801,TEP0000607,Raju Mallaiah,M,42,9560956397,Polepally,Jadcherla,Mahabubnagar,2026-06-22,FAC002,Fever,Hypertension,Assisted video,23,No,No,Yes,14,8.3,Telugu,Fair,Completed
TC0000802,TEP0000608,Naveen Reddy,M,58,,Ameenpur,Patancheru,Sangareddy,2026-03-09,FAC025,Abdominal discomfort,Diabetes,Video,21,Yes,Yes,Yes,7,13.0,Urdu,Fair,Completed
TC0000803,TEP0000609,Shankar Narsimha,M,56,9596432910,Polepally,Jadcherla,Mahabubnagar,2026-04-22,FAC001,Abdominal discomfort,Diabetes,Audio,23,Yes,Yes,Yes,21,25.4,Telugu,Poor,Completed
TC0000804,TEP0000609,Shankar Narsimha,M,56,9596432910,Polepally,Jadcherla,Mahabubnagar,2026-05-20,FAC002,Skin complaint,Diabetes,Audio,14,No,No,No,,8.3,Telugu,Fair,Completed
TC0000805,TEP0000610,Arun Mudiraj,M,48,9318211766,Jharasangam,Zaheerabad,Sangareddy,2026-07-30,FAC024,Skin complaint,Diabetes,Video,17,No,Yes,Yes,30,2.6,Telugu,Poor,Completed
TC0000806,TEP0000611,Anil Kumar,M,28,9250141189,VELPULA,Midjil,Mahabubnagar,2026-07-09,FAC009,Body pain,Respiratory,Audio,24,Yes,No,Yes,21,4.2,English,Good,Completed
TC0000807,TEP0000612,Kiran Mallaiah,M,57,9727321799,GANGAPUR,Jadcherla,Mahabubnagar,2026-07-12,FAC002,Cough,Other,Assisted video,18,Yes,Yes,Yes,14,38.9,Telugu,Good,Completed
TC0000808,TEP0000613,Renuka Goud,F,49,9333918046,Kalhe,Narayankhed,Sangareddy,2026-08-08,FAC021,Routine NCD review,Respiratory,Assisted video,20,Yes,No,Yes,14,22.9,Telugu,Fair,Completed
TC0000809,TEP0000614,Sai Patel,M,26,9134818725,Macharam,Jadcherla,Mahabubnagar,2026-06-29,FAC002,Headache,Musculoskeletal,Assisted video,14,Yes,No,Yes,30,29.4,Telugu,Good,Completed
TC0000810,TEP0000615,Swathi Jangam,F,83,9868262916,Zaheerabad,Zaheerabad,Sangareddy,2026-04-30,FAC022,Routine NCD review,Fever/Infection,Audio,9,Yes,Yes,Yes,7,25.3,Telugu,Fair,Completed
TC0000811,TEP0000616,Rajesh Goud,M,59,9104589468,Gundlapally,Devarakonda,Nalgonda,2026-03-15,FAC012,Skin complaint,Musculoskeletal,Audio,15,No,Yes,Yes,7,25.4,Telugu,Poor,Completed
TC0000812,TEP0000617,Sai Khan,M,41,+91-90344-78864,Devarakonda,Devarakonda,Nalgonda,2026-06-30,FAC011,Headache,Diabetes,Audio,9,Yes,Yes,Yes,7,29.2,Telugu,Good,Completed
TC0000813,TEP0000617,Sai Khan,M,41,9034478864,Devarakonda,Devarakonda,Nalgonda,2026-07-24,FAC011,Dizziness,Fever/Infection,Audio,18,Yes,Yes,Yes,21,29.2,Telugu,Fair,Completed
TC0000814,TEP0000617,Sai Khan,M,41,9034478864,Devarakonda,Devarakonda,Nalgonda,2026-08-12,FAC010,Dizziness,Diabetes,Assisted video,17,Yes,Yes,No,,22.8,Telugu,Poor,Completed
TC0000815,TEP0000618,Anjali Shekar,F,69,9194403351,Bangarigadda,Chandur,Nalgonda,2026-06-17,FAC014,Dizziness,Hypertension,Assisted video,12,Yes,Yes,Yes,21,17.6,Telugu,Fair,Completed
TC0000816,TEP0000619,Kiran Devi,M,66,,Kalher,Narayankhed,Sangareddy,2026-01-12,FAC020,Body pain,Other,Audio,14,Yes,No,Yes,21,29.6,Telugu,Fair,Completed
TC0000817,TEP0000620,Mahesh Rao,M,64,9037507024,Mangalapally,Nakrekal,Nalgonda,2026-01-30,FAC018,Body pain,Hypertension,Assisted video,11,No,Yes,No,,35.0,Telugu,Fair,Completed
TC0000818,TEP0000620,Mahesh Rao,M,64,9037507024,Mangalapally,Nakrekal,Nalgonda,2026-02-22,FAC017,Dizziness,Hypertension,Assisted video,10,Yes,No,Yes,30,21.1,Telugu,Good,Completed
TC0000819,TEP0000621,Lakshmi Reddy,F,47,9848630079,Kalher,Narayankhed,Sangareddy,2026-03-20,FAC020,Dizziness,Respiratory,Audio,10,Yes,No,Yes,14,29.6,Telugu,Poor,Completed
TC0000820,TEP0000622,Ravi Reddy,M,54,9412856830,Nomula,Nakrekal,Nalgonda,2026-04-28,FAC018,Abdominal discomfort,Diabetes,Audio,9,Yes,No,No,,2.2,Telugu,Good,Completed
TC0000821,TEP0000622,Ravi Reddy,M,55,9412856830,Nomula,Nakrekal,Nalgonda,2026-07-23,FAC018,Cough,Diabetes,Audio,24,Yes,No,Yes,7,2.2,Telugu,Good,Completed
TC0000822,TEP0000623,Anil Shekar,M,18,9950814139,Narayankhed,Narayankhed,Sangareddy,2026-05-04,FAC020,Body pain,Musculoskeletal,Video,24,No,No,Yes,21,23.7,Telugu,Fair,Completed
TC0000823,TEP0000624,Rajesh Naik,M,51,9044106126,Polepally,Jadcherla,Mahabubnagar,2026-05-23,FAC002,Abdominal discomfort,Fever/Infection,Assisted video,18,No,Yes,Yes,30,8.3,Telugu,Good,Completed
TC0000824,TEP0000625,Raju Chary,M,56,9141112523,Nakrekal,Nakrekal,Nalgonda,2026-08-05,FAC016,Body pain,Dermatology,Assisted video,11,No,No,Yes,21,35.5,Telugu,Good,Completed
TC0000825,TEP0000626,Arun Chary,M,34,9023644796,Marrur,Nakrekal,Nalgonda,2026-02-16,FAC016,Abdominal discomfort,Dermatology,Assisted video,21,Yes,No,No,,36.5,Telugu,Fair,Completed
TC0000826,TEP0000627,Kavitha Mudiraj,F,42,9001056374,Balanagar,Balanagar,Mahabubnagar,2026-07-31,FAC006,Cough,Diabetes,Video,23,Yes,Yes,No,,1.4,Telugu,Poor,Completed
TC0000827,TEP0000628,Arun Reddy,M,39,+91-99150-55619,Nomula,Nakrekal,Nalgonda,2026-03-14,FAC016,Routine NCD review,Dermatology,Video,18,Yes,No,Yes,21,36.1,Urdu,Poor,Completed
TC0000828,TEP0000628,Arun Reddy,M,38,,Nomula,Nakrekal,Nalgonda,2026-04-10,FAC018,Dizziness,Dermatology,Audio,10,Yes,Yes,No,,2.2,Urdu,Poor,Completed
TC0000829,TEP0000628,Arun Reddy,M,38,9915055619,NOMULA,Nakrekal,Nalgonda,2026-07-05,FAC017,Abdominal discomfort,Fever/Infection,Audio,14,No,Yes,Yes,14,29.9,Urdu,Good,Completed
TC0000830,TEP0000629,Mahesh Reddy,M,45,9013911619,Macharam,Jadcherla,Mahabubnagar,2026-02-19,FAC001,Fever,Fever/Infection,Audio,19,No,No,Yes,7,17.2,English,Poor,Completed
TC0000831,TEP0000630,Mohan Reddy,M,74,9493216457,Kondamallepally,Devarakonda,Nalgonda,2026-06-15,FAC012,Cough,Fever/Infection,Assisted video,15,Yes,No,Yes,21,19.6,Telugu,Poor,Completed
TC0000832,TEP0000631,Raju Rao,M,63,9445889430,VELPULA,Midjil,Mahabubnagar,2026-04-05,FAC008,Body pain,Musculoskeletal,Video,18,Yes,No,Yes,30,12.6,Telugu,Fair,Completed
TC0000833,TEP0000632,Naveen Laxman,M,49,9401843808,Zaheerabad,Zaheerabad,Sangareddy,2026-08-10,FAC023,Headache,Gastrointestinal,Assisted video,11,Yes,No,No,,17.3,Urdu,Poor,Completed
TC0000834,TEP0000633,Deepika Narsimha,F,58,9550935904,Kalher,Narayankhed,Sangareddy,2026-06-06,FAC021,Headache,Diabetes,Video,10,No,Yes,No,,22.9,Telugu,Fair,Completed
TC0000835,TEP0000634,Bhavani Kumar,F,46,+91-93621-38149,Midjil,Midjil,Mahabubnagar,2026-07-26,FAC007,Abdominal discomfort,Hypertension,Audio,19,No,Yes,No,,7.6,Urdu,Good,Completed
TC0000836,TEP0000635,Kiran Mallaiah,M,56,9514587143,PATANCHERU,Patancheru,Sangareddy,2026-01-15,FAC026,Abdominal discomfort,Diabetes,Audio,12,Yes,No,No,,23.1,Telugu,Poor,Completed
TC0000837,TEP0000636,Mahesh Naeek,M,59,9454779715,Patancheru,Patancheru,Sangareddy,2026-05-25,FAC027,Routine NCD review,Diabetes,Audio,8,Yes,Yes,Yes,7,36.3,Telugu,Good,Completed
TC0000838,TEP0000636,Mahesh Naik,M,58,+91-94547-79715,Patancheru,Patancheru,Sangareddy,2026-07-07,FAC026,Headache,Other,Video,15,No,No,No,,23.1,Telugu,Good,Completed
TC0000839,TEP0000637,sankar Begum,M,65,9050412217,Jharasangam,Zaheerabad,Sangareddy,2026-07-21,FAC022,Body pain,Hypertension,Assisted video,9,Yes,No,Yes,7,5.6,Urdu,Good,Completed
TC0000840,TEP0000638,Laleetha Jangam,F,52,9549613170,Gangapur,Jadcherla,Mahabubnagar,2026-01-11,FAC002,Fever,Dermatology,Assisted video,24,No,No,Yes,14,38.9,Telugu,Fair,Completed
TC0000841,TEP0000639,Divya Mallaiah,F,65,9467797866,Bhanur,Patancheru,Sangareddy,2026-04-12,FAC025,Headache,Gastrointestinal,Audio,11,Yes,No,Yes,7,18.7,Telugu,Good,Completed
TC0000842,TEP0000640,Vinod Narsimha,M,49,9359667147,Marrur,Nakrekal,Nalgonda,2026-04-10,FAC016,Fever,Hypertension+Diabetes,Assisted video,16,Yes,Yes,No,,36.5,Telugu,Good,Completed
TC0000843,TEP0000640,Vinod Narsimha,M,49,9359667147,Marrur,Nakrekal,Nalgonda,2026-04-20,FAC018,Routine NCD review,Hypertension+Diabetes,Assisted video,19,Yes,No,No,,6.7,Telugu,Poor,Completed
TC0000844,TEP0000641,Srilatha Das,F,65,+91-91071-54143,Vemul,Midjil,Mahabubnagar,2026-07-05,FAC009,Headache,Musculoskeletal,Assisted video,8,Yes,No,Yes,30,7.3,Telugu,Poor,Completed
TC0000845,TEP0000641,Srilatha Das,F,68,9107154143,VEMULA,Midjil,Mahabubnagar,2026-08-05,FAC009,Dizziness,Musculoskeletal,Assisted video,8,Yes,No,Yes,7,7.3,Telugu,Fair,Completed
TC0000846,TEP0000642,Anitha Jangam,F,32,9252789606,Kohir,Zaheerabad,Sangareddy,2026-04-08,FAC023,Body pain,Hypertension,Audio,18,Yes,Yes,Yes,14,15.7,Telugu,Good,Completed
TC0000847,TEP0000643,Vinod,M,27,9051863059,Mogudampally,Zaheerabad,Sangareddy,2026-03-02,FAC024,Routine NCD review,Other,Assisted video,19,Yes,No,Yes,7,16.8,Telugu,Poor,Completed
TC0000848,TEP0000644,Praveen Das,M,48,+91-91586-25787,Nomul,Nakrekal,Nalgonda,2026-08-15,FAC018,Dizziness,Other,Audio,24,Yes,Yes,Yes,30,2.2,Urdu,Poor,Completed
TC0000849,TEP0000645,Harika Naik,F,61,+91-92665-54482,Velpula,Midjil,Mahabubnagar,2026-01-02,FAC007,Abdominal discomfort,Hypertension+Diabetes,Audio,7,Yes,Yes,No,,17.9,Telugu,Poor,Completed
TC0000850,TEP0000646,Bhavani Rao,F,39,9854008216,Narayankhed,Narayankhed,Sangareddy,2026-06-25,FAC020,Abdominal discomfort,Other,Audio,8,Yes,No,No,,23.7,Telugu,Poor,Completed
TC0000851,TEP0000646,Bhavani Rao,F,41,9854008216,Narayankhed,Narayankhed,Sangareddy,2026-07-31,FAC021,Fever,Dermatology,Video,18,Yes,No,No,,7.0,Telugu,Fair,Completed
TC0000852,TEP0000647,Raghav Basha,M,18,9204429656,Velpula,Midjil,Mahabubnagar,2026-05-28,FAC007,Routine NCD review,Hypertension,Assisted video,18,Yes,Yes,Yes,21,17.9,Telugu,Good,Completed
TC0000853,TEP0000648,Kavitha Rao,F,53,9630715572,Gangapur,Jadcherla,Mahabubnagar,2026-01-03,FAC003,Body pain,Hypertension+Diabetes,Audio,23,No,No,Yes,21,26.4,Telugu,Good,Completed
TC0000854,TEP0000649,Praveen Rao,M,45,+91-93111-44660,Rajapur,Balanagar,Mahabubnagar,2026-02-21,FAC005,Headache,Hypertension,Video,24,Yes,Yes,Yes,7,12.6,Urdu,Fair,Completed
TC0000855,TEP0000650,Rani Reddy,F,62,9317662625,Balanagar,Balanagar,Mahabubnagar,2026-08-04,FAC005,Routine NCD review,Hypertension+Diabetes,Video,8,Yes,Yes,Yes,7,10.4,Telugu,Fair,Completed
TC0000856,TEP0000651,Sushma Naik,F,26,9498545504,Gangapur,Jadcherla,Mahabubnagar,2026-01-10,FAC002,Fever,Diabetes,Video,20,Yes,Yes,No,,38.9,Telugu,Good,Completed
TC0000857,TEP0000652,Jyothi Begum,F,20,9341332911,Devarakonda,Devarakonda,Nalgonda,2026-01-19,FAC012,Body pain,Gastrointestinal,Assisted video,20,Yes,Yes,Yes,14,22.1,Telugu,Good,Completed
TC0000858,TEP0000653,Naveen Khan,M,52,9266469953,Zaheerabad,Zaheerabad,Sangareddy,2026-03-05,FAC022,Routine NCD review,Other,Video,23,No,No,Yes,21,25.3,Telugu,Good,Completed
TC0000859,TEP0000654,Praveen Narsimha,M,46,9659335327,Marrur,Nakrekal,Nalgonda,2026-03-09,FAC016,Cough,Fever/Infection,Assisted video,15,Yes,Yes,Yes,7,36.5,Telugu,Good,Completed
TC0000860,TEP0000655,Nirmala Basha,F,51,9844477537,Nermata,Chandur,Nalgonda,2026-03-19,FAC014,Headache,Hypertension,Video,14,No,Yes,Yes,7,19.2,Telugu,Fair,Completed
TC0000861,TEP0000655,Nirmla Basha,F,51,+91-98444-77537,Nermata,Chandur,Nalgonda,2026-07-22,FAC015,Dizziness,Fever/Infection,Assisted video,14,Yes,No,No,,22.4,Telugu,Poor,Completed
TC0000862,TEP0000656,Nirmala Kumar,F,36,,Nomula,Nakrekal,Nalgonda,2026-07-15,FAC018,Body pain,Fever/Infection,Assisted video,17,Yes,Yes,Yes,21,2.2,English,Poor,Completed
TC0000863,TEP0000657,Rajesh Devi,M,37,9059149277,Chandur,Chandur,Nalgonda,2026-01-18,FAC015,Fever,Hypertension,Video,9,Yes,Yes,Yes,21,29.7,Telugu,Fair,Completed
TC0000864,TEP0000658,Shobh Reddy,F,39,9014688088,Bangarigadda,Chandur,Nalgonda,2026-04-14,FAC013,Cough,Respiratory,Audio,21,No,No,No,,16.9,Telugu,Good,Completed
TC0000865,TEP0000658,Shobha Reddy,F,39,9014688088,Bangarigadda,Chandur,Nalgonda,2026-06-12,FAC014,Skin complaint,Dermatology,Audio,16,No,No,Yes,14,17.6,Telugu,Poor,Completed
TC0000866,TEP0000659,Arun Naik,M,60,9255670115,Badepally,Jadcherla,Mahabubnagar,2026-07-10,FAC001,Fever,Dermatology,Video,15,No,No,Yes,21,11.4,Urdu,Poor,Completed
TC0000867,TEP0000660,Jyothi Begum,F,69,,Bodajanampet,Balanagar,Mahabubnagar,2026-02-26,FAC005,Cough,Other,Audio,10,No,No,No,,26.6,Telugu,Poor,Completed
TC0000868,TEP0000661,Raju Mallaiah,M,41,9619767355,Gangapur,Jadcherla,Mahabubnagar,2026-06-15,FAC003,Cough,Musculoskeletal,Video,23,Yes,No,Yes,14,26.4,Telugu,Good,Completed
TC0000869,TEP0000661,Raju Mallaiah,M,43,9619767355,Gangapur,Jadcherla,Mahabubnagar,2026-07-25,FAC001,Routine NCD review,Musculoskeletal,Video,18,Yes,No,Yes,14,20.2,Telugu,Good,Completed
TC0000870,TEP0000662,Suresh Patel,M,46,,Rajapur,Balanagar,Mahabubnagar,2026-07-14,FAC004,Headache,Hypertension,Assisted video,9,Yes,No,Yes,30,13.9,Telugu,Good,Completed
TC0000871,TEP0000663,Naveen Mudiraj,M,52,9252797101,Donur,Midjil,Mahabubnagar,2026-07-15,FAC009,Headache,Fever/Infection,Assisted video,24,Yes,No,No,,14.1,Telugu,Poor,Completed
TC0000872,TEP0000664,Mounika Das,F,36,9740940202,Kangti,Narayankhed,Sangareddy,2026-05-22,FAC021,Dizziness,Fever/Infection,Audio,21,Yes,No,Yes,14,27.8,Telugu,Fair,Completed
TC0000873,TEP0000665,Raju Naik,M,48,9770951132,Bhanur,Patancheru,Sangareddy,2026-08-08,FAC026,Body pain,Gastrointestinal,Assisted video,13,No,No,Yes,14,12.8,English,Good,Completed
TC0000874,TEP0000666,Arun Das,M,61,9819182522,Midjil,Midjil,Mahabubnagar,2026-03-05,FAC007,Abdominal discomfort,Fever/Infection,Assisted video,21,No,Yes,Yes,7,7.6,Urdu,Poor,Completed
TC0000875,TEP0000667,Rajesh Chary,M,32,9408801700,Nakrekal,Nakrekal,Nalgonda,2026-03-20,FAC018,Fever,Dermatology,Video,14,Yes,No,Yes,21,16.2,Telugu,Fair,Completed
TC0000876,TEP0000668,Sushma Patel,F,41,9753299925,Kalher,Narayankhed,Sangareddy,2026-02-28,FAC020,Fever,Musculoskeletal,Video,13,Yes,No,Yes,30,29.6,Telugu,Fair,Completed
TC0000877,TEP0000669,Kavitha Patel,F,23,9785108109,Kallepally,Balanagar,Mahabubnagar,2026-06-09,FAC005,Skin complaint,Other,Video,10,Yes,No,Yes,21,26.2,Telugu,Poor,Completed
TC0000878,TEP0000670,Ramesh Reddy,M,65,9075067381,Polepally,Jadcherla,Mahabubnagar,2026-05-29,FAC002,Abdominal discomfort,Other,Assisted video,12,Yes,No,Yes,30,8.3,Telugu,Fair,Completed
TC0000879,TEP0000671,Nirmala Mudiraj,F,32,9467272719,Gundlapally,Devarakonda,Nalgonda,2026-07-15,FAC011,Abdominal discomfort,Diabetes,Audio,22,Yes,Yes,Yes,7,29.4,Urdu,Fair,Completed
TC0000880,TEP0000672,Kavitha Jangam,F,48,9399153440,RAJAPUR,Balanagar,Mahabubnagar,2026-06-21,FAC005,Routine NCD review,Respiratory,Audio,20,Yes,No,Yes,21,12.6,Telugu,Good,Completed
TC0000881,TEP0000673,Sreenivas Jangam,M,46,9571928989,Indresham,Patancheru,Sangareddy,2026-07-18,FAC026,Abdominal discomfort,Musculoskeletal,Video,8,Yes,Yes,Yes,7,11.5,Telugu,Poor,Completed
TC0000882,TEP0000674,Naresh Patel,M,61,9891790086,BODAJANAMPET,Balanagar,Mahabubnagar,2026-02-20,FAC005,Body pain,Hypertension,Assisted video,10,No,Yes,Yes,30,26.6,Telugu,Good,Completed
TC0000883,TEP0000674,Naresh Patel,M,61,9891790086,Bodajanampet,Balanagar,Mahabubnagar,2026-04-19,FAC006,Fever,Fever/Infection,Assisted video,17,Yes,No,Yes,30,33.3,Telugu,Poor,Completed
TC0000884,TEP0000675,Kiran Rao,M,57,9863221276,Bangarigadda,Chandur,Nalgonda,2026-06-21,FAC014,Fever,Gastrointestinal,Video,20,Yes,No,Yes,14,17.6,Telugu,Good,Completed
TC0000885,TEP0000676,Renuka Chary,F,43,9243646945,Narayankhed,Narayankhed,Sangareddy,2026-01-27,FAC020,Headache,Other,Video,23,Yes,No,Yes,30,23.7,Telugu,Fair,Completed
TC0000886,TEP0000676,Renuka Chary,F,44,,Narayankhed,Narayankhed,Sangareddy,2026-02-28,FAC019,Fever,Hypertension+Diabetes,Assisted video,17,No,Yes,No,,28.2,Telugu,Fair,Completed
TC0000887,TEP0000677,Rjesh Naik,M,42,9228159672,KALHER,Narayankhed,Sangareddy,2026-05-29,FAC021,Body pain,Other,Audio,10,Yes,No,No,,22.9,Telugu,Poor,Completed
TC0000888,TEP0000678,Divya Goud,F,53,+91-93893-66244,Rajapur,Balanagar,Mahabubnagar,2026-04-27,FAC004,Skin complaint,Gastrointestinal,Assisted video,22,No,No,No,,13.9,Telugu,Poor,Completed
TC0000889,TEP0000679,Rju Naik,M,46,+91-92476-86067,Bodajanampet,Balanagar,Mahabubnagar,2026-03-23,FAC004,Dizziness,Diabetes,Audio,19,Yes,No,Yes,21,27.6,Telugu,Fair,Completed
TC0000890,TEP0000680,Srilata Laxman,F,50,,Macharam,Jadcherla,Mahabubnagar,2026-08-05,FAC001,Skin complaint,Hypertension+Diabetes,Video,10,No,No,Yes,30,17.2,Telugu,Poor,Completed
TC0000891,TEP0000681,Anjali Yadav,F,60,9916919556,BALANAGAR,Balanagar,Mahabubnagar,2026-01-26,FAC006,Headache,Diabetes,Video,16,Yes,Yes,Yes,7,1.4,English,Poor,Completed
TC0000892,TEP0000682,Praveen Shekar,M,65,9805087156,Midjil,Midjil,Mahabubnagar,2026-04-01,FAC008,Dizziness,Fever/Infection,Video,15,Yes,No,No,,11.3,Telugu,Poor,Completed
TC0000893,TEP0000683,Anil Laxman,M,41,9613404859,KALLEPALLY,Balanagar,Mahabubnagar,2026-06-10,FAC006,Dizziness,Musculoskeletal,Video,21,Yes,No,Yes,14,35.4,Telugu,Fair,Completed
TC0000894,TEP0000683,Anil Laxman,M,43,9613404859,Kallepally,Balanagar,Mahabubnagar,2026-07-26,FAC004,Fever,Gastrointestinal,Audio,23,No,No,Yes,30,26.4,Telugu,Good,Completed
TC0000895,TEP0000684,Anil Jangam,M,50,9343275665,Bangarigadda,Chandur,Nalgonda,2026-06-17,FAC013,Abdominal discomfort,Hypertension+Diabetes,Video,20,No,No,No,,16.9,Telugu,Good,Completed
TC0000896,TEP0000685,Anitha Reddy,F,40,9947946643,Badepalli,Jadcherla,Mahabubnagar,2026-07-29,FAC003,Body pain,Hypertension,Video,18,Yes,Yes,Yes,7,5.1,Telugu,Poor,Completed
TC0000897,TEP0000686,Prveen Shekar,M,68,9285009772,Badepally,Jadcherla,Mahabubnagar,2026-03-21,FAC001,Body pain,Dermatology,Video,22,Yes,Yes,Yes,30,11.4,Telugu,Poor,Completed
TC0000898,TEP0000687,Sai Laxman,M,53,9098577492,Macharam,Jadcherla,Mahabubnagar,2026-07-18,FAC002,Cough,Dermatology,Audio,12,Yes,No,No,,29.4,Telugu,Poor,Completed
TC0000899,TEP0000688,Sushma Jangam,F,27,9476750176,Patancheru,Patancheru,Sangareddy,2026-02-07,FAC025,Routine NCD review,Other,Assisted video,22,Yes,Yes,Yes,14,25.4,Telugu,Good,Completed
TC0000900,TEP0000689,Lakshmi Laxman,F,79,9451161523,Kondamallepalli,Devarakonda,Nalgonda,2026-08-05,FAC010,Cough,Fever/Infection,Audio,14,No,No,Yes,21,20.0,Telugu,Good,Completed
TC0000901,TEP0000690,Rajesh Kreeshna,M,64,9190517729,Peddadinne,Devarakonda,Nalgonda,2026-02-08,FAC012,Dizziness,Musculoskeletal,Assisted video,23,Yes,No,No,,6.6,Telugu,Fair,Completed
TC0000902,TEP0000691,Rghav Krishna,M,43,9812868833,Nermata,Chandur,Nalgonda,2026-08-09,FAC013,Dizziness,Fever/Infection,Audio,11,No,No,Yes,7,19.7,Telugu,Fair,Completed
TC0000903,TEP0000692,Srilatha Patel,F,57,9208400373,Nomula,Nakrekal,Nalgonda,2026-03-23,FAC018,Skin complaint,Fever/Infection,Audio,22,No,No,Yes,21,2.2,Telugu,Fair,Completed
TC0000904,TEP0000693,Ramesh Mudiraj,M,61,,Kummarikunta,Chandur,Nalgonda,2026-03-26,FAC015,Abdominal discomfort,Fever/Infection,Audio,8,Yes,No,Yes,7,26.6,Telugu,Fair,Completed
TC0000905,TEP0000694,Suresh Goud,M,39,+91-99955-33938,Midjil,Midjil,Mahabubnagar,2026-05-16,FAC008,Body pain,Hypertension,Audio,21,No,Yes,No,,11.3,Telugu,Poor,Completed
TC0000906,TEP0000695,Suresh Devi,M,56,9660008739,Bhanur,Patancheru,Sangareddy,2026-04-05,FAC027,Body pain,Respiratory,Video,24,Yes,No,Yes,30,18.4,Telugu,Good,Completed
TC0000907,TEP0000696,Mohan Begum,M,40,9426681560,Nakrekal,Nakrekal,Nalgonda,2026-05-05,FAC016,Skin complaint,Musculoskeletal,Assisted video,15,Yes,No,Yes,21,35.5,Telugu,Good,Completed
TC0000908,TEP0000697,Jyothi Mallaiah,F,51,+91-92804-36076,Kalher,Narayankhed,Sangareddy,2026-03-19,FAC019,Body pain,Hypertension,Video,20,Yes,No,Yes,7,24.9,Telugu,Poor,Completed
TC0000909,TEP0000698,Anil,M,29,9629254882,Kallepally,Balanagar,Mahabubnagar,2026-07-18,FAC006,Skin complaint,Hypertension,Audio,11,Yes,No,No,,35.4,Telugu,Fair,Completed
TC0000910,TEP0000699,Jyothi Das,F,63,9989980178,Narayankhed,Narayankhed,Sangareddy,2026-02-28,FAC021,Abdominal discomfort,Musculoskeletal,Assisted video,23,Yes,No,Yes,21,7.0,Telugu,Fair,Completed
TC0000911,TEP0000700,Sushma Goud,F,88,9518279597,Bhanur,Patancheru,Sangareddy,2026-08-05,FAC026,Abdominal discomfort,Diabetes,Audio,24,Yes,Yes,No,,12.8,Telugu,Good,Completed
TC0000912,TEP0000701,Raju Mudiraj,M,43,,Nermata,Chandur,Nalgonda,2026-05-19,FAC015,Body pain,Fever/Infection,Audio,8,Yes,No,Yes,21,22.4,Telugu,Poor,Completed
TC0000913,TEP0000701,Raju Mudiraj,M,39,+91-95013-36585,Nermata,Chandur,Nalgonda,2026-06-10,FAC015,Fever,Other,Assisted video,24,Yes,No,Yes,21,22.4,Telugu,Poor,Completed
TC0000914,TEP0000702,Deepika Naik,F,51,9918530055,Kalher,Narayankhed,Sangareddy,2026-08-01,FAC019,Routine NCD review,Fever/Infection,Video,11,Yes,Yes,No,,24.9,Telugu,Poor,Completed
TC0000915,TEP0000703,Kiran Devi,M,38,,Kangti,Narayankhed,Sangareddy,2026-03-01,FAC020,Headache,Respiratory,Assisted video,7,No,No,Yes,14,11.9,Telugu,Fair,Completed
TC0000916,TEP0000704,Srinivas,M,21,,Patancheru,Patancheru,Sangareddy,2026-02-23,FAC027,Fever,Fever/Infection,Video,18,Yes,No,No,,36.3,Urdu,Poor,Completed
TC0000917,TEP0000705,Sushma Naik,F,70,9036439755,Velpula,Midjil,Mahabubnagar,2026-07-17,FAC007,Skin complaint,Other,Audio,15,Yes,No,No,,17.9,Urdu,Good,Completed
TC0000918,TEP0000706,Praveen Begum,M,51,9419539180,Gundlapalli,Devarakonda,Nalgonda,2026-04-06,FAC010,Body pain,Musculoskeletal,Assisted video,23,Yes,Yes,Yes,21,26.3,Urdu,Good,Completed
TC0000919,TEP0000707,Mounika Yadav,F,41,9396436237,Gundlapally,Devarakonda,Nalgonda,2026-05-12,FAC012,Headache,Dermatology,Video,19,No,No,Yes,7,25.4,Telugu,Fair,Completed
TC0000920,TEP0000708,Shobha Yadav,F,52,9799094801,Peddadinn,Devarakonda,Nalgonda,2026-02-13,FAC012,Dizziness,Gastrointestinal,Assisted video,21,Yes,No,Yes,30,6.6,Telugu,Poor,Completed
TC0000921,TEP0000708,Shobha Yadav,F,52,9799094861,Peddadinne,Devarakonda,Nalgonda,2026-03-22,FAC010,Headache,Other,Video,12,Yes,No,Yes,7,7.4,Telugu,Fair,Completed
TC0000922,TEP0000709,Mahesh Chary,M,28,9676078781,Mangalapally,Nakrekal,Nalgonda,2026-03-11,FAC016,Body pain,Musculoskeletal,Video,22,Yes,No,Yes,14,4.1,Telugu,Poor,Completed
TC0000923,TEP0000710,Suresh Devi,M,25,9308071770,Bangarigadd,Chandur,Nalgonda,2026-08-11,FAC014,Fever,Other,Assisted video,10,Yes,No,Yes,30,17.6,Telugu,Good,Completed
TC0000924,TEP0000711,Srilatha Goud,F,53,9202027108,Polepally,Jadcherla,Mahabubnagar,2026-02-25,FAC001,Abdominal discomfort,Hypertension,Assisted video,10,Yes,No,No,,25.4,Urdu,Poor,Completed
TC0000925,TEP0000711,Srilata Goud,F,54,9202027108,Polepally,Jadcherla,Mahabubnagar,2026-07-18,FAC002,Dizziness,Fever/Infection,Audio,22,Yes,Yes,No,,8.3,Urdu,Good,Completed
TC0000926,TEP0000712,Santosh Basha,M,65,9657926433,VELPULA,Midjil,Mahabubnagar,2026-03-10,FAC008,Headache,Respiratory,Audio,15,No,No,Yes,14,12.6,Telugu,Fair,Completed
TC0000927,TEP0000713,Deepika Begum,F,34,9643294613,Kalher,Narayankhed,Sangareddy,2026-04-12,FAC021,Dizziness,Hypertension,Audio,21,Yes,Yes,Yes,30,22.9,Telugu,Fair,Completed
TC0000928,TEP0000714,Swathi Basha,F,35,,Kondamallepally,Devarakonda,Nalgonda,2026-08-03,FAC012,Body pain,Hypertension,Audio,11,No,Yes,No,,19.6,English,Fair,Completed
TC0000929,TEP0000715,Rani Patel,F,38,9954457480,BODAJANAMPET,Balanagar,Mahabubnagar,2026-08-05,FAC006,Headache,Musculoskeletal,Audio,13,Yes,Yes,No,,33.3,English,Fair,Completed
TC0000930,TEP0000716,Swathi Krishna,F,26,9572162906,Devarakonda,Devarakonda,Nalgonda,2026-03-18,FAC010,Cough,Fever/Infection,Assisted video,18,Yes,Yes,Yes,14,22.8,Telugu,Good,Completed
TC0000931,TEP0000717,Padma Kumar,F,47,9009425619,KALLEPALLY,Balanagar,Mahabubnagar,2026-05-02,FAC004,Cough,Diabetes,Audio,24,Yes,Yes,Yes,7,26.4,Telugu,Fair,Completed
TC0000932,TEP0000717,Padma Kumar,F,47,9009425619,Kallepally,Balanagar,Mahabubnagar,2026-05-23,FAC006,Fever,Diabetes,Assisted video,18,Yes,No,No,,35.4,Telugu,Good,Completed
TC0000933,TEP0000717,Padma Kumar,F,47,9009425619,Kallepally,Balanagar,Mahabubnagar,2026-06-30,FAC004,Cough,Other,Video,11,Yes,Yes,No,,26.4,Telugu,Poor,Completed
TC0000934,TEP0000718,Rani Kumar,F,35,9287157984,Kummarikunt,Chandur,Nalgonda,2026-06-05,FAC013,Fever,Musculoskeletal,Audio,7,No,No,No,,6.5,Telugu,Poor,Completed
TC0000935,TEP0000718,Rani Kumar,F,35,9287157984,Kummarikunta,Chandur,Nalgonda,2026-06-25,FAC013,Routine NCD review,Fever/Infection,Audio,14,Yes,No,Yes,21,6.5,Telugu,Good,Completed
TC0000936,TEP0000719,Lakshmi Chary,F,56,9443966656,Mogudampally,Zaheerabad,Sangareddy,2026-01-16,FAC022,Abdominal discomfort,Dermatology,Audio,15,Yes,Yes,Yes,14,13.2,English,Poor,Completed
TC0000937,TEP0000719,Lakshmee Chary,F,56,9443966656,Mogudampally,Zaheerabad,Sangareddy,2026-03-16,FAC022,Dizziness,Gastrointestinal,Video,8,Yes,No,Yes,21,13.2,English,Poor,Completed
TC0000938,TEP0000719,Lakshmi Chary,F,57,+91-94439-66656,Mogudampall,Zaheerabad,Sangareddy,2026-06-08,FAC022,Dizziness,Gastrointestinal,Video,22,Yes,No,Yes,30,13.2,English,Poor,Completed
TC0000939,TEP0000720,Swathi Kumar,F,78,+91-96080-56139,Kallepally,Balanagar,Mahabubnagar,2026-06-08,FAC006,Abdominal discomfort,Diabetes,Video,22,Yes,No,No,,35.4,Telugu,Fair,Completed
TC0000940,TEP0000721,Renuka Das,F,63,9150116785,Kummarikunta,Chandur,Nalgonda,2026-02-22,FAC014,Headache,Dermatology,Audio,20,Yes,No,No,,7.3,Telugu,Poor,Completed
TC0000941,TEP0000722,Harika Narsimha,F,29,9742870590,Peddadinne,Devarakonda,Nalgonda,2026-07-14,FAC011,Body pain,Diabetes,Video,20,Yes,Yes,Yes,7,13.9,Telugu,Good,Completed
TC0000942,TEP0000723,Nirmala Laxman,F,77,9181034060,Kummarikunta,Chandur,Nalgonda,2026-04-15,FAC013,Headache,Dermatology,Audio,24,Yes,No,No,,6.5,Telugu,Good,Completed
TC0000943,TEP0000724,Lalitha Mudiraj,F,38,9677047572,Balanagar,Balanagar,Mahabubnagar,2026-06-09,FAC006,Dizziness,Diabetes,Audio,14,Yes,Yes,Yes,21,1.4,Telugu,Poor,Completed
TC0000944,TEP0000725,Santosh Narsimha,M,74,9348706070,Marrur,Nakrekal,Nalgonda,2026-07-25,FAC018,Headache,Diabetes,Video,16,Yes,No,Yes,7,6.7,Telugu,Fair,Completed
TC0000945,TEP0000726,Deepika Rao,F,50,9582799464,NOMULA,Nakrekal,Nalgonda,2026-03-27,FAC016,Fever,Dermatology,Video,9,Yes,No,Yes,14,36.1,Telugu,Good,Completed
TC0000946,TEP0000727,Praveen Mallaiah,M,49,9112000361,Gangapur,Jadcherla,Mahabubnagar,2026-05-13,FAC001,Dizziness,Other,Audio,19,Yes,No,No,,20.2,Telugu,Poor,Completed
TC0000947,TEP0000728,Jyothi Mudiraj,F,52,9471680942,Zaheerabad,Zaheerabad,Sangareddy,2026-07-20,FAC024,Headache,Hypertension,Video,9,No,No,Yes,7,28.3,Telugu,Fair,Completed
TC0000948,TEP0000729,Saritha Krishna,F,77,9312080294,KUMMARIKUNTA,Chandur,Nalgonda,2026-05-30,FAC015,Cough,Dermatology,Assisted video,14,Yes,No,No,,26.6,Telugu,Fair,Completed
TC0000949,TEP0000730,Arun Begum,M,30,9369879329,Indresham,Patancheru,Sangareddy,2026-05-10,FAC027,Headache,Dermatology,Audio,15,Yes,No,Yes,7,22.3,Telugu,Fair,Completed
TC0000950,TEP0000730,Arun Begum,M,28,9369849329,Indresham,Patancheru,Sangareddy,2026-06-20,FAC025,Skin complaint,Dermatology,Video,18,Yes,No,Yes,7,19.2,Telugu,Good,Completed
TC0000951,TEP0000731,Santosh Das,M,44,9452443649,BADEPALLY,Jadcherla,Mahabubnagar,2026-07-14,FAC003,Dizziness,Hypertension,Assisted video,10,No,No,No,,5.1,Telugu,Good,Completed
TC0000952,TEP0000732,Deepika Khan,F,83,9365471100,Kohir,Zaheerabad,Sangareddy,2026-02-16,FAC024,Fever,Diabetes,Assisted video,16,No,No,No,,6.4,Telugu,Poor,Completed
TC0000953,TEP0000733,Mahesh Patel,M,52,,Mogudampally,Zaheerabad,Sangareddy,2026-04-14,FAC023,Headache,Hypertension,Assisted video,8,Yes,No,No,,22.3,Telugu,Good,Completed
TC0000954,TEP0000734,Divya Naik,F,52,9555883993,Donur,Midjil,Mahabubnagar,2026-05-18,FAC008,Fever,Dermatology,Assisted video,18,Yes,Yes,Yes,30,9.4,Telugu,Poor,Completed
TC0000955,TEP0000735,Mahesh Basha,M,32,9428068305,Polepally,Jadcherla,Mahabubnagar,2026-03-01,FAC003,Abdominal discomfort,Respiratory,Audio,23,Yes,Yes,Yes,30,21.0,Urdu,Fair,Completed
TC0000956,TEP0000736,Swathi Basha,F,18,9363003316,Mangalapally,Nakrekal,Nalgonda,2026-02-04,FAC017,Headache,Diabetes,Video,7,Yes,Yes,Yes,14,21.1,Urdu,Poor,Completed
TC0000957,TEP0000737,Lalitha Rao,F,47,9556777012,Indresham,Patancheru,Sangareddy,2026-04-14,FAC027,Cough,Diabetes,Video,23,Yes,No,Yes,30,22.3,Telugu,Poor,Completed
TC0000958,TEP0000738,Raju Das,M,38,9992545547,MOGUDAMPALLY,Zaheerabad,Sangareddy,2026-04-10,FAC024,Fever,Respiratory,Audio,20,No,Yes,Yes,14,16.8,Telugu,Good,Completed
TC0000959,TEP0000738,Raju Das,M,38,9952545547,Mogudampally,Zaheerabad,Sangareddy,2026-05-20,FAC022,Routine NCD review,Dermatology,Assisted video,15,Yes,Yes,Yes,7,13.2,Telugu,Good,Completed
TC0000960,TEP0000739,Arun Basha,M,58,9333973021,Indresham,Patancheru,Sangareddy,2026-06-21,FAC026,Body pain,Fever/Infection,Assisted video,9,Yes,No,Yes,30,11.5,Telugu,Fair,Completed
TC0000961,TEP0000740,Swathi Mudiraj,F,47,+91-92288-63038,Nakrekal,Nakrekal,Nalgonda,2026-07-22,FAC017,Fever,Other,Audio,11,Yes,Yes,Yes,30,36.5,Urdu,Fair,Completed
TC0000962,TEP0000740,Swathi Mudiraj,F,47,9228863038,Nakrekal,Nakrekal,Nalgonda,2026-08-15,FAC018,Routine NCD review,Hypertension,Video,9,No,Yes,No,,16.2,Urdu,Poor,Completed
TC0000963,TEP0000741,Anil Mallaiah,M,55,9840069828,Patancheru,Patancheru,Sangareddy,2026-01-29,FAC026,Cough,Musculoskeletal,Audio,16,Yes,No,Yes,14,23.1,Telugu,Good,Completed
TC0000964,TEP0000742,Harika Basha,F,22,+91-99033-80807,Midjil,Midjil,Mahabubnagar,2026-04-05,FAC008,Dizziness,Diabetes,Assisted video,14,No,No,No,,11.3,English,Fair,Completed
TC0000965,TEP0000743,Ramesh Basha,M,26,9552469357,Patancheru,Patancheru,Sangareddy,2026-04-24,FAC025,Abdominal discomfort,Respiratory,Video,14,No,Yes,Yes,14,25.4,Telugu,Poor,Completed
TC0000966,TEP0000744,Praveen Das,M,41,9156414643,Kondamallepalli,Devarakonda,Nalgonda,2026-04-14,FAC011,Routine NCD review,Other,Video,12,Yes,Yes,Yes,21,25.7,Telugu,Fair,Completed
TC0000967,TEP0000745,Ravi Chary,M,48,9505766618,Mangalapally,Nakrekal,Nalgonda,2026-05-19,FAC018,Headache,Hypertension,Assisted video,18,Yes,Yes,No,,35.0,Telugu,Fair,Completed
TC0000968,TEP0000746,Divya Basha,F,41,9287008860,Vemula,Midjil,Mahabubnagar,2026-01-22,FAC008,Skin complaint,Fever/Infection,Audio,7,No,No,Yes,21,22.2,Telugu,Good,Completed
TC0000969,TEP0000746,Divya Basha,F,40,9287008860,Vemula,Midjil,Mahabubnagar,2026-04-28,FAC008,Routine NCD review,Respiratory,Video,8,No,No,Yes,14,22.2,Telugu,Poor,Completed
TC0000970,TEP0000747,Lalitha Kumar,F,50,+91-97613-77625,Gangapur,Jadcherla,Mahabubnagar,2026-08-03,FAC001,Body pain,Hypertension,Video,22,Yes,Yes,No,,20.2,English,Poor,Completed
TC0000971,TEP0000748,Kavitha Das,F,38,+91-97978-02108,NAKREKAL,Nakrekal,Nalgonda,2026-07-29,FAC016,Body pain,Diabetes,Audio,11,No,Yes,Yes,30,35.5,Telugu,Good,Completed
TC0000972,TEP0000749,Mohan Rao,M,47,+91-93799-12059,Polepally,Jadcherla,Mahabubnagar,2026-05-22,FAC003,Dizziness,Fever/Infection,Assisted video,10,Yes,Yes,No,,21.0,Telugu,Good,Completed
TC0000973,TEP0000750,Naresh Mallaeeah,M,31,9063875907,MARRUR,Nakrekal,Nalgonda,2026-08-09,FAC018,Body pain,Hypertension+Diabetes,Video,24,Yes,No,Yes,7,6.7,Telugu,Good,Completed
TC0000974,TEP0000751,Harika Basha,F,53,,Nomula,Nakrekal,Nalgonda,2026-03-07,FAC017,Headache,Diabetes,Video,15,Yes,No,No,,29.9,Telugu,Good,Completed
TC0000975,TEP0000752,Santos Devi,M,38,9758876054,Donur,Midjil,Mahabubnagar,2026-03-24,FAC009,Dizziness,Hypertension,Audio,15,Yes,Yes,No,,14.1,Telugu,Fair,Completed
TC0000976,TEP0000752,Santosh Devi,M,39,+91-97588-76054,Donur,Midjil,Mahabubnagar,2026-06-04,FAC008,Fever,Hypertension+Diabetes,Video,23,No,No,No,,9.4,Telugu,Poor,Completed
TC0000977,TEP0000753,Shobha Reddy,F,66,9552712047,Kohir,Zaheerabad,Sangareddy,2026-01-27,FAC022,Routine NCD review,Dermatology,Audio,9,Yes,No,No,,3.6,Telugu,Poor,Completed
TC0000978,TEP0000753,Shobha Reddy,F,66,9552712047,Kohir,Zaheerabad,Sangareddy,2026-03-12,FAC023,Cough,Dermatology,Assisted video,21,Yes,No,No,,15.7,Telugu,Fair,Completed
TC0000979,TEP0000753,Shobha Reddy,F,66,9552712047,Kohir,Zaheerabad,Sangareddy,2026-03-26,FAC023,Body pain,Diabetes,Video,8,No,Yes,No,,15.7,Telugu,Good,Completed
TC0000980,TEP0000754,Rajesh Jangam,M,30,9776193704,Bodajanampet,Balanagar,Mahabubnagar,2026-08-15,FAC006,Routine NCD review,Hypertension,Video,15,Yes,No,Yes,30,33.3,Telugu,Poor,Completed
TC0000981,TEP0000755,Raghav Das,M,19,9421450965,Badepally,Jadcherla,Mahabubnagar,2026-05-18,FAC001,Fever,Other,Audio,16,Yes,Yes,Yes,21,11.4,Telugu,Good,Completed
TC0000982,TEP0000756,Shobha Krishna,F,55,9963126993,Devarakonda,Devarakonda,Nalgonda,2026-07-14,FAC012,Dizziness,Other,Audio,9,No,No,Yes,30,22.1,Telugu,Good,Completed
TC0000983,TEP0000757,Nirmala Kumar,F,42,9879468487,Bhanur,Patancheru,Sangareddy,2026-08-02,FAC026,Abdominal discomfort,Diabetes,Assisted video,16,Yes,No,No,,12.8,Telugu,Poor,Completed
TC0000984,TEP0000758,Anitha Mallaiah,F,18,9148523938,Indresham,Patancheru,Sangareddy,2026-01-28,FAC025,Routine NCD review,Respiratory,Assisted video,12,Yes,Yes,Yes,7,19.2,Telugu,Poor,Completed
TC0000985,TEP0000759,Raju Das,M,59,9322406571,Bhanur,Patancheru,Sangareddy,2026-06-28,FAC025,Fever,Other,Video,15,No,No,Yes,30,18.7,Telugu,Poor,Completed
TC0000986,TEP0000760,Bhavani Jangam,F,18,9357260389,Devarakond,Devarakonda,Nalgonda,2026-05-05,FAC010,Skin complaint,Hypertension,Assisted video,20,No,No,Yes,30,22.8,Telugu,Poor,Completed
TC0000987,TEP0000761,Anil Mallaiah,M,59,9885562053,Chandur,Chandur,Nalgonda,2026-07-24,FAC014,Skin complaint,Hypertension+Diabetes,Video,13,Yes,No,Yes,7,20.6,Telugu,Good,Completed
TC0000988,TEP0000762,Anitha Khan,F,22,,Kummarikunta,Chandur,Nalgonda,2026-04-26,FAC013,Headache,Hypertension+Diabetes,Video,20,No,Yes,No,,6.5,Telugu,Good,Completed
TC0000989,TEP0000763,Kiran Kumar,M,18,9742564847,Manoor,Narayankhed,Sangareddy,2026-01-10,FAC021,Headache,Other,Video,17,Yes,No,Yes,21,15.5,Telugu,Good,Completed
TC0000990,TEP0000764,Praveen Mallaiah,M,42,9046795254,Devarakonda,Devarakonda,Nalgonda,2026-06-29,FAC011,Headache,Dermatology,Audio,13,Yes,Yes,Yes,14,29.2,Telugu,Good,Completed
TC0000991,TEP0000765,Shankar Reddy,M,52,9746811718,Patancheru,Patancheru,Sangareddy,2026-07-01,FAC025,Skin complaint,Respiratory,Audio,9,No,Yes,Yes,14,25.4,Telugu,Poor,Completed
TC0000992,TEP0000766,Jyothi Naik,F,57,9611809120,Kondamallepally,Devarakonda,Nalgonda,2026-04-19,FAC011,Skin complaint,Diabetes,Assisted video,20,Yes,Yes,No,,25.7,Telugu,Fair,Completed
TC0000993,TEP0000767,Raghav Naik,M,69,9588723471,Kohir,Zaheerabad,Sangareddy,2026-05-31,FAC023,Fever,Hypertension,Audio,24,Yes,Yes,No,,15.7,Telugu,Poor,Completed
TC0000994,TEP0000768,Rani Jangam,F,79,9147064102,Mangalapally,Nakrekal,Nalgonda,2026-02-10,FAC016,Skin complaint,Musculoskeletal,Audio,8,Yes,Yes,Yes,30,4.1,English,Fair,Completed
TC0000995,TEP0000769,Jyothi Devi,F,65,9217906721,Patancheru,Patancheru,Sangareddy,2026-05-25,FAC027,Skin complaint,Dermatology,Audio,7,Yes,No,No,,36.3,Telugu,Poor,Completed
TC0000996,TEP0000770,Mounika Patel,F,68,9565680973,Manoor,Narayankhed,Sangareddy,2026-07-08,FAC019,Cough,Other,Audio,18,No,No,Yes,14,33.3,Telugu,Poor,Completed
TC0000997,TEP0000770,Mounika Patel,F,68,,Manoor,Narayankhed,Sangareddy,2026-08-03,FAC020,Fever,Respiratory,Audio,9,No,No,Yes,30,21.7,Telugu,Fair,Completed
TC0000998,TEP0000771,Lakshmi Mudiraj,F,18,9161785589,Balanagar,Balanagar,Mahabubnagar,2026-02-01,FAC006,Headache,Diabetes,Assisted video,15,Yes,No,Yes,30,1.4,Telugu,Fair,Completed
TC0000999,TEP0000772,Ramesh Khan,M,44,9877088466,Bodajanampet,Balanagar,Mahabubnagar,2026-06-08,FAC004,Body pain,Respiratory,Audio,9,Yes,Yes,No,,27.6,Telugu,Good,Completed
TC0001000,TEP0000773,Sushma,F,48,9540713346,Gundlapally,Devarakonda,Nalgonda,2026-04-17,FAC011,Abdominal discomfort,Musculoskeletal,Audio,23,No,No,No,,29.4,Telugu,Good,Completed
TC0001001,TEP0000774,Padma Narsimha,F,55,,Polepalli,Jadcherla,Mahabubnagar,2026-03-16,FAC002,Headache,Gastrointestinal,Audio,24,Yes,No,Yes,21,8.3,Telugu,Good,Completed
TC0001002,TEP0000775,Mounika Mudiraj,F,50,9145237902,Devarakonda,Devarakonda,Nalgonda,2026-06-16,FAC012,Body pain,Dermatology,Assisted video,8,No,No,Yes,30,22.1,Telugu,Poor,Completed
TC0001003,TEP0000775,Mounika Mudiraj,F,49,9145237902,Devarakonda,Devarakonda,Nalgonda,2026-08-15,FAC012,Body pain,Musculoskeletal,Audio,19,Yes,Yes,Yes,14,22.1,Telugu,Fair,Completed
TC0001004,TEP0000776,Nirmala Mallaiah,F,32,9008450230,Narayankhed,Narayankhed,Sangareddy,2026-01-13,FAC020,Skin complaint,Other,Audio,7,Yes,No,Yes,14,23.7,Telugu,Fair,Completed
TC0001005,TEP0000777,Saritha Das,F,43,9890715899,BHANUR,Patancheru,Sangareddy,2026-02-25,FAC025,Dizziness,Hypertension,Video,14,No,No,Yes,14,18.7,Urdu,Good,Completed
TC0001006,TEP0000778,Harika Jangam,F,26,,Gangapur,Jadcherla,Mahabubnagar,2026-08-06,FAC002,Routine NCD review,Dermatology,Assisted video,19,Yes,No,No,,38.9,Telugu,Poor,Completed
TC0001007,TEP0000779,Saritha Mallaiah,F,30,9111498849,Donur,Midjil,Mahabubnagar,2026-06-18,FAC009,Fever,Dermatology,Video,8,Yes,No,Yes,14,14.1,Telugu,Good,Completed
TC0001008,TEP0000780,Ravi Rao,M,77,9776038023,Kohir,Zaheerabad,Sangareddy,2026-08-13,FAC024,Body pain,Other,Video,15,No,No,Yes,21,6.4,Telugu,Poor,Completed
TC0001009,TEP0000781,Lakshmi Reddy,F,63,9144940220,Kohir,Zaheerabad,Sangareddy,2026-02-20,FAC022,Abdominal discomfort,Hypertension,Audio,8,No,Yes,Yes,30,3.6,Telugu,Good,Completed
TC0001010,TEP0000782,Srilatha Krishna,F,63,9176102136,Kondamallepally,Devarakonda,Nalgonda,2026-07-29,FAC012,Routine NCD review,Diabetes,Video,23,No,No,No,,19.6,English,Poor,Completed
TC0001011,TEP0000783,Renuka Shekar,F,27,9244173079,Nakrekal,Nakrekal,Nalgonda,2026-06-03,FAC018,Skin complaint,Respiratory,Assisted video,13,No,Yes,Yes,7,16.2,English,Good,Completed
TC0001012,TEP0000783,Renuka Shekar,F,27,9144173079,Nakrekal,Nakrekal,Nalgonda,2026-07-23,FAC017,Headache,Respiratory,Video,11,Yes,No,Yes,21,36.5,English,Good,Completed
TC0001013,TEP0000784,Sntosh Reddy,M,27,,Vemula,Midjil,Mahabubnagar,2026-06-05,FAC009,Body pain,Gastrointestinal,Video,7,Yes,No,Yes,21,7.3,Telugu,Poor,Completed
TC0001014,TEP0000785,Srilatha Shekar,F,49,+91-95721-15103,Nermata,Chandur,Nalgonda,2026-07-19,FAC013,Headache,Fever/Infection,Assisted video,16,Yes,No,Yes,7,19.7,Telugu,Fair,Completed
TC0001015,TEP0000785,Srilatha Shekar,F,50,9572115103,Nermata,Chandur,Nalgonda,2026-08-06,FAC015,Headache,Dermatology,Video,13,Yes,No,No,,22.4,Telugu,Good,Completed
TC0001016,TEP0000786,Raju Begum,M,35,9265820464,Jharasangam,Zaheerabad,Sangareddy,2026-06-21,FAC024,Abdominal discomfort,Diabetes,Assisted video,22,Yes,No,Yes,7,2.6,Telugu,Fair,Completed
TC0001017,TEP0000787,Saritha Shekar,F,58,,Mogudampally,Zaheerabad,Sangareddy,2026-06-24,FAC023,Body pain,Hypertension,Video,24,Yes,Yes,Yes,7,22.3,Telugu,Poor,Completed
TC0001018,TEP0000787,Sareetha Shekar,F,60,+91-97343-72392,Mogudampally,Zaheerabad,Sangareddy,2026-08-03,FAC024,Skin complaint,Hypertension,Audio,18,Yes,No,No,,16.8,Telugu,Good,Completed
TC0001019,TEP0000788,Srilatha Mallaiah,F,72,9166713167,Kangti,Narayankhed,Sangareddy,2026-03-15,FAC019,Body pain,Hypertension+Diabetes,Video,23,Yes,No,Yes,7,20.3,Telugu,Good,Completed
TC0001020,TEP0000788,Srilatha Mallaiah,F,71,9166713167,Kangti,Narayankhed,Sangareddy,2026-05-09,FAC021,Headache,Hypertension+Diabetes,Video,8,No,Yes,No,,27.8,Telugu,Good,Completed
TC0001021,TEP0000789,Shobha Reddy,F,34,9331882097,Nakrekal,Nakrekal,Nalgonda,2026-07-05,FAC016,Abdominal discomfort,Musculoskeletal,Audio,10,Yes,No,No,,35.5,Telugu,Poor,Completed
TC0001022,TEP0000790,Anitha Mallaiah,F,59,9112202604,Kondamallepally,Devarakonda,Nalgonda,2026-03-10,FAC010,Headache,Fever/Infection,Audio,15,No,No,Yes,21,20.0,Telugu,Good,Completed
TC0001023,TEP0000791,Bhvani Kumar,F,18,9078043646,Chandur,Chandur,Nalgonda,2026-01-04,FAC014,Cough,Diabetes,Audio,19,No,Yes,No,,20.6,Telugu,Poor,Completed
TC0001024,TEP0000792,Veenod Mudiraj,M,79,9335123263,Rajapur,Balanagar,Mahabubnagar,2026-05-01,FAC004,Headache,Hypertension+Diabetes,Video,13,No,Yes,Yes,14,13.9,English,Good,Completed
TC0001025,TEP0000793,Mohan Devi,M,52,9377645229,Donur,Midjil,Mahabubnagar,2026-03-22,FAC008,Dizziness,Musculoskeletal,Audio,17,Yes,Yes,Yes,14,9.4,Telugu,Fair,Completed
TC0001026,TEP0000793,Mohan Devi,M,52,9370640229,Donur,Midjil,Mahabubnagar,2026-07-29,FAC008,Routine NCD review,Hypertension,Video,16,Yes,Yes,Yes,14,9.4,Telugu,Good,Completed
TC0001027,TEP0000794,Sushma Mallaiah,F,43,9178219811,Bangarigadda,Chandur,Nalgonda,2026-02-16,FAC013,Cough,Musculoskeletal,Video,13,Yes,No,Yes,14,16.9,Telugu,Poor,Completed
TC0001028,TEP0000795,Harika Jangam,F,28,9720980130,Chandur,Chandur,Nalgonda,2026-01-26,FAC013,Routine NCD review,Fever/Infection,Assisted video,16,Yes,Yes,No,,21.3,Telugu,Poor,Completed
TC0001029,TEP0000795,Harika Jangam,F,30,9720980130,Chandur,Chandur,Nalgonda,2026-05-04,FAC013,Abdominal discomfort,Dermatology,Video,12,No,No,Yes,7,21.3,Telugu,Fair,Completed
TC0001030,TEP0000796,Mohan Khan,M,36,9375036247,Chandur,Chandur,Nalgonda,2026-03-06,FAC015,Fever,Hypertension+Diabetes,Assisted video,17,Yes,No,No,,29.7,Telugu,Good,Completed
TC0001031,TEP0000796,Mohan Khan,M,36,9375036247,Chandur,Chandur,Nalgonda,2026-03-23,FAC014,Body pain,Hypertension,Video,18,No,No,Yes,14,20.6,Telugu,Poor,Completed
TC0001032,TEP0000797,Hareeka Basha,F,25,9625890569,Narayankhed,Narayankhed,Sangareddy,2026-05-14,FAC021,Abdominal discomfort,Diabetes,Audio,16,Yes,Yes,No,,7.0,Telugu,Good,Completed
TC0001033,TEP0000798,Rajesh Reddy,M,54,9805761883,Polepally,Jadcherla,Mahabubnagar,2026-03-29,FAC002,Headache,Musculoskeletal,Video,15,Yes,No,Yes,30,8.3,Telugu,Fair,Completed
TC0001034,TEP0000799,Bhavani Shekar,F,44,9946337878,Narayankhed,Narayankhed,Sangareddy,2026-06-13,FAC020,Headache,Fever/Infection,Audio,22,Yes,No,No,,23.7,English,Good,Completed
TC0001035,TEP0000800,Rajesh Naik,M,35,9735704438,Peddadinne,Devarakonda,Nalgonda,2026-04-28,FAC011,Dizziness,Fever/Infection,Assisted video,8,Yes,No,Yes,14,13.9,Telugu,Good,Completed
TC0001036,TEP0000801,Raju Kumar,M,30,9262499649,Zaheerabad,Zaheerabad,Sangareddy,2026-01-31,FAC023,Fever,Dermatology,Assisted video,21,Yes,No,Yes,21,17.3,Telugu,Poor,Completed
TC0001037,TEP0000802,Shankar Narseemha,M,48,+91-92465-06618,Donur,Midjil,Mahabubnagar,2026-06-27,FAC008,Cough,Fever/Infection,Video,15,Yes,No,Yes,30,9.4,Telugu,Fair,Completed
TC0001038,TEP0000803,Shobha Khan,F,45,9025234350,Kondamallepalli,Devarakonda,Nalgonda,2026-01-10,FAC010,Routine NCD review,Fever/Infection,Audio,20,Yes,No,Yes,30,20.0,Telugu,Good,Completed
TC0001039,TEP0000803,Shobha Khan,F,43,+91-90252-34350,Kondamallepally,Devarakonda,Nalgonda,2026-03-17,FAC011,Headache,Hypertension,Video,7,No,No,Yes,14,25.7,Telugu,Fair,Completed
TC0001040,TEP0000804,Srinivs Begum,M,54,9320645581,Kalher,Narayankhed,Sangareddy,2026-01-11,FAC020,Abdominal discomfort,Respiratory,Video,11,No,No,Yes,21,29.6,Telugu,Poor,Completed
TC0001041,TEP0000804,Srinivas,M,54,9320645581,Kalher,Narayankhed,Sangareddy,2026-03-06,FAC019,Dizziness,Other,Assisted video,10,Yes,No,Yes,21,24.9,Telugu,Good,Completed
TC0001042,TEP0000805,Renuka Begum,F,55,,Chandur,Chandur,Nalgonda,2026-02-18,FAC015,Abdominal discomfort,Other,Assisted video,12,Yes,No,No,,29.7,English,Good,Completed
TC0001043,TEP0000806,Harika Das,F,63,9204211806,Mogudampally,Zaheerabad,Sangareddy,2026-07-06,FAC024,Headache,Hypertension,Assisted video,20,Yes,Yes,Yes,14,16.8,Telugu,Fair,Completed
TC0001044,TEP0000807,Kavitha Das,F,48,+91-99435-59306,Bodajanampet,Balanagar,Mahabubnagar,2026-06-26,FAC006,Abdominal discomfort,Fever/Infection,Video,22,Yes,No,Yes,14,33.3,Telugu,Fair,Completed
TC0001045,TEP0000808,Divya Basha,F,43,9160525051,Bodajanampet,Balanagar,Mahabubnagar,2026-07-26,FAC006,Dizziness,Fever/Infection,Assisted video,18,Yes,No,Yes,14,33.3,Telugu,Poor,Completed
TC0001046,TEP0000809,Arun Krishna,M,56,9964441816,Chandur,Chandur,Nalgonda,2026-06-10,FAC014,Cough,Other,Assisted video,14,Yes,No,Yes,21,20.6,Telugu,Poor,Completed
TC0001047,TEP0000809,Arun Kreeshna,M,57,9974441816,Chandur,Chandur,Nalgonda,2026-07-13,FAC014,Skin complaint,Fever/Infection,Audio,22,Yes,Yes,No,,20.6,Telugu,Fair,Completed
TC0001048,TEP0000810,Swathi Kumar,F,53,9926723878,Kalher,Narayankhed,Sangareddy,2026-05-16,FAC019,Routine NCD review,Gastrointestinal,Video,13,Yes,Yes,No,,24.9,Telugu,Fair,Completed
TC0001049,TEP0000810,Swathi Kumar,F,50,9926723078,Kalher,Narayankhed,Sangareddy,2026-06-05,FAC021,Abdominal discomfort,Fever/Infection,Audio,22,No,No,No,,22.9,Telugu,Fair,Completed
TC0001050,TEP0000811,Mohan Naik,M,41,9547570370,Polepally,Jadcherla,Mahabubnagar,2026-08-09,FAC002,Routine NCD review,Hypertension,Video,18,Yes,No,No,,8.3,Telugu,Fair,Completed
TC0001051,TEP0000812,Saritha Khan,F,28,9381967736,Indresham,Patancheru,Sangareddy,2026-01-17,FAC027,Fever,Gastrointestinal,Video,21,Yes,No,Yes,7,22.3,Telugu,Poor,Completed
TC0001052,TEP0000813,Nirmala Naik,F,52,9928788233,Zaheerabad,Zaheerabad,Sangareddy,2026-03-07,FAC022,Cough,Other,Assisted video,21,Yes,Yes,Yes,21,25.3,Telugu,Fair,Completed
TC0001053,TEP0000814,Saritha Shekar,F,52,9212027063,Badepally,Jadcherla,Mahabubnagar,2026-05-12,FAC002,Headache,Fever/Infection,Audio,10,Yes,No,Yes,21,19.9,Telugu,Fair,Completed
TC0001054,TEP0000815,Sai Mallaiah,M,57,,Bodajanampet,Balanagar,Mahabubnagar,2026-04-12,FAC006,Skin complaint,Diabetes,Audio,9,Yes,No,Yes,7,33.3,English,Poor,Completed
TC0001055,TEP0000815,Sai Mallaiah,M,57,9710918174,BODAJANAMPET,Balanagar,Mahabubnagar,2026-06-23,FAC006,Dizziness,Dermatology,Audio,22,Yes,No,Yes,21,33.3,English,Fair,Completed
TC0001056,TEP0000816,Mohan Krishna,M,23,9353894265,Kohir,Zaheerabad,Sangareddy,2026-06-09,FAC022,Fever,Other,Assisted video,19,Yes,No,No,,3.6,Telugu,Good,Completed
TC0001057,TEP0000817,Vinod Laxman,M,58,9593992645,Manoor,Narayankhed,Sangareddy,2026-04-03,FAC020,Routine NCD review,Hypertension,Assisted video,24,Yes,Yes,No,,21.7,Telugu,Good,Completed
TC0001058,TEP0000818,Renuka Devi,F,39,9475751452,Kohir,Zaheerabad,Sangareddy,2026-08-10,FAC022,Abdominal discomfort,Diabetes,Assisted video,7,Yes,No,Yes,21,3.6,Telugu,Poor,Completed
TC0001059,TEP0000819,Saritha Reddy,F,52,9975285511,Narayankhed,Narayankhed,Sangareddy,2026-01-07,FAC021,Cough,Fever/Infection,Audio,9,Yes,No,Yes,7,7.0,Telugu,Good,Completed
TC0001060,TEP0000820,Sushma Patel,F,36,9326997540,AMEENPUR,Patancheru,Sangareddy,2026-03-01,FAC027,Dizziness,Dermatology,Assisted video,7,Yes,Yes,Yes,30,27.9,Urdu,Fair,Completed
TC0001061,TEP0000821,Shobha Devi,F,28,+91-95739-41992,GANGAPUR,Jadcherla,Mahabubnagar,2026-06-07,FAC002,Cough,Hypertension,Assisted video,20,No,Yes,No,,38.9,Telugu,Poor,Completed
TC0001062,TEP0000822,Naveen Goud,M,40,9591198788,Bodajanampet,Balanagar,Mahabubnagar,2026-04-09,FAC004,Skin complaint,Hypertension,Video,12,Yes,Yes,No,,27.6,Telugu,Good,Completed
TC0001063,TEP0000822,Naveen Goud,M,42,9591198788,Bodajanampet,Balanagar,Mahabubnagar,2026-05-26,FAC004,Headache,Fever/Infection,Assisted video,18,No,Yes,Yes,14,27.6,Telugu,Poor,Completed
TC0001064,TEP0000823,Sreenivas Narsimha,M,67,9329034391,Bodajanampet,Balanagar,Mahabubnagar,2026-07-28,FAC006,Routine NCD review,Fever/Infection,Assisted video,22,Yes,No,No,,33.3,Telugu,Poor,Completed
TC0001065,TEP0000824,Diwya Krishna,F,18,9004164217,Rajapur,Balanagar,Mahabubnagar,2026-06-22,FAC005,Skin complaint,Fever/Infection,Audio,21,Yes,No,Yes,21,12.6,Urdu,Good,Completed
TC0001066,TEP0000825,Nresh Begum,M,36,9571102459,Patancheru,Patancheru,Sangareddy,2026-04-26,FAC025,Fever,Hypertension,Video,18,Yes,No,Yes,14,25.4,Telugu,Fair,Completed
TC0001067,TEP0000826,Mounika Shekar,F,50,+91-93726-30464,Kalher,Narayankhed,Sangareddy,2026-05-13,FAC021,Dizziness,Diabetes,Audio,23,Yes,Yes,Yes,30,22.9,Telugu,Poor,Completed
TC0001068,TEP0000827,Nirmala Shekar,F,18,9825943442,Badepally,Jadcherla,Mahabubnagar,2026-08-15,FAC003,Dizziness,Other,Audio,10,Yes,Yes,Yes,14,5.1,Urdu,Fair,Completed
TC0001069,TEP0000828,Anita Krishna,F,24,9353312344,Devarakonda,Devarakonda,Nalgonda,2026-04-08,FAC011,Headache,Respiratory,Video,19,Yes,Yes,Yes,7,29.2,Urdu,Poor,Completed
TC0001070,TEP0000829,Raghav Mallaiah,M,39,9020943332,Nomula,Nakrekal,Nalgonda,2026-02-08,FAC017,Routine NCD review,Fever/Infection,Video,16,Yes,Yes,Yes,14,29.9,Urdu,Poor,Completed
TC0001071,TEP0000830,Arun Khan,M,54,9899244228,Badepally,Jadcherla,Mahabubnagar,2026-01-23,FAC003,Headache,Fever/Infection,Audio,18,No,No,Yes,30,5.1,Telugu,Fair,Completed
TC0001072,TEP0000830,Arun Khan,M,55,+91-98992-44228,BADEPALLY,Jadcherla,Mahabubnagar,2026-05-09,FAC002,Routine NCD review,Respiratory,Audio,24,Yes,No,No,,19.9,Telugu,Poor,Completed
TC0001073,TEP0000831,Rajesh Basha,M,60,9850827751,Velpula,Midjil,Mahabubnagar,2026-01-14,FAC009,Cough,Respiratory,Audio,23,No,No,Yes,7,4.2,Telugu,Good,Completed
TC0001074,TEP0000831,Rajesh,M,56,9850827751,VELPULA,Midjil,Mahabubnagar,2026-03-15,FAC007,Body pain,Other,Video,15,Yes,No,Yes,14,17.9,Telugu,Fair,Completed
TC0001075,TEP0000832,Shobh Kumar,F,44,9858838455,Polepalli,Jadcherla,Mahabubnagar,2026-07-13,FAC001,Headache,Hypertension,Audio,21,No,Yes,No,,25.4,Telugu,Fair,Completed
TC0001076,TEP0000833,Srilatha Shekar,F,67,9849367176,Kohir,Zaheerabad,Sangareddy,2026-05-12,FAC022,Fever,Dermatology,Assisted video,23,Yes,No,Yes,21,3.6,Telugu,Poor,Completed
TC0001077,TEP0000833,Srilata Shekar,F,69,9849367176,Kohir,Zaheerabad,Sangareddy,2026-06-11,FAC023,Skin complaint,Dermatology,Audio,19,No,No,No,,15.7,Telugu,Good,Completed
TC0001078,TEP0000834,Jyothi Rao,F,46,9092927870,Rajapur,Balanagar,Mahabubnagar,2026-03-22,FAC004,Abdominal discomfort,Hypertension+Diabetes,Video,13,No,No,Yes,30,13.9,Telugu,Good,Completed
TC0001079,TEP0000835,Arun Laxman,M,69,9114996581,Indresham,Patancheru,Sangareddy,2026-01-07,FAC027,Cough,Hypertension,Video,16,Yes,Yes,Yes,21,22.3,Telugu,Good,Completed
TC0001080,TEP0000836,Sai Yadav,M,36,9943896182,Nomula,Nakrekal,Nalgonda,2026-05-31,FAC018,Dizziness,Diabetes,Audio,12,Yes,Yes,Yes,21,2.2,Telugu,Fair,Completed
TC0001081,TEP0000837,Padma Yadav,F,58,9167109617,Nakrekal,Nakrekal,Nalgonda,2026-03-14,FAC017,Abdominal discomfort,Respiratory,Video,9,No,No,Yes,14,36.5,Telugu,Good,Completed
TC0001082,TEP0000838,Ramesh Yadav,M,80,+91-98760-16715,Kummarikunta,Chandur,Nalgonda,2026-06-30,FAC013,Abdominal discomfort,Fever/Infection,Audio,24,Yes,No,No,,6.5,Telugu,Good,Completed
TC0001083,TEP0000839,Ramesh Patel,M,40,9993577383,Balanagar,Balanagar,Mahabubnagar,2026-05-16,FAC004,Cough,Hypertension,Assisted video,19,No,No,No,,10.8,Telugu,Fair,Completed
TC0001084,TEP0000840,Kiran Kumar,M,50,9335050302,Patancheru,Patancheru,Sangareddy,2026-07-19,FAC027,Fever,Diabetes,Audio,9,Yes,No,Yes,21,36.3,Telugu,Good,Completed
TC0001085,TEP0000841,Deepika Naik,F,18,,Polepally,Jadcherla,Mahabubnagar,2026-02-25,FAC002,Cough,Musculoskeletal,Assisted video,23,No,Yes,Yes,7,8.3,Telugu,Good,Completed
TC0001086,TEP0000841,Dipika Naik,F,18,9007436964,Polepally,Jadcherla,Mahabubnagar,2026-03-26,FAC001,Cough,Respiratory,Video,14,Yes,No,No,,25.4,Telugu,Poor,Completed
TC0001087,TEP0000842,Naveen Mallaiah,M,83,9066849042,Kallepally,Balanagar,Mahabubnagar,2026-04-20,FAC006,Fever,Hypertension+Diabetes,Video,11,No,No,Yes,7,35.4,Telugu,Poor,Completed
TC0001088,TEP0000843,Srinivas Laxman,M,51,9808871461,Kalhe,Narayankhed,Sangareddy,2026-08-10,FAC020,Skin complaint,Diabetes,Audio,17,No,Yes,Yes,30,29.6,Telugu,Good,Completed
TC0001089,TEP0000844,Venkatesh Reddy,M,34,9765479233,Macharam,Jadcherla,Mahabubnagar,2026-06-24,FAC002,Dizziness,Respiratory,Audio,19,No,No,No,,29.4,Telugu,Good,Completed
TC0001090,TEP0000844,Venkatesh Reddy,M,33,9765479233,Macharam,Jadcherla,Mahabubnagar,2026-08-01,FAC003,Body pain,Respiratory,Audio,20,Yes,No,Yes,14,12.8,Telugu,Poor,Completed
TC0001091,TEP0000845,Mounika Goud,F,34,9391742858,Mangalapally,Nakrekal,Nalgonda,2026-04-04,FAC016,Cough,Fever/Infection,Assisted video,23,Yes,Yes,No,,4.1,Telugu,Good,Completed
TC0001092,TEP0000846,Rani Khan,F,42,9801130002,Devarakonda,Devarakonda,Nalgonda,2026-07-26,FAC011,Body pain,Hypertension,Video,11,Yes,Yes,Yes,14,29.2,Telugu,Good,Completed
TC0001093,TEP0000847,Arun Devi,M,47,9460191952,Devarakonda,Devarakonda,Nalgonda,2026-03-14,FAC011,Routine NCD review,Hypertension,Video,22,Yes,No,Yes,30,29.2,Telugu,Fair,Completed
TC0001094,TEP0000848,Rghav Reddy,M,68,9662755356,Bhanur,Patancheru,Sangareddy,2026-03-16,FAC026,Dizziness,Hypertension+Diabetes,Audio,18,Yes,Yes,Yes,7,12.8,Telugu,Poor,Completed
TC0001095,TEP0000849,Arun Kumar,M,71,9679354651,Mogudampally,Zaheerabad,Sangareddy,2026-05-06,FAC023,Abdominal discomfort,Gastrointestinal,Audio,8,Yes,No,No,,22.3,Telugu,Good,Completed
TC0001096,TEP0000850,Nirmala Krishna,F,64,9356075796,Midjil,Midjil,Mahabubnagar,2026-01-26,FAC009,Abdominal discomfort,Hypertension,Assisted video,14,Yes,No,No,,19.5,Telugu,Poor,Completed
TC0001097,TEP0000850,Nirmala Krishna,F,67,9356075796,Midjil,Midjil,Mahabubnagar,2026-04-17,FAC008,Routine NCD review,Other,Video,17,No,No,Yes,7,11.3,Telugu,Poor,Completed
TC0001098,TEP0000851,Naveen Narsimha,M,57,,Gangapur,Jadcherla,Mahabubnagar,2026-02-04,FAC001,Routine NCD review,Gastrointestinal,Assisted video,19,Yes,No,No,,20.2,Telugu,Fair,Completed
TC0001099,TEP0000851,Naveen Narsimha,M,55,9708093916,Gangapur,Jadcherla,Mahabubnagar,2026-02-09,FAC003,Abdominal discomfort,Respiratory,Video,14,Yes,No,No,,26.4,Telugu,Good,Completed
TC0001100,TEP0000852,Ramesh Goud,M,66,9339250042,Gangapur,Jadcherla,Mahabubnagar,2026-06-21,FAC003,Body pain,Hypertension+Diabetes,Audio,13,Yes,Yes,Yes,14,26.4,Telugu,Good,Completed
TC0001101,TEP0000853,Raghav Mallaiah,M,74,9085904741,Manoor,Narayankhed,Sangareddy,2026-02-14,FAC020,Abdominal discomfort,Other,Assisted video,18,No,No,Yes,14,21.7,Telugu,Fair,Completed
TC0001102,TEP0000854,Ramesh Mudiraj,M,61,+91-95702-94949,Mogudampally,Zaheerabad,Sangareddy,2026-05-18,FAC024,Body pain,Respiratory,Assisted video,14,Yes,No,No,,16.8,Urdu,Good,Completed
TC0001103,TEP0000855,Bhvani Krishna,F,55,,Ameenpur,Patancheru,Sangareddy,2026-05-05,FAC025,Fever,Dermatology,Assisted video,13,Yes,No,Yes,14,13.0,Telugu,Poor,Completed
TC0001104,TEP0000855,Bhavani Krishna,F,54,+91-97923-58587,Ameenpur,Patancheru,Sangareddy,2026-06-13,FAC025,Dizziness,Respiratory,Video,16,Yes,No,Yes,21,13.0,Telugu,Good,Completed
TC0001105,TEP0000856,Lalitha Patel,F,43,9019540751,Mangalapally,Nakrekal,Nalgonda,2026-02-04,FAC017,Body pain,Gastrointestinal,Assisted video,21,Yes,No,No,,21.1,Telugu,Poor,Completed
TC0001106,TEP0000856,Lalitha Patel,F,44,9019540751,Mangalapally,Nakrekal,Nalgonda,2026-02-21,FAC017,Skin complaint,Fever/Infection,Audio,24,Yes,No,No,,21.1,Telugu,Poor,Completed
TC0001107,TEP0000857,Shankar Yadav,M,35,+91-90156-00728,Kondamallepally,Devarakonda,Nalgonda,2026-06-25,FAC012,Dizziness,Other,Assisted video,19,Yes,No,Yes,14,19.6,Urdu,Poor,Completed
TC0001108,TEP0000857,Shankar Yadav,M,33,9015600728,Kondamallepally,Devarakonda,Nalgonda,2026-08-11,FAC011,Dizziness,Fever/Infection,Audio,22,Yes,No,Yes,14,25.7,Urdu,Poor,Completed
TC0001109,TEP0000858,Santosh Das,M,20,9435961147,Kalher,Narayankhed,Sangareddy,2026-03-16,FAC021,Abdominal discomfort,Hypertension,Video,17,Yes,No,Yes,14,22.9,Telugu,Fair,Completed
TC0001110,TEP0000859,Saritha Reddy,F,37,9361209225,Vemula,Midjil,Mahabubnagar,2026-06-21,FAC007,Routine NCD review,Dermatology,Assisted video,21,Yes,No,Yes,30,25.7,Telugu,Poor,Completed
TC0001111,TEP0000860,Shobha Rao,F,42,+91-95107-37432,Bodajanampet,Balanagar,Mahabubnagar,2026-04-06,FAC004,Skin complaint,Musculoskeletal,Audio,18,No,No,Yes,21,27.6,Urdu,Good,Completed
TC0001112,TEP0000860,Shobha Rao,F,41,9510737432,Bodajanampet,Balanagar,Mahabubnagar,2026-04-27,FAC004,Headache,Fever/Infection,Audio,8,No,No,No,,27.6,Urdu,Good,Completed
TC0001113,TEP0000860,Shobha Rao,F,40,9510737432,Bodajanampet,Balanagar,Mahabubnagar,2026-06-05,FAC004,Skin complaint,Hypertension,Audio,17,No,No,Yes,30,27.6,Urdu,Good,Completed
TC0001114,TEP0000861,Santos Krishna,M,74,9974086589,Velpula,Midjil,Mahabubnagar,2026-06-12,FAC009,Abdominal discomfort,Hypertension,Video,17,No,No,Yes,7,4.2,Telugu,Poor,Completed
TC0001115,TEP0000861,Santosh Krishna,M,76,9974086589,Velpula,Midjil,Mahabubnagar,2026-07-05,FAC008,Fever,Hypertension,Assisted video,20,Yes,Yes,No,,12.6,Telugu,Fair,Completed
TC0001116,TEP0000862,Suresh Khan,M,78,9206377733,Peddadinne,Devarakonda,Nalgonda,2026-04-12,FAC011,Headache,Hypertension,Video,9,Yes,Yes,No,,13.9,Telugu,Fair,Completed
TC0001117,TEP0000863,Jyothi Basha,F,18,9608293977,Marrur,Nakrekal,Nalgonda,2026-04-18,FAC018,Cough,Other,Audio,15,Yes,No,No,,6.7,Urdu,Poor,Completed
TC0001118,TEP0000864,Lakshmee Laxman,F,53,+91-93272-34340,MIDJIL,Midjil,Mahabubnagar,2026-01-20,FAC009,Routine NCD review,Gastrointestinal,Assisted video,10,Yes,Yes,Yes,30,19.5,Telugu,Fair,Completed
TC0001119,TEP0000865,Shobha Laxman,F,46,,Kalher,Narayankhed,Sangareddy,2026-03-24,FAC020,Dizziness,Fever/Infection,Video,11,No,Yes,No,,29.6,Telugu,Fair,Completed
TC0001120,TEP0000865,Shobha Laxman,F,45,9462992589,Kalher,Narayankhed,Sangareddy,2026-05-10,FAC021,Routine NCD review,Fever/Infection,Audio,12,No,Yes,Yes,14,22.9,Telugu,Good,Completed
TC0001121,TEP0000866,Shobha Naik,F,71,9123238178,Kummarikunta,Chandur,Nalgonda,2026-03-03,FAC013,Skin complaint,Dermatology,Assisted video,9,Yes,No,No,,6.5,Telugu,Fair,Completed
TC0001122,TEP0000867,Deepika Chary,F,53,9071037874,Bangarigadda,Chandur,Nalgonda,2026-05-27,FAC015,Body pain,Diabetes,Audio,9,Yes,Yes,Yes,21,18.0,Urdu,Fair,Completed
TC0001123,TEP0000867,Deepika Chary,F,53,9071037874,Bangarigadda,Chandur,Nalgonda,2026-07-20,FAC014,Abdominal discomfort,Other,Assisted video,19,No,Yes,Yes,21,17.6,Urdu,Fair,Completed
TC0001124,TEP0000868,Naresh Rao,M,49,9850366094,AMEENPUR,Patancheru,Sangareddy,2026-07-17,FAC026,Dizziness,Hypertension+Diabetes,Video,17,Yes,No,Yes,21,9.7,Telugu,Good,Completed
TC0001125,TEP0000868,Naresh Rao,M,48,9850366094,Ameenpur,Patancheru,Sangareddy,2026-08-08,FAC026,Body pain,Hypertension+Diabetes,Audio,16,No,Yes,Yes,21,9.7,Telugu,Fair,Completed
TC0001126,TEP0000869,Kavitha Yadav,F,64,9112299730,Gundlapall,Devarakonda,Nalgonda,2026-05-09,FAC012,Fever,Hypertension,Video,11,Yes,Yes,No,,25.4,Telugu,Fair,Completed
TC0001127,TEP0000870,Raju Das,M,18,9391182718,Nomula,Nakrekal,Nalgonda,2026-02-25,FAC017,Routine NCD review,Fever/Infection,Assisted video,10,No,No,No,,29.9,Telugu,Good,Completed
TC0001128,TEP0000870,Raju Das,M,18,9391182718,Nomula,Nakrekal,Nalgonda,2026-06-29,FAC017,Routine NCD review,Dermatology,Audio,24,Yes,Yes,Yes,7,29.9,Telugu,Fair,Completed
TC0001129,TEP0000871,Ravi Goud,M,39,9077698855,Badepally,Jadcherla,Mahabubnagar,2026-05-18,FAC003,Abdominal discomfort,Hypertension,Audio,9,No,No,Yes,7,5.1,Telugu,Fair,Completed
TC0001130,TEP0000872,Dipika Das,F,39,9629056332,Jharasangam,Zaheerabad,Sangareddy,2026-01-25,FAC024,Cough,Fever/Infection,Audio,10,No,Yes,Yes,21,2.6,Telugu,Poor,Completed
TC0001131,TEP0000873,Mahesh Shekar,M,44,9651093900,Ameenpur,Patancheru,Sangareddy,2026-04-01,FAC026,Abdominal discomfort,Diabetes,Video,16,No,Yes,Yes,14,9.7,Telugu,Fair,Completed
TC0001132,TEP0000874,Renuka Reddy,F,44,,Nomula,Nakrekal,Nalgonda,2026-02-02,FAC017,Skin complaint,Hypertension,Assisted video,17,Yes,Yes,No,,29.9,Telugu,Fair,Completed
TC0001133,TEP0000875,Sriltha Khan,F,57,9044161775,BALANAGAR,Balanagar,Mahabubnagar,2026-05-02,FAC006,Headache,Musculoskeletal,Assisted video,16,Yes,Yes,Yes,7,1.4,Telugu,Good,Completed
TC0001134,TEP0000875,Srilatha Khan,F,59,9044161775,Balanagar,Balanagar,Mahabubnagar,2026-08-13,FAC006,Abdominal discomfort,Fever/Infection,Video,19,Yes,No,No,,1.4,Telugu,Fair,Completed
TC0001135,TEP0000876,Mohan Basha,M,83,9504961404,Velpula,Midjil,Mahabubnagar,2026-01-07,FAC008,Skin complaint,Other,Assisted video,24,Yes,No,Yes,14,12.6,Urdu,Poor,Completed
TC0001136,TEP0000877,Ravi Yadav,M,56,9312705168,Narayankhed,Narayankhed,Sangareddy,2026-01-15,FAC021,Fever,Gastrointestinal,Assisted video,14,Yes,No,Yes,21,7.0,Telugu,Good,Completed
TC0001137,TEP0000878,Renuka Reddy,F,40,9658496753,Velpula,Midjil,Mahabubnagar,2026-02-15,FAC007,Headache,Other,Assisted video,10,Yes,No,No,,17.9,Urdu,Good,Completed
TC0001138,TEP0000879,Ravi Yadav,M,54,9103334968,Kalhe,Narayankhed,Sangareddy,2026-02-04,FAC019,Dizziness,Hypertension,Audio,7,No,No,Yes,14,24.9,Telugu,Poor,Completed
TC0001139,TEP0000880,Bhavanee Krishna,F,56,9990243734,Midjil,Midjil,Mahabubnagar,2026-07-04,FAC008,Skin complaint,Respiratory,Video,24,Yes,No,Yes,7,11.3,Urdu,Fair,Completed
TC0001140,TEP0000880,Bhavani Krishna,F,55,9990243734,Midjil,Midjil,Mahabubnagar,2026-08-09,FAC007,Abdominal discomfort,Dermatology,Assisted video,14,Yes,No,No,,7.6,Urdu,Fair,Completed
TC0001141,TEP0000881,Sai Basha,M,48,9599454433,Marrur,Nakrekal,Nalgonda,2026-04-25,FAC016,Cough,Musculoskeletal,Video,24,Yes,No,Yes,30,36.5,Telugu,Poor,Completed
TC0001142,TEP0000882,Anjali Patel,F,70,9998344628,Bhanur,Patancheru,Sangareddy,2026-07-16,FAC026,Cough,Fever/Infection,Video,17,Yes,No,Yes,21,12.8,Telugu,Good,Completed
TC0001143,TEP0000883,Saritha Mudiraj,F,49,9874195431,Gangapur,Jadcherla,Mahabubnagar,2026-08-10,FAC001,Routine NCD review,Other,Audio,13,Yes,No,Yes,7,20.2,Telugu,Fair,Completed
TC0001144,TEP0000884,Mohan Krishna,M,38,9362997232,Manoor,Narayankhed,Sangareddy,2026-01-23,FAC019,Dizziness,Musculoskeletal,Video,8,No,Yes,No,,33.3,Telugu,Good,Completed
TC0001145,TEP0000885,Santosh Reddy,M,36,9943876008,Narayankhed,Narayankhed,Sangareddy,2026-02-18,FAC020,Headache,Gastrointestinal,Assisted video,17,Yes,No,Yes,14,23.7,Telugu,Poor,Completed
TC0001146,TEP0000886,Venkatesh Krishna,M,50,9915173950,Gangapur,Jadcherla,Mahabubnagar,2026-02-11,FAC003,Skin complaint,Hypertension,Video,24,Yes,Yes,Yes,14,26.4,Telugu,Fair,Completed
TC0001147,TEP0000887,Kavitha Narsimha,F,18,9329102716,Kummarikunta,Chandur,Nalgonda,2026-02-17,FAC015,Dizziness,Musculoskeletal,Audio,18,Yes,No,Yes,30,26.6,Telugu,Good,Completed
TC0001148,TEP0000888,Jyothi Mudiraj,F,66,9628342252,Donur,Midjil,Mahabubnagar,2026-05-30,FAC007,Skin complaint,Fever/Infection,Video,13,Yes,No,Yes,21,23.7,Telugu,Fair,Completed
TC0001149,TEP0000889,Shobha Reddy,F,62,9087043983,Ameenpur,Patancheru,Sangareddy,2026-08-10,FAC025,Fever,Fever/Infection,Audio,8,Yes,Yes,Yes,21,13.0,Telugu,Fair,Completed
TC0001150,TEP0000890,Kavitha Devi,F,68,9016381205,Bangarigadda,Chandur,Nalgonda,2026-06-09,FAC015,Fever,Hypertension,Assisted video,15,Yes,Yes,Yes,7,18.0,Telugu,Good,Completed
TC0001151,TEP0000890,Kavitha Devi,F,66,9016381205,Bangarigadda,Chandur,Nalgonda,2026-08-06,FAC013,Abdominal discomfort,Other,Video,18,Yes,Yes,Yes,30,16.9,Telugu,Good,Completed
TC0001152,TEP0000891,Anitha Mudiraj,F,72,9338815282,Peddadinn,Devarakonda,Nalgonda,2026-02-18,FAC011,Abdominal discomfort,Hypertension+Diabetes,Assisted video,16,No,Yes,Yes,21,13.9,Urdu,Good,Completed
TC0001153,TEP0000891,Anitha Mudiraj,F,73,9338815282,Peddadinne,Devarakonda,Nalgonda,2026-07-21,FAC010,Fever,Hypertension+Diabetes,Assisted video,19,Yes,Yes,No,,7.4,Urdu,Good,Completed
TC0001154,TEP0000892,Harika Naik,F,72,9818613847,Peddadinne,Devarakonda,Nalgonda,2026-03-11,FAC010,Fever,Hypertension+Diabetes,Video,19,No,Yes,No,,7.4,Telugu,Fair,Completed
TC0001155,TEP0000892,Harika Naik,F,74,9818613847,Peddadinne,Devarakonda,Nalgonda,2026-04-22,FAC010,Dizziness,Other,Video,13,Yes,No,Yes,30,7.4,Telugu,Good,Completed
TC0001156,TEP0000893,Sai Goud,M,42,9771818114,Peddadinne,Devarakonda,Nalgonda,2026-03-26,FAC010,Skin complaint,Dermatology,Assisted video,11,Yes,Yes,No,,7.4,Telugu,Poor,Completed
TC0001157,TEP0000893,Sai Goud,M,39,9771868114,Peddadinne,Devarakonda,Nalgonda,2026-03-28,FAC012,Routine NCD review,Musculoskeletal,Audio,17,Yes,Yes,Yes,7,6.6,Telugu,Fair,Completed
TC0001158,TEP0000893,Sai Goud,M,42,9771818114,Peddadinne,Devarakonda,Nalgonda,2026-04-23,FAC012,Skin complaint,Dermatology,Audio,13,Yes,Yes,Yes,14,6.6,Telugu,Poor,Completed
TC0001159,TEP0000894,Kiran Yadav,M,39,9188927638,NOMULA,Nakrekal,Nalgonda,2026-03-15,FAC017,Abdominal discomfort,Other,Audio,17,Yes,No,Yes,14,29.9,Urdu,Fair,Completed
TC0001160,TEP0000895,Swathi Naik,F,39,9061812674,Vemula,Midjil,Mahabubnagar,2026-02-17,FAC009,Skin complaint,Fever/Infection,Assisted video,10,Yes,No,Yes,7,7.3,Telugu,Poor,Completed
TC0001161,TEP0000896,Rajesh Jangam,M,65,9733108104,Kangti,Narayankhed,Sangareddy,2026-02-03,FAC020,Fever,Dermatology,Audio,20,Yes,No,Yes,7,11.9,Telugu,Good,Completed
TC0001162,TEP0000896,Rajesh,M,64,9733108104,Kangti,Narayankhed,Sangareddy,2026-03-19,FAC019,Fever,Gastrointestinal,Video,20,Yes,No,No,,20.3,Telugu,Good,Completed
TC0001163,TEP0000897,Ramesh Jangam,M,55,9627265403,Chandur,Chandur,Nalgonda,2026-06-27,FAC013,Fever,Musculoskeletal,Audio,10,Yes,No,No,,21.3,Urdu,Fair,Completed
TC0001164,TEP0000898,Arun Jangam,M,48,9252033626,Velpula,Midjil,Mahabubnagar,2026-05-17,FAC007,Headache,Hypertension,Audio,19,No,Yes,Yes,14,17.9,Telugu,Good,Completed
TC0001165,TEP0000898,Arun Jangam,M,50,9252033626,Velpula,Midjil,Mahabubnagar,2026-06-23,FAC007,Routine NCD review,Hypertension,Assisted video,24,No,Yes,Yes,21,17.9,Telugu,Fair,Completed
TC0001166,TEP0000898,Arun Jangam,M,48,9252033626,Velpula,Midjil,Mahabubnagar,2026-08-09,FAC007,Skin complaint,Hypertension,Audio,14,Yes,Yes,No,,17.9,Telugu,Poor,Completed
TC0001167,TEP0000899,Praveen Narsimha,M,58,9828608855,Jharasangam,Zaheerabad,Sangareddy,2026-07-15,FAC024,Skin complaint,Fever/Infection,Assisted video,22,No,No,Yes,14,2.6,Telugu,Fair,Completed
TC0001168,TEP0000900,Anil Das,M,31,9853374904,Rajapu,Balanagar,Mahabubnagar,2026-05-20,FAC004,Cough,Other,Audio,14,Yes,No,Yes,30,13.9,Telugu,Good,Completed
TC0001169,TEP0000900,Anil Das,M,30,9853374904,RAJAPUR,Balanagar,Mahabubnagar,2026-07-11,FAC005,Headache,Fever/Infection,Video,23,No,Yes,No,,12.6,Telugu,Fair,Completed
TC0001170,TEP0000901,Anitha Patel,F,18,9685783573,Macharam,Jadcherla,Mahabubnagar,2026-04-08,FAC003,Skin complaint,Gastrointestinal,Audio,21,Yes,No,No,,12.8,Telugu,Poor,Completed
TC0001171,TEP0000902,Padma Jangam,F,70,+91-94174-87283,Velpula,Midjil,Mahabubnagar,2026-05-15,FAC008,Cough,Fever/Infection,Video,14,Yes,No,Yes,7,12.6,Telugu,Good,Completed
TC0001172,TEP0000902,Padma Jangam,F,68,9417487283,VELPULA,Midjil,Mahabubnagar,2026-06-30,FAC008,Headache,Other,Video,15,Yes,No,Yes,21,12.6,Telugu,Fair,Completed
TC0001173,TEP0000903,Deepika Jangam,F,26,9816879925,Manoor,Narayankhed,Sangareddy,2026-07-16,FAC021,Body pain,Hypertension,Audio,16,Yes,No,No,,15.5,Telugu,Good,Completed
TC0001174,TEP0000904,Kiran Rao,M,32,9685341704,Chandur,Chandur,Nalgonda,2026-04-18,FAC013,Skin complaint,Hypertension,Audio,12,Yes,No,No,,21.3,Telugu,Fair,Completed
TC0001175,TEP0000904,Kiran Rao,M,32,9685341704,Chandur,Chandur,Nalgonda,2026-05-07,FAC013,Routine NCD review,Musculoskeletal,Video,22,Yes,No,Yes,30,21.3,Telugu,Fair,Completed
TC0001176,TEP0000905,Praveen Narsimha,M,47,9063952894,Nakrekal,Nakrekal,Nalgonda,2026-04-17,FAC016,Cough,Hypertension,Assisted video,18,No,No,Yes,7,35.5,Telugu,Fair,Completed
TC0001177,TEP0000906,Srilatha Goud,F,48,9476802266,Midjil,Midjil,Mahabubnagar,2026-04-09,FAC007,Cough,Musculoskeletal,Audio,11,No,No,Yes,7,7.6,Telugu,Good,Completed
TC0001178,TEP0000907,Mahesh Chary,M,45,9062099715,Bhanur,Patancheru,Sangareddy,2026-06-06,FAC026,Headache,Diabetes,Audio,10,Yes,No,Yes,30,12.8,Telugu,Poor,Completed
TC0001179,TEP0000907,Mahesh Chary,M,43,9062099715,Bhanur,Patancheru,Sangareddy,2026-08-01,FAC027,Body pain,Diabetes,Audio,9,Yes,No,Yes,14,18.4,Telugu,Poor,Completed
TC0001180,TEP0000908,Deepika Mudiraj,F,49,9903638581,Rajapur,Balanagar,Mahabubnagar,2026-06-24,FAC005,Headache,Hypertension,Assisted video,22,Yes,Yes,Yes,30,12.6,English,Good,Completed
TC0001181,TEP0000909,Sushma Basha,F,51,9063238270,POLEPALLY,Jadcherla,Mahabubnagar,2026-06-17,FAC001,Body pain,Hypertension,Audio,11,Yes,Yes,Yes,14,25.4,Telugu,Good,Completed
TC0001182,TEP0000910,Anitha Naik,F,40,9136572570,Polepalli,Jadcherla,Mahabubnagar,2026-04-09,FAC002,Routine NCD review,Diabetes,Video,8,Yes,Yes,Yes,14,8.3,Telugu,Poor,Completed
TC0001183,TEP0000910,nitha Naik,F,40,9136572570,Polepally,Jadcherla,Mahabubnagar,2026-08-03,FAC003,Fever,Hypertension,Video,8,No,Yes,Yes,30,21.0,Telugu,Poor,Completed
TC0001184,TEP0000911,Naveen Narsimha,M,50,9324197649,Donur,Midjil,Mahabubnagar,2026-03-05,FAC008,Dizziness,Fever/Infection,Audio,17,No,Yes,Yes,21,9.4,Telugu,Fair,Completed
TC0001185,TEP0000912,Santosh Patel,M,43,9566516480,Midjil,Midjil,Mahabubnagar,2026-07-31,FAC007,Headache,Other,Assisted video,13,Yes,No,Yes,14,7.6,English,Good,Completed
TC0001186,TEP0000913,Divya Jangam,F,43,9294925385,Kondamallepally,Devarakonda,Nalgonda,2026-02-18,FAC011,Abdominal discomfort,Musculoskeletal,Audio,15,Yes,No,Yes,30,25.7,Telugu,Good,Completed
TC0001187,TEP0000913,Divya Jangam,F,44,9294925385,Kondamallepall,Devarakonda,Nalgonda,2026-03-08,FAC010,Cough,Other,Video,7,Yes,Yes,No,,20.0,Telugu,Poor,Completed
TC0001188,TEP0000914,Santosh Naik,M,47,+91-92168-56940,Kondamallepally,Devarakonda,Nalgonda,2026-05-18,FAC010,Routine NCD review,Diabetes,Video,15,Yes,No,Yes,21,20.0,Telugu,Fair,Completed
TC0001189,TEP0000915,Srilatha Das,F,72,9876861278,Badepally,Jadcherla,Mahabubnagar,2026-04-19,FAC003,Fever,Hypertension+Diabetes,Assisted video,14,Yes,Yes,No,,5.1,Telugu,Fair,Completed
TC0001190,TEP0000916,Diwya Laxman,F,40,9996796454,MARRUR,Nakrekal,Nalgonda,2026-05-22,FAC017,Abdominal discomfort,Diabetes,Assisted video,23,Yes,Yes,Yes,21,25.8,Telugu,Good,Completed
TC0001191,TEP0000917,Santosh Chary,M,58,9161583549,Nermata,Chandur,Nalgonda,2026-03-26,FAC014,Abdominal discomfort,Hypertension,Audio,9,Yes,No,No,,19.2,Telugu,Poor,Completed
TC0001192,TEP0000917,Santosh Chary,M,56,9167583549,Nermata,Chandur,Nalgonda,2026-05-30,FAC013,Skin complaint,Hypertension+Diabetes,Assisted video,15,No,No,Yes,7,19.7,Telugu,Good,Completed
TC0001193,TEP0000918,Anil Krishna,M,34,,Donur,Midjil,Mahabubnagar,2026-03-30,FAC007,Body pain,Diabetes,Assisted video,21,Yes,Yes,Yes,21,23.7,Urdu,Poor,Completed
TC0001194,TEP0000919,Ravi Narsimha,M,30,9554480676,Velpula,Midjil,Mahabubnagar,2026-07-07,FAC009,Headache,Fever/Infection,Video,15,Yes,Yes,No,,4.2,Telugu,Good,Completed
TC0001195,TEP0000920,Anil Rao,M,66,9324019454,Kangti,Narayankhed,Sangareddy,2026-03-20,FAC019,Headache,Hypertension+Diabetes,Video,15,Yes,No,Yes,30,20.3,Urdu,Poor,Completed
TC0001196,TEP0000921,Ravi Khan,M,43,9696409571,Vemula,Midjil,Mahabubnagar,2026-05-30,FAC007,Dizziness,Musculoskeletal,Video,20,Yes,No,Yes,7,25.7,Telugu,Fair,Completed
TC0001197,TEP0000922,Bhavani,F,70,9544357546,Polepally,Jadcherla,Mahabubnagar,2026-07-11,FAC001,Dizziness,Musculoskeletal,Video,21,Yes,No,Yes,7,25.4,Telugu,Poor,Completed
TC0001198,TEP0000923,Bhavani Begum,F,45,9395291465,Gundlapally,Devarakonda,Nalgonda,2026-07-20,FAC010,Cough,Musculoskeletal,Audio,19,No,No,No,,26.3,Telugu,Poor,Completed
TC0001199,TEP0000924,Srinivas Rao,M,22,9194575139,BALANAGAR,Balanagar,Mahabubnagar,2026-06-02,FAC006,Fever,Fever/Infection,Audio,21,Yes,No,No,,1.4,Telugu,Fair,Completed
TC0001200,TEP0000925,Rni Basha,F,67,9071621190,Kalher,Narayankhed,Sangareddy,2026-08-14,FAC019,Dizziness,Respiratory,Audio,16,Yes,No,No,,24.9,Telugu,Poor,Completed
TC0001201,TEP0000926,Lalitha Begum,F,56,,Indresham,Patancheru,Sangareddy,2026-05-02,FAC025,Abdominal discomfort,Diabetes,Audio,18,Yes,No,No,,19.2,Telugu,Good,Completed
TC0001202,TEP0000926,Lalitha Begum,F,56,9157688286,Indresham,Patancheru,Sangareddy,2026-07-20,FAC027,Abdominal discomfort,Fever/Infection,Audio,7,No,No,Yes,7,22.3,Telugu,Good,Completed
TC0001203,TEP0000927,Harika Patel,F,64,9931317707,Bodajanampet,Balanagar,Mahabubnagar,2026-01-31,FAC006,Body pain,Respiratory,Audio,17,No,No,Yes,14,33.3,Telugu,Poor,Completed
TC0001204,TEP0000928,Anitha Naik,F,57,9946235371,Nomula,Nakrekal,Nalgonda,2026-07-05,FAC016,Skin complaint,Fever/Infection,Assisted video,7,Yes,No,Yes,14,36.1,Telugu,Fair,Completed
TC0001205,TEP0000929,Santosh Reddy,M,46,9506823198,Kummarikunt,Chandur,Nalgonda,2026-02-11,FAC014,Headache,Fever/Infection,Audio,8,Yes,No,Yes,7,7.3,Urdu,Poor,Completed
TC0001206,TEP0000930,nitha Devi,F,53,9599148026,Kallepally,Balanagar,Mahabubnagar,2026-06-12,FAC005,Headache,Hypertension+Diabetes,Video,14,No,No,No,,26.2,Urdu,Good,Completed
TC0001207,TEP0000931,Venkatesh Rao,M,33,9240333297,Devarakonda,Devarakonda,Nalgonda,2026-08-08,FAC011,Routine NCD review,Dermatology,Assisted video,13,No,No,Yes,30,29.2,Telugu,Poor,Completed
TC0001208,TEP0000932,Deepika Yadav,F,53,,Chandur,Chandur,Nalgonda,2026-08-08,FAC015,Body pain,Gastrointestinal,Video,15,No,No,Yes,7,29.7,Telugu,Fair,Completed
TC0001209,TEP0000933,Lalitha Krishna,F,64,9572347417,Patancheru,Patancheru,Sangareddy,2026-05-03,FAC025,Routine NCD review,Respiratory,Video,15,Yes,No,No,,25.4,Telugu,Good,Completed
TC0001210,TEP0000934,Swathi Laxman,F,25,9940211282,NAKREKAL,Nakrekal,Nalgonda,2026-06-09,FAC018,Fever,Gastrointestinal,Audio,16,Yes,No,No,,16.2,Telugu,Fair,Completed
TC0001211,TEP0000935,Ramesh Reddy,M,48,9359811256,Velpula,Midjil,Mahabubnagar,2026-04-16,FAC008,Abdominal discomfort,Hypertension,Assisted video,7,Yes,No,Yes,7,12.6,Telugu,Good,Completed
TC0001212,TEP0000935,Ramesh,M,49,9359811256,Velpula,Midjil,Mahabubnagar,2026-07-13,FAC009,Routine NCD review,Musculoskeletal,Video,10,Yes,Yes,Yes,30,4.2,Telugu,Good,Completed
TC0001213,TEP0000936,Swathi Shekar,F,46,,Kummarikunta,Chandur,Nalgonda,2026-06-09,FAC015,Body pain,Hypertension,Video,18,Yes,Yes,Yes,30,26.6,Telugu,Good,Completed
TC0001214,TEP0000937,Raghav Begum,M,62,9733991383,Velpula,Midjil,Mahabubnagar,2026-01-03,FAC009,Skin complaint,Diabetes,Video,8,Yes,No,No,,4.2,Telugu,Poor,Completed
TC0001215,TEP0000938,Renuka Naik,F,45,9431293402,Chandur,Chandur,Nalgonda,2026-04-23,FAC014,Cough,Hypertension,Audio,23,No,No,Yes,7,20.6,Telugu,Poor,Completed
TC0001216,TEP0000939,Rani Devi,F,33,9698484731,Gundlapally,Devarakonda,Nalgonda,2026-04-23,FAC010,Routine NCD review,Gastrointestinal,Video,14,Yes,No,Yes,30,26.3,Telugu,Fair,Completed
TC0001217,TEP0000939,Rani Devi,F,33,9698484731,Gundlapally,Devarakonda,Nalgonda,2026-06-18,FAC012,Headache,Fever/Infection,Video,18,Yes,No,Yes,14,25.4,Telugu,Good,Completed
TC0001218,TEP0000940,Dipika Rao,F,62,+91-94793-31172,Nermata,Chandur,Nalgonda,2026-05-16,FAC013,Abdominal discomfort,Hypertension,Video,13,Yes,No,Yes,21,19.7,Urdu,Poor,Completed
TC0001219,TEP0000941,Raju Khan,M,40,9914613624,Manoor,Narayankhed,Sangareddy,2026-01-05,FAC021,Abdominal discomfort,Other,Audio,16,Yes,No,No,,15.5,Telugu,Good,Completed
TC0001220,TEP0000941,Raju Khan,M,41,9914693624,Manoor,Narayankhed,Sangareddy,2026-07-31,FAC021,Fever,Other,Audio,22,Yes,No,Yes,21,15.5,Telugu,Fair,Completed
TC0001221,TEP0000942,Kiran Laxman,M,40,9844534433,Kummarikunta,Chandur,Nalgonda,2026-01-04,FAC014,Abdominal discomfort,Gastrointestinal,Video,19,Yes,Yes,Yes,30,7.3,Telugu,Good,Completed
TC0001222,TEP0000942,Kiran Laxman,M,40,+91-98445-34433,Kummarikunta,Chandur,Nalgonda,2026-08-07,FAC013,Dizziness,Gastrointestinal,Video,14,Yes,No,No,,6.5,Telugu,Poor,Completed
TC0001223,TEP0000943,Mahesh Goud,M,51,,Devarakonda,Devarakonda,Nalgonda,2026-06-26,FAC011,Dizziness,Fever/Infection,Assisted video,20,Yes,No,Yes,30,29.2,Urdu,Good,Completed
TC0001224,TEP0000943,Mahesh Goud,M,50,9719353463,Devarakond,Devarakonda,Nalgonda,2026-08-01,FAC010,Cough,Diabetes,Audio,12,Yes,No,Yes,7,22.8,Urdu,Poor,Completed
TC0001225,TEP0000944,Deepika Yadav,F,25,9500684393,Patancheru,Patancheru,Sangareddy,2026-06-26,FAC025,Dizziness,Other,Assisted video,18,Yes,No,No,,25.4,English,Poor,Completed
TC0001226,TEP0000945,Mohan Chary,M,43,9236261687,Nermata,Chandur,Nalgonda,2026-07-10,FAC015,Abdominal discomfort,Diabetes,Audio,24,No,No,Yes,30,22.4,Telugu,Good,Completed
TC0001227,TEP0000946,Mohan Patel,M,31,9141777514,Devarakond,Devarakonda,Nalgonda,2026-06-13,FAC012,Headache,Diabetes,Video,20,Yes,Yes,Yes,21,22.1,Telugu,Fair,Completed
TC0001228,TEP0000947,nil Goud,M,69,9152354788,Badepally,Jadcherla,Mahabubnagar,2026-02-03,FAC001,Dizziness,Respiratory,Assisted video,18,Yes,Yes,No,,11.4,English,Fair,Completed
TC0001229,TEP0000948,Deepika Shekar,F,50,9640693540,Gangapur,Jadcherla,Mahabubnagar,2026-01-25,FAC001,Headache,Gastrointestinal,Assisted video,22,No,Yes,Yes,14,20.2,Telugu,Poor,Completed
TC0001230,TEP0000948,Deepika Shekar,F,52,9640693540,Gangapur,Jadcherla,Mahabubnagar,2026-02-03,FAC003,Routine NCD review,Musculoskeletal,Audio,9,Yes,No,Yes,14,26.4,Telugu,Good,Completed
TC0001231,TEP0000949,Raju Rao,M,67,9592049116,Manoor,Narayankhed,Sangareddy,2026-04-21,FAC019,Skin complaint,Hypertension+Diabetes,Video,24,No,Yes,No,,33.3,Telugu,Fair,Completed
TC0001232,TEP0000949,Raju,M,67,,Manoor,Narayankhed,Sangareddy,2026-05-25,FAC021,Dizziness,Hypertension+Diabetes,Video,8,No,No,Yes,30,15.5,Telugu,Good,Completed
TC0001233,TEP0000949,Raju Rao,M,67,+91-95920-49116,Manoor,Narayankhed,Sangareddy,2026-07-08,FAC020,Body pain,Hypertension,Assisted video,20,Yes,No,Yes,30,21.7,Telugu,Good,Completed
TC0001234,TEP0000950,Bhawani Rao,F,29,9805303900,Kohir,Zaheerabad,Sangareddy,2026-05-03,FAC022,Abdominal discomfort,Other,Audio,23,Yes,No,Yes,14,3.6,Telugu,Good,Completed
TC0001235,TEP0000951,Divya Patel,F,18,9546790056,Kohir,Zaheerabad,Sangareddy,2026-02-27,FAC023,Skin complaint,Fever/Infection,Audio,20,Yes,No,Yes,7,15.7,Telugu,Fair,Completed
TC0001236,TEP0000951,Divya Patel,F,20,9546790056,Kohir,Zaheerabad,Sangareddy,2026-03-15,FAC024,Abdominal discomfort,Other,Video,22,Yes,No,Yes,21,6.4,Telugu,Fair,Completed
TC0001237,TEP0000952,Shobha Shekar,F,60,9705531285,Midjil,Midjil,Mahabubnagar,2026-01-13,FAC008,Body pain,Gastrointestinal,Audio,15,Yes,Yes,No,,11.3,Telugu,Fair,Completed
TC0001238,TEP0000953,Deepika Patel,F,23,9647185703,Peddadinne,Devarakonda,Nalgonda,2026-01-30,FAC012,Abdominal discomfort,Hypertension,Audio,17,Yes,No,Yes,7,6.6,Telugu,Good,Completed
TC0001239,TEP0000954,Ramesh Patel,M,79,9210189189,Kohir,Zaheerabad,Sangareddy,2026-03-18,FAC024,Abdominal discomfort,Hypertension,Video,19,No,Yes,Yes,7,6.4,Telugu,Good,Completed
TC0001240,TEP0000955,Naveen Khan,M,41,9274014166,Narayankhed,Narayankhed,Sangareddy,2026-04-08,FAC020,Routine NCD review,Respiratory,Video,8,Yes,No,Yes,30,23.7,Telugu,Good,Completed
TC0001241,TEP0000956,Deepika Reddy,F,61,+91-90320-77021,Kallepally,Balanagar,Mahabubnagar,2026-02-09,FAC006,Skin complaint,Hypertension+Diabetes,Assisted video,18,No,No,Yes,7,35.4,Telugu,Poor,Completed
TC0001242,TEP0000957,Srilatha Shekar,F,70,9113478387,Mangalapalli,Nakrekal,Nalgonda,2026-03-06,FAC017,Dizziness,Gastrointestinal,Video,22,Yes,No,Yes,21,21.1,Telugu,Fair,Completed
TC0001243,TEP0000958,Padma Mudiraj,F,62,9584522504,Balanagar,Balanagar,Mahabubnagar,2026-02-03,FAC006,Body pain,Musculoskeletal,Video,7,Yes,No,Yes,21,1.4,Telugu,Fair,Completed
TC0001244,TEP0000958,Padma Mudiraj,F,63,9584522504,Balanagar,Balanagar,Mahabubnagar,2026-05-26,FAC006,Skin complaint,Hypertension,Video,21,No,No,Yes,30,1.4,Telugu,Good,Completed
TC0001245,TEP0000959,Mahesh Begum,M,41,9875001308,Bodajanampet,Balanagar,Mahabubnagar,2026-03-29,FAC006,Fever,Diabetes,Audio,16,Yes,No,No,,33.3,Telugu,Poor,Completed
TC0001246,TEP0000960,Mohan Patel,M,54,9661469499,Kallepally,Balanagar,Mahabubnagar,2026-06-11,FAC004,Headache,Diabetes,Audio,12,Yes,No,No,,26.4,Telugu,Fair,Completed
TC0001247,TEP0000961,Mohan Goud,M,38,9774391890,Bodajanampet,Balanagar,Mahabubnagar,2026-04-03,FAC006,Dizziness,Dermatology,Video,18,Yes,No,No,,33.3,Telugu,Poor,Completed
TC0001248,TEP0000962,Anitha Begum,F,44,9035426397,Bodajanampet,Balanagar,Mahabubnagar,2026-03-28,FAC006,Skin complaint,Hypertension+Diabetes,Video,18,No,No,No,,33.3,Telugu,Fair,Completed
TC0001249,TEP0000963,Ravi Laxman,M,43,9699990780,Mangalapally,Nakrekal,Nalgonda,2026-07-30,FAC018,Fever,Diabetes,Assisted video,22,No,No,Yes,30,35.0,Telugu,Good,Completed
TC0001250,TEP0000964,Shankar Khan,M,52,9268872784,Kondamallepally,Devarakonda,Nalgonda,2026-05-24,FAC011,Body pain,Diabetes,Assisted video,24,Yes,No,No,,25.7,Urdu,Poor,Completed
TC0001251,TEP0000965,Kavitha Mudiraj,F,56,9405677009,Indresham,Patancheru,Sangareddy,2026-05-19,FAC027,Body pain,Hypertension,Audio,19,Yes,Yes,No,,22.3,Telugu,Poor,Completed
TC0001252,TEP0000966,Shankar Das,M,60,9008559985,Kallepally,Balanagar,Mahabubnagar,2026-03-07,FAC004,Abdominal discomfort,Hypertension,Assisted video,9,Yes,No,Yes,30,26.4,English,Fair,Completed
TC0001253,TEP0000967,Anjali Krishna,F,57,9515152735,VEMULA,Midjil,Mahabubnagar,2026-04-16,FAC007,Fever,Diabetes,Audio,20,No,No,Yes,14,25.7,Telugu,Good,Completed
TC0001254,TEP0000968,Ramesh Chary,M,28,9071545566,Devarakond,Devarakonda,Nalgonda,2026-02-01,FAC012,Skin complaint,Respiratory,Audio,20,Yes,No,Yes,21,22.1,Telugu,Good,Completed
TC0001255,TEP0000969,Padma Patel,F,60,,Mogudampally,Zaheerabad,Sangareddy,2026-03-06,FAC024,Fever,Musculoskeletal,Video,11,Yes,No,No,,16.8,Telugu,Poor,Completed
TC0001256,TEP0000969,Padma Patel,F,60,9931453837,Mogudampally,Zaheerabad,Sangareddy,2026-03-31,FAC024,Body pain,Fever/Infection,Assisted video,12,No,No,Yes,7,16.8,Telugu,Poor,Completed
TC0001257,TEP0000970,Lakshmi Jangam,F,88,9418467502,Devarakonda,Devarakonda,Nalgonda,2026-01-27,FAC010,Fever,Musculoskeletal,Assisted video,17,Yes,No,Yes,21,22.8,English,Fair,Completed
TC0001258,TEP0000970,Lakshmi Jangam,F,88,9418267502,Devarakonda,Devarakonda,Nalgonda,2026-02-05,FAC011,Routine NCD review,Hypertension,Assisted video,9,Yes,No,Yes,21,29.2,English,Poor,Completed
TC0001259,TEP0000971,Vinod Basha,M,28,9471607907,Jharasangam,Zaheerabad,Sangareddy,2026-06-01,FAC023,Abdominal discomfort,Hypertension,Audio,22,No,Yes,No,,18.7,Telugu,Fair,Completed
TC0001260,TEP0000972,Lakshmi Begum,F,83,9315170002,Velpula,Midjil,Mahabubnagar,2026-05-19,FAC007,Skin complaint,Diabetes,Audio,11,No,Yes,Yes,21,17.9,Telugu,Good,Completed
TC0001261,TEP0000973,Naveen Reddy,M,65,9935488091,MOGUDAMPALLY,Zaheerabad,Sangareddy,2026-01-06,FAC023,Abdominal discomfort,Musculoskeletal,Audio,21,No,No,Yes,7,22.3,Telugu,Fair,Completed
TC0001262,TEP0000974,Lalitha Jangam,F,64,9513577191,Kangti,Narayankhed,Sangareddy,2026-07-14,FAC019,Skin complaint,Musculoskeletal,Assisted video,21,Yes,No,Yes,30,20.3,Telugu,Good,Completed
TC0001263,TEP0000975,Shankar Basha,M,37,9293004077,Ameenpur,Patancheru,Sangareddy,2026-06-08,FAC026,Headache,Hypertension,Video,11,Yes,No,Yes,30,9.7,Telugu,Fair,Completed
TC0001264,TEP0000976,Rani Jangam,F,33,9185249637,Macharam,Jadcherla,Mahabubnagar,2026-08-15,FAC003,Cough,Fever/Infection,Assisted video,8,Yes,Yes,Yes,21,12.8,Telugu,Good,Completed
TC0001265,TEP0000977,Vinod Das,M,40,9597632981,Kangti,Narayankhed,Sangareddy,2026-06-15,FAC020,Headache,Other,Audio,24,Yes,No,Yes,30,11.9,Urdu,Good,Completed
TC0001266,TEP0000978,Deepika Jangam,F,71,9919202706,Zaheerabad,Zaheerabad,Sangareddy,2026-05-21,FAC022,Body pain,Gastrointestinal,Assisted video,23,Yes,Yes,No,,25.3,Telugu,Fair,Completed
TC0001267,TEP0000979,Mahesh Narsimha,M,39,9486013828,KONDAMALLEPALLY,Devarakonda,Nalgonda,2026-07-14,FAC010,Body pain,Dermatology,Assisted video,24,Yes,No,No,,20.0,Telugu,Fair,Completed
TC0001268,TEP0000979,Mahesh Narsimha,M,38,+91-94860-13828,Kondamallepally,Devarakonda,Nalgonda,2026-08-15,FAC011,Body pain,Fever/Infection,Video,18,No,No,No,,25.7,Telugu,Good,Completed
TC0001269,TEP0000980,Harika Das,F,50,+91-98961-06817,Kummarikunta,Chandur,Nalgonda,2026-04-28,FAC015,Fever,Hypertension+Diabetes,Assisted video,13,Yes,No,Yes,21,26.6,Telugu,Fair,Completed
TC0001270,TEP0000981,Rani Basha,F,30,9366378612,Donur,Midjil,Mahabubnagar,2026-06-08,FAC009,Dizziness,Hypertension+Diabetes,Audio,18,No,Yes,Yes,30,14.1,Telugu,Fair,Completed
TC0001271,TEP0000982,Nirmala Laxman,F,18,9508142540,Mangalapally,Nakrekal,Nalgonda,2026-02-10,FAC016,Fever,Gastrointestinal,Assisted video,11,Yes,Yes,Yes,30,4.1,Telugu,Poor,Completed
TC0001272,TEP0000983,Sushma Devi,F,69,9365149945,Bodajanampet,Balanagar,Mahabubnagar,2026-07-20,FAC005,Headache,Hypertension+Diabetes,Audio,8,No,No,Yes,21,26.6,Telugu,Good,Completed
TC0001273,TEP0000984,Divya Laxman,F,49,9298553156,Jharasangam,Zaheerabad,Sangareddy,2026-04-19,FAC022,Routine NCD review,Hypertension+Diabetes,Assisted video,18,No,No,Yes,7,5.6,Urdu,Fair,Completed
TC0001274,TEP0000985,Ravi Mallaiah,M,39,9446938049,BANGARIGADDA,Chandur,Nalgonda,2026-02-01,FAC013,Cough,Diabetes,Video,17,No,Yes,Yes,7,16.9,Telugu,Good,Completed
TC0001275,TEP0000986,Praveen Chary,M,30,9829848981,Machara,Jadcherla,Mahabubnagar,2026-04-28,FAC003,Cough,Other,Video,18,Yes,No,No,,12.8,Telugu,Good,Completed
TC0001276,TEP0000987,Anjali Shekar,F,48,9013637809,Polepally,Jadcherla,Mahabubnagar,2026-05-05,FAC003,Skin complaint,Other,Assisted video,11,Yes,No,Yes,7,21.0,Telugu,Poor,Completed
TC0001277,TEP0000988,Swathi Patel,F,58,9204443336,Balanagar,Balanagar,Mahabubnagar,2026-04-11,FAC006,Skin complaint,Diabetes,Audio,14,Yes,Yes,Yes,30,1.4,Telugu,Fair,Completed
TC0001278,TEP0000989,Saritha Khan,F,73,9263477885,Macharam,Jadcherla,Mahabubnagar,2026-07-30,FAC003,Body pain,Musculoskeletal,Assisted video,17,Yes,No,Yes,30,12.8,Telugu,Good,Completed
TC0001279,TEP0000990,Harika Jangam,F,65,+91-96948-41735,Kallepally,Balanagar,Mahabubnagar,2026-05-21,FAC006,Routine NCD review,Respiratory,Audio,15,Yes,No,Yes,30,35.4,English,Good,Completed
TC0001280,TEP0000990,Harika Jangam,F,65,9694841735,Kallepally,Balanagar,Mahabubnagar,2026-06-21,FAC006,Cough,Other,Video,21,Yes,No,No,,35.4,English,Poor,Completed
TC0001281,TEP0000991,Anitha Goud,F,20,9864093842,Devarakonda,Devarakonda,Nalgonda,2026-01-17,FAC010,Body pain,Hypertension,Audio,14,Yes,Yes,Yes,14,22.8,Telugu,Good,Completed
TC0001282,TEP0000991,Anitha Goud,F,21,9864093842,Devarakonda,Devarakonda,Nalgonda,2026-02-27,FAC010,Abdominal discomfort,Hypertension,Audio,14,Yes,No,No,,22.8,Telugu,Poor,Completed
TC0001283,TEP0000992,njali Shekar,F,54,+91-95302-56437,Donur,Midjil,Mahabubnagar,2026-04-30,FAC008,Cough,Fever/Infection,Assisted video,21,Yes,No,Yes,14,9.4,Telugu,Fair,Completed
TC0001284,TEP0000993,Saritha Goud,F,68,9221304667,Kohir,Zaheerabad,Sangareddy,2026-03-23,FAC023,Skin complaint,Hypertension,Audio,7,Yes,Yes,No,,15.7,Urdu,Fair,Completed
TC0001285,TEP0000993,Saritha Goud,F,69,,Kohir,Zaheerabad,Sangareddy,2026-04-07,FAC024,Dizziness,Fever/Infection,Audio,12,Yes,No,Yes,21,6.4,Urdu,Poor,Completed
TC0001286,TEP0000994,Kiran Goud,M,60,9692359903,VELPULA,Midjil,Mahabubnagar,2026-04-01,FAC009,Dizziness,Dermatology,Audio,24,No,No,Yes,30,4.2,Telugu,Good,Completed
TC0001287,TEP0000994,Kiran Goud,M,61,9692359903,Velpula,Midjil,Mahabubnagar,2026-05-05,FAC009,Body pain,Other,Audio,19,No,Yes,Yes,14,4.2,Telugu,Poor,Completed
TC0001288,TEP0000995,Bhavani Goud,F,46,9048455008,Kondamallepally,Devarakonda,Nalgonda,2026-03-14,FAC012,Skin complaint,Diabetes,Video,11,Yes,Yes,Yes,30,19.6,Telugu,Good,Completed
TC0001289,TEP0000996,Kavitha Naik,F,31,9297228596,Zaheerabad,Zaheerabad,Sangareddy,2026-01-17,FAC023,Dizziness,Hypertension,Audio,24,Yes,Yes,Yes,14,17.3,Telugu,Fair,Completed
TC0001290,TEP0000997,Harika Laxman,F,57,9943733103,Kondamallepally,Devarakonda,Nalgonda,2026-03-07,FAC012,Body pain,Fever/Infection,Assisted video,23,Yes,No,Yes,30,19.6,Telugu,Good,Completed
TC0001291,TEP0000997,Harika Laxman,F,55,9943733103,Kondamallepally,Devarakonda,Nalgonda,2026-08-06,FAC012,Abdominal discomfort,Other,Audio,18,Yes,No,No,,19.6,Telugu,Fair,Completed
TC0001292,TEP0000998,Rani Reddy,F,62,9221134844,Marrur,Nakrekal,Nalgonda,2026-05-13,FAC016,Abdominal discomfort,Musculoskeletal,Assisted video,21,Yes,No,Yes,21,36.5,Telugu,Good,Completed
TC0001293,TEP0000999,Swathi Goud,F,30,9720393259,Marrur,Nakrekal,Nalgonda,2026-07-10,FAC017,Abdominal discomfort,Respiratory,Assisted video,14,Yes,No,No,,25.8,Telugu,Poor,Completed
TC0001294,TEP0000999,Swathi Goud,F,30,9720393259,Marrur,Nakrekal,Nalgonda,2026-08-10,FAC018,Abdominal discomfort,Other,Assisted video,10,Yes,Yes,No,,6.7,Telugu,Poor,Completed
TC0001295,TEP0001000,Padma Narsimha,F,39,9120520615,MIDJIL,Midjil,Mahabubnagar,2026-05-16,FAC008,Cough,Fever/Infection,Video,14,Yes,Yes,Yes,7,11.3,Urdu,Fair,Completed
TC0001296,TEP0001001,Shobha Das,F,31,9982998273,Kalher,Narayankhed,Sangareddy,2026-05-15,FAC019,Dizziness,Gastrointestinal,Video,11,Yes,No,No,,24.9,Telugu,Poor,Completed
TC0001297,TEP0001002,Lalitha Goud,F,86,9533478392,Devarakonda,Devarakonda,Nalgonda,2026-03-09,FAC010,Headache,Diabetes,Assisted video,23,Yes,Yes,Yes,7,22.8,Urdu,Good,Completed
TC0001298,TEP0001003,Naresh Patel,M,50,,Kondamallepally,Devarakonda,Nalgonda,2026-07-20,FAC012,Dizziness,Musculoskeletal,Video,23,No,Yes,Yes,21,19.6,Telugu,Fair,Completed
TC0001299,TEP0001003,Naresh Patel,M,50,9724463954,Kondamallepally,Devarakonda,Nalgonda,2026-08-10,FAC011,Routine NCD review,Fever/Infection,Assisted video,10,No,No,Yes,7,25.7,Telugu,Poor,Completed
TC0001300,TEP0001004,Venkatesh,M,45,9820257919,Midjil,Midjil,Mahabubnagar,2026-01-07,FAC009,Headache,Fever/Infection,Audio,10,Yes,No,Yes,14,19.5,Urdu,Fair,Completed
TC0001301,TEP0001004,Venkatesh Begum,M,44,+91-98202-57919,Midjil,Midjil,Mahabubnagar,2026-03-05,FAC008,Body pain,Hypertension,Audio,10,Yes,No,Yes,7,11.3,Urdu,Good,Completed
TC0001302,TEP0001005,Laksmi Mallaiah,F,43,9363846590,Nomula,Nakrekal,Nalgonda,2026-03-07,FAC018,Routine NCD review,Hypertension+Diabetes,Audio,11,No,Yes,Yes,7,2.2,Telugu,Fair,Completed
TC0001303,TEP0001005,Lakshmi,F,40,9363866590,NOMULA,Nakrekal,Nalgonda,2026-04-13,FAC017,Abdominal discomfort,Hypertension+Diabetes,Assisted video,21,Yes,Yes,Yes,21,29.9,Telugu,Poor,Completed
TC0001304,TEP0001006,Jyothi Jangam,F,59,9172004667,Macharam,Jadcherla,Mahabubnagar,2026-04-06,FAC003,Cough,Dermatology,Video,12,Yes,Yes,No,,12.8,Telugu,Good,Completed
TC0001305,TEP0001007,Raghav Chary,M,28,,Donur,Midjil,Mahabubnagar,2026-03-16,FAC007,Dizziness,Other,Audio,12,Yes,No,Yes,14,23.7,Urdu,Fair,Completed
TC0001306,TEP0001008,Aneetha Devi,F,50,9607140129,Nermata,Chandur,Nalgonda,2026-03-24,FAC014,Cough,Dermatology,Video,18,Yes,No,No,,19.2,Telugu,Poor,Completed
TC0001307,TEP0001008,Aneetha Devi,F,49,9607140129,Nermata,Chandur,Nalgonda,2026-04-17,FAC013,Abdominal discomfort,Fever/Infection,Video,18,Yes,No,No,,19.7,Telugu,Good,Completed
TC0001308,TEP0001009,Raghav,M,34,9963568115,Kalher,Narayankhed,Sangareddy,2026-06-21,FAC020,Body pain,Dermatology,Audio,7,Yes,No,No,,29.6,Telugu,Poor,Completed
TC0001309,TEP0001010,Nirmala Goud,F,43,9301822503,Mangalapally,Nakrekal,Nalgonda,2026-05-12,FAC016,Cough,Diabetes,Audio,21,Yes,No,Yes,7,4.1,Telugu,Fair,Completed
TC0001310,TEP0001011,Shobha Devi,F,23,9134417757,Peddadinne,Devarakonda,Nalgonda,2026-04-05,FAC012,Headache,Musculoskeletal,Audio,9,Yes,No,No,,6.6,Telugu,Good,Completed
TC0001311,TEP0001011,Shobha Devi,F,20,+91-91344-17757,Peddadinne,Devarakonda,Nalgonda,2026-05-08,FAC010,Skin complaint,Respiratory,Assisted video,19,Yes,No,Yes,14,7.4,Telugu,Good,Completed
TC0001312,TEP0001012,Anjali Laxman,F,67,9535135318,Kohir,Zaheerabad,Sangareddy,2026-08-10,FAC022,Abdominal discomfort,Other,Audio,21,Yes,No,Yes,14,3.6,Telugu,Fair,Completed
TC0001313,TEP0001013,Raju Naik,M,30,,Manoor,Narayankhed,Sangareddy,2026-06-24,FAC019,Cough,Dermatology,Video,7,No,Yes,Yes,30,33.3,Telugu,Poor,Completed
TC0001314,TEP0001014,Anil Kumar,M,55,+91-93216-23547,Kalher,Narayankhed,Sangareddy,2026-08-13,FAC020,Fever,Hypertension,Assisted video,21,Yes,Yes,Yes,7,29.6,Urdu,Good,Completed
TC0001315,TEP0001015,Vinod Narsimha,M,70,9347979559,Devarakonda,Devarakonda,Nalgonda,2026-07-31,FAC012,Fever,Dermatology,Assisted video,20,Yes,No,Yes,7,22.1,Telugu,Fair,Completed
TC0001316,TEP0001016,Kavitha Begum,F,49,9121725730,Gundlapally,Devarakonda,Nalgonda,2026-05-05,FAC010,Body pain,Other,Audio,11,Yes,No,No,,26.3,English,Poor,Completed
TC0001317,TEP0001016,Kavitha Begum,F,49,+91-91217-25730,Gundlapally,Devarakonda,Nalgonda,2026-06-15,FAC011,Routine NCD review,Gastrointestinal,Audio,8,Yes,No,No,,29.4,English,Poor,Completed
TC0001318,TEP0001017,Srilatha Laxman,F,55,9576396449,Donur,Midjil,Mahabubnagar,2026-08-15,FAC008,Cough,Hypertension,Video,12,Yes,No,Yes,14,9.4,English,Fair,Completed
TC0001319,TEP0001018,Venkatesh Das,M,60,9628539316,Indresham,Patancheru,Sangareddy,2026-01-07,FAC027,Fever,Fever/Infection,Assisted video,10,Yes,No,No,,22.3,Telugu,Poor,Completed
TC0001320,TEP0001019,Srilatha Goud,F,61,9253053919,Balanagar,Balanagar,Mahabubnagar,2026-03-26,FAC006,Cough,Hypertension,Audio,11,Yes,No,Yes,7,1.4,Telugu,Fair,Completed
TC0001321,TEP0001020,Kiran Rao,M,57,,Kangti,Narayankhed,Sangareddy,2026-03-13,FAC020,Headache,Diabetes,Audio,18,No,No,Yes,21,11.9,Telugu,Fair,Completed
TC0001322,TEP0001021,Suresh Naik,M,42,9335547667,Kummarikunta,Chandur,Nalgonda,2026-04-30,FAC015,Headache,Fever/Infection,Audio,19,Yes,No,No,,26.6,Telugu,Good,Completed
TC0001323,TEP0001021,Suresh Naik,M,42,9335547667,Kummarikunta,Chandur,Nalgonda,2026-06-30,FAC014,Fever,Fever/Infection,Video,8,Yes,No,Yes,7,7.3,Telugu,Poor,Completed
TC0001324,TEP0001021,Sures Naik,M,40,9335547667,Kummarikunta,Chandur,Nalgonda,2026-08-10,FAC015,Routine NCD review,Other,Audio,10,Yes,No,No,,26.6,Telugu,Fair,Completed
TC0001325,TEP0001022,Ravi Jangam,M,19,9479082873,Badepalli,Jadcherla,Mahabubnagar,2026-03-30,FAC002,Skin complaint,Diabetes,Video,22,Yes,No,Yes,14,19.9,Telugu,Poor,Completed
TC0001326,TEP0001023,Mahesh Narsimha,M,24,9467311237,POLEPALLY,Jadcherla,Mahabubnagar,2026-01-13,FAC002,Dizziness,Other,Audio,18,No,No,Yes,30,8.3,Telugu,Good,Completed
TC0001327,TEP0001024,Anitha Mudiraj,F,64,+91-95354-18416,Kangti,Narayankhed,Sangareddy,2026-04-26,FAC021,Abdominal discomfort,Hypertension,Audio,23,No,No,Yes,14,27.8,Telugu,Good,Completed
TC0001328,TEP0001025,Raghav Rao,M,41,9611293768,Gangapur,Jadcherla,Mahabubnagar,2026-07-28,FAC003,Body pain,Musculoskeletal,Video,23,Yes,Yes,Yes,14,26.4,Urdu,Good,Completed
TC0001329,TEP0001026,Ravi Patel,M,66,9339964358,Bangarigadda,Chandur,Nalgonda,2026-02-23,FAC013,Cough,Diabetes,Video,21,Yes,No,Yes,21,16.9,Telugu,Fair,Completed
TC0001330,TEP0001026,Ravi Patel,M,67,9339964358,Bangarigadda,Chandur,Nalgonda,2026-05-23,FAC015,Fever,Diabetes,Audio,22,Yes,Yes,Yes,30,18.0,Telugu,Good,Completed
TC0001331,TEP0001027,Nirmala Kumar,F,37,+91-95546-50127,Gangapur,Jadcherla,Mahabubnagar,2026-02-20,FAC001,Fever,Other,Assisted video,17,Yes,No,Yes,7,20.2,Telugu,Good,Completed
TC0001332,TEP0001028,Rani Krishna,F,42,9524097654,Mangalapally,Nakrekal,Nalgonda,2026-05-07,FAC017,Headache,Gastrointestinal,Audio,16,Yes,No,No,,21.1,Telugu,Good,Completed
TC0001333,TEP0001029,Lalitha Khan,F,45,9559056370,MIDJIL,Midjil,Mahabubnagar,2026-04-25,FAC008,Cough,Other,Video,21,Yes,No,Yes,30,11.3,Telugu,Good,Completed
TC0001334,TEP0001030,Vinod Chary,M,58,9354564486,Kohir,Zaheerabad,Sangareddy,2026-05-29,FAC024,Headache,Other,Assisted video,23,Yes,No,Yes,21,6.4,Telugu,Poor,Completed
TC0001335,TEP0001030,Veenod Chary,M,58,9354564486,Kohir,Zaheerabad,Sangareddy,2026-07-20,FAC022,Fever,Musculoskeletal,Video,7,Yes,No,No,,3.6,Telugu,Good,Completed
TC0001336,TEP0001031,Harika Mudiraj,F,34,9157066813,Bhanur,Patancheru,Sangareddy,2026-08-04,FAC025,Dizziness,Dermatology,Assisted video,8,Yes,Yes,No,,18.7,Telugu,Poor,Completed
TC0001337,TEP0001032,Bhavani Naik,F,73,9914093523,Jharasangam,Zaheerabad,Sangareddy,2026-07-03,FAC022,Dizziness,Musculoskeletal,Assisted video,24,Yes,No,Yes,21,5.6,Urdu,Fair,Completed
TC0001338,TEP0001033,Bhavani Devi,F,18,9307024516,Kohir,Zaheerabad,Sangareddy,2026-04-28,FAC022,Skin complaint,Diabetes,Assisted video,17,Yes,No,Yes,7,3.6,Telugu,Good,Completed
TC0001339,TEP0001034,Bhavani Mudiraj,F,62,9697705590,Narayankhed,Narayankhed,Sangareddy,2026-06-27,FAC021,Fever,Diabetes,Assisted video,17,Yes,No,Yes,21,7.0,Telugu,Fair,Completed
TC0001340,TEP0001034,Bhavani Mudiraj,F,63,9697705490,Narayankhed,Narayankhed,Sangareddy,2026-08-14,FAC019,Skin complaint,Diabetes,Audio,13,Yes,Yes,No,,28.2,Telugu,Poor,Completed
TC0001341,TEP0001035,Mahesh,M,52,9770766433,Velpula,Midjil,Mahabubnagar,2026-03-20,FAC009,Fever,Other,Assisted video,9,Yes,Yes,No,,4.2,Urdu,Fair,Completed
TC0001342,TEP0001035,Mahesh Chary,M,53,+91-97707-66433,Velpula,Midjil,Mahabubnagar,2026-04-11,FAC007,Headache,Other,Assisted video,16,Yes,No,Yes,7,17.9,Urdu,Fair,Completed
TC0001343,TEP0001036,Srinivas Rao,M,49,9215808523,Macharam,Jadcherla,Mahabubnagar,2026-06-19,FAC001,Routine NCD review,Other,Audio,20,Yes,Yes,Yes,14,17.2,Telugu,Good,Completed
TC0001344,TEP0001037,Bhavani Mallaiah,F,18,9243518598,Jharasangam,Zaheerabad,Sangareddy,2026-05-19,FAC024,Skin complaint,Dermatology,Audio,23,Yes,Yes,No,,2.6,Telugu,Fair,Completed
TC0001345,TEP0001037,Bhavani Mallaiah,F,18,9243518598,Jharasangam,Zaheerabad,Sangareddy,2026-07-17,FAC024,Skin complaint,Musculoskeletal,Video,13,No,No,No,,2.6,Telugu,Good,Completed
TC0001346,TEP0001038,Renuka Laxman,F,39,9150531279,Kallepally,Balanagar,Mahabubnagar,2026-05-20,FAC004,Dizziness,Gastrointestinal,Video,16,Yes,No,Yes,30,26.4,Telugu,Fair,Completed
TC0001347,TEP0001039,Sushma Begum,F,35,9382102414,Zaheerabad,Zaheerabad,Sangareddy,2026-07-29,FAC024,Cough,Diabetes,Video,12,Yes,Yes,No,,28.3,Telugu,Poor,Completed
TC0001348,TEP0001040,Srilatha Devi,F,47,9793917855,Mogudampally,Zaheerabad,Sangareddy,2026-06-07,FAC022,Dizziness,Dermatology,Audio,17,No,Yes,Yes,7,13.2,Telugu,Poor,Completed
TC0001349,TEP0001040,Srilatha Devi,F,47,9793911855,MOGUDAMPALLY,Zaheerabad,Sangareddy,2026-06-28,FAC023,Fever,Other,Video,17,No,No,Yes,14,22.3,Telugu,Poor,Completed
TC0001350,TEP0001041,Deepika Chary,F,74,9261224985,Devarakonda,Devarakonda,Nalgonda,2026-01-31,FAC012,Cough,Diabetes,Assisted video,11,No,No,No,,22.1,Telugu,Poor,Completed
TC0001351,TEP0001041,Deepika,F,74,9261224985,Devarakonda,Devarakonda,Nalgonda,2026-04-23,FAC011,Cough,Dermatology,Video,14,No,No,Yes,14,29.2,Telugu,Good,Completed
TC0001352,TEP0001041,Deepika Chary,F,73,9261224985,Devarakonda,Devarakonda,Nalgonda,2026-06-30,FAC011,Dizziness,Diabetes,Video,13,Yes,No,Yes,30,29.2,Telugu,Fair,Completed
TC0001353,TEP0001042,Ramesh Mallaiah,M,64,9767295621,Peddadinne,Devarakonda,Nalgonda,2026-03-25,FAC010,Routine NCD review,Hypertension,Video,17,No,Yes,Yes,30,7.4,Urdu,Poor,Completed
TC0001354,TEP0001043,Rajesh,M,46,,Kohir,Zaheerabad,Sangareddy,2026-04-17,FAC022,Dizziness,Diabetes,Audio,12,No,No,No,,3.6,English,Poor,Completed
TC0001355,TEP0001044,Naveen Narsimha,M,54,9166704940,Rajapur,Balanagar,Mahabubnagar,2026-07-09,FAC004,Cough,Other,Video,13,Yes,Yes,No,,13.9,Telugu,Fair,Completed
TC0001356,TEP0001045,Arun Khan,M,49,9790506458,Kummarikunta,Chandur,Nalgonda,2026-02-10,FAC013,Fever,Other,Audio,7,No,No,Yes,30,6.5,Telugu,Fair,Completed
TC0001357,TEP0001046,Srilatha Rao,F,62,9484713949,Velpula,Midjil,Mahabubnagar,2026-03-25,FAC009,Cough,Fever/Infection,Video,13,No,No,Yes,21,4.2,Telugu,Fair,Completed
TC0001358,TEP0001047,Srinivas Mudiraj,M,47,,Nermata,Chandur,Nalgonda,2026-01-02,FAC015,Dizziness,Hypertension,Assisted video,18,No,Yes,No,,22.4,Telugu,Fair,Completed
TC0001359,TEP0001047,Srinivas Mudiraj,M,45,9706917346,Nermata,Chandur,Nalgonda,2026-08-15,FAC015,Body pain,Hypertension,Video,9,No,No,Yes,14,22.4,Telugu,Poor,Completed
TC0001360,TEP0001048,Mounika Mallaiah,F,79,9587633967,Nakrekal,Nakrekal,Nalgonda,2026-05-08,FAC018,Cough,Other,Assisted video,22,Yes,No,No,,16.2,Telugu,Good,Completed
TC0001361,TEP0001048,Mounika Mallaiah,F,82,9587633967,Nakrekal,Nakrekal,Nalgonda,2026-06-09,FAC018,Routine NCD review,Hypertension,Assisted video,10,Yes,No,No,,16.2,Telugu,Good,Completed
TC0001362,TEP0001049,Sushma Laxman,F,77,9367042220,RAJAPUR,Balanagar,Mahabubnagar,2026-04-09,FAC004,Skin complaint,Musculoskeletal,Assisted video,21,Yes,No,No,,13.9,Urdu,Good,Completed
TC0001363,TEP0001050,Ravi Laxman,M,71,,Narayankhed,Narayankhed,Sangareddy,2026-07-07,FAC019,Dizziness,Other,Assisted video,10,Yes,No,Yes,30,28.2,Telugu,Poor,Completed
TC0001364,TEP0001051,Lalitha Mallaiah,F,78,9854579507,Donur,Midjil,Mahabubnagar,2026-02-16,FAC009,Routine NCD review,Musculoskeletal,Audio,11,Yes,No,Yes,14,14.1,Telugu,Fair,Completed
TC0001365,TEP0001051,Lalitha Mallaiah,F,80,9854579507,Donur,Midjil,Mahabubnagar,2026-07-02,FAC009,Cough,Other,Assisted video,19,Yes,No,Yes,30,14.1,Telugu,Poor,Completed
TC0001366,TEP0001051,Laleetha Mallaiah,F,80,9854579507,Donur,Midjil,Mahabubnagar,2026-07-27,FAC007,Cough,Dermatology,Audio,17,Yes,Yes,No,,23.7,Telugu,Fair,Completed
TC0001367,TEP0001052,Naresh Naeek,M,34,9362576187,Rajapur,Balanagar,Mahabubnagar,2026-03-03,FAC005,Dizziness,Musculoskeletal,Audio,7,Yes,Yes,No,,12.6,Telugu,Good,Completed
TC0001368,TEP0001053,Kirn Yadav,M,39,9964461349,Jharasangam,Zaheerabad,Sangareddy,2026-08-02,FAC024,Dizziness,Dermatology,Assisted video,8,No,No,Yes,14,2.6,Telugu,Good,Completed
TC0001369,TEP0001054,Shobha Reddy,F,60,9986846502,Velpula,Midjil,Mahabubnagar,2026-04-22,FAC009,Body pain,Respiratory,Video,19,Yes,No,No,,4.2,Telugu,Good,Completed
TC0001370,TEP0001055,Ramesh Reddy,M,18,+91-90234-50959,KANGTI,Narayankhed,Sangareddy,2026-03-07,FAC020,Headache,Gastrointestinal,Assisted video,16,Yes,No,No,,11.9,Telugu,Poor,Completed
TC0001371,TEP0001056,Suresh Patel,M,31,9602241507,Nomula,Nakrekal,Nalgonda,2026-06-22,FAC016,Cough,Other,Video,16,Yes,Yes,Yes,14,36.1,Telugu,Good,Completed
TC0001372,TEP0001057,Mounika Devi,F,18,9857629661,JHARASANGAM,Zaheerabad,Sangareddy,2026-01-14,FAC022,Body pain,Other,Video,16,Yes,No,Yes,7,5.6,Telugu,Fair,Completed
TC0001373,TEP0001058,Saritha Goud,F,41,9918975398,Nomula,Nakrekal,Nalgonda,2026-07-15,FAC017,Body pain,Other,Assisted video,12,Yes,No,No,,29.9,Telugu,Fair,Completed
TC0001374,TEP0001059,Padma Naik,F,30,+91-91732-79971,Marrur,Nakrekal,Nalgonda,2026-06-09,FAC018,Skin complaint,Fever/Infection,Audio,10,Yes,No,Yes,30,6.7,Telugu,Good,Completed
TC0001375,TEP0001060,Lakshmi Reddy,F,51,+91-97289-44721,Kohir,Zaheerabad,Sangareddy,2026-07-20,FAC024,Dizziness,Musculoskeletal,Audio,18,Yes,No,Yes,30,6.4,Telugu,Fair,Completed
TC0001376,TEP0001061,Venkatesh Basha,M,88,9203214288,Kohir,Zaheerabad,Sangareddy,2026-03-20,FAC022,Fever,Hypertension+Diabetes,Assisted video,11,Yes,Yes,Yes,21,3.6,Telugu,Good,Completed
TC0001377,TEP0001062,Ravi Naik,M,52,9118175589,Nermata,Chandur,Nalgonda,2026-08-02,FAC014,Dizziness,Dermatology,Audio,15,Yes,No,No,,19.2,Telugu,Good,Completed
TC0001378,TEP0001063,Swathi Rao,F,80,+91-93807-63817,ZAHEERABAD,Zaheerabad,Sangareddy,2026-01-13,FAC024,Routine NCD review,Dermatology,Assisted video,23,Yes,No,Yes,7,28.3,Telugu,Poor,Completed
TC0001379,TEP0001063,Swathi Rao,F,80,+91-93807-63817,Zaheerabad,Zaheerabad,Sangareddy,2026-06-07,FAC023,Abdominal discomfort,Gastrointestinal,Video,21,Yes,Yes,Yes,7,17.3,Telugu,Good,Completed
TC0001380,TEP0001064,Jyothi Naik,F,55,9165228618,Kohir,Zaheerabad,Sangareddy,2026-03-21,FAC023,Cough,Musculoskeletal,Video,20,No,No,No,,15.7,Telugu,Poor,Completed
TC0001381,TEP0001064,Jyothi Naik,F,54,9165228618,Kohir,Zaheerabad,Sangareddy,2026-04-14,FAC023,Fever,Hypertension,Video,13,Yes,Yes,Yes,14,15.7,Telugu,Good,Completed
TC0001382,TEP0001065,Divya Devi,F,60,,Velpula,Midjil,Mahabubnagar,2026-08-09,FAC007,Dizziness,Other,Assisted video,22,No,Yes,Yes,30,17.9,Urdu,Poor,Completed
TC0001383,TEP0001066,Nirmala Devi,F,42,9116944434,Patancheru,Patancheru,Sangareddy,2026-02-12,FAC027,Body pain,Gastrointestinal,Assisted video,19,No,Yes,No,,36.3,Telugu,Good,Completed
TC0001384,TEP0001067,Harika Begum,F,39,9057894182,Mangalapally,Nakrekal,Nalgonda,2026-03-29,FAC016,Skin complaint,Gastrointestinal,Video,19,Yes,Yes,Yes,7,4.1,Telugu,Poor,Completed
TC0001385,TEP0001067,Harika Begum,F,40,9057894182,MANGALAPALLY,Nakrekal,Nalgonda,2026-05-12,FAC016,Dizziness,Respiratory,Assisted video,24,Yes,No,Yes,7,4.1,Telugu,Good,Completed
TC0001386,TEP0001067,Harika Begum,F,39,9057894182,Mangalapally,Nakrekal,Nalgonda,2026-07-08,FAC017,Abdominal discomfort,Dermatology,Audio,9,Yes,No,No,,21.1,Telugu,Poor,Completed
TC0001387,TEP0001068,Vinod Das,M,27,9908347790,Kangti,Narayankhed,Sangareddy,2026-01-22,FAC021,Headache,Diabetes,Audio,17,Yes,Yes,Yes,7,27.8,Telugu,Good,Completed
TC0001388,TEP0001069,Renuka Mallaiah,F,44,,NAKREKAL,Nakrekal,Nalgonda,2026-02-28,FAC017,Body pain,Hypertension,Video,10,Yes,Yes,Yes,21,36.5,Telugu,Good,Completed
TC0001389,TEP0001070,Lalitha Devi,F,46,9978997648,Bodajanampet,Balanagar,Mahabubnagar,2026-04-10,FAC005,Fever,Diabetes,Video,7,Yes,No,Yes,30,26.6,Telugu,Fair,Completed
TC0001390,TEP0001071,Anitha Khan,F,23,+91-99268-41423,Rajapur,Balanagar,Mahabubnagar,2026-06-27,FAC006,Fever,Respiratory,Audio,15,No,No,No,,8.7,Telugu,Good,Completed
TC0001391,TEP0001072,Sai Krishna,M,35,9910982024,Jharasangam,Zaheerabad,Sangareddy,2026-05-20,FAC024,Fever,Hypertension+Diabetes,Assisted video,17,Yes,No,Yes,30,2.6,Telugu,Fair,Completed
TC0001392,TEP0001073,Ramesh Goud,M,36,9895173922,Gangapur,Jadcherla,Mahabubnagar,2026-04-23,FAC001,Cough,Gastrointestinal,Audio,23,Yes,No,Yes,7,20.2,Telugu,Fair,Completed
TC0001393,TEP0001074,Sushma Rao,F,79,9438607884,NOMULA,Nakrekal,Nalgonda,2026-02-27,FAC017,Skin complaint,Gastrointestinal,Audio,19,Yes,No,Yes,30,29.9,Telugu,Poor,Completed
TC0001394,TEP0001075,Anjali Jangam,F,71,9225633047,Devarakonda,Devarakonda,Nalgonda,2026-07-09,FAC011,Cough,Fever/Infection,Assisted video,16,No,No,No,,29.2,Telugu,Fair,Completed
TC0001395,TEP0001076,Raju Jangam,M,58,9308084282,Donur,Midjil,Mahabubnagar,2026-03-16,FAC009,Skin complaint,Other,Video,24,No,No,No,,14.1,Telugu,Fair,Completed
TC0001396,TEP0001077,Sai,M,57,,ZAHEERABAD,Zaheerabad,Sangareddy,2026-06-13,FAC024,Body pain,Dermatology,Video,15,No,Yes,No,,28.3,Urdu,Fair,Completed
TC0001397,TEP0001078,Naresh Khan,M,62,9215539693,Marrur,Nakrekal,Nalgonda,2026-06-28,FAC017,Cough,Other,Assisted video,7,Yes,No,No,,25.8,Telugu,Good,Completed
TC0001398,TEP0001079,Srinivas,M,52,9782313558,Kallepally,Balanagar,Mahabubnagar,2026-06-15,FAC005,Body pain,Other,Audio,10,Yes,No,Yes,7,26.2,Telugu,Poor,Completed
TC0001399,TEP0001080,Raghav Begum,M,41,9919950028,Kohir,Zaheerabad,Sangareddy,2026-03-23,FAC022,Cough,Respiratory,Assisted video,23,Yes,No,Yes,30,3.6,Telugu,Poor,Completed
TC0001400,TEP0001080,Rghav Begum,M,41,9919950028,Kohir,Zaheerabad,Sangareddy,2026-07-16,FAC022,Fever,Fever/Infection,Audio,22,Yes,Yes,Yes,7,3.6,Telugu,Poor,Completed
TC0001401,TEP0001081,Shankar Laxman,M,34,9895027470,Gundlapally,Devarakonda,Nalgonda,2026-07-26,FAC010,Routine NCD review,Other,Video,8,Yes,No,Yes,14,26.3,Telugu,Fair,Completed
TC0001402,TEP0001082,Sushma Jangam,F,53,+91-92959-49462,Gundlapally,Devarakonda,Nalgonda,2026-02-12,FAC012,Fever,Other,Assisted video,21,Yes,Yes,No,,25.4,Telugu,Poor,Completed
TC0001403,TEP0001083,Naveen Mudiraj,M,62,9439187489,Manoor,Narayankhed,Sangareddy,2026-04-21,FAC019,Cough,Respiratory,Video,22,Yes,No,Yes,21,33.3,English,Poor,Completed
TC0001404,TEP0001084,Srilatha Kumar,F,39,9571846237,Manoor,Narayankhed,Sangareddy,2026-06-28,FAC021,Dizziness,Hypertension+Diabetes,Assisted video,20,Yes,Yes,Yes,21,15.5,Telugu,Fair,Completed
TC0001405,TEP0001085,Lalitha Laxman,F,52,9224868718,Chandur,Chandur,Nalgonda,2026-04-11,FAC015,Cough,Other,Audio,17,Yes,No,No,,29.7,Telugu,Fair,Completed
TC0001406,TEP0001086,Rajesh Das,M,40,+91-91072-39919,Patancheru,Patancheru,Sangareddy,2026-08-14,FAC025,Cough,Fever/Infection,Video,19,Yes,Yes,Yes,14,25.4,Telugu,Fair,Completed
TC0001407,TEP0001087,Raghav Goud,M,29,9276514449,Manoor,Narayankhed,Sangareddy,2026-06-10,FAC020,Routine NCD review,Hypertension+Diabetes,Audio,11,Yes,No,Yes,7,21.7,Telugu,Poor,Completed
TC0001408,TEP0001087,Raghav Goud,M,28,9276514449,Manoor,Narayankhed,Sangareddy,2026-08-07,FAC019,Fever,Hypertension,Audio,7,Yes,Yes,Yes,21,33.3,Telugu,Good,Completed
TC0001409,TEP0001088,Padma Naik,F,37,9213552463,Velpula,Midjil,Mahabubnagar,2026-04-18,FAC009,Skin complaint,Fever/Infection,Video,10,Yes,No,Yes,14,4.2,Telugu,Poor,Completed
TC0001410,TEP0001089,Lakshmi Shekar,F,36,9840885650,JHARASANGAM,Zaheerabad,Sangareddy,2026-06-26,FAC024,Fever,Hypertension,Assisted video,7,No,Yes,Yes,7,2.6,Telugu,Fair,Completed
TC0001411,TEP0001089,Lakshmi Shekar,F,34,9840885650,Jharasangam,Zaheerabad,Sangareddy,2026-08-08,FAC024,Skin complaint,Hypertension,Video,24,No,Yes,Yes,7,2.6,Telugu,Good,Completed
TC0001412,TEP0001090,Rajesh Khan,M,45,9635005407,NARAYANKHED,Narayankhed,Sangareddy,2026-06-09,FAC021,Body pain,Diabetes,Video,12,Yes,No,Yes,21,7.0,Telugu,Good,Completed
TC0001413,TEP0001090,Rajesh Khan,M,43,,Narayankhed,Narayankhed,Sangareddy,2026-08-09,FAC020,Fever,Other,Audio,12,Yes,No,Yes,30,23.7,Telugu,Poor,Completed
TC0001414,TEP0001091,Rani,F,49,9906388378,Midjil,Midjil,Mahabubnagar,2026-02-26,FAC007,Body pain,Hypertension,Assisted video,10,No,No,Yes,21,7.6,Telugu,Fair,Completed
TC0001415,TEP0001092,Padma Rao,F,58,9411663876,Nomula,Nakrekal,Nalgonda,2026-01-30,FAC018,Cough,Hypertension+Diabetes,Audio,9,Yes,No,Yes,21,2.2,Telugu,Poor,Completed
TC0001416,TEP0001092,Padma Rao,F,59,9411663876,NOMULA,Nakrekal,Nalgonda,2026-02-01,FAC016,Fever,Hypertension,Audio,19,Yes,Yes,No,,36.1,Telugu,Poor,Completed
TC0001417,TEP0001093,Venkatesh Mallaiah,M,33,9225285316,Bhanur,Patancheru,Sangareddy,2026-06-26,FAC025,Abdominal discomfort,Dermatology,Assisted video,23,Yes,No,Yes,7,18.7,Telugu,Fair,Completed
TC0001418,TEP0001094,Srinivas Goud,M,47,9023013447,Indresham,Patancheru,Sangareddy,2026-05-07,FAC026,Abdominal discomfort,Hypertension,Assisted video,20,Yes,Yes,Yes,14,11.5,Telugu,Poor,Completed
TC0001419,TEP0001095,Shankar Chary,M,89,9357174268,Zaheerabad,Zaheerabad,Sangareddy,2026-04-22,FAC023,Headache,Musculoskeletal,Audio,13,No,No,Yes,21,17.3,Telugu,Poor,Completed
TC0001420,TEP0001096,Mohan Jangam,M,48,9428302184,Gundlapally,Devarakonda,Nalgonda,2026-01-19,FAC012,Cough,Musculoskeletal,Assisted video,9,Yes,No,Yes,30,25.4,Telugu,Good,Completed
TC0001421,TEP0001097,Deepika Naik,F,72,9839875649,Devarakonda,Devarakonda,Nalgonda,2026-03-05,FAC011,Abdominal discomfort,Other,Audio,19,Yes,No,Yes,14,29.2,Urdu,Good,Completed
TC0001422,TEP0001098,Kavitha Das,F,67,9719480043,Balanagar,Balanagar,Mahabubnagar,2026-04-26,FAC006,Headache,Hypertension,Video,20,Yes,Yes,Yes,7,1.4,Telugu,Good,Completed
TC0001423,TEP0001099,Bhawani Mallaiah,F,63,9345058375,Gangapur,Jadcherla,Mahabubnagar,2026-04-04,FAC002,Headache,Hypertension,Assisted video,24,Yes,No,No,,38.9,Telugu,Fair,Completed
TC0001424,TEP0001100,Srinivas Begum,M,44,9470219679,Manoor,Narayankhed,Sangareddy,2026-03-11,FAC019,Cough,Fever/Infection,Assisted video,23,Yes,No,Yes,14,33.3,Telugu,Poor,Completed
TC0001425,TEP0001100,Sreenivas Begum,M,46,9470219679,Manoor,Narayankhed,Sangareddy,2026-04-15,FAC021,Fever,Diabetes,Audio,10,Yes,Yes,Yes,21,15.5,Telugu,Good,Completed
TC0001426,TEP0001100,Sriniwas Begum,M,46,9470219679,MANOOR,Narayankhed,Sangareddy,2026-06-09,FAC020,Fever,Diabetes,Video,22,No,No,Yes,21,21.7,Telugu,Fair,Completed
TC0001427,TEP0001101,Mounika Basha,F,52,9651509753,Gangapur,Jadcherla,Mahabubnagar,2026-02-21,FAC001,Skin complaint,Respiratory,Audio,16,Yes,No,Yes,30,20.2,Telugu,Poor,Completed
TC0001428,TEP0001102,Praveen Goud,M,61,9060644742,Polepall,Jadcherla,Mahabubnagar,2026-02-20,FAC002,Body pain,Hypertension,Assisted video,24,Yes,No,Yes,7,8.3,Telugu,Poor,Completed
TC0001429,TEP0001102,Praveen Goud,M,59,9060644742,Polepally,Jadcherla,Mahabubnagar,2026-03-23,FAC001,Body pain,Musculoskeletal,Assisted video,16,Yes,No,Yes,14,25.4,Telugu,Fair,Completed
TC0001430,TEP0001103,Anitha Narsimha,F,50,9758999402,Ameenpur,Patancheru,Sangareddy,2026-03-06,FAC026,Cough,Fever/Infection,Audio,14,Yes,No,Yes,30,9.7,Telugu,Good,Completed
TC0001431,TEP0001104,Rani Mudiraj,F,31,9659194943,Gundlapally,Devarakonda,Nalgonda,2026-04-21,FAC010,Body pain,Musculoskeletal,Video,12,No,Yes,No,,26.3,Telugu,Poor,Completed
TC0001432,TEP0001105,Praveen Naik,M,40,9719540505,Midjil,Midjil,Mahabubnagar,2026-01-17,FAC008,Fever,Hypertension,Assisted video,10,No,Yes,No,,11.3,Telugu,Fair,Completed
TC0001433,TEP0001105,Praveen Naik,M,40,+91-97195-40505,Midjil,Midjil,Mahabubnagar,2026-03-10,FAC009,Body pain,Fever/Infection,Video,14,Yes,No,Yes,7,19.5,Telugu,Poor,Completed
TC0001434,TEP0001106,Lalita Naik,F,32,9994933414,Indresham,Patancheru,Sangareddy,2026-08-15,FAC026,Dizziness,Hypertension,Audio,13,Yes,Yes,Yes,7,11.5,English,Poor,Completed
TC0001435,TEP0001107,Renuka Basha,F,71,9201876366,Bangarigadda,Chandur,Nalgonda,2026-04-19,FAC013,Fever,Fever/Infection,Audio,12,Yes,Yes,Yes,7,16.9,English,Poor,Completed
TC0001436,TEP0001108,Sushma Krishna,F,33,9759933240,Bodajanampet,Balanagar,Mahabubnagar,2026-08-02,FAC005,Dizziness,Musculoskeletal,Assisted video,19,Yes,Yes,Yes,14,26.6,Telugu,Poor,Completed
TC0001437,TEP0001109,Nirmala,F,19,9201442909,Polepally,Jadcherla,Mahabubnagar,2026-03-08,FAC002,Routine NCD review,Fever/Infection,Assisted video,24,Yes,Yes,Yes,30,8.3,Telugu,Poor,Completed
TC0001438,TEP0001110,Ravi Rao,M,49,,Zaheerabad,Zaheerabad,Sangareddy,2026-02-15,FAC022,Body pain,Hypertension,Assisted video,13,Yes,No,Yes,30,25.3,Telugu,Fair,Completed
TC0001439,TEP0001111,Srinivas Mallaiah,M,50,9347774201,Macharam,Jadcherla,Mahabubnagar,2026-02-20,FAC003,Cough,Hypertension+Diabetes,Audio,24,Yes,No,No,,12.8,Telugu,Poor,Completed
TC0001440,TEP0001112,Lalitha Devi,F,54,,Devarakonda,Devarakonda,Nalgonda,2026-04-01,FAC011,Skin complaint,Other,Assisted video,14,No,No,Yes,7,29.2,Telugu,Fair,Completed
TC0001441,TEP0001113,Mohan Narsimha,M,69,+91-92080-98080,Rajapur,Balanagar,Mahabubnagar,2026-04-13,FAC004,Headache,Musculoskeletal,Assisted video,11,Yes,No,Yes,14,13.9,Telugu,Fair,Completed
TC0001442,TEP0001114,Venktesh Patel,M,77,9227295226,Mogudampally,Zaheerabad,Sangareddy,2026-06-11,FAC023,Routine NCD review,Respiratory,Assisted video,24,Yes,No,Yes,21,22.3,English,Poor,Completed
TC0001443,TEP0001115,Padma Naik,F,56,9545809902,Narayankhed,Narayankhed,Sangareddy,2026-02-09,FAC021,Body pain,Hypertension,Assisted video,10,No,No,Yes,7,7.0,Telugu,Fair,Completed
TC0001444,TEP0001116,Sai,M,44,9328241990,Donur,Midjil,Mahabubnagar,2026-07-04,FAC007,Body pain,Other,Audio,22,Yes,Yes,Yes,21,23.7,Telugu,Fair,Completed
TC0001445,TEP0001117,Santos Laxman,M,61,,KONDAMALLEPALLY,Devarakonda,Nalgonda,2026-07-04,FAC011,Abdominal discomfort,Diabetes,Assisted video,24,Yes,No,Yes,7,25.7,Urdu,Fair,Completed
TC0001446,TEP0001118,Shankar Goud,M,44,9112698396,Indresham,Patancheru,Sangareddy,2026-03-01,FAC027,Skin complaint,Musculoskeletal,Audio,16,Yes,No,No,,22.3,Telugu,Fair,Completed
TC0001447,TEP0001118,Shankar Goud,M,45,9112698396,Indresham,Patancheru,Sangareddy,2026-08-15,FAC025,Routine NCD review,Hypertension,Video,15,No,Yes,Yes,21,19.2,Telugu,Good,Completed
TC0001448,TEP0001119,Lakshmi Naik,F,81,9043508505,Gundlapally,Devarakonda,Nalgonda,2026-07-15,FAC012,Abdominal discomfort,Hypertension,Video,15,Yes,Yes,Yes,14,25.4,Telugu,Good,Completed
TC0001449,TEP0001120,Rani Reddy,F,75,9074226389,Vemula,Midjil,Mahabubnagar,2026-01-23,FAC009,Routine NCD review,Diabetes,Video,24,Yes,Yes,Yes,21,7.3,Telugu,Good,Completed
TC0001450,TEP0001121,Naveen Shekar,M,47,9966229154,JHARASANGAM,Zaheerabad,Sangareddy,2026-06-24,FAC023,Fever,Hypertension+Diabetes,Video,22,Yes,Yes,Yes,21,18.7,Telugu,Fair,Completed
TC0001451,TEP0001121,Naveen Shekar,M,46,9966229154,Jharasangam,Zaheerabad,Sangareddy,2026-07-29,FAC022,Cough,Hypertension+Diabetes,Video,11,Yes,Yes,No,,5.6,Telugu,Good,Completed
TC0001452,TEP0001122,Raju Yadav,M,42,9192520999,Kalher,Narayankhed,Sangareddy,2026-06-14,FAC020,Cough,Hypertension,Audio,9,Yes,Yes,Yes,14,29.6,Telugu,Poor,Completed
TC0001453,TEP0001122,Raju Yadav,M,42,+91-91925-20999,Kalher,Narayankhed,Sangareddy,2026-07-08,FAC021,Headache,Hypertension,Assisted video,14,Yes,Yes,Yes,7,22.9,Telugu,Poor,Completed
TC0001454,TEP0001123,Rajesh Basha,M,66,9901617924,Nermata,Chandur,Nalgonda,2026-07-12,FAC015,Skin complaint,Musculoskeletal,Video,14,Yes,Yes,No,,22.4,Telugu,Poor,Completed
TC0001455,TEP0001124,Srinivas Mudiraj,M,18,9732567264,Macharam,Jadcherla,Mahabubnagar,2026-01-13,FAC002,Dizziness,Other,Assisted video,8,Yes,No,No,,29.4,Telugu,Fair,Completed
TC0001456,TEP0001125,Kiran Rao,M,52,9077688344,Manoor,Narayankhed,Sangareddy,2026-02-01,FAC020,Headache,Hypertension+Diabetes,Video,14,Yes,No,Yes,30,21.7,Telugu,Good,Completed
TC0001457,TEP0001126,Saritha Mudiraj,F,20,9305627851,Indresham,Patancheru,Sangareddy,2026-04-08,FAC027,Body pain,Respiratory,Audio,7,No,Yes,Yes,14,22.3,Telugu,Poor,Completed
TC0001458,TEP0001126,Saritha Mudiraj,F,18,,Indresham,Patancheru,Sangareddy,2026-04-18,FAC025,Headache,Respiratory,Assisted video,16,Yes,No,Yes,30,19.2,Telugu,Fair,Completed
TC0001459,TEP0001127,Raghav Shekar,M,32,9747177837,Badepally,Jadcherla,Mahabubnagar,2026-05-23,FAC003,Fever,Diabetes,Video,8,Yes,Yes,Yes,7,5.1,Telugu,Fair,Completed
TC0001460,TEP0001128,Mahesh Mallaiah,M,72,9933034972,MIDJIL,Midjil,Mahabubnagar,2026-01-30,FAC008,Cough,Hypertension,Audio,16,No,Yes,Yes,14,11.3,Telugu,Fair,Completed
TC0001461,TEP0001128,Mahesh Mallaiah,M,71,9933034972,Midjil,Midjil,Mahabubnagar,2026-03-01,FAC007,Dizziness,Hypertension,Audio,23,Yes,Yes,No,,7.6,Telugu,Good,Completed
TC0001462,TEP0001129,Rju Khan,M,41,9353665973,ZAHEERABAD,Zaheerabad,Sangareddy,2026-06-26,FAC022,Dizziness,Hypertension,Assisted video,12,Yes,Yes,Yes,14,25.3,English,Fair,Completed
TC0001463,TEP0001129,Raju Khan,M,43,+91-93536-65973,Zaheerabad,Zaheerabad,Sangareddy,2026-08-11,FAC022,Routine NCD review,Musculoskeletal,Video,20,Yes,No,Yes,7,25.3,English,Good,Completed
TC0001464,TEP0001130,Anjali Goud,F,57,9872480717,Nermata,Chandur,Nalgonda,2026-06-25,FAC015,Routine NCD review,Respiratory,Assisted video,12,Yes,No,Yes,21,22.4,Telugu,Good,Completed
TC0001465,TEP0001131,Rvi Goud,M,63,9584796500,Gangapur,Jadcherla,Mahabubnagar,2026-01-10,FAC003,Fever,Gastrointestinal,Assisted video,11,Yes,Yes,Yes,7,26.4,Telugu,Good,Completed
TC0001466,TEP0001131,Ravi Goud,M,61,9584796500,GANGAPUR,Jadcherla,Mahabubnagar,2026-04-09,FAC002,Cough,Gastrointestinal,Assisted video,15,Yes,No,No,,38.9,Telugu,Fair,Completed
TC0001467,TEP0001132,Harika Basha,F,74,+91-95920-59044,Polepally,Jadcherla,Mahabubnagar,2026-01-25,FAC003,Headache,Fever/Infection,Audio,10,Yes,No,Yes,30,21.0,Telugu,Poor,Completed
TC0001468,TEP0001133,Srinivas Devi,M,23,,Polepally,Jadcherla,Mahabubnagar,2026-07-15,FAC003,Cough,Musculoskeletal,Video,19,Yes,Yes,No,,21.0,Urdu,Fair,Completed
TC0001469,TEP0001134,Deevya Reddy,F,40,9145224252,Velpula,Midjil,Mahabubnagar,2026-05-06,FAC008,Body pain,Diabetes,Assisted video,10,No,Yes,Yes,21,12.6,Telugu,Poor,Completed
TC0001470,TEP0001135,Rajesh Jangam,M,29,9603140612,Kummarikunta,Chandur,Nalgonda,2026-02-09,FAC014,Cough,Dermatology,Assisted video,16,Yes,No,Yes,14,7.3,Telugu,Good,Completed
TC0001471,TEP0001135,Rajesh Jangam,M,27,9603140612,Kummarikunta,Chandur,Nalgonda,2026-05-28,FAC015,Headache,Dermatology,Audio,19,Yes,No,Yes,14,26.6,Telugu,Good,Completed
TC0001472,TEP0001136,Srinivas Shekar,M,51,9208771617,Nakrekal,Nakrekal,Nalgonda,2026-02-01,FAC017,Abdominal discomfort,Respiratory,Assisted video,16,Yes,Yes,Yes,14,36.5,Telugu,Good,Completed
TC0001473,TEP0001137,Raghav Devi,M,51,9994292520,Kummarikunta,Chandur,Nalgonda,2026-06-02,FAC014,Headache,Other,Audio,14,Yes,No,Yes,7,7.3,Telugu,Poor,Completed
TC0001474,TEP0001137,Raghav Devi,M,49,9996292520,Kummarikunta,Chandur,Nalgonda,2026-07-30,FAC015,Fever,Hypertension,Video,10,Yes,Yes,No,,26.6,Telugu,Good,Completed
TC0001475,TEP0001138,Bhavani Yadav,F,79,9524599155,Polepally,Jadcherla,Mahabubnagar,2026-05-17,FAC001,Body pain,Hypertension,Assisted video,17,Yes,No,No,,25.4,Telugu,Good,Completed
TC0001476,TEP0001139,Rghav Goud,M,66,9423297833,Vemula,Midjil,Mahabubnagar,2026-01-27,FAC008,Fever,Gastrointestinal,Assisted video,13,Yes,No,Yes,21,22.2,Telugu,Fair,Completed
TC0001477,TEP0001139,Raghav Goud,M,64,9423297833,Vemula,Midjil,Mahabubnagar,2026-07-16,FAC008,Headache,Respiratory,Assisted video,9,Yes,No,Yes,14,22.2,Telugu,Poor,Completed
TC0001478,TEP0001140,Diwya Narsimha,F,68,9426959566,Velpul,Midjil,Mahabubnagar,2026-04-24,FAC007,Headache,Hypertension+Diabetes,Audio,17,Yes,No,Yes,14,17.9,Telugu,Fair,Completed
TC0001479,TEP0001140,Divya Narsimha,F,67,9426959566,Velpula,Midjil,Mahabubnagar,2026-05-15,FAC008,Body pain,Hypertension+Diabetes,Assisted video,10,Yes,No,No,,12.6,Telugu,Poor,Completed
TC0001480,TEP0001141,Anjali Shekar,F,41,9352235225,Gundlapally,Devarakonda,Nalgonda,2026-02-02,FAC012,Fever,Hypertension,Video,11,Yes,No,Yes,21,25.4,Telugu,Good,Completed
TC0001481,TEP0001141,Anjali Shekar,F,40,9352235225,Gundlapally,Devarakonda,Nalgonda,2026-08-05,FAC012,Routine NCD review,Hypertension,Video,20,Yes,Yes,Yes,30,25.4,Telugu,Poor,Completed
TC0001482,TEP0001142,Bhavani Naik,F,82,9920198947,Rajapur,Balanagar,Mahabubnagar,2026-04-04,FAC006,Skin complaint,Hypertension,Video,22,Yes,No,No,,8.7,Telugu,Good,Completed
TC0001483,TEP0001142,Bhavani Naik,F,82,9020198947,Rajapur,Balanagar,Mahabubnagar,2026-04-14,FAC006,Fever,Hypertension,Assisted video,20,Yes,No,Yes,21,8.7,Telugu,Fair,Completed
TC0001484,TEP0001143,Swathi Laxman,F,49,,Polepally,Jadcherla,Mahabubnagar,2026-03-03,FAC003,Fever,Hypertension,Assisted video,7,No,Yes,Yes,14,21.0,Telugu,Fair,Completed
TC0001485,TEP0001143,Swathi Laxman,F,49,9629140581,Polepally,Jadcherla,Mahabubnagar,2026-04-13,FAC001,Abdominal discomfort,Hypertension,Audio,13,Yes,No,Yes,7,25.4,Telugu,Good,Completed
TC0001486,TEP0001144,Swathi Yadav,F,58,9441902629,Vemula,Midjil,Mahabubnagar,2026-04-26,FAC009,Headache,Hypertension,Video,18,No,No,Yes,30,7.3,Urdu,Good,Completed
TC0001487,TEP0001145,Bhavani Yadav,F,42,+91-96716-46453,Devarakonda,Devarakonda,Nalgonda,2026-03-27,FAC010,Headache,Diabetes,Video,7,Yes,Yes,No,,22.8,Telugu,Good,Completed
TC0001488,TEP0001146,Lakshmi Krishna,F,25,9677556183,Polepally,Jadcherla,Mahabubnagar,2026-05-10,FAC002,Body pain,Diabetes,Assisted video,22,Yes,Yes,Yes,30,8.3,Telugu,Good,Completed
TC0001489,TEP0001146,Lakshmi Krishna,F,26,9677556183,Polepally,Jadcherla,Mahabubnagar,2026-06-04,FAC002,Headache,Diabetes,Audio,8,No,No,No,,8.3,Telugu,Good,Completed
TC0001490,TEP0001147,Bhawani Jangam,F,49,9444064650,Badepally,Jadcherla,Mahabubnagar,2026-04-27,FAC002,Abdominal discomfort,Musculoskeletal,Video,13,Yes,No,No,,19.9,Urdu,Poor,Completed
TC0001491,TEP0001147,Bhavani Jangam,F,49,9444064650,Badepally,Jadcherla,Mahabubnagar,2026-06-17,FAC001,Cough,Hypertension,Assisted video,19,Yes,Yes,Yes,7,11.4,Urdu,Fair,Completed
TC0001492,TEP0001148,Jyothi Basha,F,30,9342699376,Bodajanampet,Balanagar,Mahabubnagar,2026-03-18,FAC005,Headache,Hypertension,Video,23,Yes,No,No,,26.6,Telugu,Fair,Completed
TC0001493,TEP0001149,Bhavani Mallaiah,F,38,9186452806,Bhanur,Patancheru,Sangareddy,2026-01-11,FAC025,Fever,Diabetes,Audio,24,No,No,Yes,7,18.7,Telugu,Good,Completed
TC0001494,TEP0001150,Rajesh Narsimha,M,59,9688036356,Zaheerabad,Zaheerabad,Sangareddy,2026-08-09,FAC024,Cough,Musculoskeletal,Video,12,Yes,No,No,,28.3,Urdu,Poor,Completed
TC0001495,TEP0001151,Naresh Kumar,M,64,+91-95721-66731,Marru,Nakrekal,Nalgonda,2026-02-15,FAC017,Routine NCD review,Hypertension+Diabetes,Assisted video,11,Yes,No,No,,25.8,Telugu,Good,Completed
TC0001496,TEP0001152,Arun Khan,M,59,9248867407,Bangarigadda,Chandur,Nalgonda,2026-06-02,FAC014,Abdominal discomfort,Hypertension,Audio,14,Yes,Yes,No,,17.6,Telugu,Poor,Completed
TC0001497,TEP0001153,Mohan Laxman,M,53,,Manoor,Narayankhed,Sangareddy,2026-06-28,FAC021,Headache,Hypertension,Video,17,No,Yes,Yes,7,15.5,Telugu,Good,Completed
TC0001498,TEP0001154,Venkatesh Narsimha,M,44,9767109611,Ameenpur,Patancheru,Sangareddy,2026-06-19,FAC027,Abdominal discomfort,Hypertension+Diabetes,Assisted video,8,Yes,No,No,,27.9,English,Poor,Completed
TC0001499,TEP0001155,run Narsimha,M,43,9768184472,Jharasangam,Zaheerabad,Sangareddy,2026-06-20,FAC022,Fever,Hypertension,Video,19,Yes,No,No,,5.6,Telugu,Poor,Completed
TC0001500,TEP0001155,run Narsimha,M,43,9768184472,Jharasangam,Zaheerabad,Sangareddy,2026-07-24,FAC024,Cough,Hypertension,Assisted video,15,Yes,No,Yes,30,2.6,Telugu,Poor,Completed
TC0001501,TEP0001156,Divya Krishna,F,40,9435544292,Vemula,Midjil,Mahabubnagar,2026-02-28,FAC007,Body pain,Fever/Infection,Audio,23,No,No,Yes,14,25.7,Telugu,Poor,Completed
TC0001502,TEP0001157,Lalitha Patel,F,40,9270203243,Kangti,Narayankhed,Sangareddy,2026-07-01,FAC019,Body pain,Musculoskeletal,Video,18,Yes,No,Yes,21,20.3,Urdu,Good,Completed
TC0001503,TEP0001158,Rajesh Mudiraj,M,19,9075465815,Midjil,Midjil,Mahabubnagar,2026-01-10,FAC009,Skin complaint,Respiratory,Video,14,Yes,No,No,,19.5,Telugu,Fair,Completed
TC0001504,TEP0001159,Divya Reddy,F,60,9112695647,Gangapur,Jadcherla,Mahabubnagar,2026-02-10,FAC003,Headache,Fever/Infection,Assisted video,9,No,Yes,No,,26.4,Telugu,Fair,Completed
TC0001505,TEP0001160,Kiran Patel,M,57,9944764534,NAKREKAL,Nakrekal,Nalgonda,2026-05-21,FAC018,Dizziness,Diabetes,Audio,17,No,No,Yes,21,16.2,Telugu,Poor,Completed
TC0001506,TEP0001160,Kiran Patel,M,57,9944764534,Nakreka,Nakrekal,Nalgonda,2026-06-26,FAC016,Fever,Diabetes,Video,14,Yes,No,Yes,21,35.5,Telugu,Fair,Completed
TC0001507,TEP0001161,Naveen Mudiraj,M,49,+91-90122-77846,Macharam,Jadcherla,Mahabubnagar,2026-03-27,FAC001,Abdominal discomfort,Musculoskeletal,Assisted video,24,Yes,Yes,Yes,30,17.2,Telugu,Fair,Completed
TC0001508,TEP0001162,Anitha Mallaiah,F,37,9677043050,Jharasangam,Zaheerabad,Sangareddy,2026-05-16,FAC024,Abdominal discomfort,Diabetes,Assisted video,17,Yes,Yes,Yes,30,2.6,Telugu,Poor,Completed
TC0001509,TEP0001163,Rani Das,F,50,9631174830,Balanagar,Balanagar,Mahabubnagar,2026-01-26,FAC005,Abdominal discomfort,Hypertension+Diabetes,Assisted video,9,No,Yes,No,,10.4,English,Poor,Completed
TC0001510,TEP0001163,Rani Das,F,52,9631174830,Balanagar,Balanagar,Mahabubnagar,2026-03-09,FAC005,Cough,Hypertension+Diabetes,Audio,8,Yes,No,No,,10.4,English,Good,Completed
TC0001511,TEP0001164,Vinod Basha,M,49,,Vemula,Midjil,Mahabubnagar,2026-05-20,FAC009,Headache,Hypertension+Diabetes,Assisted video,17,Yes,Yes,Yes,30,7.3,Telugu,Fair,Completed
TC0001512,TEP0001165,Shobh Begum,F,29,9793668729,Manoor,Narayankhed,Sangareddy,2026-05-28,FAC020,Fever,Other,Audio,23,Yes,No,Yes,14,21.7,Telugu,Fair,Completed
TC0001513,TEP0001166,Divya Chary,F,66,9257997655,Kallepalli,Balanagar,Mahabubnagar,2026-02-06,FAC005,Skin complaint,Other,Audio,18,No,No,Yes,30,26.2,Telugu,Fair,Completed
TC0001514,TEP0001167,Padma Khan,F,49,9589817960,Kalher,Narayankhed,Sangareddy,2026-02-15,FAC021,Routine NCD review,Diabetes,Audio,15,Yes,Yes,Yes,30,22.9,Urdu,Fair,Completed
TC0001515,TEP0001168,Sai Jangam,M,33,9862135984,Bangarigadda,Chandur,Nalgonda,2026-04-02,FAC015,Skin complaint,Hypertension,Audio,10,Yes,No,Yes,21,18.0,English,Poor,Completed
TC0001516,TEP0001168,Sai Jangam,M,31,9862135984,Bangarigadda,Chandur,Nalgonda,2026-05-19,FAC015,Headache,Hypertension,Assisted video,17,Yes,Yes,Yes,21,18.0,English,Poor,Completed
TC0001517,TEP0001169,Anil Reddy,M,55,9626465056,Donur,Midjil,Mahabubnagar,2026-02-16,FAC008,Skin complaint,Musculoskeletal,Video,12,Yes,Yes,Yes,21,9.4,English,Poor,Completed
TC0001518,TEP0001169,Anil Reddy,M,54,9626465056,Donur,Midjil,Mahabubnagar,2026-04-15,FAC008,Body pain,Hypertension,Audio,9,Yes,Yes,No,,9.4,English,Fair,Completed
TC0001519,TEP0001170,Lakshmi Narsimha,F,69,9687663836,Manoor,Narayankhed,Sangareddy,2026-05-30,FAC021,Routine NCD review,Diabetes,Audio,19,No,Yes,No,,15.5,Telugu,Poor,Completed
TC0001520,TEP0001171,Santosh Krishna,M,46,9355087103,Peddadinne,Devarakonda,Nalgonda,2026-02-02,FAC010,Dizziness,Fever/Infection,Audio,12,Yes,No,Yes,21,7.4,Telugu,Good,Completed
TC0001521,TEP0001172,Sushma Kumar,F,45,9399397127,Patancheru,Patancheru,Sangareddy,2026-01-13,FAC025,Cough,Dermatology,Audio,15,Yes,Yes,No,,25.4,Telugu,Good,Completed
TC0001522,TEP0001173,Divya Laxman,F,44,9320769240,Zaheerabad,Zaheerabad,Sangareddy,2026-07-25,FAC024,Body pain,Respiratory,Assisted video,20,Yes,No,Yes,14,28.3,Telugu,Poor,Completed
TC0001523,TEP0001174,Mounika Patel,F,66,9477003980,Badepally,Jadcherla,Mahabubnagar,2026-02-08,FAC002,Skin complaint,Fever/Infection,Video,13,Yes,No,Yes,30,19.9,Telugu,Poor,Completed
TC0001524,TEP0001175,Rajesh Shekar,M,45,9405132792,KANGTI,Narayankhed,Sangareddy,2026-04-30,FAC019,Headache,Musculoskeletal,Assisted video,8,Yes,Yes,Yes,14,20.3,Telugu,Good,Completed
TC0001525,TEP0001175,Rajesh Shekar,M,44,9405132792,Kangti,Narayankhed,Sangareddy,2026-06-25,FAC021,Dizziness,Dermatology,Video,18,Yes,Yes,Yes,7,27.8,Telugu,Good,Completed
TC0001526,TEP0001176,Sritha Naik,F,42,9193571771,Jharasangam,Zaheerabad,Sangareddy,2026-06-10,FAC022,Headache,Musculoskeletal,Video,20,Yes,Yes,Yes,30,5.6,Telugu,Poor,Completed
TC0001527,TEP0001177,Swati Rao,F,87,9877917344,Rajapur,Balanagar,Mahabubnagar,2026-06-09,FAC005,Abdominal discomfort,Fever/Infection,Video,23,No,No,Yes,21,12.6,Telugu,Fair,Completed
TC0001528,TEP0001178,Anil Kumar,M,57,9327947902,Vemula,Midjil,Mahabubnagar,2026-03-20,FAC007,Cough,Fever/Infection,Assisted video,15,Yes,No,No,,25.7,Telugu,Poor,Completed
TC0001529,TEP0001179,Anitha Goud,F,49,9793072869,Kangti,Narayankhed,Sangareddy,2026-02-12,FAC019,Skin complaint,Dermatology,Audio,12,Yes,No,Yes,21,20.3,Urdu,Good,Completed
TC0001530,TEP0001180,Mahesh,M,54,9897065929,Marrur,Nakrekal,Nalgonda,2026-08-01,FAC016,Dizziness,Hypertension,Video,9,Yes,Yes,Yes,30,36.5,Telugu,Fair,Completed
TC0001531,TEP0001181,Nirmala Reddy,F,22,9641079442,Badepally,Jadcherla,Mahabubnagar,2026-01-19,FAC002,Abdominal discomfort,Hypertension+Diabetes,Audio,21,Yes,No,Yes,7,19.9,Telugu,Fair,Completed
TC0001532,TEP0001182,Harika Krishna,F,31,9744630893,Devarakonda,Devarakonda,Nalgonda,2026-07-09,FAC010,Cough,Hypertension,Audio,8,Yes,No,Yes,7,22.8,Telugu,Poor,Completed
TC0001533,TEP0001183,Santosh Kumar,M,51,9652841185,Ameenpur,Patancheru,Sangareddy,2026-08-02,FAC026,Body pain,Musculoskeletal,Video,9,Yes,Yes,Yes,21,9.7,Telugu,Fair,Completed
TC0001534,TEP0001184,Suresh Mudiraj,M,79,9388283785,Zaheerabad,Zaheerabad,Sangareddy,2026-08-04,FAC022,Skin complaint,Diabetes,Video,14,Yes,Yes,Yes,30,25.3,Telugu,Fair,Completed
TC0001535,TEP0001185,Rajesh Reddy,M,81,9088053010,Devarakonda,Devarakonda,Nalgonda,2026-01-24,FAC011,Body pain,Diabetes,Video,10,Yes,No,Yes,14,29.2,Telugu,Poor,Completed
TC0001536,TEP0001186,Rajesh Yadav,M,41,9257282823,Velpula,Midjil,Mahabubnagar,2026-05-12,FAC009,Abdominal discomfort,Dermatology,Video,18,No,No,No,,4.2,Telugu,Good,Completed
TC0001537,TEP0001186,Rajesh Yadav,M,45,9257282823,Velpula,Midjil,Mahabubnagar,2026-06-18,FAC009,Cough,Dermatology,Video,18,Yes,No,No,,4.2,Telugu,Fair,Completed
TC0001538,TEP0001187,Navin Khan,M,18,9207605901,Bangarigadda,Chandur,Nalgonda,2026-01-08,FAC015,Headache,Diabetes,Audio,8,Yes,Yes,Yes,14,18.0,Telugu,Fair,Completed
TC0001539,TEP0001187,Nveen Khan,M,18,9207604901,Bangarigadda,Chandur,Nalgonda,2026-04-21,FAC013,Abdominal discomfort,Diabetes,Assisted video,19,No,Yes,Yes,7,16.9,Telugu,Good,Completed
TC0001540,TEP0001187,Naveen Khan,M,20,9207604901,Bangarigadda,Chandur,Nalgonda,2026-06-21,FAC014,Headache,Diabetes,Audio,13,Yes,No,Yes,7,17.6,Telugu,Good,Completed
TC0001541,TEP0001188,Deepik Mudiraj,F,33,,Kondamallepally,Devarakonda,Nalgonda,2026-05-15,FAC010,Cough,Other,Assisted video,14,Yes,No,Yes,14,20.0,Telugu,Fair,Completed
TC0001542,TEP0001189,Ravi Shekar,M,39,9061760697,Badepally,Jadcherla,Mahabubnagar,2026-06-28,FAC003,Skin complaint,Respiratory,Video,9,Yes,Yes,Yes,30,5.1,Telugu,Poor,Completed
TC0001543,TEP0001190,Rajesh Reddy,M,50,9041816067,Mangalapally,Nakrekal,Nalgonda,2026-02-06,FAC018,Cough,Diabetes,Video,15,Yes,No,No,,35.0,Telugu,Fair,Completed
TC0001544,TEP0001190,Rajesh Reddy,M,50,9041816067,Mangalapally,Nakrekal,Nalgonda,2026-07-04,FAC017,Abdominal discomfort,Fever/Infection,Video,17,Yes,No,No,,21.1,Telugu,Good,Completed
TC0001545,TEP0001191,Lalitha Patel,F,66,9831108916,Kangti,Narayankhed,Sangareddy,2026-05-14,FAC021,Cough,Dermatology,Audio,23,No,No,Yes,7,27.8,Telugu,Good,Completed
TC0001546,TEP0001192,Sushma Jangam,F,52,9667186164,Velpula,Midjil,Mahabubnagar,2026-05-16,FAC008,Fever,Gastrointestinal,Video,9,Yes,No,No,,12.6,Urdu,Fair,Completed
TC0001547,TEP0001192,Sushma Jangam,F,53,9667186164,Velpula,Midjil,Mahabubnagar,2026-05-28,FAC009,Abdominal discomfort,Gastrointestinal,Audio,23,Yes,No,No,,4.2,Urdu,Good,Completed
TC0001548,TEP0001193,Shobha Devi,F,30,9182832330,Marrur,Nakrekal,Nalgonda,2026-06-01,FAC017,Fever,Fever/Infection,Assisted video,19,Yes,Yes,Yes,21,25.8,Telugu,Good,Completed
TC0001549,TEP0001194,Harika Mudiraj,F,48,+91-91127-32334,Bangarigadda,Chandur,Nalgonda,2026-06-17,FAC014,Abdominal discomfort,Musculoskeletal,Audio,18,Yes,No,No,,17.6,Telugu,Poor,Completed
TC0001550,TEP0001194,Hrika Mudiraj,F,48,9112732334,Bangarigadda,Chandur,Nalgonda,2026-07-25,FAC015,Body pain,Musculoskeletal,Video,17,No,No,Yes,30,18.0,Telugu,Poor,Completed
TC0001551,TEP0001195,Santosh Patel,M,58,+91-96998-07040,Balanagar,Balanagar,Mahabubnagar,2026-02-05,FAC005,Dizziness,Dermatology,Video,24,Yes,No,No,,10.4,Telugu,Fair,Completed
TC0001552,TEP0001196,Lalitha,F,44,,Velpula,Midjil,Mahabubnagar,2026-06-17,FAC007,Routine NCD review,Other,Audio,22,Yes,No,Yes,30,17.9,Telugu,Poor,Completed
TC0001553,TEP0001197,Kavita Jangam,F,53,9831881713,Kangti,Narayankhed,Sangareddy,2026-03-05,FAC020,Body pain,Respiratory,Assisted video,8,Yes,No,Yes,7,11.9,Telugu,Good,Completed
TC0001554,TEP0001198,Anjali Rao,F,65,+91-95379-29411,Kangti,Narayankhed,Sangareddy,2026-02-10,FAC019,Dizziness,Respiratory,Assisted video,17,Yes,Yes,No,,20.3,English,Good,Completed
TC0001555,TEP0001198,Anjali Rao,F,67,9537929411,Kangti,Narayankhed,Sangareddy,2026-07-13,FAC020,Fever,Dermatology,Video,13,Yes,No,Yes,21,11.9,English,Poor,Completed
TC0001556,TEP0001199,Suresh Chary,M,49,9141030622,Bodajanampet,Balanagar,Mahabubnagar,2026-04-25,FAC005,Fever,Hypertension+Diabetes,Audio,9,No,Yes,Yes,30,26.6,Telugu,Fair,Completed
TC0001557,TEP0001200,Nirmala Mudiraj,F,51,9956733509,Midjil,Midjil,Mahabubnagar,2026-01-26,FAC007,Headache,Hypertension,Assisted video,22,Yes,Yes,Yes,30,7.6,Telugu,Good,Completed
TC0001558,TEP0001200,Nirmala Mudiraj,F,50,9956733509,Midjil,Midjil,Mahabubnagar,2026-04-22,FAC008,Fever,Hypertension,Audio,13,Yes,No,Yes,14,11.3,Telugu,Fair,Completed
TC0001559,TEP0001201,Rajesh Mallaiah,M,24,9347395187,Velpula,Midjil,Mahabubnagar,2026-04-06,FAC008,Abdominal discomfort,Dermatology,Assisted video,9,Yes,No,No,,12.6,Telugu,Fair,Completed
TC0001560,TEP0001202,Ramesh Reddy,M,41,9705210486,Badepally,Jadcherla,Mahabubnagar,2026-02-08,FAC003,Routine NCD review,Respiratory,Assisted video,15,Yes,No,Yes,14,5.1,Telugu,Fair,Completed
TC0001561,TEP0001202,Ramesh Reddy,M,40,+91-97052-70486,Badepally,Jadcherla,Mahabubnagar,2026-02-28,FAC002,Fever,Fever/Infection,Audio,17,Yes,No,Yes,21,19.9,Telugu,Fair,Completed
TC0001562,TEP0001203,Renuk Khan,F,33,9492619242,Bodajanampet,Balanagar,Mahabubnagar,2026-08-10,FAC006,Fever,Dermatology,Video,16,No,No,No,,33.3,Telugu,Fair,Completed
TC0001563,TEP0001204,Venkatesh Mudiraj,M,36,9144624626,Gangapur,Jadcherla,Mahabubnagar,2026-05-29,FAC001,Routine NCD review,Diabetes,Audio,16,Yes,Yes,Yes,14,20.2,Urdu,Fair,Completed
TC0001564,TEP0001204,Venkatesh Mudiraj,M,36,9144624626,GANGAPUR,Jadcherla,Mahabubnagar,2026-07-11,FAC002,Routine NCD review,Diabetes,Audio,18,Yes,Yes,No,,38.9,Urdu,Poor,Completed
TC0001565,TEP0001204,Venkatesh Mudiraj,M,36,9144694626,Gangapur,Jadcherla,Mahabubnagar,2026-07-31,FAC001,Abdominal discomfort,Other,Audio,11,Yes,No,Yes,21,20.2,Urdu,Poor,Completed
TC0001566,TEP0001205,Mahesh Basha,M,49,9626176666,Nomula,Nakrekal,Nalgonda,2026-03-16,FAC016,Abdominal discomfort,Other,Video,24,Yes,No,Yes,14,36.1,Telugu,Poor,Completed
TC0001567,TEP0001206,Kavitha Das,F,43,9456627767,Kangti,Narayankhed,Sangareddy,2026-01-24,FAC021,Abdominal discomfort,Respiratory,Assisted video,18,Yes,Yes,No,,27.8,Telugu,Fair,Completed
TC0001568,TEP0001207,Arun Begum,M,68,9651934184,Kangti,Narayankhed,Sangareddy,2026-04-20,FAC019,Fever,Other,Video,14,Yes,No,No,,20.3,Urdu,Fair,Completed
TC0001569,TEP0001207,Arun Begum,M,68,9651934184,Kangti,Narayankhed,Sangareddy,2026-06-23,FAC020,Headache,Hypertension,Audio,8,No,Yes,No,,11.9,Urdu,Good,Completed
TC0001570,TEP0001207,Arun Begum,M,68,9651934184,Kangti,Narayankhed,Sangareddy,2026-08-03,FAC020,Cough,Fever/Infection,Assisted video,15,Yes,Yes,Yes,21,11.9,Urdu,Good,Completed
TC0001571,TEP0001208,Santosh Chary,M,75,9952023742,Macharam,Jadcherla,Mahabubnagar,2026-01-19,FAC002,Headache,Hypertension,Assisted video,21,Yes,Yes,No,,29.4,Telugu,Fair,Completed
TC0001572,TEP0001209,Kiran Goud,M,49,9897458667,Nakrekal,Nakrekal,Nalgonda,2026-01-31,FAC016,Routine NCD review,Fever/Infection,Audio,18,Yes,No,Yes,7,35.5,Urdu,Good,Completed
TC0001573,TEP0001210,Ramesh Jangam,M,28,9746577975,Indresham,Patancheru,Sangareddy,2026-05-01,FAC025,Routine NCD review,Respiratory,Audio,22,Yes,Yes,No,,19.2,Telugu,Fair,Completed
TC0001574,TEP0001211,Arun Basha,M,45,9794721146,Macharam,Jadcherla,Mahabubnagar,2026-07-03,FAC003,Fever,Other,Assisted video,15,Yes,No,Yes,21,12.8,Telugu,Good,Completed
TC0001575,TEP0001212,Renuka Narsimha,F,27,9381214730,KOHIR,Zaheerabad,Sangareddy,2026-06-08,FAC023,Headache,Hypertension,Video,21,Yes,No,Yes,21,15.7,Telugu,Fair,Completed
TC0001576,TEP0001212,Renuka Narsimha,F,27,9381214730,Kohir,Zaheerabad,Sangareddy,2026-07-14,FAC022,Cough,Hypertension,Assisted video,17,Yes,No,Yes,7,3.6,Telugu,Good,Completed
TC0001577,TEP0001212,Renuka Narsimha,F,27,9381214730,KOHIR,Zaheerabad,Sangareddy,2026-07-20,FAC024,Routine NCD review,Fever/Infection,Assisted video,9,No,Yes,Yes,7,6.4,Telugu,Poor,Completed
TC0001578,TEP0001213,Kavitha Devi,F,54,9287216324,Gangapur,Jadcherla,Mahabubnagar,2026-02-14,FAC003,Abdominal discomfort,Diabetes,Audio,24,No,No,No,,26.4,Telugu,Fair,Completed
TC0001579,TEP0001214,Shobha Rao,F,66,9027805213,Zaheerabad,Zaheerabad,Sangareddy,2026-03-17,FAC022,Routine NCD review,Hypertension+Diabetes,Assisted video,14,Yes,Yes,Yes,14,25.3,Telugu,Poor,Completed
TC0001580,TEP0001215,Naveen Patel,M,63,9538182112,Machara,Jadcherla,Mahabubnagar,2026-05-20,FAC001,Abdominal discomfort,Other,Assisted video,21,Yes,No,Yes,21,17.2,Telugu,Fair,Completed
TC0001581,TEP0001215,Nveen Patel,M,63,9538182112,Macharam,Jadcherla,Mahabubnagar,2026-06-10,FAC002,Cough,Fever/Infection,Video,12,Yes,No,No,,29.4,Telugu,Good,Completed
TC0001582,TEP0001216,Mohan Naeek,M,50,9624166562,Kondamallepally,Devarakonda,Nalgonda,2026-08-10,FAC010,Fever,Respiratory,Assisted video,18,No,Yes,No,,20.0,Telugu,Fair,Completed
TC0001583,TEP0001217,Sai Begum,M,49,9906705226,Nermata,Chandur,Nalgonda,2026-02-27,FAC014,Cough,Hypertension,Assisted video,8,Yes,Yes,Yes,14,19.2,Telugu,Good,Completed
TC0001584,TEP0001218,Venkatesh Reddy,M,45,9489688435,Vemula,Midjil,Mahabubnagar,2026-01-10,FAC009,Fever,Other,Assisted video,19,Yes,No,No,,7.3,Telugu,Good,Completed
TC0001585,TEP0001219,Padma Shekar,F,20,9321137035,Nermata,Chandur,Nalgonda,2026-01-14,FAC015,Abdominal discomfort,Hypertension,Assisted video,21,Yes,No,Yes,7,22.4,Telugu,Good,Completed
TC0001586,TEP0001219,Padma Shekar,F,21,9321137035,Nermata,Chandur,Nalgonda,2026-05-07,FAC014,Fever,Hypertension,Video,17,Yes,No,Yes,21,19.2,Telugu,Fair,Completed
TC0001587,TEP0001220,Naveen Mallaiah,M,53,9992792676,Kalher,Narayankhed,Sangareddy,2026-04-01,FAC019,Fever,Fever/Infection,Video,13,Yes,Yes,No,,24.9,Telugu,Good,Completed
TC0001588,TEP0001221,Raju Patel,M,58,+91-99841-70071,Vemula,Midjil,Mahabubnagar,2026-06-25,FAC009,Cough,Diabetes,Assisted video,18,Yes,Yes,Yes,7,7.3,Telugu,Good,Completed
TC0001589,TEP0001222,Srilatha Reddy,F,63,+91-95649-01185,Macharam,Jadcherla,Mahabubnagar,2026-07-19,FAC001,Fever,Hypertension,Assisted video,20,Yes,Yes,No,,17.2,Telugu,Good,Completed
TC0001590,TEP0001223,Deepika Shekar,F,37,9196928623,Kalher,Narayankhed,Sangareddy,2026-01-10,FAC020,Skin complaint,Hypertension,Assisted video,14,Yes,Yes,Yes,7,29.6,Telugu,Fair,Completed
TC0001591,TEP0001224,Kavitha Mallaiah,F,65,9862772012,MANGALAPALLY,Nakrekal,Nalgonda,2026-08-10,FAC016,Skin complaint,Hypertension,Video,21,Yes,Yes,Yes,21,4.1,Telugu,Poor,Completed
TC0001592,TEP0001225,Lakshmee Das,F,47,9126633660,Vemula,Midjil,Mahabubnagar,2026-07-24,FAC009,Dizziness,Gastrointestinal,Audio,16,Yes,Yes,Yes,14,7.3,Telugu,Fair,Completed
TC0001593,TEP0001226,Lakshmi Basha,F,28,9832793953,Mogudampally,Zaheerabad,Sangareddy,2026-01-09,FAC024,Skin complaint,Fever/Infection,Audio,10,Yes,No,Yes,14,16.8,Telugu,Good,Completed
TC0001594,TEP0001226,Lakshmi Basha,F,27,9832793953,MOGUDAMPALLY,Zaheerabad,Sangareddy,2026-08-04,FAC024,Abdominal discomfort,Other,Video,20,Yes,No,Yes,30,16.8,Telugu,Good,Completed
TC0001595,TEP0001227,Nares Mudiraj,M,63,,Manoor,Narayankhed,Sangareddy,2026-03-25,FAC020,Skin complaint,Respiratory,Assisted video,7,Yes,No,Yes,30,21.7,Telugu,Good,Completed
TC0001596,TEP0001227,Naresh Mudeeraj,M,63,9345352885,Manoo,Narayankhed,Sangareddy,2026-07-03,FAC020,Routine NCD review,Other,Audio,20,No,No,Yes,14,21.7,Telugu,Fair,Completed
TC0001597,TEP0001228,Anil Yadav,M,26,,MANGALAPALLY,Nakrekal,Nalgonda,2026-02-15,FAC017,Headache,Other,Assisted video,24,Yes,No,Yes,7,21.1,Telugu,Good,Completed
TC0001598,TEP0001229,Srinivas Naik,M,40,9959470861,Polepally,Jadcherla,Mahabubnagar,2026-01-23,FAC002,Body pain,Diabetes,Assisted video,13,Yes,Yes,Yes,14,8.3,English,Fair,Completed
TC0001599,TEP0001230,Lalitha Krishna,F,51,9997648391,NERMATA,Chandur,Nalgonda,2026-04-30,FAC014,Headache,Hypertension+Diabetes,Video,24,Yes,No,Yes,7,19.2,Telugu,Fair,Completed
TC0001600,TEP0001231,Naresh Mudiraj,M,50,9373447049,Nomula,Nakrekal,Nalgonda,2026-02-03,FAC016,Fever,Respiratory,Assisted video,12,Yes,No,Yes,30,36.1,Urdu,Good,Completed
TC0001601,TEP0001232,Rajesh Shekar,M,36,9670626498,Vemula,Midjil,Mahabubnagar,2026-05-04,FAC009,Routine NCD review,Fever/Infection,Audio,20,Yes,Yes,No,,7.3,English,Fair,Completed
TC0001602,TEP0001233,Vinod Shekar,M,36,9706900497,Kalher,Narayankhed,Sangareddy,2026-04-11,FAC019,Body pain,Other,Assisted video,21,Yes,No,Yes,21,24.9,Telugu,Good,Completed
TC0001603,TEP0001234,Mounika Yadav,F,53,9990858115,Gangapur,Jadcherla,Mahabubnagar,2026-05-20,FAC001,Abdominal discomfort,Hypertension,Audio,13,Yes,Yes,Yes,14,20.2,Telugu,Fair,Completed
TC0001604,TEP0001235,Rajesh Khan,M,70,9920408308,Gundlapally,Devarakonda,Nalgonda,2026-06-18,FAC011,Fever,Hypertension,Assisted video,22,Yes,No,No,,29.4,Telugu,Poor,Completed
TC0001605,TEP0001236,Venkatesh Mudiraj,M,43,9774848248,Gundlapally,Devarakonda,Nalgonda,2026-05-07,FAC012,Routine NCD review,Hypertension,Assisted video,10,Yes,No,Yes,21,25.4,Telugu,Good,Completed
TC0001606,TEP0001236,Venktesh Mudiraj,M,44,9774848248,Gundlapally,Devarakonda,Nalgonda,2026-05-27,FAC011,Headache,Hypertension,Video,16,Yes,Yes,Yes,30,29.4,Telugu,Poor,Completed
TC0001607,TEP0001237,Swathi Chary,F,32,,Marrur,Nakrekal,Nalgonda,2026-02-16,FAC016,Skin complaint,Hypertension+Diabetes,Audio,11,No,Yes,Yes,21,36.5,Telugu,Good,Completed
TC0001608,TEP0001238,Mahesh Reddy,M,36,9079903393,Indresham,Patancheru,Sangareddy,2026-03-08,FAC027,Fever,Gastrointestinal,Audio,12,Yes,No,No,,22.3,Telugu,Good,Completed
TC0001609,TEP0001239,Srinivas Chary,M,65,,Macharam,Jadcherla,Mahabubnagar,2026-07-17,FAC001,Dizziness,Gastrointestinal,Audio,8,Yes,No,Yes,21,17.2,Telugu,Good,Completed
TC0001610,TEP0001240,Sai Patel,M,29,9776345366,Kummarikunta,Chandur,Nalgonda,2026-03-09,FAC013,Dizziness,Hypertension,Assisted video,13,Yes,No,No,,6.5,Telugu,Good,Completed
TC0001611,TEP0001241,Sai Patel,M,47,+91-91046-40596,Balanagar,Balanagar,Mahabubnagar,2026-07-30,FAC005,Routine NCD review,Hypertension,Video,21,Yes,No,Yes,30,10.4,Telugu,Fair,Completed
TC0001612,TEP0001242,Swathi Shekar,F,50,9907060350,Macharam,Jadcherla,Mahabubnagar,2026-05-02,FAC002,Dizziness,Musculoskeletal,Video,16,No,No,Yes,21,29.4,Telugu,Poor,Completed
TC0001613,TEP0001243,Renuka Jangam,F,57,9388920678,Manoor,Narayankhed,Sangareddy,2026-01-14,FAC019,Headache,Other,Video,20,Yes,No,Yes,14,33.3,Telugu,Good,Completed
TC0001614,TEP0001243,Renuka Jangam,F,55,9388920678,Manoor,Narayankhed,Sangareddy,2026-07-16,FAC019,Headache,Other,Assisted video,7,No,No,No,,33.3,Telugu,Poor,Completed
TC0001615,TEP0001244,Anitha Naik,F,18,9110316347,Nermata,Chandur,Nalgonda,2026-03-13,FAC013,Cough,Other,Video,10,No,No,No,,19.7,Telugu,Poor,Completed
TC0001616,TEP0001245,Swathi Yadav,F,70,9092692767,CHANDUR,Chandur,Nalgonda,2026-01-06,FAC014,Skin complaint,Diabetes,Assisted video,13,Yes,No,Yes,30,20.6,Telugu,Fair,Completed
TC0001617,TEP0001245,Swathi Yadav,F,71,9092692567,Chandur,Chandur,Nalgonda,2026-01-16,FAC015,Fever,Other,Audio,23,No,No,No,,29.7,Telugu,Poor,Completed
TC0001618,TEP0001245,Swathi Yadav,F,71,9092692767,Chandur,Chandur,Nalgonda,2026-03-11,FAC014,Routine NCD review,Diabetes,Video,23,No,Yes,Yes,7,20.6,Telugu,Poor,Completed
TC0001619,TEP0001246,Anjali,F,53,9204878227,Bhanur,Patancheru,Sangareddy,2026-01-13,FAC026,Dizziness,Other,Video,11,Yes,No,Yes,21,12.8,Telugu,Good,Completed
TC0001620,TEP0001247,Srilatha Laxman,F,59,9495271848,Polepally,Jadcherla,Mahabubnagar,2026-05-23,FAC003,Routine NCD review,Hypertension,Assisted video,20,Yes,Yes,No,,21.0,Telugu,Good,Completed
TC0001621,TEP0001248,nil Basha,M,31,9913271783,Chandur,Chandur,Nalgonda,2026-04-08,FAC014,Abdominal discomfort,Hypertension,Assisted video,22,No,No,No,,20.6,Telugu,Poor,Completed
TC0001622,TEP0001249,Raju Rao,M,25,9939135445,Midjil,Midjil,Mahabubnagar,2026-05-01,FAC009,Cough,Dermatology,Assisted video,23,No,No,Yes,30,19.5,Telugu,Good,Completed
TC0001623,TEP0001250,Rani Krishna,F,49,9928359125,Balanagar,Balanagar,Mahabubnagar,2026-04-17,FAC005,Dizziness,Gastrointestinal,Video,10,Yes,No,No,,10.4,Telugu,Poor,Completed
TC0001624,TEP0001251,Anjali Chary,F,62,9812558149,Patancheru,Patancheru,Sangareddy,2026-06-23,FAC027,Abdominal discomfort,Other,Video,20,Yes,No,No,,36.3,English,Fair,Completed
TC0001625,TEP0001252,Kavitha Khan,F,30,9382083311,KOHIR,Zaheerabad,Sangareddy,2026-05-14,FAC024,Cough,Dermatology,Assisted video,8,Yes,No,Yes,30,6.4,Telugu,Good,Completed
TC0001626,TEP0001252,Kavitha Khan,F,29,9385083311,KOHIR,Zaheerabad,Sangareddy,2026-06-21,FAC022,Dizziness,Respiratory,Audio,7,Yes,Yes,Yes,14,3.6,Telugu,Fair,Completed
TC0001627,TEP0001253,Sushma Naik,F,40,9682580816,Vemula,Midjil,Mahabubnagar,2026-07-27,FAC008,Headache,Diabetes,Assisted video,15,Yes,No,Yes,7,22.2,Telugu,Poor,Completed
TC0001628,TEP0001254,Mounika Rao,F,59,9662355008,MANOOR,Narayankhed,Sangareddy,2026-05-04,FAC019,Body pain,Other,Audio,17,Yes,Yes,Yes,7,33.3,Telugu,Poor,Completed
TC0001629,TEP0001255,Shobha Patel,F,41,9458190833,Chandur,Chandur,Nalgonda,2026-02-09,FAC013,Cough,Fever/Infection,Assisted video,10,Yes,Yes,No,,21.3,Urdu,Good,Completed
TC0001630,TEP0001255,Shobha Patel,F,43,9458190833,CHANDUR,Chandur,Nalgonda,2026-06-21,FAC014,Skin complaint,Hypertension,Audio,8,Yes,No,Yes,21,20.6,Urdu,Fair,Completed
TC0001631,TEP0001255,Shobha Patel,F,40,9458190833,Chandur,Chandur,Nalgonda,2026-07-27,FAC013,Routine NCD review,Hypertension,Video,14,No,Yes,Yes,7,21.3,Urdu,Good,Completed
TC0001632,TEP0001256,Praveen Naeek,M,30,9597848483,Kohir,Zaheerabad,Sangareddy,2026-04-18,FAC024,Dizziness,Fever/Infection,Audio,21,Yes,No,Yes,14,6.4,Telugu,Fair,Completed
TC0001633,TEP0001256,Praveen Naik,M,30,9597848483,Kohir,Zaheerabad,Sangareddy,2026-07-17,FAC022,Routine NCD review,Hypertension,Video,17,Yes,Yes,Yes,21,3.6,Telugu,Fair,Completed
TC0001634,TEP0001257,Mounika Mudiraj,F,47,9241884268,BHANUR,Patancheru,Sangareddy,2026-08-11,FAC026,Cough,Hypertension,Audio,12,Yes,Yes,Yes,21,12.8,Telugu,Fair,Completed
TC0001635,TEP0001258,Kavitha Patel,F,64,9262007647,Chandur,Chandur,Nalgonda,2026-07-13,FAC015,Dizziness,Other,Assisted video,21,No,Yes,No,,29.7,Telugu,Poor,Completed
TC0001636,TEP0001259,Renuka Krishna,F,83,9948555194,Patancheru,Patancheru,Sangareddy,2026-06-27,FAC027,Dizziness,Hypertension,Video,21,Yes,Yes,Yes,7,36.3,Telugu,Good,Completed
TC0001637,TEP0001260,Arun Yadav,M,25,9398933132,Indresham,Patancheru,Sangareddy,2026-06-28,FAC025,Skin complaint,Hypertension,Audio,18,Yes,Yes,Yes,30,19.2,Telugu,Fair,Completed
TC0001638,TEP0001261,Kavitha Narsimha,F,36,9583657505,Nermata,Chandur,Nalgonda,2026-07-15,FAC013,Body pain,Hypertension,Assisted video,23,Yes,No,Yes,21,19.7,Telugu,Good,Completed
TC0001639,TEP0001262,Mahesh Kumar,M,63,9886632251,Mangalapally,Nakrekal,Nalgonda,2026-04-21,FAC018,Routine NCD review,Dermatology,Assisted video,10,Yes,No,No,,35.0,Telugu,Fair,Completed
TC0001640,TEP0001263,Raju Begum,M,57,9241894651,Nomula,Nakrekal,Nalgonda,2026-05-18,FAC017,Cough,Musculoskeletal,Assisted video,12,Yes,No,Yes,7,29.9,Telugu,Good,Completed
TC0001641,TEP0001264,Padma Chary,F,57,9996878585,Ameenpur,Patancheru,Sangareddy,2026-04-02,FAC025,Cough,Fever/Infection,Audio,16,Yes,No,Yes,21,13.0,Telugu,Fair,Completed
TC0001642,TEP0001265,Saritha Begum,F,39,9013429577,Midjil,Midjil,Mahabubnagar,2026-06-15,FAC007,Routine NCD review,Hypertension,Assisted video,21,No,No,Yes,30,7.6,Telugu,Poor,Completed
TC0001643,TEP0001266,Divya Khan,F,42,9096264208,Balanagar,Balanagar,Mahabubnagar,2026-06-18,FAC005,Cough,Dermatology,Audio,14,Yes,No,Yes,21,10.4,Telugu,Poor,Completed
TC0001644,TEP0001267,Naveen Narsimha,M,53,,Kallepall,Balanagar,Mahabubnagar,2026-08-01,FAC006,Body pain,Hypertension,Audio,21,Yes,No,Yes,7,35.4,Telugu,Poor,Completed
TC0001645,TEP0001268,Suresh Shekar,M,40,9199864424,Kohir,Zaheerabad,Sangareddy,2026-07-10,FAC022,Skin complaint,Other,Video,8,Yes,No,Yes,21,3.6,Telugu,Poor,Completed
TC0001646,TEP0001269,Mohan Devi,M,21,+91-92233-04574,Kohir,Zaheerabad,Sangareddy,2026-06-10,FAC022,Routine NCD review,Diabetes,Assisted video,23,Yes,No,Yes,7,3.6,English,Good,Completed
TC0001647,TEP0001270,Ramesh Kumar,M,24,9987613498,Midjil,Midjil,Mahabubnagar,2026-06-15,FAC007,Dizziness,Hypertension,Audio,17,Yes,Yes,Yes,21,7.6,Telugu,Fair,Completed
TC0001648,TEP0001270,Ramesh Kumar,M,24,9987613498,Midjil,Midjil,Mahabubnagar,2026-07-16,FAC007,Fever,Hypertension,Audio,21,Yes,Yes,Yes,30,7.6,Telugu,Good,Completed
TC0001649,TEP0001271,Mohan Goud,M,46,9947319669,Polepally,Jadcherla,Mahabubnagar,2026-07-26,FAC001,Routine NCD review,Gastrointestinal,Video,13,Yes,No,No,,25.4,Telugu,Good,Completed
TC0001650,TEP0001272,Vinod Devi,M,59,9242249061,Kangti,Narayankhed,Sangareddy,2026-06-05,FAC019,Routine NCD review,Other,Audio,18,Yes,Yes,Yes,14,20.3,Telugu,Fair,Completed
TC0001651,TEP0001273,Deepika Khan,F,62,9339630005,Jharasangam,Zaheerabad,Sangareddy,2026-02-01,FAC022,Cough,Gastrointestinal,Video,7,Yes,No,Yes,7,5.6,Telugu,Fair,Completed
TC0001652,TEP0001274,Naresh Reddy,M,51,,Kummarikunta,Chandur,Nalgonda,2026-03-13,FAC014,Headache,Hypertension,Assisted video,17,Yes,Yes,Yes,30,7.3,Telugu,Good,Completed
TC0001653,TEP0001274,Naresh Reddy,M,49,9739158447,Kummarikunt,Chandur,Nalgonda,2026-08-12,FAC014,Fever,Hypertension,Video,24,Yes,Yes,Yes,7,7.3,Telugu,Fair,Completed
TC0001654,TEP0001275,Arun Mallaiah,M,37,9834917290,Donur,Midjil,Mahabubnagar,2026-06-08,FAC008,Fever,Respiratory,Assisted video,15,Yes,No,Yes,21,9.4,Telugu,Poor,Completed
TC0001655,TEP0001275,Arun Mallaiah,M,37,9834917290,Donur,Midjil,Mahabubnagar,2026-08-13,FAC009,Abdominal discomfort,Musculoskeletal,Assisted video,10,Yes,No,Yes,30,14.1,Telugu,Fair,Completed
TC0001656,TEP0001276,Renuka Jangam,F,49,9098597493,Gangapur,Jadcherla,Mahabubnagar,2026-04-26,FAC003,Body pain,Other,Video,13,Yes,No,Yes,14,26.4,Urdu,Fair,Completed
TC0001657,TEP0001276,Renuka Jangam,F,49,9098597413,Gangapur,Jadcherla,Mahabubnagar,2026-06-05,FAC001,Fever,Diabetes,Audio,22,No,No,No,,20.2,Urdu,Good,Completed
TC0001658,TEP0001277,Padma Khan,F,62,9298999250,Bodajanampet,Balanagar,Mahabubnagar,2026-05-01,FAC006,Dizziness,Fever/Infection,Audio,8,No,No,Yes,7,33.3,Telugu,Fair,Completed
TC0001659,TEP0001277,Padma Khan,F,62,,Bodajanampet,Balanagar,Mahabubnagar,2026-06-01,FAC004,Abdominal discomfort,Other,Assisted video,17,Yes,No,Yes,30,27.6,Telugu,Fair,Completed
TC0001660,TEP0001278,Renuka Reddy,F,62,9708366095,Patancheru,Patancheru,Sangareddy,2026-03-02,FAC025,Dizziness,Other,Video,13,No,No,Yes,7,25.4,Telugu,Poor,Completed
TC0001661,TEP0001279,Renuka Das,F,58,9142037456,DEVARAKONDA,Devarakonda,Nalgonda,2026-06-11,FAC012,Body pain,Hypertension+Diabetes,Assisted video,9,Yes,Yes,Yes,21,22.1,Telugu,Good,Completed
TC0001662,TEP0001280,Bhvani Reddy,F,27,9259837291,Kallepally,Balanagar,Mahabubnagar,2026-03-06,FAC005,Fever,Gastrointestinal,Assisted video,9,Yes,No,Yes,30,26.2,Telugu,Good,Completed
TC0001663,TEP0001280,Bhavani Reddy,F,27,,Kallepally,Balanagar,Mahabubnagar,2026-04-24,FAC006,Body pain,Fever/Infection,Assisted video,7,Yes,No,Yes,30,35.4,Telugu,Fair,Completed
TC0001664,TEP0001280,Bhavani Reddy,F,29,9259837291,Kallepally,Balanagar,Mahabubnagar,2026-06-08,FAC006,Routine NCD review,Dermatology,Video,17,No,No,Yes,14,35.4,Telugu,Good,Completed
TC0001665,TEP0001281,Mohan Devi,M,28,+91-99762-10448,Devarakond,Devarakonda,Nalgonda,2026-07-28,FAC010,Headache,Gastrointestinal,Audio,22,Yes,No,Yes,14,22.8,Telugu,Poor,Completed
TC0001666,TEP0001282,Nirmala Kumar,F,50,9112332653,Nermata,Chandur,Nalgonda,2026-02-17,FAC013,Fever,Hypertension+Diabetes,Video,15,Yes,Yes,No,,19.7,Telugu,Fair,Completed
TC0001667,TEP0001282,Nirmala Kumar,F,51,9112332653,Nermata,Chandur,Nalgonda,2026-07-02,FAC015,Body pain,Hypertension,Assisted video,17,Yes,Yes,No,,22.4,Telugu,Fair,Completed
TC0001668,TEP0001283,Renuka Mudiraj,F,22,9429537549,Kohir,Zaheerabad,Sangareddy,2026-02-02,FAC023,Dizziness,Gastrointestinal,Audio,20,Yes,No,No,,15.7,Telugu,Poor,Completed
TC0001669,TEP0001283,Renuka Mudiraj,F,22,9429537549,Kohir,Zaheerabad,Sangareddy,2026-02-12,FAC023,Skin complaint,Fever/Infection,Video,14,Yes,No,Yes,14,15.7,Telugu,Fair,Completed
TC0001670,TEP0001284,Arun Laxman,M,38,9337618495,Peddadinne,Devarakonda,Nalgonda,2026-07-07,FAC011,Cough,Hypertension,Assisted video,15,Yes,Yes,Yes,14,13.9,Telugu,Good,Completed
TC0001671,TEP0001285,Divya Khan,F,54,,Chandur,Chandur,Nalgonda,2026-02-20,FAC014,Fever,Hypertension,Assisted video,22,No,Yes,No,,20.6,Telugu,Fair,Completed
TC0001672,TEP0001286,Susma Mudiraj,F,18,,Balanagar,Balanagar,Mahabubnagar,2026-04-28,FAC005,Routine NCD review,Hypertension,Audio,17,Yes,Yes,Yes,7,10.4,Telugu,Poor,Completed
TC0001673,TEP0001286,Sushma Mudiraj,F,20,9673759048,Balanagar,Balanagar,Mahabubnagar,2026-06-01,FAC005,Dizziness,Hypertension,Assisted video,13,Yes,Yes,No,,10.4,Telugu,Poor,Completed
TC0001674,TEP0001287,Nirmala Laxman,F,82,9098648796,Kummarikunta,Chandur,Nalgonda,2026-05-14,FAC014,Skin complaint,Fever/Infection,Assisted video,11,Yes,No,Yes,14,7.3,Telugu,Poor,Completed
TC0001675,TEP0001288,Rajesh Devi,M,85,9808820784,Gundlapally,Devarakonda,Nalgonda,2026-05-12,FAC010,Abdominal discomfort,Other,Assisted video,7,Yes,No,Yes,7,26.3,Telugu,Fair,Completed
TC0001676,TEP0001289,Kiran Begum,M,41,9196278382,VEMULA,Midjil,Mahabubnagar,2026-02-27,FAC007,Body pain,Dermatology,Video,11,Yes,No,Yes,7,25.7,English,Fair,Completed
TC0001677,TEP0001290,Sai Chary,M,67,,Marrur,Nakrekal,Nalgonda,2026-01-02,FAC018,Abdominal discomfort,Diabetes,Audio,13,No,No,Yes,30,6.7,Telugu,Poor,Completed
TC0001678,TEP0001290,Sai Chary,M,65,9560071683,Marrur,Nakrekal,Nalgonda,2026-01-14,FAC017,Fever,Dermatology,Video,24,Yes,Yes,No,,25.8,Telugu,Good,Completed
TC0001679,TEP0001291,Srilatha Reddy,F,29,9338090114,Midjil,Midjil,Mahabubnagar,2026-06-16,FAC009,Cough,Hypertension,Video,18,Yes,No,No,,19.5,Telugu,Fair,Completed
TC0001680,TEP0001292,Padma Reddy,F,46,9709812778,Jharasangam,Zaheerabad,Sangareddy,2026-02-10,FAC024,Fever,Musculoskeletal,Assisted video,10,Yes,No,Yes,14,2.6,Urdu,Good,Completed
TC0001681,TEP0001293,Santosh Kumar,M,47,9862928668,Patancheru,Patancheru,Sangareddy,2026-01-22,FAC027,Skin complaint,Hypertension,Audio,13,Yes,Yes,Yes,14,36.3,Telugu,Poor,Completed
TC0001682,TEP0001294,Shankar Mudiraj,M,39,9764374996,Rajapur,Balanagar,Mahabubnagar,2026-06-21,FAC004,Abdominal discomfort,Gastrointestinal,Video,21,No,No,Yes,30,13.9,Telugu,Poor,Completed
TC0001683,TEP0001295,Ravi Basha,M,43,9043513875,Mogudampally,Zaheerabad,Sangareddy,2026-02-09,FAC024,Headache,Dermatology,Assisted video,7,No,No,Yes,30,16.8,Telugu,Poor,Completed
TC0001684,TEP0001296,Srinivas Reddy,M,40,9287278807,Indresham,Patancheru,Sangareddy,2026-06-22,FAC025,Dizziness,Respiratory,Video,16,Yes,No,Yes,30,19.2,Telugu,Poor,Completed
TC0001685,TEP0001297,Venkatesh Kumar,M,39,+91-97504-05476,RAJAPUR,Balanagar,Mahabubnagar,2026-07-17,FAC005,Cough,Musculoskeletal,Video,16,Yes,Yes,No,,12.6,Telugu,Fair,Completed
TC0001686,TEP0001297,Venkatesh Kumar,M,37,9750405476,Rajapu,Balanagar,Mahabubnagar,2026-08-09,FAC006,Skin complaint,Hypertension,Assisted video,22,Yes,Yes,Yes,14,8.7,Telugu,Good,Completed
TC0001687,TEP0001298,Suresh Reddy,M,71,9469594937,Nermata,Chandur,Nalgonda,2026-07-18,FAC014,Fever,Respiratory,Audio,15,Yes,No,Yes,14,19.2,Telugu,Poor,Completed
TC0001688,TEP0001299,Naveen Reddy,M,31,9702672061,Gangapur,Jadcherla,Mahabubnagar,2026-06-08,FAC003,Cough,Fever/Infection,Video,16,No,No,Yes,21,26.4,Telugu,Fair,Completed
TC0001689,TEP0001300,Praveen Goud,M,51,9074065227,Donur,Midjil,Mahabubnagar,2026-03-12,FAC007,Cough,Fever/Infection,Assisted video,15,Yes,Yes,No,,23.7,Telugu,Fair,Completed
TC0001690,TEP0001301,Suresh Mallaiah,M,67,9131070236,Zaheerabad,Zaheerabad,Sangareddy,2026-07-12,FAC023,Headache,Other,Video,19,No,No,Yes,30,17.3,Telugu,Good,Completed
TC0001691,TEP0001301,Suresh Mallaiah,M,67,9131070236,Zaheerabad,Zaheerabad,Sangareddy,2026-08-02,FAC022,Abdominal discomfort,Respiratory,Video,9,Yes,Yes,No,,25.3,Telugu,Fair,Completed
TC0001692,TEP0001302,Srilatha Begum,F,76,9258343265,Vemula,Midjil,Mahabubnagar,2026-07-18,FAC009,Routine NCD review,Other,Audio,17,No,No,Yes,7,7.3,Telugu,Poor,Completed
TC0001693,TEP0001303,Rajesh Naik,M,41,9128505082,Nakrekal,Nakrekal,Nalgonda,2026-08-10,FAC018,Headache,Diabetes,Audio,22,No,Yes,Yes,7,16.2,Telugu,Poor,Completed
TC0001694,TEP0001304,Ramesh Kumar,M,47,9459590682,Mogudampally,Zaheerabad,Sangareddy,2026-02-28,FAC024,Fever,Hypertension,Video,17,Yes,No,No,,16.8,Telugu,Poor,Completed
TC0001695,TEP0001305,Raghav Narsimha,M,65,9522803205,Indresham,Patancheru,Sangareddy,2026-01-26,FAC026,Cough,Other,Assisted video,7,Yes,Yes,Yes,30,11.5,Telugu,Fair,Completed
TC0001696,TEP0001306,Jyothi Yadav,F,18,9947164978,Nakrekal,Nakrekal,Nalgonda,2026-07-22,FAC016,Skin complaint,Respiratory,Audio,22,Yes,No,No,,35.5,Telugu,Good,Completed
TC0001697,TEP0001307,Srinivas Kumar,M,51,9867277259,Bodajanampet,Balanagar,Mahabubnagar,2026-03-19,FAC006,Routine NCD review,Fever/Infection,Audio,12,Yes,Yes,Yes,14,33.3,Telugu,Good,Completed
TC0001698,TEP0001308,Srinivas Krishna,M,41,+91-97054-45623,Narayankhed,Narayankhed,Sangareddy,2026-05-05,FAC020,Headache,Musculoskeletal,Video,20,No,No,Yes,21,23.7,Urdu,Fair,Completed
TC0001699,TEP0001308,Srinivas Krishna,M,40,9705445623,Narayankhed,Narayankhed,Sangareddy,2026-06-20,FAC019,Body pain,Hypertension,Assisted video,8,Yes,No,Yes,21,28.2,Urdu,Fair,Completed
TC0001700,TEP0001309,Raghav Rao,M,48,+91-91797-94867,Peddadinne,Devarakonda,Nalgonda,2026-08-13,FAC010,Headache,Gastrointestinal,Assisted video,17,Yes,No,Yes,30,7.4,Telugu,Poor,Completed
TC0001701,TEP0001310,Laksmi Patel,F,21,9348868408,Mogudampally,Zaheerabad,Sangareddy,2026-02-17,FAC023,Skin complaint,Hypertension,Audio,14,No,No,Yes,30,22.3,Telugu,Good,Completed
TC0001702,TEP0001311,Sareetha Laxman,F,45,9840916873,Kallepall,Balanagar,Mahabubnagar,2026-01-17,FAC004,Fever,Respiratory,Assisted video,24,No,No,Yes,7,26.4,Telugu,Fair,Completed
TC0001703,TEP0001312,Kavitha Das,F,75,9516163440,Kummarikunta,Chandur,Nalgonda,2026-01-27,FAC013,Abdominal discomfort,Diabetes,Audio,11,Yes,Yes,Yes,21,6.5,Urdu,Poor,Completed
TC0001704,TEP0001313,Bhavani Rao,F,73,9443108579,Patancheru,Patancheru,Sangareddy,2026-08-11,FAC026,Body pain,Diabetes,Assisted video,21,No,No,No,,23.1,Telugu,Poor,Completed
TC0001705,TEP0001314,Naresh Rao,M,63,9613534083,Bhanu,Patancheru,Sangareddy,2026-02-03,FAC027,Body pain,Hypertension,Video,15,No,No,No,,18.4,Telugu,Fair,Completed
TC0001706,TEP0001314,Naresh Rao,M,63,9613534083,Bhanur,Patancheru,Sangareddy,2026-03-08,FAC027,Routine NCD review,Hypertension,Video,14,Yes,Yes,Yes,14,18.4,Telugu,Good,Completed
TC0001707,TEP0001315,Prveen Das,M,64,9841444664,Bangarigadda,Chandur,Nalgonda,2026-06-14,FAC015,Headache,Hypertension,Video,9,Yes,Yes,Yes,7,18.0,Urdu,Fair,Completed
TC0001708,TEP0001315,Pravin Das,M,65,9861444664,Bangarigadda,Chandur,Nalgonda,2026-08-10,FAC015,Skin complaint,Musculoskeletal,Audio,14,Yes,No,Yes,14,18.0,Urdu,Poor,Completed
TC0001709,TEP0001316,Mounika Krishna,F,77,9368455355,Indresham,Patancheru,Sangareddy,2026-06-02,FAC025,Body pain,Hypertension,Assisted video,8,Yes,No,Yes,30,19.2,Telugu,Good,Completed
TC0001710,TEP0001317,Srinivas Naik,M,53,9532868642,Jharasangam,Zaheerabad,Sangareddy,2026-03-17,FAC023,Abdominal discomfort,Musculoskeletal,Audio,12,Yes,No,Yes,21,18.7,Telugu,Good,Completed
TC0001711,TEP0001318,Shobha Patel,F,28,9319414135,Manoor,Narayankhed,Sangareddy,2026-05-01,FAC020,Fever,Other,Audio,14,Yes,Yes,No,,21.7,Telugu,Good,Completed
TC0001712,TEP0001319,Naresh Kumar,M,43,+91-95404-14536,Chandur,Chandur,Nalgonda,2026-01-24,FAC013,Fever,Fever/Infection,Audio,21,No,No,Yes,30,21.3,Telugu,Good,Completed
TC0001713,TEP0001320,Mounik Chary,F,58,9244340107,Nermata,Chandur,Nalgonda,2026-04-04,FAC013,Body pain,Musculoskeletal,Audio,21,Yes,Yes,Yes,14,19.7,Telugu,Good,Completed
TC0001714,TEP0001321,Suresh Jangam,M,36,9323828283,Kangti,Narayankhed,Sangareddy,2026-03-05,FAC021,Fever,Respiratory,Video,24,Yes,No,No,,27.8,Urdu,Poor,Completed
TC0001715,TEP0001322,Lalitha Devi,F,63,9405015204,Gundlapally,Devarakonda,Nalgonda,2026-03-09,FAC010,Fever,Fever/Infection,Assisted video,23,Yes,Yes,Yes,7,26.3,English,Poor,Completed
TC0001716,TEP0001322,Lalitha,F,64,,Gundlapally,Devarakonda,Nalgonda,2026-04-17,FAC010,Cough,Dermatology,Video,9,Yes,No,Yes,7,26.3,English,Good,Completed
TC0001717,TEP0001323,Nirmala Reddy,F,88,9243576108,Kalher,Narayankhed,Sangareddy,2026-01-26,FAC021,Fever,Diabetes,Video,21,No,No,Yes,30,22.9,Urdu,Fair,Completed
TC0001718,TEP0001324,Ravi Basha,M,61,9397327139,Mogudampalli,Zaheerabad,Sangareddy,2026-02-09,FAC024,Cough,Dermatology,Assisted video,7,Yes,No,Yes,21,16.8,Telugu,Poor,Completed
TC0001719,TEP0001325,Swathi Chary,F,18,9365163991,Kondamallepally,Devarakonda,Nalgonda,2026-01-18,FAC012,Body pain,Musculoskeletal,Audio,15,No,No,Yes,30,19.6,Telugu,Poor,Completed
TC0001720,TEP0001325,Swathi Chary,F,18,9365163991,Kondamallepally,Devarakonda,Nalgonda,2026-06-25,FAC010,Routine NCD review,Other,Video,15,Yes,No,Yes,7,20.0,Telugu,Fair,Completed
TC0001721,TEP0001326,Santosh Devi,M,32,+91-92105-92445,Bodajanampet,Balanagar,Mahabubnagar,2026-05-05,FAC004,Abdominal discomfort,Musculoskeletal,Audio,16,Yes,Yes,No,,27.6,Telugu,Fair,Completed
TC0001722,TEP0001326,Santosh Devi,M,32,9210592445,Bodajanampet,Balanagar,Mahabubnagar,2026-07-22,FAC005,Fever,Hypertension,Video,21,No,Yes,Yes,21,26.6,Telugu,Good,Completed
TC0001723,TEP0001327,Swathi Jangam,F,24,,Midjil,Midjil,Mahabubnagar,2026-05-26,FAC009,Fever,Hypertension+Diabetes,Video,20,No,Yes,No,,19.5,English,Fair,Completed
TC0001724,TEP0001328,Rajesh Yadav,M,50,9001776639,Bodajanampet,Balanagar,Mahabubnagar,2026-03-05,FAC004,Cough,Other,Audio,17,Yes,No,Yes,21,27.6,Telugu,Fair,Completed
TC0001725,TEP0001329,Padma Basha,F,49,9662860491,Marrur,Nakrekal,Nalgonda,2026-04-09,FAC018,Routine NCD review,Diabetes,Audio,8,Yes,No,No,,6.7,Telugu,Good,Completed
TC0001726,TEP0001329,Padma Basha,F,48,9662860491,Marrur,Nakrekal,Nalgonda,2026-07-08,FAC017,Fever,Other,Audio,14,Yes,No,No,,25.8,Telugu,Poor,Completed
TC0001727,TEP0001330,Ramesh Begum,M,45,,Kangti,Narayankhed,Sangareddy,2026-03-03,FAC019,Body pain,Diabetes,Assisted video,20,Yes,No,Yes,14,20.3,Telugu,Good,Completed
TC0001728,TEP0001331,Suresh Rao,M,45,+91-92663-59852,Zaheerabad,Zaheerabad,Sangareddy,2026-04-27,FAC022,Abdominal discomfort,Dermatology,Assisted video,19,Yes,No,Yes,7,25.3,Telugu,Good,Completed
TC0001729,TEP0001332,Srinivas Yadav,M,55,9196906442,Nermata,Chandur,Nalgonda,2026-01-27,FAC013,Skin complaint,Diabetes,Assisted video,16,Yes,Yes,Yes,21,19.7,Telugu,Fair,Completed
TC0001730,TEP0001333,Naresh Narsimha,M,18,9387993299,Bodajanampet,Balanagar,Mahabubnagar,2026-08-01,FAC006,Body pain,Diabetes,Audio,13,Yes,Yes,No,,33.3,Telugu,Good,Completed
TC0001731,TEP0001334,Shobha Chary,F,29,,Balanagar,Balanagar,Mahabubnagar,2026-05-30,FAC004,Cough,Musculoskeletal,Video,19,Yes,No,No,,10.8,Telugu,Fair,Completed
TC0001732,TEP0001335,Lalitha Basha,F,71,9970810894,Jharasangam,Zaheerabad,Sangareddy,2026-05-30,FAC023,Routine NCD review,Dermatology,Audio,9,Yes,No,Yes,21,18.7,Telugu,Poor,Completed
TC0001733,TEP0001335,Laleetha Basha,F,69,9970810894,Jharasangam,Zaheerabad,Sangareddy,2026-06-26,FAC024,Body pain,Respiratory,Assisted video,16,Yes,No,Yes,21,2.6,Telugu,Fair,Completed
TC0001734,TEP0001336,Naresh Begum,M,59,9872183605,Bodajanampet,Balanagar,Mahabubnagar,2026-05-03,FAC004,Headache,Hypertension,Assisted video,13,Yes,Yes,Yes,14,27.6,Telugu,Poor,Completed
TC0001735,TEP0001337,Saritha Shekar,F,72,9559349913,Mogudampally,Zaheerabad,Sangareddy,2026-02-05,FAC024,Abdominal discomfort,Hypertension,Video,11,Yes,No,Yes,14,16.8,Telugu,Good,Completed
TC0001736,TEP0001337,Saritha Shekar,F,73,9559349913,Mogudampalli,Zaheerabad,Sangareddy,2026-04-05,FAC024,Fever,Fever/Infection,Assisted video,22,Yes,No,No,,16.8,Telugu,Fair,Completed
TC0001737,TEP0001338,Sai Reddy,M,67,9813257692,Kummarikunta,Chandur,Nalgonda,2026-06-23,FAC014,Headache,Diabetes,Audio,20,Yes,Yes,Yes,30,7.3,Telugu,Good,Completed
TC0001738,TEP0001339,Ravi Laxman,M,50,9830177445,Kallepally,Balanagar,Mahabubnagar,2026-01-24,FAC006,Abdominal discomfort,Diabetes,Audio,17,Yes,Yes,Yes,7,35.4,Telugu,Fair,Completed
TC0001739,TEP0001339,Ravi Laxman,M,51,9830177445,Kallepally,Balanagar,Mahabubnagar,2026-02-14,FAC006,Cough,Diabetes,Video,9,Yes,Yes,No,,35.4,Telugu,Poor,Completed
TC0001740,TEP0001339,Ravi Laxman,M,50,9830177445,Kallepally,Balanagar,Mahabubnagar,2026-03-14,FAC006,Skin complaint,Diabetes,Video,9,Yes,No,Yes,14,35.4,Telugu,Fair,Completed
TC0001741,TEP0001340,Suresh Patel,M,62,9790656676,Gundlapally,Devarakonda,Nalgonda,2026-07-20,FAC012,Dizziness,Respiratory,Audio,15,Yes,No,Yes,14,25.4,Telugu,Fair,Completed
TC0001742,TEP0001340,Suresh Patel,M,62,9790656676,Gundlapalli,Devarakonda,Nalgonda,2026-07-31,FAC010,Abdominal discomfort,Dermatology,Audio,9,Yes,Yes,No,,26.3,Telugu,Good,Completed
TC0001743,TEP0001341,Anil Goud,M,69,9479406832,Gangapur,Jadcherla,Mahabubnagar,2026-05-19,FAC002,Headache,Other,Video,9,Yes,Yes,Yes,21,38.9,Telugu,Good,Completed
TC0001744,TEP0001342,Anjali Patel,F,40,9954792582,Rajapur,Balanagar,Mahabubnagar,2026-06-08,FAC005,Fever,Musculoskeletal,Audio,13,Yes,No,Yes,7,12.6,Telugu,Fair,Completed
TC0001745,TEP0001343,Lakshmi,F,43,9180678308,Mogudampally,Zaheerabad,Sangareddy,2026-03-16,FAC024,Skin complaint,Hypertension,Assisted video,12,No,Yes,No,,16.8,Telugu,Poor,Completed
TC0001746,TEP0001344,Anjali Rao,F,57,,Indresham,Patancheru,Sangareddy,2026-01-23,FAC026,Cough,Hypertension,Audio,19,No,Yes,No,,11.5,Telugu,Good,Completed
TC0001747,TEP0001345,Anjali Begum,F,47,9248529644,Jharasangam,Zaheerabad,Sangareddy,2026-03-18,FAC024,Routine NCD review,Hypertension,Assisted video,7,Yes,Yes,No,,2.6,Urdu,Poor,Completed
TC0001748,TEP0001346,Ramesh Devi,M,60,9756910956,RAJAPUR,Balanagar,Mahabubnagar,2026-02-27,FAC006,Body pain,Fever/Infection,Video,21,Yes,No,No,,8.7,Telugu,Poor,Completed
TC0001749,TEP0001347,Deepika Devi,F,46,9002851011,Zaheerabad,Zaheerabad,Sangareddy,2026-02-13,FAC024,Dizziness,Other,Assisted video,16,Yes,No,Yes,21,28.3,Telugu,Poor,Completed
TC0001750,TEP0001347,Deepika Devi,F,48,+91-90028-51011,Zaheerabad,Zaheerabad,Sangareddy,2026-04-19,FAC023,Routine NCD review,Other,Audio,11,Yes,Yes,No,,17.3,Telugu,Good,Completed
TC0001751,TEP0001347,Deepika,F,48,9002851011,Zaheerabad,Zaheerabad,Sangareddy,2026-07-15,FAC023,Body pain,Gastrointestinal,Video,24,Yes,No,Yes,21,17.3,Telugu,Poor,Completed
TC0001752,TEP0001348,Shobha Basha,F,79,9670751243,DONUR,Midjil,Mahabubnagar,2026-01-07,FAC009,Body pain,Hypertension,Audio,18,No,No,Yes,14,14.1,Telugu,Fair,Completed
TC0001753,TEP0001349,Bhavani Begum,F,42,9776107648,Bodajanampet,Balanagar,Mahabubnagar,2026-06-08,FAC005,Cough,Diabetes,Assisted video,20,Yes,Yes,No,,26.6,Urdu,Fair,Completed
TC0001754,TEP0001349,Bhavani Begum,F,42,+91-97761-07648,BODAJANAMPET,Balanagar,Mahabubnagar,2026-08-06,FAC006,Body pain,Hypertension,Audio,14,Yes,No,Yes,14,33.3,Urdu,Fair,Completed
TC0001755,TEP0001350,Mhesh Yadav,M,88,9666532345,Badepally,Jadcherla,Mahabubnagar,2026-03-11,FAC003,Dizziness,Hypertension+Diabetes,Audio,10,No,Yes,Yes,21,5.1,Telugu,Good,Completed
TC0001756,TEP0001350,Mahesh Yadaw,M,88,9666532345,Badepally,Jadcherla,Mahabubnagar,2026-04-28,FAC002,Skin complaint,Hypertension+Diabetes,Assisted video,20,No,Yes,No,,19.9,Telugu,Poor,Completed
TC0001757,TEP0001351,Renuka Naik,F,68,9478341632,Jharasangam,Zaheerabad,Sangareddy,2026-07-01,FAC022,Abdominal discomfort,Musculoskeletal,Video,15,Yes,Yes,No,,5.6,Telugu,Good,Completed
TC0001758,TEP0001352,Anil Reddy,M,47,9096287577,Jharasangam,Zaheerabad,Sangareddy,2026-05-22,FAC023,Body pain,Gastrointestinal,Video,22,Yes,No,Yes,30,18.7,Telugu,Poor,Completed
TC0001759,TEP0001353,Shobha Naik,F,18,9854229414,MANGALAPALLY,Nakrekal,Nalgonda,2026-01-31,FAC017,Fever,Musculoskeletal,Audio,9,No,No,Yes,14,21.1,Telugu,Poor,Completed
TC0001760,TEP0001354,Suresh Narsimha,M,52,9522728346,KUMMARIKUNTA,Chandur,Nalgonda,2026-08-06,FAC015,Fever,Other,Audio,9,Yes,No,Yes,14,26.6,Telugu,Good,Completed
TC0001761,TEP0001355,Ravi Narsimha,M,33,9033751537,Midjil,Midjil,Mahabubnagar,2026-07-04,FAC009,Abdominal discomfort,Hypertension,Assisted video,13,Yes,Yes,Yes,21,19.5,Telugu,Poor,Completed
TC0001762,TEP0001356,Renuka Basha,F,42,9858126054,Kangti,Narayankhed,Sangareddy,2026-02-10,FAC020,Cough,Other,Assisted video,7,Yes,No,Yes,7,11.9,Telugu,Poor,Completed
TC0001763,TEP0001357,Renuka Rao,F,33,9004008110,Nakrekal,Nakrekal,Nalgonda,2026-08-12,FAC016,Fever,Diabetes,Audio,12,No,No,No,,35.5,Telugu,Fair,Completed
TC0001764,TEP0001358,Dipika Reddy,F,27,9546525028,Marrur,Nakrekal,Nalgonda,2026-04-15,FAC016,Abdominal discomfort,Gastrointestinal,Assisted video,17,Yes,No,Yes,30,36.5,Telugu,Good,Completed
TC0001765,TEP0001358,Deepika Reddy,F,25,+91-95465-25028,Marrur,Nakrekal,Nalgonda,2026-06-06,FAC016,Headache,Fever/Infection,Assisted video,18,Yes,No,Yes,21,36.5,Telugu,Good,Completed
TC0001766,TEP0001359,Rajesh Laxman,M,62,9517097552,Macharam,Jadcherla,Mahabubnagar,2026-03-01,FAC003,Routine NCD review,Fever/Infection,Video,20,Yes,Yes,Yes,30,12.8,Telugu,Good,Completed
TC0001767,TEP0001360,Divya Reddy,F,39,,Donur,Midjil,Mahabubnagar,2026-02-20,FAC009,Abdominal discomfort,Hypertension,Assisted video,19,Yes,No,No,,14.1,Telugu,Poor,Completed
TC0001768,TEP0001361,Naveen Krishna,M,58,+91-92917-39540,Narayankhed,Narayankhed,Sangareddy,2026-02-12,FAC019,Cough,Other,Audio,24,Yes,Yes,Yes,30,28.2,Telugu,Poor,Completed
TC0001769,TEP0001361,Naveen Krishna,M,60,+91-92917-39540,Narayankhed,Narayankhed,Sangareddy,2026-04-11,FAC021,Headache,Hypertension+Diabetes,Audio,12,Yes,No,Yes,30,7.0,Telugu,Fair,Completed
TC0001770,TEP0001362,Deepika Devi,F,25,9955153219,Kangti,Narayankhed,Sangareddy,2026-06-06,FAC020,Abdominal discomfort,Other,Video,11,Yes,No,No,,11.9,English,Good,Completed
TC0001771,TEP0001363,Rmesh Mallaiah,M,60,9816632876,Midjil,Midjil,Mahabubnagar,2026-02-10,FAC007,Headache,Dermatology,Video,12,Yes,Yes,Yes,7,7.6,Telugu,Good,Completed
TC0001772,TEP0001363,Ramesh Mallaiah,M,60,9816632876,Midjil,Midjil,Mahabubnagar,2026-07-13,FAC008,Headache,Fever/Infection,Assisted video,24,No,No,Yes,14,11.3,Telugu,Fair,Completed
TC0001773,TEP0001364,Kavitha Krishna,F,47,9609978082,MANOOR,Narayankhed,Sangareddy,2026-05-08,FAC020,Headache,Other,Video,15,Yes,No,Yes,7,21.7,Telugu,Good,Completed
TC0001774,TEP0001364,Kavitha Krishna,F,44,9609978082,Manoor,Narayankhed,Sangareddy,2026-05-23,FAC021,Skin complaint,Diabetes,Video,21,Yes,No,Yes,30,15.5,Telugu,Fair,Completed
TC0001775,TEP0001365,Padma Mudiraj,F,18,9630305523,Bhanur,Patancheru,Sangareddy,2026-03-18,FAC027,Routine NCD review,Diabetes,Assisted video,10,No,No,Yes,21,18.4,Telugu,Fair,Completed
TC0001776,TEP0001366,Pravin Begum,M,66,9662905690,Donur,Midjil,Mahabubnagar,2026-07-13,FAC008,Routine NCD review,Other,Video,7,Yes,No,Yes,21,9.4,Telugu,Good,Completed
TC0001777,TEP0001367,Naresh Narsimha,M,61,9211337500,Bhanur,Patancheru,Sangareddy,2026-01-03,FAC027,Skin complaint,Hypertension,Video,18,Yes,No,Yes,21,18.4,Telugu,Good,Completed
TC0001778,TEP0001368,Rani Shekar,F,44,,Kondamallepally,Devarakonda,Nalgonda,2026-01-24,FAC011,Body pain,Hypertension,Video,8,Yes,No,Yes,14,25.7,Telugu,Good,Completed
TC0001779,TEP0001369,Naresh Yadav,M,59,9348976864,Jharasangam,Zaheerabad,Sangareddy,2026-01-27,FAC024,Headache,Musculoskeletal,Video,22,Yes,No,Yes,30,2.6,Telugu,Poor,Completed
TC0001780,TEP0001370,Suresh Khan,M,64,,Vemula,Midjil,Mahabubnagar,2026-04-16,FAC007,Routine NCD review,Diabetes,Video,14,No,No,Yes,21,25.7,Telugu,Good,Completed
TC0001781,TEP0001371,Rajesh Goud,M,50,,Nakrekal,Nakrekal,Nalgonda,2026-06-15,FAC016,Cough,Dermatology,Video,12,Yes,No,Yes,21,35.5,Telugu,Poor,Completed
TC0001782,TEP0001372,Naresh Mudiraj,M,53,9825738604,Indresha,Patancheru,Sangareddy,2026-01-03,FAC027,Fever,Fever/Infection,Audio,21,Yes,No,Yes,14,22.3,Telugu,Fair,Completed
TC0001783,TEP0001372,Naresh Mudiraj,M,52,9825738604,Indresham,Patancheru,Sangareddy,2026-04-22,FAC025,Skin complaint,Diabetes,Video,11,Yes,Yes,Yes,21,19.2,Telugu,Poor,Completed
TC0001784,TEP0001373,Naresh Narsimha,M,35,9299791513,Nomula,Nakrekal,Nalgonda,2026-07-06,FAC016,Body pain,Other,Assisted video,12,Yes,Yes,No,,36.1,Telugu,Poor,Completed
TC0001785,TEP0001374,Anitha Laxman,F,40,+91-99932-87248,Macharam,Jadcherla,Mahabubnagar,2026-01-24,FAC002,Routine NCD review,Fever/Infection,Assisted video,8,Yes,No,Yes,30,29.4,Telugu,Fair,Completed
TC0001786,TEP0001375,Anil Rao,M,49,9072398106,Midjil,Midjil,Mahabubnagar,2026-02-07,FAC008,Cough,Hypertension,Audio,11,Yes,No,Yes,14,11.3,Telugu,Fair,Completed
TC0001787,TEP0001375,Anil Rao,M,49,+91-90723-98106,Midjil,Midjil,Mahabubnagar,2026-04-24,FAC008,Skin complaint,Hypertension,Assisted video,16,Yes,No,No,,11.3,Telugu,Good,Completed
TC0001788,TEP0001376,Naveen Das,M,55,9052132131,Macharam,Jadcherla,Mahabubnagar,2026-07-15,FAC001,Skin complaint,Other,Assisted video,13,Yes,Yes,No,,17.2,Urdu,Good,Completed
TC0001789,TEP0001377,Deepika Laxman,F,32,,Patancheru,Patancheru,Sangareddy,2026-03-14,FAC025,Routine NCD review,Hypertension+Diabetes,Video,24,No,No,Yes,30,25.4,Telugu,Good,Completed
TC0001790,TEP0001378,Naveen Basha,M,61,9943588428,Nermata,Chandur,Nalgonda,2026-06-06,FAC015,Skin complaint,Other,Audio,9,No,Yes,Yes,21,22.4,Urdu,Poor,Completed
TC0001791,TEP0001379,Renuka Kumar,F,56,9299083718,Mangalapally,Nakrekal,Nalgonda,2026-07-25,FAC016,Abdominal discomfort,Musculoskeletal,Audio,24,Yes,No,Yes,30,4.1,Telugu,Poor,Completed
TC0001792,TEP0001380,Saritha Mudiraj,F,18,9572866521,Kalher,Narayankhed,Sangareddy,2026-07-06,FAC020,Headache,Fever/Infection,Video,9,Yes,No,Yes,21,29.6,Telugu,Poor,Completed
TC0001793,TEP0001381,Venkatesh Rao,M,44,9453444223,KOHIR,Zaheerabad,Sangareddy,2026-03-15,FAC024,Dizziness,Other,Assisted video,11,No,No,Yes,7,6.4,Telugu,Good,Completed
TC0001794,TEP0001382,Kavitha Narsimha,F,62,9934873713,KUMMARIKUNTA,Chandur,Nalgonda,2026-02-03,FAC013,Body pain,Fever/Infection,Video,9,Yes,No,No,,6.5,Telugu,Good,Completed
TC0001795,TEP0001382,Kawitha Narsimha,F,64,9934873713,Kummarikunta,Chandur,Nalgonda,2026-04-22,FAC013,Routine NCD review,Gastrointestinal,Audio,18,Yes,No,Yes,21,6.5,Telugu,Poor,Completed
TC0001796,TEP0001383,Anjali Reddy,F,44,9546843700,Kalher,Narayankhed,Sangareddy,2026-06-07,FAC020,Cough,Diabetes,Assisted video,7,Yes,No,Yes,7,29.6,Telugu,Fair,Completed
TC0001797,TEP0001384,Nirmala Khan,F,46,9812508744,Gundlapally,Devarakonda,Nalgonda,2026-07-08,FAC011,Skin complaint,Gastrointestinal,Assisted video,16,No,No,Yes,7,29.4,Telugu,Poor,Completed
TC0001798,TEP0001385,Srilatha Mallaiah,F,52,9345530462,Zaheerabad,Zaheerabad,Sangareddy,2026-03-16,FAC022,Routine NCD review,Dermatology,Assisted video,16,No,No,Yes,30,25.3,Telugu,Good,Completed
TC0001799,TEP0001385,Srilatha Mallaiah,F,53,9345530462,Zaheerabad,Zaheerabad,Sangareddy,2026-05-15,FAC024,Dizziness,Respiratory,Video,7,Yes,No,No,,28.3,Telugu,Fair,Completed
TC0001800,TEP0001386,Praveen Reddy,M,55,9891309375,Bodajanampet,Balanagar,Mahabubnagar,2026-03-31,FAC006,Fever,Hypertension,Audio,8,No,No,Yes,14,33.3,Telugu,Good,Completed
TC0001801,TEP0001386,Praveen Reddy,M,54,9891309375,Bodajanampet,Balanagar,Mahabubnagar,2026-05-29,FAC004,Cough,Hypertension,Audio,7,Yes,No,Yes,14,27.6,Telugu,Good,Completed
TC0001802,TEP0001387,Sai Mallaiah,M,40,9253170989,Nomula,Nakrekal,Nalgonda,2026-03-21,FAC018,Abdominal discomfort,Other,Video,9,Yes,No,Yes,21,2.2,Telugu,Good,Completed
TC0001803,TEP0001387,Sai Mallaiah,M,37,9253170989,Nomula,Nakrekal,Nalgonda,2026-04-10,FAC018,Abdominal discomfort,Hypertension,Assisted video,20,Yes,No,No,,2.2,Telugu,Poor,Completed
TC0001804,TEP0001388,Shankar Narsimha,M,42,9580824373,Narayankhed,Narayankhed,Sangareddy,2026-01-21,FAC021,Headache,Dermatology,Audio,20,Yes,No,Yes,14,7.0,Telugu,Fair,Completed
TC0001805,TEP0001389,Ravi Krishna,M,79,+91-97712-76320,KALHER,Narayankhed,Sangareddy,2026-03-05,FAC021,Routine NCD review,Hypertension+Diabetes,Audio,18,Yes,No,Yes,14,22.9,Telugu,Fair,Completed
TC0001806,TEP0001390,Vinod Narsimha,M,59,,Polepally,Jadcherla,Mahabubnagar,2026-02-09,FAC001,Abdominal discomfort,Fever/Infection,Assisted video,13,Yes,No,Yes,14,25.4,Telugu,Fair,Completed
TC0001807,TEP0001390,Vinod Narsimha,M,61,9972779853,Polepally,Jadcherla,Mahabubnagar,2026-05-19,FAC003,Headache,Fever/Infection,Assisted video,20,No,Yes,Yes,14,21.0,Telugu,Poor,Completed
TC0001808,TEP0001391,Raghav Shekar,M,79,9975544749,Gangapur,Jadcherla,Mahabubnagar,2026-08-13,FAC001,Fever,Respiratory,Video,9,Yes,Yes,Yes,14,20.2,Urdu,Poor,Completed
TC0001809,TEP0001392,Harika Rao,F,34,9115526085,Zaheerabad,Zaheerabad,Sangareddy,2026-07-07,FAC024,Body pain,Hypertension,Audio,16,Yes,Yes,Yes,30,28.3,Telugu,Good,Completed
TC0001810,TEP0001392,Harika Rao,F,34,9015526085,Zaheerabad,Zaheerabad,Sangareddy,2026-08-14,FAC023,Cough,Hypertension+Diabetes,Audio,20,Yes,No,No,,17.3,Telugu,Poor,Completed
TC0001811,TEP0001393,Anjali Rao,F,65,+91-90033-92391,Donur,Midjil,Mahabubnagar,2026-04-22,FAC007,Headache,Other,Audio,20,Yes,No,No,,23.7,Telugu,Fair,Completed
TC0001812,TEP0001394,Mahesh Yadav,M,50,,Macharam,Jadcherla,Mahabubnagar,2026-07-15,FAC003,Body pain,Hypertension,Audio,10,Yes,Yes,Yes,21,12.8,English,Good,Completed
TC0001813,TEP0001395,Saritha Basha,F,39,,Zaheerabad,Zaheerabad,Sangareddy,2026-05-01,FAC022,Routine NCD review,Respiratory,Video,15,Yes,Yes,Yes,14,25.3,Telugu,Poor,Completed
TC0001814,TEP0001396,Vinod Kumr,M,66,9750359927,Indresham,Patancheru,Sangareddy,2026-01-21,FAC025,Cough,Other,Assisted video,16,Yes,No,Yes,7,19.2,Telugu,Poor,Completed
TC0001815,TEP0001397,Jyothi Basha,F,40,9136231113,Bodajanampet,Balanagar,Mahabubnagar,2026-05-31,FAC006,Fever,Dermatology,Assisted video,12,Yes,No,No,,33.3,Urdu,Poor,Completed
TC0001816,TEP0001398,Mohan Narsimha,M,43,9160095083,Jharasangam,Zaheerabad,Sangareddy,2026-03-29,FAC022,Fever,Fever/Infection,Assisted video,23,Yes,No,No,,5.6,Telugu,Fair,Completed
TC0001817,TEP0001399,Raju Naik,M,55,9410839214,Kalhe,Narayankhed,Sangareddy,2026-05-24,FAC019,Routine NCD review,Hypertension+Diabetes,Video,10,Yes,Yes,Yes,21,24.9,English,Good,Completed
TC0001818,TEP0001400,Kavitha Jangam,F,61,+91-91331-68513,Kondamallepally,Devarakonda,Nalgonda,2026-03-09,FAC011,Cough,Hypertension+Diabetes,Video,9,Yes,Yes,No,,25.7,Urdu,Good,Completed
TC0001819,TEP0001400,Kavitha Jangam,F,61,9137168513,Kondamallepally,Devarakonda,Nalgonda,2026-06-01,FAC010,Abdominal discomfort,Hypertension+Diabetes,Assisted video,12,Yes,No,Yes,21,20.0,Urdu,Poor,Completed
TC0001820,TEP0001400,Kavitha Jangam,F,62,9133168513,Kondamallepally,Devarakonda,Nalgonda,2026-07-24,FAC010,Dizziness,Hypertension+Diabetes,Assisted video,15,Yes,No,Yes,7,20.0,Urdu,Fair,Completed
TC0001821,TEP0001401,Praveen Patel,M,26,9456902653,Kohir,Zaheerabad,Sangareddy,2026-03-24,FAC024,Skin complaint,Other,Video,7,No,Yes,Yes,14,6.4,Telugu,Fair,Completed
TC0001822,TEP0001401,Praveen Patel,M,25,9456902653,KOHIR,Zaheerabad,Sangareddy,2026-04-11,FAC023,Dizziness,Respiratory,Audio,11,Yes,No,Yes,21,15.7,Telugu,Fair,Completed
TC0001823,TEP0001402,Srilatha Laxman,F,38,9654432680,Devarakonda,Devarakonda,Nalgonda,2026-05-18,FAC010,Dizziness,Other,Audio,22,Yes,No,Yes,21,22.8,Telugu,Good,Completed
TC0001824,TEP0001403,Anitha Narsimha,F,53,,Balanagar,Balanagar,Mahabubnagar,2026-05-19,FAC005,Skin complaint,Dermatology,Assisted video,15,Yes,Yes,Yes,21,10.4,Telugu,Fair,Completed
TC0001825,TEP0001404,Swathi Shekar,F,26,9848143330,Nomula,Nakrekal,Nalgonda,2026-07-28,FAC017,Dizziness,Diabetes,Video,10,Yes,No,Yes,21,29.9,Telugu,Fair,Completed
TC0001826,TEP0001405,Shankar Laxman,M,74,9407511725,Mogudampally,Zaheerabad,Sangareddy,2026-06-08,FAC024,Fever,Diabetes,Video,19,No,Yes,Yes,14,16.8,Telugu,Poor,Completed
TC0001827,TEP0001405,Shankar Laxman,M,74,9407511725,Mogudampally,Zaheerabad,Sangareddy,2026-07-12,FAC022,Routine NCD review,Diabetes,Assisted video,10,Yes,No,No,,13.2,Telugu,Good,Completed
TC0001828,TEP0001406,Srilatha Narsimha,F,35,+91-96100-86474,Patancheru,Patancheru,Sangareddy,2026-05-19,FAC025,Dizziness,Other,Assisted video,23,Yes,Yes,Yes,7,25.4,Telugu,Poor,Completed
TC0001829,TEP0001407,Shobha Mudiraj,F,25,9793502995,BADEPALLY,Jadcherla,Mahabubnagar,2026-04-30,FAC003,Dizziness,Diabetes,Audio,16,Yes,No,No,,5.1,Telugu,Poor,Completed
TC0001830,TEP0001407,Shobha,F,25,9793502995,Badepally,Jadcherla,Mahabubnagar,2026-07-11,FAC001,Abdominal discomfort,Dermatology,Assisted video,14,Yes,No,No,,11.4,Telugu,Poor,Completed
TC0001831,TEP0001408,Sai Mallaiah,M,34,9724684314,Mangalapall,Nakrekal,Nalgonda,2026-02-04,FAC016,Fever,Fever/Infection,Assisted video,24,No,No,Yes,14,4.1,Telugu,Poor,Completed
TC0001832,TEP0001408,Sai Mallaiah,M,34,9724684314,Mangalapalli,Nakrekal,Nalgonda,2026-08-14,FAC016,Abdominal discomfort,Respiratory,Audio,9,Yes,No,Yes,21,4.1,Telugu,Poor,Completed
TC0001833,TEP0001409,Sriltha Laxman,F,53,,Nomula,Nakrekal,Nalgonda,2026-06-15,FAC016,Headache,Hypertension,Audio,12,Yes,Yes,No,,36.1,Telugu,Fair,Completed
TC0001834,TEP0001410,Mahesh Jangam,M,86,+91-94071-44913,Ameenpur,Patancheru,Sangareddy,2026-07-05,FAC027,Abdominal discomfort,Respiratory,Audio,7,Yes,No,Yes,7,27.9,Telugu,Good,Completed
TC0001835,TEP0001411,Swathi Rao,F,36,9271695497,Gangapur,Jadcherla,Mahabubnagar,2026-03-20,FAC003,Cough,Diabetes,Video,7,Yes,No,No,,26.4,Telugu,Good,Completed
TC0001836,TEP0001411,Swathi Rao,F,36,9271695497,Gangapur,Jadcherla,Mahabubnagar,2026-05-29,FAC001,Routine NCD review,Diabetes,Audio,14,Yes,Yes,Yes,14,20.2,Telugu,Fair,Completed
TC0001837,TEP0001412,Vinod Goud,M,29,9002620316,Vemula,Midjil,Mahabubnagar,2026-04-01,FAC007,Dizziness,Respiratory,Assisted video,19,Yes,No,Yes,7,25.7,Telugu,Poor,Completed
TC0001838,TEP0001412,Vinod Goud,M,29,,VEMULA,Midjil,Mahabubnagar,2026-05-05,FAC007,Routine NCD review,Other,Video,14,No,Yes,Yes,14,25.7,Telugu,Good,Completed
TC0001839,TEP0001412,Vinod Goud,M,29,,Vemul,Midjil,Mahabubnagar,2026-08-08,FAC008,Abdominal discomfort,Respiratory,Assisted video,7,No,No,Yes,14,22.2,Telugu,Good,Completed
TC0001840,TEP0001413,Shankar Basha,M,41,9512074162,Peddadinne,Devarakonda,Nalgonda,2026-05-05,FAC012,Skin complaint,Other,Audio,9,No,Yes,Yes,21,6.6,Telugu,Fair,Completed
TC0001841,TEP0001414,Saritha Das,F,71,9602949242,Manoor,Narayankhed,Sangareddy,2026-02-03,FAC019,Skin complaint,Musculoskeletal,Audio,23,Yes,No,No,,33.3,Telugu,Good,Completed
TC0001842,TEP0001415,Swthi Naik,F,55,9686932604,Kohir,Zaheerabad,Sangareddy,2026-08-02,FAC023,Body pain,Hypertension,Audio,16,Yes,Yes,Yes,7,15.7,Telugu,Fair,Completed
TC0001843,TEP0001416,Venkatesh Mallaiah,M,48,9578186697,Mangalapally,Nakrekal,Nalgonda,2026-04-16,FAC018,Routine NCD review,Musculoskeletal,Video,24,No,No,Yes,14,35.0,Telugu,Good,Completed
TC0001844,TEP0001417,Raghav Basha,M,40,9572779547,Velpula,Midjil,Mahabubnagar,2026-04-17,FAC008,Headache,Diabetes,Assisted video,11,Yes,No,No,,12.6,Urdu,Good,Completed
TC0001845,TEP0001417,Raghav Basha,M,40,9572779547,Velpula,Midjil,Mahabubnagar,2026-05-05,FAC007,Skin complaint,Other,Audio,19,Yes,No,Yes,21,17.9,Urdu,Poor,Completed
TC0001846,TEP0001418,Ramesh Jangam,M,48,9187226722,Narayankhed,Narayankhed,Sangareddy,2026-05-05,FAC021,Abdominal discomfort,Diabetes,Audio,23,No,No,Yes,30,7.0,Telugu,Fair,Completed
TC0001847,TEP0001419,Naveen Das,M,74,9575973924,Velpula,Midjil,Mahabubnagar,2026-08-14,FAC007,Skin complaint,Fever/Infection,Assisted video,13,No,No,Yes,14,17.9,Telugu,Fair,Completed
TC0001848,TEP0001420,Padma Chary,F,57,9640360063,Peddadinne,Devarakonda,Nalgonda,2026-08-12,FAC012,Fever,Other,Video,7,Yes,Yes,Yes,14,6.6,Telugu,Poor,Completed
TC0001849,TEP0001421,Lakshmi Khan,F,57,9737104022,Kallepally,Balanagar,Mahabubnagar,2026-03-22,FAC006,Skin complaint,Diabetes,Video,22,No,No,Yes,30,35.4,Urdu,Fair,Completed
TC0001850,TEP0001421,Lakshmi Khan,F,55,9737108022,Kallepally,Balanagar,Mahabubnagar,2026-05-12,FAC004,Skin complaint,Diabetes,Assisted video,8,Yes,Yes,Yes,21,26.4,Urdu,Fair,Completed
TC0001851,TEP0001422,Raghav Laxman,M,49,9959345618,Indresham,Patancheru,Sangareddy,2026-02-12,FAC025,Cough,Hypertension+Diabetes,Assisted video,11,Yes,Yes,Yes,14,19.2,Telugu,Good,Completed
TC0001852,TEP0001423,Jyothi Goud,F,36,9752457299,BHANUR,Patancheru,Sangareddy,2026-07-07,FAC025,Cough,Gastrointestinal,Audio,7,Yes,No,Yes,14,18.7,Telugu,Good,Completed
TC0001853,TEP0001424,Harika Das,F,21,9065394507,Jharasangam,Zaheerabad,Sangareddy,2026-02-19,FAC024,Routine NCD review,Hypertension,Audio,15,Yes,Yes,Yes,21,2.6,Telugu,Fair,Completed
TC0001854,TEP0001425,Saritha Goud,F,59,9213173649,Polepally,Jadcherla,Mahabubnagar,2026-03-22,FAC001,Routine NCD review,Hypertension+Diabetes,Assisted video,8,Yes,Yes,Yes,14,25.4,Telugu,Good,Completed
TC0001855,TEP0001425,Saritha Goud,F,59,9210173649,Polepally,Jadcherla,Mahabubnagar,2026-04-05,FAC003,Headache,Hypertension+Diabetes,Audio,14,Yes,No,Yes,30,21.0,Telugu,Fair,Completed
TC0001856,TEP0001426,Anjali Yadav,F,53,9912717259,Chandur,Chandur,Nalgonda,2026-07-10,FAC013,Headache,Diabetes,Video,20,Yes,Yes,No,,21.3,Telugu,Fair,Completed
TC0001857,TEP0001426,Anjali Yadav,F,55,,Chandur,Chandur,Nalgonda,2026-08-07,FAC014,Cough,Diabetes,Video,22,No,No,Yes,21,20.6,Telugu,Poor,Completed
TC0001858,TEP0001427,Venkates Das,M,52,+91-92286-22378,Gundlapally,Devarakonda,Nalgonda,2026-05-28,FAC012,Abdominal discomfort,Respiratory,Video,18,Yes,No,Yes,14,25.4,Telugu,Fair,Completed
TC0001859,TEP0001428,Vinod Basha,M,41,9410452274,Gundlapalli,Devarakonda,Nalgonda,2026-06-01,FAC011,Fever,Musculoskeletal,Audio,16,Yes,No,Yes,21,29.4,Telugu,Fair,Completed
TC0001860,TEP0001428,Vinod Basha,M,44,9410452274,Gundlapally,Devarakonda,Nalgonda,2026-06-29,FAC012,Headache,Hypertension,Assisted video,23,Yes,Yes,Yes,30,25.4,Telugu,Fair,Completed
TC0001861,TEP0001429,Srilatha Rao,F,28,9412508794,Narayankhed,Narayankhed,Sangareddy,2026-05-15,FAC020,Abdominal discomfort,Hypertension+Diabetes,Video,20,No,No,Yes,14,23.7,Telugu,Fair,Completed
TC0001862,TEP0001430,Sai Jangam,M,41,9737994523,Kangti,Narayankhed,Sangareddy,2026-05-24,FAC019,Headache,Gastrointestinal,Assisted video,21,Yes,Yes,Yes,7,20.3,Telugu,Good,Completed
TC0001863,TEP0001431,Nirmala Krishna,F,42,+91-93228-28517,Rajapur,Balanagar,Mahabubnagar,2026-02-05,FAC004,Skin complaint,Diabetes,Audio,7,Yes,No,Yes,7,13.9,Telugu,Fair,Completed
TC0001864,TEP0001431,Nirmala Krishna,F,43,9322828517,Rajapur,Balanagar,Mahabubnagar,2026-03-26,FAC006,Routine NCD review,Fever/Infection,Audio,11,Yes,No,No,,8.7,Telugu,Poor,Completed
TC0001865,TEP0001432,Sai Chary,M,23,9411794633,Balanagar,Balanagar,Mahabubnagar,2026-04-27,FAC004,Body pain,Fever/Infection,Video,8,No,No,Yes,14,10.8,Telugu,Fair,Completed
TC0001866,TEP0001432,Saee Chary,M,24,9441794633,Balanagar,Balanagar,Mahabubnagar,2026-06-20,FAC005,Fever,Diabetes,Assisted video,14,No,No,Yes,21,10.4,Telugu,Poor,Completed
TC0001867,TEP0001433,Anjali Jangam,F,84,9035413259,Kondamallepally,Devarakonda,Nalgonda,2026-04-30,FAC011,Body pain,Diabetes,Audio,10,No,No,No,,25.7,Telugu,Good,Completed
TC0001868,TEP0001434,Deepika Goud,F,50,9184933758,Kallepally,Balanagar,Mahabubnagar,2026-07-31,FAC004,Body pain,Diabetes,Video,11,Yes,Yes,Yes,7,26.4,Telugu,Fair,Completed
TC0001869,TEP0001435,Anil Yadav,M,53,9498836636,Kohir,Zaheerabad,Sangareddy,2026-05-04,FAC024,Fever,Dermatology,Audio,11,Yes,No,No,,6.4,Telugu,Poor,Completed
TC0001870,TEP0001435,Anil Yadav,M,50,+91-94988-36636,Kohir,Zaheerabad,Sangareddy,2026-06-15,FAC024,Dizziness,Fever/Infection,Video,8,Yes,Yes,No,,6.4,Telugu,Fair,Completed
TC0001871,TEP0001436,Shobha Reddy,F,54,9581518910,Nakrekal,Nakrekal,Nalgonda,2026-06-18,FAC017,Headache,Hypertension,Video,20,Yes,No,No,,36.5,Telugu,Poor,Completed
TC0001872,TEP0001437,Venkatesh Mudiraj,M,39,9437075587,Bodajanampet,Balanagar,Mahabubnagar,2026-06-05,FAC006,Cough,Musculoskeletal,Video,18,Yes,No,No,,33.3,Telugu,Fair,Completed
TC0001873,TEP0001437,Venkatesh Mudiraj,M,41,9437075587,Bodajanampet,Balanagar,Mahabubnagar,2026-07-18,FAC005,Routine NCD review,Respiratory,Assisted video,15,Yes,Yes,Yes,30,26.6,Telugu,Poor,Completed
TC0001874,TEP0001438,Raju Basha,M,80,9182746543,Kallepally,Balanagar,Mahabubnagar,2026-04-16,FAC004,Body pain,Hypertension,Video,18,No,Yes,Yes,7,26.4,Telugu,Good,Completed
TC0001875,TEP0001439,Lalitha Mallaiah,F,54,9714477235,Kalher,Narayankhed,Sangareddy,2026-01-21,FAC021,Skin complaint,Gastrointestinal,Video,23,Yes,No,No,,22.9,Telugu,Fair,Completed
TC0001876,TEP0001439,Lalitha Mallaiah,F,55,+91-97144-77235,Kalher,Narayankhed,Sangareddy,2026-06-08,FAC021,Cough,Gastrointestinal,Audio,23,Yes,No,Yes,30,22.9,Telugu,Fair,Completed
TC0001877,TEP0001439,Lalitha Mallaiah,F,58,,Kalher,Narayankhed,Sangareddy,2026-07-10,FAC021,Cough,Respiratory,Video,15,Yes,No,Yes,21,22.9,Telugu,Poor,Completed
TC0001878,TEP0001440,Mounika Yadav,F,40,9338910461,Mogudampally,Zaheerabad,Sangareddy,2026-01-17,FAC024,Cough,Musculoskeletal,Assisted video,15,No,No,No,,16.8,Telugu,Fair,Completed
TC0001879,TEP0001440,Mounika Yadav,F,38,9338910461,Mogudampally,Zaheerabad,Sangareddy,2026-01-23,FAC023,Headache,Musculoskeletal,Assisted video,15,Yes,Yes,Yes,30,22.3,Telugu,Poor,Completed
TC0001880,TEP0001441,Divya Devi,F,62,9681947399,Nakrekal,Nakrekal,Nalgonda,2026-05-24,FAC018,Skin complaint,Gastrointestinal,Audio,8,Yes,No,Yes,7,16.2,Telugu,Good,Completed
TC0001881,TEP0001442,Ravi Goud,M,51,,Kondamallepally,Devarakonda,Nalgonda,2026-01-17,FAC010,Cough,Fever/Infection,Assisted video,24,Yes,No,Yes,21,20.0,Telugu,Good,Completed
TC0001882,TEP0001442,Ravi Goud,M,50,9082733944,Kondamallepally,Devarakonda,Nalgonda,2026-01-27,FAC010,Abdominal discomfort,Other,Assisted video,10,Yes,No,Yes,14,20.0,Telugu,Good,Completed
TC0001883,TEP0001443,Sushma Yadav,F,20,9056406908,Nermata,Chandur,Nalgonda,2026-03-18,FAC015,Fever,Gastrointestinal,Assisted video,16,Yes,Yes,Yes,14,22.4,Urdu,Good,Completed
TC0001884,TEP0001444,Rajesh Jangam,M,20,9722571631,Narayankhed,Narayankhed,Sangareddy,2026-03-06,FAC020,Routine NCD review,Other,Assisted video,16,No,No,Yes,21,23.7,Telugu,Fair,Completed
TC0001885,TEP0001445,Srilatha Narsimha,F,42,9218325004,Kangti,Narayankhed,Sangareddy,2026-04-01,FAC021,Routine NCD review,Diabetes,Audio,19,No,Yes,No,,27.8,Telugu,Fair,Completed
TC0001886,TEP0001446,Mounika Reddy,F,52,9686573540,Indresham,Patancheru,Sangareddy,2026-03-08,FAC026,Headache,Hypertension,Assisted video,18,No,No,Yes,21,11.5,Telugu,Good,Completed
TC0001887,TEP0001447,Naveen Chary,M,47,9257348749,Kohir,Zaheerabad,Sangareddy,2026-06-09,FAC024,Body pain,Gastrointestinal,Assisted video,16,No,No,Yes,21,6.4,Telugu,Poor,Completed
TC0001888,TEP0001447,Naveen Chary,M,47,9247348749,Kohir,Zaheerabad,Sangareddy,2026-06-30,FAC022,Routine NCD review,Gastrointestinal,Audio,18,Yes,No,No,,3.6,Telugu,Good,Completed
TC0001889,TEP0001448,Padma Begum,F,42,9181077713,MOGUDAMPALLY,Zaheerabad,Sangareddy,2026-08-10,FAC023,Fever,Hypertension,Audio,11,Yes,No,Yes,30,22.3,Telugu,Good,Completed
TC0001890,TEP0001449,Sushm Kumar,F,71,9875232726,Vemula,Midjil,Mahabubnagar,2026-02-23,FAC009,Fever,Dermatology,Video,15,No,No,Yes,30,7.3,Urdu,Fair,Completed
TC0001891,TEP0001449,Sushma Kumar,F,71,9875232726,VEMULA,Midjil,Mahabubnagar,2026-07-08,FAC009,Routine NCD review,Other,Audio,17,Yes,Yes,Yes,30,7.3,Urdu,Poor,Completed
TC0001892,TEP0001450,Rjesh Begum,M,87,,Gundlapally,Devarakonda,Nalgonda,2026-04-17,FAC010,Skin complaint,Gastrointestinal,Assisted video,24,Yes,No,Yes,14,26.3,Telugu,Fair,Completed
TC0001893,TEP0001450,Rajesh Begum,M,87,9443267304,Gundlapall,Devarakonda,Nalgonda,2026-05-23,FAC011,Dizziness,Dermatology,Audio,12,Yes,Yes,No,,29.4,Telugu,Poor,Completed
TC0001894,TEP0001451,Renuka Reddy,F,50,,Polepally,Jadcherla,Mahabubnagar,2026-08-08,FAC003,Skin complaint,Diabetes,Audio,24,No,Yes,No,,21.0,Telugu,Poor,Completed
TC0001895,TEP0001452,Shobh Khan,F,49,9617641192,Bodajanampet,Balanagar,Mahabubnagar,2026-01-25,FAC004,Body pain,Fever/Infection,Video,16,Yes,No,Yes,30,27.6,Telugu,Fair,Completed
TC0001896,TEP0001453,Swathi Das,F,45,,Nermata,Chandur,Nalgonda,2026-03-03,FAC015,Dizziness,Respiratory,Audio,17,Yes,Yes,Yes,7,22.4,Urdu,Fair,Completed
TC0001897,TEP0001454,Vinod,M,43,9300318449,Kohir,Zaheerabad,Sangareddy,2026-06-06,FAC022,Fever,Hypertension,Audio,22,Yes,No,Yes,30,3.6,Telugu,Fair,Completed
TC0001898,TEP0001455,Shankar Chary,M,23,9862681062,Bangarigadda,Chandur,Nalgonda,2026-07-26,FAC013,Skin complaint,Fever/Infection,Video,10,Yes,Yes,Yes,14,16.9,Telugu,Good,Completed
TC0001899,TEP0001456,Raju Jangam,M,55,9327505163,Mangalapally,Nakrekal,Nalgonda,2026-06-27,FAC017,Fever,Hypertension+Diabetes,Audio,18,Yes,Yes,No,,21.1,Telugu,Fair,Completed
TC0001900,TEP0001457,Jyothi Patel,F,53,9713684234,Chandur,Chandur,Nalgonda,2026-06-26,FAC015,Body pain,Hypertension+Diabetes,Audio,20,No,Yes,Yes,14,29.7,Telugu,Good,Completed
TC0001901,TEP0001458,Rani Kumar,F,40,9582792618,Bodajanampet,Balanagar,Mahabubnagar,2026-03-12,FAC005,Skin complaint,Dermatology,Assisted video,10,No,Yes,No,,26.6,Telugu,Good,Completed
TC0001902,TEP0001459,Anitha Mallaiah,F,54,9140697979,Zaheeraba,Zaheerabad,Sangareddy,2026-03-20,FAC022,Abdominal discomfort,Hypertension,Assisted video,15,Yes,No,Yes,14,25.3,Telugu,Good,Completed
TC0001903,TEP0001460,Padma Shekar,F,47,9110410815,Mogudampally,Zaheerabad,Sangareddy,2026-01-13,FAC024,Headache,Hypertension+Diabetes,Audio,17,Yes,No,No,,16.8,Urdu,Poor,Completed
TC0001904,TEP0001460,Padma Shekar,F,48,9110410815,Mogudampally,Zaheerabad,Sangareddy,2026-03-02,FAC022,Routine NCD review,Hypertension+Diabetes,Assisted video,23,No,Yes,Yes,7,13.2,Urdu,Poor,Completed
TC0001905,TEP0001461,Anil Narsimha,M,46,9872491476,Bodajanampet,Balanagar,Mahabubnagar,2026-01-20,FAC005,Skin complaint,Other,Assisted video,12,Yes,No,Yes,30,26.6,Telugu,Poor,Completed
TC0001906,TEP0001462,Arun Shekar,M,48,9794230026,Devarakonda,Devarakonda,Nalgonda,2026-08-10,FAC010,Dizziness,Gastrointestinal,Assisted video,15,Yes,No,Yes,30,22.8,Telugu,Fair,Completed
TC0001907,TEP0001463,Jyothi Krishna,F,42,9079760007,Narayankhed,Narayankhed,Sangareddy,2026-02-25,FAC020,Abdominal discomfort,Hypertension+Diabetes,Audio,11,Yes,Yes,Yes,30,23.7,Telugu,Poor,Completed
TC0001908,TEP0001464,Venkatesh Khan,M,87,9802598768,Velpula,Midjil,Mahabubnagar,2026-07-15,FAC007,Cough,Fever/Infection,Video,11,Yes,No,Yes,7,17.9,Telugu,Good,Completed
TC0001909,TEP0001465,Ravi Basha,M,58,9195353324,Kangti,Narayankhed,Sangareddy,2026-07-28,FAC020,Dizziness,Fever/Infection,Assisted video,20,Yes,Yes,Yes,14,11.9,Telugu,Fair,Completed
TC0001910,TEP0001466,Mahesh Chary,M,58,9487551763,Jharasangam,Zaheerabad,Sangareddy,2026-01-26,FAC022,Abdominal discomfort,Hypertension,Assisted video,14,Yes,Yes,Yes,30,5.6,Telugu,Good,Completed
TC0001911,TEP0001467,Sushma Das,F,54,9304206100,Donur,Midjil,Mahabubnagar,2026-05-05,FAC008,Cough,Hypertension+Diabetes,Audio,20,Yes,Yes,Yes,14,9.4,Telugu,Poor,Completed
TC0001912,TEP0001468,Srilatha Shekar,F,70,,Mangalapally,Nakrekal,Nalgonda,2026-01-20,FAC017,Cough,Dermatology,Assisted video,21,Yes,No,Yes,30,21.1,Urdu,Fair,Completed
TC0001913,TEP0001469,Swathi Jangam,F,48,9379409894,Mangalapally,Nakrekal,Nalgonda,2026-05-06,FAC016,Cough,Hypertension,Audio,9,Yes,No,Yes,21,4.1,Urdu,Poor,Completed
TC0001914,TEP0001469,Swathi Jangam,F,46,9379409894,Mangalapally,Nakrekal,Nalgonda,2026-06-02,FAC018,Skin complaint,Other,Audio,16,Yes,No,Yes,30,35.0,Urdu,Fair,Completed
TC0001915,TEP0001470,Suresh Ptel,M,69,9274284774,Ameenpur,Patancheru,Sangareddy,2026-01-13,FAC027,Skin complaint,Other,Audio,21,Yes,No,No,,27.9,Telugu,Poor,Completed
TC0001916,TEP0001471,Mounika Patel,F,18,9406662533,Narayankhed,Narayankhed,Sangareddy,2026-02-13,FAC019,Skin complaint,Hypertension+Diabetes,Video,21,Yes,No,No,,28.2,Telugu,Fair,Completed
TC0001917,TEP0001472,Kavitha Krishna,F,56,9337604164,Mogudampall,Zaheerabad,Sangareddy,2026-02-19,FAC024,Abdominal discomfort,Diabetes,Assisted video,15,No,No,Yes,7,16.8,Telugu,Poor,Completed
TC0001918,TEP0001473,sankar Rao,M,58,,Manoor,Narayankhed,Sangareddy,2026-07-23,FAC021,Routine NCD review,Diabetes,Assisted video,12,Yes,No,Yes,14,15.5,Telugu,Good,Completed
TC0001919,TEP0001474,Naveen Shekar,M,71,9347863333,Midjil,Midjil,Mahabubnagar,2026-04-03,FAC008,Abdominal discomfort,Musculoskeletal,Assisted video,23,Yes,Yes,Yes,7,11.3,English,Fair,Completed
TC0001920,TEP0001475,Sreenivas Basha,M,65,9098066550,Ameenpur,Patancheru,Sangareddy,2026-05-13,FAC025,Fever,Dermatology,Video,9,No,Yes,No,,13.0,Telugu,Good,Completed
TC0001921,TEP0001475,Srinivas Basha,M,65,9098066550,Ameenpur,Patancheru,Sangareddy,2026-06-22,FAC026,Body pain,Other,Assisted video,12,Yes,Yes,Yes,7,9.7,Telugu,Fair,Completed
TC0001922,TEP0001475,Srinivas Basha,M,64,9098066550,Ameenpur,Patancheru,Sangareddy,2026-07-29,FAC027,Fever,Respiratory,Video,24,Yes,No,Yes,30,27.9,Telugu,Fair,Completed
TC0001923,TEP0001476,Mohan Narsimha,M,74,9272987747,Manoor,Narayankhed,Sangareddy,2026-03-03,FAC019,Fever,Other,Audio,20,Yes,No,Yes,14,33.3,Telugu,Fair,Completed
TC0001924,TEP0001477,Raghav Basha,M,58,9450062912,Kummarikunta,Chandur,Nalgonda,2026-03-26,FAC014,Skin complaint,Other,Assisted video,16,Yes,No,Yes,7,7.3,Telugu,Fair,Completed
TC0001925,TEP0001478,Raghav Reddy,M,55,9877985638,MARRUR,Nakrekal,Nalgonda,2026-03-16,FAC018,Fever,Diabetes,Assisted video,12,Yes,No,Yes,21,6.7,Telugu,Good,Completed
TC0001926,TEP0001479,Santosh Patel,M,71,9209964860,Bodajanampe,Balanagar,Mahabubnagar,2026-01-22,FAC005,Headache,Hypertension,Video,8,Yes,No,No,,26.6,Telugu,Poor,Completed
TC0001927,TEP0001480,Raju Patel,M,31,9716076503,Devarakonda,Devarakonda,Nalgonda,2026-03-10,FAC011,Cough,Fever/Infection,Assisted video,20,Yes,No,Yes,21,29.2,Telugu,Fair,Completed
TC0001928,TEP0001480,Raju Patel,M,33,+91-97160-76503,Devarakonda,Devarakonda,Nalgonda,2026-08-05,FAC010,Body pain,Musculoskeletal,Audio,15,Yes,No,Yes,7,22.8,Telugu,Poor,Completed
TC0001929,TEP0001481,Lakshmi Das,F,55,9455128796,Bodajanampet,Balanagar,Mahabubnagar,2026-02-24,FAC005,Abdominal discomfort,Respiratory,Audio,22,Yes,No,Yes,21,26.6,Telugu,Fair,Completed
TC0001930,TEP0001482,Arun Khan,M,83,9162143137,Bangarigadda,Chandur,Nalgonda,2026-01-27,FAC015,Abdominal discomfort,Fever/Infection,Video,12,Yes,No,Yes,21,18.0,Telugu,Poor,Completed
TC0001931,TEP0001483,Anjali Mallaiah,F,50,9327257570,Kondamallepally,Devarakonda,Nalgonda,2026-08-02,FAC012,Fever,Hypertension,Assisted video,9,No,Yes,Yes,30,19.6,Telugu,Fair,Completed
TC0001932,TEP0001484,Nirmala Krishna,F,43,,Polepally,Jadcherla,Mahabubnagar,2026-06-30,FAC001,Fever,Hypertension,Assisted video,12,Yes,No,Yes,14,25.4,Telugu,Poor,Completed
TC0001933,TEP0001484,Nirmala Krishna,F,43,9322532179,POLEPALLY,Jadcherla,Mahabubnagar,2026-08-06,FAC001,Abdominal discomfort,Musculoskeletal,Video,22,Yes,No,Yes,14,25.4,Telugu,Poor,Completed
TC0001934,TEP0001485,Jyothi Narsimha,F,40,9425029065,Indresham,Patancheru,Sangareddy,2026-07-23,FAC025,Skin complaint,Fever/Infection,Assisted video,14,No,No,Yes,14,19.2,Telugu,Good,Completed
TC0001935,TEP0001486,Srilatha Rao,F,65,,Nomul,Nakrekal,Nalgonda,2026-04-10,FAC018,Cough,Gastrointestinal,Audio,7,Yes,No,Yes,21,2.2,Telugu,Good,Completed
TC0001936,TEP0001487,Mohan Mudiraj,M,60,9428955748,Kangti,Narayankhed,Sangareddy,2026-02-06,FAC019,Cough,Musculoskeletal,Audio,9,Yes,No,Yes,14,20.3,Telugu,Good,Completed
TC0001937,TEP0001488,Sushma,F,23,9119710881,Bodajanampet,Balanagar,Mahabubnagar,2026-01-26,FAC005,Headache,Gastrointestinal,Assisted video,8,Yes,No,Yes,21,26.6,Telugu,Good,Completed
TC0001938,TEP0001489,Jyothi Khan,F,64,9309766629,Donur,Midjil,Mahabubnagar,2026-03-22,FAC009,Routine NCD review,Other,Assisted video,16,Yes,No,Yes,30,14.1,Urdu,Fair,Completed
TC0001939,TEP0001490,Padma Mudiraj,F,57,9033441239,Kondamallepally,Devarakonda,Nalgonda,2026-07-08,FAC012,Headache,Fever/Infection,Video,10,Yes,Yes,No,,19.6,Telugu,Good,Completed
TC0001940,TEP0001491,Mounika Khan,F,39,+91-93791-78486,Indresham,Patancheru,Sangareddy,2026-07-19,FAC025,Fever,Gastrointestinal,Audio,7,Yes,No,Yes,21,19.2,Telugu,Good,Completed
TC0001941,TEP0001492,Raghav Devi,M,33,9228437024,Kohir,Zaheerabad,Sangareddy,2026-03-07,FAC022,Body pain,Hypertension,Audio,14,Yes,No,Yes,30,3.6,Telugu,Poor,Completed
TC0001942,TEP0001493,sankar Rao,M,63,9904483699,Peddadinne,Devarakonda,Nalgonda,2026-06-10,FAC012,Body pain,Respiratory,Assisted video,11,Yes,No,Yes,14,6.6,Telugu,Good,Completed
TC0001943,TEP0001493,Shnkar Rao,M,61,+91-99044-83699,Peddadinne,Devarakonda,Nalgonda,2026-06-28,FAC012,Headache,Respiratory,Video,15,Yes,Yes,No,,6.6,Telugu,Good,Completed
TC0001944,TEP0001494,Mounika Patel,F,56,9030507140,Jharasangam,Zaheerabad,Sangareddy,2026-07-02,FAC022,Routine NCD review,Other,Audio,8,Yes,Yes,Yes,7,5.6,Telugu,Fair,Completed
TC0001945,TEP0001494,Mounika Patel,F,56,9030507140,Jharasangam,Zaheerabad,Sangareddy,2026-07-28,FAC023,Routine NCD review,Fever/Infection,Assisted video,9,Yes,No,Yes,30,18.7,Telugu,Fair,Completed
TC0001946,TEP0001495,Kiran Jangam,M,55,9764073784,Narayankhed,Narayankhed,Sangareddy,2026-02-09,FAC021,Headache,Fever/Infection,Assisted video,11,Yes,No,Yes,7,7.0,Telugu,Poor,Completed
TC0001947,TEP0001495,Kiran Jangam,M,54,9764073884,NARAYANKHED,Narayankhed,Sangareddy,2026-03-20,FAC020,Headache,Dermatology,Audio,16,Yes,No,Yes,14,23.7,Telugu,Poor,Completed
TC0001948,TEP0001496,Divya Devi,F,55,9852126279,Donur,Midjil,Mahabubnagar,2026-04-30,FAC008,Headache,Hypertension,Assisted video,23,Yes,Yes,No,,9.4,Telugu,Good,Completed
TC0001949,TEP0001497,Santosh Begum,M,54,9577250526,Manoor,Narayankhed,Sangareddy,2026-02-25,FAC020,Body pain,Musculoskeletal,Assisted video,24,No,Yes,No,,21.7,Telugu,Poor,Completed
TC0001950,TEP0001498,Padma Jangam,F,57,9293472338,Gundlapally,Devarakonda,Nalgonda,2026-05-08,FAC011,Cough,Dermatology,Assisted video,24,No,No,No,,29.4,Telugu,Poor,Completed
TC0001951,TEP0001499,Kavitha Yadav,F,21,9726459561,Bangarigadda,Chandur,Nalgonda,2026-04-05,FAC014,Abdominal discomfort,Fever/Infection,Assisted video,8,Yes,No,Yes,21,17.6,Telugu,Fair,Completed
TC0001952,TEP0001499,Kavita Yadav,F,20,9726459561,Bangarigadda,Chandur,Nalgonda,2026-05-20,FAC013,Routine NCD review,Gastrointestinal,Audio,9,Yes,No,No,,16.9,Telugu,Poor,Completed
TC0001953,TEP0001500,Lakshmi Narsimha,F,72,9917631072,Zaheerabad,Zaheerabad,Sangareddy,2026-01-22,FAC022,Routine NCD review,Musculoskeletal,Assisted video,22,Yes,No,No,,25.3,Telugu,Poor,Completed
TC0001954,TEP0001500,Lakshmi Narsimha,F,72,9917631072,Zaheerabad,Zaheerabad,Sangareddy,2026-02-14,FAC024,Abdominal discomfort,Hypertension,Video,22,Yes,Yes,Yes,21,28.3,Telugu,Good,Completed
TC0001955,TEP0001501,Nirmala Chary,F,62,9287733296,Kalher,Narayankhed,Sangareddy,2026-01-08,FAC020,Skin complaint,Musculoskeletal,Video,12,Yes,No,Yes,30,29.6,Telugu,Fair,Completed
TC0001956,TEP0001502,Rmesh Mallaiah,M,45,9138564826,Jharasangam,Zaheerabad,Sangareddy,2026-06-27,FAC023,Headache,Other,Audio,15,Yes,No,No,,18.7,Telugu,Fair,Completed
TC0001957,TEP0001503,Jyothi Chary,F,31,9712573831,Jharasangam,Zaheerabad,Sangareddy,2026-08-05,FAC022,Dizziness,Hypertension,Assisted video,22,Yes,No,No,,5.6,Telugu,Fair,Completed
TC0001958,TEP0001504,Deepika Jangam,F,31,9665133916,Bodajanampet,Balanagar,Mahabubnagar,2026-08-05,FAC006,Cough,Other,Video,23,Yes,No,Yes,21,33.3,Telugu,Good,Completed
TC0001959,TEP0001505,Naresh Basha,M,50,9007898234,KALHER,Narayankhed,Sangareddy,2026-03-12,FAC021,Routine NCD review,Fever/Infection,Audio,20,No,No,Yes,14,22.9,Telugu,Poor,Completed
TC0001960,TEP0001506,Shankar Chary,M,64,9072718884,Kangti,Narayankhed,Sangareddy,2026-05-30,FAC020,Abdominal discomfort,Fever/Infection,Video,22,No,No,Yes,30,11.9,Telugu,Good,Completed
TC0001961,TEP0001507,Shankar Das,M,44,9103346012,Gundlapally,Devarakonda,Nalgonda,2026-05-08,FAC011,Fever,Musculoskeletal,Video,9,Yes,Yes,Yes,7,29.4,Telugu,Good,Completed
TC0001962,TEP0001507,Shankar Das,M,42,,Gundlapally,Devarakonda,Nalgonda,2026-06-10,FAC011,Abdominal discomfort,Hypertension,Assisted video,9,Yes,Yes,Yes,21,29.4,Telugu,Poor,Completed
TC0001963,TEP0001508,Sushma Yadav,F,54,9163494404,Rajapur,Balanagar,Mahabubnagar,2026-05-24,FAC006,Abdominal discomfort,Fever/Infection,Audio,21,No,No,Yes,30,8.7,Telugu,Fair,Completed
TC0001964,TEP0001509,Hareeka Chary,F,52,9924168551,Kummarikunta,Chandur,Nalgonda,2026-01-25,FAC013,Routine NCD review,Other,Assisted video,9,Yes,No,No,,6.5,Telugu,Fair,Completed
TC0001965,TEP0001510,Rani Laxman,F,66,9472416875,Kallepally,Balanagar,Mahabubnagar,2026-01-28,FAC004,Body pain,Hypertension,Assisted video,7,No,No,Yes,21,26.4,Telugu,Good,Completed
TC0001966,TEP0001511,Lakshmi Khan,F,75,9918561063,Macharam,Jadcherla,Mahabubnagar,2026-06-24,FAC003,Skin complaint,Fever/Infection,Assisted video,18,Yes,No,Yes,7,12.8,Telugu,Fair,Completed
TC0001967,TEP0001512,Mahesh Goud,M,30,9890945962,Ameenpur,Patancheru,Sangareddy,2026-07-29,FAC025,Cough,Other,Audio,16,Yes,No,Yes,21,13.0,Telugu,Good,Completed
TC0001968,TEP0001513,Srinivas Mallaiah,M,60,9549718055,Ameenpur,Patancheru,Sangareddy,2026-07-08,FAC025,Body pain,Gastrointestinal,Audio,17,Yes,No,Yes,14,13.0,Telugu,Good,Completed
TC0001969,TEP0001514,Raju Khan,M,18,9296041174,Donur,Midjil,Mahabubnagar,2026-02-12,FAC008,Routine NCD review,Musculoskeletal,Assisted video,15,Yes,Yes,No,,9.4,Telugu,Good,Completed
TC0001970,TEP0001515,Anil,M,61,9803783009,BHANUR,Patancheru,Sangareddy,2026-05-25,FAC027,Abdominal discomfort,Dermatology,Video,18,Yes,No,No,,18.4,Telugu,Poor,Completed
TC0001971,TEP0001515,Anil Reddy,M,61,9803783009,Bhanur,Patancheru,Sangareddy,2026-06-23,FAC027,Fever,Dermatology,Assisted video,11,Yes,No,No,,18.4,Telugu,Good,Completed
TC0001972,TEP0001516,Naresh Kumar,M,51,9327840926,Devarakonda,Devarakonda,Nalgonda,2026-07-02,FAC010,Cough,Dermatology,Assisted video,15,Yes,Yes,Yes,14,22.8,Telugu,Poor,Completed
TC0001973,TEP0001516,Naresh Kumar,M,52,9327840926,Devarakonda,Devarakonda,Nalgonda,2026-08-12,FAC011,Body pain,Fever/Infection,Assisted video,9,No,No,Yes,7,29.2,Telugu,Fair,Completed
TC0001974,TEP0001517,Anitha Narsimha,F,74,+91-99353-58729,Devarakonda,Devarakonda,Nalgonda,2026-05-18,FAC011,Dizziness,Diabetes,Audio,20,Yes,No,No,,29.2,Telugu,Poor,Completed
TC0001975,TEP0001518,Divya Krishna,F,89,9495782619,Bodajanampet,Balanagar,Mahabubnagar,2026-02-20,FAC005,Dizziness,Fever/Infection,Assisted video,22,Yes,No,No,,26.6,Telugu,Fair,Completed
TC0001976,TEP0001519,Praveen Mudiraj,M,59,9686408712,Chandur,Chandur,Nalgonda,2026-05-24,FAC015,Abdominal discomfort,Fever/Infection,Assisted video,24,Yes,No,Yes,14,29.7,Telugu,Poor,Completed
TC0001977,TEP0001519,Praveen Mudiraj,M,59,9686408712,CHANDUR,Chandur,Nalgonda,2026-06-03,FAC015,Cough,Other,Audio,16,Yes,No,No,,29.7,Telugu,Fair,Completed
TC0001978,TEP0001520,Jyothi Das,F,63,9561063376,Kohir,Zaheerabad,Sangareddy,2026-05-24,FAC024,Abdominal discomfort,Respiratory,Audio,24,Yes,No,Yes,14,6.4,Telugu,Poor,Completed
TC0001979,TEP0001521,Lalitha,F,55,9232690454,Kohir,Zaheerabad,Sangareddy,2026-01-22,FAC022,Dizziness,Musculoskeletal,Audio,13,No,No,Yes,7,3.6,Telugu,Good,Completed
TC0001980,TEP0001521,Lalitha Shekar,F,56,9232690454,Kohir,Zaheerabad,Sangareddy,2026-06-07,FAC022,Headache,Other,Video,11,Yes,No,Yes,7,3.6,Telugu,Good,Completed
TC0001981,TEP0001522,Anitha,F,87,9467060714,Vemula,Midjil,Mahabubnagar,2026-01-03,FAC007,Cough,Musculoskeletal,Video,10,No,No,No,,25.7,Telugu,Poor,Completed
TC0001982,TEP0001523,Raghav,M,42,9386376361,Gundlapally,Devarakonda,Nalgonda,2026-07-15,FAC012,Dizziness,Diabetes,Assisted video,11,No,No,Yes,30,25.4,Telugu,Fair,Completed
TC0001983,TEP0001524,nil Patel,M,41,9485954345,Nakrekal,Nakrekal,Nalgonda,2026-08-05,FAC017,Skin complaint,Other,Audio,21,No,No,No,,36.5,Telugu,Good,Completed
TC0001984,TEP0001525,Sai Shekar,M,35,9497196119,Kallepally,Balanagar,Mahabubnagar,2026-08-07,FAC006,Skin complaint,Dermatology,Assisted video,10,No,No,No,,35.4,Urdu,Good,Completed
TC0001985,TEP0001526,Bhavanee Krishna,F,61,9629089232,Gangapur,Jadcherla,Mahabubnagar,2026-02-23,FAC002,Skin complaint,Respiratory,Assisted video,15,Yes,Yes,Yes,14,38.9,Telugu,Fair,Completed
TC0001986,TEP0001527,Lalitha Basha,F,54,9040832527,Jharasangam,Zaheerabad,Sangareddy,2026-06-06,FAC023,Headache,Fever/Infection,Video,14,Yes,Yes,Yes,21,18.7,Telugu,Fair,Completed
TC0001987,TEP0001527,Lalitha Basha,F,53,9040832527,Jharasangam,Zaheerabad,Sangareddy,2026-07-03,FAC022,Fever,Other,Assisted video,16,No,No,Yes,7,5.6,Telugu,Fair,Completed
TC0001988,TEP0001528,Suresh Mallaiah,M,50,9975233640,Peddadinne,Devarakonda,Nalgonda,2026-02-01,FAC012,Dizziness,Hypertension+Diabetes,Assisted video,16,Yes,No,Yes,14,6.6,Telugu,Good,Completed
TC0001989,TEP0001529,Nirmala Patel,F,44,,Rajapur,Balanagar,Mahabubnagar,2026-05-24,FAC004,Headache,Other,Video,14,Yes,No,Yes,30,13.9,English,Poor,Completed
TC0001990,TEP0001530,Anil Reddy,M,60,9508499051,Kangti,Narayankhed,Sangareddy,2026-05-03,FAC021,Routine NCD review,Dermatology,Video,13,Yes,Yes,No,,27.8,Telugu,Good,Completed
TC0001991,TEP0001531,Sushma Narsimha,F,43,9473028124,Velpula,Midjil,Mahabubnagar,2026-03-19,FAC007,Body pain,Hypertension,Video,16,Yes,No,Yes,21,17.9,Telugu,Fair,Completed
TC0001992,TEP0001531,Sushma,F,41,9473028124,Velpula,Midjil,Mahabubnagar,2026-05-27,FAC009,Body pain,Hypertension,Audio,18,Yes,No,Yes,21,4.2,Telugu,Fair,Completed
TC0001993,TEP0001532,Naveen Krishna,M,66,9397044695,Gangapur,Jadcherla,Mahabubnagar,2026-04-03,FAC001,Skin complaint,Fever/Infection,Assisted video,16,Yes,No,Yes,7,20.2,Telugu,Poor,Completed
TC0001994,TEP0001533,Jyothi Jangam,F,38,9423223038,Mangalapally,Nakrekal,Nalgonda,2026-03-28,FAC016,Abdominal discomfort,Musculoskeletal,Video,20,Yes,Yes,Yes,21,4.1,Telugu,Poor,Completed
TC0001995,TEP0001534,Arun Mallaiah,M,26,9348370872,Chandur,Chandur,Nalgonda,2026-01-14,FAC013,Dizziness,Hypertension+Diabetes,Audio,19,No,Yes,Yes,7,21.3,Telugu,Fair,Completed
TC0001996,TEP0001534,Arun Mallaiah,M,26,9348370872,Chandur,Chandur,Nalgonda,2026-02-27,FAC013,Abdominal discomfort,Hypertension,Assisted video,22,No,Yes,Yes,7,21.3,Telugu,Good,Completed
TC0001997,TEP0001535,Raghav Reddy,M,88,9337639963,Bodajanampet,Balanagar,Mahabubnagar,2026-01-31,FAC004,Skin complaint,Gastrointestinal,Video,12,Yes,No,Yes,21,27.6,Telugu,Good,Completed
TC0001998,TEP0001536,Mahesh Shekar,M,54,9213900277,Jharasangam,Zaheerabad,Sangareddy,2026-02-12,FAC023,Routine NCD review,Musculoskeletal,Audio,13,Yes,No,Yes,14,18.7,Telugu,Poor,Completed
TC0001999,TEP0001537,Sai,M,49,9985321111,Kalher,Narayankhed,Sangareddy,2026-07-06,FAC021,Dizziness,Hypertension,Assisted video,11,No,No,Yes,14,22.9,Telugu,Fair,Completed
TC0002000,TEP0001538,Swathi Laxman,F,48,+91-91950-43572,Kalher,Narayankhed,Sangareddy,2026-05-07,FAC019,Fever,Musculoskeletal,Audio,20,Yes,No,Yes,30,24.9,Telugu,Fair,Completed
TC0002001,TEP0001538,Swathi Laxman,F,50,9195043572,Kalher,Narayankhed,Sangareddy,2026-05-27,FAC021,Skin complaint,Fever/Infection,Video,12,Yes,No,No,,22.9,Telugu,Poor,Completed
TC0002002,TEP0001539,Srinivas Shekar,M,32,+91-91002-45798,Gangapur,Jadcherla,Mahabubnagar,2026-02-28,FAC001,Body pain,Gastrointestinal,Video,21,No,No,Yes,30,20.2,Telugu,Good,Completed
TC0002003,TEP0001540,Bhavani Patel,F,53,9188339364,Balanagar,Balanagar,Mahabubnagar,2026-08-13,FAC005,Body pain,Hypertension+Diabetes,Video,21,Yes,No,No,,10.4,Telugu,Fair,Completed
TC0002004,TEP0001541,Sushma,F,50,+91-95375-06395,Rajapur,Balanagar,Mahabubnagar,2026-04-14,FAC005,Fever,Respiratory,Video,19,No,No,Yes,7,12.6,Telugu,Poor,Completed
TC0002005,TEP0001541,Sushma Basha,F,49,9937506395,Rajapur,Balanagar,Mahabubnagar,2026-05-29,FAC005,Body pain,Gastrointestinal,Video,19,Yes,No,No,,12.6,Telugu,Poor,Completed
TC0002006,TEP0001541,Sushma Basha,F,52,+91-95375-06395,Rajapur,Balanagar,Mahabubnagar,2026-06-27,FAC004,Cough,Fever/Infection,Assisted video,14,No,No,Yes,30,13.9,Telugu,Good,Completed
TC0002007,TEP0001542,Renuka Basha,F,44,9405683029,Nakrekal,Nakrekal,Nalgonda,2026-05-14,FAC018,Routine NCD review,Hypertension,Assisted video,22,Yes,No,No,,16.2,Telugu,Poor,Completed
TC0002008,TEP0001543,Vinod Narsimha,M,50,,Marrur,Nakrekal,Nalgonda,2026-05-30,FAC018,Body pain,Other,Video,15,Yes,No,No,,6.7,Telugu,Fair,Completed
TC0002009,TEP0001544,Anil Shekar,M,50,9826717877,Marrur,Nakrekal,Nalgonda,2026-07-14,FAC016,Routine NCD review,Hypertension,Audio,16,Yes,Yes,Yes,14,36.5,Telugu,Good,Completed
TC0002010,TEP0001545,Saritha Khan,F,82,9993995184,Gundlapally,Devarakonda,Nalgonda,2026-01-06,FAC010,Skin complaint,Fever/Infection,Audio,10,Yes,Yes,Yes,14,26.3,Telugu,Good,Completed
TC0002011,TEP0001546,Naveen Krishna,M,26,9681896279,Ameenpur,Patancheru,Sangareddy,2026-05-04,FAC025,Routine NCD review,Diabetes,Video,22,Yes,Yes,Yes,30,13.0,Telugu,Poor,Completed
TC0002012,TEP0001547,Mohan Basha,M,72,9328435780,Kangti,Narayankhed,Sangareddy,2026-06-30,FAC021,Body pain,Dermatology,Video,24,Yes,No,Yes,14,27.8,Telugu,Fair,Completed
TC0002013,TEP0001547,Mohan Basha,M,73,,Kangti,Narayankhed,Sangareddy,2026-08-05,FAC020,Dizziness,Diabetes,Assisted video,11,Yes,No,No,,11.9,Telugu,Poor,Completed
TC0002014,TEP0001548,Divya Krishna,F,76,9542904177,Ameenpur,Patancheru,Sangareddy,2026-05-24,FAC025,Skin complaint,Musculoskeletal,Audio,12,Yes,Yes,Yes,21,13.0,Telugu,Good,Completed
TC0002015,TEP0001549,Renuka Devi,F,44,9465466629,Vemula,Midjil,Mahabubnagar,2026-04-03,FAC009,Cough,Diabetes,Assisted video,23,No,No,Yes,30,7.3,Telugu,Fair,Completed
TC0002016,TEP0001550,Naveen,M,53,9617194808,Marrur,Nakrekal,Nalgonda,2026-01-17,FAC017,Routine NCD review,Dermatology,Audio,14,Yes,No,Yes,7,25.8,Telugu,Fair,Completed
TC0002017,TEP0001551,Padma Narsimha,F,48,9814435931,Manoor,Narayankhed,Sangareddy,2026-07-20,FAC021,Headache,Other,Audio,24,Yes,Yes,No,,15.5,Telugu,Poor,Completed
TC0002018,TEP0001552,Mounika Krishna,F,57,,Mangalapalli,Nakrekal,Nalgonda,2026-03-13,FAC017,Headache,Gastrointestinal,Video,7,No,No,No,,21.1,Telugu,Poor,Completed
TC0002019,TEP0001553,Vinod Chary,M,88,9004914155,Peddadinne,Devarakonda,Nalgonda,2026-05-15,FAC010,Dizziness,Respiratory,Audio,7,Yes,No,No,,7.4,Telugu,Fair,Completed
TC0002020,TEP0001554,Santosh Jangam,M,42,9817659420,Nomula,Nakrekal,Nalgonda,2026-02-16,FAC017,Dizziness,Fever/Infection,Video,12,Yes,No,Yes,30,29.9,English,Good,Completed
TC0002021,TEP0001554,Santosh Jangam,M,42,9817659420,Nomula,Nakrekal,Nalgonda,2026-04-17,FAC016,Dizziness,Fever/Infection,Video,19,Yes,No,Yes,14,36.1,English,Fair,Completed
TC0002022,TEP0001555,Divya Patel,F,50,9254722218,Jharasanga,Zaheerabad,Sangareddy,2026-06-07,FAC022,Headache,Hypertension,Audio,11,No,No,Yes,14,5.6,Telugu,Poor,Completed
TC0002023,TEP0001555,Divya Patel,F,48,9254722218,Jharasangam,Zaheerabad,Sangareddy,2026-07-08,FAC022,Abdominal discomfort,Fever/Infection,Assisted video,21,Yes,No,No,,5.6,Telugu,Good,Completed
TC0002024,TEP0001556,Raju Krishna,M,71,9368430165,Kohir,Zaheerabad,Sangareddy,2026-05-08,FAC023,Skin complaint,Diabetes,Video,21,No,No,Yes,21,15.7,Telugu,Poor,Completed
TC0002025,TEP0001557,Raghav Laxman,M,67,9787953995,Velpula,Midjil,Mahabubnagar,2026-05-09,FAC009,Routine NCD review,Diabetes,Assisted video,11,No,Yes,No,,4.2,Telugu,Fair,Completed
TC0002026,TEP0001557,Raghav Laxman,M,69,9787953995,Velpula,Midjil,Mahabubnagar,2026-07-05,FAC008,Routine NCD review,Other,Audio,24,Yes,No,Yes,7,12.6,Telugu,Poor,Completed
TC0002027,TEP0001558,Divya Shekar,F,62,,Mogudampalli,Zaheerabad,Sangareddy,2026-04-21,FAC022,Fever,Hypertension+Diabetes,Video,9,Yes,No,Yes,7,13.2,Telugu,Poor,Completed
TC0002028,TEP0001558,Divya Shekar,F,62,+91-92113-19425,Mogudampally,Zaheerabad,Sangareddy,2026-08-10,FAC022,Cough,Hypertension+Diabetes,Audio,14,Yes,No,Yes,21,13.2,Telugu,Fair,Completed
TC0002029,TEP0001559,Anitha Naik,F,37,9092821388,Narayankhed,Narayankhed,Sangareddy,2026-06-20,FAC020,Fever,Fever/Infection,Video,20,No,No,Yes,21,23.7,Telugu,Poor,Completed
TC0002030,TEP0001559,Anitha Naik,F,37,9092821388,NARAYANKHED,Narayankhed,Sangareddy,2026-08-02,FAC021,Body pain,Other,Assisted video,10,Yes,No,Yes,30,7.0,Telugu,Fair,Completed
TC0002031,TEP0001560,Lalitha Mallaiah,F,19,9853806803,Kalher,Narayankhed,Sangareddy,2026-05-06,FAC019,Skin complaint,Dermatology,Video,10,Yes,No,No,,24.9,Telugu,Fair,Completed
TC0002032,TEP0001561,Anjali Reddy,F,40,9395492076,Indresham,Patancheru,Sangareddy,2026-01-31,FAC026,Fever,Hypertension+Diabetes,Video,8,Yes,No,No,,11.5,Telugu,Fair,Completed
TC0002033,TEP0001562,Bhavani Das,F,67,9559987509,Nakrekal,Nakrekal,Nalgonda,2026-04-09,FAC017,Body pain,Dermatology,Audio,20,Yes,No,Yes,21,36.5,Telugu,Poor,Completed
TC0002034,TEP0001562,Bhavani,F,67,9559987509,Nakrekal,Nakrekal,Nalgonda,2026-05-27,FAC017,Dizziness,Other,Assisted video,22,Yes,No,Yes,14,36.5,Telugu,Poor,Completed
TC0002035,TEP0001563,Lalita Laxman,F,56,9989716949,Kohir,Zaheerabad,Sangareddy,2026-02-03,FAC023,Dizziness,Other,Assisted video,22,Yes,No,No,,15.7,Telugu,Fair,Completed
TC0002036,TEP0001564,Srinivas Shekar,M,55,9052429046,Kohir,Zaheerabad,Sangareddy,2026-03-06,FAC024,Fever,Respiratory,Audio,18,No,No,No,,6.4,Telugu,Fair,Completed
TC0002037,TEP0001565,Ramesh Patel,M,63,9396861221,Nomula,Nakrekal,Nalgonda,2026-04-25,FAC018,Routine NCD review,Gastrointestinal,Audio,18,Yes,No,No,,2.2,Telugu,Poor,Completed
TC0002038,TEP0001566,Ramesh Goud,M,55,9683801914,Kangti,Narayankhed,Sangareddy,2026-03-31,FAC019,Skin complaint,Fever/Infection,Assisted video,10,Yes,No,Yes,14,20.3,Telugu,Good,Completed
TC0002039,TEP0001566,Ramesh Goud,M,54,9683801914,Kangti,Narayankhed,Sangareddy,2026-06-15,FAC021,Skin complaint,Gastrointestinal,Video,7,Yes,No,Yes,7,27.8,Telugu,Good,Completed
TC0002040,TEP0001567,Shankar Mallaiah,M,69,+91-92759-01207,Kallepally,Balanagar,Mahabubnagar,2026-01-12,FAC006,Routine NCD review,Respiratory,Assisted video,24,Yes,No,Yes,7,35.4,English,Fair,Completed
TC0002041,TEP0001567,Shnkar Mallaiah,M,67,+91-92759-01207,Kallepalli,Balanagar,Mahabubnagar,2026-08-10,FAC004,Body pain,Other,Assisted video,17,Yes,Yes,Yes,7,26.4,English,Poor,Completed
TC0002042,TEP0001568,Saritha Shekar,F,57,9727519024,Kummarikunta,Chandur,Nalgonda,2026-04-24,FAC015,Skin complaint,Fever/Infection,Assisted video,8,Yes,No,No,,26.6,English,Fair,Completed
TC0002043,TEP0001569,Venkatesh Mallaiah,M,60,,Gundlapally,Devarakonda,Nalgonda,2026-02-26,FAC010,Body pain,Musculoskeletal,Assisted video,12,Yes,No,Yes,21,26.3,Telugu,Good,Completed
TC0002044,TEP0001569,Venkatesh Mallaiah,M,60,9184709457,Gundlapally,Devarakonda,Nalgonda,2026-06-21,FAC011,Fever,Fever/Infection,Assisted video,8,No,No,Yes,30,29.4,Telugu,Fair,Completed
TC0002045,TEP0001570,Renuka Chary,F,75,9486451920,Balanagar,Balanagar,Mahabubnagar,2026-07-15,FAC005,Headache,Musculoskeletal,Audio,24,Yes,Yes,Yes,30,10.4,Telugu,Poor,Completed
TC0002046,TEP0001571,Anil Reddy,M,51,9947531909,Kalher,Narayankhed,Sangareddy,2026-05-18,FAC019,Body pain,Hypertension,Assisted video,21,Yes,No,No,,24.9,Telugu,Good,Completed
TC0002047,TEP0001571,Anil Reddy,M,49,9947531909,Kalher,Narayankhed,Sangareddy,2026-06-22,FAC020,Routine NCD review,Hypertension,Audio,14,Yes,Yes,Yes,21,29.6,Telugu,Poor,Completed
TC0002048,TEP0001572,Arun Narsimha,M,55,9784307616,MIDJIL,Midjil,Mahabubnagar,2026-06-19,FAC007,Skin complaint,Hypertension,Assisted video,14,Yes,Yes,Yes,21,7.6,Telugu,Poor,Completed
TC0002049,TEP0001573,Vinod Narsimha,M,45,9478677399,Kondamallepally,Devarakonda,Nalgonda,2026-04-25,FAC010,Body pain,Respiratory,Video,9,No,No,No,,20.0,Telugu,Good,Completed
TC0002050,TEP0001574,Vinod Devi,M,35,9996565328,Kalher,Narayankhed,Sangareddy,2026-06-03,FAC019,Dizziness,Hypertension,Video,24,No,No,No,,24.9,Urdu,Good,Completed
TC0002051,TEP0001575,Naveen Chary,M,56,9894337161,Bhanur,Patancheru,Sangareddy,2026-06-15,FAC027,Skin complaint,Diabetes,Audio,18,Yes,No,Yes,7,18.4,Telugu,Fair,Completed
TC0002052,TEP0001575,Naveen Chary,M,56,9894337161,Bhanur,Patancheru,Sangareddy,2026-07-10,FAC026,Fever,Diabetes,Assisted video,9,No,No,Yes,21,12.8,Telugu,Good,Completed
TC0002053,TEP0001576,Venkatesh Rao,M,58,+91-98720-20772,Mangalapally,Nakrekal,Nalgonda,2026-08-11,FAC018,Skin complaint,Fever/Infection,Assisted video,20,Yes,No,Yes,30,35.0,Telugu,Good,Completed
TC0002054,TEP0001577,Shankar Naik,M,33,+91-91189-80196,Jharasangam,Zaheerabad,Sangareddy,2026-04-03,FAC024,Abdominal discomfort,Diabetes,Audio,15,No,Yes,No,,2.6,Telugu,Fair,Completed
TC0002055,TEP0001577,Shankar Naik,M,34,9118980196,Jharasangam,Zaheerabad,Sangareddy,2026-06-25,FAC022,Abdominal discomfort,Hypertension+Diabetes,Audio,24,Yes,Yes,Yes,21,5.6,Telugu,Good,Completed
TC0002056,TEP0001578,Raju Goud,M,81,9974651989,Midji,Midjil,Mahabubnagar,2026-05-23,FAC008,Fever,Hypertension,Video,18,Yes,Yes,Yes,14,11.3,Telugu,Poor,Completed
TC0002057,TEP0001578,Raju Goud,M,80,9974651989,Midjil,Midjil,Mahabubnagar,2026-07-16,FAC008,Skin complaint,Hypertension,Audio,21,Yes,Yes,Yes,7,11.3,Telugu,Poor,Completed
TC0002058,TEP0001579,Raghav Reddy,M,81,9428580080,KONDAMALLEPALLY,Devarakonda,Nalgonda,2026-06-30,FAC010,Fever,Other,Assisted video,12,Yes,Yes,Yes,21,20.0,Telugu,Good,Completed
TC0002059,TEP0001580,Rajesh Laxman,M,37,9593130254,Nermata,Chandur,Nalgonda,2026-02-11,FAC015,Routine NCD review,Fever/Infection,Assisted video,14,Yes,Yes,Yes,30,22.4,Telugu,Fair,Completed
TC0002060,TEP0001580,Rajesh Laxman,M,37,9523130254,Nermata,Chandur,Nalgonda,2026-05-27,FAC015,Skin complaint,Respiratory,Assisted video,16,No,No,Yes,30,22.4,Telugu,Fair,Completed
TC0002061,TEP0001581,Shankar Naik,M,18,9924199721,Zaheerabad,Zaheerabad,Sangareddy,2026-06-16,FAC023,Fever,Gastrointestinal,Assisted video,17,No,Yes,Yes,7,17.3,Telugu,Good,Completed
TC0002062,TEP0001582,Santosh Mallaiah,M,34,9225071166,BANGARIGADDA,Chandur,Nalgonda,2026-06-13,FAC015,Cough,Musculoskeletal,Assisted video,16,Yes,No,Yes,30,18.0,Telugu,Poor,Completed
TC0002063,TEP0001583,Kavitha Jangam,F,28,9559751399,Vemula,Midjil,Mahabubnagar,2026-02-06,FAC007,Headache,Diabetes,Video,7,Yes,Yes,Yes,7,25.7,Telugu,Poor,Completed
TC0002064,TEP0001584,Anitha Reddy,F,63,9292642347,Mangalapally,Nakrekal,Nalgonda,2026-05-06,FAC017,Cough,Musculoskeletal,Video,9,No,No,No,,21.1,Telugu,Poor,Completed
TC0002065,TEP0001584,Anitha Reddy,F,66,9292642347,Mangalapally,Nakrekal,Nalgonda,2026-06-07,FAC017,Fever,Hypertension,Assisted video,13,Yes,No,Yes,7,21.1,Telugu,Good,Completed
TC0002066,TEP0001585,Rajesh Kumar,M,42,9657670621,GUNDLAPALLY,Devarakonda,Nalgonda,2026-08-04,FAC011,Fever,Musculoskeletal,Video,18,Yes,No,No,,29.4,Telugu,Poor,Completed
TC0002067,TEP0001586,Lalitha Narsimha,F,30,9229504650,Ameenpur,Patancheru,Sangareddy,2026-04-24,FAC025,Routine NCD review,Fever/Infection,Video,19,No,No,Yes,7,13.0,Telugu,Poor,Completed
TC0002068,TEP0001587,Veenod Begum,M,56,9167921027,Devarakonda,Devarakonda,Nalgonda,2026-04-12,FAC012,Skin complaint,Diabetes,Video,24,Yes,Yes,Yes,30,22.1,Telugu,Good,Completed
TC0002069,TEP0001587,Vinod Begum,M,56,9167921527,Devarakonda,Devarakonda,Nalgonda,2026-05-14,FAC010,Body pain,Dermatology,Audio,23,Yes,Yes,Yes,30,22.8,Telugu,Good,Completed
TC0002070,TEP0001588,Venkatesh Khan,M,67,9844231088,Marrur,Nakrekal,Nalgonda,2026-01-13,FAC018,Headache,Hypertension,Audio,7,No,Yes,No,,6.7,Urdu,Good,Completed
TC0002071,TEP0001589,Anil Goud,M,27,9980437841,Peddadinne,Devarakonda,Nalgonda,2026-08-08,FAC010,Routine NCD review,Dermatology,Audio,12,Yes,Yes,No,,7.4,English,Good,Completed
TC0002072,TEP0001590,Shnkar Yadav,M,40,9410866178,Marrur,Nakrekal,Nalgonda,2026-04-20,FAC016,Body pain,Other,Video,19,Yes,No,No,,36.5,Telugu,Poor,Completed
TC0002073,TEP0001590,Shankar Yadav,M,39,9410866178,MARRUR,Nakrekal,Nalgonda,2026-06-13,FAC018,Skin complaint,Musculoskeletal,Video,16,Yes,No,No,,6.7,Telugu,Poor,Completed
TC0002074,TEP0001590,Shankar Yadav,M,39,9410866178,Marrur,Nakrekal,Nalgonda,2026-07-27,FAC017,Headache,Gastrointestinal,Audio,17,No,Yes,Yes,30,25.8,Telugu,Poor,Completed
TC0002075,TEP0001591,Mohan Das,M,58,9087458079,Kondamallepally,Devarakonda,Nalgonda,2026-03-18,FAC010,Routine NCD review,Other,Audio,24,Yes,No,Yes,7,20.0,Telugu,Poor,Completed
TC0002076,TEP0001592,Lalita Krishna,F,34,9099974080,Zaheerabad,Zaheerabad,Sangareddy,2026-02-15,FAC022,Fever,Gastrointestinal,Assisted video,11,Yes,No,No,,25.3,Telugu,Fair,Completed
TC0002077,TEP0001593,Naveen Naik,M,56,9813750652,Narayankhed,Narayankhed,Sangareddy,2026-04-29,FAC020,Dizziness,Other,Assisted video,9,Yes,Yes,Yes,14,23.7,Telugu,Fair,Completed
TC0002078,TEP0001594,Bhavani Shekar,F,57,9638201205,Zaheerabad,Zaheerabad,Sangareddy,2026-03-04,FAC023,Body pain,Dermatology,Assisted video,16,Yes,No,Yes,14,17.3,Urdu,Good,Completed
TC0002079,TEP0001594,Bhavani Shekar,F,57,9638201205,Zaheerabad,Zaheerabad,Sangareddy,2026-08-05,FAC022,Body pain,Dermatology,Assisted video,8,Yes,Yes,No,,25.3,Urdu,Fair,Completed
TC0002080,TEP0001595,Shobha Jangam,F,49,9829411098,Zaheerabad,Zaheerabad,Sangareddy,2026-06-19,FAC022,Body pain,Other,Video,21,No,No,Yes,7,25.3,Telugu,Fair,Completed
TC0002081,TEP0001595,Shobha Jangam,F,49,9829411048,Zaheerabad,Zaheerabad,Sangareddy,2026-07-14,FAC022,Body pain,Respiratory,Assisted video,14,No,No,Yes,21,25.3,Telugu,Poor,Completed
TC0002082,TEP0001596,Naveen Patel,M,47,9715142415,Bodajanampet,Balanagar,Mahabubnagar,2026-02-02,FAC006,Body pain,Hypertension,Audio,16,Yes,Yes,No,,33.3,Telugu,Good,Completed
TC0002083,TEP0001597,Nirmala Reddy,F,54,,Kondamallepalli,Devarakonda,Nalgonda,2026-07-26,FAC011,Fever,Hypertension,Video,11,Yes,No,Yes,7,25.7,Telugu,Good,Completed
TC0002084,TEP0001598,Ravi Begum,M,66,9643855424,JHARASANGAM,Zaheerabad,Sangareddy,2026-07-14,FAC024,Cough,Gastrointestinal,Assisted video,15,No,No,No,,2.6,Telugu,Good,Completed
TC0002085,TEP0001599,Anitha Devi,F,46,9371508906,Nakrekal,Nakrekal,Nalgonda,2026-07-24,FAC017,Body pain,Other,Audio,13,Yes,Yes,No,,36.5,English,Poor,Completed
TC0002086,TEP0001600,Anil Krishna,M,52,9562089587,Patancheru,Patancheru,Sangareddy,2026-07-04,FAC025,Fever,Gastrointestinal,Audio,20,Yes,Yes,No,,25.4,Telugu,Good,Completed
TC0002087,TEP0001601,Bhavani Mudiraj,F,39,9535001822,Mogudampally,Zaheerabad,Sangareddy,2026-01-23,FAC023,Routine NCD review,Other,Video,14,Yes,No,No,,22.3,Telugu,Fair,Completed
TC0002088,TEP0001602,Nirmala Narsimha,F,56,9211981059,Peddadinne,Devarakonda,Nalgonda,2026-06-26,FAC010,Cough,Dermatology,Video,16,Yes,No,Yes,14,7.4,English,Good,Completed
TC0002089,TEP0001603,Jyothi Reddy,F,73,9274553174,Bangarigadda,Chandur,Nalgonda,2026-03-14,FAC013,Skin complaint,Hypertension,Video,19,Yes,No,Yes,14,16.9,Telugu,Poor,Completed
TC0002090,TEP0001604,Raghaw Goud,M,42,9920385645,Midjil,Midjil,Mahabubnagar,2026-06-19,FAC007,Abdominal discomfort,Musculoskeletal,Audio,12,Yes,No,Yes,21,7.6,Telugu,Poor,Completed
TC0002091,TEP0001605,Kavitha Das,F,50,9154078855,Kohir,Zaheerabad,Sangareddy,2026-07-24,FAC023,Fever,Dermatology,Audio,13,Yes,Yes,Yes,30,15.7,Telugu,Good,Completed
TC0002092,TEP0001606,Bhavani Goud,F,69,9763413580,Patancheru,Patancheru,Sangareddy,2026-01-31,FAC027,Cough,Gastrointestinal,Assisted video,10,No,No,Yes,7,36.3,Telugu,Poor,Completed
TC0002093,TEP0001607,Sushma Kumar,F,82,9612172860,Jharasangam,Zaheerabad,Sangareddy,2026-03-17,FAC023,Cough,Respiratory,Video,19,Yes,No,Yes,7,18.7,Telugu,Fair,Completed
TC0002094,TEP0001608,Anil Kumar,M,18,9652100173,Ameenpur,Patancheru,Sangareddy,2026-05-31,FAC026,Body pain,Other,Audio,14,Yes,No,Yes,21,9.7,Telugu,Fair,Completed
TC0002095,TEP0001609,Deepika Shekar,F,59,9509940109,Zaheerabad,Zaheerabad,Sangareddy,2026-05-09,FAC024,Skin complaint,Respiratory,Assisted video,21,Yes,No,No,,28.3,Telugu,Good,Completed
TC0002096,TEP0001609,Deepika Shekar,F,58,9509940109,Zaheerabad,Zaheerabad,Sangareddy,2026-06-24,FAC023,Routine NCD review,Fever/Infection,Audio,17,Yes,Yes,Yes,7,17.3,Telugu,Poor,Completed
TC0002097,TEP0001609,Deepika Shekar,F,59,+91-95099-40109,Zaheerabad,Zaheerabad,Sangareddy,2026-08-09,FAC023,Fever,Dermatology,Video,16,Yes,No,No,,17.3,Telugu,Fair,Completed
TC0002098,TEP0001610,Sushma Patel,F,44,+91-97508-56238,Nomula,Nakrekal,Nalgonda,2026-04-19,FAC017,Fever,Fever/Infection,Audio,21,Yes,Yes,No,,29.9,Telugu,Fair,Completed
TC0002099,TEP0001611,Harika Begum,F,62,9806112308,Narayankhed,Narayankhed,Sangareddy,2026-06-17,FAC020,Body pain,Gastrointestinal,Video,21,No,No,Yes,30,23.7,Telugu,Poor,Completed
TC0002100,TEP0001611,Harika Begum,F,64,9806112308,Narayankhed,Narayankhed,Sangareddy,2026-07-21,FAC021,Cough,Respiratory,Assisted video,9,Yes,Yes,Yes,21,7.0,Telugu,Fair,Completed
TC0002101,TEP0001612,Anjali Naik,F,41,9137366816,Mogudampally,Zaheerabad,Sangareddy,2026-07-19,FAC024,Fever,Dermatology,Audio,14,Yes,No,Yes,14,16.8,Urdu,Poor,Completed
TC0002102,TEP0001613,Venkatesh Begum,M,53,9430634879,Balanagar,Balanagar,Mahabubnagar,2026-05-18,FAC005,Cough,Fever/Infection,Audio,23,Yes,Yes,Yes,7,10.4,Telugu,Fair,Completed
TC0002103,TEP0001614,Nirmala Basha,F,40,,NAKREKAL,Nakrekal,Nalgonda,2026-05-30,FAC018,Abdominal discomfort,Respiratory,Audio,15,Yes,No,Yes,30,16.2,Telugu,Good,Completed
TC0002104,TEP0001615,Rani Yadav,F,53,9043103622,Badepally,Jadcherla,Mahabubnagar,2026-06-24,FAC002,Routine NCD review,Respiratory,Audio,22,Yes,No,Yes,30,19.9,Telugu,Poor,Completed
TC0002105,TEP0001615,Rani Yadav,F,53,9043103622,Badepall,Jadcherla,Mahabubnagar,2026-08-12,FAC003,Body pain,Fever/Infection,Video,17,Yes,No,Yes,7,5.1,Telugu,Fair,Completed
TC0002106,TEP0001616,Sreenivas Reddy,M,42,,Bodajanampe,Balanagar,Mahabubnagar,2026-04-25,FAC005,Skin complaint,Musculoskeletal,Assisted video,20,Yes,No,Yes,30,26.6,Telugu,Poor,Completed
TC0002107,TEP0001616,Srinivas Reddy,M,40,9334716469,Bodajanampet,Balanagar,Mahabubnagar,2026-06-15,FAC004,Cough,Other,Video,19,Yes,Yes,Yes,14,27.6,Telugu,Good,Completed
TC0002108,TEP0001617,Santosh Basha,M,40,9900495716,Kangt,Narayankhed,Sangareddy,2026-02-22,FAC019,Headache,Hypertension,Assisted video,15,Yes,No,No,,20.3,Telugu,Poor,Completed
TC0002109,TEP0001617,Santosh Basha,M,43,9900495716,Kangti,Narayankhed,Sangareddy,2026-08-15,FAC019,Fever,Hypertension,Audio,18,Yes,No,Yes,30,20.3,Telugu,Poor,Completed
TC0002110,TEP0001618,Sushma Devi,F,31,9766540095,Nomula,Nakrekal,Nalgonda,2026-02-18,FAC018,Headache,Respiratory,Audio,17,No,No,Yes,7,2.2,Telugu,Good,Completed
TC0002111,TEP0001618,Sushma Dewi,F,30,9766540095,Nomula,Nakrekal,Nalgonda,2026-08-07,FAC017,Dizziness,Musculoskeletal,Assisted video,17,Yes,No,Yes,21,29.9,Telugu,Poor,Completed
TC0002112,TEP0001619,Sushma Devi,F,47,9070583582,Mogudampally,Zaheerabad,Sangareddy,2026-07-15,FAC023,Abdominal discomfort,Diabetes,Assisted video,11,Yes,Yes,Yes,7,22.3,Telugu,Good,Completed
TC0002113,TEP0001620,Ramesh Chary,M,41,9056745751,BANGARIGADDA,Chandur,Nalgonda,2026-07-29,FAC014,Abdominal discomfort,Hypertension+Diabetes,Audio,18,Yes,No,No,,17.6,Telugu,Good,Completed
TC0002114,TEP0001621,Mahesh Chary,M,71,9837655242,Bhanur,Patancheru,Sangareddy,2026-01-08,FAC026,Routine NCD review,Dermatology,Assisted video,10,Yes,No,Yes,30,12.8,Telugu,Fair,Completed
TC0002115,TEP0001622,Mohan Yadav,M,65,9299911462,Kalher,Narayankhed,Sangareddy,2026-03-24,FAC021,Fever,Musculoskeletal,Assisted video,17,Yes,No,Yes,14,22.9,Telugu,Good,Completed
TC0002116,TEP0001623,Harika Begum,F,31,9030353945,Peddadinne,Devarakonda,Nalgonda,2026-01-03,FAC012,Routine NCD review,Other,Assisted video,10,Yes,No,Yes,30,6.6,Telugu,Poor,Completed
TC0002117,TEP0001624,Arun Mallaeeah,M,31,9295746185,Mangalapally,Nakrekal,Nalgonda,2026-01-07,FAC017,Fever,Other,Audio,15,Yes,Yes,No,,21.1,Telugu,Good,Completed
TC0002118,TEP0001624,Arun Mallaiah,M,31,+91-92957-46185,Mangalapally,Nakrekal,Nalgonda,2026-04-01,FAC016,Abdominal discomfort,Respiratory,Assisted video,20,Yes,Yes,Yes,7,4.1,Telugu,Good,Completed
TC0002119,TEP0001624,Arun Mallaiah,M,31,9295746185,Mangalapally,Nakrekal,Nalgonda,2026-05-08,FAC018,Skin complaint,Gastrointestinal,Video,17,Yes,Yes,Yes,30,35.0,Telugu,Poor,Completed
TC0002120,TEP0001625,Shobha Das,F,30,9342952848,MANGALAPALLY,Nakrekal,Nalgonda,2026-03-03,FAC016,Routine NCD review,Respiratory,Video,9,No,Yes,Yes,21,4.1,Urdu,Good,Completed
TC0002121,TEP0001626,Lakshmi Patel,F,47,+91-98230-81715,Patancheru,Patancheru,Sangareddy,2026-01-03,FAC027,Skin complaint,Diabetes,Assisted video,24,No,No,Yes,30,36.3,Telugu,Poor,Completed
TC0002122,TEP0001627,Shobha Krishna,F,35,,Rajapu,Balanagar,Mahabubnagar,2026-06-03,FAC006,Cough,Other,Video,19,Yes,No,Yes,30,8.7,Telugu,Poor,Completed
TC0002123,TEP0001627,Shobha Krishna,F,35,9553637908,RAJAPUR,Balanagar,Mahabubnagar,2026-06-28,FAC006,Abdominal discomfort,Fever/Infection,Audio,17,No,Yes,No,,8.7,Telugu,Poor,Completed
TC0002124,TEP0001628,njali Khan,F,59,9068536933,Patancheru,Patancheru,Sangareddy,2026-03-09,FAC025,Body pain,Other,Video,7,Yes,No,Yes,14,25.4,Urdu,Fair,Completed
TC0002125,TEP0001628,Anjali Khan,F,57,9068536933,Patancheru,Patancheru,Sangareddy,2026-05-09,FAC027,Fever,Musculoskeletal,Audio,13,Yes,No,No,,36.3,Urdu,Poor,Completed
TC0002126,TEP0001629,Suresh Yadav,M,64,9473513975,Jharasangam,Zaheerabad,Sangareddy,2026-02-16,FAC022,Routine NCD review,Hypertension,Audio,20,Yes,Yes,No,,5.6,Telugu,Poor,Completed
TC0002127,TEP0001630,Shankar Laxman,M,67,9270424013,Kalher,Narayankhed,Sangareddy,2026-03-23,FAC021,Cough,Diabetes,Assisted video,16,Yes,No,Yes,21,22.9,Telugu,Good,Completed
TC0002128,TEP0001631,Kavita Begum,F,69,9651588727,Kangti,Narayankhed,Sangareddy,2026-08-11,FAC020,Body pain,Diabetes,Assisted video,9,Yes,Yes,Yes,21,11.9,Telugu,Poor,Completed
TC0002129,TEP0001632,Sushma Shekar,F,68,,Bodajanampet,Balanagar,Mahabubnagar,2026-03-10,FAC005,Headache,Fever/Infection,Assisted video,13,Yes,Yes,Yes,14,26.6,Telugu,Good,Completed
TC0002130,TEP0001632,Sushma Shekar,F,65,9887458532,Bodajanampet,Balanagar,Mahabubnagar,2026-07-16,FAC006,Body pain,Musculoskeletal,Video,18,Yes,Yes,Yes,14,33.3,Telugu,Poor,Completed
TC0002131,TEP0001633,Deepika Begum,F,41,9320464977,Zaheerabad,Zaheerabad,Sangareddy,2026-06-05,FAC024,Headache,Hypertension,Video,15,Yes,No,Yes,30,28.3,Telugu,Good,Completed
TC0002132,TEP0001634,Suresh Mallaiah,M,40,9784964902,GUNDLAPALLY,Devarakonda,Nalgonda,2026-06-05,FAC012,Dizziness,Hypertension,Video,13,Yes,No,Yes,30,25.4,Telugu,Good,Completed
TC0002133,TEP0001635,Shankar Patel,M,39,9107661277,Manoor,Narayankhed,Sangareddy,2026-06-07,FAC021,Body pain,Musculoskeletal,Assisted video,17,Yes,No,Yes,30,15.5,Telugu,Poor,Completed
TC0002134,TEP0001636,Mounika Naik,F,32,9481872866,Midjil,Midjil,Mahabubnagar,2026-03-07,FAC009,Headache,Fever/Infection,Assisted video,15,Yes,Yes,Yes,14,19.5,Telugu,Fair,Completed
TC0002135,TEP0001636,Mounika Naik,F,32,9481872866,Midjil,Midjil,Mahabubnagar,2026-04-07,FAC007,Headache,Gastrointestinal,Audio,8,Yes,Yes,Yes,14,7.6,Telugu,Poor,Completed
TC0002136,TEP0001637,Anitha Chary,F,58,9434179826,Kondamallepally,Devarakonda,Nalgonda,2026-07-05,FAC012,Skin complaint,Musculoskeletal,Assisted video,12,Yes,No,Yes,14,19.6,Telugu,Fair,Completed
TC0002137,TEP0001638,Lalitha Khan,F,23,9508767752,Vemula,Midjil,Mahabubnagar,2026-05-26,FAC007,Abdominal discomfort,Other,Audio,14,Yes,No,No,,25.7,Telugu,Good,Completed
TC0002138,TEP0001638,Lalitha Khan,F,24,9508767752,Vemula,Midjil,Mahabubnagar,2026-07-06,FAC008,Cough,Other,Video,11,Yes,No,Yes,21,22.2,Telugu,Poor,Completed
TC0002139,TEP0001638,Lalitha Khan,F,24,9508767752,Vemula,Midjil,Mahabubnagar,2026-08-14,FAC009,Abdominal discomfort,Other,Audio,14,Yes,No,No,,7.3,Telugu,Poor,Completed
TC0002140,TEP0001639,Deepika,F,47,9301650092,Patancheru,Patancheru,Sangareddy,2026-07-01,FAC026,Body pain,Dermatology,Assisted video,14,Yes,Yes,No,,23.1,Telugu,Good,Completed
TC0002141,TEP0001640,Bhvani Krishna,F,51,9121716614,Nomula,Nakrekal,Nalgonda,2026-07-08,FAC017,Body pain,Hypertension+Diabetes,Audio,17,Yes,No,Yes,30,29.9,Telugu,Good,Completed
TC0002142,TEP0001641,Harika Naik,F,64,9413255299,Mangalapally,Nakrekal,Nalgonda,2026-04-19,FAC018,Fever,Hypertension,Assisted video,12,No,Yes,Yes,21,35.0,Telugu,Good,Completed
TC0002143,TEP0001641,Harika Naik,F,62,9413255299,Mangalapally,Nakrekal,Nalgonda,2026-05-08,FAC016,Skin complaint,Hypertension,Audio,18,Yes,Yes,No,,4.1,Telugu,Fair,Completed
TC0002144,TEP0001642,Divya Devi,F,34,,Kondamallepally,Devarakonda,Nalgonda,2026-07-28,FAC012,Cough,Diabetes,Assisted video,21,Yes,No,No,,19.6,Telugu,Good,Completed
TC0002145,TEP0001643,Anjali Mallaiah,F,54,9420053218,Mangalapally,Nakrekal,Nalgonda,2026-04-08,FAC017,Routine NCD review,Diabetes,Audio,9,Yes,No,No,,21.1,Telugu,Poor,Completed
TC0002146,TEP0001644,Shobha Chary,F,42,9838914044,RAJAPUR,Balanagar,Mahabubnagar,2026-04-26,FAC005,Dizziness,Fever/Infection,Video,17,Yes,Yes,Yes,30,12.6,Telugu,Good,Completed
TC0002147,TEP0001644,Shobha Chary,F,42,9838914044,Rajapur,Balanagar,Mahabubnagar,2026-06-11,FAC006,Headache,Dermatology,Video,24,Yes,No,Yes,7,8.7,Telugu,Poor,Completed
TC0002148,TEP0001645,Swathi Yadav,F,33,9904551996,Patancheru,Patancheru,Sangareddy,2026-06-28,FAC026,Headache,Other,Video,22,Yes,No,Yes,14,23.1,Telugu,Good,Completed
TC0002149,TEP0001645,Swathi Yadav,F,33,9904551996,Patancheru,Patancheru,Sangareddy,2026-07-31,FAC027,Headache,Dermatology,Audio,8,Yes,No,Yes,30,36.3,Telugu,Good,Completed
TC0002150,TEP0001646,Anitha Basha,F,28,9024991642,Kummarikunta,Chandur,Nalgonda,2026-03-05,FAC014,Dizziness,Hypertension+Diabetes,Assisted video,23,Yes,Yes,Yes,21,7.3,Telugu,Fair,Completed
TC0002151,TEP0001646,Anitha Basha,F,32,9024991642,Kummarikunta,Chandur,Nalgonda,2026-04-08,FAC013,Routine NCD review,Hypertension,Audio,21,No,No,Yes,14,6.5,Telugu,Fair,Completed
TC0002152,TEP0001646,Anitha Basha,F,29,9024991642,Kummarikunta,Chandur,Nalgonda,2026-05-18,FAC013,Fever,Hypertension,Assisted video,14,No,Yes,Yes,21,6.5,Telugu,Fair,Completed
TC0002153,TEP0001647,Srilatha Yadav,F,43,9014975679,Balanagar,Balanagar,Mahabubnagar,2026-01-05,FAC006,Routine NCD review,Dermatology,Assisted video,17,No,No,Yes,14,1.4,Telugu,Poor,Completed
TC0002154,TEP0001648,Santosh Rao,M,59,9829972576,Jharasangam,Zaheerabad,Sangareddy,2026-05-05,FAC022,Fever,Hypertension,Assisted video,22,Yes,No,Yes,30,5.6,Telugu,Good,Completed
TC0002155,TEP0001649,Raju Mudiraj,M,46,9497345952,Jharasangam,Zaheerabad,Sangareddy,2026-08-04,FAC022,Routine NCD review,Hypertension,Assisted video,20,Yes,Yes,No,,5.6,Telugu,Poor,Completed
TC0002156,TEP0001650,Santosh Naik,M,59,9402196018,Kohir,Zaheerabad,Sangareddy,2026-03-05,FAC023,Dizziness,Diabetes,Assisted video,22,Yes,Yes,Yes,21,15.7,Telugu,Good,Completed
TC0002157,TEP0001651,Mohan Patel,M,76,+91-90798-73413,Mangalapally,Nakrekal,Nalgonda,2026-06-24,FAC017,Body pain,Fever/Infection,Video,14,Yes,No,Yes,30,21.1,Telugu,Fair,Completed
TC0002158,TEP0001651,Mohan Patel,M,76,9079873413,MANGALAPALLY,Nakrekal,Nalgonda,2026-08-10,FAC016,Headache,Gastrointestinal,Audio,9,Yes,Yes,No,,4.1,Telugu,Good,Completed
TC0002159,TEP0001652,Sai Shekar,M,38,9284859767,Ameenpur,Patancheru,Sangareddy,2026-04-20,FAC025,Headache,Gastrointestinal,Assisted video,13,Yes,No,Yes,30,13.0,Telugu,Fair,Completed
TC0002160,TEP0001652,Sai Shekar,M,37,9284852767,Ameenpur,Patancheru,Sangareddy,2026-07-18,FAC025,Headache,Gastrointestinal,Assisted video,21,Yes,No,Yes,21,13.0,Telugu,Fair,Completed
TC0002161,TEP0001653,Rani,F,57,9773538096,Kohir,Zaheerabad,Sangareddy,2026-01-11,FAC023,Headache,Diabetes,Audio,13,Yes,No,Yes,7,15.7,Telugu,Poor,Completed
TC0002162,TEP0001654,Kavitha Jangam,F,58,9990172095,Kondamallepally,Devarakonda,Nalgonda,2026-03-03,FAC010,Abdominal discomfort,Dermatology,Video,7,Yes,No,Yes,14,20.0,Telugu,Good,Completed
TC0002163,TEP0001655,Shankar,M,37,9523399583,MOGUDAMPALLY,Zaheerabad,Sangareddy,2026-03-05,FAC024,Skin complaint,Hypertension,Video,14,Yes,No,Yes,14,16.8,Telugu,Poor,Completed
TC0002164,TEP0001656,Jyoti Naik,F,23,9309652626,Kondamallepally,Devarakonda,Nalgonda,2026-04-04,FAC011,Routine NCD review,Dermatology,Assisted video,8,Yes,No,Yes,21,25.7,Telugu,Poor,Completed
TC0002165,TEP0001656,Jyothi Naik,F,22,9309652626,KONDAMALLEPALLY,Devarakonda,Nalgonda,2026-05-26,FAC011,Cough,Dermatology,Video,23,Yes,No,Yes,14,25.7,Telugu,Poor,Completed
TC0002166,TEP0001657,Anjalee Patel,F,71,9268496054,Mogudampall,Zaheerabad,Sangareddy,2026-04-07,FAC024,Skin complaint,Fever/Infection,Video,14,No,No,No,,16.8,Telugu,Fair,Completed
TC0002167,TEP0001658,Srinivas Yadav,M,67,9423412595,Bhanur,Patancheru,Sangareddy,2026-02-02,FAC026,Cough,Hypertension,Audio,17,Yes,Yes,Yes,14,12.8,Telugu,Poor,Completed
TC0002168,TEP0001659,Anjali Naik,F,38,9607592844,Peddadinne,Devarakonda,Nalgonda,2026-07-06,FAC011,Skin complaint,Fever/Infection,Audio,11,No,No,No,,13.9,Telugu,Poor,Completed
TC0002169,TEP0001660,Swathi Shekar,F,68,9471257788,JHARASANGAM,Zaheerabad,Sangareddy,2026-04-06,FAC023,Abdominal discomfort,Respiratory,Audio,7,No,Yes,Yes,14,18.7,Telugu,Poor,Completed
TC0002170,TEP0001661,Anil Naik,M,45,9565715229,Bodajanampet,Balanagar,Mahabubnagar,2026-01-03,FAC004,Skin complaint,Dermatology,Audio,20,Yes,No,Yes,30,27.6,Telugu,Good,Completed
TC0002171,TEP0001661,Anil Naik,M,45,9565715229,Bodajanampe,Balanagar,Mahabubnagar,2026-02-25,FAC006,Abdominal discomfort,Other,Audio,12,Yes,No,No,,33.3,Telugu,Poor,Completed
TC0002172,TEP0001662,Harika Yadav,F,27,9813534926,Bodajanampet,Balanagar,Mahabubnagar,2026-01-18,FAC004,Dizziness,Other,Video,17,No,Yes,Yes,14,27.6,Telugu,Poor,Completed
TC0002173,TEP0001663,Arun Begum,M,46,9095645693,Marrur,Nakrekal,Nalgonda,2026-06-02,FAC018,Dizziness,Diabetes,Video,21,Yes,Yes,Yes,30,6.7,Telugu,Poor,Completed
TC0002174,TEP0001663,Arun Begum,M,46,9095645693,Marrur,Nakrekal,Nalgonda,2026-08-01,FAC016,Fever,Diabetes,Audio,11,Yes,No,Yes,7,36.5,Telugu,Good,Completed
TC0002175,TEP0001664,Srilatha Laxman,F,62,,Nermata,Chandur,Nalgonda,2026-03-31,FAC013,Abdominal discomfort,Hypertension+Diabetes,Video,18,Yes,Yes,Yes,21,19.7,Telugu,Good,Completed
TC0002176,TEP0001665,Praveen Laxman,M,40,+91-92326-12625,Bodajanampet,Balanagar,Mahabubnagar,2026-08-07,FAC006,Dizziness,Musculoskeletal,Video,17,No,No,Yes,21,33.3,Telugu,Fair,Completed
TC0002177,TEP0001666,Mohan Krishna,M,44,9280066072,Midjil,Midjil,Mahabubnagar,2026-08-05,FAC007,Body pain,Musculoskeletal,Assisted video,21,Yes,No,Yes,7,7.6,Urdu,Good,Completed
TC0002178,TEP0001667,Swathi Patel,F,79,9418707200,Badepally,Jadcherla,Mahabubnagar,2026-04-24,FAC001,Skin complaint,Hypertension+Diabetes,Assisted video,24,No,No,Yes,7,11.4,Telugu,Poor,Completed
TC0002179,TEP0001668,Deepika Devi,F,53,9462959600,Nomula,Nakrekal,Nalgonda,2026-07-08,FAC018,Headache,Dermatology,Assisted video,17,No,No,Yes,14,2.2,Telugu,Poor,Completed
TC0002180,TEP0001669,Shobha Mallaiah,F,74,,Devarakonda,Devarakonda,Nalgonda,2026-08-11,FAC012,Abdominal discomfort,Hypertension,Video,10,Yes,Yes,Yes,7,22.1,Telugu,Fair,Completed
TC0002181,TEP0001670,Renuka Devi,F,56,9869535123,Polepally,Jadcherla,Mahabubnagar,2026-03-05,FAC002,Abdominal discomfort,Musculoskeletal,Audio,17,No,No,Yes,7,8.3,Urdu,Poor,Completed
TC0002182,TEP0001670,Renuka Devi,F,55,9869835123,Polepally,Jadcherla,Mahabubnagar,2026-03-06,FAC001,Skin complaint,Hypertension,Video,16,No,No,No,,25.4,Urdu,Poor,Completed
TC0002183,TEP0001670,Renuka Dewi,F,55,9869835123,Polepally,Jadcherla,Mahabubnagar,2026-03-16,FAC003,Headache,Hypertension,Audio,8,Yes,Yes,Yes,21,21.0,Urdu,Poor,Completed
TC0002184,TEP0001671,Kaveetha Devi,F,62,9777043586,Macharam,Jadcherla,Mahabubnagar,2026-03-23,FAC003,Cough,Hypertension,Video,12,Yes,No,No,,12.8,Telugu,Fair,Completed
TC0002185,TEP0001672,Arun Begum,M,47,9981224761,MIDJIL,Midjil,Mahabubnagar,2026-04-05,FAC008,Fever,Hypertension,Video,11,Yes,No,Yes,7,11.3,Telugu,Poor,Completed
TC0002186,TEP0001673,Srilatha Kumar,F,38,9829063441,Kondamallepally,Devarakonda,Nalgonda,2026-02-03,FAC012,Cough,Diabetes,Audio,10,Yes,Yes,No,,19.6,Telugu,Poor,Completed
TC0002187,TEP0001674,Srinivas Narsimha,M,62,,Peddadinne,Devarakonda,Nalgonda,2026-08-08,FAC010,Fever,Hypertension,Assisted video,22,Yes,No,No,,7.4,Telugu,Poor,Completed
TC0002188,TEP0001675,Sushma Chary,F,51,9266839812,Midjil,Midjil,Mahabubnagar,2026-04-02,FAC007,Skin complaint,Hypertension,Audio,12,Yes,No,Yes,7,7.6,Telugu,Good,Completed
TC0002189,TEP0001676,Sushma Goud,F,34,9355023497,Bhanur,Patancheru,Sangareddy,2026-07-05,FAC027,Dizziness,Diabetes,Audio,12,Yes,Yes,Yes,14,18.4,Urdu,Poor,Completed
TC0002190,TEP0001676,Sushma Goud,F,36,9355023497,Bhanur,Patancheru,Sangareddy,2026-07-26,FAC025,Cough,Other,Audio,7,Yes,No,No,,18.7,Urdu,Poor,Completed
TC0002191,TEP0001677,Arun Das,M,55,9466043375,Indresham,Patancheru,Sangareddy,2026-06-30,FAC025,Fever,Hypertension,Audio,20,Yes,No,No,,19.2,Telugu,Fair,Completed
TC0002192,TEP0001677,Arun Das,M,53,9466043375,INDRESHAM,Patancheru,Sangareddy,2026-07-21,FAC025,Routine NCD review,Hypertension,Video,10,Yes,Yes,Yes,21,19.2,Telugu,Fair,Completed
TC0002193,TEP0001678,Divya Mallaiah,F,70,,Peddadinne,Devarakonda,Nalgonda,2026-06-12,FAC010,Skin complaint,Diabetes,Audio,20,Yes,No,Yes,21,7.4,Telugu,Good,Completed
TC0002194,TEP0001679,Anil Yadav,M,49,9692974574,Devarakonda,Devarakonda,Nalgonda,2026-02-15,FAC012,Headache,Hypertension+Diabetes,Audio,8,Yes,No,No,,22.1,Urdu,Poor,Completed
TC0002195,TEP0001679,Anil Yadav,M,49,9692974574,Devarakonda,Devarakonda,Nalgonda,2026-03-08,FAC010,Abdominal discomfort,Hypertension+Diabetes,Assisted video,11,Yes,No,No,,22.8,Urdu,Good,Completed
TC0002196,TEP0001679,Anil,M,48,9692974574,Devarakonda,Devarakonda,Nalgonda,2026-05-13,FAC011,Dizziness,Hypertension,Assisted video,19,No,No,Yes,7,29.2,Urdu,Fair,Completed
TC0002197,TEP0001680,Naresh Kumar,M,59,9719178745,Nomula,Nakrekal,Nalgonda,2026-01-27,FAC016,Body pain,Hypertension,Assisted video,22,Yes,Yes,Yes,14,36.1,Telugu,Fair,Completed
TC0002198,TEP0001681,Shobha Shekar,F,59,9845652289,Jharasangam,Zaheerabad,Sangareddy,2026-07-27,FAC023,Dizziness,Musculoskeletal,Assisted video,23,Yes,No,Yes,14,18.7,Telugu,Poor,Completed
TC0002199,TEP0001682,njali Begum,F,54,9712544004,Kalher,Narayankhed,Sangareddy,2026-03-03,FAC020,Cough,Hypertension,Video,23,Yes,No,Yes,7,29.6,Urdu,Poor,Completed
TC0002200,TEP0001683,Vinod Reddy,M,42,9967027393,Bangarigadda,Chandur,Nalgonda,2026-08-06,FAC015,Abdominal discomfort,Hypertension+Diabetes,Assisted video,17,Yes,No,Yes,7,18.0,Telugu,Good,Completed
TC0002201,TEP0001684,Bhavani Narsimha,F,58,9823597937,Kallepally,Balanagar,Mahabubnagar,2026-08-09,FAC005,Headache,Musculoskeletal,Audio,12,Yes,No,No,,26.2,Telugu,Poor,Completed
TC0002202,TEP0001685,Naveen,M,53,,Gangapur,Jadcherla,Mahabubnagar,2026-05-21,FAC002,Abdominal discomfort,Other,Audio,20,Yes,No,Yes,14,38.9,Telugu,Fair,Completed
TC0002203,TEP0001686,Srilatha Goud,F,47,9532169003,Balanagar,Balanagar,Mahabubnagar,2026-06-30,FAC005,Abdominal discomfort,Other,Assisted video,15,Yes,No,Yes,30,10.4,Telugu,Good,Completed
TC0002204,TEP0001687,Sai Das,M,61,9953828014,Kummarikunta,Chandur,Nalgonda,2026-04-17,FAC014,Routine NCD review,Other,Audio,12,No,Yes,No,,7.3,Telugu,Good,Completed
TC0002205,TEP0001688,Diwya Laxman,F,55,9236430401,Kummarikunt,Chandur,Nalgonda,2026-01-18,FAC015,Dizziness,Musculoskeletal,Assisted video,10,Yes,Yes,No,,26.6,Telugu,Good,Completed
TC0002206,TEP0001688,Divya Laxman,F,55,9236430401,Kummarikunta,Chandur,Nalgonda,2026-05-22,FAC014,Cough,Hypertension,Assisted video,24,Yes,Yes,Yes,30,7.3,Telugu,Good,Completed
TC0002207,TEP0001689,Llitha Begum,F,47,9547696255,Gundlapally,Devarakonda,Nalgonda,2026-05-21,FAC011,Fever,Musculoskeletal,Video,23,Yes,No,No,,29.4,Telugu,Poor,Completed
TC0002208,TEP0001690,Harika Shekar,F,49,9195861169,Bodajanampet,Balanagar,Mahabubnagar,2026-06-06,FAC004,Cough,Other,Audio,11,Yes,No,No,,27.6,Urdu,Fair,Completed
TC0002209,TEP0001691,Santosh Rao,M,62,9654224944,Bangarigadda,Chandur,Nalgonda,2026-07-21,FAC013,Abdominal discomfort,Diabetes,Assisted video,13,Yes,No,No,,16.9,Telugu,Good,Completed
TC0002210,TEP0001692,Divya Laxman,F,32,9575101982,MANOOR,Narayankhed,Sangareddy,2026-06-21,FAC019,Skin complaint,Fever/Infection,Video,16,Yes,No,No,,33.3,Telugu,Fair,Completed
TC0002211,TEP0001693,Rajesh Yadav,M,57,9484280544,Bhanur,Patancheru,Sangareddy,2026-06-08,FAC025,Skin complaint,Hypertension,Video,9,Yes,Yes,Yes,14,18.7,Telugu,Fair,Completed
TC0002212,TEP0001693,Rajes Yadav,M,57,9484280544,Bhanur,Patancheru,Sangareddy,2026-07-01,FAC026,Headache,Hypertension,Assisted video,9,Yes,No,No,,12.8,Telugu,Fair,Completed
TC0002213,TEP0001694,Vinod,M,39,9140787116,Gundlapally,Devarakonda,Nalgonda,2026-03-21,FAC011,Headache,Dermatology,Video,9,Yes,No,No,,29.4,Telugu,Fair,Completed
TC0002214,TEP0001695,Vinod Goud,M,29,9668593559,Polepally,Jadcherla,Mahabubnagar,2026-02-21,FAC003,Body pain,Musculoskeletal,Audio,7,Yes,Yes,Yes,30,21.0,Telugu,Fair,Completed
TC0002215,TEP0001696,Ramesh Shekar,M,26,+91-94434-14914,Bodajanampet,Balanagar,Mahabubnagar,2026-01-04,FAC006,Cough,Other,Assisted video,17,No,Yes,Yes,30,33.3,Telugu,Good,Completed
TC0002216,TEP0001697,Srilatha Khan,F,52,9351434732,Bangarigadda,Chandur,Nalgonda,2026-08-11,FAC014,Headache,Gastrointestinal,Audio,16,Yes,No,No,,17.6,Telugu,Poor,Completed
TC0002217,TEP0001698,Keeran Rao,M,70,9543155254,Polepall,Jadcherla,Mahabubnagar,2026-03-02,FAC003,Body pain,Musculoskeletal,Assisted video,7,Yes,Yes,Yes,7,21.0,Telugu,Fair,Completed
TC0002218,TEP0001699,Mohan Yadav,M,71,+91-91926-95761,Mangalapally,Nakrekal,Nalgonda,2026-02-07,FAC018,Headache,Other,Video,14,Yes,No,No,,35.0,Telugu,Good,Completed
TC0002219,TEP0001700,Anil Mudiraj,M,42,,Mogudampally,Zaheerabad,Sangareddy,2026-03-11,FAC023,Abdominal discomfort,Other,Assisted video,16,Yes,Yes,Yes,30,22.3,Telugu,Fair,Completed
TC0002220,TEP0001701,Vinod Reddy,M,37,9107372582,CHANDUR,Chandur,Nalgonda,2026-01-09,FAC013,Dizziness,Hypertension,Assisted video,24,Yes,Yes,Yes,30,21.3,Telugu,Good,Completed
TC0002221,TEP0001701,Vinod Reddy,M,36,9107372582,Chandur,Chandur,Nalgonda,2026-07-25,FAC014,Routine NCD review,Hypertension,Assisted video,13,Yes,No,Yes,7,20.6,Telugu,Poor,Completed
TC0002222,TEP0001702,Lalitha Jangam,F,42,9363877799,Vemula,Midjil,Mahabubnagar,2026-08-02,FAC009,Body pain,Hypertension,Assisted video,22,No,No,No,,7.3,Telugu,Poor,Completed
TC0002223,TEP0001703,Divya Naik,F,35,9244434646,Zaheerabad,Zaheerabad,Sangareddy,2026-05-16,FAC023,Body pain,Dermatology,Audio,9,Yes,No,Yes,30,17.3,Telugu,Fair,Completed
TC0002224,TEP0001703,Divya Naik,F,37,9244434646,Zaheerabad,Zaheerabad,Sangareddy,2026-06-06,FAC023,Cough,Gastrointestinal,Assisted video,13,Yes,No,No,,17.3,Telugu,Fair,Completed
TC0002225,TEP0001704,Praveen Mallaiah,M,57,9262080713,Vemula,Midjil,Mahabubnagar,2026-06-08,FAC008,Headache,Respiratory,Assisted video,15,No,Yes,No,,22.2,Telugu,Fair,Completed
TC0002226,TEP0001705,Rajes Das,M,25,9979112788,Gangapur,Jadcherla,Mahabubnagar,2026-04-17,FAC003,Headache,Hypertension,Assisted video,12,Yes,Yes,Yes,30,26.4,Telugu,Good,Completed
TC0002227,TEP0001706,Anil Shekar,M,70,9254856531,Balanagar,Balanagar,Mahabubnagar,2026-01-12,FAC005,Headache,Dermatology,Audio,19,Yes,No,Yes,7,10.4,Telugu,Good,Completed
TC0002228,TEP0001706,Anil Shekar,M,68,9254856531,Balanagar,Balanagar,Mahabubnagar,2026-06-03,FAC005,Cough,Other,Video,12,Yes,Yes,Yes,14,10.4,Telugu,Good,Completed
TC0002229,TEP0001707,Vinod Begum,M,47,9294337126,Bhanur,Patancheru,Sangareddy,2026-03-04,FAC026,Abdominal discomfort,Other,Audio,23,No,No,No,,12.8,Telugu,Poor,Completed
TC0002230,TEP0001707,Vinod Begum,M,45,9294337626,Bhanur,Patancheru,Sangareddy,2026-04-17,FAC025,Fever,Other,Video,13,Yes,No,Yes,21,18.7,Telugu,Fair,Completed
TC0002231,TEP0001708,Mounika Yadav,F,58,,Manoor,Narayankhed,Sangareddy,2026-08-13,FAC020,Cough,Dermatology,Video,23,Yes,No,No,,21.7,Telugu,Good,Completed
TC0002232,TEP0001709,Jyothi Naik,F,36,+91-98872-41450,Kummarikunta,Chandur,Nalgonda,2026-01-02,FAC015,Fever,Hypertension,Assisted video,18,Yes,Yes,Yes,7,26.6,Urdu,Poor,Completed
TC0002233,TEP0001709,Jyothi Naik,F,36,9887241450,Kummarikunta,Chandur,Nalgonda,2026-04-05,FAC014,Headache,Hypertension,Assisted video,10,Yes,No,No,,7.3,Urdu,Poor,Completed
TC0002234,TEP0001710,Arun Shekar,M,44,9282203849,Kallepally,Balanagar,Mahabubnagar,2026-05-12,FAC006,Headache,Other,Video,8,No,Yes,Yes,14,35.4,Telugu,Fair,Completed
TC0002235,TEP0001710,Arun Shekar,M,46,9292203849,Kallepally,Balanagar,Mahabubnagar,2026-07-08,FAC005,Skin complaint,Respiratory,Assisted video,11,Yes,No,No,,26.2,Telugu,Poor,Completed
TC0002236,TEP0001711,Padma Reddy,F,42,9993225933,Balanagar,Balanagar,Mahabubnagar,2026-03-12,FAC006,Abdominal discomfort,Gastrointestinal,Video,18,Yes,No,Yes,7,1.4,Telugu,Fair,Completed
TC0002237,TEP0001712,Anil Mudiraj,M,40,9516475257,Manoor,Narayankhed,Sangareddy,2026-04-18,FAC021,Dizziness,Diabetes,Audio,8,No,No,Yes,7,15.5,Telugu,Fair,Completed
TC0002238,TEP0001712,Anil Mudiraj,M,39,9516475257,Manoor,Narayankhed,Sangareddy,2026-05-31,FAC019,Body pain,Diabetes,Assisted video,24,No,No,No,,33.3,Telugu,Good,Completed
TC0002239,TEP0001713,Mohn Chary,M,68,9282489018,Patancheru,Patancheru,Sangareddy,2026-08-02,FAC027,Skin complaint,Diabetes,Assisted video,16,Yes,No,Yes,30,36.3,Telugu,Good,Completed
TC0002240,TEP0001714,Lalitha Yadaw,F,41,9750324816,Peddadinne,Devarakonda,Nalgonda,2026-02-20,FAC011,Body pain,Diabetes,Assisted video,16,No,Yes,Yes,21,13.9,Telugu,Fair,Completed
TC0002241,TEP0001715,Venkatesh Laxman,M,18,9397645564,Vemula,Midjil,Mahabubnagar,2026-07-09,FAC007,Skin complaint,Hypertension,Assisted video,14,Yes,No,No,,25.7,Telugu,Fair,Completed
TC0002242,TEP0001716,Vinod Begum,M,59,9881705565,Manoo,Narayankhed,Sangareddy,2026-05-04,FAC019,Abdominal discomfort,Fever/Infection,Video,21,Yes,Yes,Yes,21,33.3,Telugu,Poor,Completed
TC0002243,TEP0001717,Jyothi Mudiraj,F,27,,Polepally,Jadcherla,Mahabubnagar,2026-08-15,FAC003,Dizziness,Other,Audio,20,Yes,No,Yes,21,21.0,Urdu,Good,Completed
TC0002244,TEP0001718,Harika Krishna,F,25,9872818320,Kangti,Narayankhed,Sangareddy,2026-05-25,FAC019,Cough,Musculoskeletal,Audio,7,Yes,Yes,Yes,14,20.3,Telugu,Poor,Completed
TC0002245,TEP0001719,Renuka Laxman,F,40,9426858170,Jharasangam,Zaheerabad,Sangareddy,2026-07-28,FAC023,Skin complaint,Musculoskeletal,Assisted video,13,Yes,No,No,,18.7,Telugu,Fair,Completed
TC0002246,TEP0001720,Mounika Begum,F,44,9890297976,RAJAPUR,Balanagar,Mahabubnagar,2026-06-05,FAC006,Skin complaint,Other,Video,24,No,No,No,,8.7,Telugu,Good,Completed
TC0002247,TEP0001721,Srinivas Kumar,M,49,9350795900,Manoor,Narayankhed,Sangareddy,2026-01-01,FAC019,Cough,Hypertension,Assisted video,19,Yes,Yes,Yes,14,33.3,Telugu,Fair,Completed
TC0002248,TEP0001722,Divya Kumar,F,37,+91-91592-04605,Nakrekal,Nakrekal,Nalgonda,2026-04-27,FAC018,Fever,Gastrointestinal,Assisted video,21,Yes,No,Yes,14,16.2,Telugu,Poor,Completed
TC0002249,TEP0001723,Kiran Naik,M,20,9256764154,MACHARAM,Jadcherla,Mahabubnagar,2026-01-21,FAC001,Abdominal discomfort,Dermatology,Video,7,Yes,Yes,Yes,14,17.2,Telugu,Good,Completed
TC0002250,TEP0001723,Kiran Naik,M,20,9256763154,MACHARAM,Jadcherla,Mahabubnagar,2026-07-19,FAC001,Skin complaint,Gastrointestinal,Audio,23,Yes,Yes,Yes,30,17.2,Telugu,Poor,Completed
TC0002251,TEP0001724,Kiran Basha,M,43,9210128856,Kummarikunta,Chandur,Nalgonda,2026-01-19,FAC013,Headache,Dermatology,Audio,12,Yes,No,No,,6.5,Telugu,Fair,Completed
TC0002252,TEP0001725,Anitha Mallaiah,F,61,9659256557,Kangti,Narayankhed,Sangareddy,2026-02-02,FAC021,Headache,Respiratory,Audio,14,Yes,No,Yes,14,27.8,Telugu,Good,Completed
TC0002253,TEP0001725,Anitha Mallaiah,F,60,,Kangti,Narayankhed,Sangareddy,2026-02-06,FAC021,Routine NCD review,Other,Assisted video,10,No,No,No,,27.8,Telugu,Fair,Completed
TC0002254,TEP0001726,Kiran Krishna,M,41,9966998524,Badepally,Jadcherla,Mahabubnagar,2026-02-20,FAC001,Fever,Diabetes,Audio,15,Yes,No,Yes,7,11.4,Telugu,Poor,Completed
TC0002255,TEP0001727,Ramesh Krishna,M,53,9485400550,Vemula,Midjil,Mahabubnagar,2026-07-31,FAC007,Abdominal discomfort,Other,Video,21,Yes,Yes,Yes,30,25.7,English,Poor,Completed
TC0002256,TEP0001728,Vinod Shekar,M,71,9373045803,KALLEPALLY,Balanagar,Mahabubnagar,2026-05-22,FAC005,Body pain,Diabetes,Video,20,Yes,Yes,No,,26.2,Telugu,Fair,Completed
TC0002257,TEP0001729,Raghav Das,M,60,9155518382,Nomula,Nakrekal,Nalgonda,2026-02-20,FAC017,Abdominal discomfort,Fever/Infection,Audio,12,Yes,Yes,Yes,14,29.9,Telugu,Fair,Completed
TC0002258,TEP0001730,Suresh Khan,M,60,9085432750,Chandur,Chandur,Nalgonda,2026-03-15,FAC013,Abdominal discomfort,Other,Audio,7,Yes,No,No,,21.3,Telugu,Good,Completed
TC0002259,TEP0001730,Suresh Khan,M,58,9085432750,Chandur,Chandur,Nalgonda,2026-04-02,FAC014,Skin complaint,Gastrointestinal,Video,7,No,Yes,Yes,21,20.6,Telugu,Fair,Completed
TC0002260,TEP0001731,Hrika Laxman,F,34,9194588474,Nakrekal,Nakrekal,Nalgonda,2026-08-08,FAC016,Abdominal discomfort,Diabetes,Video,10,Yes,No,Yes,21,35.5,Telugu,Fair,Completed
TC0002261,TEP0001732,Sriniwas Shekar,M,30,9264344402,Donur,Midjil,Mahabubnagar,2026-06-09,FAC008,Abdominal discomfort,Other,Assisted video,24,Yes,No,Yes,21,9.4,Telugu,Good,Completed
TC0002262,TEP0001733,Laleetha Chary,F,61,9842269751,Nakrekal,Nakrekal,Nalgonda,2026-05-22,FAC017,Dizziness,Diabetes,Assisted video,18,Yes,No,Yes,30,36.5,Telugu,Fair,Completed
TC0002263,TEP0001734,Navin Rao,M,33,9798853763,Devarakonda,Devarakonda,Nalgonda,2026-05-23,FAC011,Cough,Gastrointestinal,Assisted video,16,Yes,No,No,,29.2,Telugu,Good,Completed
TC0002264,TEP0001734,Naveen Rao,M,31,9798853763,Devarakonda,Devarakonda,Nalgonda,2026-07-11,FAC011,Routine NCD review,Respiratory,Audio,24,Yes,No,Yes,14,29.2,Telugu,Poor,Completed
TC0002265,TEP0001735,Ramesh Begum,M,58,,Devarakonda,Devarakonda,Nalgonda,2026-01-25,FAC010,Dizziness,Dermatology,Video,9,Yes,No,Yes,14,22.8,Telugu,Poor,Completed
TC0002266,TEP0001736,Shankar Goud,M,36,9136080167,Gangapur,Jadcherla,Mahabubnagar,2026-02-13,FAC001,Abdominal discomfort,Musculoskeletal,Assisted video,11,Yes,No,Yes,7,20.2,Telugu,Poor,Completed
TC0002267,TEP0001736,Shankar Goud,M,38,9136080167,Gangapur,Jadcherla,Mahabubnagar,2026-03-12,FAC003,Skin complaint,Other,Assisted video,13,Yes,No,Yes,7,26.4,Telugu,Good,Completed
TC0002268,TEP0001737,Arun Das,M,31,9648954000,Zaheerabad,Zaheerabad,Sangareddy,2026-03-12,FAC022,Routine NCD review,Musculoskeletal,Video,10,Yes,No,Yes,7,25.3,Telugu,Fair,Completed
TC0002269,TEP0001738,Suresh Chary,M,61,9784761248,Kallepally,Balanagar,Mahabubnagar,2026-05-13,FAC006,Body pain,Fever/Infection,Assisted video,16,Yes,No,Yes,14,35.4,Telugu,Good,Completed
TC0002270,TEP0001739,Saritha Patel,F,53,9574072981,Macharam,Jadcherla,Mahabubnagar,2026-03-27,FAC001,Cough,Hypertension,Assisted video,13,Yes,No,Yes,7,17.2,Telugu,Good,Completed
TC0002271,TEP0001739,Saritha Patel,F,55,9574070981,Macharam,Jadcherla,Mahabubnagar,2026-04-22,FAC003,Dizziness,Hypertension,Audio,22,Yes,Yes,Yes,7,12.8,Telugu,Good,Completed
TC0002272,TEP0001739,Saritha Patel,F,53,9574070981,Macharam,Jadcherla,Mahabubnagar,2026-08-14,FAC001,Headache,Hypertension,Audio,19,Yes,No,No,,17.2,Telugu,Fair,Completed
TC0002273,TEP0001740,Anjali Laxman,F,61,,Macharam,Jadcherla,Mahabubnagar,2026-06-13,FAC002,Body pain,Hypertension,Video,22,Yes,No,No,,29.4,Telugu,Fair,Completed
TC0002274,TEP0001741,Rajesh Goud,M,64,9896095998,Nermata,Chandur,Nalgonda,2026-04-01,FAC013,Skin complaint,Musculoskeletal,Assisted video,7,Yes,No,Yes,14,19.7,English,Fair,Completed
TC0002275,TEP0001742,Naveen Krishna,M,39,+91-90747-55026,Vemula,Midjil,Mahabubnagar,2026-02-03,FAC009,Fever,Gastrointestinal,Audio,22,Yes,Yes,No,,7.3,Telugu,Good,Completed
TC0002276,TEP0001743,Diwya Naik,F,59,9260868408,Gundlapally,Devarakonda,Nalgonda,2026-07-13,FAC011,Skin complaint,Gastrointestinal,Video,15,Yes,No,Yes,30,29.4,Telugu,Good,Completed
TC0002277,TEP0001744,Srinivas Basha,M,43,9751181896,Devarakonda,Devarakonda,Nalgonda,2026-02-06,FAC011,Routine NCD review,Gastrointestinal,Video,10,Yes,No,No,,29.2,Telugu,Fair,Completed
TC0002278,TEP0001745,Lalitha Khan,F,31,+91-98298-87994,Bodajanampet,Balanagar,Mahabubnagar,2026-03-30,FAC006,Cough,Fever/Infection,Audio,10,Yes,Yes,Yes,21,33.3,Telugu,Poor,Completed
TC0002279,TEP0001745,Lalita Khan,F,30,9826887994,BODAJANAMPET,Balanagar,Mahabubnagar,2026-07-06,FAC005,Dizziness,Diabetes,Video,20,Yes,No,No,,26.6,Telugu,Good,Completed
TC0002280,TEP0001746,Deepika Patel,F,20,9398192212,KONDAMALLEPALLY,Devarakonda,Nalgonda,2026-04-17,FAC012,Skin complaint,Dermatology,Audio,23,Yes,No,Yes,21,19.6,Telugu,Fair,Completed
TC0002281,TEP0001746,Deepika Patel,F,18,9398192212,Kondamallepally,Devarakonda,Nalgonda,2026-06-04,FAC010,Headache,Diabetes,Audio,20,Yes,Yes,No,,20.0,Telugu,Good,Completed
TC0002282,TEP0001747,Lalitha Laxman,F,44,9427350647,Balanagar,Balanagar,Mahabubnagar,2026-08-04,FAC006,Dizziness,Hypertension+Diabetes,Video,13,Yes,Yes,Yes,14,1.4,Telugu,Good,Completed
TC0002283,TEP0001748,Shankar Naik,M,19,9515733941,Gundlapally,Devarakonda,Nalgonda,2026-01-06,FAC012,Headache,Diabetes,Assisted video,20,Yes,No,Yes,21,25.4,Telugu,Good,Completed
TC0002284,TEP0001749,Ravi Yadav,M,40,9163073287,Midjil,Midjil,Mahabubnagar,2026-07-30,FAC008,Fever,Gastrointestinal,Audio,8,No,No,No,,11.3,Telugu,Poor,Completed
TC0002285,TEP0001750,Swathi Krishna,F,34,9796557127,Kangti,Narayankhed,Sangareddy,2026-04-06,FAC019,Routine NCD review,Hypertension,Audio,13,Yes,No,No,,20.3,Telugu,Fair,Completed
TC0002286,TEP0001751,Divya Kumar,F,35,9016751958,MACHARAM,Jadcherla,Mahabubnagar,2026-06-15,FAC002,Routine NCD review,Hypertension,Audio,18,No,Yes,Yes,21,29.4,Telugu,Good,Completed
TC0002287,TEP0001752,Mohan Khan,M,50,9396618742,VEMULA,Midjil,Mahabubnagar,2026-06-10,FAC007,Skin complaint,Diabetes,Audio,14,No,Yes,Yes,30,25.7,Telugu,Good,Completed
TC0002288,TEP0001753,Jyothi Mallaiah,F,45,9815351202,Nermata,Chandur,Nalgonda,2026-04-02,FAC014,Cough,Fever/Infection,Assisted video,7,Yes,No,Yes,7,19.2,Telugu,Good,Completed
TC0002289,TEP0001753,Jyothi Mallaiah,F,45,+91-98153-51202,Nermata,Chandur,Nalgonda,2026-06-15,FAC013,Fever,Other,Video,9,Yes,No,No,,19.7,Telugu,Good,Completed
TC0002290,TEP0001754,Praveen Chary,M,23,9468506194,Nomula,Nakrekal,Nalgonda,2026-05-30,FAC016,Fever,Gastrointestinal,Assisted video,22,Yes,No,Yes,7,36.1,Telugu,Poor,Completed
TC0002291,TEP0001755,Padma Basha,F,54,9261838969,Gundlapally,Devarakonda,Nalgonda,2026-02-12,FAC010,Body pain,Other,Assisted video,15,Yes,No,Yes,30,26.3,Telugu,Good,Completed
TC0002292,TEP0001756,Deepika Narsimha,F,42,+91-96341-24056,Balanagar,Balanagar,Mahabubnagar,2026-02-27,FAC005,Body pain,Diabetes,Video,14,Yes,Yes,Yes,14,10.4,Telugu,Fair,Completed
TC0002293,TEP0001757,Raju Yadav,M,80,9227017335,Devarakonda,Devarakonda,Nalgonda,2026-06-19,FAC010,Abdominal discomfort,Hypertension,Audio,8,Yes,No,Yes,14,22.8,Telugu,Good,Completed
TC0002294,TEP0001758,Rani Krishna,F,61,9917320170,Patancheru,Patancheru,Sangareddy,2026-06-26,FAC026,Headache,Diabetes,Assisted video,11,Yes,No,Yes,7,23.1,Telugu,Fair,Completed
TC0002295,TEP0001759,Saritha Patel,F,29,9287078159,Vemula,Midjil,Mahabubnagar,2026-07-03,FAC007,Dizziness,Diabetes,Video,18,Yes,Yes,Yes,21,25.7,Telugu,Good,Completed
TC0002296,TEP0001760,Padma Kumar,F,81,9122946184,Mangalapally,Nakrekal,Nalgonda,2026-03-19,FAC017,Headache,Hypertension+Diabetes,Audio,16,Yes,No,Yes,21,21.1,Telugu,Fair,Completed
TC0002297,TEP0001761,Raghav Mallaiah,M,37,,Kangt,Narayankhed,Sangareddy,2026-03-21,FAC020,Body pain,Other,Video,17,Yes,No,No,,11.9,Urdu,Fair,Completed
TC0002298,TEP0001762,Raju Das,M,43,9221753417,Nermata,Chandur,Nalgonda,2026-04-08,FAC015,Fever,Hypertension,Audio,13,Yes,Yes,Yes,14,22.4,Telugu,Fair,Completed
TC0002299,TEP0001763,Jyothi Kumar,F,54,9293736083,Narayankhed,Narayankhed,Sangareddy,2026-03-18,FAC020,Fever,Diabetes,Assisted video,11,Yes,Yes,No,,23.7,Telugu,Fair,Completed
TC0002300,TEP0001764,Rajesh Chary,M,35,9685858232,VELPULA,Midjil,Mahabubnagar,2026-03-03,FAC007,Headache,Respiratory,Audio,19,No,No,Yes,30,17.9,Telugu,Poor,Completed
TC0002301,TEP0001764,Rajesh Chary,M,34,9685858232,Velpula,Midjil,Mahabubnagar,2026-05-23,FAC007,Abdominal discomfort,Gastrointestinal,Audio,24,No,No,No,,17.9,Telugu,Good,Completed
TC0002302,TEP0001765,Mounika Patel,F,34,9058340873,Jharasangam,Zaheerabad,Sangareddy,2026-01-26,FAC023,Dizziness,Gastrointestinal,Audio,23,No,Yes,No,,18.7,Telugu,Fair,Completed
TC0002303,TEP0001766,Divya Rao,F,57,9647818284,GANGAPUR,Jadcherla,Mahabubnagar,2026-04-24,FAC003,Abdominal discomfort,Hypertension,Audio,17,Yes,Yes,Yes,14,26.4,Telugu,Fair,Completed
TC0002304,TEP0001767,Shobha Khan,F,48,,Indresham,Patancheru,Sangareddy,2026-07-14,FAC025,Headache,Musculoskeletal,Assisted video,9,No,Yes,Yes,14,19.2,Telugu,Poor,Completed
TC0002305,TEP0001767,Shobha Khan,F,50,9395607730,Indresham,Patancheru,Sangareddy,2026-08-04,FAC025,Headache,Dermatology,Audio,17,Yes,No,Yes,7,19.2,Telugu,Good,Completed
TC0002306,TEP0001768,Anjali Begum,F,37,9053700145,Nomula,Nakrekal,Nalgonda,2026-02-11,FAC018,Fever,Hypertension,Video,23,Yes,Yes,No,,2.2,Telugu,Poor,Completed
TC0002307,TEP0001769,Praveen,M,50,9782121108,Vemula,Midjil,Mahabubnagar,2026-02-05,FAC009,Cough,Other,Assisted video,10,Yes,No,Yes,14,7.3,Telugu,Poor,Completed
TC0002308,TEP0001770,Shobha Basha,F,57,9509005703,Midjil,Midjil,Mahabubnagar,2026-01-17,FAC007,Cough,Dermatology,Assisted video,8,Yes,No,No,,7.6,English,Good,Completed
TC0002309,TEP0001771,Venkatesh Patel,M,50,+91-98896-07679,Kondamallepalli,Devarakonda,Nalgonda,2026-05-19,FAC011,Cough,Diabetes,Video,20,Yes,Yes,Yes,7,25.7,Telugu,Poor,Completed
TC0002310,TEP0001772,Vinod Krishna,M,27,9883845053,Ameenpur,Patancheru,Sangareddy,2026-03-25,FAC027,Fever,Gastrointestinal,Video,17,Yes,No,No,,27.9,Telugu,Poor,Completed
TC0002311,TEP0001773,Sushma Mudiraj,F,30,9868278564,Indresham,Patancheru,Sangareddy,2026-07-23,FAC025,Fever,Diabetes,Assisted video,13,No,Yes,Yes,21,19.2,Telugu,Poor,Completed
TC0002312,TEP0001774,Renuka Mudiraj,F,65,9100513611,Kalher,Narayankhed,Sangareddy,2026-02-15,FAC020,Headache,Other,Audio,21,Yes,No,Yes,7,29.6,Telugu,Fair,Completed
TC0002313,TEP0001775,Kiran Devi,M,21,9327076286,Bhanur,Patancheru,Sangareddy,2026-07-21,FAC025,Body pain,Fever/Infection,Assisted video,17,Yes,No,Yes,14,18.7,Telugu,Poor,Completed
TC0002314,TEP0001776,Swathi Das,F,27,9191747527,DONUR,Midjil,Mahabubnagar,2026-06-08,FAC009,Headache,Hypertension,Video,10,Yes,Yes,Yes,30,14.1,Telugu,Good,Completed
TC0002315,TEP0001777,Jyothi Laxman,F,18,9879184857,Gangapur,Jadcherla,Mahabubnagar,2026-02-03,FAC002,Fever,Other,Assisted video,9,Yes,No,Yes,7,38.9,Urdu,Fair,Completed
TC0002316,TEP0001778,Raghav Reddy,M,51,9211358359,NAKREKAL,Nakrekal,Nalgonda,2026-02-03,FAC017,Abdominal discomfort,Fever/Infection,Audio,18,No,No,No,,36.5,Telugu,Good,Completed
TC0002317,TEP0001778,Raghav Reddy,M,51,9211358359,Nakrekal,Nakrekal,Nalgonda,2026-04-28,FAC016,Fever,Gastrointestinal,Audio,21,Yes,No,Yes,30,35.5,Telugu,Fair,Completed
TC0002318,TEP0001779,Shankar Rao,M,19,9418166323,Kangt,Narayankhed,Sangareddy,2026-02-17,FAC021,Routine NCD review,Musculoskeletal,Audio,19,No,No,No,,27.8,Telugu,Good,Completed
TC0002319,TEP0001780,Padma Naik,F,37,+91-93484-71039,Devarakonda,Devarakonda,Nalgonda,2026-07-05,FAC010,Fever,Hypertension+Diabetes,Video,21,No,No,Yes,30,22.8,Telugu,Good,Completed
TC0002320,TEP0001781,Arun Khan,M,35,9468237595,Nomula,Nakrekal,Nalgonda,2026-02-17,FAC018,Headache,Respiratory,Audio,14,Yes,No,No,,2.2,Telugu,Poor,Completed
TC0002321,TEP0001782,Deepika Rao,F,31,9259233962,Velpula,Midjil,Mahabubnagar,2026-07-15,FAC008,Abdominal discomfort,Fever/Infection,Assisted video,18,Yes,Yes,No,,12.6,Telugu,Fair,Completed
TC0002322,TEP0001782,Deepeeka Rao,F,29,9259233962,Velpula,Midjil,Mahabubnagar,2026-08-10,FAC009,Skin complaint,Fever/Infection,Audio,10,No,No,Yes,7,4.2,Telugu,Good,Completed
TC0002323,TEP0001783,Shankar Narsimha,M,55,9439848350,Kummarikunta,Chandur,Nalgonda,2026-03-09,FAC015,Dizziness,Respiratory,Video,8,Yes,No,No,,26.6,Telugu,Good,Completed
TC0002324,TEP0001783,Shankar Narsimha,M,55,9439848350,Kummarikunta,Chandur,Nalgonda,2026-04-20,FAC014,Routine NCD review,Musculoskeletal,Video,16,Yes,No,Yes,14,7.3,Telugu,Fair,Completed
TC0002325,TEP0001783,Shankar Narsimha,M,57,9439848350,Kummarikunta,Chandur,Nalgonda,2026-05-29,FAC015,Dizziness,Gastrointestinal,Video,16,Yes,No,Yes,30,26.6,Telugu,Poor,Completed
TC0002326,TEP0001784,Sai Mallaiah,M,54,9798140077,Kummarikunt,Chandur,Nalgonda,2026-01-19,FAC013,Cough,Fever/Infection,Assisted video,8,Yes,Yes,Yes,7,6.5,Urdu,Good,Completed
TC0002327,TEP0001784,Sai Mallaiah,M,56,9798140077,Kummarikunta,Chandur,Nalgonda,2026-06-24,FAC014,Skin complaint,Dermatology,Audio,19,Yes,No,No,,7.3,Urdu,Good,Completed
TC0002328,TEP0001785,Kavitha Narsimha,F,38,9463810309,AMEENPUR,Patancheru,Sangareddy,2026-07-21,FAC027,Dizziness,Other,Video,12,No,No,No,,27.9,Telugu,Fair,Completed
TC0002329,TEP0001786,Renuk Yadav,F,79,9716203118,Nakrekal,Nakrekal,Nalgonda,2026-04-29,FAC017,Fever,Fever/Infection,Video,9,No,Yes,Yes,14,36.5,English,Fair,Completed
TC0002330,TEP0001786,Renuka Yadav,F,79,+91-97162-03118,Nakrekal,Nakrekal,Nalgonda,2026-05-28,FAC017,Abdominal discomfort,Other,Audio,11,Yes,No,Yes,30,36.5,English,Poor,Completed
TC0002331,TEP0001787,Naveen Mudiraj,M,60,9861459286,Nakrekal,Nakrekal,Nalgonda,2026-05-12,FAC018,Body pain,Other,Video,16,Yes,No,No,,16.2,Telugu,Poor,Completed
TC0002332,TEP0001788,Lalitha Mallaiah,F,43,9042464896,Kohir,Zaheerabad,Sangareddy,2026-02-06,FAC023,Fever,Fever/Infection,Video,9,Yes,No,No,,15.7,English,Fair,Completed
TC0002333,TEP0001789,Anjali Laxman,F,34,9011537323,Kangti,Narayankhed,Sangareddy,2026-05-24,FAC021,Fever,Musculoskeletal,Video,22,No,No,No,,27.8,Telugu,Good,Completed
TC0002334,TEP0001790,Divya Mudiraj,F,48,9970597362,Mogudampally,Zaheerabad,Sangareddy,2026-08-03,FAC024,Fever,Fever/Infection,Video,12,Yes,Yes,Yes,30,16.8,Urdu,Good,Completed
TC0002335,TEP0001791,Naresh Naik,M,52,9863742798,Macharam,Jadcherla,Mahabubnagar,2026-05-11,FAC001,Abdominal discomfort,Hypertension,Video,16,Yes,Yes,Yes,30,17.2,Telugu,Poor,Completed
TC0002336,TEP0001792,Sushma Begum,F,59,9390739308,Kalher,Narayankhed,Sangareddy,2026-04-06,FAC020,Abdominal discomfort,Hypertension,Assisted video,9,Yes,Yes,No,,29.6,Telugu,Poor,Completed
TC0002337,TEP0001793,Mouneeka Krishna,F,21,,Bhanur,Patancheru,Sangareddy,2026-08-12,FAC027,Dizziness,Other,Assisted video,7,No,No,Yes,30,18.4,Telugu,Fair,Completed
TC0002338,TEP0001794,Arun Mudiraj,M,53,9471614839,Kummarikunt,Chandur,Nalgonda,2026-01-22,FAC013,Body pain,Hypertension,Audio,9,Yes,Yes,No,,6.5,Telugu,Fair,Completed
TC0002339,TEP0001795,Shobha Naik,F,71,+91-95090-95299,Polepally,Jadcherla,Mahabubnagar,2026-08-03,FAC001,Cough,Other,Assisted video,10,No,No,No,,25.4,Telugu,Good,Completed
TC0002340,TEP0001796,Deepika Shekar,F,62,9970149600,GUNDLAPALLY,Devarakonda,Nalgonda,2026-05-07,FAC010,Headache,Gastrointestinal,Audio,10,Yes,No,Yes,21,26.3,Telugu,Poor,Completed
TC0002341,TEP0001797,Renuka Laxman,F,71,9510165202,Polepall,Jadcherla,Mahabubnagar,2026-06-08,FAC002,Body pain,Fever/Infection,Assisted video,10,Yes,Yes,No,,8.3,Telugu,Good,Completed
TC0002342,TEP0001798,Suresh Naik,M,46,9987354870,Nakrekal,Nakrekal,Nalgonda,2026-01-02,FAC016,Fever,Diabetes,Audio,12,Yes,No,No,,35.5,Telugu,Fair,Completed
TC0002343,TEP0001799,Jyothi Krishna,F,44,+91-94484-69947,Kallepally,Balanagar,Mahabubnagar,2026-03-17,FAC004,Fever,Diabetes,Audio,24,Yes,Yes,Yes,21,26.4,Telugu,Poor,Completed
TC0002344,TEP0001800,Aneel Narsimha,M,44,9082655002,Manoor,Narayankhed,Sangareddy,2026-08-05,FAC021,Abdominal discomfort,Gastrointestinal,Video,13,Yes,Yes,Yes,14,15.5,Urdu,Fair,Completed
TC0002345,TEP0001801,Raghav Begum,M,59,9944748566,Midji,Midjil,Mahabubnagar,2026-06-14,FAC009,Routine NCD review,Dermatology,Assisted video,17,Yes,No,Yes,30,19.5,Telugu,Good,Completed
TC0002346,TEP0001802,Kiran Das,M,69,9616543723,Mogudampall,Zaheerabad,Sangareddy,2026-06-28,FAC022,Skin complaint,Other,Assisted video,19,Yes,No,No,,13.2,Telugu,Fair,Completed
TC0002347,TEP0001803,Anil Mudiraj,M,42,9397794132,Indresham,Patancheru,Sangareddy,2026-04-14,FAC026,Headache,Other,Video,18,Yes,Yes,No,,11.5,Telugu,Poor,Completed
TC0002348,TEP0001804,Renuka Yadav,F,56,9907440307,Chandur,Chandur,Nalgonda,2026-01-19,FAC013,Routine NCD review,Diabetes,Assisted video,10,No,Yes,Yes,30,21.3,Telugu,Poor,Completed
TC0002349,TEP0001804,Renuka Yadav,F,56,,Chandur,Chandur,Nalgonda,2026-05-29,FAC015,Cough,Diabetes,Assisted video,23,No,Yes,Yes,7,29.7,Telugu,Fair,Completed
TC0002350,TEP0001805,Lalitha Kumar,F,36,9804654795,Macharam,Jadcherla,Mahabubnagar,2026-01-14,FAC003,Abdominal discomfort,Hypertension,Assisted video,20,Yes,Yes,Yes,21,12.8,Telugu,Poor,Completed
TC0002351,TEP0001806,Ravi Narsimha,M,31,9650981000,Polepally,Jadcherla,Mahabubnagar,2026-04-29,FAC003,Skin complaint,Gastrointestinal,Video,16,Yes,No,Yes,7,21.0,Telugu,Fair,Completed
TC0002352,TEP0001807,Swathi Narsimha,F,51,9749441680,Nermata,Chandur,Nalgonda,2026-06-09,FAC015,Skin complaint,Musculoskeletal,Video,23,Yes,No,Yes,30,22.4,Telugu,Poor,Completed
TC0002353,TEP0001807,Swathi Narsimha,F,53,9749441680,Nermata,Chandur,Nalgonda,2026-07-25,FAC013,Fever,Fever/Infection,Video,15,Yes,No,Yes,30,19.7,Telugu,Good,Completed
TC0002354,TEP0001808,Rajesh Begum,M,58,9093296866,Kondamallepally,Devarakonda,Nalgonda,2026-02-11,FAC012,Body pain,Hypertension+Diabetes,Assisted video,15,Yes,No,Yes,14,19.6,Telugu,Fair,Completed
TC0002355,TEP0001809,Anita Chary,F,39,9016977261,Nakrekal,Nakrekal,Nalgonda,2026-02-19,FAC016,Routine NCD review,Hypertension,Assisted video,23,Yes,Yes,No,,35.5,Telugu,Fair,Completed
TC0002356,TEP0001810,Kiran Chary,M,63,9648242033,Mogudampally,Zaheerabad,Sangareddy,2026-06-02,FAC022,Routine NCD review,Hypertension+Diabetes,Audio,20,No,Yes,Yes,14,13.2,Telugu,Fair,Completed
TC0002357,TEP0001810,Kiran Chary,M,64,9648242033,Mogudampally,Zaheerabad,Sangareddy,2026-06-04,FAC022,Skin complaint,Hypertension+Diabetes,Video,11,Yes,Yes,Yes,7,13.2,Telugu,Good,Completed
TC0002358,TEP0001811,Jyothi Rao,F,51,+91-90124-41852,Indresham,Patancheru,Sangareddy,2026-01-24,FAC026,Routine NCD review,Fever/Infection,Video,12,Yes,Yes,No,,11.5,Telugu,Poor,Completed
TC0002359,TEP0001811,Jyothi Rao,F,51,9012441852,Indresham,Patancheru,Sangareddy,2026-04-22,FAC026,Skin complaint,Fever/Infection,Video,21,No,No,No,,11.5,Telugu,Fair,Completed
TC0002360,TEP0001812,Arun Jangam,M,28,+91-92923-75609,Kummarikunta,Chandur,Nalgonda,2026-05-07,FAC015,Fever,Hypertension+Diabetes,Audio,10,Yes,No,Yes,30,26.6,Telugu,Fair,Completed
TC0002361,TEP0001813,Shankar Patel,M,57,9622739541,Rajapur,Balanagar,Mahabubnagar,2026-02-23,FAC005,Fever,Hypertension+Diabetes,Assisted video,23,Yes,No,Yes,14,12.6,Telugu,Good,Completed
TC0002362,TEP0001814,Arun Narsimha,M,37,9216792612,Manoor,Narayankhed,Sangareddy,2026-07-07,FAC019,Dizziness,Hypertension,Assisted video,14,Yes,No,No,,33.3,Telugu,Fair,Completed
TC0002363,TEP0001815,Saritha Rao,F,33,9068538778,Donur,Midjil,Mahabubnagar,2026-04-16,FAC009,Dizziness,Hypertension+Diabetes,Audio,22,Yes,No,No,,14.1,Urdu,Poor,Completed
TC0002364,TEP0001816,Deepika Patel,F,62,9972848529,Kalher,Narayankhed,Sangareddy,2026-06-02,FAC020,Routine NCD review,Dermatology,Assisted video,10,No,No,Yes,14,29.6,Telugu,Good,Completed
TC0002365,TEP0001817,Kiran Kumar,M,62,9874495138,Kondamallepally,Devarakonda,Nalgonda,2026-05-21,FAC012,Headache,Dermatology,Assisted video,16,Yes,No,Yes,21,19.6,Telugu,Poor,Completed
TC0002366,TEP0001817,Kiran Kumar,M,64,+91-98744-95138,Kondamallepally,Devarakonda,Nalgonda,2026-07-20,FAC011,Body pain,Other,Video,18,Yes,No,Yes,30,25.7,Telugu,Good,Completed
TC0002367,TEP0001818,Shobha Chary,F,18,9406753471,Gundlapally,Devarakonda,Nalgonda,2026-05-15,FAC012,Skin complaint,Hypertension,Assisted video,13,No,Yes,Yes,7,25.4,Urdu,Good,Completed
TC0002368,TEP0001819,Suresh Krishna,M,30,9689786148,KUMMARIKUNTA,Chandur,Nalgonda,2026-02-21,FAC013,Dizziness,Diabetes,Audio,11,No,No,Yes,7,6.5,Telugu,Good,Completed
TC0002369,TEP0001820,Rajesh Narsimha,M,20,9654518398,Indresha,Patancheru,Sangareddy,2026-02-14,FAC027,Abdominal discomfort,Diabetes,Assisted video,7,Yes,No,Yes,7,22.3,Telugu,Poor,Completed
TC0002370,TEP0001820,Rajesh Narsimha,M,22,9604518398,Indresham,Patancheru,Sangareddy,2026-08-02,FAC025,Skin complaint,Diabetes,Video,15,Yes,Yes,Yes,14,19.2,Telugu,Poor,Completed
TC0002371,TEP0001821,Kavita Basha,F,49,+91-94379-03822,Balanagar,Balanagar,Mahabubnagar,2026-05-11,FAC005,Routine NCD review,Other,Assisted video,20,No,No,No,,10.4,Telugu,Fair,Completed
TC0002372,TEP0001822,Sai Krishna,M,57,9216885257,Marrur,Nakrekal,Nalgonda,2026-06-26,FAC017,Cough,Other,Audio,15,Yes,Yes,No,,25.8,Telugu,Fair,Completed
TC0002373,TEP0001823,Rani Kumar,F,32,9555501245,Devarakonda,Devarakonda,Nalgonda,2026-07-07,FAC010,Abdominal discomfort,Fever/Infection,Assisted video,17,No,Yes,Yes,21,22.8,Telugu,Fair,Completed
TC0002374,TEP0001823,Rani Kumar,F,33,9555501245,Devarakonda,Devarakonda,Nalgonda,2026-07-28,FAC011,Cough,Fever/Infection,Video,11,Yes,No,Yes,14,29.2,Telugu,Good,Completed
TC0002375,TEP0001824,Kavitha Patel,F,48,9402069710,Kohir,Zaheerabad,Sangareddy,2026-05-28,FAC024,Fever,Other,Assisted video,13,No,No,No,,6.4,Telugu,Good,Completed
TC0002376,TEP0001825,Rames Reddy,M,74,+91-94598-68755,Kalher,Narayankhed,Sangareddy,2026-04-01,FAC020,Cough,Musculoskeletal,Audio,18,Yes,Yes,Yes,7,29.6,Urdu,Poor,Completed
TC0002377,TEP0001825,Rmesh Reddy,M,76,9459868755,Kalher,Narayankhed,Sangareddy,2026-05-12,FAC019,Fever,Fever/Infection,Video,18,Yes,No,Yes,7,24.9,Urdu,Good,Completed
TC0002378,TEP0001826,Deepika Mudiraj,F,78,9082109990,MIDJIL,Midjil,Mahabubnagar,2026-06-04,FAC009,Abdominal discomfort,Diabetes,Assisted video,20,No,No,No,,19.5,Telugu,Fair,Completed
TC0002379,TEP0001826,Deepika Mudiraj,F,78,9082109990,Midjil,Midjil,Mahabubnagar,2026-07-28,FAC009,Dizziness,Diabetes,Audio,24,No,Yes,Yes,30,19.5,Telugu,Fair,Completed
TC0002380,TEP0001827,Srinivas Naik,M,57,9114960847,Kangti,Narayankhed,Sangareddy,2026-07-31,FAC021,Abdominal discomfort,Respiratory,Audio,9,Yes,No,Yes,21,27.8,Telugu,Good,Completed
TC0002381,TEP0001828,Naresh Reddy,M,19,9776238062,Bodajanampet,Balanagar,Mahabubnagar,2026-08-06,FAC004,Routine NCD review,Dermatology,Video,11,No,No,Yes,14,27.6,English,Fair,Completed
TC0002382,TEP0001829,Swathi Jangam,F,36,9833321352,Kallepally,Balanagar,Mahabubnagar,2026-01-01,FAC005,Routine NCD review,Other,Audio,7,No,No,No,,26.2,Telugu,Poor,Completed
TC0002383,TEP0001830,Lkshmi Yadav,F,70,9593465440,Midjil,Midjil,Mahabubnagar,2026-02-10,FAC007,Cough,Fever/Infection,Video,19,No,No,Yes,21,7.6,Telugu,Good,Completed
TC0002384,TEP0001831,Shankar Narsimha,M,69,9921513294,Bhanur,Patancheru,Sangareddy,2026-02-22,FAC025,Cough,Dermatology,Video,24,Yes,Yes,No,,18.7,Telugu,Poor,Completed
TC0002385,TEP0001832,Harika Kumar,F,34,9285943904,Manoor,Narayankhed,Sangareddy,2026-01-15,FAC021,Cough,Fever/Infection,Assisted video,12,Yes,No,Yes,14,15.5,Telugu,Fair,Completed
TC0002386,TEP0001833,Renuka Rao,F,43,9867505313,Patancher,Patancheru,Sangareddy,2026-04-17,FAC026,Routine NCD review,Diabetes,Audio,23,Yes,No,No,,23.1,Telugu,Fair,Completed
TC0002387,TEP0001834,Mounika Yadav,F,54,9832208408,Zaheerabad,Zaheerabad,Sangareddy,2026-04-07,FAC023,Abdominal discomfort,Hypertension,Assisted video,7,Yes,Yes,Yes,21,17.3,Telugu,Fair,Completed
TC0002388,TEP0001835,Harika Kumar,F,50,9965906687,BADEPALLY,Jadcherla,Mahabubnagar,2026-05-12,FAC003,Headache,Other,Audio,22,Yes,No,Yes,21,5.1,Telugu,Fair,Completed
TC0002389,TEP0001835,Harika Kumar,F,52,9965986687,Badepally,Jadcherla,Mahabubnagar,2026-06-27,FAC001,Abdominal discomfort,Diabetes,Audio,13,No,No,Yes,7,11.4,Telugu,Poor,Completed
TC0002390,TEP0001836,Bhavani Mudiraj,F,44,9232811924,Kondamallepalli,Devarakonda,Nalgonda,2026-03-05,FAC011,Dizziness,Hypertension,Video,8,Yes,Yes,Yes,21,25.7,Telugu,Fair,Completed
TC0002391,TEP0001836,Bhavani Mudiraj,F,44,9232811994,KONDAMALLEPALLY,Devarakonda,Nalgonda,2026-07-26,FAC012,Headache,Hypertension,Assisted video,15,Yes,Yes,No,,19.6,Telugu,Fair,Completed
TC0002392,TEP0001837,Venkatesh Naik,M,68,9431007181,Midjil,Midjil,Mahabubnagar,2026-06-01,FAC007,Body pain,Other,Video,18,No,Yes,Yes,7,7.6,Telugu,Poor,Completed
TC0002393,TEP0001838,Bhavani Devi,F,48,9420971806,Marrur,Nakrekal,Nalgonda,2026-02-08,FAC016,Fever,Musculoskeletal,Assisted video,24,Yes,No,No,,36.5,Urdu,Good,Completed
TC0002394,TEP0001839,Arun Jangam,M,60,9898296203,Manoor,Narayankhed,Sangareddy,2026-05-09,FAC021,Fever,Dermatology,Video,14,Yes,No,No,,15.5,Telugu,Good,Completed
TC0002395,TEP0001840,Raghav Jangam,M,42,9018116708,Nermata,Chandur,Nalgonda,2026-02-18,FAC013,Routine NCD review,Respiratory,Assisted video,8,Yes,No,Yes,30,19.7,Urdu,Poor,Completed
TC0002396,TEP0001841,Sushma Khan,F,57,9678509069,Velpula,Midjil,Mahabubnagar,2026-02-23,FAC007,Dizziness,Hypertension,Assisted video,8,Yes,No,Yes,21,17.9,Telugu,Poor,Completed
TC0002397,TEP0001842,Anitha Begum,F,35,9561856889,Balanagar,Balanagar,Mahabubnagar,2026-05-28,FAC005,Dizziness,Musculoskeletal,Assisted video,13,No,No,Yes,7,10.4,English,Good,Completed
TC0002398,TEP0001842,Anitha Begum,F,35,9561856889,Balanagar,Balanagar,Mahabubnagar,2026-06-17,FAC004,Cough,Fever/Infection,Video,22,Yes,No,Yes,7,10.8,English,Fair,Completed
TC0002399,TEP0001843,Mohan Jangam,M,48,9734374163,Devarakonda,Devarakonda,Nalgonda,2026-01-11,FAC012,Fever,Dermatology,Video,9,Yes,No,Yes,30,22.1,Telugu,Poor,Completed
TC0002400,TEP0001844,Swathi Kumar,F,33,9135961672,Donur,Midjil,Mahabubnagar,2026-07-14,FAC009,Routine NCD review,Fever/Infection,Video,8,No,No,Yes,30,14.1,Telugu,Good,Completed
TC0002401,TEP0001845,Naresh Chary,M,69,9918546356,Nomula,Nakrekal,Nalgonda,2026-01-18,FAC016,Body pain,Hypertension,Video,22,No,No,No,,36.1,Telugu,Fair,Completed
TC0002402,TEP0001846,Sushma Yadav,F,35,9367436512,Jharasangam,Zaheerabad,Sangareddy,2026-07-07,FAC024,Routine NCD review,Respiratory,Audio,11,Yes,No,No,,2.6,Telugu,Good,Completed
TC0002403,TEP0001846,Sushma Yadav,F,35,9367436512,Jharasangam,Zaheerabad,Sangareddy,2026-08-02,FAC022,Dizziness,Musculoskeletal,Audio,18,Yes,No,No,,5.6,Telugu,Poor,Completed
TC0002404,TEP0001847,Harika Laxman,F,55,9997461555,Vemula,Midjil,Mahabubnagar,2026-03-08,FAC007,Body pain,Other,Assisted video,8,Yes,No,Yes,14,25.7,Telugu,Fair,Completed
TC0002405,TEP0001848,Sai Krishna,M,52,9214120414,Balanagar,Balanagar,Mahabubnagar,2026-07-30,FAC006,Skin complaint,Hypertension,Video,12,Yes,No,No,,1.4,Telugu,Poor,Completed
TC0002406,TEP0001849,Naresh Mudiraj,M,51,9678581290,Bodajanampet,Balanagar,Mahabubnagar,2026-05-02,FAC006,Skin complaint,Hypertension+Diabetes,Audio,9,No,No,No,,33.3,Telugu,Good,Completed
TC0002407,TEP0001850,Naveen Goud,M,42,9905343502,Kondamallepally,Devarakonda,Nalgonda,2026-02-25,FAC011,Abdominal discomfort,Hypertension,Assisted video,12,Yes,Yes,No,,25.7,Telugu,Good,Completed
TC0002408,TEP0001851,Mohan,M,30,,KONDAMALLEPALLY,Devarakonda,Nalgonda,2026-05-27,FAC012,Headache,Hypertension,Video,21,Yes,No,Yes,30,19.6,Telugu,Good,Completed
TC0002409,TEP0001852,Praween Begum,M,72,9747787143,Jharasangam,Zaheerabad,Sangareddy,2026-01-06,FAC022,Routine NCD review,Hypertension,Audio,16,Yes,No,No,,5.6,Telugu,Good,Completed
TC0002410,TEP0001852,Praveen Begum,M,70,,Jharasangam,Zaheerabad,Sangareddy,2026-03-27,FAC024,Routine NCD review,Fever/Infection,Assisted video,13,Yes,No,No,,2.6,Telugu,Good,Completed
TC0002411,TEP0001853,Harika Khan,F,76,+91-98023-27376,Indresham,Patancheru,Sangareddy,2026-03-29,FAC027,Dizziness,Respiratory,Video,18,No,No,Yes,21,22.3,Telugu,Fair,Completed
TC0002412,TEP0001853,Harika Khan,F,74,9802327376,Indresham,Patancheru,Sangareddy,2026-05-02,FAC025,Headache,Respiratory,Audio,12,No,No,No,,19.2,Telugu,Good,Completed
TC0002413,TEP0001854,Anitha Mallaiah,F,63,9485312576,PEDDADINNE,Devarakonda,Nalgonda,2026-03-20,FAC012,Fever,Hypertension,Audio,21,Yes,No,No,,6.6,Telugu,Fair,Completed
TC0002414,TEP0001855,Anjali Kumar,F,56,9571311643,Bodajanampet,Balanagar,Mahabubnagar,2026-02-13,FAC006,Routine NCD review,Hypertension,Video,16,Yes,No,No,,33.3,Telugu,Poor,Completed
TC0002415,TEP0001856,Naveen Rao,M,48,9391585183,Donur,Midjil,Mahabubnagar,2026-07-05,FAC007,Headache,Respiratory,Assisted video,20,No,No,Yes,7,23.7,Telugu,Good,Completed
TC0002416,TEP0001856,Naveen Rao,M,46,9391585183,Donur,Midjil,Mahabubnagar,2026-08-07,FAC007,Headache,Fever/Infection,Video,21,Yes,No,No,,23.7,Telugu,Poor,Completed
TC0002417,TEP0001857,Anitha Mallaiah,F,21,9265816870,Badepally,Jadcherla,Mahabubnagar,2026-02-06,FAC003,Abdominal discomfort,Dermatology,Video,24,No,No,No,,5.1,Telugu,Fair,Completed
TC0002418,TEP0001858,Sai Kumar,M,39,9399103286,Bangarigadda,Chandur,Nalgonda,2026-01-14,FAC013,Headache,Other,Assisted video,15,No,No,Yes,7,16.9,Telugu,Fair,Completed
TC0002419,TEP0001859,Anil Reddy,M,37,,Badepally,Jadcherla,Mahabubnagar,2026-08-10,FAC002,Cough,Fever/Infection,Video,21,Yes,Yes,No,,19.9,Urdu,Poor,Completed
TC0002420,TEP0001860,Deepika Rao,F,28,,Manoor,Narayankhed,Sangareddy,2026-05-25,FAC021,Headache,Fever/Infection,Audio,24,Yes,Yes,Yes,21,15.5,Telugu,Good,Completed
TC0002421,TEP0001861,Raghav Rao,M,42,9310090885,GUNDLAPALLY,Devarakonda,Nalgonda,2026-08-15,FAC010,Cough,Other,Assisted video,9,Yes,No,Yes,30,26.3,Telugu,Fair,Completed
TC0002422,TEP0001862,Ravi Kumar,M,48,9255178564,Kohir,Zaheerabad,Sangareddy,2026-01-31,FAC023,Fever,Other,Video,15,Yes,No,Yes,30,15.7,Telugu,Good,Completed
TC0002423,TEP0001863,Arun Devi,M,18,,Kohir,Zaheerabad,Sangareddy,2026-03-26,FAC022,Abdominal discomfort,Diabetes,Assisted video,14,Yes,Yes,Yes,7,3.6,Telugu,Poor,Completed
TC0002424,TEP0001864,Rajesh Mudiraj,M,54,9615025130,BHANUR,Patancheru,Sangareddy,2026-01-07,FAC026,Fever,Hypertension,Audio,7,Yes,Yes,No,,12.8,Telugu,Fair,Completed
TC0002425,TEP0001864,Rajesh Mudiraj,M,54,9605025130,Bhanur,Patancheru,Sangareddy,2026-07-03,FAC025,Body pain,Hypertension,Assisted video,15,Yes,No,Yes,21,18.7,Telugu,Good,Completed
TC0002426,TEP0001865,Swathi Khan,F,33,9650359852,Zaheerabad,Zaheerabad,Sangareddy,2026-01-16,FAC023,Skin complaint,Hypertension,Assisted video,18,No,Yes,Yes,7,17.3,Telugu,Fair,Completed
TC0002427,TEP0001865,Swathee Khan,F,35,9650359852,Zaheerabad,Zaheerabad,Sangareddy,2026-04-04,FAC023,Headache,Hypertension,Assisted video,22,Yes,Yes,Yes,7,17.3,Telugu,Fair,Completed
TC0002428,TEP0001866,Saritha Shekar,F,56,9006691100,Chandur,Chandur,Nalgonda,2026-05-08,FAC015,Body pain,Gastrointestinal,Video,20,Yes,No,No,,29.7,English,Poor,Completed
TC0002429,TEP0001867,Rani Kumar,F,64,9026691535,Marrur,Nakrekal,Nalgonda,2026-07-29,FAC018,Abdominal discomfort,Other,Assisted video,14,No,Yes,No,,6.7,Telugu,Fair,Completed
TC0002430,TEP0001868,Raghav Khan,M,52,9104197758,Kondamallepally,Devarakonda,Nalgonda,2026-05-13,FAC011,Cough,Fever/Infection,Audio,21,Yes,No,Yes,7,25.7,Urdu,Fair,Completed
TC0002431,TEP0001869,Swathi Laxman,F,49,9332304552,Balanagar,Balanagar,Mahabubnagar,2026-06-09,FAC004,Skin complaint,Other,Video,24,Yes,No,No,,10.8,Urdu,Good,Completed
TC0002432,TEP0001869,Swathi Laxman,F,48,+91-93323-04552,Balanagar,Balanagar,Mahabubnagar,2026-07-18,FAC004,Dizziness,Other,Video,22,Yes,No,Yes,21,10.8,Urdu,Fair,Completed
TC0002433,TEP0001870,Shobha Narsimha,F,52,9086978338,Marrur,Nakrekal,Nalgonda,2026-03-21,FAC016,Abdominal discomfort,Diabetes,Assisted video,18,Yes,Yes,Yes,7,36.5,Telugu,Fair,Completed
TC0002434,TEP0001871,Anitha Laxman,F,34,9118191887,Kohir,Zaheerabad,Sangareddy,2026-05-03,FAC022,Dizziness,Hypertension+Diabetes,Audio,9,No,No,No,,3.6,Telugu,Good,Completed
TC0002435,TEP0001872,Kavitha Mudiraj,F,42,+91-93628-62012,Kangti,Narayankhed,Sangareddy,2026-01-09,FAC021,Cough,Fever/Infection,Video,16,Yes,No,Yes,14,27.8,Telugu,Fair,Completed
TC0002436,TEP0001873,Srilatha Patel,F,61,,Mangalapally,Nakrekal,Nalgonda,2026-05-07,FAC016,Body pain,Other,Video,23,Yes,Yes,No,,4.1,Telugu,Fair,Completed
TC0002437,TEP0001874,Harika Reddy,F,40,9399552949,Macharam,Jadcherla,Mahabubnagar,2026-01-08,FAC002,Abdominal discomfort,Diabetes,Audio,21,No,Yes,Yes,30,29.4,English,Good,Completed
TC0002438,TEP0001874,Hareeka Reddy,F,40,9399552949,Macharam,Jadcherla,Mahabubnagar,2026-04-30,FAC002,Cough,Diabetes,Assisted video,16,Yes,No,Yes,30,29.4,English,Fair,Completed
TC0002439,TEP0001874,Harika Reddy,F,40,9399552949,Macharam,Jadcherla,Mahabubnagar,2026-05-01,FAC001,Fever,Other,Assisted video,11,Yes,Yes,No,,17.2,English,Poor,Completed
TC0002440,TEP0001875,Swathi Yadav,F,68,9179134485,Mangalapally,Nakrekal,Nalgonda,2026-02-15,FAC016,Abdominal discomfort,Fever/Infection,Assisted video,21,Yes,No,Yes,14,4.1,Telugu,Poor,Completed
TC0002441,TEP0001875,Swthi Yadav,F,68,9179134485,Mangalapally,Nakrekal,Nalgonda,2026-03-05,FAC017,Body pain,Hypertension,Video,20,Yes,No,No,,21.1,Telugu,Fair,Completed
TC0002442,TEP0001876,Padma Patel,F,61,+91-98378-85399,Bodajanampet,Balanagar,Mahabubnagar,2026-02-16,FAC004,Headache,Hypertension,Audio,8,No,No,Yes,21,27.6,Telugu,Fair,Completed
TC0002443,TEP0001877,Jyothi Khan,F,43,,Indresha,Patancheru,Sangareddy,2026-06-08,FAC026,Fever,Diabetes,Assisted video,15,Yes,No,Yes,30,11.5,Telugu,Good,Completed
TC0002444,TEP0001878,Kavitha Mallaiah,F,52,,Kummarikunta,Chandur,Nalgonda,2026-01-31,FAC014,Cough,Gastrointestinal,Assisted video,9,No,No,Yes,21,7.3,Telugu,Poor,Completed
TC0002445,TEP0001878,Kavitha Mallaiah,F,51,9705977010,Kummarikunta,Chandur,Nalgonda,2026-06-04,FAC013,Dizziness,Respiratory,Assisted video,19,Yes,Yes,Yes,14,6.5,Telugu,Poor,Completed
TC0002446,TEP0001879,Srilatha Krishna,F,53,9397599867,Patancheru,Patancheru,Sangareddy,2026-05-27,FAC027,Headache,Other,Video,23,Yes,Yes,No,,36.3,Telugu,Poor,Completed
TC0002447,TEP0001879,Sreelatha Krishna,F,53,9397599867,Patancheru,Patancheru,Sangareddy,2026-07-08,FAC026,Routine NCD review,Musculoskeletal,Audio,18,Yes,No,No,,23.1,Telugu,Poor,Completed
TC0002448,TEP0001880,Srilata Begum,F,52,9735691843,Patancheru,Patancheru,Sangareddy,2026-01-01,FAC025,Cough,Fever/Infection,Audio,13,Yes,Yes,Yes,14,25.4,Urdu,Good,Completed
TC0002449,TEP0001881,sankar Mudiraj,M,55,9946349178,Nermata,Chandur,Nalgonda,2026-01-15,FAC014,Body pain,Musculoskeletal,Audio,17,Yes,Yes,Yes,14,19.2,Telugu,Fair,Completed
TC0002450,TEP0001882,Santosh Shekar,M,45,9068690147,Nomula,Nakrekal,Nalgonda,2026-04-28,FAC017,Cough,Hypertension,Video,10,No,No,No,,29.9,Telugu,Fair,Completed
TC0002451,TEP0001883,Anitha Yadav,F,58,9209423134,Mangalapally,Nakrekal,Nalgonda,2026-02-13,FAC016,Skin complaint,Hypertension,Assisted video,13,Yes,No,No,,4.1,Telugu,Poor,Completed
TC0002452,TEP0001883,Anitha Yadav,F,58,9209423134,Mangalapalli,Nakrekal,Nalgonda,2026-04-12,FAC016,Body pain,Hypertension,Video,11,No,No,Yes,30,4.1,Telugu,Poor,Completed
TC0002453,TEP0001884,Anjali Krishna,F,46,9262675857,Badepally,Jadcherla,Mahabubnagar,2026-02-14,FAC001,Fever,Dermatology,Video,14,Yes,Yes,No,,11.4,Telugu,Fair,Completed
TC0002454,TEP0001884,Anjali Krishna,F,46,9262675857,Badepally,Jadcherla,Mahabubnagar,2026-07-13,FAC001,Skin complaint,Musculoskeletal,Audio,22,Yes,No,No,,11.4,Telugu,Fair,Completed
TC0002455,TEP0001885,Rani Khan,F,61,9909398782,Jharasangam,Zaheerabad,Sangareddy,2026-03-02,FAC024,Skin complaint,Fever/Infection,Audio,23,Yes,No,No,,2.6,Urdu,Good,Completed
TC0002456,TEP0001885,Rani Khan,F,62,9909398782,Jharasangam,Zaheerabad,Sangareddy,2026-03-31,FAC024,Headache,Fever/Infection,Video,20,Yes,Yes,Yes,30,2.6,Urdu,Fair,Completed
TC0002457,TEP0001886,Sai,M,26,+91-95837-42890,Gundlapally,Devarakonda,Nalgonda,2026-04-05,FAC010,Dizziness,Hypertension,Audio,10,Yes,No,Yes,30,26.3,Telugu,Fair,Completed
TC0002458,TEP0001887,Sai Laxman,M,71,+91-94805-27078,Ameenpur,Patancheru,Sangareddy,2026-04-27,FAC026,Dizziness,Hypertension,Audio,13,Yes,Yes,Yes,7,9.7,Telugu,Poor,Completed
TC0002459,TEP0001888,Harika Goud,F,33,9014179240,Vemula,Midjil,Mahabubnagar,2026-01-20,FAC008,Cough,Hypertension+Diabetes,Video,16,Yes,Yes,Yes,30,22.2,English,Good,Completed
TC0002460,TEP0001888,Harika Goud,F,33,9014179240,Vemula,Midjil,Mahabubnagar,2026-06-11,FAC007,Body pain,Hypertension,Video,20,Yes,Yes,Yes,7,25.7,English,Fair,Completed
TC0002461,TEP0001889,Rani Yadav,F,74,9176805238,Bhanur,Patancheru,Sangareddy,2026-01-18,FAC026,Fever,Hypertension,Assisted video,15,Yes,No,Yes,7,12.8,Telugu,Poor,Completed
TC0002462,TEP0001889,Rani Yadav,F,76,9176805238,Bhanur,Patancheru,Sangareddy,2026-07-18,FAC025,Cough,Hypertension,Video,12,No,No,Yes,7,18.7,Telugu,Good,Completed
TC0002463,TEP0001890,Padma Kumar,F,45,9826799196,Vemula,Midjil,Mahabubnagar,2026-02-14,FAC007,Fever,Hypertension+Diabetes,Video,9,Yes,Yes,Yes,7,25.7,Telugu,Fair,Completed
TC0002464,TEP0001891,Rju Yadav,M,49,9107189572,Balanagar,Balanagar,Mahabubnagar,2026-04-15,FAC004,Abdominal discomfort,Hypertension+Diabetes,Assisted video,12,No,No,Yes,7,10.8,Telugu,Fair,Completed
TC0002465,TEP0001891,Raju Yadav,M,49,9137189572,Balanagar,Balanagar,Mahabubnagar,2026-04-20,FAC005,Cough,Hypertension,Audio,17,Yes,Yes,No,,10.4,Telugu,Good,Completed
TC0002466,TEP0001892,Venkatesh Kumar,M,39,9030118811,Nakrekal,Nakrekal,Nalgonda,2026-03-29,FAC017,Body pain,Dermatology,Assisted video,8,Yes,No,Yes,30,36.5,Telugu,Good,Completed
TC0002467,TEP0001893,Srilatha Krishna,F,48,9494299548,Nermata,Chandur,Nalgonda,2026-08-14,FAC015,Skin complaint,Respiratory,Video,19,No,Yes,Yes,14,22.4,Telugu,Poor,Completed
TC0002468,TEP0001894,Naresh Dewi,M,18,+91-90218-45183,Manoor,Narayankhed,Sangareddy,2026-01-25,FAC021,Headache,Hypertension,Video,8,Yes,No,Yes,30,15.5,Telugu,Poor,Completed
TC0002469,TEP0001895,Raghav Basa,M,67,9170317322,Badepally,Jadcherla,Mahabubnagar,2026-04-06,FAC002,Fever,Diabetes,Video,23,Yes,Yes,No,,19.9,Telugu,Poor,Completed
TC0002470,TEP0001896,Anjali Rao,F,21,9809174340,Peddadinne,Devarakonda,Nalgonda,2026-03-22,FAC012,Routine NCD review,Other,Audio,23,Yes,No,Yes,30,6.6,Telugu,Poor,Completed
TC0002471,TEP0001897,Anil Kumar,M,57,9197989813,Kummarikunta,Chandur,Nalgonda,2026-06-26,FAC015,Abdominal discomfort,Fever/Infection,Video,13,Yes,No,Yes,30,26.6,Telugu,Fair,Completed
TC0002472,TEP0001897,Anil Kumar,M,57,9197989843,Kummarikunta,Chandur,Nalgonda,2026-07-18,FAC013,Body pain,Dermatology,Video,10,Yes,No,Yes,30,6.5,Telugu,Poor,Completed
TC0002473,TEP0001898,Bhavani Chary,F,24,+91-94785-92819,Chandur,Chandur,Nalgonda,2026-04-24,FAC013,Abdominal discomfort,Other,Assisted video,13,Yes,No,Yes,21,21.3,Telugu,Fair,Completed
TC0002474,TEP0001899,Padma Jangam,F,59,9757647613,Nakrekal,Nakrekal,Nalgonda,2026-03-06,FAC016,Body pain,Diabetes,Video,10,Yes,No,Yes,7,35.5,Urdu,Fair,Completed
TC0002475,TEP0001900,Santosh Narsimha,M,32,9594985890,Devarakonda,Devarakonda,Nalgonda,2026-04-10,FAC010,Dizziness,Dermatology,Video,18,Yes,No,No,,22.8,Telugu,Fair,Completed
TC0002476,TEP0001900,Santosh Narsimha,M,32,9594985890,Devarakonda,Devarakonda,Nalgonda,2026-08-06,FAC011,Routine NCD review,Other,Video,23,Yes,Yes,Yes,7,29.2,Telugu,Poor,Completed
TC0002477,TEP0001901,Harika Narsimha,F,71,9913458981,Kondamallepally,Devarakonda,Nalgonda,2026-03-10,FAC010,Abdominal discomfort,Other,Video,12,Yes,No,Yes,30,20.0,Telugu,Good,Completed
TC0002478,TEP0001901,Harika Narsimha,F,70,9913458981,Kondamallepally,Devarakonda,Nalgonda,2026-05-06,FAC011,Abdominal discomfort,Respiratory,Assisted video,12,Yes,No,Yes,14,25.7,Telugu,Fair,Completed
TC0002479,TEP0001902,Anitha Reddy,F,59,9059911390,Narayankhed,Narayankhed,Sangareddy,2026-06-05,FAC019,Dizziness,Respiratory,Audio,18,Yes,Yes,Yes,30,28.2,Telugu,Fair,Completed
TC0002480,TEP0001903,Anil Krishna,M,62,9957573173,Kallepally,Balanagar,Mahabubnagar,2026-03-18,FAC004,Skin complaint,Hypertension,Video,17,Yes,Yes,Yes,21,26.4,Telugu,Good,Completed
TC0002481,TEP0001904,Sushma Jangam,F,49,9927321486,Velpula,Midjil,Mahabubnagar,2026-03-21,FAC009,Abdominal discomfort,Dermatology,Video,9,Yes,No,Yes,30,4.2,Telugu,Poor,Completed
TC0002482,TEP0001905,Mounika Kumar,F,34,9175316649,Kalher,Narayankhed,Sangareddy,2026-07-16,FAC020,Fever,Hypertension+Diabetes,Video,14,Yes,Yes,No,,29.6,Telugu,Poor,Completed
TC0002483,TEP0001906,Nirmala Jangam,F,51,9655665123,BANGARIGADDA,Chandur,Nalgonda,2026-03-29,FAC015,Skin complaint,Fever/Infection,Assisted video,20,Yes,Yes,Yes,30,18.0,Telugu,Good,Completed
TC0002484,TEP0001907,Suresh Begum,M,54,9103676215,Mogudampally,Zaheerabad,Sangareddy,2026-01-17,FAC023,Abdominal discomfort,Hypertension,Assisted video,23,Yes,No,Yes,14,22.3,Telugu,Good,Completed
TC0002485,TEP0001907,Suresh Begum,M,54,9103676215,Mogudampally,Zaheerabad,Sangareddy,2026-08-09,FAC022,Cough,Hypertension,Audio,14,Yes,Yes,Yes,21,13.2,Telugu,Poor,Completed
TC0002486,TEP0001908,Mounika Goud,F,34,9919430713,BANGARIGADDA,Chandur,Nalgonda,2026-07-23,FAC013,Abdominal discomfort,Respiratory,Assisted video,19,No,Yes,No,,16.9,Telugu,Fair,Completed
TC0002487,TEP0001909,Ramesh Mudiraj,M,22,9116578156,Kummarikunta,Chandur,Nalgonda,2026-05-20,FAC013,Dizziness,Dermatology,Assisted video,21,Yes,No,Yes,30,6.5,Telugu,Fair,Completed
TC0002488,TEP0001910,Mounika Naik,F,44,9296749962,Kondamallepally,Devarakonda,Nalgonda,2026-02-12,FAC011,Skin complaint,Respiratory,Video,23,No,No,Yes,14,25.7,Telugu,Fair,Completed
TC0002489,TEP0001911,Nirmala Yadav,F,62,+91-94743-89704,Gangapur,Jadcherla,Mahabubnagar,2026-06-05,FAC001,Routine NCD review,Hypertension+Diabetes,Assisted video,16,Yes,No,Yes,14,20.2,Telugu,Good,Completed
TC0002490,TEP0001912,Kavitha Laxman,F,73,+91-90070-56938,Kummarikunta,Chandur,Nalgonda,2026-05-12,FAC014,Headache,Respiratory,Audio,14,Yes,Yes,Yes,21,7.3,Telugu,Good,Completed
TC0002491,TEP0001912,Kavitha Laxman,F,76,9007056938,KUMMARIKUNTA,Chandur,Nalgonda,2026-06-06,FAC015,Headache,Gastrointestinal,Audio,12,Yes,No,Yes,21,26.6,Telugu,Good,Completed
TC0002492,TEP0001913,Kiran Rao,M,61,9539802961,Kummarikunta,Chandur,Nalgonda,2026-05-11,FAC013,Headache,Musculoskeletal,Assisted video,8,Yes,No,Yes,30,6.5,Telugu,Poor,Completed
TC0002493,TEP0001913,Kiran Rao,M,62,9539802961,Kummarikunta,Chandur,Nalgonda,2026-07-10,FAC015,Fever,Respiratory,Video,11,Yes,Yes,No,,26.6,Telugu,Good,Completed
TC0002494,TEP0001914,Rani Rao,F,37,9815582860,Patancher,Patancheru,Sangareddy,2026-05-12,FAC025,Skin complaint,Musculoskeletal,Assisted video,14,No,No,Yes,7,25.4,Telugu,Good,Completed
TC0002495,TEP0001914,Rni Rao,F,37,9815582860,Patancheru,Patancheru,Sangareddy,2026-06-07,FAC026,Skin complaint,Hypertension,Video,16,No,No,No,,23.1,Telugu,Fair,Completed
TC0002496,TEP0001915,Srinivas Narsimha,M,55,9477156985,Donur,Midjil,Mahabubnagar,2026-02-19,FAC009,Skin complaint,Other,Assisted video,21,Yes,Yes,Yes,30,14.1,Telugu,Poor,Completed
TC0002497,TEP0001916,Naresh Khan,M,31,,Narayankhed,Narayankhed,Sangareddy,2026-05-21,FAC019,Abdominal discomfort,Musculoskeletal,Assisted video,20,Yes,No,Yes,30,28.2,Telugu,Fair,Completed
TC0002498,TEP0001917,Ramesh Yadav,M,53,9518124924,MANOOR,Narayankhed,Sangareddy,2026-01-04,FAC021,Skin complaint,Diabetes,Audio,8,Yes,No,Yes,21,15.5,Telugu,Good,Completed
TC0002499,TEP0001918,Jyothi Shekar,F,71,,Velpula,Midjil,Mahabubnagar,2026-04-29,FAC007,Skin complaint,Musculoskeletal,Assisted video,16,Yes,No,No,,17.9,Telugu,Fair,Completed
TC0002500,TEP0001919,Arun Narsimha,M,54,9783946473,Peddadinne,Devarakonda,Nalgonda,2026-04-03,FAC010,Routine NCD review,Dermatology,Audio,19,Yes,Yes,Yes,30,7.4,Telugu,Poor,Completed
TC0002501,TEP0001920,Divya Rao,F,44,9353947916,Kallepally,Balanagar,Mahabubnagar,2026-06-27,FAC004,Fever,Hypertension,Audio,15,No,Yes,Yes,14,26.4,Telugu,Poor,Completed
TC0002502,TEP0001921,Renuk Mudiraj,F,19,9322536295,Nermata,Chandur,Nalgonda,2026-06-17,FAC015,Skin complaint,Respiratory,Audio,24,Yes,Yes,No,,22.4,Telugu,Poor,Completed
TC0002503,TEP0001922,Naveen Mallaiah,M,55,9439359379,Devarakonda,Devarakonda,Nalgonda,2026-06-08,FAC011,Routine NCD review,Gastrointestinal,Assisted video,23,No,No,Yes,21,29.2,Telugu,Poor,Completed
TC0002504,TEP0001923,Lalitha Yadav,F,46,9001706774,Kondamallepally,Devarakonda,Nalgonda,2026-04-15,FAC010,Routine NCD review,Fever/Infection,Video,22,Yes,No,Yes,30,20.0,Telugu,Fair,Completed
TC0002505,TEP0001923,Lalitha Yadav,F,46,9001706774,Kondamallepally,Devarakonda,Nalgonda,2026-06-14,FAC011,Cough,Fever/Infection,Video,21,No,Yes,Yes,21,25.7,Telugu,Good,Completed
TC0002506,TEP0001924,Lakshmi Chary,F,62,9867957527,Polepally,Jadcherla,Mahabubnagar,2026-01-28,FAC001,Dizziness,Other,Assisted video,23,Yes,No,Yes,14,25.4,Telugu,Fair,Completed
TC0002507,TEP0001924,Lakshmi Chary,F,61,9867957517,Polepally,Jadcherla,Mahabubnagar,2026-07-07,FAC003,Cough,Musculoskeletal,Video,14,Yes,No,No,,21.0,Telugu,Fair,Completed
TC0002508,TEP0001925,Renuka Goud,F,61,9157594842,Kohir,Zaheerabad,Sangareddy,2026-03-29,FAC023,Cough,Fever/Infection,Assisted video,10,Yes,Yes,Yes,21,15.7,Telugu,Poor,Completed
TC0002509,TEP0001926,Raju Naik,M,55,9625093774,Kummarikunta,Chandur,Nalgonda,2026-03-30,FAC015,Abdominal discomfort,Other,Video,18,Yes,No,Yes,7,26.6,Urdu,Poor,Completed
TC0002510,TEP0001926,Raju Naik,M,52,9625093774,Kummarikunta,Chandur,Nalgonda,2026-05-15,FAC015,Dizziness,Hypertension+Diabetes,Video,18,Yes,Yes,Yes,30,26.6,Urdu,Good,Completed
TC0002511,TEP0001927,Praveen Kumar,M,69,9139002356,Kummarikunta,Chandur,Nalgonda,2026-02-21,FAC014,Fever,Diabetes,Video,9,Yes,Yes,Yes,14,7.3,Telugu,Fair,Completed
TC0002512,TEP0001927,Praveen Kumar,M,69,+91-91390-02356,Kummarikunta,Chandur,Nalgonda,2026-07-13,FAC015,Body pain,Hypertension+Diabetes,Assisted video,15,Yes,No,No,,26.6,Telugu,Poor,Completed
TC0002513,TEP0001928,Swathi Basha,F,59,9241639612,Gangapur,Jadcherla,Mahabubnagar,2026-02-03,FAC002,Fever,Hypertension+Diabetes,Video,23,No,No,Yes,30,38.9,Telugu,Fair,Completed
TC0002514,TEP0001928,Swathi Basha,F,59,9241639612,Gangapur,Jadcherla,Mahabubnagar,2026-03-02,FAC001,Dizziness,Hypertension+Diabetes,Audio,18,Yes,Yes,No,,20.2,Telugu,Good,Completed
TC0002515,TEP0001929,Anitha Basha,F,56,9548317501,Donur,Midjil,Mahabubnagar,2026-05-05,FAC007,Skin complaint,Other,Video,24,Yes,No,Yes,14,23.7,Telugu,Fair,Completed
TC0002516,TEP0001929,Anitha Basha,F,56,9548317501,Donur,Midjil,Mahabubnagar,2026-08-12,FAC008,Routine NCD review,Gastrointestinal,Audio,20,No,No,Yes,14,9.4,Telugu,Good,Completed
TC0002517,TEP0001930,Renuka Goud,F,18,+91-95346-94395,Bangarigadda,Chandur,Nalgonda,2026-07-22,FAC014,Routine NCD review,Other,Assisted video,7,No,No,No,,17.6,Telugu,Poor,Completed
TC0002518,TEP0001931,Bhavani Patel,F,50,9337440382,Bodajanampet,Balanagar,Mahabubnagar,2026-02-23,FAC006,Routine NCD review,Musculoskeletal,Assisted video,24,Yes,Yes,No,,33.3,Telugu,Good,Completed
TC0002519,TEP0001932,Naveen Patel,M,45,9478867802,Rajapur,Balanagar,Mahabubnagar,2026-04-06,FAC004,Fever,Diabetes,Assisted video,13,Yes,No,No,,13.9,Telugu,Good,Completed
TC0002520,TEP0001933,Santosh Begum,M,40,9572308160,Polepally,Jadcherla,Mahabubnagar,2026-02-13,FAC003,Dizziness,Other,Video,15,Yes,No,Yes,7,21.0,Telugu,Good,Completed
TC0002521,TEP0001934,Suresh Basha,M,72,9409462910,Kondamallepally,Devarakonda,Nalgonda,2026-04-19,FAC012,Abdominal discomfort,Fever/Infection,Audio,9,Yes,No,No,,19.6,Telugu,Poor,Completed
TC0002522,TEP0001935,Mohan,M,49,9184493245,Donur,Midjil,Mahabubnagar,2026-02-19,FAC008,Body pain,Gastrointestinal,Video,15,Yes,No,Yes,21,9.4,Telugu,Fair,Completed
TC0002523,TEP0001936,Naresh Begum,M,64,9923204686,Velpula,Midjil,Mahabubnagar,2026-01-04,FAC007,Dizziness,Diabetes,Video,9,Yes,Yes,Yes,14,17.9,Telugu,Fair,Completed
TC0002524,TEP0001936,Naresh Begum,M,64,9923204686,Velpula,Midjil,Mahabubnagar,2026-05-18,FAC009,Headache,Diabetes,Assisted video,13,Yes,Yes,Yes,21,4.2,Telugu,Poor,Completed
TC0002525,TEP0001936,Naresh Begum,M,64,9923204686,Velpula,Midjil,Mahabubnagar,2026-07-05,FAC007,Cough,Diabetes,Audio,15,Yes,Yes,Yes,21,17.9,Telugu,Fair,Completed
TC0002526,TEP0001937,Rajes Mallaiah,M,52,9086193879,Nakrekal,Nakrekal,Nalgonda,2026-01-30,FAC017,Routine NCD review,Hypertension,Video,12,Yes,No,Yes,7,36.5,Telugu,Good,Completed
TC0002527,TEP0001938,Jyothi Krishna,F,45,9997650993,Kummarikunta,Chandur,Nalgonda,2026-05-14,FAC013,Cough,Hypertension,Audio,9,No,Yes,Yes,14,6.5,Urdu,Good,Completed
TC0002528,TEP0001938,Jyothi Krishna,F,44,9997650993,Kummarikunta,Chandur,Nalgonda,2026-06-14,FAC015,Abdominal discomfort,Fever/Infection,Assisted video,20,Yes,Yes,Yes,7,26.6,Urdu,Good,Completed
TC0002529,TEP0001938,Jyothi Krishna,F,44,9997650993,Kummarikunta,Chandur,Nalgonda,2026-06-21,FAC013,Fever,Hypertension,Video,14,Yes,No,Yes,30,6.5,Urdu,Poor,Completed
TC0002530,TEP0001939,Mahesh Yadav,M,50,9078494813,Mangalapally,Nakrekal,Nalgonda,2026-01-30,FAC017,Headache,Dermatology,Video,12,Yes,No,Yes,30,21.1,Telugu,Poor,Completed
TC0002531,TEP0001940,Swathi Chary,F,38,9657466137,Chandur,Chandur,Nalgonda,2026-03-16,FAC013,Body pain,Musculoskeletal,Assisted video,13,Yes,No,Yes,21,21.3,Urdu,Poor,Completed
TC0002532,TEP0001940,Swathi Chary,F,40,9657466137,CHANDUR,Chandur,Nalgonda,2026-05-07,FAC014,Headache,Gastrointestinal,Video,17,No,Yes,Yes,21,20.6,Urdu,Poor,Completed
TC0002533,TEP0001941,Rani Devi,F,40,9053801529,Nomula,Nakrekal,Nalgonda,2026-08-10,FAC016,Cough,Hypertension+Diabetes,Video,9,No,Yes,Yes,14,36.1,Telugu,Poor,Completed
TC0002534,TEP0001942,Mounika Das,F,60,9968857791,Mangalapally,Nakrekal,Nalgonda,2026-04-19,FAC016,Abdominal discomfort,Fever/Infection,Assisted video,20,Yes,No,No,,4.1,Telugu,Poor,Completed
TC0002535,TEP0001943,Kiran Shekar,M,53,9169310525,Gangapur,Jadcherla,Mahabubnagar,2026-02-09,FAC002,Fever,Hypertension,Video,10,Yes,No,Yes,14,38.9,Telugu,Good,Completed
TC0002536,TEP0001944,Rani Reddy,F,53,,Nakrekal,Nakrekal,Nalgonda,2026-01-27,FAC017,Fever,Hypertension,Audio,15,Yes,Yes,Yes,7,36.5,Telugu,Poor,Completed
TC0002537,TEP0001945,Bhavani Chary,F,66,9255556533,Mangalapally,Nakrekal,Nalgonda,2026-03-18,FAC018,Dizziness,Respiratory,Audio,7,No,Yes,Yes,21,35.0,Telugu,Good,Completed
TC0002538,TEP0001946,Nirmala Jangam,F,41,9630276255,Midjil,Midjil,Mahabubnagar,2026-01-10,FAC008,Cough,Other,Video,11,Yes,No,No,,11.3,Telugu,Good,Completed
TC0002539,TEP0001947,Padma Jangam,F,36,9647076971,Marrur,Nakrekal,Nalgonda,2026-02-20,FAC018,Body pain,Diabetes,Audio,14,Yes,Yes,Yes,14,6.7,Telugu,Good,Completed
TC0002540,TEP0001947,Pdma Jangam,F,36,9647076971,Marrur,Nakrekal,Nalgonda,2026-03-14,FAC018,Body pain,Dermatology,Assisted video,8,Yes,No,Yes,30,6.7,Telugu,Good,Completed
TC0002541,TEP0001948,Praveen Naik,M,68,9355450585,Mogudampally,Zaheerabad,Sangareddy,2026-03-30,FAC023,Routine NCD review,Other,Video,24,Yes,Yes,Yes,14,22.3,Telugu,Good,Completed
TC0002542,TEP0001949,Lalitha Rao,F,36,9721701545,Velpula,Midjil,Mahabubnagar,2026-04-29,FAC008,Dizziness,Gastrointestinal,Assisted video,13,Yes,No,Yes,14,12.6,Urdu,Poor,Completed
TC0002543,TEP0001950,Anita Naik,F,18,9273598038,Kondamallepalli,Devarakonda,Nalgonda,2026-02-23,FAC012,Dizziness,Hypertension,Audio,8,No,Yes,Yes,30,19.6,Telugu,Good,Completed
TC0002544,TEP0001950,Anitha Naik,F,20,9273598038,Kondamallepall,Devarakonda,Nalgonda,2026-06-06,FAC012,Abdominal discomfort,Hypertension,Assisted video,15,Yes,Yes,Yes,30,19.6,Telugu,Fair,Completed
TC0002545,TEP0001951,Raghav Basha,M,57,9859422354,Mangalapally,Nakrekal,Nalgonda,2026-02-05,FAC017,Skin complaint,Musculoskeletal,Audio,23,Yes,No,Yes,30,21.1,Telugu,Fair,Completed
TC0002546,TEP0001951,Raghav Basha,M,57,9859422354,Mangalapally,Nakrekal,Nalgonda,2026-04-06,FAC016,Body pain,Other,Video,22,Yes,Yes,Yes,30,4.1,Telugu,Good,Completed
TC0002547,TEP0001952,Rajesh Narsimha,M,25,9836894080,Peddadinne,Devarakonda,Nalgonda,2026-02-11,FAC011,Dizziness,Gastrointestinal,Video,7,Yes,No,Yes,21,13.9,Telugu,Good,Completed
TC0002548,TEP0001953,Vinod Yadav,M,68,9658115375,Kalher,Narayankhed,Sangareddy,2026-01-13,FAC020,Routine NCD review,Hypertension+Diabetes,Audio,9,Yes,No,Yes,7,29.6,Telugu,Good,Completed
TC0002549,TEP0001953,Vinod Yadav,M,68,9658115375,Kalher,Narayankhed,Sangareddy,2026-01-25,FAC019,Abdominal discomfort,Diabetes,Assisted video,24,Yes,Yes,Yes,30,24.9,Telugu,Fair,Completed
TC0002550,TEP0001953,Vinod Yadav,M,68,+91-96581-15375,Kalhe,Narayankhed,Sangareddy,2026-05-25,FAC021,Dizziness,Hypertension+Diabetes,Assisted video,12,No,Yes,No,,22.9,Telugu,Poor,Completed
TC0002551,TEP0001954,Venkatesh Reddy,M,52,9272651321,Bangarigadda,Chandur,Nalgonda,2026-01-23,FAC013,Headache,Hypertension,Video,13,Yes,Yes,No,,16.9,Urdu,Good,Completed
TC0002552,TEP0001954,Venkatesh Reddy,M,54,9272651321,Bangarigadda,Chandur,Nalgonda,2026-08-13,FAC014,Dizziness,Musculoskeletal,Assisted video,10,Yes,Yes,No,,17.6,Urdu,Fair,Completed
TC0002553,TEP0001955,Rajesh Reddy,M,86,9488253047,Nakrekal,Nakrekal,Nalgonda,2026-07-15,FAC018,Body pain,Fever/Infection,Assisted video,12,No,No,Yes,14,16.2,Telugu,Good,Completed
TC0002554,TEP0001955,Rajesh Reddy,M,88,9488263047,Nakrekal,Nakrekal,Nalgonda,2026-08-12,FAC018,Dizziness,Fever/Infection,Assisted video,10,No,No,No,,16.2,Telugu,Good,Completed
TC0002555,TEP0001956,Santosh Khan,M,46,9016458621,Nakrekal,Nakrekal,Nalgonda,2026-02-18,FAC016,Dizziness,Other,Assisted video,7,Yes,No,Yes,21,35.5,Telugu,Poor,Completed
TC0002556,TEP0001957,winod Kumar,M,43,9499706868,Gundlapally,Devarakonda,Nalgonda,2026-03-31,FAC012,Cough,Diabetes,Assisted video,11,No,Yes,Yes,14,25.4,Telugu,Fair,Completed
TC0002557,TEP0001957,Vinod Kumar,M,41,9499706868,Gundlapally,Devarakonda,Nalgonda,2026-05-04,FAC012,Fever,Diabetes,Audio,21,Yes,No,No,,25.4,Telugu,Good,Completed
TC0002558,TEP0001958,Naween Goud,M,88,9351274013,Zaheerabad,Zaheerabad,Sangareddy,2026-07-08,FAC023,Cough,Other,Assisted video,11,Yes,No,Yes,7,17.3,Telugu,Poor,Completed
TC0002559,TEP0001959,Kiran Laxman,M,35,9194039697,JHARASANGAM,Zaheerabad,Sangareddy,2026-08-07,FAC024,Skin complaint,Hypertension,Assisted video,11,Yes,No,Yes,30,2.6,Telugu,Poor,Completed
TC0002560,TEP0001960,Rajesh Reddy,M,32,9119972952,Bodajanampet,Balanagar,Mahabubnagar,2026-01-25,FAC005,Abdominal discomfort,Hypertension,Video,10,Yes,No,No,,26.6,Urdu,Fair,Completed
TC0002561,TEP0001960,Rajesh Reddy,M,34,9119972952,Bodajanampe,Balanagar,Mahabubnagar,2026-03-02,FAC004,Routine NCD review,Hypertension,Video,22,Yes,No,No,,27.6,Urdu,Fair,Completed
TC0002562,TEP0001961,Anitha Narsimha,F,28,9741990946,Gangapur,Jadcherla,Mahabubnagar,2026-07-17,FAC003,Dizziness,Respiratory,Video,17,Yes,No,Yes,14,26.4,Telugu,Fair,Completed
TC0002563,TEP0001962,Naresh Laxman,M,65,9910029254,Indresham,Patancheru,Sangareddy,2026-05-11,FAC027,Routine NCD review,Other,Assisted video,20,No,Yes,Yes,7,22.3,English,Fair,Completed
TC0002564,TEP0001963,Ravi Basha,M,37,9550294597,Jharasangam,Zaheerabad,Sangareddy,2026-02-14,FAC022,Dizziness,Hypertension+Diabetes,Assisted video,9,No,No,No,,5.6,Telugu,Fair,Completed
TC0002565,TEP0001964,Nirmala Mudiraj,F,47,9976919513,Peddadinne,Devarakonda,Nalgonda,2026-06-27,FAC011,Body pain,Dermatology,Assisted video,24,Yes,No,No,,13.9,Telugu,Fair,Completed
TC0002566,TEP0001965,Shankar Reddy,M,50,9430166656,Zaheerabad,Zaheerabad,Sangareddy,2026-05-02,FAC023,Routine NCD review,Hypertension,Assisted video,13,Yes,No,Yes,21,17.3,Telugu,Good,Completed
TC0002567,TEP0001966,Rajesh Das,M,34,9403996976,INDRESHAM,Patancheru,Sangareddy,2026-06-01,FAC025,Fever,Fever/Infection,Audio,21,Yes,No,Yes,7,19.2,Urdu,Fair,Completed
TC0002568,TEP0001967,Sushma Patel,F,54,9938478884,Marrur,Nakrekal,Nalgonda,2026-03-23,FAC016,Skin complaint,Gastrointestinal,Assisted video,15,Yes,Yes,Yes,30,36.5,Telugu,Poor,Completed
TC0002569,TEP0001968,Mounika Krishna,F,57,9577813583,Indresham,Patancheru,Sangareddy,2026-04-29,FAC026,Cough,Fever/Infection,Audio,15,Yes,No,Yes,30,11.5,Telugu,Good,Completed
TC0002570,TEP0001969,Ravi Yadav,M,47,9221255653,Ameenpur,Patancheru,Sangareddy,2026-01-01,FAC027,Abdominal discomfort,Other,Video,11,No,No,Yes,21,27.9,Telugu,Fair,Completed
TC0002571,TEP0001969,Ravi Yadav,M,47,9221255653,Ameenpur,Patancheru,Sangareddy,2026-06-25,FAC026,Abdominal discomfort,Hypertension,Video,12,Yes,Yes,Yes,30,9.7,Telugu,Fair,Completed
TC0002572,TEP0001970,Rghav Narsimha,M,65,9805616096,Rajapur,Balanagar,Mahabubnagar,2026-01-03,FAC006,Body pain,Hypertension+Diabetes,Assisted video,19,No,No,Yes,21,8.7,Telugu,Good,Completed
TC0002573,TEP0001971,Kavitha Mudiraj,F,44,9303974622,Bodajanampet,Balanagar,Mahabubnagar,2026-01-09,FAC005,Headache,Other,Assisted video,13,Yes,No,No,,26.6,Telugu,Fair,Completed
TC0002574,TEP0001972,Raghav Basha,M,68,9197931289,Marrur,Nakrekal,Nalgonda,2026-03-14,FAC017,Cough,Respiratory,Assisted video,7,Yes,No,No,,25.8,Urdu,Fair,Completed
TC0002575,TEP0001973,Divya Rao,F,78,9947870488,Patancheru,Patancheru,Sangareddy,2026-04-17,FAC025,Cough,Hypertension,Assisted video,12,Yes,No,No,,25.4,Urdu,Poor,Completed
TC0002576,TEP0001974,Rajesh Begum,M,51,9951837503,Gundlapally,Devarakonda,Nalgonda,2026-03-26,FAC011,Routine NCD review,Hypertension+Diabetes,Assisted video,16,No,Yes,No,,29.4,Telugu,Fair,Completed
TC0002577,TEP0001975,Kiran Mallaiah,M,65,9526773381,Patancheru,Patancheru,Sangareddy,2026-02-27,FAC027,Skin complaint,Diabetes,Audio,8,No,No,Yes,7,36.3,Telugu,Poor,Completed
TC0002578,TEP0001976,Rani Narsimha,F,32,9335668839,MANGALAPALLY,Nakrekal,Nalgonda,2026-01-11,FAC016,Dizziness,Fever/Infection,Audio,22,Yes,No,Yes,7,4.1,Telugu,Poor,Completed
TC0002579,TEP0001976,Rani Narsimha,F,33,,Mangalapally,Nakrekal,Nalgonda,2026-08-11,FAC018,Cough,Other,Video,18,No,No,Yes,14,35.0,Telugu,Fair,Completed
TC0002580,TEP0001977,Arun Rao,M,75,,Nermata,Chandur,Nalgonda,2026-05-30,FAC015,Fever,Musculoskeletal,Video,14,Yes,Yes,No,,22.4,Telugu,Poor,Completed
TC0002581,TEP0001978,Nirmala Devi,F,34,9211253361,Indresham,Patancheru,Sangareddy,2026-02-04,FAC026,Cough,Dermatology,Assisted video,7,Yes,No,No,,11.5,Telugu,Good,Completed
TC0002582,TEP0001979,Rajesh Jangam,M,34,9677531405,Marrur,Nakrekal,Nalgonda,2026-07-17,FAC017,Body pain,Diabetes,Audio,19,Yes,No,Yes,7,25.8,Telugu,Poor,Completed
TC0002583,TEP0001979,Rajesh Jangam,M,36,9677531405,Marrur,Nakrekal,Nalgonda,2026-08-09,FAC017,Body pain,Dermatology,Video,12,Yes,No,Yes,21,25.8,Telugu,Fair,Completed
TC0002584,TEP0001980,Padma Goud,F,74,9391647127,MARRUR,Nakrekal,Nalgonda,2026-01-13,FAC018,Fever,Musculoskeletal,Assisted video,14,Yes,No,Yes,30,6.7,Telugu,Good,Completed
TC0002585,TEP0001981,Rani Begum,F,21,9088863979,Patancheru,Patancheru,Sangareddy,2026-03-19,FAC026,Dizziness,Hypertension+Diabetes,Video,11,Yes,Yes,Yes,30,23.1,English,Good,Completed
TC0002586,TEP0001981,Rani Begum,F,21,9088863979,Patancheru,Patancheru,Sangareddy,2026-05-02,FAC027,Headache,Diabetes,Audio,21,No,No,Yes,30,36.3,English,Fair,Completed
TC0002587,TEP0001982,Raju Begum,M,63,9516395999,Gangapur,Jadcherla,Mahabubnagar,2026-05-26,FAC003,Dizziness,Hypertension+Diabetes,Audio,10,Yes,Yes,No,,26.4,Telugu,Fair,Completed
TC0002588,TEP0001983,Shobha Narsimha,F,62,9212433724,Bangarigadda,Chandur,Nalgonda,2026-05-29,FAC014,Skin complaint,Respiratory,Assisted video,17,Yes,No,No,,17.6,Telugu,Poor,Completed
TC0002589,TEP0001984,Rjesh Yadav,M,64,9263144363,Velpul,Midjil,Mahabubnagar,2026-08-05,FAC007,Abdominal discomfort,Hypertension,Assisted video,20,No,Yes,No,,17.9,Telugu,Fair,Completed
TC0002590,TEP0001985,Shankar Yadav,M,41,9752561907,Ameenpur,Patancheru,Sangareddy,2026-06-18,FAC026,Fever,Diabetes,Assisted video,21,Yes,No,Yes,30,9.7,Telugu,Poor,Completed
TC0002591,TEP0001986,Kiran Laxman,M,55,9543017670,Gundlapally,Devarakonda,Nalgonda,2026-04-17,FAC010,Cough,Fever/Infection,Audio,19,No,No,Yes,30,26.3,Telugu,Poor,Completed
TC0002592,TEP0001987,Kavita Khan,F,19,,Kondamallepally,Devarakonda,Nalgonda,2026-06-01,FAC011,Body pain,Hypertension,Video,22,Yes,No,No,,25.7,Telugu,Fair,Completed
TC0002593,TEP0001988,Sushma Jangam,F,35,9492369274,Bangarigadda,Chandur,Nalgonda,2026-01-01,FAC013,Abdominal discomfort,Fever/Infection,Audio,21,Yes,No,Yes,14,16.9,Telugu,Poor,Completed
TC0002594,TEP0001989,Lalitha Shekar,F,25,9758456161,Peddadinne,Devarakonda,Nalgonda,2026-04-14,FAC010,Routine NCD review,Respiratory,Audio,9,Yes,Yes,Yes,21,7.4,Telugu,Fair,Completed
TC0002595,TEP0001990,Sai Goud,M,59,9226263628,Marrur,Nakrekal,Nalgonda,2026-03-15,FAC018,Body pain,Dermatology,Assisted video,8,Yes,Yes,Yes,7,6.7,Telugu,Fair,Completed
TC0002596,TEP0001991,Rajesh Narsimha,M,32,9826641347,Macharam,Jadcherla,Mahabubnagar,2026-02-22,FAC003,Body pain,Hypertension,Video,13,Yes,Yes,Yes,14,12.8,Telugu,Poor,Completed
TC0002597,TEP0001991,Rajesh Narsimha,M,34,9866641347,Macharam,Jadcherla,Mahabubnagar,2026-03-13,FAC001,Fever,Hypertension,Assisted video,19,Yes,No,No,,17.2,Telugu,Good,Completed
TC0002598,TEP0001992,Ranee Rao,F,26,9296565384,Mangalapally,Nakrekal,Nalgonda,2026-05-27,FAC016,Fever,Dermatology,Video,18,Yes,Yes,Yes,30,4.1,Telugu,Good,Completed
TC0002599,TEP0001993,Rajesh Naik,M,36,9189621813,Narayankhed,Narayankhed,Sangareddy,2026-06-28,FAC020,Fever,Dermatology,Audio,21,No,No,Yes,21,23.7,Telugu,Good,Completed
TC0002600,TEP0001993,Rajesh Naik,M,36,9189621813,Narayankhed,Narayankhed,Sangareddy,2026-07-27,FAC020,Abdominal discomfort,Respiratory,Audio,11,Yes,No,No,,23.7,Telugu,Poor,Completed
TC0002601,TEP0001994,Sures Yadav,M,74,9097645158,Indresham,Patancheru,Sangareddy,2026-04-12,FAC027,Cough,Dermatology,Video,21,Yes,No,Yes,21,22.3,Telugu,Fair,Completed
TC0002602,TEP0001994,Suresh Yadav,M,73,9097645158,Indresham,Patancheru,Sangareddy,2026-07-03,FAC026,Cough,Fever/Infection,Assisted video,23,Yes,No,Yes,14,11.5,Telugu,Good,Completed
TC0002603,TEP0001995,Arun Krishna,M,47,+91-90677-27379,Nomula,Nakrekal,Nalgonda,2026-07-13,FAC017,Abdominal discomfort,Diabetes,Assisted video,7,Yes,No,Yes,7,29.9,Telugu,Good,Completed
TC0002604,TEP0001996,Naveen Begum,M,32,+91-91578-87958,Peddadinne,Devarakonda,Nalgonda,2026-02-04,FAC011,Routine NCD review,Gastrointestinal,Audio,14,Yes,No,No,,13.9,Telugu,Poor,Completed
TC0002605,TEP0001997,Rmesh Naik,M,45,9251060066,Kalher,Narayankhed,Sangareddy,2026-04-21,FAC020,Cough,Fever/Infection,Video,12,Yes,Yes,Yes,30,29.6,Telugu,Fair,Completed
TC0002606,TEP0001998,Swathi Devi,F,36,9925709782,Indresham,Patancheru,Sangareddy,2026-03-06,FAC027,Routine NCD review,Musculoskeletal,Audio,19,Yes,No,Yes,30,22.3,Telugu,Good,Completed
TC0002607,TEP0001998,Swathi Devi,F,34,,Indresham,Patancheru,Sangareddy,2026-05-25,FAC025,Body pain,Fever/Infection,Video,15,Yes,No,Yes,7,19.2,Telugu,Good,Completed
TC0002608,TEP0001999,Srilatha Das,F,41,9559277549,Mogudampally,Zaheerabad,Sangareddy,2026-01-05,FAC024,Cough,Respiratory,Assisted video,24,Yes,No,Yes,30,16.8,Telugu,Poor,Completed
TC0002609,TEP0002000,Deepika Goud,F,69,9483545180,Mogudampally,Zaheerabad,Sangareddy,2026-01-06,FAC023,Cough,Musculoskeletal,Audio,20,Yes,Yes,Yes,7,22.3,Telugu,Fair,Completed
TC0002610,TEP0002000,Deepika Goud,F,67,9483545180,Mogudampally,Zaheerabad,Sangareddy,2026-04-17,FAC024,Headache,Respiratory,Audio,10,Yes,No,Yes,21,16.8,Telugu,Poor,Completed
TC0002611,TEP0002001,Arun Mudiraj,M,31,9540948265,Kummarikunta,Chandur,Nalgonda,2026-07-22,FAC015,Dizziness,Hypertension,Assisted video,20,Yes,No,Yes,7,26.6,Urdu,Poor,Completed
TC0002612,TEP0002002,Swathi Jangam,F,46,9877307260,Devarakonda,Devarakonda,Nalgonda,2026-03-12,FAC012,Body pain,Musculoskeletal,Video,21,Yes,Yes,Yes,21,22.1,Urdu,Good,Completed
TC0002613,TEP0002003,Nirmala Chary,F,42,9899347010,Ameenpur,Patancheru,Sangareddy,2026-01-26,FAC027,Body pain,Diabetes,Audio,15,Yes,Yes,Yes,30,27.9,Telugu,Good,Completed
TC0002614,TEP0002003,Nirmala Chary,F,41,+91-98993-47010,Ameenpur,Patancheru,Sangareddy,2026-07-06,FAC026,Body pain,Dermatology,Video,10,Yes,No,Yes,14,9.7,Telugu,Fair,Completed
TC0002615,TEP0002004,Shobha Jangam,F,45,9926957639,Devarakonda,Devarakonda,Nalgonda,2026-01-19,FAC012,Routine NCD review,Dermatology,Audio,21,Yes,Yes,Yes,21,22.1,Telugu,Fair,Completed
TC0002616,TEP0002004,Shobha Jangam,F,45,9926957639,Devarakonda,Devarakonda,Nalgonda,2026-05-25,FAC010,Headache,Fever/Infection,Assisted video,7,No,No,Yes,7,22.8,Telugu,Poor,Completed
TC0002617,TEP0002005,Srilatha Mallaiah,F,43,9573407402,Zaheerabad,Zaheerabad,Sangareddy,2026-05-19,FAC023,Body pain,Fever/Infection,Assisted video,14,Yes,Yes,Yes,21,17.3,Urdu,Fair,Completed
TC0002618,TEP0002006,Naresh Khan,M,46,+91-96350-81129,Mogudampally,Zaheerabad,Sangareddy,2026-06-04,FAC022,Abdominal discomfort,Diabetes,Video,18,Yes,No,No,,13.2,Telugu,Poor,Completed
TC0002619,TEP0002006,Naresh Khan,M,46,9635081129,Mogudampally,Zaheerabad,Sangareddy,2026-07-27,FAC023,Body pain,Diabetes,Audio,9,Yes,Yes,Yes,14,22.3,Telugu,Fair,Completed
TC0002620,TEP0002007,Sai Laxman,M,78,9868349808,Donur,Midjil,Mahabubnagar,2026-07-28,FAC009,Cough,Other,Video,16,Yes,Yes,No,,14.1,Telugu,Fair,Completed
TC0002621,TEP0002008,Nirmala Das,F,69,9329122673,Gundlapally,Devarakonda,Nalgonda,2026-03-06,FAC012,Fever,Dermatology,Video,23,Yes,No,Yes,7,25.4,Telugu,Good,Completed
TC0002622,TEP0002009,Mounika Mudiraj,F,28,9500481828,Midjil,Midjil,Mahabubnagar,2026-06-10,FAC009,Routine NCD review,Hypertension+Diabetes,Audio,9,No,No,No,,19.5,Urdu,Good,Completed
TC0002623,TEP0002010,Mounika Laxman,F,42,9816244434,Balanagar,Balanagar,Mahabubnagar,2026-05-06,FAC006,Body pain,Respiratory,Video,9,Yes,Yes,No,,1.4,Telugu,Fair,Completed
TC0002624,TEP0002011,Santosh Rao,M,59,9339344209,Gundlapally,Devarakonda,Nalgonda,2026-03-17,FAC011,Body pain,Musculoskeletal,Assisted video,16,Yes,Yes,Yes,7,29.4,Telugu,Fair,Completed
TC0002625,TEP0002012,Sai Goud,M,61,9398205679,Donur,Midjil,Mahabubnagar,2026-04-17,FAC008,Routine NCD review,Diabetes,Audio,20,Yes,Yes,Yes,7,9.4,Telugu,Good,Completed
TC0002626,TEP0002013,Jyothi Basha,F,34,9084288814,Manoor,Narayankhed,Sangareddy,2026-05-12,FAC020,Headache,Respiratory,Video,24,Yes,No,No,,21.7,Telugu,Fair,Completed
TC0002627,TEP0002014,Anitha Mallaiah,F,54,9790699886,Mogudampally,Zaheerabad,Sangareddy,2026-08-09,FAC024,Headache,Musculoskeletal,Video,13,No,No,No,,16.8,English,Poor,Completed
TC0002628,TEP0002015,Kavitha Mallaiah,F,42,9895010708,Mogudampally,Zaheerabad,Sangareddy,2026-03-10,FAC022,Cough,Dermatology,Audio,14,No,Yes,Yes,21,13.2,Telugu,Poor,Completed
TC0002629,TEP0002016,Naresh Khan,M,46,9309744349,Gangapur,Jadcherla,Mahabubnagar,2026-07-23,FAC002,Cough,Hypertension+Diabetes,Audio,16,Yes,No,Yes,7,38.9,Telugu,Good,Completed
TC0002630,TEP0002017,Suresh Yadav,M,47,9308242024,JHARASANGAM,Zaheerabad,Sangareddy,2026-05-07,FAC023,Routine NCD review,Fever/Infection,Audio,9,Yes,No,No,,18.7,Telugu,Good,Completed
TC0002631,TEP0002018,Naresh Narsimha,M,39,+91-91177-04091,Indresham,Patancheru,Sangareddy,2026-07-21,FAC025,Dizziness,Musculoskeletal,Video,7,Yes,No,No,,19.2,Telugu,Good,Completed
TC0002632,TEP0002019,Nirmala Patel,F,63,9222043140,Mangalapally,Nakrekal,Nalgonda,2026-01-03,FAC016,Dizziness,Fever/Infection,Audio,14,No,No,Yes,30,4.1,Urdu,Good,Completed
TC0002633,TEP0002019,Nirmala Patel,F,63,+91-92220-43140,Mangalapally,Nakrekal,Nalgonda,2026-06-11,FAC016,Body pain,Other,Assisted video,12,Yes,No,Yes,21,4.1,Urdu,Good,Completed
TC0002634,TEP0002019,Nirmala Patel,F,64,9222043140,Mangalapally,Nakrekal,Nalgonda,2026-07-07,FAC017,Fever,Fever/Infection,Assisted video,8,No,No,No,,21.1,Urdu,Fair,Completed
TC0002635,TEP0002020,Santosh Shekar,M,35,,Gangapu,Jadcherla,Mahabubnagar,2026-05-03,FAC001,Routine NCD review,Dermatology,Video,7,No,Yes,Yes,30,20.2,Telugu,Fair,Completed
TC0002636,TEP0002021,Rajesh Narsimha,M,39,9323813858,Kangti,Narayankhed,Sangareddy,2026-01-22,FAC020,Skin complaint,Gastrointestinal,Assisted video,22,Yes,Yes,Yes,21,11.9,Telugu,Fair,Completed
TC0002637,TEP0002022,Lalitha,F,84,,Vemula,Midjil,Mahabubnagar,2026-08-09,FAC008,Cough,Other,Audio,10,Yes,No,Yes,21,22.2,Telugu,Fair,Completed
TC0002638,TEP0002023,Swathi Narsimha,F,50,9164814695,Chandur,Chandur,Nalgonda,2026-06-26,FAC015,Fever,Musculoskeletal,Video,10,Yes,No,No,,29.7,Telugu,Poor,Completed
TC0002639,TEP0002024,Saritha Rao,F,65,9192715856,Rajapur,Balanagar,Mahabubnagar,2026-07-23,FAC005,Headache,Other,Video,18,Yes,No,No,,12.6,Telugu,Good,Completed
TC0002640,TEP0002025,Anil Basha,M,65,,Kummarikunta,Chandur,Nalgonda,2026-04-16,FAC015,Headache,Musculoskeletal,Assisted video,22,Yes,Yes,Yes,14,26.6,Telugu,Fair,Completed
TC0002641,TEP0002026,Venkatesh Khan,M,35,9661983745,Peddadinne,Devarakonda,Nalgonda,2026-06-18,FAC010,Fever,Dermatology,Assisted video,12,Yes,No,Yes,21,7.4,Telugu,Good,Completed
TC0002642,TEP0002027,Rani Das,F,88,+91-99881-01156,Bhanur,Patancheru,Sangareddy,2026-04-29,FAC026,Fever,Gastrointestinal,Video,13,Yes,No,No,,12.8,Telugu,Poor,Completed
TC0002643,TEP0002028,Srinivas Naik,M,41,9127259098,Mogudampally,Zaheerabad,Sangareddy,2026-02-17,FAC022,Fever,Hypertension,Video,16,Yes,No,Yes,14,13.2,Urdu,Good,Completed
TC0002644,TEP0002029,winod Jangam,M,35,9632629461,Marrur,Nakrekal,Nalgonda,2026-04-12,FAC016,Cough,Respiratory,Audio,24,Yes,No,Yes,21,36.5,Telugu,Poor,Completed
TC0002645,TEP0002030,Srinivas Patel,M,57,9404452825,Peddadinne,Devarakonda,Nalgonda,2026-06-18,FAC012,Fever,Fever/Infection,Assisted video,10,No,No,Yes,30,6.6,Telugu,Good,Completed
TC0002646,TEP0002031,Anitha,F,79,9866733628,Chandur,Chandur,Nalgonda,2026-02-12,FAC014,Headache,Fever/Infection,Audio,23,Yes,No,No,,20.6,Telugu,Poor,Completed
TC0002647,TEP0002031,Anitha Yadav,F,77,9867733628,Chandur,Chandur,Nalgonda,2026-04-09,FAC013,Headache,Gastrointestinal,Audio,22,Yes,No,Yes,21,21.3,Telugu,Poor,Completed
TC0002648,TEP0002032,Suresh Kumar,M,58,9352170233,Nomula,Nakrekal,Nalgonda,2026-05-31,FAC017,Skin complaint,Respiratory,Video,15,Yes,Yes,Yes,21,29.9,Telugu,Poor,Completed
TC0002649,TEP0002032,Suresh Kumar,M,58,9352170233,NOMULA,Nakrekal,Nalgonda,2026-06-18,FAC017,Body pain,Respiratory,Assisted video,8,No,No,Yes,30,29.9,Telugu,Fair,Completed
TC0002650,TEP0002033,Saritha Yadav,F,63,9728275128,Kallepally,Balanagar,Mahabubnagar,2026-04-16,FAC006,Dizziness,Musculoskeletal,Assisted video,20,Yes,No,Yes,21,35.4,Telugu,Fair,Completed
TC0002651,TEP0002033,Saritha Yadav,F,63,+91-97282-75128,KALLEPALLY,Balanagar,Mahabubnagar,2026-06-01,FAC006,Cough,Musculoskeletal,Audio,23,No,No,Yes,30,35.4,Telugu,Good,Completed
TC0002652,TEP0002033,Saritha Yadav,F,64,9728275128,KALLEPALLY,Balanagar,Mahabubnagar,2026-08-01,FAC006,Cough,Gastrointestinal,Assisted video,10,Yes,Yes,Yes,21,35.4,Telugu,Poor,Completed
TC0002653,TEP0002034,Venkatesh,M,62,9497827473,BODAJANAMPET,Balanagar,Mahabubnagar,2026-06-03,FAC006,Dizziness,Hypertension,Video,9,No,Yes,No,,33.3,Telugu,Good,Completed
TC0002654,TEP0002035,Mouneeka Jangam,F,47,9374350277,Velpula,Midjil,Mahabubnagar,2026-06-17,FAC008,Headache,Respiratory,Video,20,Yes,No,Yes,21,12.6,Telugu,Good,Completed
TC0002655,TEP0002036,Mounika Rao,F,54,9208036488,BODAJANAMPET,Balanagar,Mahabubnagar,2026-03-16,FAC006,Cough,Fever/Infection,Audio,12,Yes,Yes,Yes,21,33.3,Telugu,Good,Completed
TC0002656,TEP0002037,Suresh Shekar,M,21,9801545329,Kallepally,Balanagar,Mahabubnagar,2026-08-02,FAC004,Dizziness,Musculoskeletal,Assisted video,19,Yes,Yes,Yes,7,26.4,Telugu,Good,Completed
TC0002657,TEP0002038,Mounika Laxman,F,60,9916786900,Jharasangam,Zaheerabad,Sangareddy,2026-03-26,FAC023,Body pain,Musculoskeletal,Assisted video,13,No,No,No,,18.7,Telugu,Good,Completed
TC0002658,TEP0002039,Ravi Goud,M,39,+91-96096-05858,Badepally,Jadcherla,Mahabubnagar,2026-04-28,FAC002,Body pain,Other,Assisted video,17,Yes,Yes,No,,19.9,Telugu,Fair,Completed
TC0002659,TEP0002039,Ravi Goud,M,37,9609605858,Badepally,Jadcherla,Mahabubnagar,2026-05-25,FAC001,Cough,Respiratory,Assisted video,13,Yes,No,Yes,14,11.4,Telugu,Poor,Completed
TC0002660,TEP0002040,Lakshmi Laxman,F,32,9201508422,Zaheerabad,Zaheerabad,Sangareddy,2026-06-11,FAC024,Headache,Fever/Infection,Assisted video,10,Yes,No,Yes,14,28.3,Telugu,Poor,Completed
TC0002661,TEP0002040,Lakshmi Laxman,F,31,9201508422,Zaheerabad,Zaheerabad,Sangareddy,2026-06-16,FAC024,Headache,Fever/Infection,Audio,18,Yes,No,No,,28.3,Telugu,Poor,Completed
TC0002662,TEP0002041,Kiran Devi,M,52,9288841441,Kallepally,Balanagar,Mahabubnagar,2026-03-27,FAC004,Body pain,Diabetes,Video,12,Yes,Yes,Yes,7,26.4,Telugu,Fair,Completed
TC0002663,TEP0002041,Kiran Devi,M,49,9288841441,Kallepally,Balanagar,Mahabubnagar,2026-05-05,FAC005,Dizziness,Fever/Infection,Video,23,Yes,No,Yes,14,26.2,Telugu,Poor,Completed
TC0002664,TEP0002042,Sushma Jangam,F,55,+91-92824-49570,Indresham,Patancheru,Sangareddy,2026-03-19,FAC026,Dizziness,Respiratory,Video,21,No,Yes,Yes,14,11.5,Telugu,Good,Completed
TC0002665,TEP0002043,Srilatha Begum,F,53,9933796314,Bangarigadda,Chandur,Nalgonda,2026-02-24,FAC015,Headache,Musculoskeletal,Assisted video,7,No,No,Yes,30,18.0,Telugu,Poor,Completed
TC0002666,TEP0002044,Mounika Chary,F,42,9970923427,Devarakonda,Devarakonda,Nalgonda,2026-03-29,FAC012,Headache,Fever/Infection,Audio,16,Yes,No,Yes,21,22.1,Urdu,Fair,Completed
TC0002667,TEP0002045,Harika Mallaiah,F,69,9718635499,Jharasangam,Zaheerabad,Sangareddy,2026-04-03,FAC022,Skin complaint,Dermatology,Video,24,Yes,No,Yes,14,5.6,Urdu,Good,Completed
TC0002668,TEP0002045,Harika Mallaiah,F,71,+91-97186-35499,Jharasanga,Zaheerabad,Sangareddy,2026-05-02,FAC023,Body pain,Diabetes,Audio,21,Yes,Yes,Yes,30,18.7,Urdu,Fair,Completed
TC0002669,TEP0002046,Shankar Basha,M,77,9544419457,Kondamallepally,Devarakonda,Nalgonda,2026-07-27,FAC010,Abdominal discomfort,Musculoskeletal,Video,14,No,Yes,Yes,14,20.0,Urdu,Poor,Completed
TC0002670,TEP0002047,Harika Naik,F,42,9415180567,Manoor,Narayankhed,Sangareddy,2026-06-04,FAC020,Body pain,Dermatology,Assisted video,24,Yes,No,Yes,21,21.7,Telugu,Good,Completed
TC0002671,TEP0002048,Srilatha Das,F,83,9670697671,Zaheerabad,Zaheerabad,Sangareddy,2026-04-09,FAC023,Dizziness,Dermatology,Video,17,Yes,No,Yes,7,17.3,Urdu,Poor,Completed
TC0002672,TEP0002048,Srilatha Das,F,83,9670697671,Zaheerabad,Zaheerabad,Sangareddy,2026-06-20,FAC022,Cough,Fever/Infection,Assisted video,17,No,No,Yes,21,25.3,Urdu,Good,Completed
TC0002673,TEP0002049,Mounika Basha,F,44,9271682929,Kondamallepally,Devarakonda,Nalgonda,2026-05-27,FAC010,Dizziness,Other,Assisted video,7,Yes,Yes,Yes,14,20.0,Telugu,Fair,Completed
TC0002674,TEP0002050,Mounika Basha,F,41,9973386785,Balanagar,Balanagar,Mahabubnagar,2026-04-12,FAC004,Cough,Musculoskeletal,Assisted video,16,Yes,Yes,Yes,14,10.8,Telugu,Fair,Completed
TC0002675,TEP0002050,Mouneeka Basha,F,42,9973386785,Balanagar,Balanagar,Mahabubnagar,2026-04-21,FAC004,Dizziness,Hypertension,Assisted video,19,No,No,Yes,7,10.8,Telugu,Fair,Completed
TC0002676,TEP0002050,Mounika Basha,F,41,9973386785,Balanagar,Balanagar,Mahabubnagar,2026-06-16,FAC004,Body pain,Hypertension,Audio,22,Yes,No,No,,10.8,Telugu,Fair,Completed
TC0002677,TEP0002051,Ramesh Yadav,M,39,+91-99488-97825,Nermata,Chandur,Nalgonda,2026-02-13,FAC015,Routine NCD review,Other,Assisted video,22,Yes,No,No,,22.4,Telugu,Fair,Completed
TC0002678,TEP0002052,Sriltha Khan,F,21,9831091231,Vemula,Midjil,Mahabubnagar,2026-04-26,FAC009,Dizziness,Gastrointestinal,Assisted video,8,Yes,No,Yes,21,7.3,Telugu,Good,Completed
TC0002679,TEP0002052,Srilatha Khan,F,19,9831091231,Vemula,Midjil,Mahabubnagar,2026-06-05,FAC008,Cough,Other,Audio,18,Yes,No,No,,22.2,Telugu,Fair,Completed
TC0002680,TEP0002053,Anil Rao,M,27,9547437123,Gangapur,Jadcherla,Mahabubnagar,2026-02-06,FAC002,Fever,Respiratory,Assisted video,19,Yes,No,No,,38.9,Telugu,Fair,Completed
TC0002681,TEP0002054,Saritha,F,44,9776785898,Jharasangam,Zaheerabad,Sangareddy,2026-02-22,FAC024,Routine NCD review,Diabetes,Assisted video,8,No,Yes,Yes,21,2.6,Urdu,Fair,Completed
TC0002682,TEP0002055,Ravi Khan,M,24,9388143086,Gundlapally,Devarakonda,Nalgonda,2026-04-23,FAC010,Fever,Diabetes,Audio,11,Yes,Yes,Yes,14,26.3,Telugu,Good,Completed
TC0002683,TEP0002056,Rani Shekar,F,42,9051591712,Jharasanga,Zaheerabad,Sangareddy,2026-06-10,FAC024,Routine NCD review,Fever/Infection,Assisted video,18,Yes,Yes,No,,2.6,Telugu,Good,Completed
TC0002684,TEP0002056,Rani Shekar,F,43,9051591712,Jharasangam,Zaheerabad,Sangareddy,2026-08-02,FAC024,Skin complaint,Musculoskeletal,Assisted video,11,Yes,No,No,,2.6,Telugu,Poor,Completed
TC0002685,TEP0002057,Santos Begum,M,34,9159222291,Bhanur,Patancheru,Sangareddy,2026-07-09,FAC026,Routine NCD review,Hypertension,Assisted video,10,Yes,No,Yes,14,12.8,Telugu,Good,Completed
TC0002686,TEP0002058,Lakshmi Krishna,F,46,,KALHER,Narayankhed,Sangareddy,2026-01-28,FAC019,Fever,Gastrointestinal,Video,20,Yes,Yes,Yes,21,24.9,Telugu,Poor,Completed
TC0002687,TEP0002058,Lakshmi Krishna,F,46,9549489211,Kalher,Narayankhed,Sangareddy,2026-08-06,FAC021,Cough,Respiratory,Assisted video,19,No,No,No,,22.9,Telugu,Poor,Completed
TC0002688,TEP0002059,Kiran Naik,M,48,+91-95247-66046,Polepally,Jadcherla,Mahabubnagar,2026-05-21,FAC002,Fever,Other,Video,16,Yes,Yes,Yes,21,8.3,Telugu,Poor,Completed
TC0002689,TEP0002060,Lalitha Das,F,66,9453584548,Patancheru,Patancheru,Sangareddy,2026-03-27,FAC026,Dizziness,Musculoskeletal,Audio,19,Yes,No,Yes,7,23.1,Telugu,Fair,Completed
TC0002690,TEP0002060,Lalitha Das,F,66,9453584548,Patancheru,Patancheru,Sangareddy,2026-06-02,FAC027,Cough,Fever/Infection,Audio,21,Yes,No,Yes,30,36.3,Telugu,Fair,Completed
TC0002691,TEP0002061,Lalitha Mallaiah,F,44,9319239186,Kondamallepally,Devarakonda,Nalgonda,2026-07-16,FAC012,Dizziness,Fever/Infection,Audio,14,Yes,No,No,,19.6,Telugu,Poor,Completed
TC0002692,TEP0002062,Vinod Jangam,M,61,9225246752,Kangti,Narayankhed,Sangareddy,2026-08-10,FAC020,Abdominal discomfort,Hypertension,Audio,20,Yes,Yes,No,,11.9,Telugu,Good,Completed
TC0002693,TEP0002063,Anil Naik,M,63,9062048266,Kalher,Narayankhed,Sangareddy,2026-03-30,FAC019,Skin complaint,Hypertension,Assisted video,14,Yes,Yes,Yes,21,24.9,Telugu,Good,Completed
TC0002694,TEP0002064,Rvi Kumar,M,54,9556927645,Nakrekal,Nakrekal,Nalgonda,2026-05-07,FAC018,Fever,Gastrointestinal,Video,9,No,No,Yes,30,16.2,Telugu,Poor,Completed
TC0002695,TEP0002065,Swathi Devi,F,53,9667663690,Chandu,Chandur,Nalgonda,2026-02-10,FAC014,Dizziness,Dermatology,Video,12,Yes,No,Yes,30,20.6,Telugu,Poor,Completed
TC0002696,TEP0002065,Swathi Devi,F,53,9667663690,Chandur,Chandur,Nalgonda,2026-04-16,FAC014,Abdominal discomfort,Gastrointestinal,Assisted video,22,Yes,No,Yes,30,20.6,Telugu,Good,Completed
TC0002697,TEP0002066,Srinivas Rao,M,42,9609176427,Velpula,Midjil,Mahabubnagar,2026-04-06,FAC009,Routine NCD review,Fever/Infection,Assisted video,7,Yes,No,Yes,7,4.2,Telugu,Good,Completed
TC0002698,TEP0002067,Suresh Rao,M,64,9221980571,Nomula,Nakrekal,Nalgonda,2026-06-05,FAC016,Routine NCD review,Fever/Infection,Assisted video,8,Yes,No,Yes,7,36.1,Telugu,Good,Completed
TC0002699,TEP0002068,Rani Begum,F,26,9810706610,Zaheerabad,Zaheerabad,Sangareddy,2026-07-25,FAC023,Cough,Musculoskeletal,Assisted video,14,Yes,No,Yes,21,17.3,Telugu,Good,Completed
TC0002700,TEP0002069,Shobha,F,66,9051808430,Bangarigadda,Chandur,Nalgonda,2026-07-02,FAC014,Routine NCD review,Dermatology,Video,23,Yes,No,No,,17.6,Telugu,Good,Completed
TC0002701,TEP0002070,Mahesh Khan,M,42,9762196558,Gundlapally,Devarakonda,Nalgonda,2026-05-24,FAC010,Skin complaint,Other,Assisted video,11,No,No,Yes,14,26.3,Telugu,Fair,Completed
TC0002702,TEP0002071,Lalitha Jangam,F,68,9788543538,Patancheru,Patancheru,Sangareddy,2026-04-05,FAC025,Fever,Fever/Infection,Audio,9,No,Yes,Yes,21,25.4,Telugu,Good,Completed
TC0002703,TEP0002072,Rani Chary,F,76,9857151490,Kummarikunta,Chandur,Nalgonda,2026-05-20,FAC015,Headache,Other,Audio,20,No,No,Yes,21,26.6,Urdu,Fair,Completed
TC0002704,TEP0002073,Sushma Kumar,F,42,9653326282,Nakrekal,Nakrekal,Nalgonda,2026-06-04,FAC018,Dizziness,Hypertension,Assisted video,17,Yes,Yes,Yes,14,16.2,Telugu,Good,Completed
TC0002705,TEP0002074,Raju Chary,M,72,,Bangarigadda,Chandur,Nalgonda,2026-01-13,FAC015,Routine NCD review,Other,Video,12,Yes,No,Yes,21,18.0,Telugu,Good,Completed
TC0002706,TEP0002074,Raju Chary,M,70,,Bangarigadda,Chandur,Nalgonda,2026-03-10,FAC013,Headache,Dermatology,Assisted video,16,Yes,Yes,Yes,7,16.9,Telugu,Good,Completed
TC0002707,TEP0002075,Jyothi Rao,F,68,9151281113,Nomula,Nakrekal,Nalgonda,2026-06-01,FAC017,Abdominal discomfort,Other,Assisted video,14,Yes,No,No,,29.9,Telugu,Poor,Completed
TC0002708,TEP0002075,Jyothi Rao,F,66,9156281113,Nomula,Nakrekal,Nalgonda,2026-07-30,FAC016,Fever,Diabetes,Assisted video,18,No,No,Yes,7,36.1,Telugu,Poor,Completed
TC0002709,TEP0002076,Swthi Naik,F,28,9965545638,Badepally,Jadcherla,Mahabubnagar,2026-07-15,FAC003,Fever,Musculoskeletal,Video,22,Yes,Yes,Yes,30,5.1,Telugu,Good,Completed
TC0002710,TEP0002077,Shankar Devi,M,62,9054327027,Velpula,Midjil,Mahabubnagar,2026-07-13,FAC009,Headache,Fever/Infection,Assisted video,19,Yes,No,Yes,7,4.2,Telugu,Poor,Completed
TC0002711,TEP0002078,Swathi Mudiraj,F,44,9234646822,Gundlapally,Devarakonda,Nalgonda,2026-06-29,FAC010,Skin complaint,Musculoskeletal,Assisted video,17,Yes,No,No,,26.3,English,Poor,Completed
TC0002712,TEP0002079,Santosh Rao,M,47,9203458947,Kallepally,Balanagar,Mahabubnagar,2026-04-24,FAC004,Routine NCD review,Hypertension+Diabetes,Assisted video,13,No,Yes,No,,26.4,Telugu,Poor,Completed
TC0002713,TEP0002079,Santosh Rao,M,47,9203458947,Kallepalli,Balanagar,Mahabubnagar,2026-07-06,FAC004,Cough,Hypertension+Diabetes,Audio,11,No,Yes,Yes,21,26.4,Telugu,Poor,Completed
TC0002714,TEP0002080,Anil Khan,M,45,+91-90578-67674,NAKREKAL,Nakrekal,Nalgonda,2026-08-13,FAC018,Body pain,Respiratory,Audio,16,Yes,Yes,Yes,14,16.2,Telugu,Fair,Completed
TC0002715,TEP0002081,Swathi Krishna,F,32,,Indresham,Patancheru,Sangareddy,2026-03-18,FAC027,Skin complaint,Musculoskeletal,Video,22,Yes,Yes,Yes,7,22.3,Telugu,Fair,Completed
TC0002716,TEP0002081,Swathi,F,33,9440979274,Indresham,Patancheru,Sangareddy,2026-04-13,FAC026,Routine NCD review,Gastrointestinal,Assisted video,17,Yes,Yes,No,,11.5,Telugu,Fair,Completed
TC0002717,TEP0002082,Srilatha Das,F,41,9841177417,Mangalapally,Nakrekal,Nalgonda,2026-02-01,FAC017,Dizziness,Hypertension+Diabetes,Assisted video,16,Yes,No,Yes,21,21.1,Telugu,Fair,Completed
TC0002718,TEP0002083,Sreenivas Narsimha,M,88,9497827936,Jharasangam,Zaheerabad,Sangareddy,2026-01-12,FAC024,Cough,Hypertension,Assisted video,9,Yes,No,No,,2.6,Telugu,Good,Completed
TC0002719,TEP0002083,Srinivas Narsimha,M,86,9497827936,Jharasangam,Zaheerabad,Sangareddy,2026-03-20,FAC023,Body pain,Hypertension,Assisted video,13,No,No,Yes,14,18.7,Telugu,Poor,Completed
TC0002720,TEP0002083,Srinivas Narsimha,M,88,9497827936,Jharasangam,Zaheerabad,Sangareddy,2026-05-19,FAC023,Headache,Hypertension,Video,16,Yes,No,Yes,30,18.7,Telugu,Fair,Completed
TC0002721,TEP0002084,Naresh Khan,M,56,9949978941,Marrur,Nakrekal,Nalgonda,2026-04-21,FAC018,Body pain,Hypertension+Diabetes,Assisted video,12,Yes,No,Yes,21,6.7,Telugu,Good,Completed
TC0002722,TEP0002085,Lalitha Basa,F,47,9096526669,Kangti,Narayankhed,Sangareddy,2026-02-07,FAC021,Fever,Other,Assisted video,24,Yes,No,Yes,30,27.8,English,Poor,Completed
TC0002723,TEP0002085,Lalitha Basha,F,48,9096526669,Kangti,Narayankhed,Sangareddy,2026-05-18,FAC019,Skin complaint,Other,Audio,15,Yes,No,No,,20.3,English,Poor,Completed
TC0002724,TEP0002086,Shankar Laxman,M,58,9388326298,Jharasangam,Zaheerabad,Sangareddy,2026-07-17,FAC023,Abdominal discomfort,Hypertension+Diabetes,Assisted video,17,Yes,Yes,No,,18.7,Telugu,Good,Completed
TC0002725,TEP0002087,Naween Naik,M,52,9950889110,Kallepally,Balanagar,Mahabubnagar,2026-06-08,FAC005,Dizziness,Dermatology,Video,21,Yes,Yes,No,,26.2,Telugu,Good,Completed
TC0002726,TEP0002087,Nveen Naik,M,55,9950889010,Kallepally,Balanagar,Mahabubnagar,2026-06-25,FAC006,Skin complaint,Musculoskeletal,Video,11,Yes,Yes,Yes,7,35.4,Telugu,Poor,Completed
TC0002727,TEP0002088,Suresh Devi,M,74,9789427779,Bodajanampet,Balanagar,Mahabubnagar,2026-02-10,FAC006,Headache,Hypertension,Video,17,Yes,No,Yes,21,33.3,Telugu,Poor,Completed
TC0002728,TEP0002089,Rajesh Yadav,M,53,9702905868,Peddadinne,Devarakonda,Nalgonda,2026-05-11,FAC012,Cough,Diabetes,Assisted video,16,Yes,No,Yes,30,6.6,Telugu,Poor,Completed
TC0002729,TEP0002090,Renuka Goud,F,32,9368557934,Gundlapally,Devarakonda,Nalgonda,2026-05-25,FAC012,Skin complaint,Dermatology,Assisted video,11,Yes,No,Yes,30,25.4,Telugu,Poor,Completed
TC0002730,TEP0002091,Ravi Chary,M,54,9394814438,Nomula,Nakrekal,Nalgonda,2026-05-01,FAC018,Skin complaint,Musculoskeletal,Video,14,Yes,No,No,,2.2,Telugu,Poor,Completed
TC0002731,TEP0002092,Sai Reddy,M,46,9399775873,Kalher,Narayankhed,Sangareddy,2026-07-12,FAC021,Abdominal discomfort,Fever/Infection,Audio,16,Yes,Yes,No,,22.9,Telugu,Poor,Completed
TC0002732,TEP0002093,Bhavani Patel,F,18,9580517091,Macharam,Jadcherla,Mahabubnagar,2026-01-08,FAC002,Fever,Hypertension,Assisted video,16,No,No,No,,29.4,Telugu,Fair,Completed
TC0002733,TEP0002094,Padma Shekar,F,56,9913821707,Peddadinne,Devarakonda,Nalgonda,2026-06-19,FAC012,Body pain,Gastrointestinal,Video,16,Yes,Yes,Yes,30,6.6,Telugu,Fair,Completed
TC0002734,TEP0002094,Padma Shekar,F,56,9913821707,Peddadinne,Devarakonda,Nalgonda,2026-07-24,FAC012,Routine NCD review,Musculoskeletal,Video,7,Yes,No,Yes,30,6.6,Telugu,Fair,Completed
TC0002735,TEP0002095,Harika Basha,F,31,9743883157,Mangalapally,Nakrekal,Nalgonda,2026-03-29,FAC016,Fever,Gastrointestinal,Video,21,No,No,Yes,21,4.1,Urdu,Fair,Completed
TC0002736,TEP0002096,Naresh Chary,M,43,9834899739,Velpula,Midjil,Mahabubnagar,2026-05-27,FAC009,Skin complaint,Musculoskeletal,Assisted video,9,Yes,No,No,,4.2,Urdu,Fair,Completed
TC0002737,TEP0002096,Nresh Chary,M,44,9834899739,Velpula,Midjil,Mahabubnagar,2026-07-16,FAC007,Body pain,Fever/Infection,Video,9,Yes,No,Yes,21,17.9,Urdu,Poor,Completed
TC0002738,TEP0002097,Lalitha Jangam,F,28,9825929780,VEMULA,Midjil,Mahabubnagar,2026-02-22,FAC007,Abdominal discomfort,Hypertension,Audio,14,Yes,Yes,Yes,14,25.7,Telugu,Fair,Completed
TC0002739,TEP0002098,Lakshmi Mudiraj,F,48,,Patancheru,Patancheru,Sangareddy,2026-04-26,FAC026,Cough,Fever/Infection,Assisted video,7,Yes,Yes,Yes,30,23.1,Telugu,Poor,Completed
TC0002740,TEP0002099,Deepika Shekar,F,65,9670845875,Gangapu,Jadcherla,Mahabubnagar,2026-02-20,FAC003,Body pain,Hypertension+Diabetes,Video,16,No,No,Yes,30,26.4,Telugu,Poor,Completed
TC0002741,TEP0002100,Mohan Jangam,M,64,9520732655,Kallepally,Balanagar,Mahabubnagar,2026-01-08,FAC005,Headache,Other,Video,10,Yes,Yes,Yes,7,26.2,Urdu,Good,Completed
TC0002742,TEP0002101,Rajesh Das,M,45,+91-95015-36819,Ameenpur,Patancheru,Sangareddy,2026-03-07,FAC025,Headache,Diabetes,Audio,17,Yes,Yes,Yes,14,13.0,Telugu,Good,Completed
TC0002743,TEP0002102,Divya,F,64,9577472180,Patancheru,Patancheru,Sangareddy,2026-01-20,FAC026,Skin complaint,Fever/Infection,Audio,24,Yes,No,No,,23.1,Telugu,Fair,Completed
TC0002744,TEP0002103,Lalitha Khan,F,33,9200944541,Devarakonda,Devarakonda,Nalgonda,2026-07-31,FAC010,Routine NCD review,Hypertension,Audio,10,Yes,No,Yes,21,22.8,Urdu,Fair,Completed
TC0002745,TEP0002104,Sai Jangam,M,36,9065285896,Marrur,Nakrekal,Nalgonda,2026-05-31,FAC018,Fever,Other,Video,12,Yes,Yes,No,,6.7,Telugu,Good,Completed
TC0002746,TEP0002104,Si Jangam,M,36,9065285196,Marru,Nakrekal,Nalgonda,2026-06-30,FAC017,Body pain,Other,Audio,17,Yes,No,Yes,21,25.8,Telugu,Poor,Completed
TC0002747,TEP0002104,Sai Jangam,M,34,+91-90652-85196,Marrur,Nakrekal,Nalgonda,2026-08-09,FAC016,Body pain,Fever/Infection,Audio,19,Yes,No,No,,36.5,Telugu,Poor,Completed
TC0002748,TEP0002105,Venkatesh Devi,M,33,9761163004,Gangapur,Jadcherla,Mahabubnagar,2026-05-31,FAC001,Skin complaint,Hypertension,Audio,20,Yes,No,Yes,7,20.2,Telugu,Fair,Completed
TC0002749,TEP0002105,Venkatesh Devee,M,33,,Gangapu,Jadcherla,Mahabubnagar,2026-06-21,FAC001,Headache,Hypertension,Assisted video,8,Yes,Yes,Yes,14,20.2,Telugu,Fair,Completed
TC0002750,TEP0002105,Venkatesh Devi,M,35,9761163004,Gangapu,Jadcherla,Mahabubnagar,2026-08-05,FAC002,Fever,Musculoskeletal,Audio,8,No,No,Yes,21,38.9,Telugu,Poor,Completed
TC0002751,TEP0002106,Kiran Yadav,M,56,9496760230,Manoor,Narayankhed,Sangareddy,2026-07-25,FAC020,Abdominal discomfort,Musculoskeletal,Video,22,Yes,No,No,,21.7,Telugu,Good,Completed
TC0002752,TEP0002107,Anil,M,51,9659097835,Kummarikunta,Chandur,Nalgonda,2026-04-03,FAC013,Abdominal discomfort,Diabetes,Audio,13,Yes,Yes,Yes,30,6.5,Telugu,Poor,Completed
TC0002753,TEP0002107,Anil Das,M,51,9659097835,Kummarikunta,Chandur,Nalgonda,2026-05-13,FAC015,Skin complaint,Hypertension+Diabetes,Audio,11,Yes,Yes,No,,26.6,Telugu,Poor,Completed
TC0002754,TEP0002108,Naveen Patel,M,59,9179401101,Macharam,Jadcherla,Mahabubnagar,2026-04-10,FAC001,Dizziness,Respiratory,Audio,21,Yes,No,Yes,21,17.2,Telugu,Poor,Completed
TC0002755,TEP0002109,Bhavani Das,F,20,9756125248,Bodajanampet,Balanagar,Mahabubnagar,2026-07-15,FAC005,Dizziness,Hypertension,Assisted video,22,Yes,No,Yes,7,26.6,English,Good,Completed
TC0002756,TEP0002110,Lalitha Mudiraj,F,50,,Kallepally,Balanagar,Mahabubnagar,2026-02-12,FAC006,Headache,Gastrointestinal,Video,14,Yes,No,Yes,14,35.4,Telugu,Fair,Completed
TC0002757,TEP0002110,Laleetha Mudiraj,F,49,9746543889,Kallepally,Balanagar,Mahabubnagar,2026-04-12,FAC004,Skin complaint,Gastrointestinal,Audio,13,Yes,Yes,No,,26.4,Telugu,Good,Completed
TC0002758,TEP0002111,Santosh Krishna,M,76,9697474264,Kummarikunta,Chandur,Nalgonda,2026-02-22,FAC015,Dizziness,Hypertension,Audio,20,Yes,Yes,Yes,7,26.6,Telugu,Fair,Completed
TC0002759,TEP0002112,Mohan Laxman,M,70,9472085865,Marrur,Nakrekal,Nalgonda,2026-05-06,FAC018,Abdominal discomfort,Dermatology,Assisted video,18,Yes,No,Yes,30,6.7,Telugu,Good,Completed
TC0002760,TEP0002113,Anitha,F,37,9924850312,Nakrekal,Nakrekal,Nalgonda,2026-07-02,FAC017,Dizziness,Hypertension+Diabetes,Audio,13,Yes,Yes,Yes,30,36.5,Telugu,Good,Completed
TC0002761,TEP0002113,nitha Chary,F,37,9924850312,Nakrekal,Nakrekal,Nalgonda,2026-07-21,FAC016,Fever,Hypertension,Video,10,Yes,No,Yes,7,35.5,Telugu,Fair,Completed
TC0002762,TEP0002114,Divya,F,42,9415764294,Ameenpur,Patancheru,Sangareddy,2026-03-18,FAC026,Cough,Hypertension,Audio,22,Yes,Yes,No,,9.7,Urdu,Fair,Completed
TC0002763,TEP0002115,Padma Jangam,F,72,9365438417,Mangalapall,Nakrekal,Nalgonda,2026-06-29,FAC017,Skin complaint,Musculoskeletal,Audio,23,No,No,Yes,21,21.1,Telugu,Poor,Completed
TC0002764,TEP0002116,Venkatesh Patel,M,38,9264691644,Midji,Midjil,Mahabubnagar,2026-07-13,FAC008,Headache,Gastrointestinal,Assisted video,22,No,No,Yes,30,11.3,Telugu,Fair,Completed
TC0002765,TEP0002117,Kiran Laxman,M,37,9711049971,Kangti,Narayankhed,Sangareddy,2026-01-01,FAC021,Cough,Fever/Infection,Assisted video,7,Yes,No,Yes,14,27.8,Telugu,Poor,Completed
TC0002766,TEP0002118,Kiran Narsimha,M,71,9900699790,Vemula,Midjil,Mahabubnagar,2026-03-08,FAC007,Routine NCD review,Musculoskeletal,Video,10,Yes,No,No,,25.7,Telugu,Fair,Completed
TC0002767,TEP0002119,Sai Kumar,M,65,+91-91824-78590,MOGUDAMPALLY,Zaheerabad,Sangareddy,2026-05-25,FAC023,Routine NCD review,Other,Video,24,Yes,Yes,No,,22.3,Telugu,Fair,Completed
TC0002768,TEP0002120,Kavitha Krishna,F,63,,Midjil,Midjil,Mahabubnagar,2026-07-17,FAC009,Abdominal discomfort,Hypertension,Video,14,Yes,Yes,Yes,21,19.5,Telugu,Fair,Completed
TC0002769,TEP0002121,Bhavani Khan,F,38,9887532310,Indresham,Patancheru,Sangareddy,2026-05-22,FAC026,Headache,Hypertension,Audio,8,Yes,Yes,Yes,7,11.5,Telugu,Good,Completed
TC0002770,TEP0002122,Suresh Goud,M,37,9287954230,Bhanur,Patancheru,Sangareddy,2026-05-04,FAC025,Headache,Fever/Infection,Video,8,No,No,No,,18.7,English,Good,Completed
TC0002771,TEP0002123,Sai Das,M,50,9625477178,Ameenpur,Patancheru,Sangareddy,2026-07-11,FAC025,Dizziness,Other,Assisted video,11,Yes,No,No,,13.0,Telugu,Fair,Completed
TC0002772,TEP0002124,Srinivas Laxman,M,19,9388630209,Kohir,Zaheerabad,Sangareddy,2026-05-29,FAC023,Abdominal discomfort,Dermatology,Video,9,Yes,No,No,,15.7,Telugu,Good,Completed
TC0002773,TEP0002125,Harika Naik,F,30,9817279802,Chandur,Chandur,Nalgonda,2026-01-18,FAC013,Cough,Diabetes,Video,11,Yes,No,No,,21.3,Telugu,Fair,Completed
TC0002774,TEP0002125,Harika Naik,F,30,9817279802,Chandur,Chandur,Nalgonda,2026-02-04,FAC013,Dizziness,Other,Assisted video,9,Yes,No,No,,21.3,Telugu,Poor,Completed
TC0002775,TEP0002126,Shnkar Jangam,M,83,9263541795,Bhanur,Patancheru,Sangareddy,2026-04-25,FAC025,Headache,Other,Video,21,Yes,Yes,Yes,14,18.7,Telugu,Good,Completed
TC0002776,TEP0002127,Kiran Goud,M,74,9555584602,Gangapur,Jadcherla,Mahabubnagar,2026-07-09,FAC002,Dizziness,Other,Video,20,Yes,No,Yes,21,38.9,Telugu,Fair,Completed
TC0002777,TEP0002128,Raghav Shekar,M,44,9090460652,Badepally,Jadcherla,Mahabubnagar,2026-05-30,FAC001,Body pain,Dermatology,Video,19,Yes,No,Yes,30,11.4,Telugu,Poor,Completed
TC0002778,TEP0002129,Arun Mudiraj,M,58,+91-95082-51829,Polepally,Jadcherla,Mahabubnagar,2026-06-16,FAC002,Skin complaint,Gastrointestinal,Audio,24,Yes,No,Yes,14,8.3,Telugu,Poor,Completed
TC0002779,TEP0002129,Arun Mudiraj,M,56,9538251829,Polepally,Jadcherla,Mahabubnagar,2026-07-31,FAC003,Dizziness,Respiratory,Video,9,No,Yes,Yes,21,21.0,Telugu,Good,Completed
TC0002780,TEP0002130,Swathi Yadav,F,57,9153136477,Kondamallepally,Devarakonda,Nalgonda,2026-06-03,FAC011,Cough,Hypertension,Assisted video,9,No,Yes,Yes,14,25.7,Telugu,Fair,Completed
TC0002781,TEP0002131,Ramesh Rao,M,36,9178222173,Kallepally,Balanagar,Mahabubnagar,2026-03-30,FAC006,Dizziness,Musculoskeletal,Assisted video,12,Yes,Yes,Yes,14,35.4,Telugu,Fair,Completed
TC0002782,TEP0002132,Kiran Mallaiah,M,29,9967990871,Manoo,Narayankhed,Sangareddy,2026-01-15,FAC020,Headache,Hypertension+Diabetes,Video,23,No,No,Yes,30,21.7,Telugu,Poor,Completed
TC0002783,TEP0002133,Renuka Yadav,F,47,9815129821,Bhanur,Patancheru,Sangareddy,2026-07-13,FAC027,Skin complaint,Respiratory,Audio,14,Yes,No,Yes,14,18.4,Telugu,Fair,Completed
TC0002784,TEP0002134,Jyothi Patel,F,87,9786574001,Midjil,Midjil,Mahabubnagar,2026-01-06,FAC009,Cough,Other,Audio,17,Yes,No,Yes,14,19.5,Telugu,Poor,Completed
TC0002785,TEP0002135,Ravi Mudiraj,M,65,9972051811,Kondamallepally,Devarakonda,Nalgonda,2026-08-06,FAC011,Routine NCD review,Diabetes,Audio,23,Yes,Yes,Yes,30,25.7,Telugu,Good,Completed
TC0002786,TEP0002136,Suresh Basha,M,49,9546932916,Devarakonda,Devarakonda,Nalgonda,2026-02-13,FAC011,Headache,Diabetes,Assisted video,7,Yes,No,No,,29.2,Urdu,Poor,Completed
TC0002787,TEP0002137,Sushma Mudiraj,F,51,+91-92549-38508,Jharasangam,Zaheerabad,Sangareddy,2026-03-06,FAC022,Fever,Diabetes,Video,14,Yes,No,Yes,30,5.6,Telugu,Good,Completed
TC0002788,TEP0002138,Praveen Shekar,M,24,,Ameenpur,Patancheru,Sangareddy,2026-07-20,FAC026,Skin complaint,Diabetes,Video,14,Yes,No,No,,9.7,Telugu,Fair,Completed
TC0002789,TEP0002139,Mounika Kumar,F,40,9133640530,Macharam,Jadcherla,Mahabubnagar,2026-08-08,FAC001,Routine NCD review,Fever/Infection,Assisted video,12,No,Yes,Yes,14,17.2,Telugu,Fair,Completed
TC0002790,TEP0002140,Sushma Begum,F,45,9494639191,Patancheru,Patancheru,Sangareddy,2026-01-03,FAC027,Body pain,Gastrointestinal,Video,16,No,No,Yes,14,36.3,Telugu,Good,Completed
TC0002791,TEP0002140,Sushma Begum,F,45,9494639191,Patancheru,Patancheru,Sangareddy,2026-05-13,FAC027,Headache,Gastrointestinal,Audio,16,No,Yes,Yes,21,36.3,Telugu,Good,Completed
TC0002792,TEP0002140,Sushma Begum,F,45,+91-94946-39191,Patancheru,Patancheru,Sangareddy,2026-05-31,FAC027,Cough,Fever/Infection,Assisted video,20,Yes,No,Yes,14,36.3,Telugu,Good,Completed
TC0002793,TEP0002141,Deepika Chary,F,76,+91-98777-16902,PEDDADINNE,Devarakonda,Nalgonda,2026-04-27,FAC011,Abdominal discomfort,Musculoskeletal,Audio,18,Yes,No,No,,13.9,Telugu,Fair,Completed
TC0002794,TEP0002142,Santosh Mallaiah,M,33,9192124666,Marrur,Nakrekal,Nalgonda,2026-03-08,FAC018,Cough,Hypertension,Video,18,No,No,Yes,7,6.7,Telugu,Fair,Completed
TC0002795,TEP0002143,Praveen Khan,M,54,,Bhanur,Patancheru,Sangareddy,2026-05-24,FAC027,Cough,Gastrointestinal,Audio,23,Yes,No,No,,18.4,Telugu,Poor,Completed
TC0002796,TEP0002143,Praveen Khan,M,54,9385761071,Bhanur,Patancheru,Sangareddy,2026-08-10,FAC025,Cough,Respiratory,Video,20,No,Yes,No,,18.7,Telugu,Good,Completed
TC0002797,TEP0002144,Rani Naik,F,46,9233080870,Rajapur,Balanagar,Mahabubnagar,2026-07-09,FAC004,Headache,Fever/Infection,Video,19,No,Yes,No,,13.9,Telugu,Fair,Completed
TC0002798,TEP0002145,Mohan Shekar,M,50,9548057445,Nermata,Chandur,Nalgonda,2026-03-28,FAC014,Headache,Hypertension,Audio,22,Yes,No,Yes,14,19.2,Urdu,Poor,Completed
TC0002799,TEP0002146,Lalita Kumar,F,62,9268963331,Balanagar,Balanagar,Mahabubnagar,2026-02-21,FAC005,Body pain,Hypertension,Assisted video,22,No,Yes,Yes,14,10.4,Telugu,Fair,Completed
TC0002800,TEP0002146,Lalitha Kumar,F,61,9268963331,Balanagar,Balanagar,Mahabubnagar,2026-04-14,FAC006,Abdominal discomfort,Hypertension,Audio,10,Yes,No,Yes,21,1.4,Telugu,Good,Completed
TC0002801,TEP0002147,Divya Goud,F,47,9428232555,Ameenpur,Patancheru,Sangareddy,2026-02-02,FAC027,Routine NCD review,Respiratory,Video,15,Yes,No,Yes,21,27.9,Telugu,Fair,Completed
TC0002802,TEP0002148,Deepika Krishna,F,63,9515567858,Rajapu,Balanagar,Mahabubnagar,2026-07-05,FAC005,Routine NCD review,Respiratory,Assisted video,16,Yes,No,Yes,14,12.6,Telugu,Good,Completed
TC0002803,TEP0002149,Raghav Naik,M,60,9442285976,Balanagar,Balanagar,Mahabubnagar,2026-02-10,FAC004,Skin complaint,Fever/Infection,Audio,17,Yes,No,Yes,14,10.8,Telugu,Poor,Completed
TC0002804,TEP0002150,Santosh Reddy,M,62,,Vemul,Midjil,Mahabubnagar,2026-05-23,FAC008,Body pain,Hypertension,Video,14,Yes,No,Yes,7,22.2,Telugu,Good,Completed
TC0002805,TEP0002151,Deepika Basha,F,18,9483432679,AMEENPUR,Patancheru,Sangareddy,2026-02-27,FAC025,Fever,Musculoskeletal,Assisted video,8,Yes,Yes,Yes,21,13.0,Telugu,Good,Completed
TC0002806,TEP0002152,Lalitha Devi,F,27,9766269466,Rajapur,Balanagar,Mahabubnagar,2026-05-06,FAC005,Cough,Musculoskeletal,Assisted video,10,Yes,No,Yes,7,12.6,Telugu,Poor,Completed
TC0002807,TEP0002152,Lalitha Devi,F,24,9766269466,Rajapur,Balanagar,Mahabubnagar,2026-06-12,FAC005,Cough,Respiratory,Video,18,Yes,Yes,Yes,14,12.6,Telugu,Good,Completed
TC0002808,TEP0002153,Sushma Naik,F,42,,Marrur,Nakrekal,Nalgonda,2026-01-26,FAC016,Headache,Diabetes,Assisted video,16,No,No,Yes,7,36.5,Telugu,Good,Completed
TC0002809,TEP0002153,Sushma Naik,F,42,9451091522,Marrur,Nakrekal,Nalgonda,2026-04-13,FAC016,Headache,Hypertension+Diabetes,Audio,23,Yes,Yes,Yes,7,36.5,Telugu,Poor,Completed
TC0002810,TEP0002154,Deepika Chary,F,33,9563344728,Macharam,Jadcherla,Mahabubnagar,2026-06-23,FAC002,Fever,Musculoskeletal,Video,15,Yes,No,Yes,7,29.4,Telugu,Good,Completed
TC0002811,TEP0002155,Kiran Yadav,M,30,9224720295,Macharam,Jadcherla,Mahabubnagar,2026-05-08,FAC002,Abdominal discomfort,Hypertension,Assisted video,8,Yes,Yes,No,,29.4,Telugu,Poor,Completed
TC0002812,TEP0002156,Anita Mudiraj,F,19,9035178578,Marrur,Nakrekal,Nalgonda,2026-02-16,FAC018,Fever,Hypertension+Diabetes,Audio,17,Yes,No,Yes,7,6.7,Telugu,Poor,Completed
TC0002813,TEP0002156,Anitha Mudiraj,F,18,9035178578,Marrur,Nakrekal,Nalgonda,2026-04-04,FAC017,Abdominal discomfort,Hypertension+Diabetes,Audio,12,Yes,No,Yes,30,25.8,Telugu,Fair,Completed
TC0002814,TEP0002157,Kavitha Khan,F,33,9636060194,Zaheerabad,Zaheerabad,Sangareddy,2026-01-22,FAC024,Cough,Hypertension,Assisted video,16,Yes,No,No,,28.3,Urdu,Poor,Completed
TC0002815,TEP0002158,Lakshmi Mudiraj,F,53,9692791983,Nakrekal,Nakrekal,Nalgonda,2026-04-13,FAC016,Fever,Hypertension+Diabetes,Audio,21,Yes,No,Yes,30,35.5,Urdu,Good,Completed
TC0002816,TEP0002158,Lakshmi Mudiraj,F,53,9692791983,Nakreka,Nakrekal,Nalgonda,2026-04-28,FAC017,Cough,Hypertension,Video,18,Yes,No,Yes,21,36.5,Urdu,Fair,Completed
TC0002817,TEP0002159,Nirmala Goud,F,69,,Mogudampall,Zaheerabad,Sangareddy,2026-07-30,FAC022,Fever,Other,Assisted video,14,No,No,Yes,14,13.2,Telugu,Poor,Completed
TC0002818,TEP0002160,Divya Laxman,F,31,9728647225,Kangti,Narayankhed,Sangareddy,2026-02-24,FAC021,Fever,Fever/Infection,Assisted video,11,Yes,Yes,No,,27.8,Telugu,Poor,Completed
TC0002819,TEP0002160,Divya Laxman,F,32,9728647225,Kangti,Narayankhed,Sangareddy,2026-07-15,FAC020,Dizziness,Musculoskeletal,Video,15,Yes,Yes,Yes,21,11.9,Telugu,Good,Completed
TC0002820,TEP0002161,Shobha Naeek,F,41,+91-95496-26825,Kohir,Zaheerabad,Sangareddy,2026-06-19,FAC023,Dizziness,Hypertension,Audio,9,Yes,No,No,,15.7,Telugu,Good,Completed
TC0002821,TEP0002162,Sushma Reddy,F,47,9878489631,Kalher,Narayankhed,Sangareddy,2026-06-30,FAC019,Headache,Hypertension+Diabetes,Video,7,Yes,Yes,Yes,7,24.9,Telugu,Good,Completed
TC0002822,TEP0002163,Srinivs Kumar,M,35,9982572079,Devarakonda,Devarakonda,Nalgonda,2026-05-16,FAC011,Skin complaint,Musculoskeletal,Assisted video,12,Yes,No,Yes,21,29.2,Telugu,Fair,Completed
TC0002823,TEP0002164,Rajesh Naik,M,50,9011999258,Zaheerabad,Zaheerabad,Sangareddy,2026-08-15,FAC022,Dizziness,Gastrointestinal,Video,7,No,No,No,,25.3,Telugu,Good,Completed
TC0002824,TEP0002165,Kavitha Devi,F,66,9993675885,Donur,Midjil,Mahabubnagar,2026-06-20,FAC007,Fever,Hypertension,Audio,13,Yes,Yes,No,,23.7,Telugu,Poor,Completed
TC0002825,TEP0002165,Kavitha Devi,F,66,+91-99936-75885,Donur,Midjil,Mahabubnagar,2026-07-18,FAC009,Cough,Hypertension,Video,11,Yes,No,No,,14.1,Telugu,Fair,Completed
TC0002826,TEP0002166,Shobh Reddy,F,42,9687330447,Patancheru,Patancheru,Sangareddy,2026-06-13,FAC027,Dizziness,Hypertension,Video,8,Yes,Yes,Yes,30,36.3,Telugu,Good,Completed
TC0002827,TEP0002167,Suresh Naik,M,68,9947204895,Mogudampalli,Zaheerabad,Sangareddy,2026-06-04,FAC022,Routine NCD review,Other,Assisted video,10,Yes,Yes,Yes,30,13.2,Telugu,Good,Completed
TC0002828,TEP0002167,Suresh Naik,M,64,9947204895,Mogudampally,Zaheerabad,Sangareddy,2026-07-31,FAC022,Routine NCD review,Diabetes,Assisted video,21,Yes,Yes,Yes,30,13.2,Telugu,Fair,Completed
TC0002829,TEP0002168,Rajesh Jangam,M,44,9954275248,Ameenpur,Patancheru,Sangareddy,2026-07-01,FAC026,Abdominal discomfort,Diabetes,Assisted video,17,Yes,Yes,No,,9.7,Telugu,Poor,Completed
TC0002830,TEP0002169,Naveen Rao,M,32,9302334537,Kummarikunta,Chandur,Nalgonda,2026-05-08,FAC013,Skin complaint,Other,Assisted video,23,Yes,Yes,No,,6.5,English,Good,Completed
TC0002831,TEP0002170,Mohan Kumar,M,40,9407059731,Indresham,Patancheru,Sangareddy,2026-04-14,FAC025,Body pain,Hypertension+Diabetes,Video,13,Yes,Yes,No,,19.2,Telugu,Poor,Completed
TC0002832,TEP0002171,Swathi Chary,F,42,,BHANUR,Patancheru,Sangareddy,2026-02-12,FAC025,Abdominal discomfort,Diabetes,Audio,18,Yes,No,Yes,21,18.7,Telugu,Poor,Completed
TC0002833,TEP0002172,Deepika Reddy,F,29,9424502629,Midjil,Midjil,Mahabubnagar,2026-03-20,FAC009,Fever,Other,Video,24,Yes,Yes,Yes,30,19.5,Telugu,Poor,Completed
TC0002834,TEP0002173,Mohan Rao,M,33,9050161170,Mangalapalli,Nakrekal,Nalgonda,2026-04-04,FAC017,Cough,Other,Assisted video,8,Yes,No,Yes,21,21.1,Telugu,Poor,Completed
TC0002835,TEP0002173,Mohan Rao,M,31,,Mangalapalli,Nakrekal,Nalgonda,2026-04-26,FAC016,Dizziness,Dermatology,Assisted video,22,Yes,Yes,Yes,21,4.1,Telugu,Poor,Completed
TC0002836,TEP0002174,Vinod Yadav,M,45,9888082691,Macharam,Jadcherla,Mahabubnagar,2026-06-15,FAC002,Body pain,Diabetes,Audio,13,Yes,No,Yes,30,29.4,Telugu,Good,Completed
TC0002837,TEP0002175,Venkatesh Mudiraj,M,75,9263128856,Gundlapally,Devarakonda,Nalgonda,2026-07-04,FAC010,Dizziness,Hypertension,Video,12,Yes,No,No,,26.3,Telugu,Good,Completed
TC0002838,TEP0002176,Sai Yadav,M,37,9160215456,Midjil,Midjil,Mahabubnagar,2026-02-22,FAC007,Dizziness,Respiratory,Assisted video,20,Yes,No,Yes,14,7.6,Telugu,Poor,Completed
TC0002839,TEP0002176,Sai Yadav,M,36,9160215456,Midjil,Midjil,Mahabubnagar,2026-05-31,FAC009,Body pain,Fever/Infection,Audio,18,Yes,Yes,No,,19.5,Telugu,Fair,Completed
TC0002840,TEP0002177,Venkatesh Chary,M,54,9944735558,Devarakonda,Devarakonda,Nalgonda,2026-02-21,FAC010,Dizziness,Musculoskeletal,Assisted video,14,Yes,Yes,Yes,14,22.8,Telugu,Poor,Completed
TC0002841,TEP0002178,Kavitha Begum,F,56,,Donur,Midjil,Mahabubnagar,2026-03-28,FAC009,Abdominal discomfort,Other,Video,19,No,No,Yes,21,14.1,Telugu,Good,Completed
TC0002842,TEP0002178,Kavitha Begum,F,56,9854888561,Donur,Midjil,Mahabubnagar,2026-04-09,FAC008,Cough,Musculoskeletal,Audio,12,No,Yes,No,,9.4,Telugu,Fair,Completed
TC0002843,TEP0002178,Kavitha,F,60,9854888561,Donur,Midjil,Mahabubnagar,2026-05-06,FAC007,Dizziness,Respiratory,Video,11,No,No,No,,23.7,Telugu,Fair,Completed
TC0002844,TEP0002179,Lakshmi,F,26,9985678594,Kallepally,Balanagar,Mahabubnagar,2026-04-26,FAC005,Fever,Musculoskeletal,Assisted video,24,Yes,No,Yes,30,26.2,Telugu,Good,Completed
TC0002845,TEP0002179,Lakshmi Rao,F,28,9985678594,Kallepally,Balanagar,Mahabubnagar,2026-08-14,FAC004,Cough,Fever/Infection,Assisted video,19,Yes,No,Yes,7,26.4,Telugu,Good,Completed
TC0002846,TEP0002180,Srinivas Shekar,M,37,9889613563,Kummarikunt,Chandur,Nalgonda,2026-05-13,FAC015,Dizziness,Other,Video,11,Yes,No,Yes,30,26.6,Telugu,Poor,Completed
TC0002847,TEP0002181,Lakshmi Goud,F,65,9500435078,Zaheerabad,Zaheerabad,Sangareddy,2026-05-24,FAC022,Abdominal discomfort,Musculoskeletal,Audio,14,Yes,No,Yes,30,25.3,Telugu,Good,Completed
TC0002848,TEP0002182,Naveen Chary,M,56,9217359434,Manoor,Narayankhed,Sangareddy,2026-03-02,FAC021,Skin complaint,Hypertension,Assisted video,17,Yes,No,Yes,30,15.5,Telugu,Good,Completed
TC0002849,TEP0002182,Naveen Chary,M,55,9217359434,MANOOR,Narayankhed,Sangareddy,2026-04-22,FAC021,Body pain,Hypertension,Assisted video,8,Yes,Yes,Yes,14,15.5,Telugu,Poor,Completed
TC0002850,TEP0002183,Saritha Devi,F,56,,Nermata,Chandur,Nalgonda,2026-07-21,FAC014,Abdominal discomfort,Hypertension,Video,15,No,Yes,Yes,14,19.2,Telugu,Fair,Completed
TC0002851,TEP0002184,Rajesh Basha,M,62,,Kummarikunta,Chandur,Nalgonda,2026-04-07,FAC013,Dizziness,Other,Video,11,Yes,No,Yes,14,6.5,Telugu,Poor,Completed
TC0002852,TEP0002185,Deepika Das,F,39,+91-97129-44110,Velpula,Midjil,Mahabubnagar,2026-01-24,FAC007,Abdominal discomfort,Diabetes,Assisted video,15,Yes,No,No,,17.9,Telugu,Fair,Completed
TC0002853,TEP0002186,Deepik Reddy,F,18,9717344458,Bodajanampet,Balanagar,Mahabubnagar,2026-03-12,FAC006,Fever,Other,Audio,19,Yes,Yes,Yes,30,33.3,English,Poor,Completed
TC0002854,TEP0002186,Deepika Reddy,F,18,9717244458,Bodajanampe,Balanagar,Mahabubnagar,2026-05-04,FAC005,Fever,Respiratory,Audio,12,Yes,No,Yes,30,26.6,English,Poor,Completed
TC0002855,TEP0002187,Harika Mudiraj,F,44,9809848577,Donur,Midjil,Mahabubnagar,2026-03-20,FAC007,Dizziness,Fever/Infection,Video,10,No,Yes,Yes,21,23.7,Telugu,Good,Completed
TC0002856,TEP0002187,Harika Mudiraj,F,44,9809848577,Donur,Midjil,Mahabubnagar,2026-04-01,FAC009,Abdominal discomfort,Respiratory,Assisted video,24,Yes,Yes,Yes,30,14.1,Telugu,Poor,Completed
TC0002857,TEP0002188,Mahesh Reddy,M,32,9961542699,Bodajanampet,Balanagar,Mahabubnagar,2026-01-17,FAC005,Cough,Hypertension+Diabetes,Video,15,Yes,Yes,Yes,21,26.6,Urdu,Good,Completed
TC0002858,TEP0002189,Deepika Kumar,F,37,,Velpula,Midjil,Mahabubnagar,2026-08-01,FAC008,Headache,Other,Assisted video,10,Yes,Yes,Yes,21,12.6,Telugu,Fair,Completed
TC0002859,TEP0002190,Renuka Laxman,F,51,9285008766,Manoor,Narayankhed,Sangareddy,2026-06-14,FAC021,Routine NCD review,Fever/Infection,Video,9,Yes,Yes,Yes,21,15.5,Telugu,Fair,Completed
TC0002860,TEP0002191,Anjali Krishna,F,48,9651485845,Kangti,Narayankhed,Sangareddy,2026-02-04,FAC021,Headache,Other,Assisted video,10,Yes,No,Yes,14,27.8,Telugu,Poor,Completed
TC0002861,TEP0002192,Swathi Basha,F,41,9311980781,Mangalapally,Nakrekal,Nalgonda,2026-06-10,FAC018,Abdominal discomfort,Respiratory,Assisted video,22,Yes,No,No,,35.0,Telugu,Fair,Completed
TC0002862,TEP0002193,Bhavani Khan,F,43,9393461754,Kalher,Narayankhed,Sangareddy,2026-04-14,FAC021,Abdominal discomfort,Dermatology,Assisted video,19,Yes,No,Yes,14,22.9,Urdu,Fair,Completed
TC0002863,TEP0002193,Bhavani Khan,F,43,,Kalher,Narayankhed,Sangareddy,2026-06-04,FAC021,Skin complaint,Other,Audio,18,Yes,No,Yes,14,22.9,Urdu,Poor,Completed
TC0002864,TEP0002193,Bhavani Khan,F,43,9393461754,Kalher,Narayankhed,Sangareddy,2026-06-28,FAC020,Cough,Dermatology,Audio,17,No,No,No,,29.6,Urdu,Good,Completed
TC0002865,TEP0002194,Kavitha Das,F,60,9236994702,KALHER,Narayankhed,Sangareddy,2026-02-02,FAC021,Dizziness,Other,Video,7,No,Yes,Yes,21,22.9,Telugu,Poor,Completed
TC0002866,TEP0002194,Kavitha Das,F,62,9236194702,Kalher,Narayankhed,Sangareddy,2026-04-19,FAC020,Headache,Fever/Infection,Audio,11,Yes,Yes,Yes,30,29.6,Telugu,Good,Completed
TC0002867,TEP0002195,Bhavani Yadav,F,46,9507391769,Nakrekal,Nakrekal,Nalgonda,2026-04-25,FAC016,Skin complaint,Fever/Infection,Audio,13,Yes,Yes,No,,35.5,Telugu,Poor,Completed
TC0002868,TEP0002196,Santosh Goud,M,72,9947934597,Nomula,Nakrekal,Nalgonda,2026-03-05,FAC017,Routine NCD review,Hypertension,Video,24,No,No,Yes,7,29.9,Telugu,Fair,Completed
TC0002869,TEP0002197,Rawi Rao,M,19,9480763119,Manoor,Narayankhed,Sangareddy,2026-07-16,FAC019,Cough,Respiratory,Assisted video,24,Yes,No,No,,33.3,Telugu,Poor,Completed
TC0002870,TEP0002198,Lalitha Das,F,47,,Gundlapally,Devarakonda,Nalgonda,2026-01-27,FAC010,Routine NCD review,Diabetes,Assisted video,21,Yes,No,No,,26.3,Telugu,Fair,Completed
TC0002871,TEP0002199,Shobha Rao,F,55,9583574170,Devarakonda,Devarakonda,Nalgonda,2026-02-24,FAC012,Headache,Hypertension,Assisted video,19,Yes,No,Yes,21,22.1,Telugu,Good,Completed
TC0002872,TEP0002200,Mounika Yadav,F,88,+91-93866-25510,Balanagar,Balanagar,Mahabubnagar,2026-02-25,FAC005,Headache,Fever/Infection,Assisted video,7,Yes,Yes,Yes,21,10.4,Telugu,Good,Completed
TC0002873,TEP0002201,Srilatha Narsimha,F,58,9222634778,Narayankhed,Narayankhed,Sangareddy,2026-03-08,FAC019,Headache,Diabetes,Assisted video,18,Yes,Yes,No,,28.2,Urdu,Fair,Completed
TC0002874,TEP0002202,Deepeeka Mudiraj,F,21,9145891442,Devarakonda,Devarakonda,Nalgonda,2026-02-04,FAC012,Abdominal discomfort,Diabetes,Assisted video,21,No,Yes,Yes,14,22.1,Telugu,Fair,Completed
TC0002875,TEP0002203,Kawitha Reddy,F,64,9977186041,Nermata,Chandur,Nalgonda,2026-04-27,FAC014,Fever,Hypertension+Diabetes,Video,8,Yes,No,Yes,30,19.2,Telugu,Fair,Completed
TC0002876,TEP0002203,Kavitha Reddy,F,62,9977186041,NERMATA,Chandur,Nalgonda,2026-05-09,FAC014,Headache,Hypertension+Diabetes,Audio,9,Yes,No,No,,19.2,Telugu,Fair,Completed
TC0002877,TEP0002204,Mhesh Shekar,M,50,,Gundlapally,Devarakonda,Nalgonda,2026-06-14,FAC012,Cough,Gastrointestinal,Assisted video,11,Yes,No,No,,25.4,Telugu,Good,Completed
TC0002878,TEP0002204,Mahesh Shekar,M,50,9603651598,Gundlapally,Devarakonda,Nalgonda,2026-07-07,FAC012,Cough,Other,Assisted video,17,No,Yes,No,,25.4,Telugu,Good,Completed
TC0002879,TEP0002205,Rajesh Jangam,M,33,9344008328,Badepally,Jadcherla,Mahabubnagar,2026-06-13,FAC003,Abdominal discomfort,Diabetes,Video,18,Yes,Yes,Yes,14,5.1,Telugu,Fair,Completed
TC0002880,TEP0002205,Rajesh Jangam,M,32,9344008328,Badepally,Jadcherla,Mahabubnagar,2026-08-08,FAC003,Routine NCD review,Diabetes,Video,18,No,Yes,No,,5.1,Telugu,Fair,Completed
TC0002881,TEP0002206,Lalitha Yadav,F,47,9807999725,Bangarigadda,Chandur,Nalgonda,2026-02-27,FAC015,Routine NCD review,Hypertension,Video,18,Yes,No,Yes,21,18.0,Telugu,Fair,Completed
TC0002882,TEP0002207,Mounika Krishna,F,43,9157942153,Rajapur,Balanagar,Mahabubnagar,2026-03-15,FAC004,Skin complaint,Hypertension,Assisted video,17,Yes,No,No,,13.9,Telugu,Fair,Completed
TC0002883,TEP0002208,Sushma Yadav,F,29,9217097800,Narayankhed,Narayankhed,Sangareddy,2026-06-17,FAC021,Dizziness,Fever/Infection,Audio,16,Yes,No,Yes,14,7.0,Telugu,Good,Completed
TC0002884,TEP0002209,Anil Das,M,40,,Vemula,Midjil,Mahabubnagar,2026-07-06,FAC009,Cough,Hypertension,Assisted video,13,Yes,Yes,Yes,21,7.3,Telugu,Poor,Completed
TC0002885,TEP0002210,Mohan Reddy,M,46,9124500517,Ameenpur,Patancheru,Sangareddy,2026-08-08,FAC027,Abdominal discomfort,Fever/Infection,Audio,17,Yes,Yes,Yes,7,27.9,Telugu,Good,Completed
TC0002886,TEP0002211,Saritha Yadav,F,37,9773951420,Mogudampally,Zaheerabad,Sangareddy,2026-08-13,FAC023,Routine NCD review,Hypertension+Diabetes,Video,21,Yes,No,Yes,21,22.3,Telugu,Good,Completed
TC0002887,TEP0002212,Ravi Goud,M,35,9767133673,Bangarigadda,Chandur,Nalgonda,2026-06-01,FAC015,Abdominal discomfort,Musculoskeletal,Video,16,Yes,No,Yes,30,18.0,Urdu,Poor,Completed
TC0002888,TEP0002213,Arun Mallaiah,M,22,9144126529,Marrur,Nakrekal,Nalgonda,2026-04-15,FAC018,Fever,Dermatology,Audio,10,Yes,No,No,,6.7,Telugu,Good,Completed
TC0002889,TEP0002214,Mounika Yadav,F,46,9948983623,Midjil,Midjil,Mahabubnagar,2026-02-09,FAC009,Skin complaint,Hypertension,Audio,24,Yes,Yes,Yes,14,19.5,Telugu,Fair,Completed
TC0002890,TEP0002214,Mounika Yadav,F,48,9948983623,Midjil,Midjil,Mahabubnagar,2026-03-27,FAC009,Headache,Fever/Infection,Audio,21,Yes,Yes,Yes,21,19.5,Telugu,Fair,Completed
TC0002891,TEP0002214,Mounika Yadav,F,44,+91-99489-83623,Midjil,Midjil,Mahabubnagar,2026-06-22,FAC007,Cough,Other,Assisted video,19,Yes,Yes,Yes,30,7.6,Telugu,Poor,Completed
TC0002892,TEP0002215,Raju Jangam,M,44,,Kallepally,Balanagar,Mahabubnagar,2026-01-07,FAC004,Abdominal discomfort,Gastrointestinal,Video,21,Yes,Yes,Yes,14,26.4,Telugu,Fair,Completed
TC0002893,TEP0002216,Mounika Shekar,F,46,9853094517,Indresham,Patancheru,Sangareddy,2026-07-03,FAC026,Body pain,Hypertension,Video,20,No,Yes,No,,11.5,Telugu,Fair,Completed
TC0002894,TEP0002217,Deepika Rao,F,50,9294334840,Donur,Midjil,Mahabubnagar,2026-02-12,FAC009,Skin complaint,Fever/Infection,Audio,9,No,No,Yes,21,14.1,Urdu,Good,Completed
TC0002895,TEP0002218,Bhavani Das,F,57,9154814883,Bhanur,Patancheru,Sangareddy,2026-02-05,FAC025,Headache,Other,Audio,10,Yes,Yes,No,,18.7,Telugu,Good,Completed
TC0002896,TEP0002218,Bhavani,F,56,,Bhanur,Patancheru,Sangareddy,2026-04-28,FAC025,Abdominal discomfort,Fever/Infection,Audio,17,Yes,Yes,Yes,30,18.7,Telugu,Fair,Completed
TC0002897,TEP0002218,Bhavani Das,F,55,9154814883,Bhanur,Patancheru,Sangareddy,2026-07-04,FAC025,Cough,Fever/Infection,Audio,7,Yes,Yes,Yes,21,18.7,Telugu,Fair,Completed
TC0002898,TEP0002219,Arun Devi,M,77,9857115105,Kalher,Narayankhed,Sangareddy,2026-01-22,FAC020,Abdominal discomfort,Diabetes,Assisted video,14,Yes,Yes,Yes,14,29.6,Telugu,Fair,Completed
TC0002899,TEP0002220,Bhawani Chary,F,36,9935218395,Kalher,Narayankhed,Sangareddy,2026-05-25,FAC019,Abdominal discomfort,Hypertension,Audio,16,Yes,No,Yes,21,24.9,Telugu,Good,Completed
TC0002900,TEP0002220,Bhavani Chary,F,33,,Kalher,Narayankhed,Sangareddy,2026-07-13,FAC021,Body pain,Hypertension,Assisted video,13,Yes,No,Yes,14,22.9,Telugu,Fair,Completed
TC0002901,TEP0002221,Vinod Mallaiah,M,48,+91-98291-70319,Bangarigadda,Chandur,Nalgonda,2026-07-16,FAC013,Headache,Musculoskeletal,Audio,12,Yes,Yes,Yes,14,16.9,Telugu,Good,Completed
TC0002902,TEP0002222,Srilatha Goud,F,40,9996962138,Mogudampalli,Zaheerabad,Sangareddy,2026-04-25,FAC022,Dizziness,Dermatology,Assisted video,11,No,Yes,Yes,30,13.2,Telugu,Poor,Completed
TC0002903,TEP0002222,Srilatha Goud,F,38,9998962138,Mogudampally,Zaheerabad,Sangareddy,2026-06-01,FAC023,Fever,Fever/Infection,Video,9,Yes,Yes,Yes,30,22.3,Telugu,Fair,Completed
TC0002904,TEP0002223,Venkatesh Laxman,M,38,9452042903,Kohir,Zaheerabad,Sangareddy,2026-02-11,FAC024,Routine NCD review,Gastrointestinal,Video,18,Yes,No,Yes,21,6.4,Telugu,Fair,Completed
TC0002905,TEP0002223,Venkatesh Laxman,M,38,9452042903,Kohir,Zaheerabad,Sangareddy,2026-07-20,FAC024,Abdominal discomfort,Gastrointestinal,Audio,16,No,No,Yes,14,6.4,Telugu,Fair,Completed
TC0002906,TEP0002224,Anil Jangam,M,25,9035563110,GANGAPUR,Jadcherla,Mahabubnagar,2026-06-14,FAC001,Routine NCD review,Hypertension,Assisted video,19,Yes,Yes,No,,20.2,Telugu,Poor,Completed
TC0002907,TEP0002225,Ramesh Rao,M,76,9082097382,Badepally,Jadcherla,Mahabubnagar,2026-03-02,FAC003,Cough,Other,Audio,11,Yes,No,No,,5.1,Telugu,Fair,Completed
TC0002908,TEP0002226,Harika Krishna,F,70,9732672694,Mangalapally,Nakrekal,Nalgonda,2026-04-03,FAC017,Routine NCD review,Respiratory,Assisted video,18,Yes,Yes,No,,21.1,Telugu,Good,Completed
TC0002909,TEP0002227,Ravi Rao,M,59,9140401787,Kohir,Zaheerabad,Sangareddy,2026-05-08,FAC023,Fever,Hypertension+Diabetes,Video,22,Yes,Yes,Yes,30,15.7,Telugu,Good,Completed
TC0002910,TEP0002227,Ravi Rao,M,61,9140401787,Kohir,Zaheerabad,Sangareddy,2026-07-17,FAC022,Cough,Hypertension+Diabetes,Assisted video,15,Yes,No,Yes,7,3.6,Telugu,Poor,Completed
TC0002911,TEP0002228,Shankar Das,M,46,9962516112,Kondamallepally,Devarakonda,Nalgonda,2026-05-08,FAC012,Fever,Diabetes,Assisted video,11,No,Yes,Yes,21,19.6,Telugu,Poor,Completed
TC0002912,TEP0002229,Mounika Das,F,43,9698671479,Kallepally,Balanagar,Mahabubnagar,2026-04-17,FAC006,Cough,Diabetes,Audio,24,Yes,No,Yes,7,35.4,Telugu,Good,Completed
TC0002913,TEP0002229,Mounika Das,F,43,+91-96986-71479,Kallepally,Balanagar,Mahabubnagar,2026-05-29,FAC005,Fever,Diabetes,Assisted video,12,Yes,No,Yes,14,26.2,Telugu,Good,Completed
TC0002914,TEP0002230,Dipika Reddy,F,41,+91-99028-23662,Bodajanampet,Balanagar,Mahabubnagar,2026-01-24,FAC006,Cough,Hypertension,Assisted video,11,No,No,Yes,14,33.3,Telugu,Fair,Completed
TC0002915,TEP0002231,Shobha Naik,F,46,9463853681,Kummarikunta,Chandur,Nalgonda,2026-04-27,FAC013,Body pain,Dermatology,Video,18,No,No,No,,6.5,Telugu,Fair,Completed
TC0002916,TEP0002231,Shobha Naik,F,44,9463853681,Kummarikunta,Chandur,Nalgonda,2026-05-21,FAC013,Cough,Respiratory,Video,17,Yes,No,Yes,14,6.5,Telugu,Good,Completed
TC0002917,TEP0002232,Anjali Khan,F,61,9232830613,Chandur,Chandur,Nalgonda,2026-01-11,FAC013,Body pain,Other,Video,23,Yes,Yes,Yes,7,21.3,Telugu,Poor,Completed
TC0002918,TEP0002233,Saritha Reddy,F,39,,Narayankhed,Narayankhed,Sangareddy,2026-05-20,FAC019,Abdominal discomfort,Diabetes,Audio,10,No,No,No,,28.2,Telugu,Fair,Completed
TC0002919,TEP0002234,Rani Goud,F,57,9320555282,Kalher,Narayankhed,Sangareddy,2026-08-07,FAC019,Headache,Respiratory,Video,15,Yes,No,Yes,30,24.9,Telugu,Good,Completed
TC0002920,TEP0002235,Praveen Goud,M,38,9399049202,MANOOR,Narayankhed,Sangareddy,2026-06-15,FAC019,Dizziness,Fever/Infection,Audio,24,Yes,Yes,Yes,21,33.3,Telugu,Fair,Completed
TC0002921,TEP0002235,Praveen Goud,M,40,9399049202,Manoor,Narayankhed,Sangareddy,2026-07-22,FAC021,Skin complaint,Musculoskeletal,Video,24,No,No,Yes,30,15.5,Telugu,Good,Completed
TC0002922,TEP0002236,Ravi Patel,M,41,9734523695,Kallepally,Balanagar,Mahabubnagar,2026-05-04,FAC006,Headache,Dermatology,Video,18,Yes,No,Yes,30,35.4,Telugu,Poor,Completed
TC0002923,TEP0002236,Ravi Patel,M,40,9734523695,Kallepally,Balanagar,Mahabubnagar,2026-06-24,FAC004,Routine NCD review,Diabetes,Assisted video,18,Yes,No,Yes,14,26.4,Telugu,Good,Completed
TC0002924,TEP0002237,Sreenivas Narsimha,M,54,9367721367,Narayankhed,Narayankhed,Sangareddy,2026-05-21,FAC021,Routine NCD review,Diabetes,Assisted video,18,Yes,No,Yes,14,7.0,Telugu,Fair,Completed
TC0002925,TEP0002238,Santosh Begum,M,48,9676984357,Vemul,Midjil,Mahabubnagar,2026-06-28,FAC007,Skin complaint,Other,Video,22,Yes,No,Yes,30,25.7,Telugu,Good,Completed
TC0002926,TEP0002239,Srinivas Devi,M,25,9511487703,Balanaga,Balanagar,Mahabubnagar,2026-07-05,FAC005,Skin complaint,Musculoskeletal,Video,12,Yes,No,Yes,7,10.4,Urdu,Fair,Completed
TC0002927,TEP0002240,Kiran Patel,M,51,9542491781,Badepally,Jadcherla,Mahabubnagar,2026-06-13,FAC003,Abdominal discomfort,Hypertension,Video,14,Yes,No,No,,5.1,Telugu,Good,Completed
TC0002928,TEP0002240,Kiran Patel,M,49,9545491781,Badepally,Jadcherla,Mahabubnagar,2026-07-24,FAC003,Skin complaint,Fever/Infection,Audio,24,Yes,No,Yes,7,5.1,Telugu,Poor,Completed
TC0002929,TEP0002241,Harika Reddy,F,52,9146287548,Kangti,Narayankhed,Sangareddy,2026-05-19,FAC021,Dizziness,Musculoskeletal,Video,11,No,Yes,Yes,14,27.8,Telugu,Good,Completed
TC0002930,TEP0002242,Padma Krishna,F,37,+91-93804-52656,Kondamallepally,Devarakonda,Nalgonda,2026-03-08,FAC010,Abdominal discomfort,Fever/Infection,Video,19,Yes,No,No,,20.0,Telugu,Poor,Completed
TC0002931,TEP0002243,Rajesh Das,M,30,9513322388,Mogudampally,Zaheerabad,Sangareddy,2026-07-17,FAC023,Headache,Other,Video,14,No,No,No,,22.3,Telugu,Good,Completed
TC0002932,TEP0002244,Anil Chary,M,60,+91-93391-80808,Bodajanampet,Balanagar,Mahabubnagar,2026-03-27,FAC004,Cough,Musculoskeletal,Assisted video,17,No,No,No,,27.6,Telugu,Poor,Completed
TC0002933,TEP0002244,Anil Chary,M,60,9339180808,Bodajanampet,Balanagar,Mahabubnagar,2026-04-06,FAC005,Body pain,Dermatology,Assisted video,11,Yes,No,Yes,7,26.6,Telugu,Fair,Completed
TC0002934,TEP0002244,Anil Chary,M,62,+91-93391-80808,Bodajanampet,Balanagar,Mahabubnagar,2026-04-20,FAC005,Abdominal discomfort,Gastrointestinal,Assisted video,14,Yes,No,Yes,14,26.6,Telugu,Poor,Completed
TC0002935,TEP0002245,Srilatha Naik,F,87,9593616818,Devarakond,Devarakonda,Nalgonda,2026-01-03,FAC010,Cough,Hypertension+Diabetes,Assisted video,9,Yes,No,Yes,7,22.8,Telugu,Good,Completed
TC0002936,TEP0002246,Anil,M,50,9179583618,Velpula,Midjil,Mahabubnagar,2026-01-26,FAC009,Routine NCD review,Musculoskeletal,Audio,23,Yes,No,Yes,14,4.2,Telugu,Poor,Completed
TC0002937,TEP0002247,Nares Reddy,M,49,9652879128,Indresham,Patancheru,Sangareddy,2026-03-22,FAC026,Abdominal discomfort,Gastrointestinal,Assisted video,11,No,No,Yes,14,11.5,English,Poor,Completed
TC0002938,TEP0002248,Shankar Mallaiah,M,66,9909174526,Devarakonda,Devarakonda,Nalgonda,2026-05-15,FAC012,Routine NCD review,Hypertension+Diabetes,Audio,14,No,No,Yes,21,22.1,Telugu,Good,Completed
TC0002939,TEP0002249,Saritha Yadaw,F,31,9173706345,Macharam,Jadcherla,Mahabubnagar,2026-02-13,FAC003,Headache,Dermatology,Video,7,No,No,Yes,7,12.8,Telugu,Poor,Completed
TC0002940,TEP0002250,Sushma Jangam,F,67,9712644486,KONDAMALLEPALLY,Devarakonda,Nalgonda,2026-04-06,FAC010,Body pain,Other,Audio,14,Yes,Yes,Yes,30,20.0,Telugu,Poor,Completed
TC0002941,TEP0002251,Sai Rao,M,53,+91-94054-01261,Polepally,Jadcherla,Mahabubnagar,2026-05-10,FAC003,Fever,Diabetes,Audio,10,No,No,Yes,30,21.0,Telugu,Good,Completed
TC0002942,TEP0002251,Sai Rao,M,51,9405401261,Polepalli,Jadcherla,Mahabubnagar,2026-06-27,FAC001,Dizziness,Diabetes,Video,16,Yes,No,Yes,14,25.4,Telugu,Fair,Completed
TC0002943,TEP0002252,Kavitha Chary,F,68,9447091602,Vemula,Midjil,Mahabubnagar,2026-04-07,FAC008,Body pain,Other,Assisted video,18,Yes,No,No,,22.2,Telugu,Fair,Completed
TC0002944,TEP0002252,Kavitha,F,68,+91-94470-91602,Vemul,Midjil,Mahabubnagar,2026-05-27,FAC008,Body pain,Respiratory,Video,22,Yes,No,Yes,7,22.2,Telugu,Good,Completed
TC0002945,TEP0002253,Harika Yadav,F,55,9969702732,Kangti,Narayankhed,Sangareddy,2026-05-21,FAC019,Abdominal discomfort,Other,Video,16,Yes,No,No,,20.3,Telugu,Good,Completed
TC0002946,TEP0002253,Harika Yadav,F,54,9969702732,Kangti,Narayankhed,Sangareddy,2026-06-23,FAC020,Skin complaint,Diabetes,Assisted video,10,Yes,Yes,Yes,21,11.9,Telugu,Good,Completed
TC0002947,TEP0002254,Sai Mallaiah,M,49,+91-92656-56351,Ameenpur,Patancheru,Sangareddy,2026-06-06,FAC027,Abdominal discomfort,Other,Video,17,No,Yes,No,,27.9,Urdu,Poor,Completed
TC0002948,TEP0002254,Sai Mallaiah,M,46,9265659351,Ameenpur,Patancheru,Sangareddy,2026-08-04,FAC026,Headache,Dermatology,Audio,10,No,No,No,,9.7,Urdu,Poor,Completed
TC0002949,TEP0002255,Naresh Devi,M,18,9016666177,Nomula,Nakrekal,Nalgonda,2026-07-11,FAC017,Abdominal discomfort,Hypertension,Assisted video,22,Yes,Yes,No,,29.9,Telugu,Fair,Completed
TC0002950,TEP0002256,Sushma Rao,F,30,+91-91383-12577,Polepally,Jadcherla,Mahabubnagar,2026-04-23,FAC001,Body pain,Musculoskeletal,Assisted video,17,No,No,No,,25.4,Telugu,Poor,Completed
TC0002951,TEP0002256,Sushma Rao,F,31,,Polepally,Jadcherla,Mahabubnagar,2026-07-25,FAC001,Cough,Musculoskeletal,Assisted video,24,Yes,No,Yes,7,25.4,Telugu,Good,Completed
TC0002952,TEP0002257,Naveen Basha,M,35,9209949164,Marrur,Nakrekal,Nalgonda,2026-05-24,FAC016,Body pain,Diabetes,Video,24,No,No,Yes,7,36.5,Telugu,Good,Completed
TC0002953,TEP0002258,Vinod Kumar,M,47,9664635297,Patancheru,Patancheru,Sangareddy,2026-01-15,FAC027,Abdominal discomfort,Diabetes,Video,20,Yes,No,Yes,7,36.3,Urdu,Fair,Completed
TC0002954,TEP0002259,Lalitha,F,37,+91-94894-95301,Velpula,Midjil,Mahabubnagar,2026-07-12,FAC008,Fever,Hypertension,Video,15,Yes,Yes,Yes,21,12.6,English,Poor,Completed
TC0002955,TEP0002260,Rajesh Shekar,M,40,9014213441,Kallepally,Balanagar,Mahabubnagar,2026-03-05,FAC005,Fever,Hypertension,Video,11,Yes,No,Yes,21,26.2,Urdu,Good,Completed
TC0002956,TEP0002261,Suresh Mallaiah,M,39,9446634272,Mangalapally,Nakrekal,Nalgonda,2026-02-20,FAC017,Dizziness,Hypertension,Audio,8,Yes,Yes,Yes,21,21.1,Telugu,Good,Completed
TC0002957,TEP0002262,Mahesh Jangam,M,42,9250438086,Kalher,Narayankhed,Sangareddy,2026-02-20,FAC021,Routine NCD review,Diabetes,Video,20,No,Yes,No,,22.9,Telugu,Fair,Completed
TC0002958,TEP0002263,Renuka Basha,F,63,9658411067,Patancheru,Patancheru,Sangareddy,2026-06-21,FAC025,Dizziness,Hypertension+Diabetes,Assisted video,22,Yes,Yes,Yes,7,25.4,Urdu,Good,Completed
TC0002959,TEP0002264,Bhavani Mudiraj,F,45,9236935024,Badepally,Jadcherla,Mahabubnagar,2026-07-23,FAC001,Routine NCD review,Fever/Infection,Video,13,Yes,No,Yes,21,11.4,Urdu,Good,Completed
TC0002960,TEP0002265,Mahesh Patel,M,38,,Midjil,Midjil,Mahabubnagar,2026-02-27,FAC008,Dizziness,Musculoskeletal,Video,7,Yes,Yes,Yes,14,11.3,Telugu,Fair,Completed
TC0002961,TEP0002265,Mahesh Patel,M,39,9696866320,Midjil,Midjil,Mahabubnagar,2026-03-19,FAC009,Routine NCD review,Hypertension,Video,23,Yes,Yes,No,,19.5,Telugu,Poor,Completed
TC0002962,TEP0002266,Sai Reddy,M,46,9299402677,Bangarigadda,Chandur,Nalgonda,2026-05-28,FAC014,Routine NCD review,Hypertension,Audio,19,Yes,Yes,Yes,21,17.6,Telugu,Poor,Completed
TC0002963,TEP0002267,Suresh Khan,M,65,9601131983,Kallepally,Balanagar,Mahabubnagar,2026-01-21,FAC005,Dizziness,Hypertension,Assisted video,9,Yes,No,Yes,21,26.2,Telugu,Fair,Completed
TC0002964,TEP0002268,Sures Rao,M,38,9861412860,NOMULA,Nakrekal,Nalgonda,2026-03-04,FAC017,Skin complaint,Fever/Infection,Video,10,Yes,Yes,Yes,7,29.9,Telugu,Fair,Completed
TC0002965,TEP0002269,Swathi Laxman,F,70,9431702012,Kohir,Zaheerabad,Sangareddy,2026-03-25,FAC024,Routine NCD review,Hypertension,Assisted video,8,Yes,Yes,No,,6.4,Telugu,Good,Completed
TC0002966,TEP0002270,Shobha Shekar,F,34,9571818486,Indresham,Patancheru,Sangareddy,2026-04-22,FAC027,Headache,Respiratory,Assisted video,22,Yes,Yes,No,,22.3,Telugu,Fair,Completed
TC0002967,TEP0002270,Shobha Shekar,F,33,+91-95718-18486,Indresham,Patancheru,Sangareddy,2026-06-10,FAC026,Routine NCD review,Musculoskeletal,Video,17,Yes,Yes,No,,11.5,Telugu,Good,Completed
TC0002968,TEP0002271,Harika Basha,F,58,9714096769,Polepally,Jadcherla,Mahabubnagar,2026-03-07,FAC001,Routine NCD review,Other,Audio,17,No,No,Yes,30,25.4,Urdu,Fair,Completed
TC0002969,TEP0002272,Anil Khan,M,68,9836397180,Indresham,Patancheru,Sangareddy,2026-01-16,FAC025,Cough,Hypertension+Diabetes,Video,23,Yes,Yes,No,,19.2,Telugu,Fair,Completed
TC0002970,TEP0002273,Deepeeka Rao,F,46,,Jharasangam,Zaheerabad,Sangareddy,2026-05-23,FAC024,Routine NCD review,Hypertension+Diabetes,Video,16,Yes,Yes,No,,2.6,Telugu,Fair,Completed
TC0002971,TEP0002274,Padma Yadaw,F,18,9697555923,Narayankhed,Narayankhed,Sangareddy,2026-06-20,FAC019,Body pain,Diabetes,Video,7,Yes,No,No,,28.2,Telugu,Fair,Completed
TC0002972,TEP0002275,Nares Devi,M,21,9410501422,Peddadinne,Devarakonda,Nalgonda,2026-08-08,FAC012,Abdominal discomfort,Musculoskeletal,Video,16,Yes,No,No,,6.6,Telugu,Poor,Completed
TC0002973,TEP0002276,Kavitha Kumar,F,54,9610132859,Mogudampally,Zaheerabad,Sangareddy,2026-03-17,FAC024,Dizziness,Other,Audio,15,Yes,Yes,No,,16.8,Telugu,Fair,Completed
TC0002974,TEP0002276,Kavitha Kumar,F,55,9610132859,Mogudampally,Zaheerabad,Sangareddy,2026-05-05,FAC023,Dizziness,Gastrointestinal,Assisted video,19,Yes,No,No,,22.3,Telugu,Good,Completed
TC0002975,TEP0002277,Jyothi,F,42,9852848897,Macharam,Jadcherla,Mahabubnagar,2026-01-12,FAC003,Abdominal discomfort,Dermatology,Assisted video,17,Yes,Yes,Yes,14,12.8,Telugu,Good,Completed
TC0002976,TEP0002278,Ravi Khan,M,43,9190695626,Midjil,Midjil,Mahabubnagar,2026-01-25,FAC007,Cough,Other,Video,21,No,Yes,Yes,30,7.6,Telugu,Good,Completed
TC0002977,TEP0002279,Venkatesh Narsimha,M,25,9196718508,Kummarikunta,Chandur,Nalgonda,2026-08-12,FAC014,Headache,Dermatology,Assisted video,11,Yes,No,Yes,7,7.3,Telugu,Good,Completed
TC0002978,TEP0002280,Sai Khan,M,52,9279373555,Mangalapally,Nakrekal,Nalgonda,2026-02-13,FAC018,Skin complaint,Diabetes,Audio,16,Yes,No,No,,35.0,Telugu,Fair,Completed
TC0002979,TEP0002281,Rani Reddy,F,25,9706324434,Gangapur,Jadcherla,Mahabubnagar,2026-06-26,FAC003,Routine NCD review,Fever/Infection,Video,11,No,Yes,Yes,30,26.4,Telugu,Good,Completed
TC0002980,TEP0002282,Naveen Laxman,M,51,9827649411,Kondamallepally,Devarakonda,Nalgonda,2026-08-14,FAC011,Abdominal discomfort,Fever/Infection,Video,13,Yes,No,Yes,21,25.7,Telugu,Poor,Completed
TC0002981,TEP0002283,Shankar Basha,M,66,9280995049,Nakrekal,Nakrekal,Nalgonda,2026-08-03,FAC018,Dizziness,Hypertension,Assisted video,11,No,No,No,,16.2,Telugu,Fair,Completed
TC0002982,TEP0002284,Sushma Kumar,F,50,9227281999,Narayankhed,Narayankhed,Sangareddy,2026-05-30,FAC021,Cough,Diabetes,Assisted video,19,Yes,No,Yes,30,7.0,Telugu,Poor,Completed
TC0002983,TEP0002285,Arun Patel,M,42,,Bhanur,Patancheru,Sangareddy,2026-05-06,FAC027,Body pain,Gastrointestinal,Video,24,Yes,Yes,No,,18.4,Telugu,Good,Completed
TC0002984,TEP0002286,Divya Naik,F,74,9109524865,Manoor,Narayankhed,Sangareddy,2026-04-28,FAC019,Abdominal discomfort,Other,Video,12,Yes,Yes,Yes,30,33.3,Telugu,Poor,Completed
TC0002985,TEP0002287,Suresh,M,44,9010172856,Narayankhed,Narayankhed,Sangareddy,2026-02-07,FAC020,Cough,Hypertension,Assisted video,12,Yes,No,Yes,21,23.7,Telugu,Fair,Completed
TC0002986,TEP0002288,Raghav Begum,M,43,,Midjil,Midjil,Mahabubnagar,2026-03-27,FAC009,Body pain,Other,Video,14,Yes,No,Yes,14,19.5,Telugu,Fair,Completed
TC0002987,TEP0002289,Padma Goud,F,65,9577417036,Zaheerabad,Zaheerabad,Sangareddy,2026-08-11,FAC023,Abdominal discomfort,Other,Audio,19,No,No,No,,17.3,Telugu,Good,Completed
TC0002988,TEP0002290,Srilata Basha,F,89,9805048100,Chandur,Chandur,Nalgonda,2026-07-15,FAC015,Dizziness,Other,Audio,17,Yes,No,Yes,21,29.7,Urdu,Poor,Completed
TC0002989,TEP0002290,Srilatha Basha,F,87,9805048100,Chandur,Chandur,Nalgonda,2026-08-02,FAC013,Abdominal discomfort,Hypertension,Assisted video,8,Yes,No,Yes,7,21.3,Urdu,Poor,Completed
TC0002990,TEP0002291,Anjali Khan,F,35,9374163748,Marrur,Nakrekal,Nalgonda,2026-04-28,FAC017,Skin complaint,Dermatology,Audio,14,Yes,No,No,,25.8,Telugu,Poor,Completed
TC0002991,TEP0002292,Jyothi Rao,F,69,9452409160,Nermata,Chandur,Nalgonda,2026-04-29,FAC014,Headache,Other,Audio,15,Yes,No,Yes,21,19.2,Telugu,Fair,Completed
TC0002992,TEP0002292,Jyothi Rao,F,67,9452409160,Nermata,Chandur,Nalgonda,2026-06-05,FAC014,Headache,Fever/Infection,Audio,19,Yes,No,Yes,7,19.2,Telugu,Poor,Completed
TC0002993,TEP0002293,Nirmala Kumar,F,24,9673559401,Kalher,Narayankhed,Sangareddy,2026-03-03,FAC019,Skin complaint,Musculoskeletal,Video,13,Yes,No,Yes,30,24.9,Telugu,Fair,Completed
TC0002994,TEP0002294,Arun Devi,M,51,9058502906,Kohir,Zaheerabad,Sangareddy,2026-03-04,FAC022,Dizziness,Hypertension,Assisted video,18,No,Yes,No,,3.6,Urdu,Fair,Completed
TC0002995,TEP0002295,Jyothi Krishna,F,45,9093973785,Jharasangam,Zaheerabad,Sangareddy,2026-06-11,FAC024,Abdominal discomfort,Dermatology,Audio,13,Yes,No,Yes,21,2.6,Telugu,Good,Completed
TC0002996,TEP0002295,Jyothi Krishna,F,45,9093973785,Jharasangam,Zaheerabad,Sangareddy,2026-08-09,FAC024,Routine NCD review,Respiratory,Audio,13,Yes,No,No,,2.6,Telugu,Fair,Completed
TC0002997,TEP0002296,Praveen Laxman,M,43,,Kondamallepally,Devarakonda,Nalgonda,2026-02-05,FAC010,Fever,Diabetes,Audio,8,Yes,Yes,Yes,7,20.0,Telugu,Fair,Completed
TC0002998,TEP0002296,Praveen Laxman,M,43,9382651983,Kondamallepall,Devarakonda,Nalgonda,2026-04-05,FAC011,Abdominal discomfort,Diabetes,Audio,19,Yes,No,No,,25.7,Telugu,Poor,Completed
TC0002999,TEP0002296,Prveen Laxman,M,43,+91-93826-51983,Kondamallepalli,Devarakonda,Nalgonda,2026-05-30,FAC011,Body pain,Other,Video,21,Yes,No,No,,25.7,Telugu,Fair,Completed
TC0003000,TEP0002297,Lakshmi Devi,F,60,,Jharasangam,Zaheerabad,Sangareddy,2026-08-13,FAC022,Body pain,Hypertension+Diabetes,Audio,7,Yes,Yes,No,,5.6,Telugu,Fair,Completed
TC0003001,TEP0002298,Suresh Goud,M,53,9200514342,Macharam,Jadcherla,Mahabubnagar,2026-04-26,FAC003,Dizziness,Other,Audio,19,Yes,No,Yes,21,12.8,Telugu,Fair,Completed
TC0003002,TEP0002298,Sures Goud,M,54,9200514342,Macharam,Jadcherla,Mahabubnagar,2026-05-05,FAC001,Abdominal discomfort,Musculoskeletal,Audio,21,Yes,Yes,Yes,7,17.2,Telugu,Fair,Completed
TC0003003,TEP0002299,Rajesh Das,M,43,9332368684,Bhanur,Patancheru,Sangareddy,2026-07-24,FAC027,Dizziness,Hypertension,Audio,10,Yes,No,Yes,14,18.4,Telugu,Good,Completed
TC0003004,TEP0002300,Anil Chary,M,45,+91-92938-80305,Peddadinne,Devarakonda,Nalgonda,2026-01-01,FAC011,Cough,Diabetes,Assisted video,7,No,Yes,Yes,30,13.9,Telugu,Fair,Completed
TC0003005,TEP0002300,Anil Chary,M,44,,Peddadinne,Devarakonda,Nalgonda,2026-04-27,FAC010,Fever,Diabetes,Audio,21,Yes,Yes,No,,7.4,Telugu,Poor,Completed
TC0003006,TEP0002301,Rani Das,F,50,9963182083,Gangapur,Jadcherla,Mahabubnagar,2026-08-11,FAC003,Dizziness,Respiratory,Video,24,Yes,No,Yes,14,26.4,Telugu,Poor,Completed
TC0003007,TEP0002302,Sai Mallaiah,M,49,9904342728,Bodajanampet,Balanagar,Mahabubnagar,2026-02-03,FAC006,Cough,Gastrointestinal,Assisted video,23,No,Yes,Yes,21,33.3,Telugu,Poor,Completed
TC0003008,TEP0002303,Santosh Patel,M,55,9685641415,Midjil,Midjil,Mahabubnagar,2026-08-13,FAC007,Body pain,Dermatology,Assisted video,11,Yes,No,Yes,14,7.6,Telugu,Good,Completed
TC0003009,TEP0002304,Santosh Reddy,M,60,9578065571,Macharam,Jadcherla,Mahabubnagar,2026-07-11,FAC001,Dizziness,Diabetes,Assisted video,11,No,Yes,Yes,7,17.2,English,Fair,Completed
TC0003010,TEP0002304,Santosh Reddy,M,59,+91-95780-65571,Macharam,Jadcherla,Mahabubnagar,2026-08-13,FAC002,Dizziness,Diabetes,Assisted video,9,Yes,Yes,Yes,21,29.4,English,Good,Completed
TC0003011,TEP0002305,Rames Goud,M,43,9244801362,Marrur,Nakrekal,Nalgonda,2026-08-07,FAC018,Abdominal discomfort,Other,Assisted video,8,No,No,Yes,14,6.7,Telugu,Poor,Completed
TC0003012,TEP0002306,Jyothi Kumar,F,35,9752524891,Balanaga,Balanagar,Mahabubnagar,2026-08-15,FAC005,Body pain,Hypertension+Diabetes,Video,17,No,No,No,,10.4,Telugu,Fair,Completed
TC0003013,TEP0002307,Renuka Devi,F,52,9246731416,Kummarikunta,Chandur,Nalgonda,2026-02-24,FAC014,Cough,Diabetes,Audio,13,Yes,Yes,Yes,30,7.3,Telugu,Fair,Completed
TC0003014,TEP0002307,Renuka Devi,F,51,+91-92467-31416,KUMMARIKUNTA,Chandur,Nalgonda,2026-03-02,FAC014,Routine NCD review,Diabetes,Video,14,Yes,No,No,,7.3,Telugu,Fair,Completed
TC0003015,TEP0002308,Arun,M,55,,Kallepally,Balanagar,Mahabubnagar,2026-04-01,FAC006,Routine NCD review,Other,Video,21,Yes,No,Yes,14,35.4,Telugu,Poor,Completed
TC0003016,TEP0002309,Kavitha Rao,F,52,9648647225,Balanagar,Balanagar,Mahabubnagar,2026-03-05,FAC006,Abdominal discomfort,Diabetes,Video,16,Yes,Yes,Yes,30,1.4,Telugu,Poor,Completed
TC0003017,TEP0002310,Raju Shekar,M,42,9766822953,Vemula,Midjil,Mahabubnagar,2026-06-28,FAC007,Dizziness,Fever/Infection,Audio,16,No,No,Yes,14,25.7,Telugu,Poor,Completed
TC0003018,TEP0002311,Anjali Naik,F,58,9587390738,Nermata,Chandur,Nalgonda,2026-01-16,FAC015,Fever,Gastrointestinal,Video,15,Yes,No,No,,22.4,Telugu,Fair,Completed
TC0003019,TEP0002312,Shobha Rao,F,45,9718967280,Gangapur,Jadcherla,Mahabubnagar,2026-05-12,FAC003,Cough,Hypertension,Video,11,Yes,No,Yes,7,26.4,Telugu,Fair,Completed
TC0003020,TEP0002313,Mohan Das,M,64,9325989604,Badepally,Jadcherla,Mahabubnagar,2026-02-18,FAC002,Skin complaint,Hypertension,Assisted video,9,No,No,No,,19.9,Telugu,Poor,Completed
TC0003021,TEP0002314,Anil Basha,M,63,9768275255,Kalher,Narayankhed,Sangareddy,2026-06-18,FAC021,Headache,Other,Audio,13,Yes,No,No,,22.9,Telugu,Good,Completed
TC0003022,TEP0002315,Rani Mudiraj,F,70,,Narayankhed,Narayankhed,Sangareddy,2026-01-27,FAC020,Fever,Musculoskeletal,Audio,15,Yes,No,No,,23.7,Telugu,Poor,Completed
TC0003023,TEP0002315,Rani Mudiraj,F,68,9302373807,Narayankhed,Narayankhed,Sangareddy,2026-04-21,FAC021,Cough,Gastrointestinal,Assisted video,7,Yes,No,Yes,7,7.0,Telugu,Good,Completed
TC0003024,TEP0002316,Sai Laxman,M,52,9888498698,Mangalapally,Nakrekal,Nalgonda,2026-05-07,FAC016,Routine NCD review,Diabetes,Assisted video,13,Yes,No,No,,4.1,Telugu,Poor,Completed
TC0003025,TEP0002316,Sai Laxman,M,50,9888498698,Mangalapally,Nakrekal,Nalgonda,2026-06-30,FAC017,Cough,Hypertension+Diabetes,Audio,20,Yes,No,Yes,14,21.1,Telugu,Fair,Completed
TC0003026,TEP0002317,Mohan Begum,M,42,9429526515,Nermata,Chandur,Nalgonda,2026-01-25,FAC014,Abdominal discomfort,Hypertension,Assisted video,17,No,Yes,No,,19.2,Urdu,Fair,Completed
TC0003027,TEP0002317,Mohan Begum,M,42,9429526515,Nermata,Chandur,Nalgonda,2026-03-05,FAC013,Cough,Musculoskeletal,Audio,10,Yes,No,Yes,21,19.7,Urdu,Good,Completed
TC0003028,TEP0002317,Mohan Begum,M,42,9429526515,Nermata,Chandur,Nalgonda,2026-05-03,FAC014,Cough,Hypertension,Audio,11,Yes,Yes,Yes,30,19.2,Urdu,Poor,Completed
TC0003029,TEP0002318,Raju Laxman,M,44,9622682121,Kohir,Zaheerabad,Sangareddy,2026-02-27,FAC023,Dizziness,Hypertension+Diabetes,Assisted video,17,Yes,Yes,Yes,7,15.7,Telugu,Poor,Completed
TC0003030,TEP0002319,Lalitha Yadav,F,76,9121048714,Peddadinne,Devarakonda,Nalgonda,2026-07-09,FAC011,Skin complaint,Hypertension,Assisted video,15,Yes,No,Yes,21,13.9,Telugu,Good,Completed
TC0003031,TEP0002319,Lalita Yadav,F,77,9121048714,Peddadinne,Devarakonda,Nalgonda,2026-07-30,FAC010,Skin complaint,Fever/Infection,Assisted video,7,Yes,No,Yes,14,7.4,Telugu,Good,Completed
TC0003032,TEP0002320,Naveen Das,M,18,9015886477,Chandur,Chandur,Nalgonda,2026-01-14,FAC014,Abdominal discomfort,Hypertension,Video,21,Yes,No,Yes,7,20.6,Telugu,Good,Completed
TC0003033,TEP0002321,Kiran Chary,M,65,9134636577,Midjil,Midjil,Mahabubnagar,2026-08-10,FAC007,Cough,Hypertension,Assisted video,11,Yes,Yes,No,,7.6,Telugu,Good,Completed
TC0003034,TEP0002322,Naresh Devi,M,24,9161232126,Kallepally,Balanagar,Mahabubnagar,2026-08-11,FAC005,Fever,Musculoskeletal,Video,11,Yes,No,No,,26.2,Telugu,Good,Completed
TC0003035,TEP0002323,Shobha Kumar,F,43,9009032012,PATANCHERU,Patancheru,Sangareddy,2026-05-14,FAC026,Headache,Fever/Infection,Audio,21,Yes,Yes,Yes,21,23.1,Telugu,Good,Completed
TC0003036,TEP0002324,Saritha Laxman,F,61,+91-94106-74138,Velpula,Midjil,Mahabubnagar,2026-01-07,FAC008,Abdominal discomfort,Dermatology,Audio,21,Yes,No,No,,12.6,Telugu,Good,Completed
TC0003037,TEP0002324,Saritha Laxman,F,65,9410674138,Velpula,Midjil,Mahabubnagar,2026-08-05,FAC009,Fever,Dermatology,Audio,10,Yes,Yes,No,,4.2,Telugu,Poor,Completed
TC0003038,TEP0002325,Naresh Mallaiah,M,45,9251727880,CHANDUR,Chandur,Nalgonda,2026-06-13,FAC014,Dizziness,Diabetes,Video,23,Yes,Yes,Yes,30,20.6,Telugu,Good,Completed
TC0003039,TEP0002326,Kiran Devi,M,68,9862343898,Kummarikunta,Chandur,Nalgonda,2026-05-01,FAC014,Body pain,Other,Video,24,Yes,No,No,,7.3,Telugu,Fair,Completed
TC0003040,TEP0002326,Kiran Devi,M,69,9862343898,Kummarikunta,Chandur,Nalgonda,2026-07-23,FAC015,Fever,Other,Audio,22,Yes,No,Yes,21,26.6,Telugu,Fair,Completed
TC0003041,TEP0002327,Anitha Mallaiah,F,42,+91-91679-98071,NERMATA,Chandur,Nalgonda,2026-05-30,FAC015,Dizziness,Hypertension,Assisted video,23,Yes,Yes,Yes,21,22.4,Telugu,Poor,Completed
TC0003042,TEP0002328,Naveen Yadav,M,52,+91-94254-23001,Midjil,Midjil,Mahabubnagar,2026-01-25,FAC009,Fever,Respiratory,Audio,15,Yes,No,Yes,7,19.5,Telugu,Fair,Completed
TC0003043,TEP0002328,Naveen Yadav,M,50,9425423001,MIDJIL,Midjil,Mahabubnagar,2026-08-06,FAC007,Body pain,Gastrointestinal,Assisted video,19,No,No,No,,7.6,Telugu,Good,Completed
TC0003044,TEP0002329,Lakshmi Krishna,F,49,9363072599,JHARASANGAM,Zaheerabad,Sangareddy,2026-07-07,FAC024,Cough,Musculoskeletal,Audio,8,No,Yes,Yes,14,2.6,Telugu,Poor,Completed
TC0003045,TEP0002330,Rani Naik,F,24,9452698553,Bhanur,Patancheru,Sangareddy,2026-02-10,FAC026,Abdominal discomfort,Dermatology,Audio,15,No,No,Yes,30,12.8,Telugu,Good,Completed
TC0003046,TEP0002331,Saritha Krisna,F,70,9605969792,Manoor,Narayankhed,Sangareddy,2026-01-31,FAC021,Cough,Gastrointestinal,Audio,10,No,No,Yes,14,15.5,Telugu,Poor,Completed
TC0003047,TEP0002332,Venkatesh Basha,M,57,9131161883,Kangti,Narayankhed,Sangareddy,2026-06-19,FAC019,Abdominal discomfort,Hypertension+Diabetes,Assisted video,7,No,No,No,,20.3,Telugu,Good,Completed
TC0003048,TEP0002332,Venkatesh Basha,M,59,9131161883,Kangti,Narayankhed,Sangareddy,2026-07-20,FAC020,Fever,Hypertension,Video,21,Yes,Yes,No,,11.9,Telugu,Good,Completed
TC0003049,TEP0002333,Srilatha Mallaiah,F,31,9718280960,INDRESHAM,Patancheru,Sangareddy,2026-03-31,FAC027,Dizziness,Musculoskeletal,Assisted video,12,Yes,No,Yes,21,22.3,Telugu,Fair,Completed
TC0003050,TEP0002334,Raghav Jangam,M,25,9265751878,Gundlapalli,Devarakonda,Nalgonda,2026-01-09,FAC010,Body pain,Dermatology,Video,20,Yes,Yes,Yes,21,26.3,Telugu,Good,Completed
TC0003051,TEP0002335,Rajesh Yadav,M,42,9340088886,Patancheru,Patancheru,Sangareddy,2026-01-28,FAC027,Cough,Other,Video,7,No,No,Yes,7,36.3,Telugu,Poor,Completed
TC0003052,TEP0002336,Sai Reddy,M,65,9615442926,Chandur,Chandur,Nalgonda,2026-06-16,FAC014,Skin complaint,Other,Assisted video,12,Yes,Yes,No,,20.6,Telugu,Good,Completed
TC0003053,TEP0002337,Divya Narsimha,F,31,9313436679,Bhanur,Patancheru,Sangareddy,2026-03-24,FAC027,Abdominal discomfort,Dermatology,Assisted video,20,No,No,Yes,30,18.4,Telugu,Fair,Completed
TC0003054,TEP0002338,Raju Devi,M,42,9587411409,Polepally,Jadcherla,Mahabubnagar,2026-04-04,FAC001,Cough,Dermatology,Video,9,No,No,Yes,14,25.4,Telugu,Poor,Completed
TC0003055,TEP0002338,Raju Devi,M,42,+91-95874-11409,Polepally,Jadcherla,Mahabubnagar,2026-04-20,FAC003,Routine NCD review,Fever/Infection,Assisted video,19,Yes,No,Yes,7,21.0,Telugu,Fair,Completed
TC0003056,TEP0002339,Renuka Reddy,F,75,9967548434,Balanagar,Balanagar,Mahabubnagar,2026-04-23,FAC006,Skin complaint,Hypertension,Assisted video,22,Yes,No,Yes,21,1.4,Telugu,Poor,Completed
TC0003057,TEP0002339,Renuka Reddy,F,74,+91-99675-48434,Balanagar,Balanagar,Mahabubnagar,2026-05-23,FAC005,Fever,Hypertension,Assisted video,22,No,No,No,,10.4,Telugu,Good,Completed
TC0003058,TEP0002339,Renuka Reddy,F,77,9967548434,Balanagar,Balanagar,Mahabubnagar,2026-05-29,FAC005,Headache,Hypertension,Assisted video,10,Yes,Yes,Yes,30,10.4,Telugu,Poor,Completed
TC0003059,TEP0002340,Renuka Mudiraj,F,54,9913495936,Velpula,Midjil,Mahabubnagar,2026-07-28,FAC008,Cough,Fever/Infection,Audio,13,Yes,No,Yes,7,12.6,Telugu,Poor,Completed
TC0003060,TEP0002341,Rani Kumar,F,50,+91-92053-75588,Manoor,Narayankhed,Sangareddy,2026-04-19,FAC021,Headache,Diabetes,Audio,20,Yes,No,No,,15.5,Telugu,Poor,Completed
TC0003061,TEP0002342,Swthi Shekar,F,51,9850457588,Kummarikunta,Chandur,Nalgonda,2026-06-04,FAC015,Body pain,Musculoskeletal,Assisted video,18,Yes,No,Yes,21,26.6,Telugu,Fair,Completed
TC0003062,TEP0002343,Swathee Reddy,F,60,9052927237,Polepally,Jadcherla,Mahabubnagar,2026-01-06,FAC001,Abdominal discomfort,Hypertension+Diabetes,Audio,17,Yes,No,Yes,30,25.4,Telugu,Poor,Completed
TC0003063,TEP0002344,Harika Yadav,F,52,9557192500,Patancheru,Patancheru,Sangareddy,2026-01-16,FAC026,Fever,Fever/Infection,Assisted video,16,No,No,Yes,14,23.1,Urdu,Good,Completed
TC0003064,TEP0002345,Lalitha Krishna,F,31,9327579371,Kallepalli,Balanagar,Mahabubnagar,2026-07-13,FAC006,Routine NCD review,Fever/Infection,Audio,14,Yes,No,Yes,30,35.4,Telugu,Good,Completed
TC0003065,TEP0002346,Srilata Rao,F,46,9488690481,Velpula,Midjil,Mahabubnagar,2026-03-08,FAC009,Body pain,Other,Audio,23,Yes,Yes,Yes,30,4.2,Telugu,Poor,Completed
TC0003066,TEP0002347,Renuka Yadav,F,53,,Bangarigadda,Chandur,Nalgonda,2026-05-01,FAC014,Abdominal discomfort,Diabetes,Video,14,Yes,No,No,,17.6,Urdu,Poor,Completed
TC0003067,TEP0002348,Sreenivas Khan,M,59,9613497537,Kohir,Zaheerabad,Sangareddy,2026-08-11,FAC022,Skin complaint,Dermatology,Video,16,Yes,No,Yes,30,3.6,Telugu,Fair,Completed
TC0003068,TEP0002349,Venktesh Naik,M,40,9842415859,Kohir,Zaheerabad,Sangareddy,2026-04-11,FAC024,Cough,Musculoskeletal,Assisted video,7,Yes,Yes,Yes,30,6.4,Urdu,Fair,Completed
TC0003069,TEP0002350,Arun Chary,M,49,9331078925,Polepally,Jadcherla,Mahabubnagar,2026-05-23,FAC003,Skin complaint,Respiratory,Video,21,Yes,Yes,No,,21.0,Urdu,Good,Completed
TC0003070,TEP0002351,Padma Basha,F,47,9645290283,Kohir,Zaheerabad,Sangareddy,2026-07-19,FAC023,Skin complaint,Hypertension,Assisted video,9,No,Yes,Yes,30,15.7,Telugu,Fair,Completed
TC0003071,TEP0002352,Renuka Begum,F,59,9852472040,Kohir,Zaheerabad,Sangareddy,2026-07-27,FAC023,Body pain,Hypertension,Video,13,Yes,No,Yes,21,15.7,Telugu,Fair,Completed
TC0003072,TEP0002353,Venkatesh Jangam,M,59,+91-98551-83453,Indresham,Patancheru,Sangareddy,2026-02-22,FAC027,Fever,Musculoskeletal,Video,19,Yes,No,No,,22.3,Telugu,Poor,Completed
TC0003073,TEP0002353,Venkatesh Jangam,M,58,9855183453,Indresham,Patancheru,Sangareddy,2026-03-01,FAC026,Abdominal discomfort,Fever/Infection,Video,22,No,Yes,Yes,21,11.5,Telugu,Poor,Completed
TC0003074,TEP0002354,Mounik Narsimha,F,44,9221234079,Polepally,Jadcherla,Mahabubnagar,2026-07-26,FAC003,Body pain,Other,Video,22,Yes,No,Yes,7,21.0,Telugu,Fair,Completed
TC0003075,TEP0002355,Vinod Goud,M,31,9645026805,Vemula,Midjil,Mahabubnagar,2026-02-13,FAC009,Body pain,Hypertension,Audio,18,Yes,No,Yes,7,7.3,Telugu,Poor,Completed
TC0003076,TEP0002356,Renuka Narsimha,F,52,9060263453,Midjil,Midjil,Mahabubnagar,2026-07-03,FAC007,Dizziness,Respiratory,Assisted video,15,Yes,No,No,,7.6,Telugu,Poor,Completed
TC0003077,TEP0002356,Renuka Narsimha,F,56,9060263453,Midjil,Midjil,Mahabubnagar,2026-08-10,FAC007,Dizziness,Fever/Infection,Assisted video,20,Yes,Yes,No,,7.6,Telugu,Good,Completed
TC0003078,TEP0002357,Bhavani Rao,F,81,9631264050,Narayankhed,Narayankhed,Sangareddy,2026-04-20,FAC021,Cough,Fever/Infection,Video,10,Yes,No,No,,7.0,Telugu,Poor,Completed
TC0003079,TEP0002358,Arun Khan,M,49,9162936302,Kangt,Narayankhed,Sangareddy,2026-03-20,FAC021,Cough,Other,Audio,13,Yes,Yes,Yes,30,27.8,Telugu,Fair,Completed
TC0003080,TEP0002359,Kiran Rao,M,50,,Balanagar,Balanagar,Mahabubnagar,2026-01-26,FAC005,Skin complaint,Hypertension+Diabetes,Video,22,No,No,Yes,30,10.4,Telugu,Poor,Completed
TC0003081,TEP0002359,Kiran Rao,M,52,9861264518,Balanagar,Balanagar,Mahabubnagar,2026-04-16,FAC004,Fever,Diabetes,Audio,12,Yes,Yes,Yes,21,10.8,Telugu,Fair,Completed
TC0003082,TEP0002359,Kiran Rao,M,50,9861264518,Balanagar,Balanagar,Mahabubnagar,2026-05-28,FAC005,Headache,Other,Video,20,Yes,Yes,No,,10.4,Telugu,Good,Completed
TC0003083,TEP0002360,Anjali Basha,F,42,9697331563,Manoor,Narayankhed,Sangareddy,2026-03-09,FAC019,Dizziness,Dermatology,Audio,11,Yes,No,No,,33.3,Telugu,Poor,Completed
TC0003084,TEP0002361,Sai Mudiraj,M,60,9362317806,Mangalapally,Nakrekal,Nalgonda,2026-02-23,FAC016,Routine NCD review,Other,Assisted video,13,No,No,Yes,30,4.1,Telugu,Fair,Completed
TC0003085,TEP0002362,Divya,F,24,+91-96998-19087,Gundlapally,Devarakonda,Nalgonda,2026-04-13,FAC010,Dizziness,Musculoskeletal,Video,12,Yes,No,No,,26.3,Telugu,Poor,Completed
TC0003086,TEP0002363,Rani Patel,F,47,9521509037,Manoor,Narayankhed,Sangareddy,2026-04-07,FAC020,Headache,Hypertension,Audio,8,Yes,No,Yes,30,21.7,Telugu,Poor,Completed
TC0003087,TEP0002364,Rajesh Goud,M,36,9837296873,Velpula,Midjil,Mahabubnagar,2026-06-20,FAC007,Routine NCD review,Diabetes,Audio,13,Yes,Yes,No,,17.9,Telugu,Poor,Completed
TC0003088,TEP0002364,Rajesh Goud,M,38,9837296873,Velpula,Midjil,Mahabubnagar,2026-08-05,FAC007,Abdominal discomfort,Diabetes,Video,20,Yes,Yes,No,,17.9,Telugu,Fair,Completed
TC0003089,TEP0002365,Padma Yadav,F,43,9208703169,MANOOR,Narayankhed,Sangareddy,2026-01-10,FAC020,Abdominal discomfort,Gastrointestinal,Video,18,Yes,No,Yes,30,21.7,Telugu,Good,Completed
TC0003090,TEP0002365,Padma Yadav,F,43,9208703169,Manoor,Narayankhed,Sangareddy,2026-01-25,FAC019,Skin complaint,Other,Audio,11,Yes,No,Yes,30,33.3,Telugu,Fair,Completed
TC0003091,TEP0002366,Venkatesh Jangam,M,58,9037000051,Kalhe,Narayankhed,Sangareddy,2026-01-27,FAC019,Skin complaint,Hypertension,Audio,13,Yes,Yes,Yes,30,24.9,Telugu,Good,Completed
TC0003092,TEP0002367,Mohan Laxman,M,48,9771652289,Bangarigadda,Chandur,Nalgonda,2026-02-11,FAC015,Headache,Gastrointestinal,Audio,24,Yes,Yes,Yes,21,18.0,Telugu,Fair,Completed
TC0003093,TEP0002368,Sai Laxman,M,33,,Balanagar,Balanagar,Mahabubnagar,2026-01-15,FAC006,Skin complaint,Musculoskeletal,Assisted video,13,Yes,No,Yes,7,1.4,Telugu,Good,Completed
TC0003094,TEP0002368,Sai Laxman,M,33,9424214381,Balanagar,Balanagar,Mahabubnagar,2026-05-07,FAC006,Routine NCD review,Other,Video,8,Yes,No,Yes,30,1.4,Telugu,Poor,Completed
TC0003095,TEP0002369,Shankar Begum,M,55,9153822753,Bangarigadda,Chandur,Nalgonda,2026-03-16,FAC013,Dizziness,Dermatology,Assisted video,20,Yes,Yes,Yes,7,16.9,Telugu,Poor,Completed
TC0003096,TEP0002369,Shnkar Begum,M,53,9153822753,Bangarigadda,Chandur,Nalgonda,2026-07-26,FAC013,Cough,Dermatology,Video,10,Yes,No,Yes,7,16.9,Telugu,Fair,Completed
TC0003097,TEP0002370,Raju Kumar,M,39,9376739750,Nermata,Chandur,Nalgonda,2026-01-02,FAC014,Routine NCD review,Other,Assisted video,20,Yes,Yes,No,,19.2,Telugu,Poor,Completed
TC0003098,TEP0002371,Jyothi Devi,F,63,9607809576,Kohir,Zaheerabad,Sangareddy,2026-04-30,FAC023,Routine NCD review,Hypertension,Video,19,No,Yes,Yes,14,15.7,Telugu,Fair,Completed
TC0003099,TEP0002372,Anjali Patel,F,60,9732711952,Kummarikunta,Chandur,Nalgonda,2026-07-15,FAC015,Skin complaint,Hypertension,Audio,23,Yes,Yes,Yes,21,26.6,Telugu,Poor,Completed
TC0003100,TEP0002373,Mounika Patel,F,28,9118751007,Badepally,Jadcherla,Mahabubnagar,2026-04-15,FAC001,Cough,Dermatology,Video,14,Yes,No,Yes,30,11.4,Telugu,Good,Completed
TC0003101,TEP0002374,Rajesh Patel,M,40,9116778343,Kohir,Zaheerabad,Sangareddy,2026-07-26,FAC024,Fever,Respiratory,Audio,7,Yes,No,Yes,30,6.4,Telugu,Fair,Completed
TC0003102,TEP0002375,Praveen Begum,M,63,9338294409,Ameenpur,Patancheru,Sangareddy,2026-04-30,FAC027,Fever,Hypertension+Diabetes,Audio,15,Yes,Yes,Yes,30,27.9,Telugu,Good,Completed
TC0003103,TEP0002375,Praveen Begum,M,60,9338294409,Ameenpur,Patancheru,Sangareddy,2026-07-15,FAC027,Body pain,Hypertension+Diabetes,Video,18,Yes,Yes,Yes,7,27.9,Telugu,Fair,Completed
TC0003104,TEP0002376,Vinod Narsimha,M,46,+91-98295-53163,Marrur,Nakrekal,Nalgonda,2026-02-13,FAC018,Routine NCD review,Musculoskeletal,Video,22,Yes,No,Yes,21,6.7,Telugu,Good,Completed
TC0003105,TEP0002377,Kavitha Rao,F,57,9277813710,Rajapur,Balanagar,Mahabubnagar,2026-02-28,FAC006,Skin complaint,Musculoskeletal,Video,10,Yes,Yes,Yes,21,8.7,Telugu,Good,Completed
TC0003106,TEP0002378,Anil Kumar,M,57,,Kalher,Narayankhed,Sangareddy,2026-04-27,FAC019,Body pain,Fever/Infection,Audio,14,Yes,No,Yes,30,24.9,Telugu,Poor,Completed
TC0003107,TEP0002379,Raghav Reddy,M,40,+91-94928-94546,Gundlapally,Devarakonda,Nalgonda,2026-07-05,FAC012,Fever,Hypertension,Video,9,Yes,Yes,No,,25.4,Telugu,Poor,Completed
TC0003108,TEP0002380,Srinivas Reddy,M,68,9139758137,Marrur,Nakrekal,Nalgonda,2026-07-21,FAC017,Dizziness,Other,Audio,18,Yes,No,No,,25.8,Telugu,Poor,Completed
TC0003109,TEP0002381,Padma Devi,F,18,9578257904,Velpula,Midjil,Mahabubnagar,2026-07-14,FAC008,Headache,Hypertension,Video,18,No,No,Yes,30,12.6,Telugu,Poor,Completed
TC0003110,TEP0002382,Shobha Patel,F,37,9048660123,Midjil,Midjil,Mahabubnagar,2026-05-14,FAC007,Skin complaint,Hypertension+Diabetes,Assisted video,7,Yes,Yes,Yes,14,7.6,Telugu,Fair,Completed
TC0003111,TEP0002382,Shobha Patel,F,36,9048660123,Midjil,Midjil,Mahabubnagar,2026-07-05,FAC007,Fever,Diabetes,Audio,22,Yes,Yes,Yes,21,7.6,Telugu,Fair,Completed
TC0003112,TEP0002382,Shobh Patel,F,37,9048660123,Midjil,Midjil,Mahabubnagar,2026-08-07,FAC008,Headache,Hypertension,Video,11,No,No,Yes,21,11.3,Telugu,Poor,Completed
TC0003113,TEP0002383,Padma Begum,F,68,9665348683,Donur,Midjil,Mahabubnagar,2026-01-29,FAC009,Abdominal discomfort,Other,Video,20,No,Yes,Yes,7,14.1,English,Fair,Completed
TC0003114,TEP0002383,Padma Begum,F,69,9665348683,Donur,Midjil,Mahabubnagar,2026-08-08,FAC007,Fever,Gastrointestinal,Audio,23,Yes,No,Yes,21,23.7,English,Fair,Completed
TC0003115,TEP0002384,Suresh Mallaiah,M,61,,Vemula,Midjil,Mahabubnagar,2026-06-11,FAC007,Skin complaint,Fever/Infection,Assisted video,22,Yes,No,No,,25.7,Telugu,Good,Completed
TC0003116,TEP0002384,Suresh Mallaiah,M,61,9338079065,Vemula,Midjil,Mahabubnagar,2026-07-25,FAC007,Cough,Dermatology,Audio,23,Yes,No,Yes,21,25.7,Telugu,Fair,Completed
TC0003117,TEP0002385,Sushma Kreeshna,F,45,9286986454,Donur,Midjil,Mahabubnagar,2026-07-21,FAC007,Routine NCD review,Diabetes,Assisted video,18,No,Yes,No,,23.7,Telugu,Fair,Completed
TC0003118,TEP0002386,Kiran Goud,M,22,9004816081,Bhanur,Patancheru,Sangareddy,2026-03-28,FAC025,Body pain,Diabetes,Audio,11,Yes,No,Yes,30,18.7,Telugu,Poor,Completed
TC0003119,TEP0002386,Kiran Goud,M,24,,BHANUR,Patancheru,Sangareddy,2026-05-08,FAC025,Headache,Diabetes,Audio,17,Yes,No,Yes,30,18.7,Telugu,Good,Completed
TC0003120,TEP0002387,Deepika Khan,F,35,+91-99742-11422,Indresham,Patancheru,Sangareddy,2026-02-22,FAC025,Fever,Musculoskeletal,Audio,24,Yes,No,Yes,14,19.2,Telugu,Good,Completed
TC0003121,TEP0002388,Swathi Devi,F,56,9776013702,DEVARAKONDA,Devarakonda,Nalgonda,2026-03-19,FAC012,Cough,Other,Audio,9,Yes,No,No,,22.1,Urdu,Fair,Completed
TC0003122,TEP0002388,Swathi Devi,F,56,9776013702,Devarakonda,Devarakonda,Nalgonda,2026-04-14,FAC012,Routine NCD review,Musculoskeletal,Audio,14,Yes,No,Yes,30,22.1,Urdu,Good,Completed
TC0003123,TEP0002388,Swathi Devi,F,56,9776013702,Devarakonda,Devarakonda,Nalgonda,2026-05-26,FAC011,Cough,Other,Audio,11,Yes,No,Yes,21,29.2,Urdu,Poor,Completed
TC0003124,TEP0002389,Mounika Yadav,F,77,9916431584,Macharam,Jadcherla,Mahabubnagar,2026-03-27,FAC001,Headache,Fever/Infection,Video,8,No,No,Yes,14,17.2,Telugu,Poor,Completed
TC0003125,TEP0002389,Mounika Yadav,F,77,9916431584,Macharam,Jadcherla,Mahabubnagar,2026-04-17,FAC002,Fever,Diabetes,Assisted video,14,No,No,No,,29.4,Telugu,Fair,Completed
TC0003126,TEP0002390,Shankar Khan,M,54,9070827800,Mogudampally,Zaheerabad,Sangareddy,2026-07-23,FAC022,Dizziness,Dermatology,Audio,7,Yes,No,Yes,21,13.2,Telugu,Fair,Completed
TC0003127,TEP0002391,Bhawani Das,F,84,9119077268,Kummarikunta,Chandur,Nalgonda,2026-06-29,FAC015,Skin complaint,Hypertension,Audio,22,Yes,No,Yes,7,26.6,Telugu,Good,Completed
TC0003128,TEP0002392,Jyothi Begum,F,53,9158829295,Midjil,Midjil,Mahabubnagar,2026-03-21,FAC008,Body pain,Dermatology,Audio,21,Yes,Yes,Yes,21,11.3,Telugu,Good,Completed
TC0003129,TEP0002392,Jyothee Begum,F,51,+91-91588-29295,Midjil,Midjil,Mahabubnagar,2026-05-01,FAC009,Fever,Dermatology,Assisted video,19,Yes,Yes,No,,19.5,Telugu,Poor,Completed
TC0003130,TEP0002392,Jyothi Begum,F,51,+91-91588-29295,MIDJIL,Midjil,Mahabubnagar,2026-07-05,FAC009,Abdominal discomfort,Fever/Infection,Assisted video,9,Yes,Yes,No,,19.5,Telugu,Poor,Completed
TC0003131,TEP0002393,Raju Basha,M,39,9106273611,Marrur,Nakrekal,Nalgonda,2026-02-18,FAC018,Cough,Fever/Infection,Audio,21,Yes,Yes,Yes,21,6.7,Telugu,Fair,Completed
TC0003132,TEP0002393,Rju Basha,M,41,9176273611,Marrur,Nakrekal,Nalgonda,2026-06-18,FAC016,Cough,Diabetes,Video,20,Yes,No,Yes,14,36.5,Telugu,Fair,Completed
TC0003133,TEP0002393,Rju Basha,M,42,9176273611,Marrur,Nakrekal,Nalgonda,2026-08-02,FAC016,Abdominal discomfort,Dermatology,Video,9,Yes,No,Yes,7,36.5,Telugu,Good,Completed
TC0003134,TEP0002394,Santosh Chary,M,62,,Jharasangam,Zaheerabad,Sangareddy,2026-06-04,FAC023,Fever,Fever/Infection,Assisted video,15,Yes,No,Yes,14,18.7,Telugu,Good,Completed
TC0003135,TEP0002395,Mounika Chary,F,49,+91-95100-41553,Nakrekal,Nakrekal,Nalgonda,2026-07-21,FAC017,Headache,Gastrointestinal,Video,9,Yes,No,Yes,21,36.5,Telugu,Good,Completed
TC0003136,TEP0002396,Mahesh Khan,M,55,,Balanagar,Balanagar,Mahabubnagar,2026-01-11,FAC005,Fever,Respiratory,Assisted video,22,Yes,No,Yes,30,10.4,Urdu,Poor,Completed
TC0003137,TEP0002396,Mahesh Khan,M,54,9825391003,BALANAGAR,Balanagar,Mahabubnagar,2026-06-29,FAC006,Body pain,Dermatology,Assisted video,16,Yes,Yes,Yes,7,1.4,Urdu,Poor,Completed
TC0003138,TEP0002397,Kiran Yadav,M,39,9491798460,MANGALAPALLY,Nakrekal,Nalgonda,2026-05-25,FAC018,Cough,Fever/Infection,Video,21,No,No,No,,35.0,Telugu,Fair,Completed
TC0003139,TEP0002398,Jyothi Krishna,F,56,9217988405,Nomula,Nakrekal,Nalgonda,2026-02-16,FAC018,Body pain,Gastrointestinal,Assisted video,7,No,Yes,Yes,21,2.2,Telugu,Poor,Completed
TC0003140,TEP0002399,Bhavani Rao,F,69,,Ameenpur,Patancheru,Sangareddy,2026-08-14,FAC025,Headache,Diabetes,Assisted video,14,Yes,Yes,Yes,14,13.0,Telugu,Fair,Completed
TC0003141,TEP0002400,Praveen Naik,M,61,9016967458,Kummarikunta,Chandur,Nalgonda,2026-06-11,FAC015,Fever,Dermatology,Assisted video,21,Yes,No,Yes,30,26.6,Urdu,Good,Completed
TC0003142,TEP0002400,Praveen Naik,M,62,9016967458,Kummarikunta,Chandur,Nalgonda,2026-07-06,FAC013,Headache,Gastrointestinal,Assisted video,19,Yes,No,No,,6.5,Urdu,Good,Completed
TC0003143,TEP0002401,Raghav Mallaiah,M,27,9966848732,Gundlapally,Devarakonda,Nalgonda,2026-01-07,FAC011,Dizziness,Fever/Infection,Assisted video,7,Yes,No,Yes,7,29.4,Telugu,Good,Completed
TC0003144,TEP0002402,Anitha Kumar,F,44,,Donur,Midjil,Mahabubnagar,2026-07-24,FAC007,Abdominal discomfort,Other,Assisted video,9,No,No,Yes,14,23.7,Urdu,Poor,Completed
TC0003145,TEP0002402,Anitha Kumar,F,43,9070548185,Donur,Midjil,Mahabubnagar,2026-08-04,FAC008,Fever,Respiratory,Video,16,Yes,No,Yes,14,9.4,Urdu,Poor,Completed
TC0003146,TEP0002403,Jyothi Patel,F,49,9839858099,Jharasangam,Zaheerabad,Sangareddy,2026-01-08,FAC023,Body pain,Hypertension,Video,13,Yes,No,Yes,21,18.7,Telugu,Poor,Completed
TC0003147,TEP0002404,Raju Kumar,M,55,9821237508,Zaheerabad,Zaheerabad,Sangareddy,2026-01-14,FAC023,Skin complaint,Musculoskeletal,Assisted video,9,Yes,Yes,Yes,7,17.3,Telugu,Good,Completed
TC0003148,TEP0002405,Deepika Goud,F,32,9722754222,Gundlapally,Devarakonda,Nalgonda,2026-07-05,FAC011,Routine NCD review,Musculoskeletal,Assisted video,19,Yes,No,Yes,14,29.4,Telugu,Poor,Completed
TC0003149,TEP0002406,Srinivas,M,52,+91-94167-57325,Gangapur,Jadcherla,Mahabubnagar,2026-01-08,FAC001,Dizziness,Diabetes,Audio,23,Yes,No,Yes,30,20.2,English,Fair,Completed
TC0003150,TEP0002406,Srinivas Mudiraj,M,52,,Gangapur,Jadcherla,Mahabubnagar,2026-08-09,FAC002,Dizziness,Other,Assisted video,22,Yes,Yes,Yes,21,38.9,English,Fair,Completed
TC0003151,TEP0002407,Raghav Kumar,M,32,+91-90835-40887,Jharasangam,Zaheerabad,Sangareddy,2026-08-05,FAC024,Dizziness,Hypertension+Diabetes,Video,14,No,No,Yes,21,2.6,Telugu,Good,Completed
TC0003152,TEP0002408,Anjali Reddy,F,29,9037699536,Rajapur,Balanagar,Mahabubnagar,2026-04-26,FAC004,Abdominal discomfort,Hypertension,Video,11,Yes,No,No,,13.9,Telugu,Poor,Completed
TC0003153,TEP0002408,Anjali Reddy,F,29,9037699536,Rajapur,Balanagar,Mahabubnagar,2026-05-26,FAC004,Cough,Other,Assisted video,12,Yes,Yes,Yes,14,13.9,Telugu,Good,Completed
TC0003154,TEP0002409,Jyothi Goud,F,64,9830200484,Midjil,Midjil,Mahabubnagar,2026-07-30,FAC009,Routine NCD review,Hypertension,Video,22,No,Yes,Yes,30,19.5,Telugu,Poor,Completed
TC0003155,TEP0002410,Shankar Narsimha,M,68,9487744411,CHANDUR,Chandur,Nalgonda,2026-03-16,FAC013,Body pain,Dermatology,Audio,16,Yes,No,No,,21.3,Telugu,Fair,Completed
TC0003156,TEP0002411,Rani Patel,F,76,9701866858,Indresham,Patancheru,Sangareddy,2026-03-25,FAC025,Routine NCD review,Musculoskeletal,Video,8,Yes,No,Yes,14,19.2,Telugu,Poor,Completed
TC0003157,TEP0002412,Renuka Narsimha,F,32,9763968081,Badepalli,Jadcherla,Mahabubnagar,2026-03-02,FAC001,Fever,Respiratory,Assisted video,22,Yes,No,Yes,7,11.4,Telugu,Poor,Completed
TC0003158,TEP0002413,Nirmala Mallaiah,F,80,9992164248,Jharasangam,Zaheerabad,Sangareddy,2026-03-31,FAC022,Headache,Other,Audio,22,Yes,No,Yes,7,5.6,Telugu,Fair,Completed
TC0003159,TEP0002414,Santosh Mudiraj,M,35,9068630998,Narayankhed,Narayankhed,Sangareddy,2026-01-16,FAC020,Body pain,Hypertension+Diabetes,Audio,13,Yes,No,Yes,7,23.7,Urdu,Poor,Completed
TC0003160,TEP0002415,Raju Patel,M,35,9596379033,Nermata,Chandur,Nalgonda,2026-06-23,FAC014,Headache,Gastrointestinal,Audio,8,Yes,Yes,Yes,21,19.2,Urdu,Poor,Completed
TC0003161,TEP0002415,Raju Patel,M,35,9596379033,Nermata,Chandur,Nalgonda,2026-07-12,FAC015,Dizziness,Dermatology,Audio,10,Yes,No,No,,22.4,Urdu,Fair,Completed
TC0003162,TEP0002416,Sai Patel,M,62,,Polepally,Jadcherla,Mahabubnagar,2026-03-25,FAC001,Cough,Gastrointestinal,Video,17,Yes,No,No,,25.4,Telugu,Fair,Completed
TC0003163,TEP0002417,Lalitha Devi,F,59,9599579276,Bodajanampet,Balanagar,Mahabubnagar,2026-03-05,FAC005,Routine NCD review,Other,Audio,18,No,Yes,Yes,21,26.6,Telugu,Fair,Completed
TC0003164,TEP0002418,Mohan Laxman,M,45,9715963258,Jharasangam,Zaheerabad,Sangareddy,2026-03-18,FAC024,Skin complaint,Hypertension,Audio,24,Yes,No,Yes,7,2.6,Telugu,Poor,Completed
TC0003165,TEP0002419,Anil Khan,M,35,9264650912,Polepally,Jadcherla,Mahabubnagar,2026-08-08,FAC003,Body pain,Fever/Infection,Audio,14,No,No,Yes,30,21.0,Telugu,Good,Completed
TC0003166,TEP0002420,Sreelatha Goud,F,45,9956598789,Patancheru,Patancheru,Sangareddy,2026-01-10,FAC027,Dizziness,Hypertension,Audio,15,Yes,Yes,Yes,7,36.3,Telugu,Good,Completed
TC0003167,TEP0002421,run Begum,M,50,9841124373,Nermata,Chandur,Nalgonda,2026-01-05,FAC015,Body pain,Dermatology,Audio,23,Yes,No,Yes,21,22.4,Telugu,Poor,Completed
TC0003168,TEP0002421,Arun Begum,M,48,,Nermata,Chandur,Nalgonda,2026-01-06,FAC015,Dizziness,Dermatology,Assisted video,15,Yes,No,No,,22.4,Telugu,Fair,Completed
TC0003169,TEP0002421,Arun Begum,M,48,9841124373,NERMATA,Chandur,Nalgonda,2026-04-26,FAC014,Headache,Other,Video,14,Yes,No,No,,19.2,Telugu,Poor,Completed
TC0003170,TEP0002422,Sreelatha Das,F,38,9754545697,Macharam,Jadcherla,Mahabubnagar,2026-04-19,FAC002,Body pain,Fever/Infection,Assisted video,15,Yes,No,Yes,21,29.4,Urdu,Good,Completed
TC0003171,TEP0002423,Vinod Devi,M,34,9867292044,Bodajanampet,Balanagar,Mahabubnagar,2026-04-09,FAC004,Skin complaint,Dermatology,Video,22,Yes,No,Yes,21,27.6,Telugu,Fair,Completed
TC0003172,TEP0002424,Rajes Shekar,M,18,9712687236,Polepall,Jadcherla,Mahabubnagar,2026-06-24,FAC003,Routine NCD review,Hypertension,Video,18,Yes,No,Yes,7,21.0,Telugu,Poor,Completed
TC0003173,TEP0002425,Naveen Basha,M,50,9154901907,Peddadinne,Devarakonda,Nalgonda,2026-05-19,FAC012,Skin complaint,Musculoskeletal,Audio,22,Yes,No,Yes,7,6.6,Telugu,Good,Completed
TC0003174,TEP0002425,Naveen Basha,M,50,9154906907,Peddadinne,Devarakonda,Nalgonda,2026-07-17,FAC010,Headache,Dermatology,Assisted video,21,Yes,No,No,,7.4,Telugu,Fair,Completed
TC0003175,TEP0002426,nitha Mudiraj,F,73,9401440382,Nakrekal,Nakrekal,Nalgonda,2026-06-05,FAC016,Fever,Musculoskeletal,Video,8,Yes,Yes,No,,35.5,Telugu,Poor,Completed
TC0003176,TEP0002427,Deepika Mallaiah,F,26,9387965278,Manoor,Narayankhed,Sangareddy,2026-08-07,FAC019,Skin complaint,Musculoskeletal,Assisted video,24,Yes,Yes,Yes,7,33.3,Telugu,Poor,Completed
TC0003177,TEP0002428,Bhavani Das,F,47,9047582819,Mogudampally,Zaheerabad,Sangareddy,2026-06-05,FAC022,Headache,Respiratory,Assisted video,20,Yes,No,No,,13.2,Telugu,Good,Completed
TC0003178,TEP0002429,Saritha Jangam,F,32,9228778998,Kangti,Narayankhed,Sangareddy,2026-05-15,FAC021,Dizziness,Gastrointestinal,Audio,18,Yes,No,Yes,14,27.8,Telugu,Good,Completed
TC0003179,TEP0002429,Saritha Jangam,F,34,9228778998,Kangti,Narayankhed,Sangareddy,2026-08-07,FAC021,Fever,Other,Video,12,Yes,No,No,,27.8,Telugu,Poor,Completed
TC0003180,TEP0002430,Lalitha Laxman,F,36,9625113075,Midjil,Midjil,Mahabubnagar,2026-05-13,FAC009,Routine NCD review,Other,Audio,18,No,Yes,Yes,14,19.5,Telugu,Fair,Completed
TC0003181,TEP0002430,Lalitha Laxman,F,38,9625113075,MIDJIL,Midjil,Mahabubnagar,2026-06-14,FAC007,Routine NCD review,Hypertension,Audio,17,No,Yes,No,,7.6,Telugu,Fair,Completed
TC0003182,TEP0002431,Kavitha Mallaiah,F,68,9967688509,Gundlapally,Devarakonda,Nalgonda,2026-01-01,FAC012,Routine NCD review,Fever/Infection,Assisted video,11,Yes,No,No,,25.4,Telugu,Poor,Completed
TC0003183,TEP0002432,Suresh Chary,M,47,+91-92305-86394,Midjil,Midjil,Mahabubnagar,2026-01-29,FAC008,Cough,Diabetes,Audio,20,Yes,Yes,Yes,14,11.3,Telugu,Poor,Completed
TC0003184,TEP0002433,Deepika Goud,F,31,9713952246,Gangapur,Jadcherla,Mahabubnagar,2026-06-23,FAC001,Abdominal discomfort,Fever/Infection,Audio,20,Yes,No,Yes,21,20.2,Telugu,Fair,Completed
TC0003185,TEP0002434,Mahesh Krishna,M,40,9569131546,Kondamallepally,Devarakonda,Nalgonda,2026-07-09,FAC010,Routine NCD review,Hypertension,Assisted video,19,Yes,Yes,Yes,21,20.0,Telugu,Good,Completed
TC0003186,TEP0002434,Mahesh Krishna,M,40,,Kondamallepally,Devarakonda,Nalgonda,2026-08-05,FAC011,Cough,Hypertension+Diabetes,Assisted video,15,Yes,Yes,Yes,7,25.7,Telugu,Fair,Completed
TC0003187,TEP0002435,Arun Jangam,M,56,9383753842,Vemula,Midjil,Mahabubnagar,2026-08-15,FAC008,Routine NCD review,Fever/Infection,Audio,7,Yes,Yes,Yes,14,22.2,Telugu,Poor,Completed
TC0003188,TEP0002436,Neermala Begum,F,52,9645860360,Macharam,Jadcherla,Mahabubnagar,2026-01-13,FAC003,Cough,Musculoskeletal,Assisted video,10,Yes,No,Yes,7,12.8,English,Good,Completed
TC0003189,TEP0002437,Shobha Yadav,F,61,9826281138,Indresham,Patancheru,Sangareddy,2026-07-20,FAC027,Routine NCD review,Dermatology,Video,11,No,Yes,Yes,14,22.3,Telugu,Good,Completed
TC0003190,TEP0002437,Shobha Yadav,F,63,9826281138,INDRESHAM,Patancheru,Sangareddy,2026-08-08,FAC026,Routine NCD review,Gastrointestinal,Video,18,Yes,No,Yes,14,11.5,Telugu,Poor,Completed
TC0003191,TEP0002438,Swathi Mallaiah,F,62,9635149354,Peddadinne,Devarakonda,Nalgonda,2026-07-02,FAC012,Body pain,Other,Video,24,Yes,No,Yes,21,6.6,Telugu,Fair,Completed
TC0003192,TEP0002438,Swathi Mallaiah,F,60,9635149354,Peddadinne,Devarakonda,Nalgonda,2026-08-04,FAC010,Cough,Musculoskeletal,Video,20,No,Yes,Yes,14,7.4,Telugu,Fair,Completed
TC0003193,TEP0002439,Kiran Patel,M,54,9036521945,Indresham,Patancheru,Sangareddy,2026-02-02,FAC026,Routine NCD review,Diabetes,Video,15,Yes,Yes,No,,11.5,Urdu,Good,Completed
TC0003194,TEP0002440,Rani Chary,F,47,9216996861,Midjil,Midjil,Mahabubnagar,2026-04-17,FAC007,Fever,Gastrointestinal,Video,12,Yes,No,No,,7.6,Telugu,Poor,Completed
TC0003195,TEP0002440,Rani Chary,F,49,9216996861,Midjil,Midjil,Mahabubnagar,2026-05-19,FAC009,Dizziness,Dermatology,Video,24,Yes,No,Yes,14,19.5,Telugu,Poor,Completed
TC0003196,TEP0002441,Jyothi Khan,F,18,9931492735,Devarakond,Devarakonda,Nalgonda,2026-06-19,FAC011,Body pain,Hypertension,Video,10,Yes,No,Yes,7,29.2,Telugu,Poor,Completed
TC0003197,TEP0002441,Jyothi Khn,F,18,9931492735,Devarakonda,Devarakonda,Nalgonda,2026-07-18,FAC011,Abdominal discomfort,Hypertension,Audio,16,Yes,Yes,Yes,30,29.2,Telugu,Poor,Completed
TC0003198,TEP0002442,Rajesh Reddy,M,47,9056252173,Kummarikunta,Chandur,Nalgonda,2026-04-15,FAC014,Cough,Gastrointestinal,Assisted video,7,No,No,Yes,30,7.3,Telugu,Good,Completed
TC0003199,TEP0002443,Swathi Basha,F,40,9663008523,Ameenpur,Patancheru,Sangareddy,2026-02-10,FAC027,Routine NCD review,Diabetes,Assisted video,7,Yes,No,Yes,14,27.9,Telugu,Fair,Completed
TC0003200,TEP0002444,Swathi Das,F,63,9860893134,Narayankhed,Narayankhed,Sangareddy,2026-04-13,FAC021,Headache,Diabetes,Audio,11,Yes,No,No,,7.0,Telugu,Good,Completed
TC0003201,TEP0002445,Praveen Begum,M,68,,Ameenpur,Patancheru,Sangareddy,2026-04-19,FAC025,Skin complaint,Dermatology,Video,13,Yes,No,No,,13.0,Telugu,Good,Completed
TC0003202,TEP0002446,Sushma Laxman,F,74,9959559435,Bhanur,Patancheru,Sangareddy,2026-06-04,FAC025,Skin complaint,Other,Audio,20,Yes,No,Yes,14,18.7,Telugu,Good,Completed
TC0003203,TEP0002447,Venkatesh Krishna,M,25,+91-97247-23008,Mogudampally,Zaheerabad,Sangareddy,2026-06-20,FAC023,Fever,Diabetes,Video,9,No,Yes,Yes,14,22.3,Telugu,Good,Completed
TC0003204,TEP0002448,Raghav Rao,M,37,9280415520,Ameenpur,Patancheru,Sangareddy,2026-05-25,FAC027,Routine NCD review,Hypertension,Audio,9,Yes,No,Yes,21,27.9,Telugu,Poor,Completed
TC0003205,TEP0002449,Renuka Mallaiah,F,48,9172342205,Donur,Midjil,Mahabubnagar,2026-05-24,FAC009,Abdominal discomfort,Hypertension,Video,22,No,Yes,Yes,21,14.1,Telugu,Poor,Completed
TC0003206,TEP0002450,Saritha Patel,F,39,9684578431,Nomula,Nakrekal,Nalgonda,2026-04-07,FAC018,Cough,Fever/Infection,Assisted video,23,Yes,No,No,,2.2,Telugu,Fair,Completed
TC0003207,TEP0002451,Srinivas Devi,M,62,9776983278,Badepalli,Jadcherla,Mahabubnagar,2026-05-04,FAC002,Dizziness,Hypertension,Audio,24,Yes,No,Yes,14,19.9,Telugu,Poor,Completed
TC0003208,TEP0002451,Srinivas Devi,M,63,9776983278,Badepally,Jadcherla,Mahabubnagar,2026-05-29,FAC002,Body pain,Hypertension,Video,20,Yes,No,Yes,7,19.9,Telugu,Poor,Completed
TC0003209,TEP0002452,Swathi Krishna,F,48,+91-91234-12301,Patancheru,Patancheru,Sangareddy,2026-04-28,FAC025,Cough,Hypertension+Diabetes,Video,16,Yes,Yes,Yes,14,25.4,Telugu,Poor,Completed
TC0003210,TEP0002453,Mohan Laxman,M,53,,Polepall,Jadcherla,Mahabubnagar,2026-06-09,FAC002,Skin complaint,Other,Assisted video,9,No,No,No,,8.3,Telugu,Fair,Completed
TC0003211,TEP0002453,Mohan Laxman,M,53,9146877520,Polepally,Jadcherla,Mahabubnagar,2026-08-03,FAC001,Cough,Respiratory,Assisted video,10,Yes,No,No,,25.4,Telugu,Good,Completed
TC0003212,TEP0002454,Arun Chary,M,76,9695432478,NERMATA,Chandur,Nalgonda,2026-07-15,FAC015,Cough,Diabetes,Audio,16,No,Yes,Yes,30,22.4,Telugu,Fair,Completed
TC0003213,TEP0002455,Sushma Begum,F,51,9999845975,Velpula,Midjil,Mahabubnagar,2026-03-08,FAC009,Cough,Fever/Infection,Assisted video,9,No,No,Yes,30,4.2,Telugu,Fair,Completed
TC0003214,TEP0002455,Sushma Begum,F,51,9999845975,VELPULA,Midjil,Mahabubnagar,2026-07-28,FAC007,Dizziness,Other,Audio,16,Yes,Yes,Yes,7,17.9,Telugu,Poor,Completed
TC0003215,TEP0002456,Swati Das,F,42,9314838041,Patancheru,Patancheru,Sangareddy,2026-03-26,FAC026,Headache,Other,Assisted video,12,Yes,No,Yes,14,23.1,Telugu,Fair,Completed
TC0003216,TEP0002457,Renuka Shekar,F,62,9226165521,KALHER,Narayankhed,Sangareddy,2026-05-22,FAC020,Skin complaint,Fever/Infection,Assisted video,16,Yes,Yes,Yes,14,29.6,Telugu,Poor,Completed
TC0003217,TEP0002457,Renuka Shekar,F,63,+91-92269-65521,Kalhe,Narayankhed,Sangareddy,2026-07-04,FAC021,Headache,Other,Video,13,No,No,Yes,21,22.9,Telugu,Fair,Completed
TC0003218,TEP0002458,Anjali Das,F,46,9393337308,Kondamallepally,Devarakonda,Nalgonda,2026-06-27,FAC010,Fever,Diabetes,Assisted video,10,Yes,Yes,Yes,7,20.0,Telugu,Good,Completed
TC0003219,TEP0002459,Suresh Patel,M,29,9418105143,Marrur,Nakrekal,Nalgonda,2026-06-30,FAC016,Routine NCD review,Musculoskeletal,Audio,9,Yes,No,Yes,14,36.5,Urdu,Fair,Completed
TC0003220,TEP0002459,Suresh Patel,M,29,9418105143,Marrur,Nakrekal,Nalgonda,2026-07-21,FAC018,Cough,Other,Video,8,No,No,Yes,14,6.7,Urdu,Fair,Completed
TC0003221,TEP0002460,Nirmala Goud,F,54,9159857486,Polepally,Jadcherla,Mahabubnagar,2026-02-18,FAC003,Dizziness,Other,Assisted video,13,Yes,No,Yes,7,21.0,Telugu,Fair,Completed
TC0003222,TEP0002460,Nirmala Goud,F,56,9159857486,Polepally,Jadcherla,Mahabubnagar,2026-07-22,FAC002,Routine NCD review,Fever/Infection,Assisted video,19,Yes,No,No,,8.3,Telugu,Good,Completed
TC0003223,TEP0002461,Divya Yadav,F,41,9679326117,Vemula,Midjil,Mahabubnagar,2026-06-20,FAC008,Abdominal discomfort,Hypertension,Assisted video,19,Yes,No,Yes,30,22.2,Telugu,Fair,Completed
TC0003224,TEP0002462,Anil Das,M,18,9977401862,Kondamallepally,Devarakonda,Nalgonda,2026-05-04,FAC011,Body pain,Other,Audio,13,Yes,Yes,No,,25.7,Telugu,Fair,Completed
TC0003225,TEP0002463,Jyothi Yadav,F,59,9167484325,Kondamallepally,Devarakonda,Nalgonda,2026-03-18,FAC011,Skin complaint,Diabetes,Assisted video,9,Yes,Yes,No,,25.7,Telugu,Good,Completed
TC0003226,TEP0002463,Jyothi Yadav,F,58,9167484325,KONDAMALLEPALLY,Devarakonda,Nalgonda,2026-08-02,FAC011,Abdominal discomfort,Diabetes,Audio,9,Yes,No,Yes,14,25.7,Telugu,Good,Completed
TC0003227,TEP0002464,sankar Khan,M,39,9718822126,Vemula,Midjil,Mahabubnagar,2026-01-06,FAC007,Headache,Musculoskeletal,Audio,14,No,No,No,,25.7,Telugu,Fair,Completed
TC0003228,TEP0002465,Venkatesh Begum,M,28,,Marrur,Nakrekal,Nalgonda,2026-07-07,FAC016,Headache,Dermatology,Video,24,Yes,No,No,,36.5,Telugu,Poor,Completed
TC0003229,TEP0002465,Venkatesh Begum,M,25,9503312418,Marrur,Nakrekal,Nalgonda,2026-07-28,FAC018,Abdominal discomfort,Fever/Infection,Audio,7,Yes,No,Yes,14,6.7,Telugu,Good,Completed
TC0003230,TEP0002466,Mohan Krishna,M,51,9102500589,MACHARAM,Jadcherla,Mahabubnagar,2026-03-18,FAC003,Body pain,Gastrointestinal,Video,17,Yes,Yes,No,,12.8,Urdu,Good,Completed
TC0003231,TEP0002466,Mohan Kreeshna,M,49,9102500389,Macharam,Jadcherla,Mahabubnagar,2026-05-09,FAC001,Body pain,Musculoskeletal,Assisted video,9,Yes,Yes,No,,17.2,Urdu,Fair,Completed
TC0003232,TEP0002467,Saritha Chary,F,57,9506557855,Nomula,Nakrekal,Nalgonda,2026-06-17,FAC018,Cough,Other,Assisted video,17,Yes,No,Yes,14,2.2,Telugu,Poor,Completed
TC0003233,TEP0002467,Sarita Chary,F,56,9506567855,Nomula,Nakrekal,Nalgonda,2026-07-03,FAC018,Headache,Dermatology,Audio,15,No,No,Yes,14,2.2,Telugu,Fair,Completed
TC0003234,TEP0002468,Renuka Begum,F,65,9133688452,Narayankhed,Narayankhed,Sangareddy,2026-03-20,FAC021,Dizziness,Hypertension+Diabetes,Video,13,Yes,No,No,,7.0,Telugu,Good,Completed
TC0003235,TEP0002469,Raghav Basha,M,48,9101115832,Manoor,Narayankhed,Sangareddy,2026-05-19,FAC021,Skin complaint,Fever/Infection,Video,10,No,No,Yes,30,15.5,English,Poor,Completed
TC0003236,TEP0002470,Kavitha Jangam,F,61,9859424655,Macharam,Jadcherla,Mahabubnagar,2026-06-30,FAC002,Dizziness,Hypertension+Diabetes,Video,9,No,No,Yes,7,29.4,Urdu,Fair,Completed
TC0003237,TEP0002471,Kavitha Begum,F,64,9686084256,Peddadinne,Devarakonda,Nalgonda,2026-02-07,FAC012,Skin complaint,Other,Assisted video,22,No,No,No,,6.6,Telugu,Good,Completed
TC0003238,TEP0002472,Ramesh Khan,M,51,9949723633,Manoor,Narayankhed,Sangareddy,2026-04-07,FAC020,Cough,Fever/Infection,Audio,9,Yes,No,No,,21.7,Telugu,Poor,Completed
TC0003239,TEP0002472,Ramesh Khan,M,51,9949723633,Manoor,Narayankhed,Sangareddy,2026-07-21,FAC020,Skin complaint,Diabetes,Assisted video,18,Yes,Yes,Yes,7,21.7,Telugu,Fair,Completed
TC0003240,TEP0002473,Jyothi Kumar,F,51,9626589875,Rajapur,Balanagar,Mahabubnagar,2026-05-16,FAC004,Headache,Hypertension+Diabetes,Assisted video,14,Yes,No,Yes,21,13.9,Telugu,Fair,Completed
TC0003241,TEP0002474,Suresh Reddy,M,63,,Nakrekal,Nakrekal,Nalgonda,2026-03-31,FAC017,Routine NCD review,Diabetes,Audio,16,Yes,Yes,No,,36.5,Telugu,Poor,Completed
TC0003242,TEP0002475,Rajesh Basha,M,38,9324908737,Chandur,Chandur,Nalgonda,2026-02-26,FAC014,Routine NCD review,Fever/Infection,Audio,13,Yes,No,Yes,14,20.6,Telugu,Good,Completed
TC0003243,TEP0002476,Anitha Devi,F,51,+91-93216-09002,Mogudampally,Zaheerabad,Sangareddy,2026-07-19,FAC022,Cough,Fever/Infection,Video,15,Yes,No,Yes,7,13.2,Telugu,Poor,Completed
TC0003244,TEP0002477,Praveen Mudiraj,M,59,+91-99736-54965,Patancheru,Patancheru,Sangareddy,2026-02-23,FAC026,Headache,Gastrointestinal,Video,14,Yes,Yes,Yes,30,23.1,English,Poor,Completed
TC0003245,TEP0002478,Raju Naik,M,89,9911214124,Kallepalli,Balanagar,Mahabubnagar,2026-04-16,FAC006,Abdominal discomfort,Respiratory,Assisted video,15,Yes,Yes,No,,35.4,Telugu,Good,Completed
TC0003246,TEP0002479,Anitha Chary,F,46,9588005039,Rajapur,Balanagar,Mahabubnagar,2026-07-29,FAC004,Routine NCD review,Diabetes,Video,14,Yes,Yes,Yes,30,13.9,Telugu,Fair,Completed
TC0003247,TEP0002480,Raju Goud,M,56,9988667986,Gangapur,Jadcherla,Mahabubnagar,2026-06-28,FAC003,Skin complaint,Musculoskeletal,Video,23,Yes,No,No,,26.4,Urdu,Poor,Completed
TC0003248,TEP0002481,Divya Begum,F,66,9448004246,Zaheerabad,Zaheerabad,Sangareddy,2026-07-27,FAC024,Fever,Fever/Infection,Assisted video,11,Yes,No,Yes,30,28.3,Telugu,Poor,Completed
TC0003249,TEP0002482,Mohan Shekar,M,42,9151439610,Badepally,Jadcherla,Mahabubnagar,2026-05-30,FAC003,Skin complaint,Other,Audio,24,Yes,Yes,Yes,30,5.1,Urdu,Good,Completed
TC0003250,TEP0002482,Mohan Shekar,M,42,9151439610,Badepally,Jadcherla,Mahabubnagar,2026-07-13,FAC002,Cough,Diabetes,Assisted video,21,No,Yes,No,,19.9,Urdu,Good,Completed
TC0003251,TEP0002483,Deepika Jangam,F,33,9414359716,Kummarikunta,Chandur,Nalgonda,2026-05-20,FAC013,Abdominal discomfort,Dermatology,Video,7,Yes,No,No,,6.5,Telugu,Fair,Completed
TC0003252,TEP0002483,Deepika Jangam,F,33,9414359716,Kummarikunta,Chandur,Nalgonda,2026-07-15,FAC014,Cough,Diabetes,Audio,23,No,No,Yes,7,7.3,Telugu,Poor,Completed
TC0003253,TEP0002484,Swati Begum,F,53,9981774513,Chandur,Chandur,Nalgonda,2026-04-22,FAC014,Headache,Musculoskeletal,Video,11,No,No,No,,20.6,Telugu,Poor,Completed
TC0003254,TEP0002485,Rani Reddy,F,64,9022374548,Bhanur,Patancheru,Sangareddy,2026-02-17,FAC026,Dizziness,Respiratory,Video,9,Yes,No,Yes,14,12.8,Telugu,Good,Completed
TC0003255,TEP0002486,Mahesh Jangam,M,28,9598898528,Balanagar,Balanagar,Mahabubnagar,2026-01-30,FAC005,Cough,Dermatology,Audio,21,Yes,No,No,,10.4,Telugu,Good,Completed
TC0003256,TEP0002486,Mhesh Jangam,M,27,9598898528,Balanagar,Balanagar,Mahabubnagar,2026-07-04,FAC004,Fever,Other,Assisted video,8,Yes,No,Yes,7,10.8,Telugu,Poor,Completed
TC0003257,TEP0002487,Lkshmi Rao,F,67,9340898866,Peddadinne,Devarakonda,Nalgonda,2026-02-03,FAC011,Body pain,Respiratory,Audio,9,Yes,No,No,,13.9,Urdu,Poor,Completed
TC0003258,TEP0002488,Shobha Yadav,F,51,9517657662,Narayankhed,Narayankhed,Sangareddy,2026-06-01,FAC019,Skin complaint,Hypertension+Diabetes,Video,14,Yes,Yes,Yes,7,28.2,Telugu,Fair,Completed
TC0003259,TEP0002489,Santosh Krishna,M,54,,Kummarikunta,Chandur,Nalgonda,2026-03-14,FAC013,Abdominal discomfort,Respiratory,Video,15,No,No,Yes,30,6.5,Urdu,Fair,Completed
TC0003260,TEP0002490,Lakshmi Patel,F,40,+91-93274-06888,Devarakonda,Devarakonda,Nalgonda,2026-07-26,FAC012,Fever,Hypertension,Audio,16,Yes,Yes,Yes,14,22.1,Telugu,Poor,Completed
TC0003261,TEP0002491,Bhavani Das,F,76,,Nakrekal,Nakrekal,Nalgonda,2026-02-22,FAC016,Abdominal discomfort,Dermatology,Video,16,Yes,Yes,Yes,21,35.5,Telugu,Fair,Completed
TC0003262,TEP0002491,Bhawani Das,F,76,9146769545,NAKREKAL,Nakrekal,Nalgonda,2026-04-23,FAC016,Fever,Dermatology,Video,7,Yes,No,No,,35.5,Telugu,Good,Completed
TC0003263,TEP0002492,Ravi Laxman,M,49,9186451230,Nakrekal,Nakrekal,Nalgonda,2026-05-22,FAC016,Headache,Fever/Infection,Video,21,No,Yes,Yes,21,35.5,Telugu,Poor,Completed
TC0003264,TEP0002493,Swathi Mallaiah,F,46,,Jharasangam,Zaheerabad,Sangareddy,2026-05-26,FAC024,Dizziness,Gastrointestinal,Video,17,Yes,No,No,,2.6,Telugu,Poor,Completed
TC0003265,TEP0002494,Vinod Begum,M,37,9800950976,Zaheerabad,Zaheerabad,Sangareddy,2026-06-26,FAC024,Fever,Gastrointestinal,Video,14,Yes,No,Yes,7,28.3,Urdu,Good,Completed
TC0003266,TEP0002495,Mhesh Yadav,M,30,9323268754,Devarakonda,Devarakonda,Nalgonda,2026-02-21,FAC010,Dizziness,Musculoskeletal,Audio,16,Yes,No,No,,22.8,Telugu,Good,Completed
TC0003267,TEP0002496,Mahesh Krishna,M,28,9828079825,Zaheerabad,Zaheerabad,Sangareddy,2026-06-22,FAC022,Headache,Hypertension,Audio,19,Yes,No,Yes,14,25.3,Telugu,Fair,Completed
TC0003268,TEP0002497,Shobha Laxman,F,88,+91-96659-90074,Devarakonda,Devarakonda,Nalgonda,2026-02-13,FAC010,Headache,Hypertension,Assisted video,19,Yes,Yes,No,,22.8,Telugu,Fair,Completed
TC0003269,TEP0002498,Rani Basha,F,67,9350479857,Indresham,Patancheru,Sangareddy,2026-01-18,FAC025,Fever,Other,Assisted video,19,Yes,Yes,Yes,14,19.2,Telugu,Poor,Completed
TC0003270,TEP0002498,Rani Basha,F,67,+91-93504-79857,Indresham,Patancheru,Sangareddy,2026-03-04,FAC026,Cough,Diabetes,Video,17,No,Yes,Yes,21,11.5,Telugu,Good,Completed
TC0003271,TEP0002499,Mahesh Mudiraj,M,35,9649856641,Bhanur,Patancheru,Sangareddy,2026-05-08,FAC025,Fever,Musculoskeletal,Audio,18,Yes,No,No,,18.7,Telugu,Fair,Completed
TC0003272,TEP0002499,Mahesh Mudiraj,M,36,9649356641,BHANUR,Patancheru,Sangareddy,2026-05-22,FAC026,Dizziness,Other,Video,23,Yes,No,Yes,7,12.8,Telugu,Poor,Completed
TC0003273,TEP0002499,Mahesh Mudiraj,M,35,,Bhanur,Patancheru,Sangareddy,2026-06-01,FAC026,Skin complaint,Musculoskeletal,Assisted video,18,Yes,No,No,,12.8,Telugu,Fair,Completed
TC0003274,TEP0002500,Naresh Narsimha,M,87,9528261033,Nakrekal,Nakrekal,Nalgonda,2026-05-15,FAC016,Fever,Musculoskeletal,Video,7,Yes,No,No,,35.5,Telugu,Good,Completed
TC0003275,TEP0002501,Srinivas Yadav,M,62,9768802683,Badepally,Jadcherla,Mahabubnagar,2026-05-27,FAC001,Skin complaint,Dermatology,Audio,9,Yes,No,Yes,14,11.4,Telugu,Good,Completed
TC0003276,TEP0002502,Padma Naik,F,50,9323022352,Kohir,Zaheerabad,Sangareddy,2026-07-22,FAC022,Cough,Other,Audio,7,Yes,Yes,Yes,21,3.6,Telugu,Fair,Completed
TC0003277,TEP0002503,Rajesh Chary,M,50,9429710331,Mogudampally,Zaheerabad,Sangareddy,2026-03-31,FAC023,Dizziness,Other,Video,17,No,No,Yes,7,22.3,Telugu,Fair,Completed
TC0003278,TEP0002504,Aneetha Rao,F,38,9854966424,Donur,Midjil,Mahabubnagar,2026-06-20,FAC007,Fever,Diabetes,Assisted video,10,Yes,No,Yes,7,23.7,Telugu,Good,Completed
TC0003279,TEP0002505,Ramesh Basha,M,50,9394807899,Bodajanampet,Balanagar,Mahabubnagar,2026-04-17,FAC005,Cough,Musculoskeletal,Video,18,Yes,No,Yes,14,26.6,Telugu,Fair,Completed
TC0003280,TEP0002506,Praveen Khan,M,31,9608828433,Mangalapally,Nakrekal,Nalgonda,2026-01-07,FAC017,Skin complaint,Respiratory,Video,12,Yes,Yes,Yes,21,21.1,Telugu,Poor,Completed
TC0003281,TEP0002507,Naresh Yadav,M,56,9912696854,Jharasangam,Zaheerabad,Sangareddy,2026-07-18,FAC022,Cough,Diabetes,Assisted video,10,Yes,No,Yes,30,5.6,Telugu,Poor,Completed
TC0003282,TEP0002508,Mouneeka Devi,F,28,9661078251,Nermata,Chandur,Nalgonda,2026-02-03,FAC015,Body pain,Hypertension,Assisted video,9,No,No,No,,22.4,Telugu,Poor,Completed
TC0003283,TEP0002509,Ramesh Patel,M,66,9441254088,Velpula,Midjil,Mahabubnagar,2026-01-12,FAC007,Skin complaint,Diabetes,Audio,12,Yes,Yes,Yes,7,17.9,English,Good,Completed
TC0003284,TEP0002510,Srilatha Khan,F,34,9935010609,NARAYANKHED,Narayankhed,Sangareddy,2026-06-13,FAC020,Fever,Other,Assisted video,15,Yes,No,Yes,30,23.7,Telugu,Fair,Completed
TC0003285,TEP0002510,Srilatha Khan,F,34,9935010609,Narayankhed,Narayankhed,Sangareddy,2026-07-15,FAC021,Fever,Respiratory,Audio,15,Yes,Yes,No,,7.0,Telugu,Poor,Completed
TC0003286,TEP0002511,Raju Shekar,M,35,9437799957,Mangalapally,Nakrekal,Nalgonda,2026-02-08,FAC016,Abdominal discomfort,Diabetes,Audio,15,Yes,No,No,,4.1,Telugu,Good,Completed
TC0003287,TEP0002511,Raju Shekar,M,35,9437799957,Mangalapally,Nakrekal,Nalgonda,2026-07-04,FAC018,Body pain,Hypertension+Diabetes,Assisted video,22,Yes,No,Yes,30,35.0,Telugu,Fair,Completed
TC0003288,TEP0002512,Venkatesh Mallaiah,M,56,9854763615,Vemula,Midjil,Mahabubnagar,2026-04-03,FAC008,Dizziness,Musculoskeletal,Video,8,Yes,No,Yes,7,22.2,Telugu,Fair,Completed
TC0003289,TEP0002513,Shankar Narsimha,M,23,9292410609,Patancheru,Patancheru,Sangareddy,2026-03-24,FAC026,Dizziness,Respiratory,Audio,11,Yes,Yes,Yes,7,23.1,Telugu,Good,Completed
TC0003290,TEP0002513,Shankar Narsimha,M,22,9292410609,Patancheru,Patancheru,Sangareddy,2026-04-21,FAC026,Cough,Respiratory,Assisted video,18,No,No,Yes,7,23.1,Telugu,Good,Completed
TC0003291,TEP0002514,Rajesh Devi,M,72,9966919168,Bodajanampet,Balanagar,Mahabubnagar,2026-04-14,FAC005,Headache,Diabetes,Assisted video,17,Yes,Yes,Yes,21,26.6,Urdu,Poor,Completed
TC0003292,TEP0002515,Anjali Begum,F,45,9084469773,Mogudampally,Zaheerabad,Sangareddy,2026-05-28,FAC022,Skin complaint,Hypertension+Diabetes,Audio,18,Yes,Yes,Yes,30,13.2,Telugu,Fair,Completed
TC0003293,TEP0002515,Anjali Begum,F,45,9084469773,Mogudampally,Zaheerabad,Sangareddy,2026-06-29,FAC022,Fever,Hypertension+Diabetes,Audio,22,Yes,No,No,,13.2,Telugu,Good,Completed
TC0003294,TEP0002516,Divya Rao,F,56,9300208034,PEDDADINNE,Devarakonda,Nalgonda,2026-04-21,FAC012,Routine NCD review,Hypertension,Video,17,Yes,Yes,Yes,21,6.6,Telugu,Poor,Completed
TC0003295,TEP0002517,Santosh Goud,M,68,9014782384,Midjil,Midjil,Mahabubnagar,2026-07-11,FAC008,Fever,Respiratory,Audio,19,Yes,No,Yes,14,11.3,Urdu,Poor,Completed
TC0003296,TEP0002518,Anjali Chary,F,59,9436288422,Indresham,Patancheru,Sangareddy,2026-05-23,FAC027,Body pain,Hypertension,Assisted video,15,Yes,Yes,Yes,30,22.3,Urdu,Poor,Completed
TC0003297,TEP0002518,Anjali Chary,F,61,9436288422,Indresham,Patancheru,Sangareddy,2026-06-16,FAC025,Body pain,Hypertension,Assisted video,9,Yes,Yes,No,,19.2,Urdu,Poor,Completed
TC0003298,TEP0002519,Prveen Chary,M,21,9437847708,Gangapur,Jadcherla,Mahabubnagar,2026-08-06,FAC001,Abdominal discomfort,Diabetes,Video,19,Yes,No,No,,20.2,English,Fair,Completed
TC0003299,TEP0002520,Sushma Laxman,F,61,9296290746,Kohir,Zaheerabad,Sangareddy,2026-08-09,FAC023,Dizziness,Fever/Infection,Assisted video,11,No,No,Yes,14,15.7,Telugu,Good,Completed
TC0003300,TEP0002521,Kavitha,F,56,+91-92694-46327,Nomula,Nakrekal,Nalgonda,2026-02-25,FAC018,Headache,Respiratory,Assisted video,20,Yes,No,No,,2.2,Telugu,Poor,Completed
TC0003301,TEP0002521,Kavitha Goud,F,56,9269446327,Nomula,Nakrekal,Nalgonda,2026-04-19,FAC018,Headache,Musculoskeletal,Assisted video,9,Yes,Yes,Yes,21,2.2,Telugu,Good,Completed
TC0003302,TEP0002522,Anitha Begum,F,18,9625204727,Balanagar,Balanagar,Mahabubnagar,2026-05-03,FAC006,Skin complaint,Dermatology,Audio,11,Yes,Yes,Yes,14,1.4,Urdu,Poor,Completed
TC0003303,TEP0002523,Anjali Basha,F,50,9368455465,MIDJIL,Midjil,Mahabubnagar,2026-03-06,FAC007,Routine NCD review,Other,Video,7,No,No,Yes,21,7.6,Telugu,Good,Completed
TC0003304,TEP0002524,Swathi Rao,F,25,9949246542,Macharam,Jadcherla,Mahabubnagar,2026-08-11,FAC001,Abdominal discomfort,Hypertension,Assisted video,7,Yes,Yes,No,,17.2,Telugu,Poor,Completed
TC0003305,TEP0002525,Sntosh Naik,M,43,9787905447,Bhanur,Patancheru,Sangareddy,2026-07-19,FAC027,Routine NCD review,Respiratory,Audio,9,Yes,No,Yes,14,18.4,Telugu,Fair,Completed
TC0003306,TEP0002526,Mounika Mudiraj,F,78,9554112600,Bangarigadda,Chandur,Nalgonda,2026-06-25,FAC013,Abdominal discomfort,Diabetes,Video,19,Yes,Yes,Yes,14,16.9,Telugu,Fair,Completed
TC0003307,TEP0002526,Mouneeka Mudiraj,F,76,9554112600,Bangarigadda,Chandur,Nalgonda,2026-08-01,FAC014,Headache,Fever/Infection,Audio,11,Yes,No,No,,17.6,Telugu,Fair,Completed
TC0003308,TEP0002527,Shobha Basha,F,37,9617725361,Rajapur,Balanagar,Mahabubnagar,2026-05-09,FAC006,Headache,Diabetes,Audio,20,Yes,Yes,No,,8.7,Urdu,Good,Completed
TC0003309,TEP0002528,Venkatesh Mallaiah,M,43,,JHARASANGAM,Zaheerabad,Sangareddy,2026-07-30,FAC022,Abdominal discomfort,Hypertension,Assisted video,11,No,Yes,Yes,21,5.6,Telugu,Good,Completed
TC0003310,TEP0002529,Ravi Khan,M,67,,Mogudampally,Zaheerabad,Sangareddy,2026-04-12,FAC023,Headache,Fever/Infection,Video,12,Yes,Yes,No,,22.3,Telugu,Fair,Completed
TC0003311,TEP0002530,Vinod Shekar,M,47,9847099561,Bhanur,Patancheru,Sangareddy,2026-04-27,FAC025,Routine NCD review,Hypertension,Audio,23,Yes,Yes,No,,18.7,Telugu,Fair,Completed
TC0003312,TEP0002530,Vinod Shekar,M,49,9847099561,Bhanur,Patancheru,Sangareddy,2026-06-16,FAC025,Skin complaint,Musculoskeletal,Audio,9,Yes,No,Yes,7,18.7,Telugu,Poor,Completed
TC0003313,TEP0002531,Ravi Basha,M,58,+91-99595-22578,Marrur,Nakrekal,Nalgonda,2026-08-11,FAC017,Cough,Musculoskeletal,Video,7,Yes,No,Yes,14,25.8,Telugu,Fair,Completed
TC0003314,TEP0002532,Anjali Basha,F,62,9583720647,Donur,Midjil,Mahabubnagar,2026-06-16,FAC009,Body pain,Dermatology,Audio,14,Yes,No,Yes,21,14.1,Telugu,Good,Completed
TC0003315,TEP0002533,Mohan Laxman,M,51,9982017512,Bodajanampet,Balanagar,Mahabubnagar,2026-04-26,FAC005,Headache,Fever/Infection,Assisted video,24,Yes,No,Yes,21,26.6,Telugu,Poor,Completed
TC0003316,TEP0002533,Mohan Laxman,M,49,9982017312,Bodajanampet,Balanagar,Mahabubnagar,2026-05-26,FAC006,Dizziness,Hypertension,Audio,8,Yes,No,Yes,21,33.3,Telugu,Poor,Completed
TC0003317,TEP0002534,Vinod Das,M,52,9810272226,Nomula,Nakrekal,Nalgonda,2026-04-27,FAC016,Cough,Respiratory,Audio,11,Yes,Yes,Yes,30,36.1,Telugu,Fair,Completed
TC0003318,TEP0002535,Anil Jangam,M,48,9773153326,Kangti,Narayankhed,Sangareddy,2026-07-03,FAC020,Skin complaint,Diabetes,Video,16,Yes,No,No,,11.9,English,Fair,Completed
TC0003319,TEP0002536,Srilatha Shekar,F,63,9819968863,Ameenpur,Patancheru,Sangareddy,2026-06-17,FAC025,Abdominal discomfort,Fever/Infection,Video,21,Yes,No,Yes,14,13.0,Telugu,Fair,Completed
TC0003320,TEP0002537,Naresh Shekar,M,42,9952308229,Velpula,Midjil,Mahabubnagar,2026-06-10,FAC009,Fever,Diabetes,Assisted video,22,Yes,No,Yes,21,4.2,Telugu,Fair,Completed
TC0003321,TEP0002537,Naresh Shekar,M,44,9952308229,Velpula,Midjil,Mahabubnagar,2026-07-02,FAC008,Body pain,Diabetes,Audio,17,Yes,No,Yes,21,12.6,Telugu,Good,Completed
TC0003322,TEP0002538,Arun Shekar,M,18,9684445372,Jharasangam,Zaheerabad,Sangareddy,2026-04-10,FAC023,Skin complaint,Respiratory,Video,8,No,Yes,Yes,14,18.7,Telugu,Fair,Completed
TC0003323,TEP0002539,Naresh Goud,M,20,9821409165,Nakrekal,Nakrekal,Nalgonda,2026-03-24,FAC018,Skin complaint,Gastrointestinal,Video,10,Yes,No,No,,16.2,Telugu,Good,Completed
TC0003324,TEP0002540,Naveen Mallaiah,M,56,9244881568,Gundlapally,Devarakonda,Nalgonda,2026-06-01,FAC012,Cough,Hypertension,Assisted video,13,Yes,No,No,,25.4,Telugu,Fair,Completed
TC0003325,TEP0002540,Naveen Mallaiah,M,60,9244881568,Gundlapally,Devarakonda,Nalgonda,2026-08-07,FAC010,Body pain,Hypertension+Diabetes,Audio,12,Yes,Yes,No,,26.3,Telugu,Fair,Completed
TC0003326,TEP0002541,Naveen Das,M,30,9496467678,Gangapur,Jadcherla,Mahabubnagar,2026-01-26,FAC001,Dizziness,Musculoskeletal,Video,15,Yes,No,Yes,7,20.2,Telugu,Poor,Completed
TC0003327,TEP0002542,Bhavani Naik,F,26,9488832527,Manoor,Narayankhed,Sangareddy,2026-07-20,FAC019,Headache,Hypertension,Video,13,Yes,Yes,Yes,7,33.3,Telugu,Good,Completed
TC0003328,TEP0002543,Vinod Begum,M,57,9616447251,Polepally,Jadcherla,Mahabubnagar,2026-03-24,FAC003,Fever,Dermatology,Video,14,Yes,No,No,,21.0,Telugu,Good,Completed
TC0003329,TEP0002544,Sai Laxman,M,32,9130080057,Nermata,Chandur,Nalgonda,2026-06-14,FAC015,Routine NCD review,Respiratory,Video,13,No,Yes,Yes,7,22.4,Telugu,Good,Completed
TC0003330,TEP0002544,Sai Laxman,M,32,9130080057,Nermata,Chandur,Nalgonda,2026-06-20,FAC013,Routine NCD review,Gastrointestinal,Audio,23,No,No,Yes,30,19.7,Telugu,Good,Completed
TC0003331,TEP0002545,Praveen Begum,M,60,+91-98812-08665,Ameenpur,Patancheru,Sangareddy,2026-01-07,FAC027,Body pain,Dermatology,Video,17,Yes,No,Yes,30,27.9,Telugu,Poor,Completed
TC0003332,TEP0002546,Srinivas Goud,M,53,9944830635,MANGALAPALLY,Nakrekal,Nalgonda,2026-06-07,FAC017,Abdominal discomfort,Hypertension,Audio,21,No,No,Yes,21,21.1,Telugu,Good,Completed
TC0003333,TEP0002547,Mahesh Mudiraj,M,55,9507805127,Macharam,Jadcherla,Mahabubnagar,2026-01-16,FAC003,Abdominal discomfort,Hypertension,Video,23,No,No,No,,12.8,Telugu,Poor,Completed
TC0003334,TEP0002547,Mahesh Mudiraj,M,56,9507805127,Macharam,Jadcherla,Mahabubnagar,2026-03-10,FAC001,Cough,Fever/Infection,Audio,8,Yes,No,No,,17.2,Telugu,Poor,Completed
TC0003335,TEP0002548,Rajesh Mudiraj,M,29,9515362352,Bhanur,Patancheru,Sangareddy,2026-08-04,FAC025,Headache,Gastrointestinal,Video,23,Yes,Yes,Yes,7,18.7,Telugu,Poor,Completed
TC0003336,TEP0002549,Sai Kumar,M,34,9052349883,Kalher,Narayankhed,Sangareddy,2026-03-14,FAC019,Skin complaint,Hypertension,Video,11,Yes,No,No,,24.9,Urdu,Good,Completed
TC0003337,TEP0002550,Shobha Das,F,52,9645357411,Zaheerabad,Zaheerabad,Sangareddy,2026-01-11,FAC024,Body pain,Musculoskeletal,Assisted video,13,Yes,Yes,No,,28.3,Telugu,Good,Completed
TC0003338,TEP0002551,Padma Rao,F,50,9356447579,Narayankhed,Narayankhed,Sangareddy,2026-01-16,FAC021,Headache,Diabetes,Video,19,Yes,Yes,Yes,7,7.0,Telugu,Poor,Completed
TC0003339,TEP0002552,Rawi Devi,M,40,9937571760,Rajapur,Balanagar,Mahabubnagar,2026-03-05,FAC004,Dizziness,Dermatology,Assisted video,21,Yes,Yes,Yes,14,13.9,Telugu,Poor,Completed
TC0003340,TEP0002553,Deepika Narsimha,F,45,9149733816,Kangti,Narayankhed,Sangareddy,2026-07-08,FAC020,Fever,Respiratory,Assisted video,7,Yes,No,Yes,14,11.9,Telugu,Good,Completed
TC0003341,TEP0002554,Sreenivas Chary,M,46,9220957486,Chandur,Chandur,Nalgonda,2026-06-23,FAC014,Fever,Dermatology,Video,18,Yes,No,No,,20.6,Telugu,Poor,Completed
TC0003342,TEP0002555,Swathi Rao,F,20,9026838834,Mangalapally,Nakrekal,Nalgonda,2026-01-21,FAC017,Fever,Hypertension,Audio,18,Yes,Yes,Yes,30,21.1,Telugu,Good,Completed
TC0003343,TEP0002556,Sai Patel,M,66,,Kummarikunt,Chandur,Nalgonda,2026-02-24,FAC013,Fever,Dermatology,Assisted video,12,Yes,No,Yes,30,6.5,Telugu,Fair,Completed
TC0003344,TEP0002557,Shobha Narsimha,F,83,+91-98594-69681,Peddadinne,Devarakonda,Nalgonda,2026-06-02,FAC010,Body pain,Hypertension,Assisted video,22,Yes,No,Yes,21,7.4,Telugu,Poor,Completed
TC0003345,TEP0002558,Srilatha Mudiraj,F,20,9553706130,Devarakonda,Devarakonda,Nalgonda,2026-07-04,FAC012,Abdominal discomfort,Hypertension,Assisted video,21,Yes,No,No,,22.1,Telugu,Fair,Completed
TC0003346,TEP0002559,Santosh Patel,M,49,9756073247,Midji,Midjil,Mahabubnagar,2026-01-06,FAC008,Routine NCD review,Fever/Infection,Audio,22,Yes,Yes,No,,11.3,Urdu,Poor,Completed
TC0003347,TEP0002560,Ravi Naik,M,61,9054933070,Vemula,Midjil,Mahabubnagar,2026-01-09,FAC009,Dizziness,Respiratory,Assisted video,18,Yes,No,Yes,30,7.3,Telugu,Poor,Completed
TC0003348,TEP0002560,Ravi,M,61,,Vemula,Midjil,Mahabubnagar,2026-03-16,FAC007,Body pain,Respiratory,Assisted video,16,No,Yes,Yes,21,25.7,Telugu,Good,Completed
TC0003349,TEP0002561,Lalitha Krishna,F,25,9635602547,Bodajanampet,Balanagar,Mahabubnagar,2026-02-02,FAC005,Cough,Hypertension+Diabetes,Assisted video,10,Yes,Yes,Yes,7,26.6,Telugu,Good,Completed
TC0003350,TEP0002562,Swathi Rao,F,40,+91-90324-28294,Zaheerabad,Zaheerabad,Sangareddy,2026-02-22,FAC022,Skin complaint,Diabetes,Assisted video,20,Yes,No,No,,25.3,Urdu,Fair,Completed
TC0003351,TEP0002562,Swathi Rao,F,40,9032428294,Zaheerabad,Zaheerabad,Sangareddy,2026-04-07,FAC024,Skin complaint,Dermatology,Video,22,Yes,Yes,No,,28.3,Urdu,Fair,Completed
TC0003352,TEP0002563,Ravi Naik,M,62,9715055126,Kummarikunta,Chandur,Nalgonda,2026-07-02,FAC014,Headache,Fever/Infection,Audio,8,Yes,No,No,,7.3,Telugu,Fair,Completed
TC0003353,TEP0002564,Vinod Laxman,M,44,9355012279,Kohir,Zaheerabad,Sangareddy,2026-05-16,FAC023,Abdominal discomfort,Other,Video,22,No,Yes,Yes,7,15.7,Urdu,Poor,Completed
TC0003354,TEP0002565,Kiran Begum,M,60,9122957685,Velpula,Midjil,Mahabubnagar,2026-05-26,FAC007,Dizziness,Diabetes,Video,24,Yes,Yes,Yes,21,17.9,Telugu,Poor,Completed
TC0003355,TEP0002566,Padma Narsimha,F,34,9876886011,Nakreka,Nakrekal,Nalgonda,2026-03-18,FAC016,Abdominal discomfort,Diabetes,Assisted video,20,Yes,No,Yes,14,35.5,Telugu,Fair,Completed
TC0003356,TEP0002567,Sreenivas Das,M,52,9806460499,Devarakonda,Devarakonda,Nalgonda,2026-04-18,FAC012,Body pain,Hypertension,Assisted video,19,Yes,No,Yes,30,22.1,Telugu,Good,Completed
TC0003357,TEP0002568,Nirmala Devi,F,38,9817201711,Midji,Midjil,Mahabubnagar,2026-04-14,FAC007,Dizziness,Dermatology,Assisted video,21,No,Yes,Yes,7,7.6,Telugu,Fair,Completed
TC0003358,TEP0002569,Harika Krishna,F,23,9089707071,Kangti,Narayankhed,Sangareddy,2026-02-05,FAC020,Headache,Respiratory,Video,12,No,No,No,,11.9,Telugu,Fair,Completed
TC0003359,TEP0002570,Divya Rao,F,25,9849785862,Velpula,Midjil,Mahabubnagar,2026-03-06,FAC007,Cough,Musculoskeletal,Audio,12,Yes,No,Yes,30,17.9,Telugu,Poor,Completed
TC0003360,TEP0002570,Divya Rao,F,24,9849785862,Velpula,Midjil,Mahabubnagar,2026-08-10,FAC007,Headache,Other,Video,23,No,Yes,Yes,30,17.9,Telugu,Fair,Completed
TC0003361,TEP0002571,Naresh Basha,M,55,9260753692,Devarakond,Devarakonda,Nalgonda,2026-08-15,FAC010,Abdominal discomfort,Fever/Infection,Assisted video,18,Yes,Yes,No,,22.8,Telugu,Fair,Completed
TC0003362,TEP0002572,Saritha Shekar,F,77,+91-95166-29132,Bhanu,Patancheru,Sangareddy,2026-08-15,FAC026,Headache,Hypertension+Diabetes,Audio,16,Yes,No,Yes,7,12.8,Telugu,Poor,Completed
TC0003363,TEP0002573,Saritha Chary,F,45,9158011509,Ameenpur,Patancheru,Sangareddy,2026-04-19,FAC027,Skin complaint,Musculoskeletal,Assisted video,23,Yes,Yes,Yes,14,27.9,Telugu,Fair,Completed
TC0003364,TEP0002574,Venkatesh Reddy,M,32,9383005047,Kallepally,Balanagar,Mahabubnagar,2026-04-15,FAC006,Dizziness,Gastrointestinal,Assisted video,7,Yes,Yes,No,,35.4,Telugu,Fair,Completed
TC0003365,TEP0002575,Padma Rao,F,58,+91-99716-00739,Bhanur,Patancheru,Sangareddy,2026-07-29,FAC026,Fever,Hypertension,Assisted video,13,Yes,Yes,Yes,30,12.8,Telugu,Poor,Completed
TC0003366,TEP0002576,Sushma Rao,F,38,9624136217,Jharasangam,Zaheerabad,Sangareddy,2026-07-23,FAC024,Skin complaint,Gastrointestinal,Video,14,Yes,Yes,Yes,30,2.6,Telugu,Fair,Completed
TC0003367,TEP0002577,Venkatesh Mallaiah,M,88,9325902649,Kallepally,Balanagar,Mahabubnagar,2026-07-14,FAC006,Skin complaint,Musculoskeletal,Audio,23,Yes,Yes,No,,35.4,Telugu,Fair,Completed
TC0003368,TEP0002578,Shobha Reddy,F,59,9284092049,Polepally,Jadcherla,Mahabubnagar,2026-08-08,FAC001,Body pain,Other,Audio,15,Yes,Yes,Yes,30,25.4,Telugu,Poor,Completed
TC0003369,TEP0002579,Lakshmi Mallaiah,F,61,9954523778,Chandur,Chandur,Nalgonda,2026-03-23,FAC014,Abdominal discomfort,Other,Assisted video,23,Yes,No,Yes,30,20.6,Telugu,Good,Completed
TC0003370,TEP0002579,Lakshmi Mallaiah,F,60,9954523778,Chandur,Chandur,Nalgonda,2026-05-15,FAC013,Body pain,Respiratory,Assisted video,13,Yes,No,Yes,14,21.3,Telugu,Fair,Completed
TC0003371,TEP0002580,Mahesh Devi,M,62,9178562636,Kalher,Narayankhed,Sangareddy,2026-03-18,FAC020,Body pain,Musculoskeletal,Audio,12,Yes,No,Yes,7,29.6,Telugu,Good,Completed
TC0003372,TEP0002581,Kiran Goud,M,19,9797053575,Midjil,Midjil,Mahabubnagar,2026-07-29,FAC008,Cough,Hypertension,Audio,8,No,Yes,No,,11.3,Telugu,Poor,Completed
TC0003373,TEP0002582,Srilatha Reddy,F,26,9024964598,Mogudampally,Zaheerabad,Sangareddy,2026-06-10,FAC022,Body pain,Other,Audio,19,Yes,No,No,,13.2,Telugu,Good,Completed
TC0003374,TEP0002582,Srilata Reddy,F,26,9024964598,Mogudampalli,Zaheerabad,Sangareddy,2026-07-05,FAC024,Dizziness,Hypertension+Diabetes,Audio,12,No,No,Yes,21,16.8,Telugu,Poor,Completed
TC0003375,TEP0002583,Hareeka Mudiraj,F,42,9043168494,Gundlapally,Devarakonda,Nalgonda,2026-03-01,FAC012,Headache,Hypertension,Assisted video,9,Yes,No,Yes,7,25.4,Telugu,Fair,Completed
TC0003376,TEP0002583,Harika Mudiraj,F,41,+91-90431-68994,Gundlapally,Devarakonda,Nalgonda,2026-06-01,FAC010,Skin complaint,Hypertension,Audio,12,Yes,No,Yes,14,26.3,Telugu,Good,Completed
TC0003377,TEP0002584,Deepika Mudiraj,F,52,9918085685,Nomula,Nakrekal,Nalgonda,2026-07-24,FAC016,Cough,Musculoskeletal,Audio,8,Yes,No,No,,36.1,Telugu,Poor,Completed
TC0003378,TEP0002585,Harika Goud,F,43,9899004095,Balanaga,Balanagar,Mahabubnagar,2026-07-28,FAC005,Cough,Fever/Infection,Video,13,Yes,No,Yes,14,10.4,Telugu,Good,Completed
TC0003379,TEP0002586,Jyothi Naik,F,63,9103721879,Kallepally,Balanagar,Mahabubnagar,2026-03-10,FAC004,Abdominal discomfort,Musculoskeletal,Audio,16,Yes,No,Yes,21,26.4,Telugu,Fair,Completed
TC0003380,TEP0002586,Jyothi Naik,F,63,9103721879,Kallepally,Balanagar,Mahabubnagar,2026-06-27,FAC006,Skin complaint,Respiratory,Video,22,Yes,No,Yes,30,35.4,Telugu,Poor,Completed
TC0003381,TEP0002587,Naveen Jangam,M,76,9002740837,Gangapur,Jadcherla,Mahabubnagar,2026-08-02,FAC002,Routine NCD review,Hypertension,Audio,8,Yes,Yes,Yes,21,38.9,Telugu,Fair,Completed
TC0003382,TEP0002588,Naveen Mudiraj,M,45,,Kohir,Zaheerabad,Sangareddy,2026-07-10,FAC023,Fever,Fever/Infection,Assisted video,19,No,No,No,,15.7,Telugu,Poor,Completed
TC0003383,TEP0002589,Mohan Narsimha,M,50,+91-96453-74327,Ameenpur,Patancheru,Sangareddy,2026-03-31,FAC025,Cough,Other,Audio,13,No,No,Yes,21,13.0,Telugu,Poor,Completed
TC0003384,TEP0002590,Padma Yadav,F,62,9049147106,Kalher,Narayankhed,Sangareddy,2026-02-09,FAC021,Abdominal discomfort,Other,Video,13,Yes,No,Yes,21,22.9,Telugu,Good,Completed
TC0003385,TEP0002590,Padma Yadav,F,64,9049147106,Kalher,Narayankhed,Sangareddy,2026-07-11,FAC019,Abdominal discomfort,Dermatology,Audio,22,Yes,No,Yes,21,24.9,Telugu,Good,Completed
TC0003386,TEP0002591,Srilata Krishna,F,41,,Mangalapally,Nakrekal,Nalgonda,2026-02-07,FAC016,Routine NCD review,Diabetes,Video,12,Yes,Yes,Yes,21,4.1,Telugu,Poor,Completed
TC0003387,TEP0002592,Anitha Goud,F,63,9267769480,Bodajanampet,Balanagar,Mahabubnagar,2026-05-23,FAC005,Dizziness,Other,Video,8,Yes,Yes,Yes,14,26.6,Telugu,Poor,Completed
TC0003388,TEP0002593,Shankar Narsimha,M,59,9880263333,Mogudampally,Zaheerabad,Sangareddy,2026-03-12,FAC024,Fever,Musculoskeletal,Video,14,Yes,No,No,,16.8,Telugu,Poor,Completed
TC0003389,TEP0002593,Shankar Narsimha,M,57,9880263333,Mogudampalli,Zaheerabad,Sangareddy,2026-06-04,FAC022,Cough,Hypertension,Video,22,Yes,No,No,,13.2,Telugu,Good,Completed
TC0003390,TEP0002594,Shankar Chary,M,50,9129253726,Nakrekal,Nakrekal,Nalgonda,2026-03-06,FAC017,Skin complaint,Hypertension,Audio,9,Yes,Yes,No,,36.5,Telugu,Good,Completed
TC0003391,TEP0002595,Mounika Patel,F,53,9607587864,Kummarikunta,Chandur,Nalgonda,2026-03-14,FAC013,Routine NCD review,Other,Assisted video,20,Yes,No,Yes,21,6.5,Telugu,Poor,Completed
TC0003392,TEP0002596,Anitha Shekar,F,76,9641145576,Kangti,Narayankhed,Sangareddy,2026-07-21,FAC019,Dizziness,Hypertension,Audio,18,Yes,Yes,No,,20.3,Telugu,Fair,Completed
TC0003393,TEP0002597,Lakshmi Jangam,F,37,9809229214,GUNDLAPALLY,Devarakonda,Nalgonda,2026-01-27,FAC011,Fever,Diabetes,Video,16,Yes,Yes,Yes,7,29.4,Urdu,Fair,Completed
TC0003394,TEP0002598,Kiran Mallaiah,M,51,9427969698,Midjil,Midjil,Mahabubnagar,2026-02-08,FAC009,Cough,Respiratory,Assisted video,8,No,Yes,Yes,30,19.5,English,Fair,Completed
TC0003395,TEP0002598,Kiran Mallaiah,M,51,9427969698,Midjil,Midjil,Mahabubnagar,2026-04-20,FAC007,Body pain,Gastrointestinal,Video,21,Yes,No,Yes,21,7.6,English,Fair,Completed
TC0003396,TEP0002599,Saritha Devi,F,44,,POLEPALLY,Jadcherla,Mahabubnagar,2026-03-22,FAC001,Headache,Gastrointestinal,Assisted video,18,Yes,Yes,No,,25.4,Telugu,Poor,Completed
TC0003397,TEP0002600,Santosh Jangam,M,41,9035232030,Indresham,Patancheru,Sangareddy,2026-04-25,FAC026,Skin complaint,Dermatology,Assisted video,9,No,Yes,Yes,14,11.5,Telugu,Fair,Completed
TC0003398,TEP0002601,Vinod Shekar,M,48,+91-98767-66616,Mogudampall,Zaheerabad,Sangareddy,2026-07-28,FAC023,Cough,Fever/Infection,Assisted video,13,Yes,No,Yes,7,22.3,Urdu,Good,Completed
TC0003399,TEP0002602,Harika Jangam,F,51,9796319795,Kalher,Narayankhed,Sangareddy,2026-01-09,FAC019,Routine NCD review,Fever/Infection,Assisted video,18,Yes,No,No,,24.9,Telugu,Fair,Completed
TC0003400,TEP0002603,Sushma Khan,F,50,9116093725,BALANAGAR,Balanagar,Mahabubnagar,2026-03-09,FAC006,Dizziness,Hypertension,Video,22,Yes,No,Yes,14,1.4,Telugu,Fair,Completed
TC0003401,TEP0002603,Sushma Khan,F,49,9116093725,Balanagar,Balanagar,Mahabubnagar,2026-08-14,FAC006,Skin complaint,Other,Video,9,Yes,Yes,Yes,30,1.4,Telugu,Fair,Completed
TC0003402,TEP0002604,Ravi Narsimha,M,43,,Zaheerabad,Zaheerabad,Sangareddy,2026-01-06,FAC022,Routine NCD review,Diabetes,Assisted video,14,Yes,Yes,Yes,7,25.3,Telugu,Poor,Completed
TC0003403,TEP0002604,Ravi,M,42,9969169716,Zaheerabad,Zaheerabad,Sangareddy,2026-07-29,FAC023,Body pain,Other,Audio,9,Yes,No,No,,17.3,Telugu,Poor,Completed
TC0003404,TEP0002605,Srinivas Goud,M,37,9785707491,Nakrekal,Nakrekal,Nalgonda,2026-05-29,FAC016,Fever,Musculoskeletal,Audio,14,No,Yes,Yes,30,35.5,Telugu,Good,Completed
TC0003405,TEP0002605,Srinivas Goud,M,37,9785707491,Nakrekal,Nakrekal,Nalgonda,2026-06-15,FAC017,Routine NCD review,Fever/Infection,Video,9,No,No,No,,36.5,Telugu,Fair,Completed
TC0003406,TEP0002606,Kavitha Mallaiah,F,44,9564982607,Marrur,Nakrekal,Nalgonda,2026-03-26,FAC016,Headache,Musculoskeletal,Assisted video,18,Yes,No,Yes,7,36.5,Urdu,Poor,Completed
TC0003407,TEP0002606,Kavitha Mallaiah,F,45,9564982607,Marrur,Nakrekal,Nalgonda,2026-06-22,FAC016,Dizziness,Other,Assisted video,8,No,Yes,Yes,14,36.5,Urdu,Poor,Completed
TC0003408,TEP0002607,Rani Das,F,60,9393854731,Polepally,Jadcherla,Mahabubnagar,2026-05-26,FAC001,Cough,Respiratory,Assisted video,24,Yes,No,Yes,30,25.4,Telugu,Fair,Completed
TC0003409,TEP0002608,Raju Shekar,M,38,9015511484,Velpula,Midjil,Mahabubnagar,2026-04-25,FAC009,Routine NCD review,Diabetes,Assisted video,14,Yes,No,No,,4.2,Telugu,Good,Completed
TC0003410,TEP0002609,Naveen Rao,M,46,9737116674,Chandur,Chandur,Nalgonda,2026-07-03,FAC013,Cough,Hypertension,Assisted video,7,Yes,Yes,Yes,7,21.3,Telugu,Fair,Completed
TC0003411,TEP0002610,Lalitha Das,F,76,,Ameenpur,Patancheru,Sangareddy,2026-04-03,FAC026,Fever,Other,Video,15,Yes,No,Yes,21,9.7,Telugu,Good,Completed
TC0003412,TEP0002611,Ramesh Basha,M,32,9652595760,Gangapur,Jadcherla,Mahabubnagar,2026-01-28,FAC001,Fever,Dermatology,Assisted video,11,Yes,No,No,,20.2,Telugu,Poor,Completed
TC0003413,TEP0002611,Ramesh Basha,M,32,9652595760,Gangapur,Jadcherla,Mahabubnagar,2026-04-23,FAC002,Headache,Dermatology,Audio,9,No,No,Yes,21,38.9,Telugu,Poor,Completed
TC0003414,TEP0002612,Saritha,F,48,9882239285,Gangapur,Jadcherla,Mahabubnagar,2026-04-27,FAC002,Fever,Gastrointestinal,Assisted video,16,Yes,No,No,,38.9,Telugu,Fair,Completed
TC0003415,TEP0002612,Saritha Krishna,F,49,9882289285,Gangapur,Jadcherla,Mahabubnagar,2026-05-17,FAC001,Skin complaint,Musculoskeletal,Audio,7,Yes,No,No,,20.2,Telugu,Good,Completed
TC0003416,TEP0002612,Saritha Krishna,F,48,9882239285,Gangapu,Jadcherla,Mahabubnagar,2026-06-04,FAC003,Routine NCD review,Dermatology,Assisted video,8,Yes,No,Yes,30,26.4,Telugu,Poor,Completed
TC0003417,TEP0002613,Deepika Khan,F,62,9102050111,Peddadinne,Devarakonda,Nalgonda,2026-06-27,FAC012,Skin complaint,Hypertension,Video,12,Yes,Yes,No,,6.6,Telugu,Fair,Completed
TC0003418,TEP0002614,Mohan Krishna,M,67,9106605668,Rajapur,Balanagar,Mahabubnagar,2026-07-23,FAC005,Body pain,Hypertension,Audio,21,No,Yes,Yes,21,12.6,Telugu,Poor,Completed
TC0003419,TEP0002615,Nirmala Khan,F,51,9243683966,Peddadinne,Devarakonda,Nalgonda,2026-05-29,FAC012,Abdominal discomfort,Fever/Infection,Assisted video,8,Yes,No,Yes,14,6.6,Telugu,Good,Completed
TC0003420,TEP0002615,Nirmala Khan,F,53,9243683966,Peddadinne,Devarakonda,Nalgonda,2026-06-30,FAC011,Dizziness,Fever/Infection,Assisted video,11,Yes,No,Yes,14,13.9,Telugu,Poor,Completed
TC0003421,TEP0002616,Naveen Khan,M,74,+91-93031-77053,Mangalapally,Nakrekal,Nalgonda,2026-01-20,FAC017,Body pain,Dermatology,Assisted video,10,No,No,No,,21.1,Telugu,Fair,Completed
TC0003422,TEP0002617,Sushma Reddy,F,65,9180121216,Gangapur,Jadcherla,Mahabubnagar,2026-01-10,FAC001,Dizziness,Hypertension,Audio,23,Yes,No,Yes,7,20.2,Telugu,Good,Completed
TC0003423,TEP0002618,Sai Krishna,M,30,9486130155,Mogudampalli,Zaheerabad,Sangareddy,2026-04-19,FAC023,Headache,Diabetes,Audio,24,Yes,Yes,Yes,21,22.3,Telugu,Poor,Completed
TC0003424,TEP0002619,Padma Mudiraj,F,46,,Mangalapally,Nakrekal,Nalgonda,2026-01-25,FAC018,Skin complaint,Fever/Infection,Audio,10,Yes,Yes,Yes,21,35.0,Telugu,Good,Completed
TC0003425,TEP0002620,Laleetha Kumar,F,64,9783773055,Devarakonda,Devarakonda,Nalgonda,2026-01-04,FAC012,Abdominal discomfort,Fever/Infection,Audio,17,Yes,Yes,No,,22.1,Telugu,Fair,Completed
TC0003426,TEP0002621,Divya Mallaiah,F,55,9605040196,Midjil,Midjil,Mahabubnagar,2026-02-23,FAC007,Fever,Respiratory,Assisted video,7,No,No,Yes,7,7.6,Telugu,Poor,Completed
TC0003427,TEP0002622,Padma Kumar,F,18,9157960408,Macharam,Jadcherla,Mahabubnagar,2026-02-14,FAC003,Fever,Hypertension,Video,11,Yes,Yes,Yes,14,12.8,Telugu,Fair,Completed
TC0003428,TEP0002622,Padma Kumar,F,20,9157960408,MACHARAM,Jadcherla,Mahabubnagar,2026-03-23,FAC002,Headache,Other,Assisted video,24,No,No,Yes,21,29.4,Telugu,Poor,Completed
TC0003429,TEP0002623,Arun Shekar,M,71,9880555928,Mogudampally,Zaheerabad,Sangareddy,2026-01-27,FAC024,Routine NCD review,Hypertension,Video,24,No,No,No,,16.8,Telugu,Poor,Completed
TC0003430,TEP0002624,Vinod Reddy,M,59,9062893406,Kummarikunta,Chandur,Nalgonda,2026-08-06,FAC015,Headache,Diabetes,Assisted video,19,Yes,No,No,,26.6,Telugu,Poor,Completed
TC0003431,TEP0002625,Rani Yadav,F,61,9497896497,Narayankhed,Narayankhed,Sangareddy,2026-07-27,FAC020,Abdominal discomfort,Dermatology,Audio,19,Yes,Yes,Yes,7,23.7,Telugu,Good,Completed
TC0003432,TEP0002626,Llitha Khan,F,45,9831864402,Zaheerabad,Zaheerabad,Sangareddy,2026-03-03,FAC024,Dizziness,Fever/Infection,Assisted video,18,Yes,Yes,No,,28.3,Telugu,Good,Completed
TC0003433,TEP0002627,Lalitha Patel,F,43,,Mangalapall,Nakrekal,Nalgonda,2026-06-11,FAC018,Skin complaint,Dermatology,Video,10,Yes,Yes,Yes,21,35.0,Telugu,Good,Completed
TC0003434,TEP0002628,Mounika Narsimha,F,24,9948510350,Manoor,Narayankhed,Sangareddy,2026-06-15,FAC019,Fever,Hypertension,Audio,10,Yes,Yes,Yes,7,33.3,English,Good,Completed
TC0003435,TEP0002628,Mounika Narsimha,F,26,9948510350,Manoor,Narayankhed,Sangareddy,2026-07-18,FAC019,Routine NCD review,Hypertension,Audio,12,Yes,No,No,,33.3,English,Fair,Completed
TC0003436,TEP0002629,Sai Basha,M,19,9112546436,Midjil,Midjil,Mahabubnagar,2026-06-06,FAC007,Body pain,Musculoskeletal,Audio,22,No,No,Yes,30,7.6,Urdu,Poor,Completed
TC0003437,TEP0002630,Nirmala Naik,F,53,9156343266,Polepally,Jadcherla,Mahabubnagar,2026-01-18,FAC001,Abdominal discomfort,Fever/Infection,Video,22,No,No,Yes,7,25.4,Telugu,Poor,Completed
TC0003438,TEP0002631,Sushma Basha,F,39,9080192191,Jharasanga,Zaheerabad,Sangareddy,2026-07-04,FAC023,Cough,Musculoskeletal,Audio,9,Yes,No,No,,18.7,Telugu,Fair,Completed
TC0003439,TEP0002632,Raju Shekar,M,52,,Midjil,Midjil,Mahabubnagar,2026-03-14,FAC008,Headache,Fever/Infection,Video,8,No,Yes,Yes,21,11.3,Telugu,Fair,Completed
TC0003440,TEP0002632,Raju Shekar,M,51,9800001578,Midjil,Midjil,Mahabubnagar,2026-04-29,FAC009,Fever,Gastrointestinal,Assisted video,9,No,Yes,Yes,7,19.5,Telugu,Poor,Completed
TC0003441,TEP0002633,Saritha Begum,F,74,9480936847,Kummarikunta,Chandur,Nalgonda,2026-07-04,FAC015,Cough,Dermatology,Assisted video,20,Yes,No,Yes,14,26.6,English,Good,Completed
TC0003442,TEP0002634,Lalitha Reddy,F,76,9281614440,Mangalapally,Nakrekal,Nalgonda,2026-07-02,FAC016,Fever,Hypertension,Assisted video,23,Yes,No,Yes,30,4.1,Telugu,Poor,Completed
TC0003443,TEP0002635,Ravi Chary,M,54,9992299561,Mangalapally,Nakrekal,Nalgonda,2026-05-15,FAC017,Routine NCD review,Respiratory,Video,15,No,No,Yes,30,21.1,Telugu,Fair,Completed
TC0003444,TEP0002635,Ravi Chary,M,53,9992299561,Mangalapally,Nakrekal,Nalgonda,2026-07-09,FAC018,Body pain,Respiratory,Assisted video,18,No,Yes,Yes,21,35.0,Telugu,Poor,Completed
TC0003445,TEP0002636,Arun Goud,M,55,9328627190,Midjil,Midjil,Mahabubnagar,2026-04-19,FAC008,Body pain,Gastrointestinal,Video,22,Yes,No,No,,11.3,Telugu,Good,Completed
TC0003446,TEP0002636,Arun Goud,M,56,9328627190,Midjil,Midjil,Mahabubnagar,2026-07-31,FAC007,Headache,Gastrointestinal,Audio,18,Yes,Yes,Yes,7,7.6,Telugu,Fair,Completed
TC0003447,TEP0002637,Mohan Narsimha,M,18,9859938460,DEVARAKONDA,Devarakonda,Nalgonda,2026-02-03,FAC011,Abdominal discomfort,Diabetes,Video,21,Yes,No,Yes,21,29.2,Telugu,Poor,Completed
TC0003448,TEP0002637,Mohan Narsimha,M,18,9859938460,Devarakonda,Devarakonda,Nalgonda,2026-02-08,FAC010,Abdominal discomfort,Diabetes,Assisted video,11,Yes,Yes,Yes,14,22.8,Telugu,Fair,Completed
TC0003449,TEP0002638,Vinod Das,M,39,9655020546,Kondamallepally,Devarakonda,Nalgonda,2026-02-12,FAC010,Fever,Respiratory,Video,23,No,Yes,Yes,14,20.0,Telugu,Fair,Completed
TC0003450,TEP0002639,Anil Naik,M,63,9786147410,Jharasangam,Zaheerabad,Sangareddy,2026-03-01,FAC024,Dizziness,Gastrointestinal,Audio,12,Yes,No,Yes,21,2.6,Telugu,Fair,Completed
TC0003451,TEP0002640,Srilatha Naik,F,39,9040882644,Nomula,Nakrekal,Nalgonda,2026-02-16,FAC017,Body pain,Dermatology,Assisted video,7,Yes,No,Yes,7,29.9,Telugu,Poor,Completed
TC0003452,TEP0002641,Naresh Jangam,M,76,+91-91071-37269,Bodajanampet,Balanagar,Mahabubnagar,2026-06-05,FAC006,Fever,Diabetes,Audio,22,Yes,No,Yes,21,33.3,Urdu,Poor,Completed
TC0003453,TEP0002641,Naresh Jangam,M,76,9107137269,Bodajanampet,Balanagar,Mahabubnagar,2026-07-01,FAC006,Routine NCD review,Diabetes,Audio,22,Yes,Yes,Yes,30,33.3,Urdu,Poor,Completed
TC0003454,TEP0002642,Anjali Narsimha,F,34,9364524839,Kondamallepally,Devarakonda,Nalgonda,2026-04-01,FAC010,Body pain,Musculoskeletal,Audio,16,Yes,Yes,Yes,21,20.0,Telugu,Poor,Completed
TC0003455,TEP0002643,Naveen Devi,M,37,9843176926,Kummarikunta,Chandur,Nalgonda,2026-03-14,FAC015,Abdominal discomfort,Diabetes,Audio,18,Yes,No,Yes,30,26.6,Telugu,Good,Completed
TC0003456,TEP0002644,Harika Shekar,F,62,9450022670,Nomula,Nakrekal,Nalgonda,2026-01-18,FAC017,Headache,Respiratory,Audio,10,Yes,No,Yes,30,29.9,Urdu,Fair,Completed
TC0003457,TEP0002645,Mounika Goud,F,43,9748014213,Vemula,Midjil,Mahabubnagar,2026-01-23,FAC009,Fever,Other,Assisted video,11,Yes,No,Yes,14,7.3,Telugu,Good,Completed
TC0003458,TEP0002646,Aneel Patel,M,74,9285441163,Balanagar,Balanagar,Mahabubnagar,2026-02-04,FAC004,Routine NCD review,Other,Audio,18,Yes,Yes,No,,10.8,Telugu,Fair,Completed
TC0003459,TEP0002647,Laksmi Patel,F,41,9750516410,Kohir,Zaheerabad,Sangareddy,2026-03-29,FAC022,Skin complaint,Hypertension+Diabetes,Audio,18,Yes,No,Yes,30,3.6,Telugu,Poor,Completed
TC0003460,TEP0002647,Lakshmi Patel,F,42,9750516410,Kohir,Zaheerabad,Sangareddy,2026-05-09,FAC022,Skin complaint,Hypertension+Diabetes,Assisted video,20,No,Yes,Yes,30,3.6,Telugu,Poor,Completed
TC0003461,TEP0002647,Lakshmi Patel,F,43,9750516410,Kohir,Zaheerabad,Sangareddy,2026-06-25,FAC024,Routine NCD review,Diabetes,Video,17,Yes,Yes,Yes,21,6.4,Telugu,Good,Completed
TC0003462,TEP0002648,Shankar Rao,M,30,9152910444,Gundlapally,Devarakonda,Nalgonda,2026-03-13,FAC012,Routine NCD review,Hypertension+Diabetes,Audio,12,Yes,Yes,Yes,30,25.4,Telugu,Good,Completed
TC0003463,TEP0002649,Nirmala Begum,F,49,9906153147,Kalher,Narayankhed,Sangareddy,2026-07-16,FAC020,Dizziness,Hypertension,Audio,20,Yes,No,No,,29.6,Telugu,Good,Completed
TC0003464,TEP0002650,Vinod Shekar,M,26,9964420877,Indresham,Patancheru,Sangareddy,2026-03-11,FAC026,Cough,Diabetes,Video,9,No,Yes,Yes,30,11.5,Telugu,Fair,Completed
TC0003465,TEP0002651,Anitha Naik,F,29,9399084570,Devarakonda,Devarakonda,Nalgonda,2026-01-23,FAC012,Skin complaint,Hypertension+Diabetes,Audio,23,Yes,Yes,Yes,21,22.1,Telugu,Fair,Completed
TC0003466,TEP0002652,Deepika Narsimha,F,45,,Vemula,Midjil,Mahabubnagar,2026-01-31,FAC007,Cough,Hypertension,Video,18,No,Yes,No,,25.7,Telugu,Good,Completed
TC0003467,TEP0002653,Santosh Patel,M,56,+91-97901-32964,Polepally,Jadcherla,Mahabubnagar,2026-02-04,FAC003,Cough,Gastrointestinal,Assisted video,22,Yes,No,Yes,7,21.0,Telugu,Poor,Completed
TC0003468,TEP0002654,Nirmala Khan,F,31,9493123670,Velpula,Midjil,Mahabubnagar,2026-07-03,FAC008,Dizziness,Respiratory,Video,13,Yes,No,Yes,14,12.6,Telugu,Poor,Completed
TC0003469,TEP0002655,Lakshmi Krishna,F,27,9753604941,JHARASANGAM,Zaheerabad,Sangareddy,2026-05-27,FAC024,Skin complaint,Musculoskeletal,Video,7,Yes,No,No,,2.6,Telugu,Good,Completed
TC0003470,TEP0002655,Lakshmi Krishna,F,25,9753604941,Jharasangam,Zaheerabad,Sangareddy,2026-06-29,FAC023,Dizziness,Gastrointestinal,Audio,9,Yes,No,Yes,30,18.7,Telugu,Poor,Completed
TC0003471,TEP0002656,Naresh Naik,M,28,9471112849,Machara,Jadcherla,Mahabubnagar,2026-08-11,FAC001,Cough,Other,Video,13,Yes,No,Yes,14,17.2,Telugu,Poor,Completed
TC0003472,TEP0002657,Rani Jangam,F,18,9301254185,Donur,Midjil,Mahabubnagar,2026-06-29,FAC008,Cough,Other,Video,13,Yes,No,Yes,7,9.4,Telugu,Fair,Completed
TC0003473,TEP0002658,Divya Patel,F,73,9269010941,Donur,Midjil,Mahabubnagar,2026-07-28,FAC009,Body pain,Musculoskeletal,Assisted video,13,Yes,No,Yes,14,14.1,Telugu,Poor,Completed
TC0003474,TEP0002659,Naresh Naik,M,63,9685135809,Badepally,Jadcherla,Mahabubnagar,2026-01-03,FAC002,Skin complaint,Hypertension,Video,11,Yes,Yes,Yes,21,19.9,Telugu,Poor,Completed
TC0003475,TEP0002660,Ramesh Yadaw,M,29,9859482311,Kangti,Narayankhed,Sangareddy,2026-04-30,FAC020,Dizziness,Hypertension,Audio,23,Yes,No,Yes,21,11.9,Telugu,Poor,Completed
TC0003476,TEP0002660,Ramesh Yadaw,M,30,9859482311,Kangti,Narayankhed,Sangareddy,2026-05-30,FAC020,Cough,Hypertension,Assisted video,16,No,Yes,Yes,21,11.9,Telugu,Poor,Completed
TC0003477,TEP0002661,Srilatha Devi,F,56,9691787427,Midjil,Midjil,Mahabubnagar,2026-01-17,FAC008,Headache,Hypertension,Audio,19,No,No,Yes,21,11.3,Telugu,Good,Completed
TC0003478,TEP0002662,Kiran Rao,M,56,9487099608,Nomula,Nakrekal,Nalgonda,2026-05-30,FAC017,Dizziness,Respiratory,Audio,22,No,No,Yes,14,29.9,Telugu,Poor,Completed
TC0003479,TEP0002662,Kiran Rao,M,56,9487099608,Nomula,Nakrekal,Nalgonda,2026-07-04,FAC018,Fever,Fever/Infection,Video,18,No,Yes,Yes,21,2.2,Telugu,Fair,Completed
TC0003480,TEP0002663,Bhavani Basha,F,47,9086240800,Kummarikunta,Chandur,Nalgonda,2026-06-14,FAC013,Headache,Other,Audio,17,Yes,No,Yes,21,6.5,Telugu,Fair,Completed
TC0003481,TEP0002663,Bhavani Basha,F,47,9026240000,Kummarikunta,Chandur,Nalgonda,2026-08-08,FAC014,Body pain,Hypertension,Video,8,No,No,Yes,21,7.3,Telugu,Good,Completed
TC0003482,TEP0002664,Kiran Chary,M,41,9672619426,Indresham,Patancheru,Sangareddy,2026-01-22,FAC027,Headache,Respiratory,Audio,21,Yes,No,Yes,7,22.3,Telugu,Good,Completed
TC0003483,TEP0002664,Kiran Chary,M,40,9672619426,Indresham,Patancheru,Sangareddy,2026-02-16,FAC025,Body pain,Musculoskeletal,Audio,22,No,No,Yes,30,19.2,Telugu,Fair,Completed
TC0003484,TEP0002665,Raju Begum,M,56,9535621142,Jharasangam,Zaheerabad,Sangareddy,2026-04-24,FAC023,Body pain,Musculoskeletal,Audio,20,Yes,Yes,Yes,14,18.7,Telugu,Fair,Completed
TC0003485,TEP0002666,Raju Yadav,M,47,9385126630,Kummarikunta,Chandur,Nalgonda,2026-04-14,FAC015,Body pain,Gastrointestinal,Video,9,Yes,No,Yes,30,26.6,Telugu,Good,Completed
TC0003486,TEP0002667,Naresh Patel,M,57,9931250173,Balanagar,Balanagar,Mahabubnagar,2026-03-12,FAC006,Abdominal discomfort,Diabetes,Audio,18,Yes,No,Yes,30,1.4,Urdu,Fair,Completed
TC0003487,TEP0002668,Mahesh,M,41,9399023541,Rajapur,Balanagar,Mahabubnagar,2026-01-02,FAC005,Body pain,Hypertension+Diabetes,Assisted video,14,Yes,Yes,No,,12.6,Telugu,Fair,Completed
TC0003488,TEP0002669,Santosh Krishna,M,82,9066599206,Mangalapally,Nakrekal,Nalgonda,2026-01-16,FAC016,Skin complaint,Respiratory,Audio,24,Yes,No,No,,4.1,Telugu,Fair,Completed
TC0003489,TEP0002669,Santosh Kreeshna,M,82,+91-90665-99206,Mangalapally,Nakrekal,Nalgonda,2026-07-21,FAC018,Body pain,Other,Assisted video,14,No,No,Yes,7,35.0,Telugu,Poor,Completed
TC0003490,TEP0002670,nil Patel,M,58,9912239051,Kummarikunta,Chandur,Nalgonda,2026-01-20,FAC014,Dizziness,Dermatology,Audio,16,Yes,Yes,Yes,7,7.3,Telugu,Good,Completed
TC0003491,TEP0002670,Anil Patel,M,58,9912239651,Kummarikunta,Chandur,Nalgonda,2026-07-10,FAC013,Dizziness,Diabetes,Audio,15,Yes,No,Yes,14,6.5,Telugu,Good,Completed
TC0003492,TEP0002671,Srinivas Shekar,M,46,9448214077,Donur,Midjil,Mahabubnagar,2026-07-08,FAC009,Body pain,Fever/Infection,Assisted video,10,Yes,No,Yes,21,14.1,Telugu,Fair,Completed
TC0003493,TEP0002672,Naresh Krishna,M,43,9077817191,Polepally,Jadcherla,Mahabubnagar,2026-08-13,FAC003,Body pain,Musculoskeletal,Assisted video,22,Yes,Yes,Yes,30,21.0,Telugu,Fair,Completed
TC0003494,TEP0002673,Saritha Shekar,F,18,9485710661,Vemula,Midjil,Mahabubnagar,2026-03-22,FAC009,Fever,Hypertension,Video,21,No,No,Yes,14,7.3,Telugu,Poor,Completed
TC0003495,TEP0002674,Sushma Yadav,F,51,9572503519,Polepally,Jadcherla,Mahabubnagar,2026-05-14,FAC002,Cough,Other,Audio,8,No,No,No,,8.3,Urdu,Poor,Completed
TC0003496,TEP0002675,Shankar Narsimha,M,27,9050920193,Kallepally,Balanagar,Mahabubnagar,2026-02-19,FAC005,Body pain,Musculoskeletal,Assisted video,20,Yes,Yes,No,,26.2,Telugu,Good,Completed
TC0003497,TEP0002676,Sushma Basha,F,50,9735362823,Mogudampally,Zaheerabad,Sangareddy,2026-03-11,FAC023,Skin complaint,Hypertension+Diabetes,Assisted video,21,Yes,No,Yes,7,22.3,Telugu,Fair,Completed
TC0003498,TEP0002677,Padma Mallaiah,F,54,9093738393,Zaheerabad,Zaheerabad,Sangareddy,2026-02-21,FAC022,Abdominal discomfort,Hypertension,Assisted video,15,No,No,Yes,30,25.3,Telugu,Good,Completed
TC0003499,TEP0002677,Padma Mallaiah,F,53,9093738393,Zaheerabad,Zaheerabad,Sangareddy,2026-03-19,FAC023,Skin complaint,Hypertension,Video,14,Yes,No,Yes,14,17.3,Telugu,Fair,Completed
TC0003500,TEP0002678,Mohan,M,52,9414408228,Zaheerabad,Zaheerabad,Sangareddy,2026-06-07,FAC023,Dizziness,Dermatology,Video,17,No,No,Yes,14,17.3,Telugu,Fair,Completed
TC0003501,TEP0002679,Anitha Goud,F,52,9043389114,Nakrekal,Nakrekal,Nalgonda,2026-01-22,FAC017,Fever,Diabetes,Video,11,Yes,Yes,No,,36.5,Telugu,Poor,Completed
TC0003502,TEP0002680,Renuka Kumar,F,45,9245691687,Nomula,Nakrekal,Nalgonda,2026-08-02,FAC016,Abdominal discomfort,Dermatology,Audio,8,No,No,Yes,21,36.1,Telugu,Poor,Completed
TC0003503,TEP0002681,Rajesh Chary,M,38,,BODAJANAMPET,Balanagar,Mahabubnagar,2026-06-02,FAC006,Routine NCD review,Dermatology,Assisted video,22,Yes,No,Yes,14,33.3,Telugu,Good,Completed
TC0003504,TEP0002681,Rajesh Chary,M,37,9324513780,Bodajanampet,Balanagar,Mahabubnagar,2026-07-28,FAC006,Body pain,Other,Video,22,Yes,No,No,,33.3,Telugu,Good,Completed
TC0003505,TEP0002681,Rajesh Chary,M,36,9324513780,Bodajanampet,Balanagar,Mahabubnagar,2026-08-15,FAC006,Skin complaint,Musculoskeletal,Video,17,No,Yes,Yes,21,33.3,Telugu,Poor,Completed
TC0003506,TEP0002682,Renuka Krishna,F,47,9122087144,Kallepally,Balanagar,Mahabubnagar,2026-06-30,FAC006,Abdominal discomfort,Hypertension,Audio,13,Yes,No,Yes,7,35.4,Telugu,Fair,Completed
TC0003507,TEP0002683,Bhavani Laxman,F,63,9000201012,Badepally,Jadcherla,Mahabubnagar,2026-05-16,FAC002,Dizziness,Respiratory,Video,14,Yes,Yes,Yes,30,19.9,Telugu,Fair,Completed
TC0003508,TEP0002683,Bhavani Laxman,F,61,9000201012,Badepally,Jadcherla,Mahabubnagar,2026-06-17,FAC003,Routine NCD review,Other,Audio,20,No,No,Yes,21,5.1,Telugu,Good,Completed
TC0003509,TEP0002684,Swati Begum,F,50,9070321759,MIDJIL,Midjil,Mahabubnagar,2026-05-31,FAC007,Fever,Hypertension,Video,10,No,No,Yes,14,7.6,Telugu,Good,Completed
TC0003510,TEP0002685,Mounika Kumar,F,72,9558784830,Kangt,Narayankhed,Sangareddy,2026-08-01,FAC020,Cough,Hypertension+Diabetes,Assisted video,22,No,Yes,Yes,21,11.9,Telugu,Good,Completed
TC0003511,TEP0002686,Mounika Khan,F,62,9773231491,Zaheerabad,Zaheerabad,Sangareddy,2026-04-17,FAC023,Cough,Respiratory,Assisted video,21,Yes,No,Yes,21,17.3,Telugu,Poor,Completed
TC0003512,TEP0002687,Vinod Begum,M,31,9440333255,Nakreka,Nakrekal,Nalgonda,2026-03-05,FAC017,Headache,Fever/Infection,Audio,9,Yes,No,Yes,14,36.5,Telugu,Good,Completed
TC0003513,TEP0002688,Harika Jangam,F,51,9356524221,Marrur,Nakrekal,Nalgonda,2026-01-29,FAC017,Fever,Hypertension,Audio,18,Yes,No,Yes,7,25.8,Telugu,Poor,Completed
TC0003514,TEP0002689,Nirmala Jangam,F,24,9920736162,Kallepally,Balanagar,Mahabubnagar,2026-04-28,FAC006,Cough,Diabetes,Video,19,Yes,No,No,,35.4,Urdu,Good,Completed
TC0003515,TEP0002690,Lalitha Laxman,F,59,9898437748,Zaheerabad,Zaheerabad,Sangareddy,2026-01-17,FAC022,Fever,Fever/Infection,Assisted video,13,Yes,No,Yes,30,25.3,Telugu,Good,Completed
TC0003516,TEP0002691,Renuka Reddy,F,51,9240082650,Patancheru,Patancheru,Sangareddy,2026-01-25,FAC026,Abdominal discomfort,Respiratory,Assisted video,18,Yes,No,No,,23.1,Telugu,Fair,Completed
TC0003517,TEP0002692,Suresh Patel,M,31,9456811195,Rajapur,Balanagar,Mahabubnagar,2026-05-18,FAC004,Headache,Musculoskeletal,Assisted video,7,Yes,No,Yes,14,13.9,Telugu,Poor,Completed
TC0003518,TEP0002692,Suresh Patel,M,29,9456811195,RAJAPUR,Balanagar,Mahabubnagar,2026-07-16,FAC004,Routine NCD review,Hypertension,Video,15,Yes,Yes,No,,13.9,Telugu,Fair,Completed
TC0003519,TEP0002693,Anjali Patel,F,66,9497972181,Kalhe,Narayankhed,Sangareddy,2026-06-15,FAC020,Cough,Diabetes,Video,13,Yes,Yes,Yes,21,29.6,Telugu,Fair,Completed
TC0003520,TEP0002694,Srinivas Laxman,M,53,9256213877,Kangti,Narayankhed,Sangareddy,2026-03-12,FAC020,Fever,Hypertension,Assisted video,22,Yes,No,No,,11.9,Telugu,Good,Completed
TC0003521,TEP0002694,Srinivas Laxman,M,52,9256213877,Kangti,Narayankhed,Sangareddy,2026-05-03,FAC019,Headache,Hypertension,Assisted video,12,Yes,No,No,,20.3,Telugu,Poor,Completed
TC0003522,TEP0002695,Saritha Das,F,44,9425303045,VELPULA,Midjil,Mahabubnagar,2026-05-06,FAC007,Dizziness,Other,Video,20,Yes,No,Yes,30,17.9,Telugu,Poor,Completed
TC0003523,TEP0002695,Saritha Das,F,44,9425303045,Velpula,Midjil,Mahabubnagar,2026-07-08,FAC007,Skin complaint,Fever/Infection,Video,17,Yes,Yes,No,,17.9,Telugu,Fair,Completed
TC0003524,TEP0002696,Saritha Devi,F,54,9460574555,Kalher,Narayankhed,Sangareddy,2026-08-13,FAC020,Dizziness,Other,Audio,18,Yes,Yes,No,,29.6,Telugu,Fair,Completed
TC0003525,TEP0002697,Naveen Mallaiah,M,75,9823281547,Chandur,Chandur,Nalgonda,2026-02-25,FAC015,Fever,Respiratory,Audio,17,Yes,No,Yes,30,29.7,Telugu,Poor,Completed
TC0003526,TEP0002698,Venkatesh Reddy,M,48,9386673707,Mogudampall,Zaheerabad,Sangareddy,2026-03-18,FAC023,Cough,Other,Audio,15,Yes,No,No,,22.3,Telugu,Fair,Completed
TC0003527,TEP0002698,Venkatesh Reddy,M,44,9386673707,Mogudampally,Zaheerabad,Sangareddy,2026-05-16,FAC024,Body pain,Dermatology,Video,16,Yes,No,Yes,30,16.8,Telugu,Good,Completed
TC0003528,TEP0002699,Arun Mudiraj,M,53,9833243308,Bangarigadda,Chandur,Nalgonda,2026-05-01,FAC015,Cough,Diabetes,Audio,22,Yes,No,Yes,30,18.0,Telugu,Poor,Completed
TC0003529,TEP0002700,Suresh Das,M,57,9763217873,Mangalapall,Nakrekal,Nalgonda,2026-06-23,FAC016,Headache,Hypertension,Video,9,Yes,Yes,Yes,21,4.1,Telugu,Fair,Completed
TC0003530,TEP0002701,Praween Jangam,M,21,9351397830,Kondamallepally,Devarakonda,Nalgonda,2026-03-15,FAC010,Skin complaint,Hypertension,Video,7,Yes,No,No,,20.0,Telugu,Fair,Completed
TC0003531,TEP0002702,Anitha Yadav,F,60,9965109342,Chandur,Chandur,Nalgonda,2026-02-05,FAC014,Cough,Hypertension,Assisted video,21,Yes,Yes,No,,20.6,Telugu,Fair,Completed
TC0003532,TEP0002702,Anitha,F,57,+91-99651-09342,Chandur,Chandur,Nalgonda,2026-07-09,FAC014,Dizziness,Other,Video,17,Yes,No,Yes,14,20.6,Telugu,Fair,Completed
TC0003533,TEP0002703,Rajesh,M,52,9889031821,Narayankhed,Narayankhed,Sangareddy,2026-02-16,FAC021,Cough,Other,Assisted video,11,Yes,No,No,,7.0,Telugu,Good,Completed
TC0003534,TEP0002704,Harika Krishna,F,71,9939126646,Peddadinne,Devarakonda,Nalgonda,2026-06-28,FAC011,Abdominal discomfort,Musculoskeletal,Video,15,Yes,Yes,No,,13.9,Telugu,Good,Completed
TC0003535,TEP0002705,Deepika Khan,F,66,9276174291,Gangapur,Jadcherla,Mahabubnagar,2026-06-06,FAC002,Fever,Other,Video,12,Yes,No,No,,38.9,Telugu,Poor,Completed
TC0003536,TEP0002706,Naveen Khan,M,51,9714174726,Devarakonda,Devarakonda,Nalgonda,2026-03-02,FAC012,Abdominal discomfort,Musculoskeletal,Assisted video,21,Yes,Yes,Yes,21,22.1,Telugu,Poor,Completed
TC0003537,TEP0002707,Sushma Jangam,F,70,9390022301,Mogudampally,Zaheerabad,Sangareddy,2026-07-18,FAC023,Routine NCD review,Dermatology,Assisted video,10,Yes,No,Yes,30,22.3,Telugu,Good,Completed
TC0003538,TEP0002708,Anjali Reddy,F,41,9632777445,Donur,Midjil,Mahabubnagar,2026-05-14,FAC007,Routine NCD review,Gastrointestinal,Video,8,No,No,Yes,14,23.7,Telugu,Good,Completed
TC0003539,TEP0002709,Kavitha Basha,F,35,9977056696,Kondamallepally,Devarakonda,Nalgonda,2026-06-13,FAC012,Skin complaint,Fever/Infection,Video,14,No,No,Yes,21,19.6,Telugu,Poor,Completed
TC0003540,TEP0002710,Rani Patel,F,62,9473738692,Patancheru,Patancheru,Sangareddy,2026-06-16,FAC027,Abdominal discomfort,Diabetes,Audio,19,Yes,Yes,No,,36.3,English,Fair,Completed
TC0003541,TEP0002711,Srilatha Begum,F,50,9866801354,Gundlapally,Devarakonda,Nalgonda,2026-02-21,FAC010,Cough,Fever/Infection,Video,17,Yes,No,Yes,30,26.3,Urdu,Poor,Completed
TC0003542,TEP0002711,Srilatha Begum,F,48,+91-98668-01354,Gundlapally,Devarakonda,Nalgonda,2026-08-03,FAC012,Cough,Dermatology,Audio,21,Yes,No,No,,25.4,Urdu,Good,Completed
TC0003543,TEP0002712,Raju Jangam,M,55,9940856460,Patancheru,Patancheru,Sangareddy,2026-05-14,FAC027,Cough,Diabetes,Assisted video,17,Yes,No,Yes,7,36.3,Telugu,Fair,Completed
TC0003544,TEP0002713,Anil Narsimha,M,32,9924011416,Nakreka,Nakrekal,Nalgonda,2026-02-20,FAC017,Fever,Other,Assisted video,21,Yes,No,Yes,21,36.5,Telugu,Fair,Completed
TC0003545,TEP0002714,Deepika Naik,F,29,+91-94449-05707,Devarakonda,Devarakonda,Nalgonda,2026-07-30,FAC011,Body pain,Musculoskeletal,Assisted video,20,Yes,No,Yes,21,29.2,Telugu,Good,Completed
TC0003546,TEP0002715,Mohan Das,M,48,9860286184,ZAHEERABAD,Zaheerabad,Sangareddy,2026-01-11,FAC022,Dizziness,Hypertension,Video,24,Yes,No,No,,25.3,Telugu,Good,Completed
TC0003547,TEP0002716,Jyothi Begum,F,45,9919348454,Velpula,Midjil,Mahabubnagar,2026-05-29,FAC009,Body pain,Dermatology,Audio,17,Yes,Yes,No,,4.2,Urdu,Fair,Completed
TC0003548,TEP0002716,Jyothi Begum,F,43,9919348454,Velpula,Midjil,Mahabubnagar,2026-07-07,FAC009,Abdominal discomfort,Dermatology,Assisted video,16,Yes,No,Yes,30,4.2,Urdu,Poor,Completed
TC0003549,TEP0002717,Praveen Begum,M,45,9555139557,Devarakonda,Devarakonda,Nalgonda,2026-02-05,FAC012,Headache,Other,Assisted video,8,Yes,No,No,,22.1,English,Good,Completed
TC0003550,TEP0002718,Santosh Krishna,M,46,9761407486,Nakrekal,Nakrekal,Nalgonda,2026-06-18,FAC016,Routine NCD review,Hypertension,Audio,7,No,Yes,Yes,30,35.5,Telugu,Fair,Completed
TC0003551,TEP0002719,Lakshmi Yadav,F,57,+91-92701-70176,Badepally,Jadcherla,Mahabubnagar,2026-07-30,FAC003,Abdominal discomfort,Diabetes,Assisted video,20,Yes,Yes,Yes,30,5.1,Telugu,Good,Completed
TC0003552,TEP0002720,Santosh Kumar,M,57,9410146449,Vemula,Midjil,Mahabubnagar,2026-07-20,FAC007,Dizziness,Respiratory,Video,12,Yes,Yes,Yes,14,25.7,Telugu,Poor,Completed
TC0003553,TEP0002720,Santosh Kumar,M,57,,Vemula,Midjil,Mahabubnagar,2026-08-13,FAC009,Cough,Respiratory,Assisted video,17,No,No,Yes,14,7.3,Telugu,Poor,Completed
TC0003554,TEP0002721,Naresh Begum,M,53,,Macharam,Jadcherla,Mahabubnagar,2026-05-06,FAC001,Routine NCD review,Other,Assisted video,21,No,No,No,,17.2,Telugu,Fair,Completed
TC0003555,TEP0002722,Deepika Basha,F,54,9578131320,Zaheerabad,Zaheerabad,Sangareddy,2026-01-20,FAC022,Routine NCD review,Fever/Infection,Video,24,Yes,No,Yes,14,25.3,Telugu,Fair,Completed
TC0003556,TEP0002722,Deepika Basha,F,55,9578131320,Zaheerabad,Zaheerabad,Sangareddy,2026-04-23,FAC024,Fever,Other,Assisted video,14,Yes,No,Yes,30,28.3,Telugu,Fair,Completed
TC0003557,TEP0002723,Padma Das,F,27,9653753122,Indresham,Patancheru,Sangareddy,2026-05-25,FAC026,Fever,Hypertension,Audio,20,Yes,No,No,,11.5,Urdu,Poor,Completed
TC0003558,TEP0002724,Ravi Begum,M,32,9677555832,Bhanur,Patancheru,Sangareddy,2026-04-17,FAC025,Dizziness,Diabetes,Video,17,Yes,Yes,No,,18.7,Telugu,Poor,Completed
TC0003559,TEP0002725,Mahesh,M,40,9637732777,Nomula,Nakrekal,Nalgonda,2026-02-14,FAC016,Routine NCD review,Diabetes,Video,23,Yes,No,Yes,14,36.1,Telugu,Poor,Completed
TC0003560,TEP0002725,Mahesh Goud,M,39,9637732777,Nomula,Nakrekal,Nalgonda,2026-07-18,FAC018,Headache,Diabetes,Assisted video,7,Yes,Yes,Yes,30,2.2,Telugu,Good,Completed
TC0003561,TEP0002726,Jyothi Ptel,F,56,9912931753,Kondamallepally,Devarakonda,Nalgonda,2026-06-10,FAC010,Fever,Respiratory,Audio,16,Yes,No,No,,20.0,Telugu,Poor,Completed
TC0003562,TEP0002727,Ramesh Rao,M,55,9441505041,Nomula,Nakrekal,Nalgonda,2026-01-04,FAC017,Abdominal discomfort,Hypertension+Diabetes,Assisted video,11,Yes,No,Yes,21,29.9,Telugu,Poor,Completed
TC0003563,TEP0002728,Sushma Krishna,F,46,9008397076,Nakrekal,Nakrekal,Nalgonda,2026-06-14,FAC017,Dizziness,Hypertension,Video,15,Yes,Yes,Yes,14,36.5,Telugu,Fair,Completed
TC0003564,TEP0002729,Swathi Devi,F,35,9699843400,Jharasangam,Zaheerabad,Sangareddy,2026-06-19,FAC023,Body pain,Musculoskeletal,Audio,19,Yes,Yes,Yes,14,18.7,Telugu,Fair,Completed
TC0003565,TEP0002729,Swathi Devi,F,37,9699843400,Jharasangam,Zaheerabad,Sangareddy,2026-06-26,FAC024,Body pain,Hypertension,Audio,12,Yes,No,Yes,21,2.6,Telugu,Fair,Completed
TC0003566,TEP0002730,Saritha Narsimha,F,44,9315614392,Zaheerabad,Zaheerabad,Sangareddy,2026-05-13,FAC022,Skin complaint,Other,Video,14,Yes,No,No,,25.3,Telugu,Poor,Completed
TC0003567,TEP0002730,Saritha Narsimha,F,46,9315614392,Zaheerabad,Zaheerabad,Sangareddy,2026-07-31,FAC023,Abdominal discomfort,Dermatology,Video,20,No,No,No,,17.3,Telugu,Good,Completed
TC0003568,TEP0002731,Raghav Jangam,M,45,9057917261,Donur,Midjil,Mahabubnagar,2026-08-14,FAC009,Fever,Respiratory,Assisted video,8,Yes,No,No,,14.1,Telugu,Fair,Completed
TC0003569,TEP0002732,Naveen Narsimha,M,63,9506301369,Bodajanampet,Balanagar,Mahabubnagar,2026-07-19,FAC004,Body pain,Fever/Infection,Audio,9,Yes,No,Yes,14,27.6,Telugu,Fair,Completed
TC0003570,TEP0002733,Nirmala Basha,F,40,,Devarakonda,Devarakonda,Nalgonda,2026-01-27,FAC011,Abdominal discomfort,Hypertension,Assisted video,23,Yes,Yes,Yes,21,29.2,Telugu,Poor,Completed
TC0003571,TEP0002734,Saritha Mudiraj,F,47,9069344734,Zaheerabad,Zaheerabad,Sangareddy,2026-01-31,FAC024,Body pain,Diabetes,Video,7,Yes,No,No,,28.3,Telugu,Poor,Completed
TC0003572,TEP0002735,Renuka Mallaiah,F,33,9952797675,Nakrekal,Nakrekal,Nalgonda,2026-08-01,FAC017,Cough,Hypertension+Diabetes,Assisted video,8,Yes,Yes,Yes,21,36.5,Telugu,Good,Completed
TC0003573,TEP0002736,Praveen Yadav,M,55,9693504870,CHANDUR,Chandur,Nalgonda,2026-04-23,FAC014,Routine NCD review,Gastrointestinal,Video,14,No,No,Yes,21,20.6,Telugu,Good,Completed
TC0003574,TEP0002737,Naresh Reddy,M,27,9785532634,Rajapur,Balanagar,Mahabubnagar,2026-02-03,FAC005,Body pain,Fever/Infection,Audio,10,No,No,Yes,7,12.6,Telugu,Poor,Completed
TC0003575,TEP0002738,Swathi Krishna,F,73,9243913008,Manoor,Narayankhed,Sangareddy,2026-03-29,FAC019,Cough,Hypertension,Video,15,Yes,Yes,No,,33.3,Telugu,Good,Completed
TC0003576,TEP0002739,Kiran Krishna,M,37,9408678754,Bangarigadda,Chandur,Nalgonda,2026-01-14,FAC013,Skin complaint,Diabetes,Assisted video,10,Yes,Yes,Yes,7,16.9,Telugu,Poor,Completed
TC0003577,TEP0002739,Kiran Krishna,M,38,9408678754,Bangarigadda,Chandur,Nalgonda,2026-06-17,FAC015,Body pain,Diabetes,Video,7,Yes,No,Yes,21,18.0,Telugu,Fair,Completed
TC0003578,TEP0002740,Renuka Shekar,F,49,+91-95700-04573,Nomula,Nakrekal,Nalgonda,2026-06-04,FAC016,Routine NCD review,Fever/Infection,Assisted video,17,Yes,No,No,,36.1,English,Fair,Completed
TC0003579,TEP0002740,Renuka Shekar,F,47,9570004573,Nomula,Nakrekal,Nalgonda,2026-07-13,FAC016,Cough,Other,Assisted video,20,No,No,Yes,14,36.1,English,Fair,Completed
TC0003580,TEP0002741,Harika Reddy,F,48,+91-96368-22298,Chandu,Chandur,Nalgonda,2026-05-29,FAC015,Routine NCD review,Other,Assisted video,13,Yes,Yes,No,,29.7,Telugu,Poor,Completed
TC0003581,TEP0002742,Swathi Mudiraj,F,54,+91-93507-00964,Nakreka,Nakrekal,Nalgonda,2026-03-19,FAC017,Cough,Fever/Infection,Assisted video,12,Yes,No,Yes,14,36.5,Telugu,Poor,Completed
TC0003582,TEP0002743,Raju Goud,M,41,9318446241,Gangapur,Jadcherla,Mahabubnagar,2026-02-02,FAC002,Dizziness,Other,Assisted video,10,Yes,No,Yes,7,38.9,Urdu,Fair,Completed
TC0003583,TEP0002744,Renuka Rao,F,62,9816004392,Nomula,Nakrekal,Nalgonda,2026-04-16,FAC016,Dizziness,Musculoskeletal,Audio,16,No,No,No,,36.1,Urdu,Poor,Completed
TC0003584,TEP0002745,Swathi Yadav,F,54,9122066692,Gundlapall,Devarakonda,Nalgonda,2026-07-16,FAC011,Dizziness,Dermatology,Video,12,Yes,Yes,No,,29.4,Telugu,Poor,Completed
TC0003585,TEP0002746,Lakshmi Das,F,50,,Bangarigadda,Chandur,Nalgonda,2026-01-27,FAC013,Body pain,Fever/Infection,Audio,21,Yes,No,Yes,7,16.9,English,Good,Completed
TC0003586,TEP0002747,Rajesh Goud,M,62,9314417711,Indresha,Patancheru,Sangareddy,2026-07-05,FAC026,Routine NCD review,Hypertension,Video,16,No,Yes,Yes,7,11.5,Telugu,Poor,Completed
TC0003587,TEP0002748,Jyothi Chary,F,62,9708808939,Vemula,Midjil,Mahabubnagar,2026-05-25,FAC007,Dizziness,Diabetes,Audio,9,Yes,Yes,Yes,21,25.7,Telugu,Poor,Completed
TC0003588,TEP0002749,Sushm Shekar,F,36,9912328757,Marrur,Nakrekal,Nalgonda,2026-04-30,FAC017,Fever,Hypertension+Diabetes,Audio,23,Yes,No,Yes,30,25.8,Telugu,Poor,Completed
TC0003589,TEP0002750,Raghav Krisna,M,36,9540982927,Patancheru,Patancheru,Sangareddy,2026-04-15,FAC025,Cough,Dermatology,Assisted video,20,Yes,No,Yes,30,25.4,Telugu,Poor,Completed
TC0003590,TEP0002750,Raghav Krishna,M,36,,Patancheru,Patancheru,Sangareddy,2026-05-27,FAC027,Fever,Fever/Infection,Video,14,Yes,No,No,,36.3,Telugu,Fair,Completed
TC0003591,TEP0002751,Sushma Yadav,F,66,9367026534,Gangapur,Jadcherla,Mahabubnagar,2026-01-13,FAC002,Cough,Musculoskeletal,Assisted video,21,No,No,Yes,30,38.9,Telugu,Poor,Completed
TC0003592,TEP0002752,Jyothi Mudiraj,F,33,9169567229,MIDJIL,Midjil,Mahabubnagar,2026-07-19,FAC009,Dizziness,Other,Assisted video,20,No,No,Yes,21,19.5,Telugu,Fair,Completed
TC0003593,TEP0002753,Jyothi Mallaiah,F,57,+91-99620-83632,Badepally,Jadcherla,Mahabubnagar,2026-06-19,FAC001,Dizziness,Other,Audio,23,No,No,Yes,14,11.4,Telugu,Poor,Completed
TC0003594,TEP0002754,Lakshmi Chary,F,51,9486063609,VELPULA,Midjil,Mahabubnagar,2026-03-03,FAC007,Routine NCD review,Dermatology,Audio,7,Yes,No,Yes,14,17.9,Telugu,Fair,Completed
TC0003595,TEP0002755,Arun Yadav,M,31,9258984562,Devarakonda,Devarakonda,Nalgonda,2026-04-02,FAC010,Body pain,Gastrointestinal,Video,7,No,No,Yes,14,22.8,English,Poor,Completed
TC0003596,TEP0002756,Rawi Reddy,M,49,9179596684,Balanagar,Balanagar,Mahabubnagar,2026-05-02,FAC006,Abdominal discomfort,Fever/Infection,Video,17,Yes,No,Yes,21,1.4,Telugu,Fair,Completed
TC0003597,TEP0002757,Sai Yadav,M,60,9908070869,Kohir,Zaheerabad,Sangareddy,2026-04-17,FAC024,Body pain,Respiratory,Assisted video,15,Yes,No,Yes,7,6.4,Telugu,Fair,Completed
TC0003598,TEP0002758,Kiran Goud,M,69,9814598514,Indresham,Patancheru,Sangareddy,2026-04-19,FAC027,Fever,Hypertension,Audio,16,Yes,No,Yes,14,22.3,Telugu,Fair,Completed
TC0003599,TEP0002759,Shankar Das,M,34,9027970594,Gundlapally,Devarakonda,Nalgonda,2026-05-07,FAC010,Abdominal discomfort,Fever/Infection,Audio,23,Yes,No,Yes,14,26.3,Telugu,Fair,Completed
TC0003600,TEP0002760,Shankar Yadav,M,48,,Jharasangam,Zaheerabad,Sangareddy,2026-05-21,FAC023,Body pain,Dermatology,Video,10,Yes,No,Yes,21,18.7,Telugu,Poor,Completed
TC0003601,TEP0002761,Mohan Mallaiah,M,68,,Kummarikunta,Chandur,Nalgonda,2026-04-21,FAC015,Skin complaint,Hypertension+Diabetes,Assisted video,16,Yes,Yes,No,,26.6,Telugu,Good,Completed
TC0003602,TEP0002761,Mohan Mallaiah,M,67,9763556361,Kummarikunta,Chandur,Nalgonda,2026-07-15,FAC013,Body pain,Hypertension+Diabetes,Audio,21,Yes,Yes,Yes,30,6.5,Telugu,Good,Completed
TC0003603,TEP0002762,Harika Mudiraj,F,79,9159995621,Velpula,Midjil,Mahabubnagar,2026-01-08,FAC008,Abdominal discomfort,Respiratory,Assisted video,14,No,Yes,Yes,7,12.6,Telugu,Poor,Completed
TC0003604,TEP0002762,Harika Mudiraj,F,78,9159995321,Velpula,Midjil,Mahabubnagar,2026-07-15,FAC009,Fever,Fever/Infection,Audio,23,Yes,Yes,Yes,7,4.2,Telugu,Good,Completed
TC0003605,TEP0002762,Harika Mudiraj,F,80,9159995621,Velpula,Midjil,Mahabubnagar,2026-08-03,FAC008,Headache,Respiratory,Video,20,Yes,No,Yes,30,12.6,Telugu,Poor,Completed
TC0003606,TEP0002763,Raju Shekar,M,55,9029633494,Velpul,Midjil,Mahabubnagar,2026-03-12,FAC008,Fever,Fever/Infection,Audio,12,No,No,Yes,30,12.6,Urdu,Good,Completed
TC0003607,TEP0002764,Harika Basha,F,55,,Rajapur,Balanagar,Mahabubnagar,2026-07-23,FAC006,Headache,Gastrointestinal,Video,23,Yes,Yes,Yes,14,8.7,Telugu,Good,Completed
TC0003608,TEP0002765,Srilatha Chary,F,73,9193313726,Gundlapally,Devarakonda,Nalgonda,2026-01-07,FAC011,Routine NCD review,Musculoskeletal,Audio,7,Yes,No,Yes,21,29.4,Telugu,Poor,Completed
TC0003609,TEP0002766,Nirmala Reddy,F,29,9666007815,Jharasangam,Zaheerabad,Sangareddy,2026-06-12,FAC023,Abdominal discomfort,Musculoskeletal,Video,7,Yes,No,No,,18.7,Telugu,Fair,Completed
TC0003610,TEP0002767,Deepika Goud,F,88,9808564940,Zaheerabad,Zaheerabad,Sangareddy,2026-01-06,FAC023,Dizziness,Dermatology,Video,11,Yes,No,Yes,30,17.3,Telugu,Good,Completed
TC0003611,TEP0002768,Srilatha Narsimha,F,65,9548418189,Macharam,Jadcherla,Mahabubnagar,2026-01-29,FAC003,Routine NCD review,Hypertension,Audio,9,No,No,Yes,21,12.8,Telugu,Fair,Completed
TC0003612,TEP0002769,Lalitha Jangam,F,71,9429956622,Bangarigadda,Chandur,Nalgonda,2026-04-20,FAC015,Abdominal discomfort,Dermatology,Video,13,Yes,No,Yes,7,18.0,Telugu,Good,Completed
TC0003613,TEP0002770,nitha Krishna,F,38,9377847486,Vemula,Midjil,Mahabubnagar,2026-06-24,FAC008,Abdominal discomfort,Fever/Infection,Assisted video,20,Yes,No,Yes,7,22.2,Telugu,Good,Completed
TC0003614,TEP0002771,Bhavani Reddy,F,58,9088588155,Chandur,Chandur,Nalgonda,2026-07-19,FAC015,Cough,Diabetes,Video,10,Yes,No,Yes,14,29.7,Urdu,Poor,Completed
TC0003615,TEP0002772,Shobh Kumar,F,32,,Kallepally,Balanagar,Mahabubnagar,2026-05-23,FAC005,Body pain,Other,Assisted video,20,Yes,Yes,Yes,14,26.2,Telugu,Good,Completed
TC0003616,TEP0002772,Shobha Kumar,F,31,,Kallepally,Balanagar,Mahabubnagar,2026-06-15,FAC004,Fever,Respiratory,Assisted video,8,Yes,Yes,Yes,14,26.4,Telugu,Fair,Completed
TC0003617,TEP0002773,Shobha Chary,F,36,9578765539,Kondamallepally,Devarakonda,Nalgonda,2026-05-07,FAC011,Abdominal discomfort,Fever/Infection,Video,18,No,Yes,No,,25.7,Telugu,Good,Completed
TC0003618,TEP0002774,Lalitha Mudiraj,F,30,9190964615,Narayankhed,Narayankhed,Sangareddy,2026-02-08,FAC021,Skin complaint,Musculoskeletal,Assisted video,19,Yes,Yes,No,,7.0,Telugu,Good,Completed
TC0003619,TEP0002775,Anil Basha,M,37,9498561079,KALHER,Narayankhed,Sangareddy,2026-03-19,FAC019,Fever,Diabetes,Audio,10,Yes,No,No,,24.9,English,Fair,Completed
TC0003620,TEP0002775,Anil Basha,M,35,9498561079,Kalher,Narayankhed,Sangareddy,2026-08-09,FAC019,Routine NCD review,Diabetes,Assisted video,7,Yes,No,Yes,21,24.9,English,Good,Completed
TC0003621,TEP0002776,Nirmala Khan,F,46,9810370587,Kangt,Narayankhed,Sangareddy,2026-01-13,FAC021,Headache,Hypertension+Diabetes,Assisted video,7,Yes,No,Yes,14,27.8,Telugu,Fair,Completed
TC0003622,TEP0002776,Nirmala Khan,F,47,9810370587,Kangti,Narayankhed,Sangareddy,2026-06-04,FAC020,Abdominal discomfort,Hypertension+Diabetes,Audio,7,Yes,Yes,Yes,14,11.9,Telugu,Fair,Completed
TC0003623,TEP0002777,Praveen Narsimha,M,60,9704629243,Kangti,Narayankhed,Sangareddy,2026-05-19,FAC021,Headache,Hypertension,Audio,12,No,No,Yes,14,27.8,Telugu,Poor,Completed
TC0003624,TEP0002778,Ravi Begum,M,50,+91-94738-06494,Chandur,Chandur,Nalgonda,2026-02-23,FAC014,Abdominal discomfort,Hypertension,Video,22,Yes,Yes,Yes,7,20.6,Telugu,Fair,Completed
TC0003625,TEP0002779,Srilatha Jangam,F,38,+91-91986-43252,Mogudampally,Zaheerabad,Sangareddy,2026-02-13,FAC024,Fever,Musculoskeletal,Audio,10,Yes,No,Yes,7,16.8,Telugu,Good,Completed
TC0003626,TEP0002780,Naveen Reddy,M,34,9980288495,Badepall,Jadcherla,Mahabubnagar,2026-03-16,FAC003,Abdominal discomfort,Respiratory,Assisted video,23,Yes,No,No,,5.1,Telugu,Poor,Completed
TC0003627,TEP0002781,Raju Das,M,70,9953128815,Kalher,Narayankhed,Sangareddy,2026-03-03,FAC021,Dizziness,Fever/Infection,Assisted video,12,No,Yes,Yes,14,22.9,Telugu,Fair,Completed
TC0003628,TEP0002782,Arun Begum,M,75,9004920151,Kummarikunta,Chandur,Nalgonda,2026-02-08,FAC015,Fever,Hypertension+Diabetes,Video,7,Yes,Yes,Yes,30,26.6,Telugu,Good,Completed
TC0003629,TEP0002782,Arun Begum,M,73,9004920151,Kummarikunta,Chandur,Nalgonda,2026-08-04,FAC013,Routine NCD review,Hypertension,Video,24,No,No,Yes,14,6.5,Telugu,Good,Completed
TC0003630,TEP0002783,Santosh Laxman,M,58,9501011418,Kohir,Zaheerabad,Sangareddy,2026-07-27,FAC024,Routine NCD review,Hypertension+Diabetes,Video,20,Yes,Yes,No,,6.4,Telugu,Poor,Completed
TC0003631,TEP0002784,Shankar Begum,M,38,9762803291,Kummarikunta,Chandur,Nalgonda,2026-02-28,FAC013,Abdominal discomfort,Musculoskeletal,Audio,16,Yes,Yes,Yes,7,6.5,Telugu,Poor,Completed
TC0003632,TEP0002785,Ramesh Goud,M,50,9669961312,Nermata,Chandur,Nalgonda,2026-07-22,FAC014,Cough,Other,Video,21,Yes,Yes,No,,19.2,Telugu,Poor,Completed
TC0003633,TEP0002786,Vinod Shekar,M,37,9920202601,Marrur,Nakrekal,Nalgonda,2026-04-05,FAC016,Cough,Fever/Infection,Audio,22,Yes,Yes,No,,36.5,Telugu,Poor,Completed
TC0003634,TEP0002787,Lakshmi Shekar,F,74,+91-95465-52811,Chandur,Chandur,Nalgonda,2026-01-13,FAC013,Body pain,Respiratory,Audio,17,Yes,No,Yes,7,21.3,Telugu,Poor,Completed
TC0003635,TEP0002787,Lakshmi Shekar,F,75,9546552811,Chandur,Chandur,Nalgonda,2026-05-21,FAC015,Body pain,Other,Video,12,Yes,No,Yes,7,29.7,Telugu,Fair,Completed
TC0003636,TEP0002788,Nirmala Krishna,F,49,9011914128,Kallepally,Balanagar,Mahabubnagar,2026-08-11,FAC004,Skin complaint,Hypertension,Assisted video,12,Yes,Yes,No,,26.4,Telugu,Good,Completed
TC0003637,TEP0002789,Lakshmi Devi,F,70,9350030733,Bodajanampet,Balanagar,Mahabubnagar,2026-02-15,FAC004,Routine NCD review,Musculoskeletal,Assisted video,12,Yes,No,Yes,14,27.6,Telugu,Fair,Completed
TC0003638,TEP0002790,Anjali Basha,F,49,9301230799,Badepalli,Jadcherla,Mahabubnagar,2026-02-28,FAC002,Skin complaint,Dermatology,Video,16,Yes,Yes,Yes,14,19.9,Telugu,Fair,Completed
TC0003639,TEP0002791,Swathi Shekar,F,51,9959024121,Nomula,Nakrekal,Nalgonda,2026-02-17,FAC018,Dizziness,Fever/Infection,Video,10,No,No,Yes,30,2.2,Telugu,Good,Completed
TC0003640,TEP0002792,Mohan,M,48,9203624184,Chandur,Chandur,Nalgonda,2026-04-19,FAC014,Skin complaint,Hypertension+Diabetes,Video,15,No,No,No,,20.6,Urdu,Good,Completed
TC0003641,TEP0002793,Mounika Narsimha,F,51,9926807654,Polepally,Jadcherla,Mahabubnagar,2026-06-20,FAC001,Dizziness,Hypertension,Assisted video,17,Yes,Yes,Yes,30,25.4,English,Fair,Completed
TC0003642,TEP0002794,Padma Naik,F,60,9506694803,Midjil,Midjil,Mahabubnagar,2026-07-25,FAC009,Cough,Diabetes,Video,14,Yes,No,Yes,30,19.5,Telugu,Good,Completed
TC0003643,TEP0002795,Mohan Basha,M,39,9869513461,Bangarigadda,Chandur,Nalgonda,2026-04-09,FAC014,Body pain,Dermatology,Video,9,No,No,Yes,14,17.6,Telugu,Poor,Completed
TC0003644,TEP0002795,Mohan Basha,M,37,9869513461,Bangarigadda,Chandur,Nalgonda,2026-04-28,FAC014,Skin complaint,Fever/Infection,Assisted video,20,Yes,No,No,,17.6,Telugu,Poor,Completed
TC0003645,TEP0002796,Mahesh Yadav,M,38,9420355556,Bhanur,Patancheru,Sangareddy,2026-05-05,FAC027,Body pain,Dermatology,Assisted video,20,Yes,No,No,,18.4,English,Poor,Completed
TC0003646,TEP0002796,Mahesh Yadav,M,38,9420355556,Bhanur,Patancheru,Sangareddy,2026-06-13,FAC025,Dizziness,Other,Video,13,Yes,No,Yes,30,18.7,English,Fair,Completed
TC0003647,TEP0002797,Vinod Begum,M,87,9086349504,Narayankhed,Narayankhed,Sangareddy,2026-07-06,FAC019,Cough,Fever/Infection,Video,18,Yes,No,No,,28.2,Telugu,Good,Completed
TC0003648,TEP0002798,Suresh Goud,M,41,9443985535,Patancheru,Patancheru,Sangareddy,2026-02-08,FAC026,Abdominal discomfort,Hypertension,Assisted video,24,No,No,No,,23.1,Telugu,Good,Completed
TC0003649,TEP0002799,Ramesh Goud,M,52,9152494296,Badepally,Jadcherla,Mahabubnagar,2026-03-15,FAC003,Skin complaint,Other,Assisted video,14,Yes,No,No,,5.1,Telugu,Fair,Completed
TC0003650,TEP0002799,Ramesh Goud,M,52,9150494296,Badepally,Jadcherla,Mahabubnagar,2026-04-17,FAC003,Abdominal discomfort,Diabetes,Assisted video,18,Yes,No,No,,5.1,Telugu,Good,Completed
TC0003651,TEP0002800,Srinivas Das,M,50,9683439193,Bodajanampet,Balanagar,Mahabubnagar,2026-01-09,FAC004,Skin complaint,Other,Video,12,Yes,Yes,Yes,21,27.6,Telugu,Good,Completed
TC0003652,TEP0002801,Ravi Naik,M,28,9389230483,Kummarikunta,Chandur,Nalgonda,2026-06-23,FAC013,Fever,Dermatology,Video,12,No,No,Yes,14,6.5,Telugu,Poor,Completed
TC0003653,TEP0002802,Naveen Devi,M,41,9990609741,Nakrekal,Nakrekal,Nalgonda,2026-04-24,FAC016,Fever,Gastrointestinal,Assisted video,18,No,No,No,,35.5,Telugu,Fair,Completed
TC0003654,TEP0002802,Naveen Devi,M,41,9990609741,Nakrekal,Nakrekal,Nalgonda,2026-06-18,FAC017,Dizziness,Musculoskeletal,Audio,18,Yes,No,No,,36.5,Telugu,Poor,Completed
TC0003655,TEP0002803,Bhavani Basha,F,51,9103309694,Gundlapally,Devarakonda,Nalgonda,2026-04-10,FAC011,Body pain,Fever/Infection,Assisted video,20,No,No,No,,29.4,Telugu,Fair,Completed
TC0003656,TEP0002803,Bhavanee Basha,F,52,9103309694,Gundlapally,Devarakonda,Nalgonda,2026-05-13,FAC012,Headache,Hypertension,Video,16,Yes,Yes,No,,25.4,Telugu,Good,Completed
TC0003657,TEP0002803,Bhvani Basha,F,52,9103409694,Gundlapally,Devarakonda,Nalgonda,2026-07-16,FAC010,Fever,Hypertension,Video,16,Yes,No,Yes,7,26.3,Telugu,Fair,Completed
TC0003658,TEP0002804,Kiran Rao,M,79,9098152216,Kangti,Narayankhed,Sangareddy,2026-07-27,FAC019,Cough,Hypertension,Assisted video,13,No,Yes,No,,20.3,Telugu,Poor,Completed
TC0003659,TEP0002804,Kiran Rao,M,79,9098152216,Kangt,Narayankhed,Sangareddy,2026-08-01,FAC019,Abdominal discomfort,Hypertension,Assisted video,15,Yes,No,Yes,14,20.3,Telugu,Poor,Completed
TC0003660,TEP0002805,Anjali Goud,F,69,9644168759,Kangt,Narayankhed,Sangareddy,2026-06-04,FAC020,Dizziness,Other,Video,13,Yes,No,No,,11.9,Telugu,Fair,Completed
TC0003661,TEP0002806,Arun Chary,M,53,9428066552,Rajapur,Balanagar,Mahabubnagar,2026-04-03,FAC004,Abdominal discomfort,Gastrointestinal,Audio,20,No,No,Yes,21,13.9,Telugu,Good,Completed
TC0003662,TEP0002807,Swathi Shekar,F,46,9977992587,Balanagar,Balanagar,Mahabubnagar,2026-07-01,FAC004,Dizziness,Hypertension+Diabetes,Assisted video,15,Yes,Yes,No,,10.8,Telugu,Fair,Completed
TC0003663,TEP0002807,Swathi Shekar,F,48,9977992587,Balanagar,Balanagar,Mahabubnagar,2026-08-06,FAC004,Abdominal discomfort,Hypertension,Audio,17,Yes,Yes,No,,10.8,Telugu,Fair,Completed
TC0003664,TEP0002808,Shobha Naik,F,44,+91-93823-68613,Jharasangam,Zaheerabad,Sangareddy,2026-04-11,FAC023,Headache,Hypertension,Video,7,Yes,No,No,,18.7,Telugu,Poor,Completed
TC0003665,TEP0002808,Shobha Naik,F,43,9382368613,Jharasangam,Zaheerabad,Sangareddy,2026-05-08,FAC023,Headache,Other,Audio,14,Yes,No,Yes,21,18.7,Telugu,Fair,Completed
TC0003666,TEP0002808,Shobh Naik,F,43,9682368613,Jharasangam,Zaheerabad,Sangareddy,2026-06-21,FAC024,Body pain,Hypertension+Diabetes,Video,12,Yes,Yes,Yes,30,2.6,Telugu,Poor,Completed
TC0003667,TEP0002809,Suresh Khan,M,60,9994746281,Ameenpur,Patancheru,Sangareddy,2026-03-21,FAC025,Fever,Respiratory,Assisted video,15,No,Yes,Yes,21,13.0,Urdu,Good,Completed
TC0003668,TEP0002809,Suresh Khan,M,61,+91-99947-46281,Ameenpur,Patancheru,Sangareddy,2026-05-06,FAC026,Cough,Fever/Infection,Video,19,Yes,No,Yes,7,9.7,Urdu,Good,Completed
TC0003669,TEP0002810,Rajesh Mallaiah,M,55,9813629055,Marrur,Nakrekal,Nalgonda,2026-04-23,FAC018,Fever,Diabetes,Assisted video,7,Yes,No,No,,6.7,Urdu,Fair,Completed
TC0003670,TEP0002811,Kavitha Mudiraj,F,72,9868618712,Polepally,Jadcherla,Mahabubnagar,2026-02-13,FAC003,Skin complaint,Diabetes,Assisted video,20,Yes,No,Yes,30,21.0,Telugu,Fair,Completed
TC0003671,TEP0002812,Divya Das,F,66,9208374505,Badepally,Jadcherla,Mahabubnagar,2026-06-08,FAC003,Headache,Diabetes,Assisted video,23,Yes,Yes,No,,5.1,Telugu,Poor,Completed
TC0003672,TEP0002812,Divya Das,F,65,9208374505,BADEPALLY,Jadcherla,Mahabubnagar,2026-07-08,FAC003,Skin complaint,Other,Video,7,No,Yes,Yes,30,5.1,Telugu,Fair,Completed
TC0003673,TEP0002813,Rani Yadav,F,52,9516427827,Devarakonda,Devarakonda,Nalgonda,2026-07-09,FAC010,Routine NCD review,Dermatology,Video,13,No,Yes,Yes,30,22.8,Telugu,Poor,Completed
TC0003674,TEP0002814,Kaveetha Kumar,F,52,9543753391,Nomula,Nakrekal,Nalgonda,2026-04-01,FAC016,Skin complaint,Dermatology,Assisted video,15,No,No,Yes,21,36.1,Telugu,Good,Completed
TC0003675,TEP0002815,Srilatha Chary,F,89,9260613185,Kangti,Narayankhed,Sangareddy,2026-05-30,FAC019,Body pain,Hypertension,Video,14,No,Yes,No,,20.3,Telugu,Good,Completed
TC0003676,TEP0002816,Mhesh Yadav,M,22,9650798223,Nomula,Nakrekal,Nalgonda,2026-04-19,FAC017,Fever,Fever/Infection,Audio,22,Yes,No,No,,29.9,Telugu,Poor,Completed
TC0003677,TEP0002816,Mahesh Yadaw,M,22,9650798223,Nomula,Nakrekal,Nalgonda,2026-07-20,FAC016,Body pain,Other,Audio,17,Yes,No,Yes,30,36.1,Telugu,Good,Completed
TC0003678,TEP0002817,Bhavani Goud,F,70,9773041199,Indresham,Patancheru,Sangareddy,2026-04-09,FAC025,Routine NCD review,Dermatology,Audio,8,Yes,Yes,Yes,14,19.2,Telugu,Good,Completed
TC0003679,TEP0002817,Bhavani Goud,F,71,9773041199,Indresham,Patancheru,Sangareddy,2026-05-08,FAC026,Skin complaint,Musculoskeletal,Assisted video,13,Yes,No,No,,11.5,Telugu,Fair,Completed
TC0003680,TEP0002818,Vinod Kumar,M,33,9649859296,Gangapur,Jadcherla,Mahabubnagar,2026-05-10,FAC003,Cough,Other,Assisted video,17,Yes,No,Yes,30,26.4,Telugu,Fair,Completed
TC0003681,TEP0002818,Vinod Kumar,M,32,9649859296,Gangapur,Jadcherla,Mahabubnagar,2026-06-27,FAC001,Fever,Dermatology,Audio,22,No,No,Yes,30,20.2,Telugu,Good,Completed
TC0003682,TEP0002819,Raghav Basha,M,60,9432304726,Rajapur,Balanagar,Mahabubnagar,2026-03-18,FAC006,Cough,Other,Audio,21,Yes,No,Yes,14,8.7,Telugu,Fair,Completed
TC0003683,TEP0002820,Bhavani Das,F,70,9378941720,Mogudampally,Zaheerabad,Sangareddy,2026-03-27,FAC023,Headache,Other,Video,17,Yes,No,No,,22.3,Telugu,Good,Completed
TC0003684,TEP0002821,Swathi Jangam,F,48,,Bangarigadda,Chandur,Nalgonda,2026-01-19,FAC013,Skin complaint,Respiratory,Assisted video,14,Yes,No,No,,16.9,Telugu,Good,Completed
TC0003685,TEP0002822,Jyothi Patel,F,21,9479955084,Nomula,Nakrekal,Nalgonda,2026-03-18,FAC016,Body pain,Diabetes,Audio,22,Yes,No,Yes,21,36.1,Telugu,Poor,Completed
TC0003686,TEP0002823,Sai Yadav,M,48,9501440558,Bangarigadda,Chandur,Nalgonda,2026-03-20,FAC013,Body pain,Hypertension+Diabetes,Video,15,Yes,Yes,Yes,14,16.9,Telugu,Fair,Completed
TC0003687,TEP0002823,Sai Yadav,M,47,9501440558,Bangarigadda,Chandur,Nalgonda,2026-04-23,FAC015,Cough,Hypertension+Diabetes,Assisted video,15,Yes,Yes,Yes,30,18.0,Telugu,Fair,Completed
TC0003688,TEP0002824,Swathi Begum,F,41,+91-99949-81950,Kallepally,Balanagar,Mahabubnagar,2026-02-11,FAC006,Body pain,Hypertension,Video,21,Yes,No,Yes,7,35.4,Telugu,Poor,Completed
TC0003689,TEP0002825,Anitha Shekar,F,30,9725552700,Gangapur,Jadcherla,Mahabubnagar,2026-04-03,FAC003,Headache,Other,Video,14,Yes,Yes,Yes,7,26.4,Telugu,Good,Completed
TC0003690,TEP0002826,Bhavani Basha,F,42,,Nakrekal,Nakrekal,Nalgonda,2026-05-29,FAC016,Skin complaint,Dermatology,Audio,15,Yes,No,Yes,14,35.5,Telugu,Good,Completed
TC0003691,TEP0002827,Anitha Yadav,F,55,9296658031,Kallepally,Balanagar,Mahabubnagar,2026-05-02,FAC005,Fever,Hypertension+Diabetes,Audio,22,Yes,Yes,Yes,21,26.2,Telugu,Poor,Completed
TC0003692,TEP0002828,Suresh Begum,M,47,9725840205,Devarakonda,Devarakonda,Nalgonda,2026-07-01,FAC011,Cough,Dermatology,Video,8,Yes,Yes,Yes,30,29.2,Telugu,Good,Completed
TC0003693,TEP0002828,Suresh Begum,M,48,9725840205,Devarakonda,Devarakonda,Nalgonda,2026-08-06,FAC012,Headache,Musculoskeletal,Audio,8,Yes,Yes,No,,22.1,Telugu,Good,Completed
TC0003694,TEP0002829,Padma,F,60,9829298408,KOHIR,Zaheerabad,Sangareddy,2026-01-11,FAC024,Skin complaint,Respiratory,Video,21,Yes,Yes,No,,6.4,Telugu,Good,Completed
TC0003695,TEP0002830,Mahesh Khan,M,47,9364927370,Kondamallepally,Devarakonda,Nalgonda,2026-01-23,FAC012,Abdominal discomfort,Hypertension,Audio,7,No,No,No,,19.6,Telugu,Fair,Completed
TC0003696,TEP0002831,Anil Mallaiah,M,37,9514024807,Narayankhed,Narayankhed,Sangareddy,2026-04-11,FAC021,Routine NCD review,Hypertension,Video,15,Yes,No,No,,7.0,Telugu,Fair,Completed
TC0003697,TEP0002831,Anil Mallaiah,M,37,9514024807,Narayankhed,Narayankhed,Sangareddy,2026-05-08,FAC021,Abdominal discomfort,Other,Video,17,No,No,No,,7.0,Telugu,Fair,Completed
TC0003698,TEP0002832,Naresh Goud,M,35,,Midjil,Midjil,Mahabubnagar,2026-04-01,FAC008,Abdominal discomfort,Musculoskeletal,Assisted video,11,No,No,No,,11.3,Urdu,Good,Completed
TC0003699,TEP0002833,Lalitha Chary,F,31,9253348987,Balanagar,Balanagar,Mahabubnagar,2026-04-01,FAC006,Fever,Dermatology,Audio,17,Yes,No,No,,1.4,Telugu,Fair,Completed
TC0003700,TEP0002834,Harika Mallaiah,F,66,9134235736,Nomula,Nakrekal,Nalgonda,2026-03-06,FAC017,Abdominal discomfort,Fever/Infection,Assisted video,22,Yes,No,Yes,30,29.9,Telugu,Good,Completed
TC0003701,TEP0002835,Rvi Kumar,M,20,9361396399,Gundlapally,Devarakonda,Nalgonda,2026-01-10,FAC011,Routine NCD review,Dermatology,Video,7,Yes,No,Yes,21,29.4,Telugu,Poor,Completed
TC0003702,TEP0002836,Swathi Kumar,F,61,9787827773,Peddadinne,Devarakonda,Nalgonda,2026-05-31,FAC012,Headache,Musculoskeletal,Video,19,Yes,Yes,Yes,30,6.6,Telugu,Good,Completed
TC0003703,TEP0002837,Swathi Shekar,F,51,9694796863,Mangalapally,Nakrekal,Nalgonda,2026-08-08,FAC017,Headache,Hypertension,Audio,8,Yes,Yes,Yes,30,21.1,Telugu,Good,Completed
TC0003704,TEP0002838,Renuka Begum,F,37,9077383410,Marrur,Nakrekal,Nalgonda,2026-03-12,FAC017,Body pain,Hypertension+Diabetes,Assisted video,21,Yes,Yes,Yes,14,25.8,Telugu,Good,Completed
TC0003705,TEP0002839,Venkatesh Chary,M,67,9366391723,Macharam,Jadcherla,Mahabubnagar,2026-07-23,FAC002,Skin complaint,Dermatology,Video,12,Yes,No,No,,29.4,Telugu,Poor,Completed
TC0003706,TEP0002840,Lakshmi Mallaiah,F,51,9760149388,KOHIR,Zaheerabad,Sangareddy,2026-02-16,FAC022,Headache,Other,Video,23,No,Yes,No,,3.6,Urdu,Poor,Completed
TC0003707,TEP0002840,Lakshmi Mallaiah,F,50,9760149388,Kohir,Zaheerabad,Sangareddy,2026-03-11,FAC023,Body pain,Other,Audio,7,Yes,Yes,No,,15.7,Urdu,Poor,Completed
TC0003708,TEP0002841,Vinod Naik,M,47,9764713954,Velpula,Midjil,Mahabubnagar,2026-02-28,FAC008,Body pain,Fever/Infection,Audio,13,Yes,Yes,No,,12.6,Telugu,Fair,Completed
TC0003709,TEP0002842,Mohan Kumar,M,59,9159077873,Nermata,Chandur,Nalgonda,2026-01-26,FAC015,Cough,Musculoskeletal,Audio,23,Yes,No,Yes,14,22.4,Telugu,Fair,Completed
TC0003710,TEP0002843,Divya Yadav,F,52,9072217960,Bhanur,Patancheru,Sangareddy,2026-03-20,FAC026,Headache,Other,Audio,20,Yes,Yes,Yes,7,12.8,Telugu,Good,Completed
TC0003711,TEP0002843,Divy Yadav,F,51,9072217960,Bhanur,Patancheru,Sangareddy,2026-05-07,FAC025,Body pain,Respiratory,Assisted video,18,Yes,Yes,Yes,7,18.7,Telugu,Fair,Completed
TC0003712,TEP0002844,Sriltha Khan,F,58,9875135625,Chandur,Chandur,Nalgonda,2026-06-10,FAC013,Cough,Hypertension,Video,18,No,Yes,Yes,30,21.3,Telugu,Good,Completed
TC0003713,TEP0002845,Srilatha Mudiraj,F,74,9306782036,Patancheru,Patancheru,Sangareddy,2026-06-29,FAC025,Dizziness,Other,Assisted video,22,Yes,No,Yes,30,25.4,Telugu,Poor,Completed
TC0003714,TEP0002846,Anjali Laxman,F,54,9754502174,Nermata,Chandur,Nalgonda,2026-05-08,FAC013,Fever,Hypertension+Diabetes,Video,13,Yes,Yes,Yes,30,19.7,Telugu,Fair,Completed
TC0003715,TEP0002847,Kiran Mallaiah,M,46,9275352621,Kallepally,Balanagar,Mahabubnagar,2026-02-13,FAC004,Routine NCD review,Hypertension,Assisted video,13,Yes,No,Yes,14,26.4,Telugu,Fair,Completed
TC0003716,TEP0002848,Divya Basha,F,61,9664295990,Kalher,Narayankhed,Sangareddy,2026-01-16,FAC021,Cough,Diabetes,Video,12,Yes,Yes,No,,22.9,Telugu,Fair,Completed
TC0003717,TEP0002849,Naveen Laxman,M,53,9360589164,Narayankhed,Narayankhed,Sangareddy,2026-07-30,FAC019,Dizziness,Dermatology,Video,17,No,No,Yes,30,28.2,Telugu,Fair,Completed
TC0003718,TEP0002850,Shankar Yadaw,M,36,9217952050,Manoor,Narayankhed,Sangareddy,2026-05-10,FAC019,Dizziness,Diabetes,Assisted video,16,Yes,Yes,No,,33.3,Telugu,Fair,Completed
TC0003719,TEP0002851,Shankar Rao,M,62,9325376415,Nakrekal,Nakrekal,Nalgonda,2026-04-30,FAC017,Skin complaint,Hypertension,Assisted video,16,Yes,Yes,No,,36.5,Telugu,Poor,Completed
TC0003720,TEP0002852,Saritha Devi,F,33,9751028573,Nakrekal,Nakrekal,Nalgonda,2026-03-17,FAC017,Routine NCD review,Musculoskeletal,Audio,8,Yes,Yes,Yes,7,36.5,Telugu,Fair,Completed
TC0003721,TEP0002853,Raghav Das,M,66,,Nermata,Chandur,Nalgonda,2026-07-31,FAC013,Abdominal discomfort,Hypertension,Video,10,Yes,No,Yes,30,19.7,Telugu,Good,Completed
TC0003722,TEP0002854,Vinod Laxman,M,53,9145677475,KONDAMALLEPALLY,Devarakonda,Nalgonda,2026-04-22,FAC012,Headache,Musculoskeletal,Assisted video,19,Yes,Yes,Yes,30,19.6,Telugu,Fair,Completed
TC0003723,TEP0002855,Jyothi Kumar,F,40,9423677938,Manoor,Narayankhed,Sangareddy,2026-05-26,FAC021,Abdominal discomfort,Musculoskeletal,Video,22,No,No,Yes,14,15.5,Telugu,Good,Completed
TC0003724,TEP0002856,Rani Khan,F,79,,Donur,Midjil,Mahabubnagar,2026-04-08,FAC008,Dizziness,Musculoskeletal,Assisted video,21,Yes,No,No,,9.4,Telugu,Good,Completed
TC0003725,TEP0002857,Sushma Shekar,F,68,9658805464,Polepally,Jadcherla,Mahabubnagar,2026-01-11,FAC003,Cough,Diabetes,Assisted video,24,Yes,Yes,Yes,21,21.0,Telugu,Good,Completed
TC0003726,TEP0002858,Anil Reddy,M,31,9196705280,GUNDLAPALLY,Devarakonda,Nalgonda,2026-02-16,FAC011,Fever,Fever/Infection,Audio,15,No,No,Yes,14,29.4,Telugu,Good,Completed
TC0003727,TEP0002858,Anil Reddy,M,31,9196705280,Gundlapally,Devarakonda,Nalgonda,2026-03-10,FAC010,Routine NCD review,Dermatology,Audio,13,Yes,Yes,No,,26.3,Telugu,Poor,Completed
TC0003728,TEP0002859,Nirmala Begum,F,34,9584181325,Peddadinne,Devarakonda,Nalgonda,2026-04-04,FAC012,Fever,Hypertension,Audio,10,Yes,No,Yes,7,6.6,Telugu,Good,Completed
TC0003729,TEP0002859,Nirmala Begum,F,36,9584181325,Peddadinne,Devarakonda,Nalgonda,2026-05-15,FAC012,Abdominal discomfort,Hypertension,Assisted video,22,No,Yes,No,,6.6,Telugu,Fair,Completed
TC0003730,TEP0002859,Neermala Begum,F,36,9584181325,Peddadinne,Devarakonda,Nalgonda,2026-06-29,FAC012,Dizziness,Hypertension,Video,21,Yes,No,No,,6.6,Telugu,Good,Completed
TC0003731,TEP0002860,Srinivas Goud,M,41,9766889607,Kalher,Narayankhed,Sangareddy,2026-02-17,FAC019,Body pain,Hypertension,Audio,12,Yes,Yes,No,,24.9,Telugu,Good,Completed
TC0003732,TEP0002861,Deepika Basha,F,39,9208097713,Kummarikunta,Chandur,Nalgonda,2026-06-03,FAC014,Routine NCD review,Other,Video,21,Yes,No,No,,7.3,Urdu,Good,Completed
TC0003733,TEP0002862,Anjali Mallaiah,F,50,9863587141,Balanagar,Balanagar,Mahabubnagar,2026-04-24,FAC004,Routine NCD review,Fever/Infection,Video,11,Yes,Yes,Yes,14,10.8,Urdu,Poor,Completed
TC0003734,TEP0002862,Anjali Mallaiah,F,49,9863587141,Balanagar,Balanagar,Mahabubnagar,2026-05-13,FAC006,Headache,Gastrointestinal,Video,15,Yes,No,Yes,7,1.4,Urdu,Fair,Completed
TC0003735,TEP0002863,Rmesh Yadav,M,33,9891168396,Jharasangam,Zaheerabad,Sangareddy,2026-05-06,FAC024,Headache,Fever/Infection,Audio,17,Yes,Yes,Yes,7,2.6,Telugu,Poor,Completed
TC0003736,TEP0002864,Anitha Devi,F,52,9301959193,Peddadinne,Devarakonda,Nalgonda,2026-02-01,FAC012,Cough,Diabetes,Video,22,No,No,Yes,14,6.6,Telugu,Good,Completed
TC0003737,TEP0002865,Jyothi Laxman,F,84,9222089388,Kondamallepally,Devarakonda,Nalgonda,2026-03-03,FAC012,Headache,Gastrointestinal,Video,15,No,No,Yes,7,19.6,Telugu,Fair,Completed
TC0003738,TEP0002865,Jyothee Laxman,F,85,9222089388,Kondamallepally,Devarakonda,Nalgonda,2026-05-01,FAC012,Skin complaint,Respiratory,Assisted video,23,Yes,No,No,,19.6,Telugu,Poor,Completed
TC0003739,TEP0002865,Jyothi Laxman,F,86,9222089388,Kondamallepally,Devarakonda,Nalgonda,2026-06-20,FAC010,Routine NCD review,Other,Assisted video,8,Yes,No,Yes,30,20.0,Telugu,Good,Completed
TC0003740,TEP0002866,Santosh Patel,M,51,+91-99231-12427,Zaheerabad,Zaheerabad,Sangareddy,2026-01-05,FAC022,Routine NCD review,Hypertension+Diabetes,Audio,19,Yes,Yes,Yes,21,25.3,Telugu,Fair,Completed
TC0003741,TEP0002867,Venkatesh,M,63,,Peddadinne,Devarakonda,Nalgonda,2026-07-26,FAC010,Dizziness,Other,Audio,7,Yes,No,Yes,7,7.4,Telugu,Fair,Completed
TC0003742,TEP0002868,Ravi Patel,M,38,9196009790,Velpula,Midjil,Mahabubnagar,2026-03-22,FAC009,Dizziness,Other,Assisted video,15,Yes,Yes,Yes,7,4.2,Telugu,Fair,Completed
TC0003743,TEP0002869,Mounika Jangam,F,42,9903884276,Mangalapally,Nakrekal,Nalgonda,2026-06-01,FAC016,Headache,Diabetes,Video,14,Yes,No,Yes,14,4.1,Telugu,Poor,Completed
TC0003744,TEP0002870,Harika Shekar,F,42,9458760471,Macharam,Jadcherla,Mahabubnagar,2026-03-18,FAC003,Abdominal discomfort,Hypertension+Diabetes,Assisted video,19,No,Yes,Yes,30,12.8,Telugu,Fair,Completed
TC0003745,TEP0002870,Harika Shekar,F,42,+91-94587-60471,Macharam,Jadcherla,Mahabubnagar,2026-05-05,FAC003,Fever,Hypertension,Audio,18,Yes,No,Yes,7,12.8,Telugu,Poor,Completed
TC0003746,TEP0002871,Raghav Laxman,M,60,9347015872,Donur,Midjil,Mahabubnagar,2026-08-05,FAC008,Skin complaint,Hypertension,Assisted video,13,Yes,No,Yes,7,9.4,Telugu,Poor,Completed
TC0003747,TEP0002872,Anjali Narsimha,F,53,9023580050,Kondamallepally,Devarakonda,Nalgonda,2026-01-10,FAC010,Cough,Hypertension,Video,17,No,No,Yes,7,20.0,Telugu,Fair,Completed
TC0003748,TEP0002873,Deepika Rao,F,30,9547667155,Chandur,Chandur,Nalgonda,2026-08-15,FAC014,Fever,Diabetes,Assisted video,9,Yes,Yes,Yes,14,20.6,Telugu,Poor,Completed
TC0003749,TEP0002874,Aneetha Goud,F,42,9009169850,RAJAPUR,Balanagar,Mahabubnagar,2026-03-30,FAC005,Body pain,Diabetes,Assisted video,9,Yes,Yes,No,,12.6,Telugu,Poor,Completed
TC0003750,TEP0002875,Shankar Mudiraj,M,49,+91-90103-15418,Bangarigadda,Chandur,Nalgonda,2026-03-24,FAC015,Routine NCD review,Hypertension+Diabetes,Assisted video,9,Yes,Yes,Yes,30,18.0,Telugu,Poor,Completed
TC0003751,TEP0002876,Rani Jangam,F,32,9873095334,Jharasangam,Zaheerabad,Sangareddy,2026-05-16,FAC023,Routine NCD review,Fever/Infection,Assisted video,12,Yes,No,No,,18.7,Telugu,Poor,Completed
TC0003752,TEP0002876,Rani Jangam,F,32,9873095934,Jharasangam,Zaheerabad,Sangareddy,2026-07-10,FAC023,Skin complaint,Diabetes,Video,8,No,No,Yes,14,18.7,Telugu,Good,Completed
TC0003753,TEP0002877,Lakshmi Khan,F,50,9797843006,Jharasangam,Zaheerabad,Sangareddy,2026-07-27,FAC023,Abdominal discomfort,Fever/Infection,Video,19,No,Yes,Yes,30,18.7,Telugu,Fair,Completed
TC0003754,TEP0002878,Jyothi Begum,F,49,+91-92682-61338,Peddadinne,Devarakonda,Nalgonda,2026-01-09,FAC010,Body pain,Diabetes,Video,15,Yes,Yes,No,,7.4,Telugu,Fair,Completed
TC0003755,TEP0002879,Deepika Laxman,F,35,9801205985,Kallepally,Balanagar,Mahabubnagar,2026-07-24,FAC005,Body pain,Hypertension+Diabetes,Video,13,No,No,Yes,30,26.2,Telugu,Poor,Completed
TC0003756,TEP0002880,Swathi Mallaiah,F,57,9192620505,Balanagar,Balanagar,Mahabubnagar,2026-03-03,FAC005,Routine NCD review,Hypertension,Audio,11,No,Yes,Yes,30,10.4,Telugu,Good,Completed
TC0003757,TEP0002881,Vinod Basha,M,41,9181379223,Gundlapally,Devarakonda,Nalgonda,2026-03-07,FAC012,Dizziness,Other,Assisted video,14,Yes,No,No,,25.4,Telugu,Poor,Completed
TC0003758,TEP0002882,Kiran Kumar,M,73,9249168765,Donur,Midjil,Mahabubnagar,2026-07-20,FAC008,Body pain,Other,Audio,7,Yes,No,Yes,14,9.4,Telugu,Fair,Completed
TC0003759,TEP0002883,Srinivas Rao,M,48,+91-94524-73297,Bodajanampet,Balanagar,Mahabubnagar,2026-04-26,FAC006,Headache,Hypertension,Video,11,No,Yes,Yes,14,33.3,Telugu,Poor,Completed
TC0003760,TEP0002884,Rvi Mudiraj,M,76,9809471762,Marrur,Nakrekal,Nalgonda,2026-06-29,FAC018,Fever,Hypertension,Video,23,Yes,No,No,,6.7,Telugu,Good,Completed
TC0003761,TEP0002885,Padma Patel,F,57,9043447036,Zaheerabad,Zaheerabad,Sangareddy,2026-08-04,FAC023,Skin complaint,Hypertension,Assisted video,7,No,Yes,No,,17.3,Telugu,Fair,Completed
TC0003762,TEP0002886,Rani Begum,F,65,9280674104,Donur,Midjil,Mahabubnagar,2026-02-12,FAC008,Fever,Other,Video,22,Yes,No,Yes,21,9.4,Telugu,Fair,Completed
TC0003763,TEP0002886,Rani Begum,F,65,9280674104,Donur,Midjil,Mahabubnagar,2026-07-13,FAC007,Fever,Fever/Infection,Assisted video,20,Yes,No,Yes,30,23.7,Telugu,Fair,Completed
TC0003764,TEP0002887,Srilatha Mallaiah,F,56,9751189680,Badepally,Jadcherla,Mahabubnagar,2026-03-20,FAC003,Routine NCD review,Diabetes,Video,20,No,Yes,Yes,7,5.1,Telugu,Fair,Completed
TC0003765,TEP0002888,Jyothi Begum,F,27,,Patancheru,Patancheru,Sangareddy,2026-01-08,FAC025,Abdominal discomfort,Other,Assisted video,20,Yes,No,No,,25.4,Telugu,Poor,Completed
TC0003766,TEP0002889,Praveen Goud,M,50,9343942214,VEMULA,Midjil,Mahabubnagar,2026-03-24,FAC007,Body pain,Musculoskeletal,Audio,23,No,No,Yes,21,25.7,Telugu,Fair,Completed
TC0003767,TEP0002890,Anil Rao,M,53,+91-97026-98933,Chandur,Chandur,Nalgonda,2026-04-27,FAC015,Body pain,Hypertension,Assisted video,8,Yes,Yes,Yes,30,29.7,Urdu,Good,Completed
TC0003768,TEP0002891,Suresh Mudiraj,M,52,9270951129,Gangapu,Jadcherla,Mahabubnagar,2026-05-29,FAC003,Headache,Dermatology,Audio,14,No,Yes,Yes,21,26.4,Telugu,Poor,Completed
TC0003769,TEP0002891,Suresh Mudiraj,M,51,9270951129,GANGAPUR,Jadcherla,Mahabubnagar,2026-08-02,FAC001,Headache,Diabetes,Video,20,Yes,No,Yes,14,20.2,Telugu,Fair,Completed
TC0003770,TEP0002892,Naveen Narsimha,M,50,9660345090,Kummarikunta,Chandur,Nalgonda,2026-06-28,FAC013,Body pain,Hypertension,Video,20,No,Yes,Yes,7,6.5,Urdu,Fair,Completed
TC0003771,TEP0002893,Mohan Jangam,M,52,9819686266,Velpula,Midjil,Mahabubnagar,2026-08-02,FAC009,Routine NCD review,Hypertension,Assisted video,10,Yes,No,Yes,7,4.2,Urdu,Fair,Completed
TC0003772,TEP0002894,Renuka Khan,F,18,9934880461,Chandur,Chandur,Nalgonda,2026-02-18,FAC014,Fever,Hypertension,Video,13,No,Yes,Yes,14,20.6,Telugu,Poor,Completed
TC0003773,TEP0002895,Anil Naik,M,38,+91-90674-46628,Kondamallepally,Devarakonda,Nalgonda,2026-06-25,FAC011,Dizziness,Other,Video,24,Yes,No,No,,25.7,Telugu,Good,Completed
TC0003774,TEP0002895,Aneel Naik,M,38,9067446628,Kondamallepally,Devarakonda,Nalgonda,2026-07-20,FAC010,Routine NCD review,Fever/Infection,Audio,9,Yes,Yes,Yes,7,20.0,Telugu,Good,Completed
TC0003775,TEP0002896,Sushma Das,F,58,9378861113,Chandur,Chandur,Nalgonda,2026-08-09,FAC015,Headache,Fever/Infection,Assisted video,24,Yes,No,Yes,14,29.7,Telugu,Poor,Completed
TC0003776,TEP0002897,Srinivas Das,M,32,9998525601,Bangarigadda,Chandur,Nalgonda,2026-06-25,FAC015,Headache,Respiratory,Video,21,No,No,Yes,7,18.0,English,Poor,Completed
TC0003777,TEP0002897,Srinivas Das,M,33,9992525601,Bangarigadda,Chandur,Nalgonda,2026-07-30,FAC015,Cough,Fever/Infection,Video,22,Yes,No,Yes,7,18.0,English,Poor,Completed
TC0003778,TEP0002898,Ravi Devi,M,45,9324098653,Manoor,Narayankhed,Sangareddy,2026-03-16,FAC020,Cough,Hypertension+Diabetes,Assisted video,9,Yes,No,No,,21.7,Telugu,Poor,Completed
TC0003779,TEP0002899,Deepika Yadav,F,88,9288737679,Kummarikunta,Chandur,Nalgonda,2026-04-24,FAC014,Abdominal discomfort,Gastrointestinal,Audio,15,Yes,No,No,,7.3,Telugu,Good,Completed
TC0003780,TEP0002899,Deepika Yadav,F,86,9288737679,Kummarikunta,Chandur,Nalgonda,2026-07-17,FAC015,Abdominal discomfort,Gastrointestinal,Video,16,Yes,No,Yes,14,26.6,Telugu,Poor,Completed
TC0003781,TEP0002900,Anjali Chary,F,37,9485278317,Chandur,Chandur,Nalgonda,2026-02-04,FAC013,Routine NCD review,Respiratory,Assisted video,12,Yes,No,Yes,30,21.3,Telugu,Good,Completed
TC0003782,TEP0002900,Anjali Chary,F,37,9485278317,Chandur,Chandur,Nalgonda,2026-06-24,FAC014,Dizziness,Gastrointestinal,Audio,14,No,No,Yes,14,20.6,Telugu,Good,Completed
TC0003783,TEP0002901,Rajesh Kumar,M,64,9784490392,Bhanur,Patancheru,Sangareddy,2026-01-08,FAC025,Cough,Dermatology,Assisted video,21,Yes,Yes,Yes,30,18.7,Telugu,Poor,Completed
TC0003784,TEP0002902,Ramesh Yadav,M,64,9648400765,Mogudampally,Zaheerabad,Sangareddy,2026-05-01,FAC022,Skin complaint,Respiratory,Audio,20,No,Yes,Yes,30,13.2,Telugu,Poor,Completed
TC0003785,TEP0002903,Mounika Khan,F,86,9688056746,Ameenpur,Patancheru,Sangareddy,2026-08-08,FAC025,Body pain,Diabetes,Audio,20,Yes,Yes,Yes,7,13.0,Telugu,Fair,Completed
TC0003786,TEP0002904,Kiran Basha,M,90,9097161025,Nomula,Nakrekal,Nalgonda,2026-06-27,FAC017,Abdominal discomfort,Respiratory,Video,21,No,Yes,No,,29.9,Telugu,Fair,Completed
TC0003787,TEP0002905,Rani Kumar,F,59,9659466905,Badepalli,Jadcherla,Mahabubnagar,2026-06-23,FAC003,Body pain,Diabetes,Video,11,Yes,No,No,,5.1,Telugu,Fair,Completed
TC0003788,TEP0002906,Santosh Mudiraj,M,83,9910330974,Nomula,Nakrekal,Nalgonda,2026-07-19,FAC016,Abdominal discomfort,Diabetes,Assisted video,23,Yes,Yes,Yes,21,36.1,Telugu,Good,Completed
TC0003789,TEP0002907,Shankar Basha,M,67,9290488974,Velpula,Midjil,Mahabubnagar,2026-03-11,FAC008,Headache,Diabetes,Assisted video,8,Yes,No,Yes,30,12.6,Telugu,Fair,Completed
TC0003790,TEP0002908,Saritha Yadav,F,38,,Kohir,Zaheerabad,Sangareddy,2026-06-14,FAC022,Skin complaint,Dermatology,Audio,10,No,No,Yes,30,3.6,Urdu,Fair,Completed
TC0003791,TEP0002908,Sarita Yadav,F,38,9477774933,Kohir,Zaheerabad,Sangareddy,2026-08-10,FAC023,Headache,Musculoskeletal,Video,10,Yes,Yes,Yes,30,15.7,Urdu,Good,Completed
TC0003792,TEP0002909,Nirmala Laxman,F,47,9630651591,Kalher,Narayankhed,Sangareddy,2026-01-03,FAC019,Abdominal discomfort,Dermatology,Assisted video,20,Yes,No,Yes,14,24.9,Telugu,Poor,Completed
TC0003793,TEP0002910,Arun Narsimha,M,54,9333580336,Vemula,Midjil,Mahabubnagar,2026-02-14,FAC009,Headache,Respiratory,Audio,9,Yes,No,Yes,30,7.3,Telugu,Poor,Completed
TC0003794,TEP0002911,Lalitha Yadav,F,52,9486914955,Nomula,Nakrekal,Nalgonda,2026-06-15,FAC017,Fever,Musculoskeletal,Audio,10,No,No,Yes,7,29.9,Telugu,Good,Completed
TC0003795,TEP0002912,Lakshmi Chary,F,73,9135370233,Mangalapally,Nakrekal,Nalgonda,2026-03-05,FAC018,Dizziness,Diabetes,Audio,7,Yes,No,Yes,7,35.0,Telugu,Good,Completed
TC0003796,TEP0002913,Praveen Kumar,M,40,9272916678,Macharam,Jadcherla,Mahabubnagar,2026-05-26,FAC002,Cough,Hypertension+Diabetes,Video,13,Yes,No,Yes,30,29.4,Telugu,Poor,Completed
TC0003797,TEP0002914,Raghav Chary,M,67,9488224827,Marrur,Nakrekal,Nalgonda,2026-07-07,FAC017,Headache,Hypertension,Audio,14,Yes,Yes,Yes,30,25.8,Telugu,Fair,Completed
TC0003798,TEP0002915,Shankar Das,M,56,9668935960,Kallepally,Balanagar,Mahabubnagar,2026-07-08,FAC006,Headache,Hypertension,Video,13,No,No,No,,35.4,Urdu,Good,Completed
TC0003799,TEP0002916,Rni Basha,F,64,,Nermata,Chandur,Nalgonda,2026-03-01,FAC013,Routine NCD review,Fever/Infection,Assisted video,7,Yes,Yes,Yes,7,19.7,Telugu,Fair,Completed
TC0003800,TEP0002917,Suresh Das,M,46,9112880738,Indresham,Patancheru,Sangareddy,2026-04-12,FAC027,Fever,Gastrointestinal,Video,7,Yes,No,Yes,30,22.3,Urdu,Poor,Completed
TC0003801,TEP0002918,Rajesh Das,M,48,+91-98463-57684,Gundlapally,Devarakonda,Nalgonda,2026-03-07,FAC012,Skin complaint,Hypertension,Audio,14,Yes,Yes,No,,25.4,English,Good,Completed
TC0003802,TEP0002919,Sreelatha Basha,F,48,9509937648,Nakrekal,Nakrekal,Nalgonda,2026-01-20,FAC018,Body pain,Hypertension,Audio,18,Yes,No,Yes,14,16.2,Telugu,Fair,Completed
TC0003803,TEP0002920,Swathi Kumar,F,59,9181632961,Vemula,Midjil,Mahabubnagar,2026-04-20,FAC008,Dizziness,Hypertension+Diabetes,Assisted video,23,Yes,Yes,Yes,14,22.2,Telugu,Fair,Completed
TC0003804,TEP0002921,Divya Naik,F,44,9994212283,NAKREKAL,Nakrekal,Nalgonda,2026-03-12,FAC018,Skin complaint,Other,Video,17,No,Yes,No,,16.2,Telugu,Good,Completed
TC0003805,TEP0002922,Bhavani Shekar,F,78,9385225196,VEMULA,Midjil,Mahabubnagar,2026-07-09,FAC008,Routine NCD review,Respiratory,Video,18,No,Yes,Yes,21,22.2,Urdu,Good,Completed
TC0003806,TEP0002923,Nirmala Laxman,F,35,9444354189,Nermata,Chandur,Nalgonda,2026-07-30,FAC015,Headache,Diabetes,Video,14,Yes,No,No,,22.4,Telugu,Good,Completed
TC0003807,TEP0002924,Ramesh Narsimha,M,18,9957655205,Chandur,Chandur,Nalgonda,2026-07-16,FAC013,Headache,Hypertension,Audio,8,Yes,Yes,Yes,14,21.3,Telugu,Good,Completed
TC0003808,TEP0002925,Vinod Krishn,M,52,9691886176,Nomula,Nakrekal,Nalgonda,2026-06-13,FAC017,Routine NCD review,Musculoskeletal,Video,16,Yes,No,Yes,21,29.9,Telugu,Fair,Completed
TC0003809,TEP0002926,Rawi Goud,M,40,+91-99618-95837,NAKREKAL,Nakrekal,Nalgonda,2026-03-21,FAC016,Cough,Dermatology,Video,7,Yes,No,No,,35.5,Telugu,Good,Completed
TC0003810,TEP0002927,Mahesh Laxman,M,18,9268891773,Patancheru,Patancheru,Sangareddy,2026-02-17,FAC026,Cough,Musculoskeletal,Assisted video,15,Yes,No,No,,23.1,Telugu,Poor,Completed
TC0003811,TEP0002928,Lakshmi Das,F,40,9102779083,Polepally,Jadcherla,Mahabubnagar,2026-01-22,FAC002,Skin complaint,Diabetes,Video,13,Yes,No,Yes,7,8.3,Telugu,Good,Completed
TC0003812,TEP0002929,Lakshmi Kumar,F,76,9356498898,KOHIR,Zaheerabad,Sangareddy,2026-07-29,FAC024,Body pain,Respiratory,Video,19,Yes,No,Yes,14,6.4,Telugu,Fair,Completed
TC0003813,TEP0002930,Jyothi Naik,F,48,9349694595,Velpula,Midjil,Mahabubnagar,2026-05-29,FAC007,Routine NCD review,Dermatology,Assisted video,8,No,No,Yes,14,17.9,Telugu,Fair,Completed
TC0003814,TEP0002931,Naveen Naik,M,50,9221049631,Polepally,Jadcherla,Mahabubnagar,2026-04-22,FAC002,Headache,Other,Audio,12,Yes,No,Yes,21,8.3,Telugu,Poor,Completed
TC0003815,TEP0002932,Ramesh Patel,M,61,9285107977,Jharasangam,Zaheerabad,Sangareddy,2026-08-07,FAC022,Abdominal discomfort,Hypertension,Assisted video,16,No,No,No,,5.6,English,Good,Completed
TC0003816,TEP0002933,Srilatha Khan,F,65,,Marrur,Nakrekal,Nalgonda,2026-03-09,FAC016,Skin complaint,Other,Audio,10,Yes,No,No,,36.5,Telugu,Poor,Completed
TC0003817,TEP0002934,Mahesh Krishna,M,61,+91-99448-60549,Patancheru,Patancheru,Sangareddy,2026-05-16,FAC026,Dizziness,Hypertension,Audio,8,Yes,No,Yes,21,23.1,Telugu,Good,Completed
TC0003818,TEP0002935,Praveen Laxman,M,37,9469658258,Rajapur,Balanagar,Mahabubnagar,2026-04-14,FAC004,Skin complaint,Diabetes,Video,9,Yes,No,No,,13.9,Telugu,Poor,Completed
TC0003819,TEP0002935,Praveen Laxman,M,39,9469658958,Rajapur,Balanagar,Mahabubnagar,2026-07-22,FAC005,Body pain,Diabetes,Audio,21,Yes,Yes,Yes,14,12.6,Telugu,Poor,Completed
TC0003820,TEP0002936,Rajes Yadav,M,58,9456443591,Polepally,Jadcherla,Mahabubnagar,2026-05-18,FAC001,Headache,Diabetes,Audio,14,Yes,No,Yes,14,25.4,Telugu,Good,Completed
TC0003821,TEP0002937,Rani Mallaiah,F,24,9186578134,Jharasangam,Zaheerabad,Sangareddy,2026-01-10,FAC024,Routine NCD review,Musculoskeletal,Assisted video,24,No,No,Yes,30,2.6,Urdu,Fair,Completed
TC0003822,TEP0002937,Rani Mallaiah,F,22,,Jharasangam,Zaheerabad,Sangareddy,2026-03-24,FAC024,Skin complaint,Other,Audio,9,Yes,No,Yes,14,2.6,Urdu,Good,Completed
TC0003823,TEP0002937,Rani Mallaiah,F,21,9186578174,Jharasangam,Zaheerabad,Sangareddy,2026-05-15,FAC024,Headache,Hypertension,Audio,20,No,Yes,Yes,21,2.6,Urdu,Fair,Completed
TC0003824,TEP0002938,Rajesh Das,M,47,9252726525,Narayankhed,Narayankhed,Sangareddy,2026-07-27,FAC019,Body pain,Diabetes,Assisted video,22,Yes,No,Yes,7,28.2,Telugu,Poor,Completed
TC0003825,TEP0002939,Srinivas Kumar,M,26,9452454766,Bangarigadda,Chandur,Nalgonda,2026-08-01,FAC015,Routine NCD review,Other,Video,7,No,Yes,Yes,7,18.0,English,Fair,Completed
TC0003826,TEP0002940,Kavitha Reddy,F,76,9529664468,KANGTI,Narayankhed,Sangareddy,2026-02-10,FAC019,Fever,Hypertension,Assisted video,16,Yes,No,Yes,14,20.3,Telugu,Good,Completed
TC0003827,TEP0002940,Kavitha Reddy,F,75,9529664468,Kangti,Narayankhed,Sangareddy,2026-04-26,FAC021,Headache,Musculoskeletal,Assisted video,18,Yes,No,No,,27.8,Telugu,Fair,Completed
TC0003828,TEP0002941,Harika Krishna,F,63,9417124556,Badepall,Jadcherla,Mahabubnagar,2026-03-23,FAC002,Routine NCD review,Other,Video,17,Yes,No,Yes,7,19.9,Telugu,Good,Completed
TC0003829,TEP0002941,Harika Krishna,F,64,9417124556,BADEPALLY,Jadcherla,Mahabubnagar,2026-07-27,FAC003,Skin complaint,Other,Video,20,Yes,Yes,No,,5.1,Telugu,Fair,Completed
TC0003830,TEP0002942,Rajesh Yadav,M,37,9884563261,Nermata,Chandur,Nalgonda,2026-02-12,FAC014,Fever,Hypertension,Audio,19,Yes,No,Yes,21,19.2,Telugu,Fair,Completed
TC0003831,TEP0002942,Rajesh Yadav,M,37,9884563261,NERMATA,Chandur,Nalgonda,2026-03-08,FAC015,Dizziness,Hypertension,Assisted video,20,Yes,No,Yes,21,22.4,Telugu,Good,Completed
TC0003832,TEP0002943,Raghav Das,M,33,,Devarakonda,Devarakonda,Nalgonda,2026-07-30,FAC012,Cough,Other,Video,12,No,No,No,,22.1,Telugu,Poor,Completed
TC0003833,TEP0002944,Rani Mudiraj,F,30,9052206351,Chandur,Chandur,Nalgonda,2026-04-27,FAC014,Body pain,Fever/Infection,Assisted video,7,Yes,Yes,No,,20.6,Telugu,Good,Completed
TC0003834,TEP0002945,Rajesh Laxman,M,42,9771465286,Peddadinne,Devarakonda,Nalgonda,2026-03-01,FAC012,Routine NCD review,Musculoskeletal,Video,16,Yes,No,Yes,7,6.6,Telugu,Good,Completed
TC0003835,TEP0002945,Rajesh Laxman,M,40,9771468286,Peddadinne,Devarakonda,Nalgonda,2026-04-02,FAC011,Cough,Other,Assisted video,9,No,No,Yes,7,13.9,Telugu,Fair,Completed
TC0003836,TEP0002946,Naveen Naik,M,48,9497119645,Narayankhed,Narayankhed,Sangareddy,2026-02-11,FAC019,Headache,Fever/Infection,Audio,23,Yes,No,Yes,21,28.2,Telugu,Good,Completed
TC0003837,TEP0002947,Ravi Basha,M,37,9190570345,Polepally,Jadcherla,Mahabubnagar,2026-01-02,FAC001,Body pain,Fever/Infection,Video,10,No,Yes,Yes,21,25.4,Telugu,Good,Completed
TC0003838,TEP0002947,Ravee Basha,M,36,9190570345,Polepally,Jadcherla,Mahabubnagar,2026-05-14,FAC001,Dizziness,Hypertension,Video,21,No,No,Yes,7,25.4,Telugu,Good,Completed
TC0003839,TEP0002948,Ramesh Goud,M,26,9057219674,Patancheru,Patancheru,Sangareddy,2026-01-24,FAC027,Routine NCD review,Hypertension,Audio,23,Yes,No,No,,36.3,Telugu,Poor,Completed
TC0003840,TEP0002949,Mohan Kumar,M,29,9825745585,Rajapur,Balanagar,Mahabubnagar,2026-02-03,FAC004,Skin complaint,Musculoskeletal,Audio,15,No,No,Yes,30,13.9,Telugu,Poor,Completed
TC0003841,TEP0002949,Mohan Kumar,M,29,9825745585,Rajapur,Balanagar,Mahabubnagar,2026-06-28,FAC005,Skin complaint,Fever/Infection,Assisted video,21,Yes,Yes,Yes,21,12.6,Telugu,Fair,Completed
TC0003842,TEP0002949,Mohan Kumar,M,29,9825745585,Rajapur,Balanagar,Mahabubnagar,2026-07-26,FAC004,Cough,Dermatology,Audio,16,Yes,No,Yes,30,13.9,Telugu,Poor,Completed
TC0003843,TEP0002950,Swathi Devi,F,60,9507879357,Bodajanampet,Balanagar,Mahabubnagar,2026-06-16,FAC006,Fever,Dermatology,Audio,8,Yes,Yes,Yes,14,33.3,Telugu,Fair,Completed
TC0003844,TEP0002951,Suresh Mudiraj,M,36,9419876602,Balanagar,Balanagar,Mahabubnagar,2026-02-19,FAC004,Fever,Gastrointestinal,Video,21,Yes,Yes,Yes,14,10.8,Telugu,Good,Completed
TC0003845,TEP0002952,Shobha Mallaiah,F,58,9955258019,Balanagar,Balanagar,Mahabubnagar,2026-01-30,FAC006,Cough,Respiratory,Video,12,Yes,No,Yes,7,1.4,Telugu,Poor,Completed
TC0003846,TEP0002953,Ravi Das,M,39,9257313384,MARRUR,Nakrekal,Nalgonda,2026-06-14,FAC017,Cough,Respiratory,Video,14,Yes,Yes,Yes,7,25.8,Telugu,Poor,Completed
TC0003847,TEP0002953,Rawi Das,M,39,9257313384,Marrur,Nakrekal,Nalgonda,2026-07-31,FAC016,Dizziness,Dermatology,Video,7,No,Yes,Yes,30,36.5,Telugu,Poor,Completed
TC0003848,TEP0002954,Srinivas Basha,M,75,9359010069,Kohir,Zaheerabad,Sangareddy,2026-06-16,FAC023,Routine NCD review,Other,Video,13,Yes,No,Yes,7,15.7,Telugu,Fair,Completed
TC0003849,TEP0002954,Srinivas Basha,M,76,,Kohir,Zaheerabad,Sangareddy,2026-07-26,FAC022,Dizziness,Dermatology,Assisted video,18,Yes,No,No,,3.6,Telugu,Good,Completed
TC0003850,TEP0002955,Lakshmi Naik,F,49,+91-96388-99923,Gundlapally,Devarakonda,Nalgonda,2026-06-28,FAC010,Headache,Hypertension,Assisted video,10,No,Yes,No,,26.3,Telugu,Fair,Completed
TC0003851,TEP0002956,Mahesh Kumar,M,52,9890823751,Vemul,Midjil,Mahabubnagar,2026-07-13,FAC008,Fever,Dermatology,Assisted video,9,Yes,No,Yes,14,22.2,Telugu,Fair,Completed
TC0003852,TEP0002957,Padma Krishna,F,42,9434053088,Zaheerabad,Zaheerabad,Sangareddy,2026-07-31,FAC023,Body pain,Diabetes,Video,21,Yes,No,Yes,30,17.3,Telugu,Poor,Completed
TC0003853,TEP0002958,Santosh Shekar,M,52,9182234483,Zaheerabad,Zaheerabad,Sangareddy,2026-03-20,FAC023,Headache,Musculoskeletal,Assisted video,14,Yes,No,Yes,7,17.3,Telugu,Fair,Completed
TC0003854,TEP0002959,Harika Jangam,F,55,9025773326,BHANUR,Patancheru,Sangareddy,2026-07-11,FAC026,Routine NCD review,Dermatology,Assisted video,19,No,Yes,Yes,7,12.8,Telugu,Poor,Completed
TC0003855,TEP0002959,Harika Jangam,F,57,9025773326,Bhanur,Patancheru,Sangareddy,2026-08-15,FAC026,Body pain,Dermatology,Assisted video,18,Yes,No,Yes,30,12.8,Telugu,Poor,Completed
TC0003856,TEP0002960,Lkshmi Reddy,F,70,9221863562,Bangarigadda,Chandur,Nalgonda,2026-06-07,FAC014,Routine NCD review,Hypertension+Diabetes,Audio,12,Yes,Yes,Yes,30,17.6,Telugu,Fair,Completed
TC0003857,TEP0002960,Lakshmi Reddy,F,69,+91-92218-63562,Bangarigadda,Chandur,Nalgonda,2026-07-10,FAC015,Dizziness,Hypertension+Diabetes,Video,8,Yes,Yes,Yes,14,18.0,Telugu,Good,Completed
TC0003858,TEP0002961,Naveen Begum,M,22,9412185334,Kalher,Narayankhed,Sangareddy,2026-07-14,FAC019,Dizziness,Hypertension,Assisted video,23,Yes,Yes,Yes,7,24.9,Telugu,Fair,Completed
TC0003859,TEP0002962,Ramesh Jangam,M,62,,Gangapur,Jadcherla,Mahabubnagar,2026-06-29,FAC003,Routine NCD review,Fever/Infection,Audio,23,Yes,No,Yes,21,26.4,Telugu,Good,Completed
TC0003860,TEP0002963,Nirmala Khan,F,65,9188589393,Patancher,Patancheru,Sangareddy,2026-07-30,FAC026,Headache,Respiratory,Video,17,Yes,No,No,,23.1,Telugu,Good,Completed
TC0003861,TEP0002964,Srilatha Jangam,F,45,9518310057,Marrur,Nakrekal,Nalgonda,2026-02-21,FAC018,Cough,Respiratory,Assisted video,15,Yes,No,No,,6.7,Telugu,Fair,Completed
TC0003862,TEP0002964,Srilatha Jangam,F,45,9538310457,Marrur,Nakrekal,Nalgonda,2026-03-05,FAC016,Body pain,Other,Video,19,No,No,Yes,21,36.5,Telugu,Poor,Completed
TC0003863,TEP0002965,Lakshmee Basha,F,33,+91-97860-83631,Kohir,Zaheerabad,Sangareddy,2026-04-30,FAC022,Fever,Fever/Infection,Assisted video,20,No,Yes,Yes,7,3.6,Telugu,Fair,Completed
TC0003864,TEP0002965,Lakshmi Basha,F,30,9786083631,Kohir,Zaheerabad,Sangareddy,2026-06-04,FAC022,Routine NCD review,Dermatology,Audio,23,Yes,Yes,Yes,14,3.6,Telugu,Good,Completed
TC0003865,TEP0002966,Mohan Krishna,M,53,9384360811,Vemul,Midjil,Mahabubnagar,2026-03-08,FAC009,Routine NCD review,Other,Video,15,Yes,No,No,,7.3,Telugu,Poor,Completed
TC0003866,TEP0002967,Harika Naik,F,77,9702051485,Bangarigadda,Chandur,Nalgonda,2026-06-01,FAC014,Cough,Diabetes,Video,9,Yes,No,Yes,21,17.6,Telugu,Good,Completed
TC0003867,TEP0002967,Harika Naik,F,80,9702051485,Bangarigadda,Chandur,Nalgonda,2026-07-21,FAC014,Abdominal discomfort,Hypertension+Diabetes,Assisted video,10,No,No,No,,17.6,Telugu,Poor,Completed
TC0003868,TEP0002968,Arun Mallaiah,M,44,9062484242,Jharasangam,Zaheerabad,Sangareddy,2026-01-26,FAC023,Fever,Hypertension,Video,22,Yes,No,Yes,21,18.7,Telugu,Fair,Completed
TC0003869,TEP0002969,Mounika Devi,F,74,9912292699,Midjil,Midjil,Mahabubnagar,2026-04-09,FAC007,Cough,Fever/Infection,Assisted video,9,Yes,No,Yes,21,7.6,Urdu,Poor,Completed
TC0003870,TEP0002970,Deevya Yadav,F,29,9470981657,Kohir,Zaheerabad,Sangareddy,2026-04-11,FAC023,Dizziness,Hypertension,Video,22,Yes,Yes,No,,15.7,Telugu,Good,Completed
TC0003871,TEP0002970,Divya Yadav,F,30,9470981657,Kohir,Zaheerabad,Sangareddy,2026-07-10,FAC024,Abdominal discomfort,Hypertension,Audio,18,Yes,No,Yes,21,6.4,Telugu,Good,Completed
TC0003872,TEP0002971,Arun Jangam,M,57,9509567752,Narayankhed,Narayankhed,Sangareddy,2026-02-05,FAC019,Skin complaint,Diabetes,Audio,21,No,No,Yes,21,28.2,Telugu,Poor,Completed
TC0003873,TEP0002972,Swathi Laxman,F,38,9963134876,DEVARAKONDA,Devarakonda,Nalgonda,2026-07-30,FAC010,Dizziness,Other,Video,15,Yes,Yes,No,,22.8,Telugu,Good,Completed
TC0003874,TEP0002973,Mahesh Dewi,M,70,9268319311,Ameenpur,Patancheru,Sangareddy,2026-04-09,FAC027,Headache,Diabetes,Video,23,Yes,No,No,,27.9,Telugu,Poor,Completed
TC0003875,TEP0002973,Mahesh Devi,M,71,,Ameenpur,Patancheru,Sangareddy,2026-05-23,FAC026,Skin complaint,Hypertension+Diabetes,Audio,15,Yes,Yes,Yes,14,9.7,Telugu,Fair,Completed
TC0003876,TEP0002974,Rajesh Jangam,M,52,9991810797,Kohir,Zaheerabad,Sangareddy,2026-07-28,FAC023,Body pain,Fever/Infection,Video,19,Yes,No,Yes,7,15.7,Telugu,Poor,Completed
TC0003877,TEP0002975,Raju Laxman,M,28,9204028601,Bangarigadda,Chandur,Nalgonda,2026-07-21,FAC014,Headache,Diabetes,Assisted video,19,Yes,Yes,Yes,14,17.6,Telugu,Good,Completed
TC0003878,TEP0002976,Keeran Devi,M,26,9604147892,Nermata,Chandur,Nalgonda,2026-03-16,FAC015,Cough,Hypertension+Diabetes,Assisted video,18,Yes,Yes,No,,22.4,Telugu,Poor,Completed
TC0003879,TEP0002976,Kiran Devi,M,24,9604147892,Nermata,Chandur,Nalgonda,2026-07-21,FAC013,Routine NCD review,Diabetes,Video,10,Yes,No,Yes,14,19.7,Telugu,Good,Completed
TC0003880,TEP0002977,Shankar Yadav,M,24,9295086924,Macharam,Jadcherla,Mahabubnagar,2026-05-09,FAC002,Skin complaint,Hypertension,Video,12,Yes,No,No,,29.4,Telugu,Good,Completed
TC0003881,TEP0002978,Naveen Kumar,M,46,9272179507,Nakrekal,Nakrekal,Nalgonda,2026-05-15,FAC016,Cough,Dermatology,Video,9,Yes,No,Yes,21,35.5,Telugu,Poor,Completed
TC0003882,TEP0002978,Naveen Kumar,M,46,+91-92721-79507,NAKREKAL,Nakrekal,Nalgonda,2026-07-29,FAC018,Body pain,Fever/Infection,Video,23,Yes,Yes,No,,16.2,Telugu,Poor,Completed
TC0003883,TEP0002979,Lakshmi Laxman,F,60,9678943042,Narayankhed,Narayankhed,Sangareddy,2026-06-02,FAC020,Headache,Hypertension,Assisted video,11,Yes,Yes,Yes,21,23.7,Telugu,Fair,Completed
TC0003884,TEP0002979,Laksmi Laxman,F,60,9678943042,Narayankhed,Narayankhed,Sangareddy,2026-07-23,FAC020,Cough,Musculoskeletal,Assisted video,7,No,No,Yes,30,23.7,Telugu,Fair,Completed
TC0003885,TEP0002980,Bhvani Khan,F,33,9999765625,Jharasangam,Zaheerabad,Sangareddy,2026-07-12,FAC023,Cough,Respiratory,Audio,24,Yes,Yes,Yes,30,18.7,Telugu,Poor,Completed
TC0003886,TEP0002980,Bhavani Khan,F,35,9999765625,JHARASANGAM,Zaheerabad,Sangareddy,2026-08-05,FAC023,Abdominal discomfort,Fever/Infection,Audio,24,Yes,No,Yes,21,18.7,Telugu,Fair,Completed
TC0003887,TEP0002981,Arun Naik,M,65,9104323339,Kondamallepally,Devarakonda,Nalgonda,2026-02-16,FAC012,Routine NCD review,Diabetes,Video,10,Yes,No,Yes,30,19.6,Telugu,Fair,Completed
TC0003888,TEP0002982,Ravi Reddy,M,54,9551630939,Chandur,Chandur,Nalgonda,2026-02-22,FAC015,Abdominal discomfort,Diabetes,Assisted video,19,Yes,No,Yes,30,29.7,Telugu,Poor,Completed
TC0003889,TEP0002983,Raju Shekar,M,66,9407426789,Manoor,Narayankhed,Sangareddy,2026-06-28,FAC019,Abdominal discomfort,Gastrointestinal,Video,16,No,No,No,,33.3,Telugu,Fair,Completed
TC0003890,TEP0002984,Anitha Yadav,F,34,9965035311,VELPULA,Midjil,Mahabubnagar,2026-01-19,FAC009,Routine NCD review,Musculoskeletal,Audio,8,Yes,Yes,Yes,7,4.2,Telugu,Fair,Completed
TC0003891,TEP0002985,Padma Rao,F,31,9321059677,Kalher,Narayankhed,Sangareddy,2026-03-05,FAC019,Routine NCD review,Hypertension,Assisted video,19,Yes,Yes,No,,24.9,Telugu,Poor,Completed
TC0003892,TEP0002986,Shobh Mudiraj,F,67,9410711136,Devarakonda,Devarakonda,Nalgonda,2026-03-25,FAC011,Abdominal discomfort,Musculoskeletal,Audio,12,Yes,Yes,No,,29.2,Telugu,Poor,Completed
TC0003893,TEP0002987,Suresh Begum,M,48,9414468441,Kangti,Narayankhed,Sangareddy,2026-02-21,FAC020,Headache,Hypertension,Audio,22,Yes,Yes,Yes,21,11.9,English,Good,Completed
TC0003894,TEP0002988,Kiran Patel,M,40,9527717772,Zaheerabad,Zaheerabad,Sangareddy,2026-01-29,FAC022,Headache,Dermatology,Video,9,Yes,No,No,,25.3,Telugu,Fair,Completed
TC0003895,TEP0002989,Renuka Narsimha,F,44,+91-92871-01897,Bangarigadda,Chandur,Nalgonda,2026-06-23,FAC015,Body pain,Diabetes,Audio,20,Yes,No,No,,18.0,Telugu,Fair,Completed
TC0003896,TEP0002990,Arun Reddy,M,53,9194112619,Kangti,Narayankhed,Sangareddy,2026-08-15,FAC020,Dizziness,Respiratory,Assisted video,10,Yes,No,Yes,30,11.9,Urdu,Fair,Completed
TC0003897,TEP0002991,Rani Begum,F,49,,Mogudampally,Zaheerabad,Sangareddy,2026-03-22,FAC024,Fever,Other,Assisted video,8,Yes,Yes,Yes,7,16.8,Telugu,Good,Completed
TC0003898,TEP0002992,Rani Mudiraj,F,25,9646621456,Gangapur,Jadcherla,Mahabubnagar,2026-01-02,FAC001,Body pain,Fever/Infection,Video,7,Yes,No,No,,20.2,Telugu,Fair,Completed
TC0003899,TEP0002993,Mahes Goud,M,35,9188567096,Badepally,Jadcherla,Mahabubnagar,2026-01-30,FAC003,Cough,Gastrointestinal,Audio,15,No,No,No,,5.1,Telugu,Good,Completed
TC0003900,TEP0002994,Swathi Narsimha,F,72,+91-93223-44162,Gundlapall,Devarakonda,Nalgonda,2026-05-31,FAC012,Dizziness,Musculoskeletal,Assisted video,15,No,No,Yes,21,25.4,Telugu,Fair,Completed
TC0003901,TEP0002995,Srilatha Laxman,F,57,+91-92806-13467,Kallepally,Balanagar,Mahabubnagar,2026-06-26,FAC006,Skin complaint,Fever/Infection,Assisted video,12,No,No,Yes,30,35.4,Telugu,Poor,Completed
TC0003902,TEP0002996,Srinivas Goud,M,24,9156318825,Gangapur,Jadcherla,Mahabubnagar,2026-05-17,FAC002,Headache,Fever/Infection,Video,13,Yes,Yes,No,,38.9,Telugu,Good,Completed
TC0003903,TEP0002997,Harika Kumar,F,66,9941244383,Balanagar,Balanagar,Mahabubnagar,2026-01-09,FAC006,Headache,Hypertension,Assisted video,18,No,No,Yes,14,1.4,Telugu,Fair,Completed
TC0003904,TEP0002997,Harika Kumar,F,66,9941244383,Balanagar,Balanagar,Mahabubnagar,2026-03-29,FAC006,Cough,Other,Audio,9,Yes,No,Yes,7,1.4,Telugu,Poor,Completed
TC0003905,TEP0002998,Bhavani Patel,F,45,9135120335,Bhanur,Patancheru,Sangareddy,2026-06-08,FAC025,Skin complaint,Musculoskeletal,Audio,15,No,No,Yes,7,18.7,Telugu,Fair,Completed
TC0003906,TEP0002999,Mahesh Shekar,M,61,+91-99035-42344,Zaheerabad,Zaheerabad,Sangareddy,2026-06-27,FAC024,Skin complaint,Other,Audio,18,Yes,No,Yes,21,28.3,Urdu,Good,Completed
TC0003907,TEP0003000,Sushma Basha,F,59,9898083071,Indresham,Patancheru,Sangareddy,2026-07-12,FAC025,Fever,Diabetes,Audio,10,Yes,No,Yes,21,19.2,Telugu,Good,Completed
TC0003908,TEP0003001,Anjali Narsimha,F,77,9172816392,Narayankhed,Narayankhed,Sangareddy,2026-07-23,FAC020,Cough,Other,Video,21,Yes,No,Yes,14,23.7,Telugu,Fair,Completed
TC0003909,TEP0003002,Rani Goud,F,18,+91-91463-67114,Kalher,Narayankhed,Sangareddy,2026-01-31,FAC019,Skin complaint,Hypertension,Audio,14,Yes,No,Yes,30,24.9,Telugu,Good,Completed
TC0003910,TEP0003003,Santosh Reddy,M,34,9819404647,Rajapur,Balanagar,Mahabubnagar,2026-04-13,FAC006,Cough,Diabetes,Video,23,Yes,Yes,Yes,14,8.7,Telugu,Fair,Completed
TC0003911,TEP0003004,Anitha Laxman,F,40,9891959313,Mogudampally,Zaheerabad,Sangareddy,2026-02-08,FAC024,Dizziness,Respiratory,Video,23,Yes,No,Yes,7,16.8,Telugu,Fair,Completed
TC0003912,TEP0003005,Venkatesh Laxman,M,79,9229680013,Kondamallepally,Devarakonda,Nalgonda,2026-07-15,FAC011,Routine NCD review,Diabetes,Video,11,No,Yes,No,,25.7,English,Poor,Completed
TC0003913,TEP0003006,Divya Yadav,F,51,9494934690,Indresham,Patancheru,Sangareddy,2026-03-07,FAC025,Routine NCD review,Respiratory,Assisted video,18,Yes,Yes,Yes,30,19.2,Telugu,Good,Completed
TC0003914,TEP0003006,Divy Yadav,F,53,9494934690,Indresham,Patancheru,Sangareddy,2026-06-03,FAC027,Skin complaint,Fever/Infection,Audio,20,Yes,No,Yes,21,22.3,Telugu,Fair,Completed
TC0003915,TEP0003007,Anil Khan,M,62,,Manoor,Narayankhed,Sangareddy,2026-06-10,FAC020,Abdominal discomfort,Hypertension,Audio,10,Yes,No,No,,21.7,Telugu,Fair,Completed
TC0003916,TEP0003007,Anil Khan,M,59,9418934740,Manoor,Narayankhed,Sangareddy,2026-07-03,FAC019,Skin complaint,Other,Assisted video,13,Yes,No,No,,33.3,Telugu,Good,Completed
TC0003917,TEP0003008,Rajesh Laxman,M,31,9147096912,Peddadinne,Devarakonda,Nalgonda,2026-04-10,FAC010,Headache,Hypertension+Diabetes,Audio,16,Yes,No,Yes,21,7.4,Urdu,Fair,Completed
TC0003918,TEP0003009,Kiran Krishna,M,38,9303016489,Mogudampally,Zaheerabad,Sangareddy,2026-06-14,FAC022,Routine NCD review,Dermatology,Video,10,No,Yes,Yes,14,13.2,Telugu,Poor,Completed
TC0003919,TEP0003010,Harika Kumar,F,29,9475789099,Gundlapalli,Devarakonda,Nalgonda,2026-04-14,FAC011,Abdominal discomfort,Diabetes,Audio,21,Yes,No,Yes,14,29.4,Telugu,Poor,Completed
TC0003920,TEP0003010,Harika Kumar,F,30,9475789099,Gundlapally,Devarakonda,Nalgonda,2026-05-13,FAC011,Headache,Diabetes,Video,8,Yes,No,Yes,30,29.4,Telugu,Good,Completed
TC0003921,TEP0003011,Srilatha Narsimha,F,62,9617246373,Rajapur,Balanagar,Mahabubnagar,2026-04-26,FAC006,Body pain,Diabetes,Video,15,No,Yes,Yes,21,8.7,Telugu,Good,Completed
TC0003922,TEP0003011,Srilatha Narsimha,F,60,9617246373,Rajapur,Balanagar,Mahabubnagar,2026-05-17,FAC004,Fever,Diabetes,Assisted video,7,Yes,No,No,,13.9,Telugu,Poor,Completed
TC0003923,TEP0003012,Lalitha Narsimha,F,57,9825561968,Nakrekal,Nakrekal,Nalgonda,2026-01-25,FAC018,Fever,Hypertension,Audio,11,Yes,Yes,No,,16.2,Telugu,Poor,Completed
TC0003924,TEP0003013,Divya Reddy,F,45,9014806737,Patancheru,Patancheru,Sangareddy,2026-02-11,FAC025,Fever,Diabetes,Audio,11,No,Yes,Yes,21,25.4,Urdu,Fair,Completed
TC0003925,TEP0003013,Divya Reddy,F,43,9014806737,Patancheru,Patancheru,Sangareddy,2026-03-29,FAC025,Fever,Diabetes,Audio,22,Yes,No,Yes,21,25.4,Urdu,Good,Completed
TC0003926,TEP0003014,njali Mudiraj,F,18,9842715524,Zaheerabad,Zaheerabad,Sangareddy,2026-01-09,FAC023,Abdominal discomfort,Dermatology,Assisted video,24,Yes,No,No,,17.3,English,Fair,Completed
TC0003927,TEP0003014,Anjali Mudiraj,F,18,,Zaheerabad,Zaheerabad,Sangareddy,2026-03-11,FAC023,Body pain,Dermatology,Audio,22,Yes,Yes,Yes,30,17.3,English,Poor,Completed
TC0003928,TEP0003015,Rghav Rao,M,33,,Gangapur,Jadcherla,Mahabubnagar,2026-02-16,FAC002,Headache,Dermatology,Audio,24,No,Yes,Yes,14,38.9,Telugu,Good,Completed
TC0003929,TEP0003015,Raghav Rao,M,33,9326046964,Gangapur,Jadcherla,Mahabubnagar,2026-05-22,FAC002,Dizziness,Respiratory,Assisted video,14,No,No,No,,38.9,Telugu,Fair,Completed
TC0003930,TEP0003016,Harika Yadav,F,32,9963918487,Badepally,Jadcherla,Mahabubnagar,2026-07-10,FAC002,Skin complaint,Hypertension+Diabetes,Audio,9,Yes,Yes,Yes,30,19.9,Telugu,Good,Completed
TC0003931,TEP0003017,Arun Mallaiah,M,40,,Gangapur,Jadcherla,Mahabubnagar,2026-03-06,FAC001,Fever,Hypertension+Diabetes,Video,11,Yes,Yes,No,,20.2,Telugu,Fair,Completed
TC0003932,TEP0003018,Mohan Begum,M,75,9579146943,Kondamallepally,Devarakonda,Nalgonda,2026-06-18,FAC010,Cough,Diabetes,Video,10,No,No,Yes,14,20.0,Telugu,Poor,Completed
TC0003933,TEP0003018,Mohan Begum,M,75,9579546943,Kondamallepally,Devarakonda,Nalgonda,2026-07-06,FAC012,Headache,Diabetes,Audio,15,Yes,Yes,No,,19.6,Telugu,Poor,Completed
TC0003934,TEP0003019,Naween Begum,M,63,9501568405,Balanagar,Balanagar,Mahabubnagar,2026-05-09,FAC005,Routine NCD review,Fever/Infection,Video,10,Yes,No,No,,10.4,Telugu,Fair,Completed
TC0003935,TEP0003020,Lakshmi Khan,F,75,9652321505,Peddadinne,Devarakonda,Nalgonda,2026-02-09,FAC010,Skin complaint,Other,Assisted video,16,Yes,No,No,,7.4,Telugu,Fair,Completed
TC0003936,TEP0003021,Anitha Patel,F,64,9887742168,Nermata,Chandur,Nalgonda,2026-02-04,FAC015,Fever,Fever/Infection,Assisted video,19,Yes,No,Yes,7,22.4,Urdu,Fair,Completed
TC0003937,TEP0003021,Anitha Patel,F,64,+91-98877-42168,Nermata,Chandur,Nalgonda,2026-03-05,FAC014,Cough,Hypertension,Assisted video,13,Yes,No,No,,19.2,Urdu,Good,Completed
TC0003938,TEP0003022,Kiran Kumar,M,23,9197164000,Mogudampally,Zaheerabad,Sangareddy,2026-06-30,FAC024,Headache,Diabetes,Audio,22,Yes,Yes,Yes,30,16.8,Telugu,Poor,Completed
TC0003939,TEP0003023,Srinivas Krishna,M,26,9706995315,Narayankhed,Narayankhed,Sangareddy,2026-02-05,FAC020,Body pain,Other,Audio,18,No,Yes,No,,23.7,Telugu,Good,Completed
TC0003940,TEP0003024,Renuka Narsimha,F,41,9170713727,NOMULA,Nakrekal,Nalgonda,2026-05-01,FAC017,Cough,Respiratory,Video,10,No,No,Yes,14,29.9,Telugu,Fair,Completed
TC0003941,TEP0003025,Srilatha Goud,F,67,9754275494,Kangti,Narayankhed,Sangareddy,2026-03-29,FAC021,Skin complaint,Respiratory,Assisted video,9,Yes,Yes,No,,27.8,Telugu,Good,Completed
TC0003942,TEP0003026,Shankar Shekar,M,52,9019183707,Marrur,Nakrekal,Nalgonda,2026-08-01,FAC016,Routine NCD review,Respiratory,Audio,7,Yes,No,Yes,30,36.5,Telugu,Poor,Completed
TC0003943,TEP0003027,Renuka Reddy,F,57,9046534393,Macharam,Jadcherla,Mahabubnagar,2026-05-21,FAC001,Abdominal discomfort,Other,Assisted video,10,Yes,No,No,,17.2,Telugu,Good,Completed
TC0003944,TEP0003027,Renuka Reddy,F,61,9046534393,MACHARAM,Jadcherla,Mahabubnagar,2026-07-07,FAC002,Skin complaint,Dermatology,Video,7,Yes,No,No,,29.4,Telugu,Poor,Completed
TC0003945,TEP0003028,Jyothi Patel,F,69,9736999579,Marrur,Nakrekal,Nalgonda,2026-05-06,FAC016,Routine NCD review,Other,Video,21,Yes,No,Yes,7,36.5,Urdu,Good,Completed
TC0003946,TEP0003029,Raghav Patel,M,46,,Midjil,Midjil,Mahabubnagar,2026-03-02,FAC007,Body pain,Diabetes,Assisted video,19,No,Yes,No,,7.6,Telugu,Poor,Completed
TC0003947,TEP0003029,Raghav Patel,M,45,9223683845,Midjil,Midjil,Mahabubnagar,2026-04-01,FAC009,Body pain,Diabetes,Assisted video,11,Yes,No,Yes,7,19.5,Telugu,Good,Completed
TC0003948,TEP0003030,Raju Begum,M,56,9149102191,Polepall,Jadcherla,Mahabubnagar,2026-06-29,FAC002,Cough,Dermatology,Audio,7,Yes,Yes,Yes,14,8.3,Telugu,Good,Completed
TC0003949,TEP0003030,Raju Begum,M,57,9149102191,Polepally,Jadcherla,Mahabubnagar,2026-07-23,FAC001,Cough,Fever/Infection,Assisted video,10,Yes,No,Yes,30,25.4,Telugu,Good,Completed
TC0003950,TEP0003031,Naresh Basha,M,34,9487242853,Kangti,Narayankhed,Sangareddy,2026-02-03,FAC021,Body pain,Gastrointestinal,Video,9,Yes,No,Yes,14,27.8,Telugu,Poor,Completed
TC0003951,TEP0003032,Rani Rao,F,39,9799211342,Patancheru,Patancheru,Sangareddy,2026-01-03,FAC027,Abdominal discomfort,Gastrointestinal,Audio,15,Yes,Yes,No,,36.3,Telugu,Fair,Completed
TC0003952,TEP0003033,Sarita Begum,F,40,9000743743,Narayankhed,Narayankhed,Sangareddy,2026-01-28,FAC019,Routine NCD review,Other,Assisted video,7,Yes,No,Yes,30,28.2,Urdu,Poor,Completed
TC0003953,TEP0003034,Padma Shekar,F,48,9549748771,BHANUR,Patancheru,Sangareddy,2026-04-14,FAC025,Cough,Hypertension+Diabetes,Assisted video,19,Yes,No,No,,18.7,Telugu,Fair,Completed
TC0003954,TEP0003034,Padma Shekar,F,47,+91-95497-48771,Bhanur,Patancheru,Sangareddy,2026-05-13,FAC026,Skin complaint,Hypertension+Diabetes,Assisted video,17,Yes,No,No,,12.8,Telugu,Fair,Completed
TC0003955,TEP0003035,Saritha Devi,F,69,,Chandur,Chandur,Nalgonda,2026-04-21,FAC013,Skin complaint,Dermatology,Audio,12,No,Yes,Yes,7,21.3,Telugu,Good,Completed
TC0003956,TEP0003036,Srilatha Kumar,F,46,+91-94224-96309,Patancheru,Patancheru,Sangareddy,2026-05-28,FAC026,Body pain,Other,Audio,8,Yes,No,Yes,21,23.1,Telugu,Fair,Completed
TC0003957,TEP0003037,Naveen Patel,M,66,,Midjil,Midjil,Mahabubnagar,2026-06-29,FAC007,Dizziness,Respiratory,Audio,12,No,No,No,,7.6,Telugu,Good,Completed
TC0003958,TEP0003037,Naveen Patel,M,66,9826648033,Midjil,Midjil,Mahabubnagar,2026-07-24,FAC009,Fever,Dermatology,Assisted video,12,Yes,No,Yes,14,19.5,Telugu,Fair,Completed
TC0003959,TEP0003037,Naveen Patel,M,66,9826645033,Midjil,Midjil,Mahabubnagar,2026-08-11,FAC008,Skin complaint,Musculoskeletal,Audio,22,No,No,No,,11.3,Telugu,Fair,Completed
TC0003960,TEP0003038,Padma Yadav,F,78,9774911763,Midjil,Midjil,Mahabubnagar,2026-01-02,FAC009,Routine NCD review,Other,Audio,9,Yes,Yes,Yes,30,19.5,Telugu,Poor,Completed
TC0003961,TEP0003039,Santosh Devi,M,41,9155005938,Kangti,Narayankhed,Sangareddy,2026-05-07,FAC019,Headache,Gastrointestinal,Video,14,Yes,No,Yes,14,20.3,Telugu,Poor,Completed
TC0003962,TEP0003039,Santosh Devi,M,43,9155005938,Kangt,Narayankhed,Sangareddy,2026-05-26,FAC021,Skin complaint,Respiratory,Audio,23,Yes,Yes,No,,27.8,Telugu,Poor,Completed
TC0003963,TEP0003040,Sushma Kumar,F,38,9023586429,Nomula,Nakrekal,Nalgonda,2026-02-03,FAC017,Body pain,Other,Audio,13,Yes,Yes,Yes,7,29.9,Telugu,Good,Completed
TC0003964,TEP0003041,Raghav Narsimha,M,43,,Balanagar,Balanagar,Mahabubnagar,2026-07-19,FAC006,Routine NCD review,Musculoskeletal,Video,24,No,Yes,Yes,30,1.4,Telugu,Poor,Completed
TC0003965,TEP0003042,Raju Shekar,M,71,9889869438,Velpula,Midjil,Mahabubnagar,2026-07-12,FAC008,Abdominal discomfort,Diabetes,Video,23,Yes,Yes,Yes,30,12.6,Telugu,Good,Completed
TC0003966,TEP0003043,Divya Das,F,51,9088444421,Gundlapally,Devarakonda,Nalgonda,2026-05-13,FAC012,Routine NCD review,Musculoskeletal,Audio,9,Yes,No,Yes,30,25.4,Telugu,Poor,Completed
TC0003967,TEP0003044,Rajesh Kumar,M,65,,Mogudampally,Zaheerabad,Sangareddy,2026-01-23,FAC023,Routine NCD review,Hypertension,Audio,21,No,No,Yes,30,22.3,Telugu,Good,Completed
TC0003968,TEP0003045,Divya Khan,F,70,9434174298,Mangalapally,Nakrekal,Nalgonda,2026-05-05,FAC016,Body pain,Diabetes,Audio,22,Yes,Yes,No,,4.1,Telugu,Good,Completed
TC0003969,TEP0003046,Raghav Das,M,42,9183193969,Macharam,Jadcherla,Mahabubnagar,2026-08-02,FAC001,Dizziness,Gastrointestinal,Assisted video,24,Yes,Yes,No,,17.2,Telugu,Good,Completed
TC0003970,TEP0003047,Kiran Devi,M,78,+91-98677-37914,Kallepally,Balanagar,Mahabubnagar,2026-07-12,FAC004,Body pain,Hypertension,Assisted video,21,Yes,No,Yes,21,26.4,Telugu,Poor,Completed
TC0003971,TEP0003048,Mounik Mudiraj,F,42,9197710245,Bodajanampet,Balanagar,Mahabubnagar,2026-07-08,FAC006,Skin complaint,Hypertension,Assisted video,24,Yes,No,Yes,7,33.3,Telugu,Good,Completed
TC0003972,TEP0003049,Praveen Begum,M,62,+91-96519-85168,Jharasangam,Zaheerabad,Sangareddy,2026-07-26,FAC022,Headache,Hypertension+Diabetes,Audio,17,Yes,Yes,No,,5.6,Telugu,Fair,Completed
TC0003973,TEP0003050,Deepika Reddy,F,43,9564294457,Badepally,Jadcherla,Mahabubnagar,2026-06-28,FAC003,Routine NCD review,Fever/Infection,Video,19,No,No,Yes,7,5.1,Telugu,Poor,Completed
TC0003974,TEP0003050,Deepika Reddy,F,43,9564294457,Badepally,Jadcherla,Mahabubnagar,2026-08-10,FAC003,Cough,Gastrointestinal,Audio,16,Yes,No,Yes,30,5.1,Telugu,Good,Completed
TC0003975,TEP0003051,Renuka Krishna,F,48,9418392119,Mangalapally,Nakrekal,Nalgonda,2026-08-13,FAC017,Dizziness,Diabetes,Video,22,Yes,No,Yes,30,21.1,Telugu,Fair,Completed
TC0003976,TEP0003052,Kavitha Rao,F,35,9608236639,Rajapur,Balanagar,Mahabubnagar,2026-03-15,FAC004,Headache,Dermatology,Assisted video,12,No,Yes,Yes,21,13.9,Telugu,Poor,Completed
TC0003977,TEP0003052,Kavitha Rao,F,35,9608236639,Rajapur,Balanagar,Mahabubnagar,2026-04-12,FAC005,Skin complaint,Fever/Infection,Video,17,No,No,No,,12.6,Telugu,Poor,Completed
TC0003978,TEP0003053,run Rao,M,44,9459139565,Narayankhed,Narayankhed,Sangareddy,2026-05-25,FAC021,Fever,Dermatology,Audio,16,Yes,Yes,Yes,14,7.0,Telugu,Poor,Completed
TC0003979,TEP0003054,Vinod Narsimha,M,41,9672177399,Gundlapally,Devarakonda,Nalgonda,2026-04-04,FAC011,Abdominal discomfort,Fever/Infection,Audio,10,Yes,Yes,Yes,21,29.4,Telugu,Fair,Completed
TC0003980,TEP0003054,Vinod Narsimha,M,41,9672177399,Gundlapally,Devarakonda,Nalgonda,2026-05-10,FAC011,Headache,Dermatology,Audio,18,Yes,No,Yes,30,29.4,Telugu,Poor,Completed
TC0003981,TEP0003055,Anjali Mudiraj,F,55,9236260691,Balanagar,Balanagar,Mahabubnagar,2026-06-29,FAC006,Cough,Dermatology,Assisted video,12,Yes,No,Yes,7,1.4,Telugu,Poor,Completed
TC0003982,TEP0003056,Venkatesh Krishna,M,41,9683127158,Kangti,Narayankhed,Sangareddy,2026-07-31,FAC020,Fever,Hypertension,Video,8,Yes,No,No,,11.9,Telugu,Good,Completed
TC0003983,TEP0003057,Praveen Jangam,M,34,9065907448,Kohir,Zaheerabad,Sangareddy,2026-07-10,FAC024,Cough,Gastrointestinal,Video,21,Yes,No,Yes,7,6.4,Telugu,Good,Completed
TC0003984,TEP0003058,Shankar Yadav,M,61,9735548167,Nomula,Nakrekal,Nalgonda,2026-08-11,FAC016,Headache,Fever/Infection,Audio,11,Yes,No,Yes,14,36.1,Telugu,Good,Completed
TC0003985,TEP0003059,Suresh Goud,M,37,9717101600,Macharam,Jadcherla,Mahabubnagar,2026-05-23,FAC003,Skin complaint,Other,Audio,10,Yes,No,Yes,30,12.8,Telugu,Good,Completed
TC0003986,TEP0003060,Srinivas Goud,M,56,+91-98701-25448,BANGARIGADDA,Chandur,Nalgonda,2026-07-22,FAC015,Skin complaint,Hypertension+Diabetes,Video,18,Yes,No,Yes,7,18.0,Telugu,Good,Completed
TC0003987,TEP0003061,Rani Mudiraj,F,56,9728096749,Donur,Midjil,Mahabubnagar,2026-02-19,FAC008,Cough,Hypertension,Assisted video,21,Yes,No,Yes,7,9.4,Telugu,Fair,Completed
TC0003988,TEP0003062,Rajesh Yadav,M,23,9438567218,Donur,Midjil,Mahabubnagar,2026-06-22,FAC008,Abdominal discomfort,Dermatology,Audio,12,Yes,No,No,,9.4,Urdu,Fair,Completed
TC0003989,TEP0003062,Rajesh Yadav,M,25,9438567218,Donur,Midjil,Mahabubnagar,2026-07-22,FAC007,Fever,Musculoskeletal,Audio,12,Yes,No,Yes,21,23.7,Urdu,Poor,Completed
TC0003990,TEP0003063,Sareetha Laxman,F,35,9678080865,Velpula,Midjil,Mahabubnagar,2026-03-04,FAC007,Headache,Fever/Infection,Audio,7,Yes,No,No,,17.9,Telugu,Poor,Completed
TC0003991,TEP0003063,Saritha Laxman,F,33,+91-96780-80865,Velpula,Midjil,Mahabubnagar,2026-03-12,FAC008,Skin complaint,Respiratory,Assisted video,22,Yes,Yes,Yes,7,12.6,Telugu,Poor,Completed
TC0003992,TEP0003063,Saritha Laxman,F,37,9678080865,Velpula,Midjil,Mahabubnagar,2026-04-14,FAC009,Headache,Gastrointestinal,Video,16,Yes,No,No,,4.2,Telugu,Good,Completed
TC0003993,TEP0003064,Saritha Rao,F,53,9168076336,Badepally,Jadcherla,Mahabubnagar,2026-01-05,FAC003,Body pain,Fever/Infection,Assisted video,18,No,No,Yes,30,5.1,Telugu,Good,Completed
TC0003994,TEP0003064,Saritha Rao,F,53,9168076336,Badepally,Jadcherla,Mahabubnagar,2026-02-04,FAC002,Routine NCD review,Musculoskeletal,Video,11,Yes,No,Yes,7,19.9,Telugu,Fair,Completed
TC0003995,TEP0003065,Srinivs Narsimha,M,47,9546259815,Zaheerabad,Zaheerabad,Sangareddy,2026-04-19,FAC023,Skin complaint,Diabetes,Video,7,No,No,Yes,30,17.3,Telugu,Poor,Completed
TC0003996,TEP0003066,Rani Reddy,F,70,9125680165,Kalher,Narayankhed,Sangareddy,2026-08-07,FAC021,Abdominal discomfort,Respiratory,Audio,7,Yes,No,No,,22.9,Telugu,Poor,Completed
TC0003997,TEP0003067,Ramesh Krishna,M,30,9830992817,Macharam,Jadcherla,Mahabubnagar,2026-03-11,FAC001,Dizziness,Respiratory,Audio,14,Yes,No,No,,17.2,Telugu,Poor,Completed
TC0003998,TEP0003068,Shankar Chary,M,41,9347203000,Badepally,Jadcherla,Mahabubnagar,2026-06-09,FAC003,Cough,Fever/Infection,Video,18,Yes,No,Yes,14,5.1,Telugu,Good,Completed
TC0003999,TEP0003069,Renuka Jangam,F,51,9318510567,Kohir,Zaheerabad,Sangareddy,2026-02-06,FAC022,Dizziness,Dermatology,Video,10,Yes,No,No,,3.6,Telugu,Poor,Completed
TC0004000,TEP0003070,Rajesh Reddy,M,49,9071212128,Marrur,Nakrekal,Nalgonda,2026-05-23,FAC018,Cough,Hypertension,Assisted video,21,No,No,No,,6.7,Telugu,Poor,Completed
TC0004001,TEP0003071,Arun Rao,M,51,9733486738,Polepally,Jadcherla,Mahabubnagar,2026-07-13,FAC003,Body pain,Musculoskeletal,Video,7,Yes,No,No,,21.0,Telugu,Good,Completed
TC0004002,TEP0003072,Raju Jangam,M,50,9874963069,Balanagar,Balanagar,Mahabubnagar,2026-01-03,FAC006,Fever,Musculoskeletal,Audio,10,Yes,Yes,No,,1.4,Telugu,Fair,Completed
TC0004003,TEP0003073,Lakshmi Rao,F,46,+91-96471-26093,Peddadinne,Devarakonda,Nalgonda,2026-05-28,FAC011,Dizziness,Diabetes,Assisted video,7,Yes,No,Yes,21,13.9,Telugu,Poor,Completed
TC0004004,TEP0003073,Lakshmi Rao,F,48,9647126093,Peddadinne,Devarakonda,Nalgonda,2026-07-09,FAC012,Fever,Dermatology,Audio,13,Yes,No,Yes,21,6.6,Telugu,Fair,Completed
TC0004005,TEP0003074,Saritha Das,F,74,+91-99425-58011,Rajapur,Balanagar,Mahabubnagar,2026-06-03,FAC005,Headache,Other,Assisted video,7,Yes,No,No,,12.6,Telugu,Good,Completed
TC0004006,TEP0003074,Saritha Das,F,73,9942558011,Rajapur,Balanagar,Mahabubnagar,2026-07-30,FAC004,Routine NCD review,Dermatology,Assisted video,23,Yes,Yes,Yes,14,13.9,Telugu,Good,Completed
TC0004007,TEP0003075,Sai Basha,M,59,9303012266,Nermata,Chandur,Nalgonda,2026-02-27,FAC014,Cough,Musculoskeletal,Video,7,Yes,No,No,,19.2,Telugu,Good,Completed
TC0004008,TEP0003076,Naveen Goud,M,27,9555040192,Ameenpur,Patancheru,Sangareddy,2026-04-18,FAC025,Routine NCD review,Other,Video,16,Yes,No,Yes,7,13.0,Telugu,Good,Completed
TC0004009,TEP0003076,Naveen Goud,M,28,9555040192,Ameenpur,Patancheru,Sangareddy,2026-06-04,FAC026,Headache,Musculoskeletal,Video,20,Yes,No,Yes,30,9.7,Telugu,Fair,Completed
TC0004010,TEP0003077,Bhavani Rao,F,20,9033486724,Chandur,Chandur,Nalgonda,2026-06-15,FAC013,Abdominal discomfort,Diabetes,Assisted video,14,Yes,No,Yes,21,21.3,English,Poor,Completed
TC0004011,TEP0003078,Santosh Chary,M,72,9477041825,Nermata,Chandur,Nalgonda,2026-08-12,FAC013,Body pain,Fever/Infection,Assisted video,19,Yes,No,Yes,14,19.7,Telugu,Good,Completed
TC0004012,TEP0003079,Deepeeka Mudiraj,F,48,9454665851,Donur,Midjil,Mahabubnagar,2026-07-21,FAC007,Skin complaint,Hypertension,Assisted video,19,Yes,Yes,Yes,30,23.7,Telugu,Poor,Completed
TC0004013,TEP0003080,Praveen Krishna,M,55,9487621699,Polepally,Jadcherla,Mahabubnagar,2026-05-16,FAC001,Fever,Other,Assisted video,7,Yes,No,No,,25.4,Telugu,Fair,Completed
TC0004014,TEP0003081,Shobha Khan,F,78,9594391482,Ameenpur,Patancheru,Sangareddy,2026-04-03,FAC027,Routine NCD review,Dermatology,Assisted video,19,Yes,No,No,,27.9,Telugu,Good,Completed
TC0004015,TEP0003082,Bhavani Chary,F,88,,Mogudampally,Zaheerabad,Sangareddy,2026-07-30,FAC024,Body pain,Fever/Infection,Video,15,Yes,Yes,Yes,21,16.8,Telugu,Good,Completed
TC0004016,TEP0003083,Kavitha Narsimha,F,52,9739396566,Nakrekal,Nakrekal,Nalgonda,2026-05-26,FAC016,Cough,Dermatology,Assisted video,24,Yes,No,Yes,21,35.5,Telugu,Good,Completed
TC0004017,TEP0003083,Kavitha Narsimha,F,52,9739396566,Nakrekal,Nakrekal,Nalgonda,2026-07-14,FAC017,Headache,Respiratory,Assisted video,15,Yes,No,No,,36.5,Telugu,Fair,Completed
TC0004018,TEP0003084,Bhavani Patel,F,59,9763649329,Bangarigadda,Chandur,Nalgonda,2026-01-19,FAC014,Body pain,Fever/Infection,Audio,20,Yes,No,Yes,21,17.6,Telugu,Good,Completed
TC0004019,TEP0003085,Anitha Mallaiah,F,18,9188980923,Bangarigadda,Chandur,Nalgonda,2026-07-29,FAC015,Headache,Hypertension,Assisted video,19,No,Yes,No,,18.0,Telugu,Fair,Completed
TC0004020,TEP0003085,Anitha Mallaiah,F,18,9188980923,Bangarigadda,Chandur,Nalgonda,2026-07-31,FAC013,Headache,Diabetes,Assisted video,24,No,No,Yes,21,16.9,Telugu,Fair,Completed
TC0004021,TEP0003086,Kawitha Patel,F,45,9826617210,Donur,Midjil,Mahabubnagar,2026-04-25,FAC009,Headache,Fever/Infection,Video,23,Yes,No,No,,14.1,Telugu,Poor,Completed
TC0004022,TEP0003086,Kawitha Patel,F,44,9826617210,Donur,Midjil,Mahabubnagar,2026-05-30,FAC008,Cough,Diabetes,Assisted video,21,Yes,No,No,,9.4,Telugu,Good,Completed
TC0004023,TEP0003087,Kavitha,F,37,9487443716,POLEPALLY,Jadcherla,Mahabubnagar,2026-02-04,FAC001,Body pain,Dermatology,Audio,17,Yes,No,Yes,7,25.4,Telugu,Fair,Completed
TC0004024,TEP0003088,Divya Krishna,F,58,9935591363,Kummarikunta,Chandur,Nalgonda,2026-03-25,FAC013,Routine NCD review,Other,Video,13,Yes,No,Yes,30,6.5,English,Fair,Completed
TC0004025,TEP0003089,Raju Chary,M,64,9947647801,Kangti,Narayankhed,Sangareddy,2026-01-24,FAC019,Dizziness,Fever/Infection,Assisted video,12,Yes,Yes,No,,20.3,Telugu,Poor,Completed
TC0004026,TEP0003090,Suresh Goud,M,25,+91-95235-95012,Nomula,Nakrekal,Nalgonda,2026-01-01,FAC018,Body pain,Respiratory,Assisted video,14,No,Yes,Yes,21,2.2,Telugu,Good,Completed
TC0004027,TEP0003091,Kavitha Rao,F,46,9277052956,Devarakonda,Devarakonda,Nalgonda,2026-01-28,FAC011,Body pain,Other,Audio,13,No,No,No,,29.2,Telugu,Fair,Completed
TC0004028,TEP0003091,Kavitha Rao,F,46,9277052956,DEVARAKONDA,Devarakonda,Nalgonda,2026-08-04,FAC012,Skin complaint,Respiratory,Video,11,Yes,No,Yes,7,22.1,Telugu,Fair,Completed
TC0004029,TEP0003092,Sushma Yadav,F,38,9761939946,Marrur,Nakrekal,Nalgonda,2026-01-23,FAC017,Cough,Gastrointestinal,Video,20,Yes,No,Yes,14,25.8,Telugu,Good,Completed
TC0004030,TEP0003092,Sushma Yadav,F,40,+91-97619-39946,Marrur,Nakrekal,Nalgonda,2026-01-25,FAC017,Fever,Gastrointestinal,Assisted video,19,Yes,No,Yes,14,25.8,Telugu,Fair,Completed
TC0004031,TEP0003092,Sushma Yadav,F,40,9761939946,Marrur,Nakrekal,Nalgonda,2026-03-15,FAC018,Abdominal discomfort,Other,Audio,18,Yes,Yes,Yes,7,6.7,Telugu,Fair,Completed
TC0004032,TEP0003093,Shobha,F,32,9681584411,Nermat,Chandur,Nalgonda,2026-06-05,FAC013,Headache,Fever/Infection,Assisted video,23,Yes,Yes,Yes,14,19.7,Telugu,Good,Completed
TC0004033,TEP0003094,Anitha Goud,F,46,9120200529,Mangalapally,Nakrekal,Nalgonda,2026-07-21,FAC017,Cough,Hypertension,Audio,13,Yes,Yes,No,,21.1,Telugu,Poor,Completed
TC0004034,TEP0003095,Mohan Krishna,M,48,9505982323,Kondamallepally,Devarakonda,Nalgonda,2026-03-10,FAC012,Routine NCD review,Other,Assisted video,15,No,Yes,Yes,30,19.6,Telugu,Poor,Completed
TC0004035,TEP0003096,Raju Goud,M,63,,Kalher,Narayankhed,Sangareddy,2026-03-16,FAC019,Routine NCD review,Hypertension,Audio,7,Yes,Yes,Yes,14,24.9,Telugu,Poor,Completed
TC0004036,TEP0003097,Rani Krishna,F,47,9678559079,Manoor,Narayankhed,Sangareddy,2026-07-03,FAC019,Skin complaint,Fever/Infection,Audio,14,No,No,Yes,30,33.3,Telugu,Poor,Completed
TC0004037,TEP0003098,Mounika Chary,F,56,9098405416,Vemula,Midjil,Mahabubnagar,2026-03-08,FAC007,Dizziness,Fever/Infection,Audio,17,Yes,No,Yes,21,25.7,Telugu,Fair,Completed
TC0004038,TEP0003099,Mahesh Naik,M,37,,Bhanur,Patancheru,Sangareddy,2026-01-03,FAC026,Fever,Fever/Infection,Assisted video,7,Yes,Yes,Yes,21,12.8,Telugu,Fair,Completed
TC0004039,TEP0003100,Raghav Laxman,M,43,9793960693,Rajapur,Balanagar,Mahabubnagar,2026-04-10,FAC006,Cough,Fever/Infection,Video,16,Yes,No,No,,8.7,Telugu,Fair,Completed
TC0004040,TEP0003100,Raghav Laxman,M,43,9793560693,Rajapur,Balanagar,Mahabubnagar,2026-06-06,FAC006,Body pain,Musculoskeletal,Audio,10,Yes,Yes,No,,8.7,Telugu,Good,Completed
TC0004041,TEP0003101,Padma Patel,F,64,9698652214,Kummarikunta,Chandur,Nalgonda,2026-07-11,FAC015,Headache,Other,Video,24,Yes,No,No,,26.6,Telugu,Poor,Completed
TC0004042,TEP0003102,Swathi Mallaiah,F,38,9057833432,Kummarikunta,Chandur,Nalgonda,2026-08-11,FAC014,Routine NCD review,Hypertension,Assisted video,16,Yes,No,Yes,30,7.3,Telugu,Poor,Completed
TC0004043,TEP0003103,Srilatha Chary,F,74,9116065762,Donur,Midjil,Mahabubnagar,2026-06-08,FAC007,Abdominal discomfort,Other,Audio,21,Yes,No,Yes,30,23.7,Telugu,Poor,Completed
TC0004044,TEP0003104,Naveen Narsimha,M,48,9447292522,Kangti,Narayankhed,Sangareddy,2026-07-26,FAC021,Skin complaint,Musculoskeletal,Audio,19,Yes,No,Yes,21,27.8,Telugu,Poor,Completed
TC0004045,TEP0003104,Naveen Narsimha,M,46,9447292522,Kangti,Narayankhed,Sangareddy,2026-08-15,FAC021,Routine NCD review,Fever/Infection,Audio,7,Yes,No,Yes,30,27.8,Telugu,Fair,Completed
TC0004046,TEP0003105,Nirmala Yadav,F,49,,Zaheerabad,Zaheerabad,Sangareddy,2026-02-20,FAC023,Routine NCD review,Hypertension+Diabetes,Video,12,No,Yes,Yes,21,17.3,Telugu,Fair,Completed
TC0004047,TEP0003105,Nirmala Yadav,F,50,9568522262,Zaheerabad,Zaheerabad,Sangareddy,2026-06-14,FAC023,Cough,Hypertension+Diabetes,Assisted video,13,Yes,No,Yes,21,17.3,Telugu,Poor,Completed
TC0004048,TEP0003106,Raghav Basha,M,38,9161628296,Nomula,Nakrekal,Nalgonda,2026-05-03,FAC017,Cough,Diabetes,Audio,16,Yes,Yes,Yes,14,29.9,Telugu,Poor,Completed
TC0004049,TEP0003106,Rghav Basha,M,39,9161628296,Nomula,Nakrekal,Nalgonda,2026-06-25,FAC017,Body pain,Dermatology,Video,15,No,No,No,,29.9,Telugu,Fair,Completed
TC0004050,TEP0003107,Anitha Rao,F,42,9446652166,Jharasangam,Zaheerabad,Sangareddy,2026-08-01,FAC024,Body pain,Dermatology,Assisted video,12,No,No,Yes,30,2.6,Telugu,Poor,Completed
TC0004051,TEP0003108,Anitha Chary,F,54,,Narayankhed,Narayankhed,Sangareddy,2026-06-03,FAC020,Abdominal discomfort,Hypertension,Audio,22,No,No,Yes,14,23.7,Telugu,Good,Completed
TC0004052,TEP0003109,sobha Yadav,F,18,9994667961,Nomula,Nakrekal,Nalgonda,2026-01-06,FAC018,Abdominal discomfort,Other,Audio,20,Yes,Yes,No,,2.2,Telugu,Poor,Completed
TC0004053,TEP0003109,Shobha Yadav,F,18,,Nomula,Nakrekal,Nalgonda,2026-04-12,FAC016,Cough,Other,Audio,19,Yes,No,Yes,7,36.1,Telugu,Poor,Completed
TC0004054,TEP0003110,Divya Narsimha,F,57,9577474230,Balanagar,Balanagar,Mahabubnagar,2026-07-04,FAC004,Skin complaint,Musculoskeletal,Audio,15,Yes,No,Yes,7,10.8,Telugu,Good,Completed
TC0004055,TEP0003111,Padma Laxman,F,58,9927577517,Badepally,Jadcherla,Mahabubnagar,2026-06-18,FAC002,Abdominal discomfort,Gastrointestinal,Assisted video,11,Yes,No,No,,19.9,Telugu,Poor,Completed
TC0004056,TEP0003112,Swathi Jangam,F,39,9801667653,Nomula,Nakrekal,Nalgonda,2026-06-14,FAC018,Routine NCD review,Hypertension+Diabetes,Audio,16,Yes,Yes,Yes,7,2.2,English,Good,Completed
TC0004057,TEP0003113,Nirmala Khan,F,48,+91-92434-32663,Mogudampally,Zaheerabad,Sangareddy,2026-05-03,FAC024,Fever,Other,Assisted video,11,Yes,No,Yes,7,16.8,Telugu,Fair,Completed
TC0004058,TEP0003114,Mohan Begum,M,57,9386980747,Kangti,Narayankhed,Sangareddy,2026-06-16,FAC021,Abdominal discomfort,Other,Audio,15,No,No,Yes,21,27.8,Telugu,Fair,Completed
TC0004059,TEP0003115,Bhavani Narsimha,F,52,9810179624,Kondamallepally,Devarakonda,Nalgonda,2026-07-08,FAC012,Dizziness,Fever/Infection,Assisted video,8,Yes,No,No,,19.6,Telugu,Poor,Completed
TC0004060,TEP0003116,Shankar Jangam,M,43,9767709812,Ameenpur,Patancheru,Sangareddy,2026-03-12,FAC027,Body pain,Diabetes,Assisted video,21,Yes,Yes,No,,27.9,Telugu,Fair,Completed
TC0004061,TEP0003116,Shankar Jangam,M,45,9767709812,Ameenpur,Patancheru,Sangareddy,2026-08-13,FAC027,Fever,Diabetes,Audio,22,Yes,No,Yes,21,27.9,Telugu,Fair,Completed
TC0004062,TEP0003117,Divya Rao,F,28,9746645280,Marrur,Nakrekal,Nalgonda,2026-02-20,FAC017,Fever,Fever/Infection,Assisted video,23,Yes,No,Yes,30,25.8,Telugu,Fair,Completed
TC0004063,TEP0003118,Mahesh Mudiraj,M,50,9739651858,Ameenpur,Patancheru,Sangareddy,2026-01-17,FAC026,Headache,Hypertension,Assisted video,17,Yes,No,No,,9.7,Telugu,Good,Completed
TC0004064,TEP0003119,Sushma Naik,F,18,9680353714,Kalher,Narayankhed,Sangareddy,2026-01-08,FAC021,Dizziness,Hypertension+Diabetes,Assisted video,10,Yes,No,Yes,14,22.9,Telugu,Fair,Completed
TC0004065,TEP0003119,Sushma Naik,F,18,9680303714,Kalher,Narayankhed,Sangareddy,2026-05-16,FAC019,Body pain,Hypertension,Video,20,Yes,No,Yes,14,24.9,Telugu,Poor,Completed
TC0004066,TEP0003120,Mahesh Laxman,M,51,9057701083,Mangalapally,Nakrekal,Nalgonda,2026-05-16,FAC017,Routine NCD review,Hypertension,Audio,21,Yes,No,Yes,21,21.1,Telugu,Poor,Completed
TC0004067,TEP0003121,Rani Jangam,F,26,9538787087,Kummarikunta,Chandur,Nalgonda,2026-07-14,FAC013,Headache,Other,Audio,15,Yes,Yes,Yes,7,6.5,Telugu,Poor,Completed
TC0004068,TEP0003122,Sushma Kumar,F,37,+91-94205-98098,Gangapur,Jadcherla,Mahabubnagar,2026-02-10,FAC002,Fever,Hypertension,Video,13,No,Yes,Yes,30,38.9,Telugu,Poor,Completed
TC0004069,TEP0003123,Saritha Yadav,F,71,9224304545,POLEPALLY,Jadcherla,Mahabubnagar,2026-06-27,FAC002,Abdominal discomfort,Hypertension,Assisted video,14,Yes,Yes,No,,8.3,Telugu,Fair,Completed
TC0004070,TEP0003124,Naveen,M,33,9412244258,Jharasangam,Zaheerabad,Sangareddy,2026-06-14,FAC023,Dizziness,Dermatology,Audio,20,No,No,Yes,21,18.7,Telugu,Good,Completed
TC0004071,TEP0003125,Lalitha Goud,F,65,9883768232,Kangti,Narayankhed,Sangareddy,2026-05-03,FAC021,Abdominal discomfort,Respiratory,Audio,17,Yes,No,No,,27.8,Telugu,Poor,Completed
TC0004072,TEP0003126,Praveen Reddy,M,67,9240258292,Narayankhed,Narayankhed,Sangareddy,2026-02-20,FAC020,Skin complaint,Other,Video,13,Yes,No,Yes,30,23.7,Telugu,Fair,Completed
TC0004073,TEP0003127,Naresh Begum,M,56,9311155544,Kalher,Narayankhed,Sangareddy,2026-07-23,FAC021,Dizziness,Hypertension+Diabetes,Video,22,Yes,No,Yes,14,22.9,Telugu,Fair,Completed
TC0004074,TEP0003128,Anjali Laxman,F,60,9045083465,Jharasangam,Zaheerabad,Sangareddy,2026-08-13,FAC022,Cough,Musculoskeletal,Assisted video,22,Yes,No,Yes,30,5.6,Telugu,Good,Completed
TC0004075,TEP0003129,Harika Mudiraj,F,80,9691944158,Rajapur,Balanagar,Mahabubnagar,2026-06-19,FAC005,Routine NCD review,Gastrointestinal,Video,17,Yes,No,Yes,14,12.6,Telugu,Good,Completed
TC0004076,TEP0003129,Harika Mudiraj,F,80,9691944158,Rajapur,Balanagar,Mahabubnagar,2026-07-30,FAC005,Skin complaint,Musculoskeletal,Assisted video,16,Yes,Yes,No,,12.6,Telugu,Poor,Completed
TC0004077,TEP0003130,Praveen Laxman,M,53,9633419399,Mangalapally,Nakrekal,Nalgonda,2026-03-20,FAC018,Body pain,Diabetes,Video,11,Yes,Yes,No,,35.0,Telugu,Fair,Completed
TC0004078,TEP0003130,Praveen Laxman,M,53,9633419399,Mangalapally,Nakrekal,Nalgonda,2026-05-23,FAC018,Routine NCD review,Diabetes,Video,10,No,No,Yes,14,35.0,Telugu,Good,Completed
TC0004079,TEP0003130,Praveen Laxman,M,53,9633419399,Mangalapally,Nakrekal,Nalgonda,2026-07-02,FAC018,Headache,Dermatology,Assisted video,8,Yes,No,Yes,30,35.0,Telugu,Good,Completed
TC0004080,TEP0003131,Praveen Kumar,M,36,+91-98105-18842,Velpula,Midjil,Mahabubnagar,2026-04-19,FAC007,Fever,Musculoskeletal,Assisted video,17,Yes,No,No,,17.9,Telugu,Poor,Completed
TC0004081,TEP0003132,Naresh Yadav,M,38,9978107856,Narayankhed,Narayankhed,Sangareddy,2026-07-01,FAC019,Abdominal discomfort,Other,Video,13,Yes,No,Yes,14,28.2,Telugu,Good,Completed
TC0004082,TEP0003133,Vinod sekar,M,54,9024564479,Patancheru,Patancheru,Sangareddy,2026-01-19,FAC026,Fever,Hypertension,Audio,8,Yes,No,Yes,7,23.1,Telugu,Fair,Completed
TC0004083,TEP0003133,Vinod Shekar,M,54,9024564479,Patancheru,Patancheru,Sangareddy,2026-01-28,FAC025,Cough,Hypertension,Audio,23,Yes,Yes,Yes,21,25.4,Telugu,Good,Completed
TC0004084,TEP0003134,Kavitha Kumar,F,73,9425284706,Bhanur,Patancheru,Sangareddy,2026-02-14,FAC026,Abdominal discomfort,Hypertension,Video,8,Yes,Yes,Yes,21,12.8,Telugu,Poor,Completed
TC0004085,TEP0003134,Kavitha Kumar,F,75,9425284706,Bhanu,Patancheru,Sangareddy,2026-06-23,FAC026,Headache,Other,Assisted video,13,Yes,No,Yes,30,12.8,Telugu,Poor,Completed
TC0004086,TEP0003135,Rajesh Devi,M,49,+91-91871-55000,Macharam,Jadcherla,Mahabubnagar,2026-07-16,FAC003,Routine NCD review,Hypertension,Video,7,Yes,Yes,Yes,7,12.8,Telugu,Poor,Completed
TC0004087,TEP0003136,Deepika Rao,F,18,9320512227,Narayankhed,Narayankhed,Sangareddy,2026-08-02,FAC019,Body pain,Diabetes,Audio,23,No,Yes,No,,28.2,Telugu,Fair,Completed
TC0004088,TEP0003137,Mounika Mallaiah,F,69,9634268926,Chandur,Chandur,Nalgonda,2026-05-26,FAC015,Skin complaint,Musculoskeletal,Video,24,Yes,Yes,No,,29.7,Telugu,Fair,Completed
TC0004089,TEP0003137,Mounika Mallaiah,F,67,9634268926,Chandur,Chandur,Nalgonda,2026-07-30,FAC013,Routine NCD review,Respiratory,Audio,23,Yes,Yes,No,,21.3,Telugu,Fair,Completed
TC0004090,TEP0003138,Srilatha Devi,F,54,+91-92019-99570,MIDJIL,Midjil,Mahabubnagar,2026-08-07,FAC008,Abdominal discomfort,Fever/Infection,Audio,20,Yes,No,No,,11.3,Telugu,Fair,Completed
TC0004091,TEP0003139,Rawi Patel,M,45,9460915346,Bhanur,Patancheru,Sangareddy,2026-04-29,FAC027,Body pain,Hypertension,Assisted video,14,No,Yes,No,,18.4,Telugu,Poor,Completed
TC0004092,TEP0003139,Ravi Patel,M,44,9460915346,Bhanur,Patancheru,Sangareddy,2026-06-24,FAC026,Routine NCD review,Hypertension+Diabetes,Audio,17,Yes,Yes,Yes,14,12.8,Telugu,Fair,Completed
TC0004093,TEP0003140,Lalitha Rao,F,24,9477762659,Ameenpur,Patancheru,Sangareddy,2026-06-10,FAC025,Headache,Diabetes,Audio,22,No,Yes,No,,13.0,Telugu,Poor,Completed
TC0004094,TEP0003141,Praveen Rao,M,74,9360501849,Midjil,Midjil,Mahabubnagar,2026-05-28,FAC009,Routine NCD review,Hypertension,Video,21,No,No,Yes,21,19.5,Urdu,Fair,Completed
TC0004095,TEP0003141,Praveen Rao,M,74,9360501849,Midjil,Midjil,Mahabubnagar,2026-07-31,FAC009,Skin complaint,Hypertension,Audio,22,Yes,Yes,Yes,30,19.5,Urdu,Good,Completed
TC0004096,TEP0003141,Praveen Rao,M,76,9360501849,Midjil,Midjil,Mahabubnagar,2026-08-08,FAC009,Abdominal discomfort,Hypertension,Audio,9,No,No,No,,19.5,Urdu,Poor,Completed
TC0004097,TEP0003142,Renuka Laxman,F,52,9368298459,Patancheru,Patancheru,Sangareddy,2026-05-31,FAC026,Dizziness,Musculoskeletal,Assisted video,21,No,No,Yes,21,23.1,Telugu,Fair,Completed
TC0004098,TEP0003143,Saritha Khan,F,66,9200260106,Zaheerabad,Zaheerabad,Sangareddy,2026-04-15,FAC023,Cough,Respiratory,Video,24,Yes,No,No,,17.3,Telugu,Poor,Completed
TC0004099,TEP0003143,Saritha Khan,F,66,9200260106,Zaheerabad,Zaheerabad,Sangareddy,2026-05-30,FAC024,Dizziness,Respiratory,Assisted video,11,Yes,Yes,No,,28.3,Telugu,Good,Completed
TC0004100,TEP0003144,Bhavani Begum,F,73,9197010349,Manoor,Narayankhed,Sangareddy,2026-04-26,FAC021,Body pain,Hypertension,Assisted video,20,Yes,No,Yes,14,15.5,Telugu,Fair,Completed
TC0004101,TEP0003145,Anita Mudiraj,F,60,9610610539,Gundlapally,Devarakonda,Nalgonda,2026-06-23,FAC011,Headache,Dermatology,Assisted video,13,Yes,No,Yes,14,29.4,Telugu,Poor,Completed
TC0004102,TEP0003146,Srilatha Khan,F,61,,Bodajanampet,Balanagar,Mahabubnagar,2026-05-13,FAC005,Headache,Hypertension,Assisted video,12,Yes,Yes,Yes,30,26.6,Telugu,Good,Completed
TC0004103,TEP0003146,Srilatha Khan,F,65,9671036697,Bodajanampet,Balanagar,Mahabubnagar,2026-06-17,FAC006,Skin complaint,Hypertension,Video,14,Yes,Yes,Yes,7,33.3,Telugu,Poor,Completed
TC0004104,TEP0003147,Mounika Mallaiah,F,77,9808431084,Vemula,Midjil,Mahabubnagar,2026-05-22,FAC008,Body pain,Hypertension+Diabetes,Video,10,Yes,Yes,Yes,30,22.2,Telugu,Good,Completed
TC0004105,TEP0003147,Mounika Mallaiah,F,81,,Vemula,Midjil,Mahabubnagar,2026-06-03,FAC007,Abdominal discomfort,Hypertension+Diabetes,Audio,20,Yes,Yes,Yes,30,25.7,Telugu,Fair,Completed
TC0004106,TEP0003148,Lakshmi Naik,F,30,9612701716,Chandur,Chandur,Nalgonda,2026-03-24,FAC015,Headache,Other,Video,10,Yes,No,Yes,30,29.7,English,Poor,Completed
TC0004107,TEP0003148,Lakshmi Naik,F,28,9612701716,Chandur,Chandur,Nalgonda,2026-05-17,FAC014,Cough,Musculoskeletal,Assisted video,21,Yes,No,Yes,21,20.6,English,Fair,Completed
TC0004108,TEP0003148,Lakshmi Naik,F,27,9612701716,Chandur,Chandur,Nalgonda,2026-06-18,FAC015,Cough,Fever/Infection,Video,16,Yes,No,Yes,21,29.7,English,Fair,Completed
TC0004109,TEP0003149,Saritha Patel,F,65,,Balanagar,Balanagar,Mahabubnagar,2026-02-11,FAC005,Fever,Hypertension+Diabetes,Audio,14,Yes,Yes,No,,10.4,Telugu,Fair,Completed
TC0004110,TEP0003149,Saritha Patel,F,64,9542096225,Balanagar,Balanagar,Mahabubnagar,2026-04-05,FAC006,Dizziness,Hypertension+Diabetes,Video,10,No,Yes,No,,1.4,Telugu,Fair,Completed
TC0004111,TEP0003150,Jyothi Begum,F,50,9179147783,Jharasanga,Zaheerabad,Sangareddy,2026-07-17,FAC022,Skin complaint,Hypertension,Video,9,No,No,No,,5.6,Telugu,Good,Completed
TC0004112,TEP0003151,Ramesh Rao,M,56,9879901797,Rajapur,Balanagar,Mahabubnagar,2026-01-09,FAC006,Skin complaint,Other,Video,7,Yes,No,Yes,14,8.7,Telugu,Fair,Completed
TC0004113,TEP0003152,Kavitha Kumar,F,20,9538926036,Mangalapally,Nakrekal,Nalgonda,2026-03-04,FAC017,Dizziness,Fever/Infection,Video,13,Yes,No,No,,21.1,Telugu,Fair,Completed
TC0004114,TEP0003153,Santosh Narsimha,M,64,9715815042,Gundlapally,Devarakonda,Nalgonda,2026-06-03,FAC010,Body pain,Hypertension+Diabetes,Audio,10,Yes,No,Yes,30,26.3,Telugu,Good,Completed
TC0004115,TEP0003154,Nirmala Mallaiah,F,28,,Vemula,Midjil,Mahabubnagar,2026-07-14,FAC008,Routine NCD review,Hypertension,Audio,7,Yes,Yes,Yes,7,22.2,English,Fair,Completed
TC0004116,TEP0003155,Anil Rao,M,58,9035170499,Nomula,Nakrekal,Nalgonda,2026-06-16,FAC017,Headache,Diabetes,Audio,20,Yes,No,No,,29.9,Telugu,Good,Completed
TC0004117,TEP0003156,Shobha Shekar,F,47,9273544600,Devarakonda,Devarakonda,Nalgonda,2026-05-19,FAC011,Cough,Fever/Infection,Video,20,Yes,Yes,Yes,14,29.2,Telugu,Good,Completed
TC0004118,TEP0003156,Shobha Shekar,F,49,9273544600,Devarakonda,Devarakonda,Nalgonda,2026-07-14,FAC010,Abdominal discomfort,Other,Video,21,Yes,No,Yes,30,22.8,Telugu,Good,Completed
TC0004119,TEP0003157,Lalitha Mallaiah,F,67,,Kohir,Zaheerabad,Sangareddy,2026-04-03,FAC023,Headache,Other,Assisted video,19,No,Yes,No,,15.7,Urdu,Fair,Completed
TC0004120,TEP0003158,Anitha Begum,F,18,9234006706,Ameenpur,Patancheru,Sangareddy,2026-08-08,FAC025,Fever,Other,Video,14,Yes,No,Yes,30,13.0,Telugu,Good,Completed
TC0004121,TEP0003159,Shobha,F,36,+91-93008-39993,Kangti,Narayankhed,Sangareddy,2026-07-26,FAC021,Fever,Respiratory,Audio,17,Yes,Yes,No,,27.8,Telugu,Good,Completed
TC0004122,TEP0003160,Mohan Yadav,M,61,9156092657,NOMULA,Nakrekal,Nalgonda,2026-05-23,FAC017,Routine NCD review,Hypertension,Video,19,Yes,Yes,Yes,30,29.9,Telugu,Fair,Completed
TC0004123,TEP0003160,Mohan Yadav,M,60,9156092657,Nomula,Nakrekal,Nalgonda,2026-06-28,FAC016,Skin complaint,Hypertension,Assisted video,12,Yes,No,Yes,30,36.1,Telugu,Poor,Completed
TC0004124,TEP0003161,Srinivas Laxman,M,70,9425370753,Rajapur,Balanagar,Mahabubnagar,2026-06-05,FAC005,Abdominal discomfort,Hypertension,Audio,13,Yes,No,Yes,21,12.6,Telugu,Good,Completed
TC0004125,TEP0003162,Rani Basha,F,52,9602342833,Indresham,Patancheru,Sangareddy,2026-08-13,FAC025,Cough,Fever/Infection,Video,17,Yes,No,No,,19.2,Telugu,Good,Completed
TC0004126,TEP0003163,Sushma Rao,F,50,+91-91230-44399,KONDAMALLEPALLY,Devarakonda,Nalgonda,2026-04-23,FAC012,Cough,Gastrointestinal,Video,9,No,No,Yes,21,19.6,Telugu,Poor,Completed
TC0004127,TEP0003164,Vinod Basha,M,28,9947389639,Kondamallepally,Devarakonda,Nalgonda,2026-02-22,FAC010,Abdominal discomfort,Musculoskeletal,Assisted video,23,Yes,No,Yes,14,20.0,Urdu,Good,Completed
TC0004128,TEP0003165,Deepika Narsimha,F,46,9625882292,Gundlapally,Devarakonda,Nalgonda,2026-08-13,FAC012,Body pain,Diabetes,Video,17,Yes,Yes,Yes,30,25.4,Telugu,Poor,Completed
TC0004129,TEP0003166,Ravi Mudiraj,M,53,9767316429,Indresham,Patancheru,Sangareddy,2026-05-02,FAC027,Routine NCD review,Hypertension,Video,13,Yes,No,Yes,30,22.3,Telugu,Fair,Completed
TC0004130,TEP0003166,Ravi Mudiraj,M,56,9767316429,INDRESHAM,Patancheru,Sangareddy,2026-06-26,FAC027,Skin complaint,Hypertension,Audio,17,Yes,No,Yes,7,22.3,Telugu,Fair,Completed
TC0004131,TEP0003167,Naresh Patel,M,64,+91-94710-75291,Macharam,Jadcherla,Mahabubnagar,2026-03-16,FAC002,Fever,Musculoskeletal,Audio,21,Yes,No,Yes,21,29.4,Telugu,Fair,Completed
TC0004132,TEP0003167,Naresh Patel,M,64,9471075291,Macharam,Jadcherla,Mahabubnagar,2026-04-19,FAC003,Fever,Musculoskeletal,Audio,17,Yes,No,Yes,30,12.8,Telugu,Poor,Completed
TC0004133,TEP0003168,Deepika Devi,F,50,9453571170,Peddadinn,Devarakonda,Nalgonda,2026-05-03,FAC010,Body pain,Other,Assisted video,20,Yes,Yes,Yes,7,7.4,Telugu,Good,Completed
TC0004134,TEP0003169,Mahesh Goud,M,41,9030477639,BADEPALLY,Jadcherla,Mahabubnagar,2026-02-04,FAC002,Fever,Other,Audio,16,Yes,No,Yes,21,19.9,Telugu,Poor,Completed
TC0004135,TEP0003170,Suresh Mudiraj,M,60,9297608997,Patancheru,Patancheru,Sangareddy,2026-08-02,FAC027,Headache,Hypertension,Assisted video,20,Yes,Yes,No,,36.3,Telugu,Fair,Completed
TC0004136,TEP0003171,Anjali Laxman,F,49,+91-98420-22814,Vemula,Midjil,Mahabubnagar,2026-02-04,FAC007,Cough,Fever/Infection,Video,13,Yes,Yes,No,,25.7,Telugu,Good,Completed
TC0004137,TEP0003171,Anjali Laxman,F,47,9842027814,Vemula,Midjil,Mahabubnagar,2026-02-17,FAC009,Abdominal discomfort,Dermatology,Video,15,Yes,No,Yes,7,7.3,Telugu,Poor,Completed
TC0004138,TEP0003172,Srinivas Jangam,M,60,9451854182,Balanaga,Balanagar,Mahabubnagar,2026-03-04,FAC004,Headache,Diabetes,Audio,21,Yes,Yes,No,,10.8,Telugu,Fair,Completed
TC0004139,TEP0003173,Anjali Patel,F,62,9759916555,Kummarikunta,Chandur,Nalgonda,2026-08-12,FAC013,Skin complaint,Dermatology,Video,13,No,Yes,No,,6.5,Telugu,Poor,Completed
TC0004140,TEP0003174,Suresh Laxman,M,47,9373078255,Kalher,Narayankhed,Sangareddy,2026-04-27,FAC020,Headache,Hypertension+Diabetes,Audio,16,Yes,Yes,No,,29.6,Telugu,Fair,Completed
TC0004141,TEP0003174,Suresh Laxman,M,49,,Kalher,Narayankhed,Sangareddy,2026-06-14,FAC021,Dizziness,Diabetes,Audio,8,Yes,Yes,Yes,21,22.9,Telugu,Poor,Completed
TC0004142,TEP0003175,Anjali Narsimha,F,50,9939703026,Polepally,Jadcherla,Mahabubnagar,2026-08-13,FAC003,Body pain,Dermatology,Video,9,Yes,No,No,,21.0,Urdu,Poor,Completed
TC0004143,TEP0003176,Jyothi Khan,F,35,9957322966,Kallepally,Balanagar,Mahabubnagar,2026-08-15,FAC004,Headache,Fever/Infection,Assisted video,17,Yes,Yes,Yes,7,26.4,Telugu,Good,Completed
TC0004144,TEP0003177,Lalitha Chary,F,62,9489331469,Midjil,Midjil,Mahabubnagar,2026-02-25,FAC008,Skin complaint,Hypertension,Audio,8,Yes,Yes,Yes,30,11.3,Telugu,Poor,Completed
TC0004145,TEP0003178,Lakshmi Yadav,F,18,9220906721,Mogudampally,Zaheerabad,Sangareddy,2026-06-12,FAC023,Headache,Hypertension,Video,19,No,No,Yes,21,22.3,Telugu,Fair,Completed
TC0004146,TEP0003179,Raju Jangam,M,59,9416285830,Devarakonda,Devarakonda,Nalgonda,2026-04-20,FAC011,Skin complaint,Fever/Infection,Assisted video,14,No,Yes,No,,29.2,Telugu,Poor,Completed
TC0004147,TEP0003180,Jyothi Krishna,F,61,9437679655,Badepally,Jadcherla,Mahabubnagar,2026-02-27,FAC003,Abdominal discomfort,Diabetes,Assisted video,10,Yes,No,No,,5.1,Telugu,Good,Completed
TC0004148,TEP0003180,Jyothi Krishna,F,61,9437679655,Badepally,Jadcherla,Mahabubnagar,2026-04-18,FAC002,Body pain,Diabetes,Assisted video,18,Yes,No,Yes,14,19.9,Telugu,Fair,Completed
TC0004149,TEP0003181,Mounika Naik,F,77,9182661190,Nermata,Chandur,Nalgonda,2026-03-06,FAC013,Routine NCD review,Respiratory,Audio,19,Yes,No,Yes,30,19.7,Telugu,Poor,Completed
TC0004150,TEP0003181,Mounika Naik,F,75,+91-91826-61190,Nermata,Chandur,Nalgonda,2026-07-01,FAC014,Dizziness,Gastrointestinal,Video,8,Yes,No,Yes,30,19.2,Telugu,Good,Completed
TC0004151,TEP0003182,Vinod Kumar,M,55,9368943860,Peddadinne,Devarakonda,Nalgonda,2026-07-20,FAC012,Fever,Musculoskeletal,Audio,20,No,No,Yes,7,6.6,Telugu,Poor,Completed
TC0004152,TEP0003182,winod Kumar,M,54,9368943860,Peddadinne,Devarakonda,Nalgonda,2026-08-14,FAC010,Dizziness,Musculoskeletal,Assisted video,11,Yes,Yes,Yes,14,7.4,Telugu,Fair,Completed
TC0004153,TEP0003183,Sareetha Krishna,F,55,9229487353,Bodajanampet,Balanagar,Mahabubnagar,2026-04-30,FAC005,Routine NCD review,Gastrointestinal,Assisted video,8,Yes,No,Yes,14,26.6,Telugu,Poor,Completed
TC0004154,TEP0003184,nil Krishna,M,36,9106285709,Patancheru,Patancheru,Sangareddy,2026-02-15,FAC026,Body pain,Gastrointestinal,Video,10,No,Yes,Yes,30,23.1,Telugu,Poor,Completed
TC0004155,TEP0003185,Srilatha Krishna,F,50,9222232354,Kummarikunta,Chandur,Nalgonda,2026-02-04,FAC014,Routine NCD review,Respiratory,Video,16,Yes,No,No,,7.3,Telugu,Fair,Completed
TC0004156,TEP0003185,Srilatha Krishna,F,52,9222232354,Kummarikunta,Chandur,Nalgonda,2026-07-18,FAC013,Abdominal discomfort,Gastrointestinal,Audio,8,Yes,Yes,Yes,30,6.5,Telugu,Good,Completed
TC0004157,TEP0003186,Srinivas Reddy,M,69,9377631998,Bhanur,Patancheru,Sangareddy,2026-02-10,FAC026,Cough,Hypertension,Video,19,Yes,Yes,Yes,30,12.8,Urdu,Poor,Completed
TC0004158,TEP0003187,Bhavanee Rao,F,63,9086830607,Ameenpur,Patancheru,Sangareddy,2026-05-08,FAC027,Fever,Respiratory,Video,10,No,No,Yes,21,27.9,Urdu,Fair,Completed
TC0004159,TEP0003188,Mohn Devi,M,61,+91-97336-81652,Velpula,Midjil,Mahabubnagar,2026-01-21,FAC008,Headache,Other,Assisted video,21,No,No,Yes,7,12.6,Telugu,Fair,Completed
TC0004160,TEP0003189,Kiran Narsimha,M,23,+91-90792-65036,Polepally,Jadcherla,Mahabubnagar,2026-04-27,FAC003,Abdominal discomfort,Diabetes,Video,11,Yes,No,No,,21.0,English,Poor,Completed
TC0004161,TEP0003189,Kiran Narsimha,M,25,9079265036,Polepally,Jadcherla,Mahabubnagar,2026-06-06,FAC001,Body pain,Hypertension+Diabetes,Video,24,Yes,Yes,No,,25.4,English,Fair,Completed
TC0004162,TEP0003190,Mounika Begum,F,57,+91-95686-71156,Nomula,Nakrekal,Nalgonda,2026-02-03,FAC017,Abdominal discomfort,Diabetes,Audio,14,No,Yes,Yes,14,29.9,Telugu,Fair,Completed
TC0004163,TEP0003191,Shankar Khan,M,72,,Nakrekal,Nakrekal,Nalgonda,2026-05-12,FAC018,Routine NCD review,Diabetes,Assisted video,24,Yes,Yes,No,,16.2,Telugu,Fair,Completed
TC0004164,TEP0003192,Kiran Laxman,M,42,,VELPULA,Midjil,Mahabubnagar,2026-01-05,FAC008,Cough,Hypertension+Diabetes,Video,19,Yes,No,No,,12.6,Telugu,Good,Completed
TC0004165,TEP0003192,Kiran Laxman,M,42,9849681478,Velpula,Midjil,Mahabubnagar,2026-06-10,FAC007,Routine NCD review,Diabetes,Audio,24,Yes,Yes,Yes,21,17.9,Telugu,Poor,Completed
TC0004166,TEP0003193,Rani sekar,F,47,9909632628,Narayankhed,Narayankhed,Sangareddy,2026-01-15,FAC020,Body pain,Musculoskeletal,Assisted video,15,Yes,No,Yes,7,23.7,Telugu,Fair,Completed
TC0004167,TEP0003193,Rani Shekar,F,45,9909632628,Narayankhed,Narayankhed,Sangareddy,2026-05-29,FAC021,Skin complaint,Fever/Infection,Video,15,Yes,No,No,,7.0,Telugu,Good,Completed
TC0004168,TEP0003193,Rni Shekar,F,45,9909632628,Narayankhed,Narayankhed,Sangareddy,2026-07-10,FAC019,Abdominal discomfort,Respiratory,Assisted video,23,Yes,Yes,Yes,7,28.2,Telugu,Good,Completed
TC0004169,TEP0003194,Shobha Naik,F,42,9954797977,Vemula,Midjil,Mahabubnagar,2026-07-29,FAC009,Abdominal discomfort,Other,Assisted video,8,Yes,Yes,No,,7.3,Telugu,Good,Completed
TC0004170,TEP0003195,Renuka Das,F,37,9198708813,Donur,Midjil,Mahabubnagar,2026-07-23,FAC009,Cough,Diabetes,Audio,7,No,Yes,No,,14.1,Telugu,Fair,Completed
TC0004171,TEP0003196,Anjali Basha,F,45,9402144775,Ameenpur,Patancheru,Sangareddy,2026-08-08,FAC025,Routine NCD review,Diabetes,Assisted video,9,No,No,Yes,7,13.0,Telugu,Fair,Completed
TC0004172,TEP0003197,Srinivas Begum,M,52,9070860472,Velpula,Midjil,Mahabubnagar,2026-06-27,FAC008,Body pain,Diabetes,Assisted video,13,Yes,Yes,Yes,30,12.6,Telugu,Good,Completed
TC0004173,TEP0003198,Harika Mudiraj,F,51,9270143647,Nomula,Nakrekal,Nalgonda,2026-02-27,FAC016,Dizziness,Hypertension,Audio,23,Yes,Yes,Yes,30,36.1,English,Poor,Completed
TC0004174,TEP0003198,Harika Mudiraj,F,53,,Nomula,Nakrekal,Nalgonda,2026-07-09,FAC018,Body pain,Other,Assisted video,16,No,Yes,Yes,7,2.2,English,Poor,Completed
TC0004175,TEP0003199,Sai Narsimha,M,35,9780542365,Patancheru,Patancheru,Sangareddy,2026-05-17,FAC026,Abdominal discomfort,Fever/Infection,Assisted video,13,Yes,Yes,Yes,7,23.1,Telugu,Fair,Completed
TC0004176,TEP0003199,Sai Narsimha,M,35,9780142365,Patancher,Patancheru,Sangareddy,2026-06-27,FAC025,Headache,Fever/Infection,Audio,24,Yes,Yes,Yes,14,25.4,Telugu,Fair,Completed
TC0004177,TEP0003200,Lalitha Goud,F,27,9839435722,Narayankhed,Narayankhed,Sangareddy,2026-01-04,FAC021,Skin complaint,Diabetes,Video,14,Yes,No,Yes,21,7.0,Urdu,Good,Completed
TC0004178,TEP0003200,Lalita Goud,F,25,9839435722,Narayankhed,Narayankhed,Sangareddy,2026-04-26,FAC021,Routine NCD review,Dermatology,Assisted video,21,No,No,No,,7.0,Urdu,Fair,Completed
TC0004179,TEP0003201,Anjali sekar,F,43,9907747139,Mogudampalli,Zaheerabad,Sangareddy,2026-04-03,FAC024,Abdominal discomfort,Other,Video,24,Yes,No,No,,16.8,Telugu,Poor,Completed
TC0004180,TEP0003202,Diwya Patel,F,39,9225080088,Bangarigadda,Chandur,Nalgonda,2026-03-05,FAC015,Body pain,Hypertension,Assisted video,24,Yes,Yes,No,,18.0,Telugu,Fair,Completed
TC0004181,TEP0003203,Mahesh Khan,M,42,9379672719,Nomul,Nakrekal,Nalgonda,2026-06-15,FAC016,Fever,Respiratory,Video,17,Yes,No,Yes,7,36.1,Urdu,Good,Completed
TC0004182,TEP0003203,Mahesh Khan,M,42,+91-93796-72719,Nomula,Nakrekal,Nalgonda,2026-07-27,FAC016,Abdominal discomfort,Musculoskeletal,Audio,19,Yes,No,Yes,21,36.1,Urdu,Poor,Completed
TC0004183,TEP0003204,Naresh Kumar,M,29,9195809907,Chandur,Chandur,Nalgonda,2026-01-05,FAC015,Cough,Musculoskeletal,Audio,20,Yes,No,Yes,7,29.7,Telugu,Good,Completed
TC0004184,TEP0003204,Naresh Kumar,M,29,9195809907,Chandur,Chandur,Nalgonda,2026-02-09,FAC015,Routine NCD review,Fever/Infection,Audio,9,Yes,No,No,,29.7,Telugu,Poor,Completed
TC0004185,TEP0003205,Mahesh Devi,M,48,9870167210,Nermata,Chandur,Nalgonda,2026-03-14,FAC013,Body pain,Hypertension+Diabetes,Video,16,Yes,No,Yes,14,19.7,Telugu,Good,Completed
TC0004186,TEP0003205,Mahesh Devee,M,50,9870167210,Nermata,Chandur,Nalgonda,2026-05-23,FAC013,Body pain,Hypertension+Diabetes,Assisted video,13,Yes,Yes,No,,19.7,Telugu,Poor,Completed
TC0004187,TEP0003206,Kavitha Goud,F,45,9918830086,Kangti,Narayankhed,Sangareddy,2026-03-18,FAC019,Headache,Other,Audio,9,Yes,No,Yes,21,20.3,Telugu,Fair,Completed
TC0004188,TEP0003207,Anil Laxman,M,41,9831553747,Patancheru,Patancheru,Sangareddy,2026-05-04,FAC025,Fever,Other,Assisted video,19,Yes,No,Yes,7,25.4,Telugu,Good,Completed
TC0004189,TEP0003208,Swathi Naik,F,39,,Polepally,Jadcherla,Mahabubnagar,2026-05-22,FAC003,Skin complaint,Hypertension,Audio,24,Yes,Yes,No,,21.0,Telugu,Good,Completed
TC0004190,TEP0003209,Deepika Begum,F,39,9314492958,Gundlapally,Devarakonda,Nalgonda,2026-01-02,FAC011,Cough,Gastrointestinal,Assisted video,8,Yes,No,Yes,21,29.4,Telugu,Good,Completed
TC0004191,TEP0003210,Kavitha Laxman,F,59,9596793625,Gundlapalli,Devarakonda,Nalgonda,2026-07-25,FAC012,Headache,Other,Audio,14,Yes,No,Yes,14,25.4,Telugu,Good,Completed
TC0004192,TEP0003211,Harika Kumar,F,61,9838819580,Mangalapally,Nakrekal,Nalgonda,2026-06-18,FAC017,Dizziness,Hypertension+Diabetes,Audio,11,Yes,No,Yes,7,21.1,Telugu,Good,Completed
TC0004193,TEP0003212,Kavitha Kumar,F,19,9512477092,Mogudampally,Zaheerabad,Sangareddy,2026-06-17,FAC024,Routine NCD review,Fever/Infection,Audio,14,Yes,Yes,Yes,7,16.8,Telugu,Good,Completed
TC0004194,TEP0003212,Kavitha Kumar,F,18,9512477092,Mogudampally,Zaheerabad,Sangareddy,2026-07-28,FAC023,Fever,Musculoskeletal,Video,9,No,No,Yes,21,22.3,Telugu,Poor,Completed
TC0004195,TEP0003213,Sai Mudiraj,M,55,,Kohir,Zaheerabad,Sangareddy,2026-05-14,FAC022,Fever,Respiratory,Audio,18,Yes,Yes,Yes,7,3.6,Telugu,Fair,Completed
TC0004196,TEP0003214,Lakshmi Begum,F,57,9001572846,Kohir,Zaheerabad,Sangareddy,2026-05-24,FAC024,Skin complaint,Musculoskeletal,Video,9,Yes,No,Yes,14,6.4,Telugu,Fair,Completed
TC0004197,TEP0003214,Lakshmi Begum,F,58,9001572246,Kohir,Zaheerabad,Sangareddy,2026-06-28,FAC024,Abdominal discomfort,Dermatology,Audio,7,No,No,Yes,30,6.4,Telugu,Fair,Completed
TC0004198,TEP0003215,Deepika Patel,F,63,9115876614,Ameenpur,Patancheru,Sangareddy,2026-05-07,FAC026,Cough,Gastrointestinal,Video,7,Yes,No,No,,9.7,English,Poor,Completed
TC0004199,TEP0003216,Sai Reddy,M,66,9350651486,Velpula,Midjil,Mahabubnagar,2026-07-19,FAC007,Cough,Fever/Infection,Assisted video,14,No,No,Yes,7,17.9,Telugu,Poor,Completed
TC0004200,TEP0003217,Shobha Krishna,F,52,9228173877,Velpul,Midjil,Mahabubnagar,2026-07-24,FAC008,Fever,Hypertension,Video,17,Yes,No,No,,12.6,Telugu,Fair,Completed
TC0004201,TEP0003218,Rajesh Reddy,M,33,9390548588,Kohir,Zaheerabad,Sangareddy,2026-04-28,FAC024,Routine NCD review,Respiratory,Video,8,No,No,No,,6.4,English,Fair,Completed
TC0004202,TEP0003219,Arun Reddy,M,36,9683665001,Rajapur,Balanagar,Mahabubnagar,2026-01-04,FAC006,Skin complaint,Diabetes,Video,20,Yes,Yes,Yes,21,8.7,Telugu,Poor,Completed
TC0004203,TEP0003220,Rani Patel,F,50,9928741410,Kangti,Narayankhed,Sangareddy,2026-04-24,FAC021,Cough,Dermatology,Video,12,Yes,No,No,,27.8,Telugu,Fair,Completed
TC0004204,TEP0003221,Rajesh Patel,M,51,9200023209,Polepally,Jadcherla,Mahabubnagar,2026-01-25,FAC001,Routine NCD review,Hypertension+Diabetes,Video,10,Yes,No,Yes,21,25.4,Telugu,Poor,Completed
TC0004205,TEP0003221,Rajesh Patel,M,52,9200023209,Polepally,Jadcherla,Mahabubnagar,2026-05-05,FAC001,Dizziness,Hypertension+Diabetes,Assisted video,10,Yes,Yes,No,,25.4,Telugu,Good,Completed
TC0004206,TEP0003222,Renuka Krishna,F,48,9605447729,Midjil,Midjil,Mahabubnagar,2026-03-31,FAC008,Skin complaint,Diabetes,Video,13,No,Yes,No,,11.3,Telugu,Fair,Completed
TC0004207,TEP0003223,Padma Das,F,55,9046387130,Jharasangam,Zaheerabad,Sangareddy,2026-08-14,FAC022,Skin complaint,Respiratory,Video,17,No,No,Yes,21,5.6,Telugu,Good,Completed
TC0004208,TEP0003224,Anjali Laxman,F,33,+91-96667-79986,Ameenpur,Patancheru,Sangareddy,2026-06-12,FAC025,Headache,Hypertension,Assisted video,9,Yes,No,No,,13.0,Urdu,Poor,Completed
TC0004209,TEP0003225,Kiran Khan,M,46,9356842489,Peddadinne,Devarakonda,Nalgonda,2026-01-18,FAC012,Routine NCD review,Other,Assisted video,9,Yes,No,No,,6.6,Telugu,Fair,Completed
TC0004210,TEP0003226,Kiran Basha,M,64,9195431187,Kondamallepally,Devarakonda,Nalgonda,2026-02-10,FAC012,Abdominal discomfort,Hypertension,Audio,24,Yes,Yes,No,,19.6,Telugu,Fair,Completed
TC0004211,TEP0003227,Rajes Basha,M,65,9543895478,Donur,Midjil,Mahabubnagar,2026-05-04,FAC009,Dizziness,Hypertension,Assisted video,11,Yes,No,No,,14.1,Urdu,Fair,Completed
TC0004212,TEP0003228,Saritha Patel,F,66,+91-96779-70570,Narayankhed,Narayankhed,Sangareddy,2026-04-24,FAC019,Cough,Other,Audio,18,Yes,No,No,,28.2,Telugu,Fair,Completed
TC0004213,TEP0003229,Nares Das,M,34,9263636709,GANGAPUR,Jadcherla,Mahabubnagar,2026-07-16,FAC002,Cough,Other,Audio,7,No,No,Yes,21,38.9,Telugu,Good,Completed
TC0004214,TEP0003229,Naresh Das,M,35,9263636709,Gangapur,Jadcherla,Mahabubnagar,2026-08-09,FAC002,Fever,Hypertension,Audio,13,Yes,No,Yes,30,38.9,Telugu,Poor,Completed
TC0004215,TEP0003230,Venkatesh Das,M,44,9751305370,Mangalapally,Nakrekal,Nalgonda,2026-03-27,FAC017,Body pain,Hypertension,Assisted video,9,No,No,Yes,14,21.1,Telugu,Fair,Completed
TC0004216,TEP0003230,Venkatesh Das,M,44,9751305370,Mangalapally,Nakrekal,Nalgonda,2026-07-13,FAC016,Headache,Hypertension+Diabetes,Assisted video,8,Yes,Yes,No,,4.1,Telugu,Poor,Completed
TC0004217,TEP0003231,Mounika Devi,F,32,9148432990,Nermata,Chandur,Nalgonda,2026-04-11,FAC013,Skin complaint,Hypertension,Audio,12,Yes,Yes,Yes,21,19.7,Telugu,Fair,Completed
TC0004218,TEP0003232,Aneel Shekar,M,52,9911884048,Bodajanampet,Balanagar,Mahabubnagar,2026-02-07,FAC005,Headache,Hypertension,Video,18,No,No,No,,26.6,Telugu,Good,Completed
TC0004219,TEP0003232,Anil Shekar,M,52,9911884048,Bodajanampet,Balanagar,Mahabubnagar,2026-02-11,FAC005,Headache,Hypertension,Audio,23,Yes,Yes,Yes,30,26.6,Telugu,Poor,Completed
TC0004220,TEP0003233,Srinivas Rao,M,34,9669989580,Peddadinne,Devarakonda,Nalgonda,2026-04-26,FAC011,Routine NCD review,Other,Assisted video,16,Yes,No,Yes,21,13.9,Telugu,Fair,Completed
TC0004221,TEP0003234,Santosh Goud,M,46,,Nakrekal,Nakrekal,Nalgonda,2026-05-15,FAC017,Dizziness,Hypertension,Audio,13,No,Yes,No,,36.5,Telugu,Fair,Completed
TC0004222,TEP0003234,Santosh Goud,M,48,9794202966,Nakrekal,Nakrekal,Nalgonda,2026-06-09,FAC017,Cough,Fever/Infection,Video,10,No,Yes,No,,36.5,Telugu,Fair,Completed
TC0004223,TEP0003235,Swathi Reddy,F,62,9093792131,Donur,Midjil,Mahabubnagar,2026-05-02,FAC008,Headache,Hypertension,Video,24,Yes,Yes,Yes,21,9.4,Telugu,Good,Completed
TC0004224,TEP0003236,Mahesh Jangam,M,34,9111777501,Kummarikunta,Chandur,Nalgonda,2026-06-10,FAC014,Headache,Hypertension+Diabetes,Audio,9,Yes,No,Yes,7,7.3,Telugu,Fair,Completed
TC0004225,TEP0003237,Mounika Narsimha,F,36,9091484914,Kalher,Narayankhed,Sangareddy,2026-05-24,FAC020,Abdominal discomfort,Hypertension+Diabetes,Video,24,Yes,Yes,Yes,30,29.6,Urdu,Good,Completed
TC0004226,TEP0003238,Naveen Chary,M,59,9140464239,Manoor,Narayankhed,Sangareddy,2026-07-21,FAC021,Routine NCD review,Musculoskeletal,Assisted video,11,Yes,No,Yes,14,15.5,Telugu,Fair,Completed
TC0004227,TEP0003238,Naveen Chary,M,57,9140464239,Manoor,Narayankhed,Sangareddy,2026-08-07,FAC019,Fever,Dermatology,Audio,17,No,Yes,Yes,14,33.3,Telugu,Good,Completed
TC0004228,TEP0003239,Mohan Naik,M,50,9877450539,Ameenpur,Patancheru,Sangareddy,2026-07-21,FAC026,Fever,Other,Video,12,Yes,No,No,,9.7,Telugu,Good,Completed
TC0004229,TEP0003240,Ravi Naik,M,63,9284180873,Manoor,Narayankhed,Sangareddy,2026-02-08,FAC020,Fever,Hypertension,Video,10,Yes,Yes,Yes,14,21.7,Telugu,Good,Completed
TC0004230,TEP0003241,Lakshmi Yadav,F,32,,Nermata,Chandur,Nalgonda,2026-07-12,FAC014,Abdominal discomfort,Diabetes,Assisted video,19,No,Yes,Yes,14,19.2,Telugu,Good,Completed
TC0004231,TEP0003242,Arun Devi,M,67,9197081212,Marrur,Nakrekal,Nalgonda,2026-04-19,FAC018,Fever,Other,Audio,16,No,Yes,Yes,21,6.7,Urdu,Fair,Completed
TC0004232,TEP0003242,Arun Devi,M,64,9197081212,Marrur,Nakrekal,Nalgonda,2026-06-02,FAC017,Headache,Fever/Infection,Video,19,Yes,Yes,No,,25.8,Urdu,Good,Completed
TC0004233,TEP0003243,Nirmala sekar,F,44,,Badepally,Jadcherla,Mahabubnagar,2026-01-25,FAC001,Abdominal discomfort,Fever/Infection,Assisted video,7,No,No,Yes,14,11.4,Telugu,Good,Completed
TC0004234,TEP0003244,Mohan Khan,M,40,9758082355,Machara,Jadcherla,Mahabubnagar,2026-05-22,FAC003,Dizziness,Musculoskeletal,Audio,8,Yes,No,No,,12.8,Telugu,Fair,Completed
TC0004235,TEP0003244,Mohan Khan,M,41,9758082355,Macharam,Jadcherla,Mahabubnagar,2026-07-02,FAC002,Routine NCD review,Respiratory,Assisted video,15,Yes,Yes,No,,29.4,Telugu,Fair,Completed
TC0004236,TEP0003245,Lalitha Devi,F,50,9102130977,Kalher,Narayankhed,Sangareddy,2026-01-18,FAC020,Body pain,Other,Video,22,Yes,Yes,Yes,7,29.6,Telugu,Good,Completed
TC0004237,TEP0003246,Raju Narsimha,M,36,9731646888,Ameenpur,Patancheru,Sangareddy,2026-02-10,FAC025,Skin complaint,Hypertension,Video,16,Yes,Yes,No,,13.0,Telugu,Good,Completed
TC0004238,TEP0003247,Lalitha Naik,F,77,9416767860,Bodajanampet,Balanagar,Mahabubnagar,2026-02-10,FAC005,Body pain,Fever/Infection,Audio,11,Yes,No,No,,26.6,Telugu,Fair,Completed
TC0004239,TEP0003248,Saritha Khan,F,75,9946974923,Bodajanampet,Balanagar,Mahabubnagar,2026-08-12,FAC005,Cough,Fever/Infection,Video,21,Yes,No,Yes,30,26.6,Telugu,Good,Completed
TC0004240,TEP0003249,Nirmala Jangam,F,68,9849266776,Gangapur,Jadcherla,Mahabubnagar,2026-06-08,FAC002,Body pain,Respiratory,Audio,8,No,No,Yes,14,38.9,Telugu,Good,Completed
TC0004241,TEP0003249,Nirmala Jangam,F,66,9849266776,Gangapur,Jadcherla,Mahabubnagar,2026-07-31,FAC003,Abdominal discomfort,Dermatology,Audio,12,No,No,No,,26.4,Telugu,Good,Completed
TC0004242,TEP0003250,Raju Devi,M,60,+91-98156-27436,Kondamallepally,Devarakonda,Nalgonda,2026-08-15,FAC012,Cough,Diabetes,Video,23,Yes,Yes,Yes,14,19.6,Telugu,Poor,Completed
TC0004243,TEP0003251,Srinivas Kumar,M,39,+91-94028-88986,Zaheerabad,Zaheerabad,Sangareddy,2026-02-25,FAC024,Fever,Fever/Infection,Video,21,No,No,Yes,7,28.3,English,Good,Completed
TC0004244,TEP0003252,Bhavani Basha,F,51,9977577371,KANGTI,Narayankhed,Sangareddy,2026-04-21,FAC021,Dizziness,Hypertension+Diabetes,Assisted video,15,Yes,Yes,Yes,21,27.8,Telugu,Poor,Completed
TC0004245,TEP0003253,Praveen Kumar,M,44,9175209381,Gangapur,Jadcherla,Mahabubnagar,2026-05-29,FAC001,Skin complaint,Musculoskeletal,Assisted video,14,Yes,No,Yes,21,20.2,Telugu,Poor,Completed
TC0004246,TEP0003254,Naresh Goud,M,26,+91-94480-38209,Nomula,Nakrekal,Nalgonda,2026-01-24,FAC017,Fever,Hypertension,Video,20,Yes,Yes,Yes,7,29.9,Telugu,Poor,Completed
TC0004247,TEP0003255,Lakshmi Begum,F,39,9765643440,Jharasangam,Zaheerabad,Sangareddy,2026-07-06,FAC022,Dizziness,Gastrointestinal,Assisted video,23,No,Yes,Yes,14,5.6,Urdu,Good,Completed
TC0004248,TEP0003255,Lakshmi Begum,F,40,9765643440,Jharasangam,Zaheerabad,Sangareddy,2026-07-30,FAC024,Routine NCD review,Dermatology,Assisted video,15,Yes,No,Yes,7,2.6,Urdu,Poor,Completed
TC0004249,TEP0003256,Divy Laxman,F,58,9547622932,Macharam,Jadcherla,Mahabubnagar,2026-01-11,FAC003,Headache,Other,Video,15,Yes,No,No,,12.8,Telugu,Fair,Completed
TC0004250,TEP0003256,Divya Laxman,F,58,,Macharam,Jadcherla,Mahabubnagar,2026-02-15,FAC001,Skin complaint,Gastrointestinal,Video,20,Yes,No,Yes,30,17.2,Telugu,Poor,Completed
TC0004251,TEP0003257,Padma Shekar,F,30,9863353558,Bodajanampet,Balanagar,Mahabubnagar,2026-02-10,FAC006,Skin complaint,Hypertension,Audio,18,Yes,Yes,Yes,21,33.3,Telugu,Good,Completed
TC0004252,TEP0003258,Rani Kumar,F,51,9355618410,Kangti,Narayankhed,Sangareddy,2026-06-12,FAC019,Skin complaint,Musculoskeletal,Audio,17,Yes,Yes,Yes,14,20.3,Telugu,Fair,Completed
TC0004253,TEP0003259,Arun Khan,M,46,9964243804,Kummarikunta,Chandur,Nalgonda,2026-04-21,FAC015,Dizziness,Fever/Infection,Video,23,Yes,No,No,,26.6,Telugu,Fair,Completed
TC0004254,TEP0003259,Arun Khan,M,46,9964243804,Kummarikunta,Chandur,Nalgonda,2026-06-19,FAC013,Abdominal discomfort,Hypertension,Audio,16,Yes,Yes,Yes,21,6.5,Telugu,Good,Completed
TC0004255,TEP0003260,Venkatesh Khan,M,64,9714593691,Chandur,Chandur,Nalgonda,2026-04-04,FAC014,Skin complaint,Respiratory,Assisted video,16,No,Yes,Yes,14,20.6,Telugu,Poor,Completed
TC0004256,TEP0003260,Venkatesh Khan,M,63,9714593691,Chandur,Chandur,Nalgonda,2026-05-11,FAC013,Body pain,Musculoskeletal,Video,14,Yes,No,Yes,14,21.3,Telugu,Fair,Completed
TC0004257,TEP0003261,Sushma Rao,F,45,9261772045,Mogudampall,Zaheerabad,Sangareddy,2026-02-24,FAC024,Fever,Diabetes,Video,18,Yes,Yes,Yes,21,16.8,Telugu,Poor,Completed
TC0004258,TEP0003262,Naveen,M,54,9723817728,Marrur,Nakrekal,Nalgonda,2026-06-08,FAC018,Headache,Musculoskeletal,Audio,10,Yes,Yes,Yes,14,6.7,Telugu,Fair,Completed
TC0004259,TEP0003263,Kavitha Krishna,F,46,9354460084,Kohir,Zaheerabad,Sangareddy,2026-06-07,FAC022,Cough,Hypertension,Audio,11,Yes,No,Yes,7,3.6,Telugu,Good,Completed
TC0004260,TEP0003264,Jyothi Yadav,F,22,9611129613,Donur,Midjil,Mahabubnagar,2026-08-07,FAC008,Skin complaint,Hypertension+Diabetes,Audio,11,No,Yes,No,,9.4,Telugu,Fair,Completed
TC0004261,TEP0003265,Shobha Laxman,F,55,9891912418,Bhanur,Patancheru,Sangareddy,2026-07-02,FAC027,Skin complaint,Hypertension+Diabetes,Video,13,Yes,No,Yes,21,18.4,Telugu,Good,Completed
TC0004262,TEP0003266,Praveen Krisna,M,53,9641752992,Midjil,Midjil,Mahabubnagar,2026-06-04,FAC009,Body pain,Other,Audio,20,Yes,No,Yes,30,19.5,Telugu,Fair,Completed
TC0004263,TEP0003266,Prveen Krishna,M,50,,Midjil,Midjil,Mahabubnagar,2026-07-04,FAC009,Abdominal discomfort,Hypertension+Diabetes,Audio,14,Yes,No,No,,19.5,Telugu,Poor,Completed
TC0004264,TEP0003267,Anil Laxman,M,42,9721692895,DONUR,Midjil,Mahabubnagar,2026-05-28,FAC008,Abdominal discomfort,Hypertension,Audio,11,Yes,No,Yes,14,9.4,Urdu,Good,Completed
TC0004265,TEP0003268,Shankar Begum,M,55,9618130398,PEDDADINNE,Devarakonda,Nalgonda,2026-05-17,FAC011,Fever,Respiratory,Audio,21,No,Yes,No,,13.9,Telugu,Fair,Completed
TC0004266,TEP0003269,Mohan Das,M,28,9666062166,NERMATA,Chandur,Nalgonda,2026-01-31,FAC014,Fever,Musculoskeletal,Video,14,Yes,No,Yes,7,19.2,Telugu,Good,Completed
TC0004267,TEP0003270,Rani Goud,F,54,9703462347,Vemula,Midjil,Mahabubnagar,2026-02-08,FAC007,Routine NCD review,Hypertension+Diabetes,Audio,11,Yes,Yes,Yes,30,25.7,Telugu,Good,Completed
TC0004268,TEP0003270,Rani Goud,F,54,,Vemula,Midjil,Mahabubnagar,2026-03-14,FAC007,Cough,Hypertension,Audio,21,Yes,No,Yes,21,25.7,Telugu,Fair,Completed
TC0004269,TEP0003271,Swathi Laxman,F,43,9085994861,Bhanur,Patancheru,Sangareddy,2026-08-04,FAC027,Cough,Other,Video,22,Yes,No,Yes,7,18.4,Telugu,Poor,Completed
TC0004270,TEP0003272,Saritha sekar,F,63,9262364561,NERMATA,Chandur,Nalgonda,2026-06-19,FAC014,Headache,Musculoskeletal,Assisted video,13,Yes,Yes,Yes,7,19.2,Telugu,Good,Completed
TC0004271,TEP0003273,Ranee Basha,F,70,9274044220,Devarakonda,Devarakonda,Nalgonda,2026-02-17,FAC011,Dizziness,Musculoskeletal,Assisted video,7,No,No,No,,29.2,English,Fair,Completed
TC0004272,TEP0003273,Rani Basha,F,70,9274044220,Devarakonda,Devarakonda,Nalgonda,2026-07-06,FAC010,Fever,Musculoskeletal,Video,15,No,No,Yes,7,22.8,English,Poor,Completed
TC0004273,TEP0003274,Kavitha sekar,F,51,9060478779,Nakrekal,Nakrekal,Nalgonda,2026-03-19,FAC016,Fever,Musculoskeletal,Video,16,Yes,Yes,No,,35.5,Telugu,Fair,Completed
TC0004274,TEP0003275,Vinod Yadav,M,18,9418106374,Badepally,Jadcherla,Mahabubnagar,2026-02-01,FAC002,Abdominal discomfort,Musculoskeletal,Audio,15,Yes,No,Yes,14,19.9,Telugu,Fair,Completed
TC0004275,TEP0003276,Santosh Mallaiah,M,51,9139426136,Manoor,Narayankhed,Sangareddy,2026-01-22,FAC021,Skin complaint,Diabetes,Assisted video,13,Yes,Yes,No,,15.5,Telugu,Poor,Completed
TC0004276,TEP0003276,Santosh Mallaiah,M,52,9139426136,Manoor,Narayankhed,Sangareddy,2026-01-29,FAC019,Fever,Diabetes,Video,13,No,No,Yes,14,33.3,Telugu,Good,Completed
TC0004277,TEP0003277,Ravi Mallaiah,M,55,9882898840,Bangarigadda,Chandur,Nalgonda,2026-08-09,FAC015,Skin complaint,Diabetes,Video,13,Yes,Yes,Yes,7,18.0,Telugu,Good,Completed
TC0004278,TEP0003278,Nresh Patel,M,72,9882257811,MIDJIL,Midjil,Mahabubnagar,2026-06-01,FAC007,Skin complaint,Dermatology,Audio,13,Yes,No,No,,7.6,Telugu,Fair,Completed
TC0004279,TEP0003279,Saritha Naik,F,57,9904472241,Nakrekal,Nakrekal,Nalgonda,2026-02-08,FAC016,Fever,Other,Audio,13,Yes,Yes,Yes,30,35.5,Telugu,Good,Completed
TC0004280,TEP0003280,Anitha Kumar,F,19,9800686239,Bodajanampet,Balanagar,Mahabubnagar,2026-05-31,FAC005,Headache,Diabetes,Video,8,Yes,No,No,,26.6,Telugu,Good,Completed
TC0004281,TEP0003280,Aneetha Kumar,F,18,+91-98006-86239,Bodajanampet,Balanagar,Mahabubnagar,2026-07-10,FAC005,Routine NCD review,Diabetes,Assisted video,22,Yes,Yes,Yes,14,26.6,Telugu,Poor,Completed
TC0004282,TEP0003281,Raju Naeek,M,43,9119143527,Bhanur,Patancheru,Sangareddy,2026-07-25,FAC026,Body pain,Diabetes,Video,8,Yes,Yes,Yes,14,12.8,Telugu,Good,Completed
TC0004283,TEP0003282,Jyothi Rao,F,30,9742454425,Donur,Midjil,Mahabubnagar,2026-01-04,FAC007,Routine NCD review,Dermatology,Video,21,No,Yes,Yes,21,23.7,Telugu,Fair,Completed
TC0004284,TEP0003283,Mounik Reddy,F,38,9200855373,Badepally,Jadcherla,Mahabubnagar,2026-03-29,FAC002,Skin complaint,Respiratory,Assisted video,9,No,No,Yes,14,19.9,Telugu,Fair,Completed
TC0004285,TEP0003283,Mouneeka Reddy,F,36,9200855373,BADEPALLY,Jadcherla,Mahabubnagar,2026-05-09,FAC001,Skin complaint,Dermatology,Audio,22,Yes,No,No,,11.4,Telugu,Fair,Completed
TC0004286,TEP0003284,Rani Reddy,F,33,9380076893,Jharasangam,Zaheerabad,Sangareddy,2026-05-14,FAC024,Fever,Other,Audio,20,Yes,No,Yes,21,2.6,Telugu,Good,Completed
TC0004287,TEP0003284,Rani Reddy,F,33,9380076893,Jharasangam,Zaheerabad,Sangareddy,2026-06-15,FAC022,Dizziness,Fever/Infection,Assisted video,19,No,Yes,Yes,14,5.6,Telugu,Fair,Completed
TC0004288,TEP0003284,Rani Reddy,F,33,+91-93800-76893,Jharasangam,Zaheerabad,Sangareddy,2026-08-15,FAC022,Body pain,Fever/Infection,Audio,16,No,No,Yes,30,5.6,Telugu,Poor,Completed
TC0004289,TEP0003285,Naveen Das,M,64,9881130236,Kummarikunta,Chandur,Nalgonda,2026-04-30,FAC014,Dizziness,Diabetes,Video,12,Yes,No,No,,7.3,Telugu,Poor,Completed
TC0004290,TEP0003285,Nveen Das,M,63,9881130236,Kummarikunta,Chandur,Nalgonda,2026-06-17,FAC013,Headache,Dermatology,Assisted video,14,Yes,Yes,Yes,30,6.5,Telugu,Poor,Completed
TC0004291,TEP0003286,Shankar Goud,M,73,+91-98061-41528,Ameenpur,Patancheru,Sangareddy,2026-06-16,FAC026,Dizziness,Other,Audio,9,Yes,No,Yes,14,9.7,Telugu,Poor,Completed
TC0004292,TEP0003287,Srilatha Khan,F,30,9792990619,Peddadinne,Devarakonda,Nalgonda,2026-05-28,FAC010,Abdominal discomfort,Respiratory,Video,21,Yes,No,Yes,30,7.4,Telugu,Fair,Completed
TC0004293,TEP0003287,Sriltha Khan,F,34,9792990619,Peddadinn,Devarakonda,Nalgonda,2026-07-25,FAC010,Fever,Musculoskeletal,Assisted video,15,Yes,Yes,Yes,30,7.4,Telugu,Poor,Completed
TC0004294,TEP0003288,Praveen Kumar,M,42,9809786276,Rajapur,Balanagar,Mahabubnagar,2026-08-10,FAC006,Fever,Hypertension+Diabetes,Audio,16,Yes,No,Yes,14,8.7,Telugu,Fair,Completed
TC0004295,TEP0003289,Mohan Jangam,M,57,9841492414,Balanagar,Balanagar,Mahabubnagar,2026-05-13,FAC005,Cough,Hypertension,Assisted video,19,Yes,Yes,Yes,21,10.4,Telugu,Good,Completed
TC0004296,TEP0003289,Mohan Jangam,M,56,,BALANAGAR,Balanagar,Mahabubnagar,2026-07-21,FAC004,Skin complaint,Hypertension+Diabetes,Video,13,No,No,Yes,21,10.8,Telugu,Fair,Completed
TC0004297,TEP0003290,Padma Devi,F,46,9784372119,Patancheru,Patancheru,Sangareddy,2026-07-03,FAC027,Body pain,Gastrointestinal,Assisted video,24,Yes,Yes,No,,36.3,Telugu,Fair,Completed
TC0004298,TEP0003291,Naveen Devi,M,59,9253743074,Kalher,Narayankhed,Sangareddy,2026-08-11,FAC020,Cough,Dermatology,Assisted video,18,Yes,No,No,,29.6,Telugu,Poor,Completed
TC0004299,TEP0003292,Deepik Mudiraj,F,39,9668206606,Donur,Midjil,Mahabubnagar,2026-03-06,FAC008,Abdominal discomfort,Diabetes,Audio,24,Yes,Yes,No,,9.4,Telugu,Good,Completed
TC0004300,TEP0003292,Deepika Mudiraj,F,35,,Donur,Midjil,Mahabubnagar,2026-08-02,FAC009,Headache,Diabetes,Assisted video,16,Yes,No,Yes,21,14.1,Telugu,Poor,Completed
TC0004301,TEP0003293,Kiran Das,M,33,9262389232,Midjil,Midjil,Mahabubnagar,2026-07-13,FAC007,Body pain,Gastrointestinal,Audio,20,No,No,Yes,7,7.6,Telugu,Poor,Completed
TC0004302,TEP0003294,Bhavani Begum,F,54,9774800046,Kalher,Narayankhed,Sangareddy,2026-06-10,FAC021,Dizziness,Musculoskeletal,Audio,13,Yes,No,Yes,30,22.9,Telugu,Poor,Completed
TC0004303,TEP0003295,Raju Das,M,88,9843269348,Donur,Midjil,Mahabubnagar,2026-01-30,FAC007,Abdominal discomfort,Other,Assisted video,18,Yes,Yes,No,,23.7,Telugu,Fair,Completed
TC0004304,TEP0003295,Raju Das,M,88,+91-98432-69348,DONUR,Midjil,Mahabubnagar,2026-07-05,FAC009,Headache,Musculoskeletal,Audio,15,Yes,No,Yes,14,14.1,Telugu,Good,Completed
TC0004305,TEP0003296,Praveen Begum,M,63,,Mangalapally,Nakrekal,Nalgonda,2026-07-15,FAC018,Dizziness,Respiratory,Audio,22,Yes,No,No,,35.0,Telugu,Poor,Completed
TC0004306,TEP0003297,Bhavani Narsimha,F,36,,Bhanur,Patancheru,Sangareddy,2026-05-31,FAC026,Abdominal discomfort,Hypertension,Audio,8,Yes,Yes,No,,12.8,English,Good,Completed
TC0004307,TEP0003298,Kavitha Mudiraj,F,64,9955113509,Velpula,Midjil,Mahabubnagar,2026-06-14,FAC009,Routine NCD review,Other,Assisted video,24,Yes,No,Yes,30,4.2,Telugu,Fair,Completed
TC0004308,TEP0003299,Venkatesh Devi,M,58,9788805462,Kangti,Narayankhed,Sangareddy,2026-05-24,FAC019,Fever,Hypertension,Assisted video,17,Yes,Yes,Yes,7,20.3,English,Fair,Completed
TC0004309,TEP0003299,Venkatesh Devi,M,61,,Kangti,Narayankhed,Sangareddy,2026-08-15,FAC020,Routine NCD review,Hypertension,Assisted video,14,Yes,Yes,Yes,30,11.9,English,Poor,Completed
TC0004310,TEP0003300,Jyothi Jangam,F,45,9953397588,KANGTI,Narayankhed,Sangareddy,2026-05-22,FAC020,Skin complaint,Other,Assisted video,21,No,No,No,,11.9,Telugu,Good,Completed
TC0004311,TEP0003301,Renuka Mudiraj,F,45,9524932139,Jharasangam,Zaheerabad,Sangareddy,2026-06-27,FAC023,Dizziness,Dermatology,Audio,20,No,Yes,Yes,7,18.7,Telugu,Good,Completed
TC0004312,TEP0003302,Dipika Das,F,79,9069293591,Bodajanampet,Balanagar,Mahabubnagar,2026-02-26,FAC006,Abdominal discomfort,Fever/Infection,Assisted video,19,No,No,Yes,21,33.3,English,Fair,Completed
TC0004313,TEP0003303,Mohan Krishna,M,44,,Bodajanampet,Balanagar,Mahabubnagar,2026-08-03,FAC005,Dizziness,Respiratory,Audio,15,Yes,Yes,Yes,7,26.6,Telugu,Poor,Completed
TC0004314,TEP0003304,Naveen Patel,M,63,9458529031,Peddadinne,Devarakonda,Nalgonda,2026-06-05,FAC011,Headache,Fever/Infection,Video,19,No,No,No,,13.9,Telugu,Fair,Completed
TC0004315,TEP0003304,Naveen Patel,M,61,9458529031,PEDDADINNE,Devarakonda,Nalgonda,2026-07-22,FAC010,Routine NCD review,Gastrointestinal,Assisted video,17,Yes,No,No,,7.4,Telugu,Good,Completed
TC0004316,TEP0003305,Srinivas Basha,M,67,9010015920,Marrur,Nakrekal,Nalgonda,2026-05-01,FAC017,Fever,Diabetes,Assisted video,7,Yes,Yes,Yes,21,25.8,Telugu,Good,Completed
TC0004317,TEP0003306,Bhavani Khan,F,26,9042377291,Patancheru,Patancheru,Sangareddy,2026-06-07,FAC027,Body pain,Other,Video,7,No,No,Yes,7,36.3,Telugu,Fair,Completed
TC0004318,TEP0003307,winod Krishna,M,60,9368598238,Nomula,Nakrekal,Nalgonda,2026-06-18,FAC017,Routine NCD review,Fever/Infection,Video,22,No,No,No,,29.9,Telugu,Good,Completed
TC0004319,TEP0003307,Vinod Krishna,M,61,9768598238,Nomula,Nakrekal,Nalgonda,2026-07-27,FAC017,Cough,Dermatology,Assisted video,19,No,No,No,,29.9,Telugu,Fair,Completed
TC0004320,TEP0003308,Nirmala Goud,F,69,9375863203,Mangalapally,Nakrekal,Nalgonda,2026-01-12,FAC018,Routine NCD review,Hypertension,Audio,11,Yes,No,No,,35.0,Telugu,Fair,Completed
TC0004321,TEP0003309,Anil Laxman,M,51,9584001974,Ameenpur,Patancheru,Sangareddy,2026-08-15,FAC026,Cough,Musculoskeletal,Assisted video,23,Yes,No,No,,9.7,Telugu,Poor,Completed
TC0004322,TEP0003310,Anil Kumar,M,20,9241055381,Devarakonda,Devarakonda,Nalgonda,2026-02-15,FAC012,Routine NCD review,Other,Assisted video,18,Yes,No,No,,22.1,Telugu,Good,Completed
TC0004323,TEP0003311,Lakshmi Mudiraj,F,56,9935460954,Kangti,Narayankhed,Sangareddy,2026-01-27,FAC020,Routine NCD review,Other,Video,18,Yes,No,Yes,14,11.9,Telugu,Poor,Completed
TC0004324,TEP0003311,Lakshmi Mudiraj,F,57,9935460954,KANGTI,Narayankhed,Sangareddy,2026-04-23,FAC020,Abdominal discomfort,Other,Audio,17,Yes,No,Yes,30,11.9,Telugu,Good,Completed
TC0004325,TEP0003312,Santosh Rao,M,70,+91-99373-78739,Donur,Midjil,Mahabubnagar,2026-05-20,FAC008,Cough,Dermatology,Video,22,Yes,No,Yes,21,9.4,Telugu,Poor,Completed
TC0004326,TEP0003312,Santosh Rao,M,70,9937378739,DONUR,Midjil,Mahabubnagar,2026-06-15,FAC007,Skin complaint,Diabetes,Video,14,Yes,No,Yes,7,23.7,Telugu,Fair,Completed
TC0004327,TEP0003313,Sai Reddy,M,45,+91-93317-91134,Bhanur,Patancheru,Sangareddy,2026-03-13,FAC027,Skin complaint,Musculoskeletal,Audio,23,No,Yes,Yes,14,18.4,Telugu,Poor,Completed
TC0004328,TEP0003313,Sai Reddy,M,46,,Bhanu,Patancheru,Sangareddy,2026-05-18,FAC025,Headache,Hypertension,Assisted video,19,Yes,No,Yes,7,18.7,Telugu,Good,Completed
TC0004329,TEP0003313,Sai Reddy,M,45,9331791134,Bhanur,Patancheru,Sangareddy,2026-06-21,FAC027,Fever,Musculoskeletal,Assisted video,15,Yes,Yes,No,,18.4,Telugu,Poor,Completed
TC0004330,TEP0003314,Mounika Jangam,F,54,+91-97850-57111,Velpula,Midjil,Mahabubnagar,2026-02-11,FAC008,Dizziness,Fever/Infection,Audio,23,No,No,Yes,30,12.6,Telugu,Fair,Completed
TC0004331,TEP0003314,Mounika Jangam,F,56,9785057111,VELPULA,Midjil,Mahabubnagar,2026-07-02,FAC008,Skin complaint,Dermatology,Assisted video,13,No,No,No,,12.6,Telugu,Fair,Completed
TC0004332,TEP0003315,Santosh Rao,M,54,9744954680,Marrur,Nakrekal,Nalgonda,2026-06-19,FAC016,Cough,Musculoskeletal,Audio,7,Yes,No,Yes,7,36.5,Telugu,Fair,Completed
TC0004333,TEP0003316,Mounika Kumar,F,64,9210220169,Peddadinne,Devarakonda,Nalgonda,2026-05-14,FAC010,Headache,Diabetes,Audio,22,Yes,No,Yes,21,7.4,Telugu,Fair,Completed
TC0004334,TEP0003317,Rani Begum,F,34,9728494927,Narayankhed,Narayankhed,Sangareddy,2026-05-13,FAC021,Body pain,Respiratory,Video,9,Yes,No,No,,7.0,Telugu,Poor,Completed
TC0004335,TEP0003318,Sareetha Reddy,F,48,9559295200,Balanagar,Balanagar,Mahabubnagar,2026-05-13,FAC006,Fever,Diabetes,Assisted video,16,No,No,No,,1.4,Telugu,Poor,Completed
TC0004336,TEP0003319,Praveen Mudiraj,M,44,+91-95986-67508,Jharasangam,Zaheerabad,Sangareddy,2026-02-05,FAC024,Body pain,Hypertension,Audio,21,Yes,Yes,No,,2.6,Telugu,Fair,Completed
TC0004337,TEP0003320,Lalitha Khan,F,71,9737662710,Nakrekal,Nakrekal,Nalgonda,2026-01-05,FAC018,Dizziness,Fever/Infection,Audio,20,No,No,Yes,30,16.2,Telugu,Poor,Completed
TC0004338,TEP0003321,Lalitha Kumar,F,42,9824951142,Kangti,Narayankhed,Sangareddy,2026-06-22,FAC019,Cough,Fever/Infection,Audio,9,No,No,Yes,21,20.3,Telugu,Fair,Completed
TC0004339,TEP0003321,Llitha Kumar,F,40,9824951142,Kangti,Narayankhed,Sangareddy,2026-07-19,FAC021,Skin complaint,Hypertension,Audio,20,No,Yes,No,,27.8,Telugu,Good,Completed
TC0004340,TEP0003322,Santosh Mudiraj,M,32,9436474469,Kalher,Narayankhed,Sangareddy,2026-07-25,FAC020,Cough,Hypertension,Assisted video,12,No,No,Yes,7,29.6,Telugu,Poor,Completed
TC0004341,TEP0003323,Kiran Patel,M,41,9955874920,Badepally,Jadcherla,Mahabubnagar,2026-07-08,FAC002,Fever,Fever/Infection,Video,12,No,Yes,Yes,14,19.9,Telugu,Fair,Completed
TC0004342,TEP0003324,Bhavani Krishna,F,56,9862309893,Vemula,Midjil,Mahabubnagar,2026-07-17,FAC009,Fever,Respiratory,Assisted video,22,Yes,Yes,Yes,14,7.3,Telugu,Poor,Completed
TC0004343,TEP0003325,Swathi,F,79,9523534339,Kallepally,Balanagar,Mahabubnagar,2026-02-18,FAC005,Body pain,Dermatology,Assisted video,8,Yes,Yes,Yes,7,26.2,Telugu,Good,Completed
TC0004344,TEP0003325,Swathi Reddy,F,80,9523534339,Kallepally,Balanagar,Mahabubnagar,2026-05-17,FAC006,Skin complaint,Dermatology,Audio,13,No,No,No,,35.4,Telugu,Good,Completed
TC0004345,TEP0003325,Swthi Reddy,F,80,9523534339,KALLEPALLY,Balanagar,Mahabubnagar,2026-06-16,FAC004,Fever,Respiratory,Audio,15,Yes,No,Yes,30,26.4,Telugu,Good,Completed
TC0004346,TEP0003326,Padma Basha,F,50,9768879911,Velpula,Midjil,Mahabubnagar,2026-05-10,FAC009,Fever,Dermatology,Audio,9,No,Yes,No,,4.2,Telugu,Good,Completed
TC0004347,TEP0003326,Padma Basha,F,50,9768879911,Velpula,Midjil,Mahabubnagar,2026-06-12,FAC008,Abdominal discomfort,Dermatology,Audio,12,Yes,Yes,Yes,21,12.6,Telugu,Good,Completed
TC0004348,TEP0003326,Padma Basha,F,50,9768879911,VELPULA,Midjil,Mahabubnagar,2026-07-11,FAC007,Fever,Gastrointestinal,Video,10,No,No,Yes,21,17.9,Telugu,Good,Completed
TC0004349,TEP0003327,Veenod Jangam,M,35,9705006233,Badepalli,Jadcherla,Mahabubnagar,2026-07-21,FAC003,Routine NCD review,Diabetes,Video,17,Yes,No,Yes,30,5.1,Telugu,Poor,Completed
TC0004350,TEP0003328,Hareeka Begum,F,63,,Midjil,Midjil,Mahabubnagar,2026-01-15,FAC009,Skin complaint,Diabetes,Assisted video,23,Yes,Yes,Yes,21,19.5,Telugu,Poor,Completed
TC0004351,TEP0003329,Kiran Reddy,M,57,+91-95225-89864,Kalher,Narayankhed,Sangareddy,2026-03-07,FAC021,Skin complaint,Respiratory,Video,18,Yes,No,Yes,14,22.9,Telugu,Poor,Completed
TC0004352,TEP0003330,Raju Shekar,M,27,9813566772,Zaheerabad,Zaheerabad,Sangareddy,2026-03-14,FAC024,Fever,Musculoskeletal,Audio,11,No,No,No,,28.3,Telugu,Fair,Completed
TC0004353,TEP0003330,Raju Shekar,M,29,,Zaheerabad,Zaheerabad,Sangareddy,2026-04-13,FAC022,Abdominal discomfort,Hypertension,Audio,19,Yes,No,No,,25.3,Telugu,Fair,Completed
TC0004354,TEP0003331,Shobha Basha,F,46,9801561314,Bodajanampet,Balanagar,Mahabubnagar,2026-06-14,FAC005,Fever,Respiratory,Video,17,Yes,No,Yes,30,26.6,Telugu,Good,Completed
TC0004355,TEP0003332,Bhavani Narsimha,F,41,9081789659,BADEPALLY,Jadcherla,Mahabubnagar,2026-07-25,FAC002,Cough,Other,Audio,9,No,No,Yes,30,19.9,Telugu,Poor,Completed
TC0004356,TEP0003333,Sai Goud,M,39,9861548712,Macharam,Jadcherla,Mahabubnagar,2026-02-16,FAC003,Fever,Diabetes,Assisted video,23,No,No,Yes,21,12.8,Telugu,Poor,Completed
TC0004357,TEP0003333,Sai Goud,M,39,9861548712,Macharam,Jadcherla,Mahabubnagar,2026-03-27,FAC003,Routine NCD review,Diabetes,Assisted video,13,Yes,No,No,,12.8,Telugu,Poor,Completed
TC0004358,TEP0003334,Kiran Reddy,M,45,+91-90295-04977,Chandur,Chandur,Nalgonda,2026-06-06,FAC014,Headache,Other,Audio,8,No,No,No,,20.6,Telugu,Fair,Completed
TC0004359,TEP0003334,Kiran Reddy,M,43,9029504977,CHANDUR,Chandur,Nalgonda,2026-06-27,FAC014,Abdominal discomfort,Musculoskeletal,Audio,15,No,Yes,Yes,30,20.6,Telugu,Poor,Completed
TC0004360,TEP0003335,Vinod Jangam,M,74,9894654521,Chandur,Chandur,Nalgonda,2026-03-29,FAC014,Skin complaint,Hypertension,Audio,11,Yes,No,Yes,7,20.6,Telugu,Poor,Completed
TC0004361,TEP0003335,Vinod Jangam,M,76,9894654521,Chandur,Chandur,Nalgonda,2026-04-17,FAC014,Skin complaint,Hypertension,Video,22,Yes,No,No,,20.6,Telugu,Poor,Completed
TC0004362,TEP0003336,Divya Jangam,F,64,9736813196,Chandur,Chandur,Nalgonda,2026-02-06,FAC014,Body pain,Fever/Infection,Video,20,No,No,No,,20.6,Telugu,Poor,Completed
TC0004363,TEP0003337,Ravi Kumar,M,70,,Kalhe,Narayankhed,Sangareddy,2026-03-09,FAC021,Dizziness,Other,Video,17,Yes,No,No,,22.9,Telugu,Poor,Completed
TC0004364,TEP0003338,Shobha Chary,F,51,9770988763,Devarakonda,Devarakonda,Nalgonda,2026-04-20,FAC011,Abdominal discomfort,Hypertension,Audio,12,Yes,Yes,Yes,30,29.2,Telugu,Good,Completed
TC0004365,TEP0003339,Bhvani Reddy,F,59,9206386799,Indresham,Patancheru,Sangareddy,2026-06-12,FAC026,Fever,Gastrointestinal,Video,12,Yes,No,No,,11.5,Telugu,Fair,Completed
TC0004366,TEP0003340,Nirmala Das,F,65,9628047693,GUNDLAPALLY,Devarakonda,Nalgonda,2026-07-25,FAC011,Dizziness,Hypertension+Diabetes,Assisted video,15,Yes,Yes,Yes,21,29.4,Telugu,Good,Completed
TC0004367,TEP0003341,Srinivas Goud,M,66,9958060367,Patancheru,Patancheru,Sangareddy,2026-06-08,FAC026,Routine NCD review,Hypertension+Diabetes,Audio,20,Yes,No,Yes,7,23.1,Urdu,Good,Completed
TC0004368,TEP0003342,Sushma Patel,F,39,9869683958,Kondamallepally,Devarakonda,Nalgonda,2026-04-24,FAC011,Abdominal discomfort,Hypertension,Assisted video,15,Yes,Yes,No,,25.7,Telugu,Poor,Completed
TC0004369,TEP0003342,Sushma Patel,F,42,9869683958,Kondamallepally,Devarakonda,Nalgonda,2026-05-31,FAC010,Cough,Hypertension,Video,13,No,Yes,Yes,21,20.0,Telugu,Good,Completed
TC0004370,TEP0003343,Lakshmi Krishna,F,26,9247018003,Balanagar,Balanagar,Mahabubnagar,2026-06-02,FAC004,Dizziness,Hypertension,Assisted video,11,No,Yes,Yes,30,10.8,Telugu,Good,Completed
TC0004371,TEP0003344,Naresh Mudiraj,M,60,9905170148,Bodajanampet,Balanagar,Mahabubnagar,2026-06-07,FAC006,Fever,Hypertension+Diabetes,Audio,18,Yes,No,No,,33.3,Telugu,Fair,Completed
TC0004372,TEP0003345,Swathi Reddy,F,56,9466652103,Chandur,Chandur,Nalgonda,2026-05-31,FAC014,Skin complaint,Hypertension,Video,8,No,Yes,Yes,21,20.6,Telugu,Fair,Completed
TC0004373,TEP0003346,Harika Goud,F,35,9547284673,Kangti,Narayankhed,Sangareddy,2026-03-11,FAC020,Dizziness,Gastrointestinal,Video,22,No,No,Yes,14,11.9,Telugu,Good,Completed
TC0004374,TEP0003347,Anil Rao,M,27,+91-92170-05752,Nakrekal,Nakrekal,Nalgonda,2026-07-08,FAC016,Abdominal discomfort,Hypertension,Audio,10,No,No,Yes,14,35.5,Urdu,Poor,Completed
TC0004375,TEP0003348,Anitha Mallaiah,F,53,9648204679,VELPULA,Midjil,Mahabubnagar,2026-07-31,FAC007,Dizziness,Diabetes,Video,12,Yes,Yes,No,,17.9,Telugu,Fair,Completed
TC0004376,TEP0003349,Jyothi Krishn,F,56,9229627171,BALANAGAR,Balanagar,Mahabubnagar,2026-04-22,FAC006,Routine NCD review,Hypertension,Audio,9,Yes,No,No,,1.4,Telugu,Poor,Completed
TC0004377,TEP0003349,Jyothi Krishna,F,54,9229627171,Balanagar,Balanagar,Mahabubnagar,2026-05-21,FAC004,Routine NCD review,Hypertension+Diabetes,Assisted video,22,Yes,Yes,No,,10.8,Telugu,Fair,Completed
TC0004378,TEP0003350,Praveen Das,M,75,9998296810,Ameenpur,Patancheru,Sangareddy,2026-07-25,FAC025,Cough,Fever/Infection,Video,16,Yes,Yes,Yes,21,13.0,Telugu,Poor,Completed
TC0004379,TEP0003351,Nveen Yadav,M,18,9276229116,Macharam,Jadcherla,Mahabubnagar,2026-01-20,FAC003,Cough,Fever/Infection,Assisted video,16,No,No,Yes,30,12.8,Telugu,Poor,Completed
TC0004380,TEP0003351,Naveen Yadav,M,19,9276229116,Macharam,Jadcherla,Mahabubnagar,2026-03-05,FAC003,Skin complaint,Respiratory,Assisted video,18,Yes,No,Yes,7,12.8,Telugu,Poor,Completed
TC0004381,TEP0003352,Raghav Patel,M,29,,Bodajanampet,Balanagar,Mahabubnagar,2026-04-05,FAC005,Routine NCD review,Dermatology,Video,15,No,No,Yes,7,26.6,Telugu,Fair,Completed
TC0004382,TEP0003353,Ramesh Das,M,33,9564127182,Bodajanampet,Balanagar,Mahabubnagar,2026-01-09,FAC004,Body pain,Hypertension,Audio,15,Yes,No,Yes,7,27.6,Telugu,Good,Completed
TC0004383,TEP0003354,Sushma Mallaiah,F,38,9340946610,Patancheru,Patancheru,Sangareddy,2026-01-01,FAC027,Fever,Diabetes,Audio,17,Yes,No,Yes,14,36.3,English,Good,Completed
TC0004384,TEP0003354,Sushma Mallaiah,F,36,+91-93409-46610,Patancheru,Patancheru,Sangareddy,2026-05-14,FAC027,Fever,Diabetes,Assisted video,23,Yes,No,No,,36.3,English,Poor,Completed
TC0004385,TEP0003354,Sushma Mallaiah,F,36,9340946610,Patancheru,Patancheru,Sangareddy,2026-07-06,FAC025,Dizziness,Diabetes,Audio,10,Yes,No,Yes,30,25.4,English,Good,Completed
TC0004386,TEP0003355,Praveen Mallaiah,M,80,9765088123,Gangapur,Jadcherla,Mahabubnagar,2026-08-03,FAC003,Fever,Diabetes,Audio,14,No,Yes,Yes,21,26.4,Telugu,Good,Completed
TC0004387,TEP0003356,Sushma Naik,F,45,9067130734,Donur,Midjil,Mahabubnagar,2026-05-05,FAC008,Routine NCD review,Hypertension,Audio,9,Yes,Yes,Yes,14,9.4,Telugu,Fair,Completed
TC0004388,TEP0003357,Praveen Khan,M,38,9573820235,Kondamallepally,Devarakonda,Nalgonda,2026-03-21,FAC010,Fever,Fever/Infection,Assisted video,24,Yes,No,Yes,30,20.0,Telugu,Good,Completed
TC0004389,TEP0003358,Raghav Begum,M,72,9511225288,Gundlapally,Devarakonda,Nalgonda,2026-06-30,FAC010,Routine NCD review,Hypertension,Assisted video,17,No,Yes,Yes,21,26.3,Telugu,Good,Completed
TC0004390,TEP0003358,Raghav Begum,M,72,9511225288,Gundlapall,Devarakonda,Nalgonda,2026-07-08,FAC010,Abdominal discomfort,Hypertension+Diabetes,Audio,16,Yes,No,No,,26.3,Telugu,Poor,Completed
TC0004391,TEP0003359,Swathi Das,F,61,9627450964,Midjil,Midjil,Mahabubnagar,2026-06-28,FAC007,Abdominal discomfort,Other,Audio,24,Yes,No,No,,7.6,Telugu,Poor,Completed
TC0004392,TEP0003360,Renuka Begum,F,19,9723109376,MACHARAM,Jadcherla,Mahabubnagar,2026-07-06,FAC003,Dizziness,Dermatology,Audio,15,No,No,Yes,7,12.8,Telugu,Fair,Completed
TC0004393,TEP0003361,Ramesh Mudiraj,M,37,9992165716,Balanagar,Balanagar,Mahabubnagar,2026-03-22,FAC006,Dizziness,Other,Audio,7,Yes,No,Yes,21,1.4,Telugu,Good,Completed
TC0004394,TEP0003362,Vinod Mallaiah,M,56,9716462228,Peddadinn,Devarakonda,Nalgonda,2026-02-05,FAC011,Body pain,Other,Video,23,Yes,No,No,,13.9,Telugu,Good,Completed
TC0004395,TEP0003363,Jyothee Kumar,F,56,9284272833,Polepally,Jadcherla,Mahabubnagar,2026-04-05,FAC003,Abdominal discomfort,Respiratory,Assisted video,19,No,No,Yes,21,21.0,Telugu,Good,Completed
TC0004396,TEP0003364,Naveen Yadav,M,42,9549984153,Macharam,Jadcherla,Mahabubnagar,2026-05-28,FAC002,Headache,Other,Audio,18,Yes,No,Yes,30,29.4,Telugu,Good,Completed
TC0004397,TEP0003364,Naveen Yadav,M,40,,MACHARAM,Jadcherla,Mahabubnagar,2026-06-23,FAC002,Abdominal discomfort,Other,Assisted video,22,Yes,Yes,No,,29.4,Telugu,Good,Completed
TC0004398,TEP0003365,Renuka Devi,F,54,9912805078,Nomula,Nakrekal,Nalgonda,2026-07-07,FAC017,Skin complaint,Dermatology,Assisted video,9,Yes,No,No,,29.9,Telugu,Poor,Completed
TC0004399,TEP0003366,Padma Basha,F,20,+91-92315-40985,Polepall,Jadcherla,Mahabubnagar,2026-04-02,FAC003,Dizziness,Fever/Infection,Video,19,No,No,No,,21.0,Telugu,Fair,Completed
TC0004400,TEP0003367,Lakshmi Narsimha,F,46,9146702530,INDRESHAM,Patancheru,Sangareddy,2026-07-14,FAC025,Cough,Hypertension,Audio,8,Yes,No,Yes,21,19.2,Telugu,Fair,Completed
TC0004401,TEP0003368,Arun Naik,M,57,9141217588,Kallepally,Balanagar,Mahabubnagar,2026-05-26,FAC006,Headache,Hypertension+Diabetes,Video,21,Yes,No,Yes,30,35.4,Telugu,Poor,Completed
TC0004402,TEP0003369,Mohan Chary,M,35,9638428372,Zaheerabad,Zaheerabad,Sangareddy,2026-02-03,FAC022,Skin complaint,Musculoskeletal,Audio,13,Yes,Yes,Yes,21,25.3,Telugu,Poor,Completed
TC0004403,TEP0003370,Shankar Khan,M,72,9877386660,Jharasangam,Zaheerabad,Sangareddy,2026-07-21,FAC023,Fever,Musculoskeletal,Audio,20,Yes,Yes,Yes,30,18.7,Telugu,Good,Completed
TC0004404,TEP0003371,Arun Das,M,50,+91-90227-76242,Midjil,Midjil,Mahabubnagar,2026-05-02,FAC007,Cough,Hypertension,Video,17,No,Yes,Yes,14,7.6,Telugu,Fair,Completed
TC0004405,TEP0003372,Lalitha Reddy,F,57,9274653443,Zaheerabad,Zaheerabad,Sangareddy,2026-05-03,FAC024,Headache,Respiratory,Video,12,Yes,No,Yes,30,28.3,Telugu,Fair,Completed
TC0004406,TEP0003373,Mounika Yadav,F,54,9553339554,Jharasangam,Zaheerabad,Sangareddy,2026-03-11,FAC023,Headache,Other,Video,17,Yes,No,No,,18.7,Telugu,Fair,Completed
TC0004407,TEP0003373,Mounika Yadaw,F,54,9553339554,Jharasangam,Zaheerabad,Sangareddy,2026-04-01,FAC023,Cough,Diabetes,Assisted video,9,Yes,No,Yes,7,18.7,Telugu,Good,Completed
TC0004408,TEP0003374,Raju Krishna,M,44,9907627439,Bhanu,Patancheru,Sangareddy,2026-07-05,FAC027,Dizziness,Fever/Infection,Audio,20,No,Yes,Yes,21,18.4,Telugu,Poor,Completed
TC0004409,TEP0003375,Nirmala Laxman,F,52,9173158326,Midjil,Midjil,Mahabubnagar,2026-01-24,FAC009,Abdominal discomfort,Hypertension+Diabetes,Assisted video,15,Yes,Yes,Yes,21,19.5,Telugu,Poor,Completed
TC0004410,TEP0003376,Sreelatha Das,F,24,9010821122,Nakrekal,Nakrekal,Nalgonda,2026-03-27,FAC016,Body pain,Hypertension,Audio,21,No,Yes,Yes,7,35.5,Telugu,Good,Completed
TC0004411,TEP0003376,Srilatha Das,F,24,9010821122,Nakrekal,Nakrekal,Nalgonda,2026-07-02,FAC016,Body pain,Fever/Infection,Audio,13,No,No,Yes,7,35.5,Telugu,Good,Completed
TC0004412,TEP0003376,Srilatha Das,F,24,9010821122,Nakrekal,Nakrekal,Nalgonda,2026-08-07,FAC018,Body pain,Hypertension,Video,12,Yes,Yes,No,,16.2,Telugu,Fair,Completed
TC0004413,TEP0003377,Santosh Narsimha,M,34,9434423627,Vemula,Midjil,Mahabubnagar,2026-01-26,FAC009,Headache,Hypertension,Assisted video,11,Yes,Yes,Yes,14,7.3,Telugu,Good,Completed
TC0004414,TEP0003378,Praween Reddy,M,48,,Kangti,Narayankhed,Sangareddy,2026-03-22,FAC020,Fever,Diabetes,Assisted video,9,No,Yes,Yes,14,11.9,Telugu,Good,Completed
TC0004415,TEP0003378,Praveen Reddy,M,52,9108833148,Kangti,Narayankhed,Sangareddy,2026-08-15,FAC021,Abdominal discomfort,Diabetes,Assisted video,23,Yes,Yes,Yes,7,27.8,Telugu,Fair,Completed
TC0004416,TEP0003379,Mounika Khan,F,50,9319382621,KUMMARIKUNTA,Chandur,Nalgonda,2026-06-30,FAC013,Routine NCD review,Diabetes,Audio,12,Yes,Yes,No,,6.5,Urdu,Poor,Completed
TC0004417,TEP0003380,Renuka Begum,F,56,9820423001,Ameenpur,Patancheru,Sangareddy,2026-05-31,FAC026,Cough,Hypertension,Audio,24,No,Yes,Yes,7,9.7,Telugu,Good,Completed
TC0004418,TEP0003380,Renuka Begum,F,56,9820423001,Ameenpur,Patancheru,Sangareddy,2026-06-30,FAC025,Fever,Hypertension,Assisted video,13,Yes,No,No,,13.0,Telugu,Good,Completed
TC0004419,TEP0003381,Sritha Jangam,F,49,9993841727,Mangalapally,Nakrekal,Nalgonda,2026-05-21,FAC016,Body pain,Hypertension+Diabetes,Video,19,Yes,Yes,No,,4.1,Telugu,Poor,Completed
TC0004420,TEP0003382,Bhavani Jangam,F,58,9137878572,PEDDADINNE,Devarakonda,Nalgonda,2026-05-27,FAC010,Headache,Gastrointestinal,Video,18,Yes,No,Yes,30,7.4,Telugu,Poor,Completed
TC0004421,TEP0003383,Kavita Jangam,F,56,,Jharasangam,Zaheerabad,Sangareddy,2026-05-23,FAC022,Fever,Fever/Infection,Assisted video,16,Yes,No,No,,5.6,Telugu,Fair,Completed
TC0004422,TEP0003384,Saritha Mudiraj,F,27,9574483321,Devarakonda,Devarakonda,Nalgonda,2026-02-01,FAC012,Dizziness,Dermatology,Audio,8,Yes,No,Yes,30,22.1,Telugu,Good,Completed
TC0004423,TEP0003385,Renuka Das,F,80,9106488043,Donur,Midjil,Mahabubnagar,2026-02-23,FAC008,Cough,Diabetes,Assisted video,9,No,Yes,Yes,21,9.4,Urdu,Fair,Completed
TC0004424,TEP0003385,Renuka Das,F,80,9106488043,Donur,Midjil,Mahabubnagar,2026-06-29,FAC009,Abdominal discomfort,Diabetes,Video,15,No,No,Yes,30,14.1,Urdu,Poor,Completed
TC0004425,TEP0003385,Renuka Das,F,80,9106488043,Donur,Midjil,Mahabubnagar,2026-07-23,FAC008,Fever,Diabetes,Assisted video,8,Yes,Yes,Yes,30,9.4,Urdu,Fair,Completed
TC0004426,TEP0003386,Lalitha Mudiraj,F,75,9896978450,Bhanur,Patancheru,Sangareddy,2026-08-03,FAC026,Headache,Dermatology,Audio,12,Yes,No,No,,12.8,Telugu,Good,Completed
TC0004427,TEP0003387,Jyothi Begum,F,40,9221803798,Kondamallepally,Devarakonda,Nalgonda,2026-03-19,FAC011,Headache,Hypertension,Assisted video,12,No,No,Yes,21,25.7,Telugu,Poor,Completed
TC0004428,TEP0003388,Nirmala Narsimha,F,44,9551291892,Kondamallepally,Devarakonda,Nalgonda,2026-05-05,FAC010,Cough,Other,Assisted video,24,Yes,No,Yes,21,20.0,Telugu,Fair,Completed
TC0004429,TEP0003389,Deepika Mudiraj,F,35,9216468828,Velpula,Midjil,Mahabubnagar,2026-08-01,FAC007,Routine NCD review,Diabetes,Video,18,Yes,Yes,Yes,30,17.9,Telugu,Fair,Completed
TC0004430,TEP0003390,Anjali Kumar,F,45,9406818361,Kallepally,Balanagar,Mahabubnagar,2026-04-20,FAC006,Routine NCD review,Respiratory,Video,11,Yes,No,No,,35.4,Telugu,Fair,Completed
TC0004431,TEP0003390,Anjali Kumar,F,44,+91-94068-18361,Kallepally,Balanagar,Mahabubnagar,2026-05-12,FAC005,Dizziness,Respiratory,Assisted video,19,Yes,No,No,,26.2,Telugu,Good,Completed
TC0004432,TEP0003390,Anjali Kumar,F,45,9406818361,Kallepally,Balanagar,Mahabubnagar,2026-06-22,FAC005,Body pain,Fever/Infection,Assisted video,23,Yes,Yes,No,,26.2,Telugu,Good,Completed
TC0004433,TEP0003391,Shobha Naik,F,70,,Nakrekal,Nakrekal,Nalgonda,2026-01-19,FAC016,Skin complaint,Fever/Infection,Assisted video,15,No,No,Yes,7,35.5,Telugu,Poor,Completed
TC0004434,TEP0003392,Anjali Khan,F,19,9150218326,Marrur,Nakrekal,Nalgonda,2026-05-02,FAC016,Routine NCD review,Hypertension,Audio,8,Yes,No,Yes,14,36.5,Telugu,Fair,Completed
TC0004435,TEP0003393,Mounika Chary,F,60,9328630767,Jharasangam,Zaheerabad,Sangareddy,2026-06-26,FAC024,Routine NCD review,Musculoskeletal,Audio,22,Yes,No,No,,2.6,Telugu,Fair,Completed
TC0004436,TEP0003394,Rajesh Krishna,M,45,,Indresham,Patancheru,Sangareddy,2026-06-29,FAC025,Dizziness,Other,Video,15,Yes,No,Yes,21,19.2,Telugu,Fair,Completed
TC0004437,TEP0003395,Arun Begum,M,50,9345864578,Mogudampally,Zaheerabad,Sangareddy,2026-01-18,FAC024,Headache,Dermatology,Audio,14,Yes,Yes,Yes,21,16.8,Telugu,Poor,Completed
TC0004438,TEP0003396,Rajesh Jangam,M,51,9805946935,Vemula,Midjil,Mahabubnagar,2026-01-27,FAC009,Headache,Other,Assisted video,23,Yes,Yes,No,,7.3,Telugu,Good,Completed
TC0004439,TEP0003397,Padma Goud,F,52,9243011885,Balanagar,Balanagar,Mahabubnagar,2026-08-07,FAC004,Cough,Musculoskeletal,Audio,19,Yes,No,No,,10.8,Telugu,Good,Completed
TC0004440,TEP0003398,Mahesh Khan,M,68,9661793035,Chandur,Chandur,Nalgonda,2026-01-27,FAC015,Fever,Dermatology,Video,16,No,No,Yes,30,29.7,Telugu,Poor,Completed
TC0004441,TEP0003399,Mohan Patel,M,34,+91-98572-39262,Vemula,Midjil,Mahabubnagar,2026-04-10,FAC008,Dizziness,Hypertension+Diabetes,Video,11,Yes,Yes,No,,22.2,Telugu,Poor,Completed
TC0004442,TEP0003400,Suresh Khan,M,52,9512538021,Ameenpur,Patancheru,Sangareddy,2026-06-13,FAC026,Body pain,Fever/Infection,Assisted video,20,Yes,No,No,,9.7,Telugu,Good,Completed
TC0004443,TEP0003400,Suresh Khan,M,49,+91-95125-38021,Ameenpur,Patancheru,Sangareddy,2026-07-06,FAC025,Dizziness,Dermatology,Audio,10,Yes,No,No,,13.0,Telugu,Poor,Completed
TC0004444,TEP0003401,Mahesh Begum,M,54,9602903581,NOMULA,Nakrekal,Nalgonda,2026-02-20,FAC016,Routine NCD review,Other,Assisted video,15,Yes,No,Yes,7,36.1,Telugu,Good,Completed
TC0004445,TEP0003402,Ravi Chary,M,40,9218314071,Zaheerabad,Zaheerabad,Sangareddy,2026-05-16,FAC023,Body pain,Dermatology,Audio,10,Yes,No,Yes,14,17.3,Telugu,Poor,Completed
TC0004446,TEP0003403,Deepika Kumar,F,27,9482625981,Nomula,Nakrekal,Nalgonda,2026-07-07,FAC018,Dizziness,Hypertension,Assisted video,19,Yes,No,Yes,14,2.2,Telugu,Fair,Completed
TC0004447,TEP0003403,Dipika Kumar,F,27,9482625981,Nomula,Nakrekal,Nalgonda,2026-08-02,FAC016,Body pain,Hypertension,Audio,22,No,No,No,,36.1,Telugu,Good,Completed
TC0004448,TEP0003404,Lkshmi Naik,F,52,9032475778,Vemula,Midjil,Mahabubnagar,2026-03-30,FAC009,Abdominal discomfort,Gastrointestinal,Assisted video,18,Yes,Yes,Yes,14,7.3,Telugu,Fair,Completed
TC0004449,TEP0003405,Rajesh Mudiraj,M,23,+91-98639-56024,Zaheerabad,Zaheerabad,Sangareddy,2026-07-19,FAC022,Skin complaint,Fever/Infection,Assisted video,20,Yes,Yes,Yes,14,25.3,Telugu,Poor,Completed
TC0004450,TEP0003406,Swathi Rao,F,55,+91-90956-78742,Vemula,Midjil,Mahabubnagar,2026-05-29,FAC007,Body pain,Diabetes,Video,20,No,No,No,,25.7,Telugu,Fair,Completed
TC0004451,TEP0003407,Shobha Basha,F,55,9645903261,Bhanur,Patancheru,Sangareddy,2026-03-22,FAC025,Skin complaint,Other,Audio,20,Yes,Yes,Yes,14,18.7,Urdu,Fair,Completed
TC0004452,TEP0003408,Srilatha Naik,F,30,9963111272,Macharam,Jadcherla,Mahabubnagar,2026-01-20,FAC003,Routine NCD review,Musculoskeletal,Assisted video,12,Yes,No,Yes,30,12.8,Telugu,Fair,Completed
TC0004453,TEP0003409,Kavitha Khan,F,69,9911793499,GANGAPUR,Jadcherla,Mahabubnagar,2026-02-18,FAC003,Abdominal discomfort,Gastrointestinal,Assisted video,15,No,No,Yes,7,26.4,Urdu,Fair,Completed
TC0004454,TEP0003409,Kavitha Khan,F,71,9991793499,Gangapur,Jadcherla,Mahabubnagar,2026-05-27,FAC003,Dizziness,Musculoskeletal,Audio,9,Yes,No,No,,26.4,Urdu,Fair,Completed
TC0004455,TEP0003410,Jyothi Yadav,F,81,9581761272,Kummarikunt,Chandur,Nalgonda,2026-05-30,FAC015,Headache,Musculoskeletal,Video,16,Yes,No,Yes,14,26.6,Telugu,Good,Completed
TC0004456,TEP0003411,Santosh Laxman,M,65,9179581700,Devarakonda,Devarakonda,Nalgonda,2026-06-05,FAC010,Body pain,Other,Audio,17,Yes,Yes,Yes,14,22.8,Telugu,Poor,Completed
TC0004457,TEP0003412,Srinivas Patel,M,32,9554517568,Bangarigadda,Chandur,Nalgonda,2026-07-31,FAC013,Headache,Fever/Infection,Audio,23,Yes,No,Yes,7,16.9,Telugu,Fair,Completed
TC0004458,TEP0003413,Swathi Das,F,55,9815018410,Nakrekal,Nakrekal,Nalgonda,2026-04-02,FAC017,Skin complaint,Diabetes,Assisted video,15,Yes,Yes,Yes,7,36.5,Telugu,Good,Completed
TC0004459,TEP0003414,Kavitha Laxman,F,41,9187260291,Midjil,Midjil,Mahabubnagar,2026-06-25,FAC007,Body pain,Diabetes,Audio,23,No,Yes,Yes,21,7.6,Telugu,Fair,Completed
TC0004460,TEP0003414,Kavitha Laxman,F,42,9187260291,MIDJIL,Midjil,Mahabubnagar,2026-07-15,FAC007,Dizziness,Diabetes,Audio,12,Yes,No,Yes,30,7.6,Telugu,Poor,Completed
TC0004461,TEP0003415,Rames Goud,M,52,,Mangalapally,Nakrekal,Nalgonda,2026-01-29,FAC017,Routine NCD review,Fever/Infection,Audio,15,Yes,No,Yes,7,21.1,Telugu,Poor,Completed
TC0004462,TEP0003416,Arun Yadav,M,26,9681665832,Ameenpur,Patancheru,Sangareddy,2026-02-06,FAC026,Body pain,Hypertension+Diabetes,Audio,11,Yes,No,Yes,14,9.7,Telugu,Fair,Completed
TC0004463,TEP0003416,Arun Yadav,M,26,9681665832,Ameenpur,Patancheru,Sangareddy,2026-07-25,FAC026,Cough,Hypertension+Diabetes,Assisted video,21,Yes,No,Yes,21,9.7,Telugu,Poor,Completed
TC0004464,TEP0003417,Anjali Reddy,F,46,9081384105,Manoor,Narayankhed,Sangareddy,2026-01-15,FAC021,Fever,Hypertension,Video,24,Yes,No,Yes,14,15.5,Telugu,Poor,Completed
TC0004465,TEP0003418,Kiran Basha,M,19,+91-98966-05064,Marrur,Nakrekal,Nalgonda,2026-06-26,FAC017,Body pain,Hypertension+Diabetes,Audio,22,Yes,No,No,,25.8,Telugu,Poor,Completed
TC0004466,TEP0003419,Renuka Begum,F,73,9960140640,KOHIR,Zaheerabad,Sangareddy,2026-07-05,FAC023,Cough,Fever/Infection,Audio,22,Yes,No,No,,15.7,Telugu,Fair,Completed
TC0004467,TEP0003420,Renuka Patel,F,58,9903574891,Indresham,Patancheru,Sangareddy,2026-07-30,FAC027,Fever,Other,Assisted video,14,No,Yes,Yes,21,22.3,Telugu,Good,Completed
TC0004468,TEP0003421,Sai Kumar,M,62,9216403192,Velpula,Midjil,Mahabubnagar,2026-06-20,FAC008,Cough,Fever/Infection,Assisted video,8,Yes,No,No,,12.6,Telugu,Poor,Completed
TC0004469,TEP0003421,Sai Kumar,M,62,9216403192,Velpula,Midjil,Mahabubnagar,2026-08-03,FAC008,Abdominal discomfort,Other,Video,7,Yes,No,Yes,21,12.6,Telugu,Good,Completed
TC0004470,TEP0003422,Naresh Khan,M,62,9913831602,Marrur,Nakrekal,Nalgonda,2026-05-03,FAC016,Skin complaint,Other,Video,20,Yes,No,Yes,21,36.5,Telugu,Good,Completed
TC0004471,TEP0003423,Shankar Mudiraj,M,46,9441385329,Chandur,Chandur,Nalgonda,2026-07-19,FAC014,Routine NCD review,Hypertension,Audio,16,No,Yes,Yes,21,20.6,Telugu,Good,Completed
TC0004472,TEP0003424,Bhavani Goud,F,47,+91-93106-00629,POLEPALLY,Jadcherla,Mahabubnagar,2026-02-11,FAC001,Cough,Fever/Infection,Video,13,Yes,Yes,No,,25.4,Telugu,Good,Completed
TC0004473,TEP0003424,Bhawani Goud,F,47,9310600629,Polepally,Jadcherla,Mahabubnagar,2026-03-17,FAC002,Routine NCD review,Fever/Infection,Video,8,No,No,No,,8.3,Telugu,Poor,Completed
TC0004474,TEP0003425,Rani Narsimha,F,54,9543517641,Donur,Midjil,Mahabubnagar,2026-01-01,FAC009,Body pain,Dermatology,Assisted video,23,Yes,No,No,,14.1,Telugu,Poor,Completed
TC0004475,TEP0003426,Anitha Goud,F,74,9783905467,NERMATA,Chandur,Nalgonda,2026-04-21,FAC014,Abdominal discomfort,Other,Audio,9,Yes,No,Yes,21,19.2,Telugu,Good,Completed
TC0004476,TEP0003426,Anitha Goud,F,76,,Nermata,Chandur,Nalgonda,2026-08-11,FAC013,Routine NCD review,Dermatology,Assisted video,11,Yes,No,Yes,30,19.7,Telugu,Poor,Completed
TC0004477,TEP0003427,Anil Patel,M,53,9835189169,Badepally,Jadcherla,Mahabubnagar,2026-05-23,FAC001,Body pain,Hypertension+Diabetes,Audio,12,Yes,Yes,No,,11.4,Telugu,Good,Completed
TC0004478,TEP0003428,Anitha Mallaiah,F,18,+91-92358-08686,Ameenpur,Patancheru,Sangareddy,2026-02-11,FAC025,Routine NCD review,Hypertension,Video,12,Yes,Yes,Yes,30,13.0,Telugu,Good,Completed
TC0004479,TEP0003428,Anitha Mallaiah,F,19,9235808686,Ameenpur,Patancheru,Sangareddy,2026-03-18,FAC025,Body pain,Hypertension,Assisted video,18,Yes,No,No,,13.0,Telugu,Fair,Completed
TC0004480,TEP0003429,Divya Khan,F,48,9486426332,Patancheru,Patancheru,Sangareddy,2026-04-23,FAC027,Cough,Hypertension,Audio,16,Yes,Yes,Yes,21,36.3,Telugu,Good,Completed
TC0004481,TEP0003430,Lalitha Goud,F,85,9141823293,PATANCHERU,Patancheru,Sangareddy,2026-02-12,FAC026,Dizziness,Musculoskeletal,Assisted video,16,Yes,No,No,,23.1,Telugu,Fair,Completed
TC0004482,TEP0003431,Kavitha Goud,F,48,9139323283,Nomula,Nakrekal,Nalgonda,2026-02-25,FAC017,Body pain,Respiratory,Audio,24,Yes,No,No,,29.9,English,Poor,Completed
TC0004483,TEP0003432,Lakshmi Goud,F,21,,Ameenpur,Patancheru,Sangareddy,2026-03-08,FAC027,Body pain,Respiratory,Audio,23,Yes,No,No,,27.9,Telugu,Poor,Completed
TC0004484,TEP0003433,Anil,M,39,9795533676,KOHIR,Zaheerabad,Sangareddy,2026-05-09,FAC023,Routine NCD review,Hypertension,Video,23,Yes,Yes,Yes,21,15.7,Telugu,Fair,Completed
TC0004485,TEP0003434,Kavitha Devi,F,54,9263005459,Gundlapally,Devarakonda,Nalgonda,2026-02-13,FAC010,Body pain,Fever/Infection,Video,11,Yes,No,Yes,7,26.3,Telugu,Good,Completed
TC0004486,TEP0003435,Harika Rao,F,73,9291392148,Bhanur,Patancheru,Sangareddy,2026-01-15,FAC025,Cough,Fever/Infection,Assisted video,10,Yes,Yes,No,,18.7,Telugu,Good,Completed
TC0004487,TEP0003435,Harika Rao,F,73,9291392148,Bhanur,Patancheru,Sangareddy,2026-04-07,FAC027,Abdominal discomfort,Fever/Infection,Video,24,Yes,Yes,Yes,21,18.4,Telugu,Good,Completed
TC0004488,TEP0003435,Harika Rao,F,74,9291392148,Bhanur,Patancheru,Sangareddy,2026-08-12,FAC025,Abdominal discomfort,Dermatology,Assisted video,14,Yes,Yes,Yes,7,18.7,Telugu,Poor,Completed
TC0004489,TEP0003436,Rani Yadav,F,63,9827267344,Gangapur,Jadcherla,Mahabubnagar,2026-02-09,FAC001,Abdominal discomfort,Musculoskeletal,Assisted video,12,Yes,No,Yes,14,20.2,Telugu,Fair,Completed
TC0004490,TEP0003437,Raghav Naik,M,20,9350170748,Balanagar,Balanagar,Mahabubnagar,2026-05-25,FAC006,Fever,Diabetes,Audio,18,Yes,No,Yes,21,1.4,Telugu,Fair,Completed
TC0004491,TEP0003438,Venkatesh Jangam,M,55,9044573032,Badepally,Jadcherla,Mahabubnagar,2026-02-24,FAC003,Body pain,Diabetes,Video,21,Yes,Yes,Yes,21,5.1,Urdu,Fair,Completed
TC0004492,TEP0003438,Venkates Jangam,M,56,9044573032,Badepalli,Jadcherla,Mahabubnagar,2026-05-25,FAC001,Skin complaint,Diabetes,Video,21,Yes,Yes,Yes,21,11.4,Urdu,Fair,Completed
TC0004493,TEP0003439,Srinivas Narsimha,M,57,9141359711,Manoor,Narayankhed,Sangareddy,2026-03-01,FAC019,Abdominal discomfort,Other,Video,15,Yes,No,Yes,7,33.3,Telugu,Poor,Completed
TC0004494,TEP0003439,Srinivas Narsimha,M,59,9141359711,Manoor,Narayankhed,Sangareddy,2026-07-12,FAC019,Headache,Gastrointestinal,Audio,8,Yes,No,No,,33.3,Telugu,Poor,Completed
TC0004495,TEP0003440,Mahesh Laxman,M,30,9958937863,Indresham,Patancheru,Sangareddy,2026-04-06,FAC026,Routine NCD review,Diabetes,Video,11,Yes,Yes,Yes,30,11.5,Telugu,Poor,Completed
TC0004496,TEP0003441,Naresh,M,66,9761736997,Peddadinne,Devarakonda,Nalgonda,2026-03-06,FAC012,Fever,Diabetes,Audio,10,Yes,Yes,No,,6.6,Telugu,Poor,Completed
TC0004497,TEP0003442,Ravi Krishna,M,31,9264231984,Donur,Midjil,Mahabubnagar,2026-06-14,FAC007,Headache,Gastrointestinal,Audio,14,Yes,No,Yes,30,23.7,Telugu,Poor,Completed
TC0004498,TEP0003443,Venkatesh Laxman,M,27,9618648504,Kummarikunta,Chandur,Nalgonda,2026-05-03,FAC015,Cough,Musculoskeletal,Assisted video,21,Yes,No,Yes,14,26.6,Telugu,Good,Completed
TC0004499,TEP0003444,Mounika Khan,F,65,9429321444,Manoor,Narayankhed,Sangareddy,2026-03-01,FAC021,Headache,Hypertension,Video,23,Yes,Yes,Yes,14,15.5,Telugu,Fair,Completed
TC0004500,TEP0003445,Sai Das,M,62,+91-96858-15992,Gangapur,Jadcherla,Mahabubnagar,2026-01-01,FAC001,Cough,Fever/Infection,Audio,9,No,Yes,Yes,7,20.2,Telugu,Poor,Completed
TC0004501,TEP0003446,Ramesh Krishna,M,33,9513597189,Peddadinne,Devarakonda,Nalgonda,2026-06-03,FAC010,Routine NCD review,Hypertension+Diabetes,Assisted video,7,Yes,No,No,,7.4,Telugu,Fair,Completed
TC0004502,TEP0003447,Deepika Jangam,F,55,9178807836,Gundlapally,Devarakonda,Nalgonda,2026-05-19,FAC011,Fever,Musculoskeletal,Assisted video,21,Yes,No,No,,29.4,Telugu,Poor,Completed
TC0004503,TEP0003447,Deepika Jangam,F,55,,Gundlapally,Devarakonda,Nalgonda,2026-07-03,FAC012,Cough,Gastrointestinal,Video,16,Yes,No,Yes,7,25.4,Telugu,Fair,Completed
TC0004504,TEP0003448,Saritha,F,38,9787919392,Patancheru,Patancheru,Sangareddy,2026-02-20,FAC027,Abdominal discomfort,Respiratory,Video,11,No,No,Yes,14,36.3,Telugu,Fair,Completed
TC0004505,TEP0003448,Saritha Narsimha,F,40,9787919392,Patancheru,Patancheru,Sangareddy,2026-03-19,FAC025,Dizziness,Other,Audio,7,Yes,No,Yes,30,25.4,Telugu,Good,Completed
TC0004506,TEP0003449,Kiran Jangam,M,79,9103510073,Kallepally,Balanagar,Mahabubnagar,2026-02-18,FAC006,Headache,Other,Audio,10,Yes,No,Yes,30,35.4,Telugu,Good,Completed
TC0004507,TEP0003450,Srilatha Yadav,F,35,,Macharam,Jadcherla,Mahabubnagar,2026-03-20,FAC003,Dizziness,Diabetes,Audio,7,Yes,No,Yes,21,12.8,Telugu,Fair,Completed
TC0004508,TEP0003450,Srilatha Yadav,F,37,9705973572,Macharam,Jadcherla,Mahabubnagar,2026-08-02,FAC001,Skin complaint,Fever/Infection,Audio,17,Yes,No,Yes,14,17.2,Telugu,Good,Completed
TC0004509,TEP0003451,Rajesh Naik,M,36,9974972950,VELPULA,Midjil,Mahabubnagar,2026-08-13,FAC009,Abdominal discomfort,Other,Assisted video,21,No,Yes,No,,4.2,Telugu,Poor,Completed
TC0004510,TEP0003452,Laksmi Basha,F,53,9022215240,Kalher,Narayankhed,Sangareddy,2026-03-06,FAC021,Abdominal discomfort,Fever/Infection,Audio,21,Yes,No,No,,22.9,Telugu,Fair,Completed
TC0004511,TEP0003452,Lakshmi Basha,F,51,9022215240,Kalher,Narayankhed,Sangareddy,2026-04-25,FAC019,Cough,Diabetes,Audio,14,Yes,Yes,Yes,21,24.9,Telugu,Fair,Completed
TC0004512,TEP0003453,sobha Krishna,F,55,9908529120,Marrur,Nakrekal,Nalgonda,2026-07-31,FAC016,Cough,Dermatology,Audio,11,No,No,Yes,30,36.5,Telugu,Good,Completed
TC0004513,TEP0003454,Divya Begum,F,30,9747635311,Ameenpur,Patancheru,Sangareddy,2026-05-21,FAC025,Routine NCD review,Diabetes,Audio,16,No,Yes,Yes,21,13.0,Urdu,Fair,Completed
TC0004514,TEP0003454,Divya Begum,F,30,9747635311,Ameenpur,Patancheru,Sangareddy,2026-07-08,FAC027,Skin complaint,Diabetes,Audio,24,Yes,Yes,Yes,14,27.9,Urdu,Poor,Completed
TC0004515,TEP0003455,Sai Goud,M,53,9959437703,KOHIR,Zaheerabad,Sangareddy,2026-05-23,FAC022,Cough,Dermatology,Assisted video,9,Yes,No,Yes,14,3.6,Telugu,Fair,Completed
TC0004516,TEP0003456,Ramesh Devi,M,65,9547223983,Kalher,Narayankhed,Sangareddy,2026-05-18,FAC021,Cough,Respiratory,Audio,15,No,No,No,,22.9,Telugu,Poor,Completed
TC0004517,TEP0003456,Ramesh Devi,M,65,9547223983,Kalher,Narayankhed,Sangareddy,2026-07-01,FAC021,Abdominal discomfort,Gastrointestinal,Audio,22,Yes,Yes,No,,22.9,Telugu,Poor,Completed
TC0004518,TEP0003457,Srinivas Rao,M,38,9053767541,Marrur,Nakrekal,Nalgonda,2026-04-04,FAC016,Body pain,Dermatology,Video,23,Yes,Yes,No,,36.5,Telugu,Poor,Completed
TC0004519,TEP0003458,Bhavani Begum,F,45,9624889567,Jharasangam,Zaheerabad,Sangareddy,2026-01-24,FAC022,Fever,Diabetes,Assisted video,19,No,Yes,No,,5.6,Telugu,Fair,Completed
TC0004520,TEP0003459,Deepika Laxman,F,45,9843197831,Ameenpu,Patancheru,Sangareddy,2026-05-02,FAC027,Cough,Dermatology,Video,12,Yes,No,Yes,14,27.9,Urdu,Fair,Completed
TC0004521,TEP0003460,Praveen,M,68,9192364388,Rajapur,Balanagar,Mahabubnagar,2026-08-09,FAC004,Skin complaint,Hypertension,Video,23,Yes,No,Yes,21,13.9,Telugu,Fair,Completed
TC0004522,TEP0003461,Venkatesh Jangam,M,25,+91-92529-88562,Vemula,Midjil,Mahabubnagar,2026-01-28,FAC007,Routine NCD review,Gastrointestinal,Audio,10,Yes,No,Yes,14,25.7,Telugu,Good,Completed
TC0004523,TEP0003461,Venkatesh Jangam,M,24,9252988562,Vemula,Midjil,Mahabubnagar,2026-01-31,FAC007,Headache,Gastrointestinal,Video,15,No,Yes,Yes,14,25.7,Telugu,Poor,Completed
TC0004524,TEP0003462,Lalitha Kumar,F,34,9337407069,Kohir,Zaheerabad,Sangareddy,2026-01-21,FAC023,Routine NCD review,Diabetes,Video,12,Yes,No,No,,15.7,Telugu,Good,Completed
TC0004525,TEP0003462,Lalitha Kumar,F,33,9337407069,Kohir,Zaheerabad,Sangareddy,2026-02-09,FAC022,Cough,Diabetes,Audio,11,Yes,No,Yes,30,3.6,Telugu,Good,Completed
TC0004526,TEP0003463,Vinod Yadav,M,72,9252497124,Midjil,Midjil,Mahabubnagar,2026-04-18,FAC007,Abdominal discomfort,Hypertension,Audio,17,Yes,No,Yes,30,7.6,Telugu,Good,Completed
TC0004527,TEP0003464,Raju Reddy,M,60,9597540270,Kangti,Narayankhed,Sangareddy,2026-01-28,FAC020,Body pain,Hypertension,Video,19,Yes,Yes,Yes,30,11.9,Telugu,Good,Completed
TC0004528,TEP0003465,Kawitha Devi,F,41,9855486372,Nakreka,Nakrekal,Nalgonda,2026-04-18,FAC018,Fever,Fever/Infection,Audio,9,No,No,Yes,30,16.2,Urdu,Poor,Completed
TC0004529,TEP0003466,Praveen Laxman,M,50,9446859899,Bodajanampet,Balanagar,Mahabubnagar,2026-01-23,FAC005,Cough,Gastrointestinal,Assisted video,15,No,No,Yes,14,26.6,Telugu,Good,Completed
TC0004530,TEP0003466,Praveen Laxman,M,52,+91-94468-59899,BODAJANAMPET,Balanagar,Mahabubnagar,2026-06-04,FAC005,Abdominal discomfort,Dermatology,Video,15,Yes,Yes,Yes,30,26.6,Telugu,Fair,Completed
TC0004531,TEP0003466,Praveen Laxman,M,53,9446859899,Bodajanampet,Balanagar,Mahabubnagar,2026-07-13,FAC004,Cough,Gastrointestinal,Audio,21,Yes,No,No,,27.6,Telugu,Poor,Completed
TC0004532,TEP0003467,Ravi Mudiraj,M,38,,Kangti,Narayankhed,Sangareddy,2026-03-07,FAC020,Body pain,Gastrointestinal,Audio,15,Yes,No,Yes,21,11.9,Telugu,Good,Completed
TC0004533,TEP0003467,Ravi Mudiraj,M,36,9965144743,Kangti,Narayankhed,Sangareddy,2026-08-09,FAC019,Dizziness,Gastrointestinal,Video,23,Yes,No,Yes,14,20.3,Telugu,Poor,Completed
TC0004534,TEP0003468,Mounika Patel,F,35,9705215421,Devarakonda,Devarakonda,Nalgonda,2026-05-07,FAC012,Headache,Other,Assisted video,19,Yes,No,No,,22.1,Urdu,Poor,Completed
TC0004535,TEP0003469,Raghav,M,51,9516846366,Macharam,Jadcherla,Mahabubnagar,2026-08-11,FAC001,Routine NCD review,Fever/Infection,Video,11,Yes,No,Yes,21,17.2,Telugu,Good,Completed
TC0004536,TEP0003470,Ramesh Laxman,M,70,9103347492,Nakrekal,Nakrekal,Nalgonda,2026-05-05,FAC018,Dizziness,Other,Video,15,Yes,Yes,Yes,21,16.2,Telugu,Poor,Completed
TC0004537,TEP0003470,Ramesh Laxman,M,69,9103347492,Nakrekal,Nakrekal,Nalgonda,2026-05-24,FAC017,Dizziness,Dermatology,Assisted video,11,No,Yes,Yes,7,36.5,Telugu,Fair,Completed
TC0004538,TEP0003471,Praveen Khan,M,38,9495993984,Devarakonda,Devarakonda,Nalgonda,2026-07-03,FAC012,Abdominal discomfort,Respiratory,Video,17,Yes,Yes,Yes,7,22.1,Telugu,Fair,Completed
TC0004539,TEP0003472,Raghav Chary,M,67,+91-92138-69571,Kangt,Narayankhed,Sangareddy,2026-02-15,FAC020,Headache,Respiratory,Video,16,Yes,No,Yes,7,11.9,Urdu,Fair,Completed
TC0004540,TEP0003473,Ravi Krishna,M,35,9929909082,Bodajanampet,Balanagar,Mahabubnagar,2026-02-12,FAC004,Routine NCD review,Fever/Infection,Assisted video,21,Yes,No,Yes,7,27.6,Telugu,Fair,Completed
TC0004541,TEP0003473,Ravi Krishna,M,37,9929909082,Bodajanampet,Balanagar,Mahabubnagar,2026-08-12,FAC005,Fever,Hypertension,Assisted video,22,No,Yes,No,,26.6,Telugu,Good,Completed
TC0004542,TEP0003474,Mahesh Khan,M,47,9014895493,Kallepally,Balanagar,Mahabubnagar,2026-01-01,FAC005,Fever,Hypertension,Assisted video,24,Yes,No,Yes,7,26.2,Telugu,Poor,Completed
TC0004543,TEP0003475,Srilatha Mudiraj,F,52,+91-99296-38653,Zaheeraba,Zaheerabad,Sangareddy,2026-06-26,FAC022,Abdominal discomfort,Fever/Infection,Video,9,No,No,Yes,7,25.3,Telugu,Good,Completed
TC0004544,TEP0003476,Anjali Yadav,F,31,9579010856,Zaheerabad,Zaheerabad,Sangareddy,2026-08-12,FAC022,Cough,Hypertension,Video,24,Yes,Yes,No,,25.3,Telugu,Poor,Completed
TC0004545,TEP0003477,Anil Yadav,M,32,9620410046,Devarakond,Devarakonda,Nalgonda,2026-07-13,FAC011,Fever,Diabetes,Audio,13,Yes,No,Yes,14,29.2,Telugu,Poor,Completed
TC0004546,TEP0003478,Mounika Jangam,F,63,9289170112,Badepally,Jadcherla,Mahabubnagar,2026-04-08,FAC003,Headache,Diabetes,Audio,19,Yes,Yes,Yes,21,5.1,Telugu,Fair,Completed
TC0004547,TEP0003479,Kiran Kumar,M,41,9364052818,Peddadinne,Devarakonda,Nalgonda,2026-06-27,FAC010,Fever,Hypertension+Diabetes,Video,22,No,No,Yes,21,7.4,Telugu,Good,Completed
TC0004548,TEP0003480,Ramesh Patel,M,43,9608649782,Ameenpur,Patancheru,Sangareddy,2026-01-26,FAC025,Body pain,Gastrointestinal,Audio,13,Yes,Yes,Yes,7,13.0,Telugu,Good,Completed
TC0004549,TEP0003481,Nresh Naik,M,48,,Midjil,Midjil,Mahabubnagar,2026-06-19,FAC008,Body pain,Respiratory,Video,21,Yes,No,Yes,21,11.3,Telugu,Good,Completed
TC0004550,TEP0003482,Harika Devi,F,48,+91-92423-47189,Nakrekal,Nakrekal,Nalgonda,2026-04-21,FAC017,Cough,Other,Audio,21,Yes,No,No,,36.5,Telugu,Fair,Completed
TC0004551,TEP0003482,Harika Devi,F,50,,Nakrekal,Nakrekal,Nalgonda,2026-06-18,FAC016,Dizziness,Other,Audio,20,Yes,Yes,Yes,14,35.5,Telugu,Poor,Completed
TC0004552,TEP0003483,Lakshmi Devi,F,54,9145839160,Kondamallepally,Devarakonda,Nalgonda,2026-07-16,FAC011,Skin complaint,Respiratory,Audio,15,Yes,Yes,Yes,30,25.7,Telugu,Fair,Completed
TC0004553,TEP0003484,Suresh Das,M,18,9384140567,Devarakonda,Devarakonda,Nalgonda,2026-06-05,FAC011,Routine NCD review,Fever/Infection,Assisted video,14,Yes,No,Yes,30,29.2,Telugu,Good,Completed
TC0004554,TEP0003485,Kiran Khan,M,84,9942943985,Bodajanampet,Balanagar,Mahabubnagar,2026-01-09,FAC004,Skin complaint,Fever/Infection,Assisted video,16,Yes,No,Yes,14,27.6,English,Fair,Completed
TC0004555,TEP0003486,Srinivas Kumar,M,70,+91-92922-17028,Marrur,Nakrekal,Nalgonda,2026-03-18,FAC017,Headache,Other,Audio,9,No,No,No,,25.8,Urdu,Good,Completed
TC0004556,TEP0003487,Raghav Basha,M,40,9378557233,Nakrekal,Nakrekal,Nalgonda,2026-02-16,FAC018,Dizziness,Musculoskeletal,Assisted video,24,No,No,Yes,21,16.2,Telugu,Poor,Completed
TC0004557,TEP0003487,Raghav Basha,M,40,9378557233,Nakrekal,Nakrekal,Nalgonda,2026-08-05,FAC017,Dizziness,Hypertension,Video,17,Yes,Yes,Yes,7,36.5,Telugu,Poor,Completed
TC0004558,TEP0003488,Shobha Khan,F,59,9848006014,Indresham,Patancheru,Sangareddy,2026-03-31,FAC026,Dizziness,Other,Video,24,Yes,No,Yes,7,11.5,Telugu,Fair,Completed
TC0004559,TEP0003489,Anitha Naik,F,30,9566184104,Zaheerabad,Zaheerabad,Sangareddy,2026-06-02,FAC022,Routine NCD review,Other,Audio,22,Yes,No,Yes,7,25.3,Telugu,Fair,Completed
TC0004560,TEP0003490,Srilatha Das,F,45,9598865909,Bangarigadda,Chandur,Nalgonda,2026-05-22,FAC015,Routine NCD review,Diabetes,Assisted video,10,No,Yes,Yes,7,18.0,Telugu,Poor,Completed
TC0004561,TEP0003490,Srilatha Das,F,44,,Bangarigadda,Chandur,Nalgonda,2026-07-15,FAC013,Cough,Diabetes,Audio,14,No,Yes,Yes,7,16.9,Telugu,Fair,Completed
TC0004562,TEP0003491,Keeran Kumar,M,19,9424071773,Peddadinne,Devarakonda,Nalgonda,2026-08-08,FAC011,Fever,Other,Audio,16,Yes,No,No,,13.9,Telugu,Good,Completed
TC0004563,TEP0003492,Anitha Khan,F,84,9829859948,Narayankhed,Narayankhed,Sangareddy,2026-01-02,FAC021,Dizziness,Other,Video,10,No,No,Yes,14,7.0,Telugu,Poor,Completed
TC0004564,TEP0003493,Nirmala,F,37,9102385415,Badepally,Jadcherla,Mahabubnagar,2026-06-12,FAC003,Skin complaint,Other,Audio,14,Yes,No,Yes,21,5.1,Urdu,Good,Completed
TC0004565,TEP0003494,Kavitha Krishna,F,48,9482547296,Kohir,Zaheerabad,Sangareddy,2026-03-27,FAC022,Body pain,Fever/Infection,Audio,10,Yes,Yes,Yes,14,3.6,Telugu,Poor,Completed
TC0004566,TEP0003494,Kavitha Krishna,F,50,9482547296,Kohir,Zaheerabad,Sangareddy,2026-05-25,FAC024,Fever,Hypertension,Video,16,Yes,No,Yes,14,6.4,Telugu,Poor,Completed
TC0004567,TEP0003495,Nirmala Goud,F,63,9748581672,Kallepally,Balanagar,Mahabubnagar,2026-06-22,FAC004,Dizziness,Fever/Infection,Audio,9,No,No,Yes,21,26.4,Telugu,Poor,Completed
TC0004568,TEP0003495,Nirmala Goud,F,59,9748581672,Kallepally,Balanagar,Mahabubnagar,2026-07-31,FAC005,Skin complaint,Dermatology,Video,15,No,Yes,Yes,7,26.2,Telugu,Poor,Completed
TC0004569,TEP0003496,Renuka Devi,F,18,9093589820,Zaheerabad,Zaheerabad,Sangareddy,2026-07-15,FAC022,Routine NCD review,Musculoskeletal,Audio,11,Yes,Yes,Yes,30,25.3,Telugu,Fair,Completed
TC0004570,TEP0003497,Ravi Yadav,M,59,9718119957,Patancheru,Patancheru,Sangareddy,2026-02-27,FAC027,Fever,Fever/Infection,Assisted video,18,No,Yes,Yes,30,36.3,Telugu,Good,Completed
TC0004571,TEP0003498,Anitha Naik,F,54,+91-99608-10008,Kangti,Narayankhed,Sangareddy,2026-08-03,FAC020,Abdominal discomfort,Hypertension,Assisted video,9,Yes,Yes,No,,11.9,Telugu,Good,Completed
TC0004572,TEP0003499,Jyothi Laxman,F,39,9201182448,Patancheru,Patancheru,Sangareddy,2026-07-23,FAC026,Headache,Hypertension,Assisted video,23,Yes,Yes,Yes,14,23.1,Telugu,Fair,Completed
TC0004573,TEP0003500,Raghav Shekar,M,39,,Patancheru,Patancheru,Sangareddy,2026-07-22,FAC025,Abdominal discomfort,Fever/Infection,Video,13,Yes,Yes,No,,25.4,Telugu,Fair,Completed
TC0004574,TEP0003501,Jyothi Basha,F,53,9518921269,Marrur,Nakrekal,Nalgonda,2026-02-21,FAC017,Dizziness,Fever/Infection,Assisted video,9,Yes,Yes,Yes,30,25.8,Telugu,Poor,Completed
TC0004575,TEP0003502,Sai Begum,M,63,9792292628,Badepally,Jadcherla,Mahabubnagar,2026-07-01,FAC002,Dizziness,Musculoskeletal,Assisted video,13,Yes,Yes,Yes,14,19.9,Telugu,Fair,Completed
TC0004576,TEP0003503,Kiran Devi,M,62,9584527928,VELPULA,Midjil,Mahabubnagar,2026-07-17,FAC007,Headache,Musculoskeletal,Video,7,Yes,No,No,,17.9,Telugu,Fair,Completed
TC0004577,TEP0003503,Kiran Devi,M,63,9584027928,Velpula,Midjil,Mahabubnagar,2026-07-18,FAC009,Body pain,Dermatology,Assisted video,9,Yes,No,Yes,7,4.2,Telugu,Good,Completed
TC0004578,TEP0003504,Sai Reddy,M,71,9840091938,Mogudampally,Zaheerabad,Sangareddy,2026-04-25,FAC023,Headache,Hypertension,Video,13,No,Yes,Yes,7,22.3,Urdu,Fair,Completed
TC0004579,TEP0003504,Sai Reddy,M,74,,Mogudampally,Zaheerabad,Sangareddy,2026-08-01,FAC022,Skin complaint,Hypertension,Assisted video,23,No,No,No,,13.2,Urdu,Good,Completed
TC0004580,TEP0003505,Harika Reddy,F,19,9958921012,Ameenpur,Patancheru,Sangareddy,2026-07-12,FAC025,Cough,Other,Audio,7,Yes,No,No,,13.0,Telugu,Fair,Completed
TC0004581,TEP0003506,Saritha Basha,F,47,9326300235,Patancheru,Patancheru,Sangareddy,2026-06-06,FAC026,Abdominal discomfort,Respiratory,Assisted video,10,Yes,No,Yes,7,23.1,Urdu,Good,Completed
TC0004582,TEP0003507,Venkatesh Kumar,M,70,9849315128,Kummarikunta,Chandur,Nalgonda,2026-03-04,FAC013,Cough,Hypertension+Diabetes,Audio,15,No,No,No,,6.5,Telugu,Poor,Completed
TC0004583,TEP0003508,Jyothi Goud,F,42,9049918018,Bodajanampet,Balanagar,Mahabubnagar,2026-07-28,FAC006,Body pain,Other,Assisted video,9,Yes,Yes,Yes,21,33.3,Telugu,Good,Completed
TC0004584,TEP0003509,Kavitha Reddy,F,63,9712182735,Jharasangam,Zaheerabad,Sangareddy,2026-01-28,FAC022,Routine NCD review,Hypertension+Diabetes,Video,24,Yes,Yes,No,,5.6,Telugu,Poor,Completed
TC0004585,TEP0003510,Mounika Mallaiah,F,47,9492156181,VEMULA,Midjil,Mahabubnagar,2026-04-05,FAC007,Dizziness,Hypertension,Assisted video,22,No,No,Yes,7,25.7,Telugu,Poor,Completed
TC0004586,TEP0003511,Jyothi Dewi,F,68,9412003319,Rajapur,Balanagar,Mahabubnagar,2026-02-11,FAC004,Cough,Fever/Infection,Video,21,Yes,No,Yes,7,13.9,Telugu,Good,Completed
TC0004587,TEP0003511,Jyoti Devi,F,68,9412803319,Rajapur,Balanagar,Mahabubnagar,2026-05-16,FAC006,Body pain,Fever/Infection,Video,23,Yes,No,Yes,21,8.7,Telugu,Good,Completed
TC0004588,TEP0003512,Nirmala Jangam,F,27,9106011091,Nakrekal,Nakrekal,Nalgonda,2026-04-05,FAC018,Dizziness,Dermatology,Audio,15,Yes,No,Yes,7,16.2,Telugu,Good,Completed
TC0004589,TEP0003512,Nirmala Jangam,F,29,9106011091,Nakrekal,Nakrekal,Nalgonda,2026-05-27,FAC016,Headache,Dermatology,Video,22,Yes,No,No,,35.5,Telugu,Poor,Completed
TC0004590,TEP0003513,Harika Laxman,F,50,9866653224,Vemula,Midjil,Mahabubnagar,2026-06-24,FAC009,Skin complaint,Dermatology,Assisted video,10,Yes,No,No,,7.3,Telugu,Poor,Completed
TC0004591,TEP0003514,Mounika Shekar,F,28,9508052427,Nermata,Chandur,Nalgonda,2026-04-16,FAC015,Dizziness,Musculoskeletal,Audio,19,No,No,Yes,30,22.4,Telugu,Good,Completed
TC0004592,TEP0003515,Anjali Kumar,F,76,9153549719,Kondamallepally,Devarakonda,Nalgonda,2026-03-23,FAC012,Fever,Other,Video,17,Yes,No,No,,19.6,Telugu,Poor,Completed
TC0004593,TEP0003516,Nirmala Yadav,F,69,9022786652,Marrur,Nakrekal,Nalgonda,2026-07-14,FAC016,Routine NCD review,Other,Assisted video,10,Yes,No,Yes,30,36.5,Telugu,Good,Completed
TC0004594,TEP0003517,Swathi Goud,F,35,9478429258,Peddadinne,Devarakonda,Nalgonda,2026-06-27,FAC011,Body pain,Other,Audio,9,Yes,No,Yes,30,13.9,Telugu,Poor,Completed
TC0004595,TEP0003518,Swathi Kumar,F,32,9449992022,Manoor,Narayankhed,Sangareddy,2026-07-23,FAC019,Dizziness,Hypertension+Diabetes,Assisted video,17,Yes,No,No,,33.3,Telugu,Fair,Completed
TC0004596,TEP0003519,Vinod Jangam,M,57,9747737478,Macharam,Jadcherla,Mahabubnagar,2026-03-02,FAC003,Routine NCD review,Other,Assisted video,16,Yes,No,No,,12.8,Telugu,Good,Completed
TC0004597,TEP0003519,Vinod Jangam,M,55,9747737478,Macharam,Jadcherla,Mahabubnagar,2026-03-23,FAC002,Skin complaint,Fever/Infection,Audio,12,Yes,Yes,Yes,30,29.4,Telugu,Poor,Completed
TC0004598,TEP0003520,Rajesh Laxman,M,44,9319940963,Bhanur,Patancheru,Sangareddy,2026-01-06,FAC027,Dizziness,Hypertension+Diabetes,Video,16,Yes,Yes,No,,18.4,Telugu,Fair,Completed
TC0004599,TEP0003521,Divya Mudiraj,F,67,9231310143,Balanagar,Balanagar,Mahabubnagar,2026-06-16,FAC006,Dizziness,Musculoskeletal,Audio,8,Yes,No,Yes,21,1.4,Telugu,Good,Completed
TC0004600,TEP0003521,Divya Mudiraj,F,68,9231310143,Balanagar,Balanagar,Mahabubnagar,2026-08-02,FAC006,Body pain,Other,Audio,16,No,No,Yes,21,1.4,Telugu,Good,Completed
TC0004601,TEP0003522,Rani Jangam,F,79,+91-91640-86093,Mangalapally,Nakrekal,Nalgonda,2026-07-25,FAC018,Abdominal discomfort,Musculoskeletal,Audio,16,Yes,No,Yes,7,35.0,Urdu,Poor,Completed
TC0004602,TEP0003523,Anitha Mudiraj,F,59,,Nermata,Chandur,Nalgonda,2026-07-21,FAC014,Skin complaint,Other,Assisted video,20,Yes,No,No,,19.2,Telugu,Fair,Completed
TC0004603,TEP0003524,Sriniwas Reddy,M,64,+91-91785-79715,Bangarigadda,Chandur,Nalgonda,2026-05-28,FAC015,Skin complaint,Other,Audio,20,No,No,Yes,30,18.0,Telugu,Poor,Completed
TC0004604,TEP0003525,Saritha Chary,F,55,9884093659,Bodajanampet,Balanagar,Mahabubnagar,2026-06-29,FAC004,Skin complaint,Hypertension,Video,19,No,Yes,No,,27.6,Telugu,Fair,Completed
TC0004605,TEP0003525,Saritha Chary,F,53,9884093659,Bodajanampet,Balanagar,Mahabubnagar,2026-08-11,FAC005,Headache,Hypertension,Audio,13,Yes,No,Yes,30,26.6,Telugu,Fair,Completed
TC0004606,TEP0003526,Mounika Devi,F,57,9565656480,Indresham,Patancheru,Sangareddy,2026-04-29,FAC027,Abdominal discomfort,Other,Audio,8,No,No,No,,22.3,Telugu,Poor,Completed
TC0004607,TEP0003527,Divya Basha,F,31,9676778351,Velpula,Midjil,Mahabubnagar,2026-02-11,FAC009,Routine NCD review,Musculoskeletal,Video,21,Yes,Yes,Yes,30,4.2,Urdu,Fair,Completed
TC0004608,TEP0003527,Divya Basha,F,29,9676778351,Velpula,Midjil,Mahabubnagar,2026-06-15,FAC008,Body pain,Fever/Infection,Assisted video,23,Yes,No,Yes,7,12.6,Urdu,Poor,Completed
TC0004609,TEP0003528,Praveen Patel,M,45,9279585553,Kummarikunta,Chandur,Nalgonda,2026-04-03,FAC013,Routine NCD review,Dermatology,Audio,20,No,Yes,Yes,21,6.5,Telugu,Good,Completed
TC0004610,TEP0003528,Praveen Patel,M,44,9279585553,Kummarikunta,Chandur,Nalgonda,2026-05-10,FAC014,Dizziness,Dermatology,Audio,15,Yes,No,Yes,7,7.3,Telugu,Poor,Completed
TC0004611,TEP0003529,Anil Basha,M,53,9150957525,Devarakond,Devarakonda,Nalgonda,2026-02-18,FAC012,Dizziness,Dermatology,Audio,13,Yes,No,Yes,7,22.1,Telugu,Poor,Completed
TC0004612,TEP0003530,Suresh Jangam,M,36,9909316513,Midjil,Midjil,Mahabubnagar,2026-05-21,FAC008,Cough,Dermatology,Assisted video,23,Yes,No,Yes,21,11.3,Telugu,Fair,Completed
TC0004613,TEP0003531,Anjali Narsimha,F,32,9942391530,Zaheerabad,Zaheerabad,Sangareddy,2026-07-07,FAC023,Cough,Diabetes,Assisted video,22,Yes,No,Yes,14,17.3,Telugu,Poor,Completed
TC0004614,TEP0003532,Padma Devi,F,32,9386569590,Midjil,Midjil,Mahabubnagar,2026-05-28,FAC007,Headache,Fever/Infection,Audio,12,Yes,Yes,No,,7.6,Telugu,Fair,Completed
TC0004615,TEP0003532,Padma Devi,F,31,+91-93865-69590,Midjil,Midjil,Mahabubnagar,2026-06-21,FAC009,Fever,Respiratory,Video,18,Yes,No,No,,19.5,Telugu,Fair,Completed
TC0004616,TEP0003532,Padma Devi,F,33,9386569590,Midjil,Midjil,Mahabubnagar,2026-08-14,FAC007,Headache,Musculoskeletal,Assisted video,7,Yes,No,Yes,14,7.6,Telugu,Fair,Completed
TC0004617,TEP0003533,Shankar Begum,M,30,+91-96663-33933,Narayankhed,Narayankhed,Sangareddy,2026-04-29,FAC020,Cough,Other,Video,12,No,Yes,Yes,21,23.7,Telugu,Fair,Completed
TC0004618,TEP0003534,Jyothi Lxman,F,38,9865758707,Peddadinne,Devarakonda,Nalgonda,2026-03-12,FAC010,Abdominal discomfort,Fever/Infection,Video,24,Yes,No,No,,7.4,Telugu,Good,Completed
TC0004619,TEP0003535,Anitha Khan,F,42,9278580233,Bhanur,Patancheru,Sangareddy,2026-04-03,FAC025,Fever,Hypertension,Audio,24,No,Yes,No,,18.7,Telugu,Fair,Completed
TC0004620,TEP0003535,Anitha Khan,F,40,9278580233,Bhanur,Patancheru,Sangareddy,2026-04-24,FAC025,Skin complaint,Hypertension,Audio,14,Yes,No,Yes,21,18.7,Telugu,Fair,Completed
TC0004621,TEP0003536,Mounika Jangam,F,40,9197790400,Zaheerabad,Zaheerabad,Sangareddy,2026-01-29,FAC024,Headache,Fever/Infection,Assisted video,9,Yes,No,Yes,30,28.3,Telugu,Poor,Completed
TC0004622,TEP0003536,Mounik Jangam,F,39,9197790400,Zaheerabad,Zaheerabad,Sangareddy,2026-02-22,FAC023,Headache,Hypertension,Audio,15,Yes,Yes,No,,17.3,Telugu,Fair,Completed
TC0004623,TEP0003536,Mounika Jangam,F,38,9197790400,ZAHEERABAD,Zaheerabad,Sangareddy,2026-02-28,FAC022,Skin complaint,Musculoskeletal,Assisted video,21,No,No,Yes,30,25.3,Telugu,Good,Completed
TC0004624,TEP0003537,Ravi Kumar,M,32,,Narayankhed,Narayankhed,Sangareddy,2026-07-14,FAC020,Body pain,Gastrointestinal,Audio,24,Yes,No,Yes,30,23.7,Telugu,Poor,Completed
TC0004625,TEP0003538,Kavitha Narsimha,F,18,9599049257,AMEENPUR,Patancheru,Sangareddy,2026-05-13,FAC027,Body pain,Fever/Infection,Video,10,Yes,No,Yes,14,27.9,Telugu,Poor,Completed
TC0004626,TEP0003539,Vinod Narsimha,M,75,9153507352,Indresham,Patancheru,Sangareddy,2026-02-21,FAC027,Fever,Musculoskeletal,Assisted video,16,Yes,No,No,,22.3,Telugu,Good,Completed
TC0004627,TEP0003540,Shankar Kumar,M,59,9549830619,Nakrekal,Nakrekal,Nalgonda,2026-07-30,FAC016,Skin complaint,Fever/Infection,Audio,12,Yes,No,Yes,30,35.5,Telugu,Good,Completed
TC0004628,TEP0003541,Mahesh Shekar,M,40,9456990147,Rajapur,Balanagar,Mahabubnagar,2026-02-11,FAC006,Abdominal discomfort,Respiratory,Assisted video,15,Yes,Yes,Yes,21,8.7,Telugu,Poor,Completed
TC0004629,TEP0003541,Mahesh Shekar,M,42,9456990147,Rajapur,Balanagar,Mahabubnagar,2026-07-04,FAC006,Headache,Respiratory,Video,16,Yes,No,Yes,30,8.7,Telugu,Poor,Completed
TC0004630,TEP0003542,Deepika Rao,F,44,9940664604,Bhanu,Patancheru,Sangareddy,2026-07-28,FAC025,Skin complaint,Dermatology,Assisted video,13,No,No,Yes,7,18.7,Telugu,Good,Completed
TC0004631,TEP0003543,Divya Kumar,F,86,9003857659,Marrur,Nakrekal,Nalgonda,2026-08-13,FAC018,Body pain,Other,Video,24,Yes,No,Yes,30,6.7,Telugu,Poor,Completed
TC0004632,TEP0003544,Divya Jangam,F,60,9574409740,Bangarigadd,Chandur,Nalgonda,2026-02-12,FAC014,Headache,Hypertension+Diabetes,Assisted video,21,Yes,No,Yes,14,17.6,English,Fair,Completed
TC0004633,TEP0003544,Divya,F,58,+91-95744-09740,Bangarigadda,Chandur,Nalgonda,2026-04-07,FAC015,Routine NCD review,Hypertension,Audio,11,No,Yes,Yes,14,18.0,English,Fair,Completed
TC0004634,TEP0003545,Mounika Rao,F,36,9381278659,Marrur,Nakrekal,Nalgonda,2026-06-17,FAC017,Abdominal discomfort,Musculoskeletal,Audio,18,Yes,No,Yes,7,25.8,Telugu,Fair,Completed
TC0004635,TEP0003546,Shankar Chary,M,57,9691777907,Kallepally,Balanagar,Mahabubnagar,2026-05-07,FAC006,Skin complaint,Respiratory,Assisted video,22,Yes,No,Yes,14,35.4,Urdu,Poor,Completed
TC0004636,TEP0003547,Divya Basha,F,39,+91-97034-07057,Donur,Midjil,Mahabubnagar,2026-07-24,FAC007,Dizziness,Dermatology,Video,7,Yes,No,No,,23.7,Telugu,Good,Completed
TC0004637,TEP0003548,Deepik Shekar,F,30,9736515474,Kummarikunta,Chandur,Nalgonda,2026-04-24,FAC014,Headache,Respiratory,Video,12,Yes,Yes,Yes,30,7.3,Telugu,Fair,Completed
TC0004638,TEP0003549,Sushma Krishna,F,63,9610471382,Badepally,Jadcherla,Mahabubnagar,2026-01-12,FAC002,Abdominal discomfort,Musculoskeletal,Audio,13,Yes,No,No,,19.9,Telugu,Good,Completed
TC0004639,TEP0003549,Sushma Krishna,F,61,9610471382,Badepalli,Jadcherla,Mahabubnagar,2026-04-24,FAC002,Routine NCD review,Fever/Infection,Audio,12,Yes,No,Yes,7,19.9,Telugu,Fair,Completed
TC0004640,TEP0003550,Ramesh Reddy,M,32,+91-98395-15822,Balanagar,Balanagar,Mahabubnagar,2026-02-18,FAC006,Headache,Hypertension,Audio,22,Yes,Yes,Yes,21,1.4,Urdu,Fair,Completed
TC0004641,TEP0003551,Naresh Basha,M,64,9486807742,Velpula,Midjil,Mahabubnagar,2026-03-30,FAC009,Abdominal discomfort,Hypertension,Audio,7,No,Yes,Yes,30,4.2,Urdu,Good,Completed
TC0004642,TEP0003552,Sarita Laxman,F,49,9135314056,Donur,Midjil,Mahabubnagar,2026-06-24,FAC007,Routine NCD review,Hypertension,Audio,17,Yes,Yes,No,,23.7,Telugu,Poor,Completed
TC0004643,TEP0003553,Shobha Khan,F,61,9158837509,Chandur,Chandur,Nalgonda,2026-05-20,FAC015,Cough,Other,Assisted video,7,Yes,No,No,,29.7,Telugu,Fair,Completed
TC0004644,TEP0003554,Rajesh Laxman,M,41,9548217278,Devarakonda,Devarakonda,Nalgonda,2026-01-23,FAC012,Abdominal discomfort,Respiratory,Audio,12,No,No,Yes,14,22.1,Telugu,Good,Completed
TC0004645,TEP0003554,Rajesh Laxman,M,42,9548617278,Devarakonda,Devarakonda,Nalgonda,2026-08-07,FAC011,Dizziness,Respiratory,Audio,12,No,No,No,,29.2,Telugu,Poor,Completed
TC0004646,TEP0003555,Bhavani Das,F,38,9907317724,Zaheerabad,Zaheerabad,Sangareddy,2026-02-06,FAC022,Body pain,Dermatology,Video,16,Yes,Yes,Yes,14,25.3,Telugu,Poor,Completed
TC0004647,TEP0003555,Bhavani Das,F,40,9907317724,Zaheerabad,Zaheerabad,Sangareddy,2026-04-07,FAC024,Abdominal discomfort,Diabetes,Audio,17,Yes,Yes,Yes,30,28.3,Telugu,Good,Completed
TC0004648,TEP0003556,Jyothi Khan,F,81,9351692023,Ameenpur,Patancheru,Sangareddy,2026-01-28,FAC025,Fever,Dermatology,Audio,10,Yes,No,No,,13.0,Telugu,Good,Completed
TC0004649,TEP0003557,Praveen Jangam,M,73,9367143256,Ameenpur,Patancheru,Sangareddy,2026-06-17,FAC026,Routine NCD review,Other,Assisted video,12,Yes,Yes,Yes,21,9.7,Telugu,Poor,Completed
TC0004650,TEP0003558,Saritha Jangam,F,44,9540419018,Jharasangam,Zaheerabad,Sangareddy,2026-01-12,FAC023,Abdominal discomfort,Other,Video,9,Yes,No,Yes,21,18.7,Telugu,Fair,Completed
TC0004651,TEP0003559,Raghav Patel,M,23,9068783259,Macharam,Jadcherla,Mahabubnagar,2026-04-16,FAC002,Routine NCD review,Hypertension,Audio,9,Yes,No,Yes,21,29.4,Telugu,Good,Completed
TC0004652,TEP0003560,Anjali Reddy,F,61,,Polepally,Jadcherla,Mahabubnagar,2026-06-14,FAC002,Skin complaint,Musculoskeletal,Assisted video,9,No,No,Yes,14,8.3,Telugu,Fair,Completed
TC0004653,TEP0003561,Santosh Basha,M,72,9954205520,Kohir,Zaheerabad,Sangareddy,2026-06-01,FAC022,Body pain,Diabetes,Video,20,Yes,Yes,Yes,14,3.6,Urdu,Good,Completed
TC0004654,TEP0003561,Santosh Basha,M,70,9954205520,KOHIR,Zaheerabad,Sangareddy,2026-07-10,FAC023,Routine NCD review,Diabetes,Video,14,Yes,No,Yes,7,15.7,Urdu,Poor,Completed
TC0004655,TEP0003562,Venkatesh Krishna,M,40,9738673515,Devarakonda,Devarakonda,Nalgonda,2026-03-21,FAC011,Body pain,Fever/Infection,Video,8,Yes,Yes,Yes,21,29.2,Telugu,Fair,Completed
TC0004656,TEP0003563,Santosh Mudiraj,M,46,9376663040,Mangalapally,Nakrekal,Nalgonda,2026-06-07,FAC016,Fever,Musculoskeletal,Assisted video,8,Yes,Yes,Yes,7,4.1,Telugu,Good,Completed
TC0004657,TEP0003563,Santosh Mudiraj,M,46,9376660040,Mangalapally,Nakrekal,Nalgonda,2026-07-02,FAC018,Dizziness,Fever/Infection,Video,23,Yes,No,Yes,21,35.0,Telugu,Poor,Completed
TC0004658,TEP0003564,Lalitha Laxman,F,65,9709223125,Bangarigadda,Chandur,Nalgonda,2026-06-01,FAC015,Body pain,Other,Audio,15,No,No,Yes,21,18.0,Telugu,Fair,Completed
TC0004659,TEP0003564,Lalitha Laxman,F,65,9709223125,Bangarigadda,Chandur,Nalgonda,2026-06-27,FAC015,Skin complaint,Musculoskeletal,Video,22,Yes,No,Yes,30,18.0,Telugu,Fair,Completed
TC0004660,TEP0003565,Bhavani Das,F,39,9034906060,KONDAMALLEPALLY,Devarakonda,Nalgonda,2026-01-05,FAC012,Body pain,Dermatology,Audio,22,Yes,No,No,,19.6,Telugu,Fair,Completed
TC0004661,TEP0003565,Bhavani Das,F,42,+91-90349-06060,Kondamallepally,Devarakonda,Nalgonda,2026-03-09,FAC011,Routine NCD review,Dermatology,Assisted video,12,No,No,Yes,7,25.7,Telugu,Poor,Completed
TC0004662,TEP0003566,Mounika Naik,F,53,+91-93616-49496,DONUR,Midjil,Mahabubnagar,2026-07-10,FAC009,Dizziness,Diabetes,Assisted video,7,Yes,Yes,No,,14.1,Telugu,Poor,Completed
TC0004663,TEP0003567,Renuka Narsimha,F,53,,Devarakonda,Devarakonda,Nalgonda,2026-06-11,FAC011,Cough,Diabetes,Video,9,Yes,No,Yes,30,29.2,Telugu,Fair,Completed
TC0004664,TEP0003567,Renuka Narsimha,F,54,9739291185,Devarakonda,Devarakonda,Nalgonda,2026-08-09,FAC011,Routine NCD review,Diabetes,Assisted video,16,Yes,No,No,,29.2,Telugu,Good,Completed
TC0004665,TEP0003568,Arun Basha,M,73,9152315414,Gangapur,Jadcherla,Mahabubnagar,2026-03-01,FAC003,Abdominal discomfort,Diabetes,Video,17,Yes,Yes,Yes,14,26.4,Telugu,Poor,Completed
TC0004666,TEP0003569,Anil Rao,M,51,9554730180,Bhanur,Patancheru,Sangareddy,2026-01-27,FAC026,Skin complaint,Other,Audio,7,Yes,No,Yes,30,12.8,Telugu,Good,Completed
TC0004667,TEP0003570,Anil Begum,M,47,,Kangti,Narayankhed,Sangareddy,2026-01-18,FAC019,Headache,Diabetes,Audio,14,Yes,No,No,,20.3,Telugu,Poor,Completed
TC0004668,TEP0003571,Saritha Krishna,F,71,9093964952,Bodajanampet,Balanagar,Mahabubnagar,2026-08-04,FAC004,Abdominal discomfort,Fever/Infection,Assisted video,19,Yes,No,No,,27.6,Telugu,Poor,Completed
TC0004669,TEP0003572,Suresh Goud,M,44,+91-96402-23811,Indresham,Patancheru,Sangareddy,2026-04-26,FAC026,Cough,Diabetes,Assisted video,10,Yes,Yes,No,,11.5,Telugu,Poor,Completed
TC0004670,TEP0003573,Shankar Patel,M,36,9999392369,Donur,Midjil,Mahabubnagar,2026-02-27,FAC008,Routine NCD review,Other,Video,21,Yes,No,Yes,14,9.4,Telugu,Good,Completed
TC0004671,TEP0003573,Shankar Patel,M,37,9999392369,Donur,Midjil,Mahabubnagar,2026-03-16,FAC007,Abdominal discomfort,Hypertension,Assisted video,13,Yes,No,No,,23.7,Telugu,Poor,Completed
TC0004672,TEP0003573,Shankar Patel,M,37,9999392369,Donur,Midjil,Mahabubnagar,2026-07-25,FAC009,Fever,Hypertension,Assisted video,9,No,Yes,No,,14.1,Telugu,Good,Completed
TC0004673,TEP0003574,Naveen Khan,M,54,9036830789,KALHER,Narayankhed,Sangareddy,2026-01-23,FAC021,Headache,Other,Audio,15,Yes,No,Yes,21,22.9,Telugu,Poor,Completed
TC0004674,TEP0003574,Naveen Khan,M,53,+91-90368-30759,Kalher,Narayankhed,Sangareddy,2026-05-28,FAC020,Routine NCD review,Hypertension,Audio,7,Yes,No,Yes,21,29.6,Telugu,Poor,Completed
TC0004675,TEP0003575,Nirmala Shekar,F,60,+91-92050-88656,CHANDUR,Chandur,Nalgonda,2026-03-18,FAC014,Headache,Fever/Infection,Assisted video,7,Yes,Yes,Yes,7,20.6,Telugu,Poor,Completed
TC0004676,TEP0003575,Nirmla Shekar,F,60,,Chandur,Chandur,Nalgonda,2026-04-13,FAC014,Headache,Other,Assisted video,20,Yes,No,Yes,7,20.6,Telugu,Good,Completed
TC0004677,TEP0003576,Kiran Goud,M,58,9418272297,Bangarigadda,Chandur,Nalgonda,2026-01-09,FAC013,Body pain,Hypertension+Diabetes,Video,8,No,Yes,Yes,21,16.9,Urdu,Good,Completed
TC0004678,TEP0003577,Santosh Narsimha,M,34,9307913966,Macharam,Jadcherla,Mahabubnagar,2026-04-27,FAC002,Skin complaint,Dermatology,Assisted video,7,No,Yes,Yes,21,29.4,Telugu,Poor,Completed
TC0004679,TEP0003577,Santosh Narsimha,M,30,9307913966,Macharam,Jadcherla,Mahabubnagar,2026-05-20,FAC001,Body pain,Fever/Infection,Audio,19,Yes,No,Yes,7,17.2,Telugu,Good,Completed
TC0004680,TEP0003577,Santosh Narsimha,M,30,,Macharam,Jadcherla,Mahabubnagar,2026-07-02,FAC001,Cough,Musculoskeletal,Assisted video,11,Yes,No,Yes,7,17.2,Telugu,Fair,Completed
TC0004681,TEP0003578,Sushma Shekar,F,43,9441234174,Bangarigadda,Chandur,Nalgonda,2026-07-03,FAC013,Cough,Hypertension+Diabetes,Video,12,Yes,No,Yes,30,16.9,Telugu,Good,Completed
TC0004682,TEP0003579,Swathi Goud,F,46,9840843828,Manoor,Narayankhed,Sangareddy,2026-03-08,FAC019,Dizziness,Hypertension,Video,11,Yes,No,Yes,7,33.3,Urdu,Fair,Completed
TC0004683,TEP0003579,Swathi Goud,F,46,,Manoor,Narayankhed,Sangareddy,2026-05-07,FAC021,Abdominal discomfort,Fever/Infection,Video,9,Yes,Yes,Yes,30,15.5,Urdu,Fair,Completed
TC0004684,TEP0003580,Renuka Khan,F,63,9767590972,Midjil,Midjil,Mahabubnagar,2026-05-21,FAC009,Dizziness,Gastrointestinal,Assisted video,11,Yes,No,No,,19.5,English,Poor,Completed
TC0004685,TEP0003581,Rajes Naik,M,61,9896554339,Balanagar,Balanagar,Mahabubnagar,2026-08-05,FAC005,Cough,Hypertension,Assisted video,17,Yes,Yes,No,,10.4,Telugu,Good,Completed
TC0004686,TEP0003582,Shobha Laxman,F,62,9863186098,Zaheerabad,Zaheerabad,Sangareddy,2026-07-24,FAC022,Routine NCD review,Fever/Infection,Audio,9,Yes,No,No,,25.3,Telugu,Fair,Completed
TC0004687,TEP0003583,Venkatesh Patel,M,47,9564074134,BANGARIGADDA,Chandur,Nalgonda,2026-06-09,FAC015,Body pain,Hypertension,Video,22,Yes,No,Yes,7,18.0,English,Fair,Completed
TC0004688,TEP0003584,Rani Mallaiah,F,50,9938708317,PATANCHERU,Patancheru,Sangareddy,2026-02-08,FAC027,Abdominal discomfort,Hypertension,Video,14,Yes,Yes,No,,36.3,Telugu,Good,Completed
TC0004689,TEP0003585,Shobha Shekar,F,69,9499792440,Jharasangam,Zaheerabad,Sangareddy,2026-03-23,FAC023,Body pain,Hypertension,Assisted video,21,Yes,Yes,Yes,7,18.7,Urdu,Fair,Completed
TC0004690,TEP0003586,Kiran Patel,M,42,,Manoor,Narayankhed,Sangareddy,2026-07-02,FAC019,Body pain,Gastrointestinal,Assisted video,23,Yes,No,Yes,30,33.3,Telugu,Fair,Completed
TC0004691,TEP0003587,Srilatha Naik,F,37,9071416832,Vemula,Midjil,Mahabubnagar,2026-02-02,FAC008,Routine NCD review,Fever/Infection,Video,23,No,No,Yes,7,22.2,English,Fair,Completed
TC0004692,TEP0003588,Renuka Yadav,F,18,9830475114,Mangalapally,Nakrekal,Nalgonda,2026-06-09,FAC016,Skin complaint,Other,Assisted video,16,No,No,Yes,21,4.1,Telugu,Fair,Completed
TC0004693,TEP0003589,Sai Rao,M,71,9944734544,Manoor,Narayankhed,Sangareddy,2026-08-13,FAC019,Routine NCD review,Musculoskeletal,Video,14,Yes,No,No,,33.3,Telugu,Fair,Completed
TC0004694,TEP0003590,Kawitha Das,F,18,9493084836,Mogudampally,Zaheerabad,Sangareddy,2026-01-04,FAC023,Headache,Dermatology,Video,23,Yes,Yes,No,,22.3,Telugu,Fair,Completed
TC0004695,TEP0003591,Deepika Narsimha,F,42,+91-95725-78213,Kallepally,Balanagar,Mahabubnagar,2026-04-12,FAC004,Skin complaint,Fever/Infection,Video,7,Yes,No,Yes,14,26.4,Urdu,Good,Completed
TC0004696,TEP0003591,Deepika Narsimha,F,38,9572578213,Kallepally,Balanagar,Mahabubnagar,2026-05-29,FAC004,Routine NCD review,Dermatology,Assisted video,14,Yes,No,No,,26.4,Urdu,Poor,Completed
TC0004697,TEP0003592,Anjali Krishna,F,53,+91-98091-55486,Macharam,Jadcherla,Mahabubnagar,2026-08-02,FAC002,Cough,Gastrointestinal,Audio,9,No,No,Yes,14,29.4,Telugu,Good,Completed
TC0004698,TEP0003593,Kiran Mallaiah,M,30,,Nakrekal,Nakrekal,Nalgonda,2026-02-05,FAC016,Routine NCD review,Fever/Infection,Audio,16,No,No,Yes,7,35.5,Urdu,Fair,Completed
TC0004699,TEP0003594,Anitha Shekar,F,48,9265254291,Kondamallepally,Devarakonda,Nalgonda,2026-02-26,FAC010,Body pain,Hypertension,Audio,21,Yes,Yes,No,,20.0,Telugu,Good,Completed
TC0004700,TEP0003594,Anitha Shekar,F,48,9565254291,Kondamallepalli,Devarakonda,Nalgonda,2026-07-03,FAC012,Body pain,Fever/Infection,Assisted video,14,No,Yes,Yes,21,19.6,Telugu,Fair,Completed
TC0004701,TEP0003595,Sai Mudiraj,M,46,9640389832,Bhanur,Patancheru,Sangareddy,2026-05-20,FAC027,Cough,Hypertension,Assisted video,20,Yes,No,No,,18.4,Telugu,Fair,Completed
TC0004702,TEP0003596,Rani Laxman,F,26,,Mangalapally,Nakrekal,Nalgonda,2026-05-24,FAC016,Dizziness,Musculoskeletal,Assisted video,21,Yes,Yes,No,,4.1,Telugu,Fair,Completed
TC0004703,TEP0003597,Nveen Yadav,M,35,+91-97429-97221,Vemula,Midjil,Mahabubnagar,2026-06-03,FAC007,Fever,Dermatology,Video,7,Yes,No,Yes,30,25.7,Telugu,Poor,Completed
TC0004704,TEP0003598,Arun Laxman,M,40,9400303942,Nakrekal,Nakrekal,Nalgonda,2026-01-21,FAC018,Dizziness,Gastrointestinal,Audio,14,Yes,Yes,Yes,14,16.2,Telugu,Fair,Completed
TC0004705,TEP0003599,Lakshmi Devi,F,50,9237483758,Mangalapalli,Nakrekal,Nalgonda,2026-04-12,FAC017,Body pain,Gastrointestinal,Audio,19,Yes,No,Yes,30,21.1,Telugu,Poor,Completed
TC0004706,TEP0003600,Shankar Goud,M,54,9184113689,Midjil,Midjil,Mahabubnagar,2026-07-31,FAC008,Dizziness,Musculoskeletal,Audio,15,No,No,No,,11.3,Telugu,Good,Completed
TC0004707,TEP0003601,Praveen Patel,M,56,9757792573,Patancheru,Patancheru,Sangareddy,2026-04-16,FAC026,Headache,Hypertension,Video,22,Yes,No,Yes,14,23.1,Telugu,Fair,Completed
TC0004708,TEP0003601,Praveen Patel,M,54,9757792573,Patancheru,Patancheru,Sangareddy,2026-05-26,FAC026,Body pain,Other,Audio,16,Yes,No,No,,23.1,Telugu,Poor,Completed
TC0004709,TEP0003602,Ravi Begum,M,18,,Narayankhed,Narayankhed,Sangareddy,2026-03-11,FAC020,Headache,Diabetes,Assisted video,20,No,No,Yes,7,23.7,Telugu,Poor,Completed
TC0004710,TEP0003602,Ravi Begum,M,18,9613320244,Narayankhed,Narayankhed,Sangareddy,2026-05-10,FAC021,Skin complaint,Fever/Infection,Assisted video,20,Yes,No,No,,7.0,Telugu,Poor,Completed
TC0004711,TEP0003603,Ramesh Laxman,M,54,9296225174,Macharam,Jadcherla,Mahabubnagar,2026-05-27,FAC001,Routine NCD review,Musculoskeletal,Assisted video,10,Yes,No,No,,17.2,Telugu,Fair,Completed
TC0004712,TEP0003603,Ramesh Laxman,M,55,9296225174,Macharam,Jadcherla,Mahabubnagar,2026-07-12,FAC001,Routine NCD review,Gastrointestinal,Assisted video,7,Yes,No,Yes,14,17.2,Telugu,Poor,Completed
TC0004713,TEP0003604,Lakshmi Goud,F,47,,Kohir,Zaheerabad,Sangareddy,2026-05-15,FAC023,Cough,Hypertension,Video,9,Yes,No,No,,15.7,Telugu,Poor,Completed
TC0004714,TEP0003605,Swathi,F,43,9272301701,Kangti,Narayankhed,Sangareddy,2026-04-12,FAC020,Skin complaint,Hypertension,Assisted video,15,Yes,Yes,No,,11.9,Telugu,Good,Completed
TC0004715,TEP0003606,Susma Shekar,F,22,9564093155,Rajapur,Balanagar,Mahabubnagar,2026-07-12,FAC005,Fever,Gastrointestinal,Assisted video,23,Yes,No,Yes,7,12.6,Telugu,Fair,Completed
TC0004716,TEP0003607,Lalitha Begum,F,76,9947340722,Peddadinne,Devarakonda,Nalgonda,2026-01-28,FAC011,Abdominal discomfort,Dermatology,Assisted video,13,Yes,No,Yes,30,13.9,Telugu,Good,Completed
TC0004717,TEP0003608,Harika Jangam,F,41,9547713616,Gundlapally,Devarakonda,Nalgonda,2026-08-03,FAC011,Routine NCD review,Diabetes,Assisted video,11,Yes,No,No,,29.4,Telugu,Good,Completed
TC0004718,TEP0003609,Arun Yadav,M,78,9711913815,Indresham,Patancheru,Sangareddy,2026-08-07,FAC027,Routine NCD review,Dermatology,Audio,19,Yes,No,Yes,21,22.3,Telugu,Good,Completed
TC0004719,TEP0003610,Rani Yadaw,F,67,9765418298,Peddadinne,Devarakonda,Nalgonda,2026-01-10,FAC010,Fever,Other,Video,23,No,No,Yes,7,7.4,Telugu,Fair,Completed
TC0004720,TEP0003610,Rani Yadav,F,67,9765418298,Peddadinne,Devarakonda,Nalgonda,2026-08-06,FAC010,Cough,Dermatology,Video,12,Yes,Yes,Yes,14,7.4,Telugu,Fair,Completed
TC0004721,TEP0003611,Raju Mallaiah,M,33,,Bhanur,Patancheru,Sangareddy,2026-05-07,FAC027,Body pain,Hypertension,Audio,13,Yes,Yes,Yes,21,18.4,English,Fair,Completed
TC0004722,TEP0003611,Raju Mallaiah,M,34,9432472300,BHANUR,Patancheru,Sangareddy,2026-06-01,FAC026,Abdominal discomfort,Other,Assisted video,14,Yes,Yes,Yes,30,12.8,English,Good,Completed
TC0004723,TEP0003612,Kiran Reddy,M,20,9274671241,Chandur,Chandur,Nalgonda,2026-04-16,FAC015,Body pain,Fever/Infection,Video,9,No,No,No,,29.7,Urdu,Fair,Completed
TC0004724,TEP0003613,Shobha Yadav,F,36,+91-93377-22084,Kalher,Narayankhed,Sangareddy,2026-01-06,FAC020,Fever,Dermatology,Video,16,Yes,No,No,,29.6,Telugu,Good,Completed
TC0004725,TEP0003614,Lalitha Patel,F,49,+91-97894-99677,AMEENPUR,Patancheru,Sangareddy,2026-03-27,FAC027,Skin complaint,Fever/Infection,Video,24,Yes,No,No,,27.9,Telugu,Good,Completed
TC0004726,TEP0003615,Anil Begum,M,18,9694484446,Kohir,Zaheerabad,Sangareddy,2026-03-05,FAC023,Dizziness,Musculoskeletal,Audio,12,Yes,No,Yes,7,15.7,Telugu,Fair,Completed
TC0004727,TEP0003616,Rajesh Khan,M,24,+91-94610-07722,Jharasangam,Zaheerabad,Sangareddy,2026-06-28,FAC024,Cough,Other,Assisted video,14,Yes,No,No,,2.6,English,Fair,Completed
TC0004728,TEP0003617,Lakshmi Mallaiah,F,37,9734095602,Zaheerabad,Zaheerabad,Sangareddy,2026-07-05,FAC024,Fever,Dermatology,Video,15,Yes,No,Yes,7,28.3,Telugu,Fair,Completed
TC0004729,TEP0003618,Nirmala Devi,F,47,9070785592,Nomula,Nakrekal,Nalgonda,2026-06-30,FAC018,Abdominal discomfort,Dermatology,Audio,21,Yes,No,Yes,21,2.2,Telugu,Fair,Completed
TC0004730,TEP0003619,Ramesh Mudiraj,M,48,9501702608,Rajapur,Balanagar,Mahabubnagar,2026-06-13,FAC005,Skin complaint,Diabetes,Audio,10,Yes,No,Yes,30,12.6,Telugu,Poor,Completed
TC0004731,TEP0003620,Vinod Yadav,M,48,9249746010,Badepally,Jadcherla,Mahabubnagar,2026-08-12,FAC001,Cough,Hypertension,Video,12,Yes,No,Yes,7,11.4,Telugu,Good,Completed
TC0004732,TEP0003621,Padma Das,F,49,9547662099,Kummarikunta,Chandur,Nalgonda,2026-04-18,FAC014,Fever,Other,Audio,24,Yes,No,Yes,30,7.3,Urdu,Poor,Completed
TC0004733,TEP0003622,Naveen Patel,M,71,9162851878,BHANUR,Patancheru,Sangareddy,2026-01-18,FAC026,Abdominal discomfort,Hypertension,Audio,8,Yes,Yes,No,,12.8,Telugu,Good,Completed
TC0004734,TEP0003623,Ramesh Shekar,M,72,9419794753,Jharasangam,Zaheerabad,Sangareddy,2026-04-14,FAC024,Fever,Respiratory,Audio,15,Yes,No,No,,2.6,Telugu,Good,Completed
TC0004735,TEP0003623,Ramesh Shekar,M,71,9419794753,Jharasangam,Zaheerabad,Sangareddy,2026-06-28,FAC023,Skin complaint,Fever/Infection,Audio,20,No,No,Yes,21,18.7,Telugu,Poor,Completed
TC0004736,TEP0003624,Anitha Krishna,F,76,9563259197,Kallepally,Balanagar,Mahabubnagar,2026-02-26,FAC006,Skin complaint,Fever/Infection,Assisted video,14,No,No,No,,35.4,Telugu,Fair,Completed
TC0004737,TEP0003625,Saritha Jangam,F,41,9283162337,Zaheerabad,Zaheerabad,Sangareddy,2026-08-11,FAC022,Dizziness,Musculoskeletal,Audio,16,Yes,Yes,No,,25.3,Telugu,Poor,Completed
TC0004738,TEP0003626,Divya,F,33,9490771578,Midjil,Midjil,Mahabubnagar,2026-04-02,FAC007,Body pain,Other,Assisted video,7,Yes,Yes,Yes,21,7.6,Telugu,Good,Completed
TC0004739,TEP0003627,Saritha Reddy,F,35,,Bhanur,Patancheru,Sangareddy,2026-01-12,FAC026,Skin complaint,Diabetes,Video,8,No,Yes,Yes,21,12.8,Telugu,Good,Completed
TC0004740,TEP0003628,Renuka Begum,F,38,,Kummarikunta,Chandur,Nalgonda,2026-07-14,FAC014,Headache,Diabetes,Assisted video,13,Yes,No,Yes,21,7.3,Telugu,Fair,Completed
TC0004741,TEP0003629,Sushma Naik,F,53,+91-92563-75325,Narayankhed,Narayankhed,Sangareddy,2026-06-01,FAC021,Headache,Musculoskeletal,Audio,9,Yes,No,Yes,30,7.0,Telugu,Fair,Completed
TC0004742,TEP0003630,Padma Shekar,F,54,9628683557,Zaheerabad,Zaheerabad,Sangareddy,2026-01-09,FAC022,Fever,Other,Video,22,Yes,No,No,,25.3,Telugu,Good,Completed
TC0004743,TEP0003631,Anjali Khan,F,37,+91-97620-29828,Gundlapally,Devarakonda,Nalgonda,2026-01-17,FAC012,Body pain,Fever/Infection,Video,20,Yes,No,Yes,21,25.4,Telugu,Good,Completed
TC0004744,TEP0003632,Mahesh Mallaiah,M,66,9861075854,Mangalapally,Nakrekal,Nalgonda,2026-04-21,FAC017,Dizziness,Respiratory,Audio,8,Yes,Yes,Yes,21,21.1,Telugu,Good,Completed
TC0004745,TEP0003632,Mahesh Mallaiah,M,67,9861075854,Mangalapall,Nakrekal,Nalgonda,2026-05-17,FAC018,Cough,Respiratory,Audio,11,Yes,No,No,,35.0,Telugu,Fair,Completed
TC0004746,TEP0003633,Arun,M,32,9811631314,Midjil,Midjil,Mahabubnagar,2026-03-17,FAC009,Routine NCD review,Other,Audio,24,Yes,No,Yes,7,19.5,Telugu,Fair,Completed
TC0004747,TEP0003634,Mohan Khan,M,47,9806587297,Indresham,Patancheru,Sangareddy,2026-08-04,FAC027,Dizziness,Fever/Infection,Audio,21,No,No,Yes,7,22.3,Telugu,Fair,Completed
TC0004748,TEP0003635,Renuka Das,F,31,9447204253,Kondamallepally,Devarakonda,Nalgonda,2026-04-04,FAC010,Fever,Respiratory,Audio,17,Yes,No,Yes,30,20.0,Telugu,Poor,Completed
TC0004749,TEP0003636,Padma Narsimha,F,42,9021645332,Macharam,Jadcherla,Mahabubnagar,2026-03-29,FAC001,Fever,Diabetes,Audio,23,Yes,No,Yes,30,17.2,Telugu,Poor,Completed
TC0004750,TEP0003636,Padma Narsimha,F,42,9021645332,Macharam,Jadcherla,Mahabubnagar,2026-04-30,FAC003,Routine NCD review,Diabetes,Audio,8,Yes,No,Yes,7,12.8,Telugu,Poor,Completed
TC0004751,TEP0003637,Jyothee Mudiraj,F,26,9053907586,Kondamallepally,Devarakonda,Nalgonda,2026-02-22,FAC012,Fever,Respiratory,Audio,21,Yes,No,No,,19.6,Telugu,Good,Completed
TC0004752,TEP0003638,Renuka Laxman,F,30,9518588910,Vemula,Midjil,Mahabubnagar,2026-03-28,FAC008,Fever,Dermatology,Video,24,Yes,No,Yes,30,22.2,English,Fair,Completed
TC0004753,TEP0003639,Renuka Mudiraj,F,58,,Gangapur,Jadcherla,Mahabubnagar,2026-06-22,FAC003,Dizziness,Diabetes,Assisted video,8,Yes,Yes,Yes,21,26.4,Telugu,Poor,Completed
TC0004754,TEP0003639,Renuka Mudiraj,F,58,9338556303,Gangapur,Jadcherla,Mahabubnagar,2026-08-13,FAC003,Fever,Diabetes,Audio,23,Yes,No,No,,26.4,Telugu,Poor,Completed
TC0004755,TEP0003640,Venkatesh Das,M,75,9216660187,Kangti,Narayankhed,Sangareddy,2026-01-31,FAC019,Cough,Diabetes,Audio,20,Yes,No,Yes,30,20.3,Telugu,Good,Completed
TC0004756,TEP0003641,Ravi Narsimha,M,63,9094517292,Badepally,Jadcherla,Mahabubnagar,2026-02-10,FAC001,Dizziness,Dermatology,Assisted video,7,Yes,Yes,Yes,14,11.4,Telugu,Poor,Completed
TC0004757,TEP0003642,Raju Mallaiah,M,39,9671851570,Manoor,Narayankhed,Sangareddy,2026-01-09,FAC021,Skin complaint,Dermatology,Video,16,Yes,Yes,Yes,7,15.5,Telugu,Poor,Completed
TC0004758,TEP0003642,Raju Mallaeeah,M,39,9671851570,Manoor,Narayankhed,Sangareddy,2026-06-23,FAC021,Dizziness,Diabetes,Video,8,No,Yes,Yes,21,15.5,Telugu,Good,Completed
TC0004759,TEP0003643,Aneel Patel,M,43,9467824030,Narayankhed,Narayankhed,Sangareddy,2026-02-27,FAC019,Body pain,Hypertension,Audio,14,No,No,Yes,7,28.2,Telugu,Poor,Completed
TC0004760,TEP0003643,Anil Patel,M,44,9437824030,Narayankhed,Narayankhed,Sangareddy,2026-05-17,FAC020,Headache,Musculoskeletal,Audio,18,Yes,No,No,,23.7,Telugu,Fair,Completed
TC0004761,TEP0003644,Nirmala Krishna,F,31,9503644365,Kohir,Zaheerabad,Sangareddy,2026-06-15,FAC024,Routine NCD review,Dermatology,Assisted video,16,Yes,No,Yes,14,6.4,Telugu,Good,Completed
TC0004762,TEP0003644,Nirmala Krishna,F,32,9503644365,Kohir,Zaheerabad,Sangareddy,2026-08-03,FAC022,Headache,Musculoskeletal,Video,21,Yes,No,No,,3.6,Telugu,Good,Completed
TC0004763,TEP0003645,Kiran Naik,M,31,,MANGALAPALLY,Nakrekal,Nalgonda,2026-01-14,FAC018,Dizziness,Dermatology,Audio,20,Yes,No,No,,35.0,Telugu,Good,Completed
TC0004764,TEP0003646,Mohan Goud,M,54,9801975838,Gangapur,Jadcherla,Mahabubnagar,2026-07-23,FAC003,Abdominal discomfort,Diabetes,Video,23,Yes,Yes,Yes,7,26.4,Telugu,Poor,Completed
TC0004765,TEP0003647,Renuka Goud,F,45,9104666595,Mogudampally,Zaheerabad,Sangareddy,2026-06-17,FAC024,Dizziness,Hypertension+Diabetes,Video,13,Yes,Yes,Yes,30,16.8,Telugu,Fair,Completed
TC0004766,TEP0003647,Renuka Goud,F,48,9104866595,Mogudampally,Zaheerabad,Sangareddy,2026-07-05,FAC022,Dizziness,Hypertension,Video,24,Yes,No,Yes,21,13.2,Telugu,Poor,Completed
TC0004767,TEP0003648,Hareeka Basha,F,19,9772768969,Donur,Midjil,Mahabubnagar,2026-04-05,FAC007,Cough,Fever/Infection,Video,22,No,No,Yes,21,23.7,Telugu,Good,Completed
TC0004768,TEP0003649,Sareetha Yadav,F,53,9316740226,Macharam,Jadcherla,Mahabubnagar,2026-03-27,FAC002,Abdominal discomfort,Musculoskeletal,Video,14,No,No,No,,29.4,Telugu,Fair,Completed
TC0004769,TEP0003650,Vinod Reddy,M,43,,Vemul,Midjil,Mahabubnagar,2026-07-24,FAC009,Cough,Other,Assisted video,24,Yes,No,No,,7.3,Telugu,Good,Completed
TC0004770,TEP0003651,Harika Laxman,F,74,9554147233,Gundlapally,Devarakonda,Nalgonda,2026-07-03,FAC011,Routine NCD review,Musculoskeletal,Assisted video,8,Yes,No,Yes,30,29.4,Telugu,Poor,Completed
TC0004771,TEP0003652,Praween Das,M,40,9057788839,Donur,Midjil,Mahabubnagar,2026-03-28,FAC009,Fever,Other,Audio,17,Yes,No,Yes,30,14.1,English,Good,Completed
TC0004772,TEP0003652,Praveen Das,M,40,+91-90577-88839,Donur,Midjil,Mahabubnagar,2026-04-25,FAC007,Cough,Diabetes,Video,7,No,Yes,No,,23.7,English,Fair,Completed
TC0004773,TEP0003653,Arun Begum,M,45,9630863135,Vemula,Midjil,Mahabubnagar,2026-08-13,FAC008,Fever,Diabetes,Video,7,Yes,No,Yes,30,22.2,Telugu,Poor,Completed
TC0004774,TEP0003654,Kavitha Patel,F,48,+91-98733-25121,Balanagar,Balanagar,Mahabubnagar,2026-02-24,FAC005,Fever,Hypertension+Diabetes,Audio,20,Yes,Yes,Yes,30,10.4,Telugu,Good,Completed
TC0004775,TEP0003655,Santosh Mallaiah,M,51,9540516481,Nomula,Nakrekal,Nalgonda,2026-02-13,FAC017,Abdominal discomfort,Dermatology,Audio,22,No,No,Yes,7,29.9,Telugu,Poor,Completed
TC0004776,TEP0003656,Rani Khan,F,35,9262334358,ZAHEERABAD,Zaheerabad,Sangareddy,2026-07-02,FAC024,Skin complaint,Respiratory,Audio,19,Yes,Yes,Yes,30,28.3,Telugu,Fair,Completed
TC0004777,TEP0003657,Praveen Laxman,M,30,9149507549,Zaheerabad,Zaheerabad,Sangareddy,2026-05-17,FAC022,Abdominal discomfort,Fever/Infection,Audio,11,Yes,No,Yes,7,25.3,Telugu,Good,Completed
TC0004778,TEP0003658,Naveen Narsimha,M,32,9483608679,Donur,Midjil,Mahabubnagar,2026-03-31,FAC007,Headache,Fever/Infection,Video,19,Yes,Yes,No,,23.7,Telugu,Good,Completed
TC0004779,TEP0003659,Padma Devi,F,40,9960003499,Badepally,Jadcherla,Mahabubnagar,2026-03-25,FAC001,Routine NCD review,Fever/Infection,Video,15,Yes,No,Yes,14,11.4,Telugu,Poor,Completed
TC0004780,TEP0003659,Padma Devi,F,40,9960003499,Badepally,Jadcherla,Mahabubnagar,2026-05-15,FAC001,Abdominal discomfort,Dermatology,Video,23,Yes,No,No,,11.4,Telugu,Good,Completed
TC0004781,TEP0003660,Raju Mudiraj,M,60,9624434246,VEMULA,Midjil,Mahabubnagar,2026-01-01,FAC009,Headache,Musculoskeletal,Assisted video,11,No,No,No,,7.3,Telugu,Poor,Completed
TC0004782,TEP0003661,Lakshmi Krishna,F,28,+91-97659-00630,Patancheru,Patancheru,Sangareddy,2026-06-05,FAC025,Cough,Fever/Infection,Assisted video,22,No,No,Yes,30,25.4,Telugu,Poor,Completed
TC0004783,TEP0003662,Raju Reddy,M,20,9919820763,Badepally,Jadcherla,Mahabubnagar,2026-05-14,FAC002,Body pain,Hypertension,Audio,23,Yes,No,Yes,30,19.9,Telugu,Poor,Completed
TC0004784,TEP0003662,Raju Reddy,M,20,+91-99198-20763,Badepally,Jadcherla,Mahabubnagar,2026-06-30,FAC003,Body pain,Other,Assisted video,17,Yes,Yes,Yes,21,5.1,Telugu,Good,Completed
TC0004785,TEP0003662,Raju Reddy,M,18,9919820763,Badepally,Jadcherla,Mahabubnagar,2026-07-30,FAC002,Skin complaint,Other,Video,11,Yes,Yes,Yes,14,19.9,Telugu,Fair,Completed
TC0004786,TEP0003663,Raghav Chary,M,62,9604119594,Polepally,Jadcherla,Mahabubnagar,2026-04-16,FAC002,Body pain,Hypertension+Diabetes,Audio,9,Yes,No,No,,8.3,Telugu,Poor,Completed
TC0004787,TEP0003664,Jyothi Chary,F,41,9487084713,Indresham,Patancheru,Sangareddy,2026-07-04,FAC025,Body pain,Hypertension,Audio,16,No,Yes,No,,19.2,Telugu,Fair,Completed
TC0004788,TEP0003665,Anitha Begum,F,49,9079483105,Kalher,Narayankhed,Sangareddy,2026-05-01,FAC019,Dizziness,Fever/Infection,Assisted video,10,Yes,No,No,,24.9,Urdu,Good,Completed
TC0004789,TEP0003666,Venkatesh Patel,M,43,9903644664,Jharasangam,Zaheerabad,Sangareddy,2026-02-22,FAC022,Headache,Gastrointestinal,Assisted video,18,Yes,No,No,,5.6,Telugu,Fair,Completed
TC0004790,TEP0003667,Lalitha Krishna,F,19,9490705211,Mogudampally,Zaheerabad,Sangareddy,2026-02-27,FAC024,Cough,Hypertension,Assisted video,7,Yes,Yes,Yes,14,16.8,Telugu,Fair,Completed
TC0004791,TEP0003668,Santosh Reddy,M,30,9881280215,Devarakonda,Devarakonda,Nalgonda,2026-07-15,FAC011,Abdominal discomfort,Hypertension,Video,22,Yes,Yes,Yes,7,29.2,Telugu,Poor,Completed
TC0004792,TEP0003669,Divya Naik,F,55,9571124315,Nakrekal,Nakrekal,Nalgonda,2026-02-08,FAC016,Fever,Other,Assisted video,10,Yes,No,No,,35.5,Telugu,Fair,Completed
TC0004793,TEP0003669,Divya Naik,F,54,9571124315,Nakrekal,Nakrekal,Nalgonda,2026-05-31,FAC017,Dizziness,Fever/Infection,Audio,12,No,No,Yes,14,36.5,Telugu,Fair,Completed
TC0004794,TEP0003669,Divya Naik,F,54,,Nakrekal,Nakrekal,Nalgonda,2026-07-25,FAC016,Skin complaint,Respiratory,Assisted video,15,No,Yes,Yes,30,35.5,Telugu,Good,Completed
TC0004795,TEP0003670,Renuka Patel,F,42,+91-90724-22776,Velpula,Midjil,Mahabubnagar,2026-04-15,FAC009,Dizziness,Hypertension,Assisted video,21,Yes,Yes,No,,4.2,Telugu,Good,Completed
TC0004796,TEP0003670,Renuka,F,41,9072422776,Velpula,Midjil,Mahabubnagar,2026-07-15,FAC008,Skin complaint,Hypertension,Assisted video,12,Yes,No,No,,12.6,Telugu,Good,Completed
TC0004797,TEP0003671,Nirmala Rao,F,27,9053706762,Midji,Midjil,Mahabubnagar,2026-04-11,FAC008,Routine NCD review,Hypertension+Diabetes,Audio,12,Yes,Yes,Yes,21,11.3,Telugu,Good,Completed
TC0004798,TEP0003672,Santosh Mallaiah,M,18,9387140422,Nakrekal,Nakrekal,Nalgonda,2026-01-05,FAC016,Body pain,Musculoskeletal,Assisted video,21,Yes,No,Yes,21,35.5,Telugu,Good,Completed
TC0004799,TEP0003673,Anjali Yadav,F,49,9337733893,KONDAMALLEPALLY,Devarakonda,Nalgonda,2026-06-01,FAC010,Cough,Gastrointestinal,Audio,11,Yes,No,No,,20.0,Telugu,Good,Completed
TC0004800,TEP0003674,Lalitha Devi,F,22,9984819338,Velpula,Midjil,Mahabubnagar,2026-01-11,FAC008,Body pain,Gastrointestinal,Assisted video,18,Yes,No,Yes,30,12.6,Urdu,Good,Completed
TC0004801,TEP0003675,Naveen Narsimha,M,32,9145564565,Macharam,Jadcherla,Mahabubnagar,2026-01-07,FAC003,Headache,Hypertension,Assisted video,24,No,Yes,No,,12.8,Telugu,Poor,Completed
TC0004802,TEP0003676,Shankar Rao,M,70,9304748120,Mogudampally,Zaheerabad,Sangareddy,2026-04-06,FAC024,Headache,Hypertension,Video,17,Yes,Yes,Yes,7,16.8,Telugu,Good,Completed
TC0004803,TEP0003677,Santosh Laxman,M,88,9955035857,Badepally,Jadcherla,Mahabubnagar,2026-03-27,FAC002,Body pain,Fever/Infection,Video,10,No,Yes,Yes,30,19.9,Telugu,Poor,Completed
TC0004804,TEP0003677,Santosh Laxman,M,89,,Badepally,Jadcherla,Mahabubnagar,2026-05-05,FAC002,Dizziness,Gastrointestinal,Assisted video,8,Yes,No,Yes,30,19.9,Telugu,Fair,Completed
TC0004805,TEP0003678,Sai Jangam,M,18,9992948650,ZAHEERABAD,Zaheerabad,Sangareddy,2026-03-09,FAC022,Cough,Fever/Infection,Assisted video,24,Yes,No,No,,25.3,Telugu,Good,Completed
TC0004806,TEP0003679,Bhavani Kumar,F,54,9614945433,Ameenpu,Patancheru,Sangareddy,2026-03-31,FAC026,Cough,Hypertension,Video,24,Yes,Yes,No,,9.7,Telugu,Fair,Completed
TC0004807,TEP0003680,Srinivas Das,M,30,9114161879,Gangapur,Jadcherla,Mahabubnagar,2026-07-16,FAC003,Cough,Hypertension,Video,7,Yes,Yes,No,,26.4,Telugu,Fair,Completed
TC0004808,TEP0003681,Santosh Mudiraj,M,29,9374884890,Nermata,Chandur,Nalgonda,2026-06-25,FAC013,Cough,Other,Video,18,No,No,Yes,7,19.7,Telugu,Fair,Completed
TC0004809,TEP0003681,Santosh Mudiraj,M,31,9374884890,Nermat,Chandur,Nalgonda,2026-08-12,FAC013,Abdominal discomfort,Hypertension,Video,21,Yes,Yes,Yes,14,19.7,Telugu,Fair,Completed
TC0004810,TEP0003682,Mahesh Reddy,M,52,9353984872,Nomula,Nakrekal,Nalgonda,2026-01-21,FAC018,Abdominal discomfort,Hypertension+Diabetes,Assisted video,15,Yes,Yes,Yes,14,2.2,Telugu,Good,Completed
TC0004811,TEP0003682,Mahes Reddy,M,52,,Nomula,Nakrekal,Nalgonda,2026-02-16,FAC016,Dizziness,Hypertension+Diabetes,Assisted video,8,No,No,Yes,7,36.1,Telugu,Poor,Completed
TC0004812,TEP0003683,Bhavani Laxman,F,40,,Mogudampally,Zaheerabad,Sangareddy,2026-04-15,FAC023,Abdominal discomfort,Hypertension,Audio,23,Yes,Yes,Yes,7,22.3,Telugu,Fair,Completed
TC0004813,TEP0003684,Naveen Goud,M,50,9814704274,Narayankhed,Narayankhed,Sangareddy,2026-01-25,FAC019,Headache,Hypertension,Audio,8,Yes,No,Yes,21,28.2,Telugu,Fair,Completed
TC0004814,TEP0003685,Deepika Narsimha,F,41,9770176615,Kondamallepally,Devarakonda,Nalgonda,2026-06-12,FAC010,Skin complaint,Dermatology,Assisted video,7,Yes,No,Yes,21,20.0,Telugu,Good,Completed
TC0004815,TEP0003686,Naveen Patel,M,45,9313835167,DEVARAKONDA,Devarakonda,Nalgonda,2026-06-18,FAC011,Skin complaint,Other,Audio,13,Yes,Yes,Yes,21,29.2,Telugu,Fair,Completed
TC0004816,TEP0003686,Naveen Patel,M,46,9313835167,Devarakonda,Devarakonda,Nalgonda,2026-07-18,FAC011,Dizziness,Hypertension,Audio,19,Yes,No,No,,29.2,Telugu,Good,Completed
TC0004817,TEP0003687,Suresh Basha,M,65,9005872719,Mangalapally,Nakrekal,Nalgonda,2026-05-07,FAC016,Headache,Dermatology,Audio,24,Yes,Yes,No,,4.1,Telugu,Good,Completed
TC0004818,TEP0003687,Suresh Basha,M,65,9005872719,Mangalapally,Nakrekal,Nalgonda,2026-07-12,FAC017,Cough,Gastrointestinal,Audio,15,No,No,Yes,21,21.1,Telugu,Fair,Completed
TC0004819,TEP0003688,Raju Basha,M,49,,NARAYANKHED,Narayankhed,Sangareddy,2026-04-16,FAC019,Fever,Musculoskeletal,Video,17,Yes,No,No,,28.2,Telugu,Good,Completed
TC0004820,TEP0003689,Anitha Mallaiah,F,45,9522502102,Velpula,Midjil,Mahabubnagar,2026-04-28,FAC008,Body pain,Other,Audio,8,Yes,No,No,,12.6,Telugu,Fair,Completed
TC0004821,TEP0003690,Arun Devi,M,39,9595124534,Donur,Midjil,Mahabubnagar,2026-03-21,FAC007,Fever,Hypertension,Video,11,Yes,No,Yes,21,23.7,Telugu,Poor,Completed
TC0004822,TEP0003690,Arun Devi,M,41,9595124534,Donur,Midjil,Mahabubnagar,2026-07-19,FAC008,Dizziness,Musculoskeletal,Audio,18,Yes,Yes,Yes,7,9.4,Telugu,Fair,Completed
TC0004823,TEP0003691,Rani Basha,F,53,9859254175,Bangarigadda,Chandur,Nalgonda,2026-03-16,FAC013,Skin complaint,Dermatology,Assisted video,11,No,No,No,,16.9,Telugu,Poor,Completed
TC0004824,TEP0003691,Rani Basha,F,51,9279254175,Bangarigadda,Chandur,Nalgonda,2026-04-10,FAC014,Fever,Respiratory,Video,7,Yes,Yes,Yes,30,17.6,Telugu,Fair,Completed
TC0004825,TEP0003692,Saritha Rao,F,45,9262565595,Indresham,Patancheru,Sangareddy,2026-06-18,FAC025,Skin complaint,Other,Video,19,Yes,No,Yes,21,19.2,Urdu,Poor,Completed
TC0004826,TEP0003693,Raghav Begum,M,35,,Kalher,Narayankhed,Sangareddy,2026-07-18,FAC020,Body pain,Other,Assisted video,10,No,No,Yes,7,29.6,Telugu,Good,Completed
TC0004827,TEP0003694,Divya Naik,F,56,9313830873,Narayankhed,Narayankhed,Sangareddy,2026-03-14,FAC021,Body pain,Other,Audio,23,Yes,Yes,Yes,7,7.0,Telugu,Good,Completed
TC0004828,TEP0003695,Venkatesh Patel,M,55,9975334068,Mogudampally,Zaheerabad,Sangareddy,2026-07-09,FAC023,Abdominal discomfort,Hypertension,Assisted video,17,Yes,Yes,Yes,14,22.3,Telugu,Good,Completed
TC0004829,TEP0003696,Praveen Yadav,M,65,9159114598,Kummarikunta,Chandur,Nalgonda,2026-06-30,FAC013,Skin complaint,Other,Assisted video,10,Yes,No,Yes,30,6.5,Telugu,Fair,Completed
TC0004830,TEP0003697,Lakshmi Goud,F,38,9406571356,Kalhe,Narayankhed,Sangareddy,2026-05-02,FAC021,Dizziness,Musculoskeletal,Video,23,Yes,No,No,,22.9,Telugu,Fair,Completed
TC0004831,TEP0003698,Srinivas Devi,M,24,9930646748,Chandur,Chandur,Nalgonda,2026-05-03,FAC013,Body pain,Hypertension,Assisted video,20,Yes,Yes,Yes,21,21.3,Telugu,Poor,Completed
TC0004832,TEP0003699,Naresh Mudiraj,M,32,9016129347,Midjil,Midjil,Mahabubnagar,2026-03-21,FAC008,Abdominal discomfort,Gastrointestinal,Audio,15,Yes,No,Yes,14,11.3,English,Poor,Completed
TC0004833,TEP0003700,Jyothi Krishna,F,22,+91-95288-64219,Peddadinne,Devarakonda,Nalgonda,2026-06-26,FAC012,Routine NCD review,Hypertension,Video,18,Yes,Yes,Yes,7,6.6,English,Poor,Completed
TC0004834,TEP0003700,Jyothi Krishna,F,22,9528864219,Peddadinne,Devarakonda,Nalgonda,2026-07-24,FAC012,Headache,Hypertension,Audio,23,Yes,Yes,No,,6.6,English,Good,Completed
TC0004835,TEP0003700,Jyothi Krishna,F,20,+91-95288-64219,Peddadinne,Devarakonda,Nalgonda,2026-08-13,FAC012,Body pain,Fever/Infection,Video,21,Yes,Yes,Yes,21,6.6,English,Fair,Completed
TC0004836,TEP0003701,Rajesh Patel,M,79,9282834093,Manoor,Narayankhed,Sangareddy,2026-07-26,FAC021,Routine NCD review,Hypertension+Diabetes,Assisted video,22,Yes,No,Yes,14,15.5,Urdu,Fair,Completed
TC0004837,TEP0003702,Harika Shekar,F,23,9463146417,Manoor,Narayankhed,Sangareddy,2026-04-12,FAC019,Skin complaint,Diabetes,Video,7,Yes,No,Yes,7,33.3,Telugu,Good,Completed
TC0004838,TEP0003702,Harika Shekar,F,23,9463146417,Manoor,Narayankhed,Sangareddy,2026-06-05,FAC019,Routine NCD review,Dermatology,Assisted video,9,Yes,No,No,,33.3,Telugu,Poor,Completed
TC0004839,TEP0003703,Srinivas Narsimha,M,58,9975172890,Zaheerabad,Zaheerabad,Sangareddy,2026-03-19,FAC022,Skin complaint,Hypertension+Diabetes,Audio,22,No,Yes,Yes,7,25.3,Telugu,Good,Completed
TC0004840,TEP0003703,Srinivas Narsimha,M,56,9975172890,Zaheerabad,Zaheerabad,Sangareddy,2026-05-01,FAC023,Skin complaint,Other,Assisted video,12,Yes,No,Yes,7,17.3,Telugu,Fair,Completed
TC0004841,TEP0003704,Suresh Yadav,M,19,9173673901,Velpula,Midjil,Mahabubnagar,2026-06-09,FAC007,Cough,Hypertension,Assisted video,18,Yes,Yes,Yes,14,17.9,Telugu,Poor,Completed
TC0004842,TEP0003705,Nirmala,F,48,9776678985,Chandur,Chandur,Nalgonda,2026-03-10,FAC015,Headache,Respiratory,Video,22,No,No,No,,29.7,Telugu,Poor,Completed
TC0004843,TEP0003706,Anil Kumar,M,50,9676927717,Donur,Midjil,Mahabubnagar,2026-06-05,FAC008,Body pain,Other,Audio,8,Yes,Yes,Yes,30,9.4,Telugu,Poor,Completed
TC0004844,TEP0003707,Shobha Krishna,F,19,9566885929,Kalher,Narayankhed,Sangareddy,2026-08-08,FAC021,Abdominal discomfort,Other,Assisted video,16,Yes,No,Yes,21,22.9,Telugu,Good,Completed
TC0004845,TEP0003708,Divya Basha,F,69,+91-97626-61762,Kallepally,Balanagar,Mahabubnagar,2026-01-21,FAC006,Routine NCD review,Fever/Infection,Video,20,No,Yes,Yes,7,35.4,Urdu,Good,Completed
TC0004846,TEP0003708,Divya Basha,F,70,+91-97626-61762,Kallepally,Balanagar,Mahabubnagar,2026-05-31,FAC005,Headache,Diabetes,Video,18,Yes,Yes,Yes,30,26.2,Urdu,Fair,Completed
TC0004847,TEP0003709,Arun Khan,M,41,9287746277,Bangarigadda,Chandur,Nalgonda,2026-03-13,FAC015,Abdominal discomfort,Gastrointestinal,Assisted video,15,Yes,No,Yes,21,18.0,Telugu,Fair,Completed
TC0004848,TEP0003710,Mahesh Basha,M,31,9548265412,Kondamallepally,Devarakonda,Nalgonda,2026-03-09,FAC012,Dizziness,Musculoskeletal,Assisted video,12,Yes,Yes,No,,19.6,Telugu,Good,Completed
TC0004849,TEP0003710,Mahesh Basha,M,33,9548265412,Kondamallepalli,Devarakonda,Nalgonda,2026-04-08,FAC012,Skin complaint,Other,Video,18,Yes,No,Yes,30,19.6,Telugu,Good,Completed
TC0004850,TEP0003711,Bhavani Krishna,F,30,9265478582,Devarakonda,Devarakonda,Nalgonda,2026-05-01,FAC010,Abdominal discomfort,Fever/Infection,Audio,20,Yes,No,Yes,21,22.8,Telugu,Good,Completed
TC0004851,TEP0003712,Vinod Das,M,36,9929216224,Gangapur,Jadcherla,Mahabubnagar,2026-02-10,FAC001,Body pain,Hypertension,Audio,9,Yes,Yes,Yes,30,20.2,Telugu,Good,Completed
TC0004852,TEP0003713,Mohn Goud,M,44,9002437709,Velpula,Midjil,Mahabubnagar,2026-04-26,FAC007,Cough,Other,Assisted video,22,Yes,No,Yes,7,17.9,Telugu,Good,Completed
TC0004853,TEP0003713,Mohan Goud,M,43,9002437709,Velpula,Midjil,Mahabubnagar,2026-07-19,FAC008,Routine NCD review,Respiratory,Video,18,No,No,Yes,7,12.6,Telugu,Poor,Completed
TC0004854,TEP0003714,Sushma Khan,F,65,9278971795,Mogudampally,Zaheerabad,Sangareddy,2026-04-30,FAC024,Fever,Dermatology,Video,17,Yes,Yes,Yes,7,16.8,Telugu,Fair,Completed
TC0004855,TEP0003715,Divya Krishna,F,33,9379473715,Nermata,Chandur,Nalgonda,2026-06-17,FAC014,Skin complaint,Fever/Infection,Audio,19,Yes,No,Yes,7,19.2,Telugu,Fair,Completed
TC0004856,TEP0003716,Renuka Goud,F,34,9039368550,Nermata,Chandur,Nalgonda,2026-04-26,FAC014,Headache,Dermatology,Audio,19,Yes,No,No,,19.2,Telugu,Poor,Completed
TC0004857,TEP0003717,Bhavani Rao,F,43,9103400419,Chandur,Chandur,Nalgonda,2026-01-23,FAC014,Fever,Other,Audio,22,Yes,No,Yes,7,20.6,Telugu,Poor,Completed
TC0004858,TEP0003718,Jyothi Das,F,64,9174300319,Devarakonda,Devarakonda,Nalgonda,2026-01-24,FAC011,Body pain,Other,Assisted video,10,No,No,No,,29.2,Telugu,Good,Completed
TC0004859,TEP0003719,Arun Yadav,M,54,+91-97455-68421,Chandur,Chandur,Nalgonda,2026-04-15,FAC014,Body pain,Fever/Infection,Video,24,Yes,No,Yes,14,20.6,Telugu,Fair,Completed
TC0004860,TEP0003719,Arun Yadav,M,54,,CHANDUR,Chandur,Nalgonda,2026-05-06,FAC014,Headache,Respiratory,Assisted video,9,Yes,Yes,Yes,7,20.6,Telugu,Poor,Completed
TC0004861,TEP0003720,Anil Jangam,M,62,9254666014,MANOOR,Narayankhed,Sangareddy,2026-04-26,FAC019,Fever,Hypertension,Assisted video,18,Yes,No,Yes,7,33.3,Telugu,Good,Completed
TC0004862,TEP0003721,Mounika Patel,F,59,9418181372,Rajapur,Balanagar,Mahabubnagar,2026-01-06,FAC005,Headache,Musculoskeletal,Assisted video,18,Yes,Yes,Yes,14,12.6,English,Poor,Completed
TC0004863,TEP0003721,Mounika Patel,F,61,9418181372,Rajapur,Balanagar,Mahabubnagar,2026-07-17,FAC004,Fever,Hypertension,Audio,23,Yes,No,Yes,21,13.9,English,Fair,Completed
TC0004864,TEP0003722,Vinod Narsimha,M,57,,Bhanur,Patancheru,Sangareddy,2026-01-16,FAC026,Dizziness,Dermatology,Assisted video,20,Yes,No,Yes,30,12.8,Telugu,Poor,Completed
TC0004865,TEP0003723,Padma Basha,F,44,9206808170,CHANDUR,Chandur,Nalgonda,2026-01-11,FAC014,Body pain,Hypertension+Diabetes,Assisted video,9,No,No,Yes,21,20.6,Telugu,Fair,Completed
TC0004866,TEP0003724,Divya Yadav,F,46,9767171326,Donur,Midjil,Mahabubnagar,2026-05-07,FAC009,Body pain,Diabetes,Audio,19,No,Yes,Yes,14,14.1,Telugu,Poor,Completed
TC0004867,TEP0003725,Lakshmi Naik,F,29,9507319841,GANGAPUR,Jadcherla,Mahabubnagar,2026-04-28,FAC003,Fever,Diabetes,Audio,11,No,Yes,No,,26.4,Telugu,Good,Completed
TC0004868,TEP0003726,Raju Rao,M,44,,Nomula,Nakrekal,Nalgonda,2026-02-25,FAC016,Body pain,Respiratory,Audio,23,Yes,No,Yes,21,36.1,English,Fair,Completed
TC0004869,TEP0003727,Shankar Yadav,M,41,9323743309,Nakrekal,Nakrekal,Nalgonda,2026-03-21,FAC017,Body pain,Musculoskeletal,Video,21,Yes,No,Yes,7,36.5,Telugu,Good,Completed
TC0004870,TEP0003728,Mohan Naik,M,20,,Balanagar,Balanagar,Mahabubnagar,2026-01-29,FAC005,Cough,Dermatology,Audio,11,Yes,Yes,Yes,7,10.4,Telugu,Good,Completed
TC0004871,TEP0003729,Venkatesh Basha,M,61,9996890397,Gundlapally,Devarakonda,Nalgonda,2026-05-15,FAC012,Fever,Diabetes,Video,21,No,Yes,Yes,7,25.4,Telugu,Good,Completed
TC0004872,TEP0003729,Venkatesh Basha,M,63,9936890397,Gundlapally,Devarakonda,Nalgonda,2026-07-15,FAC012,Skin complaint,Other,Audio,21,Yes,No,Yes,30,25.4,Telugu,Good,Completed
TC0004873,TEP0003730,Deepeeka Begum,F,60,9939871007,Rajapur,Balanagar,Mahabubnagar,2026-04-07,FAC005,Cough,Musculoskeletal,Video,13,Yes,Yes,Yes,21,12.6,Urdu,Good,Completed
TC0004874,TEP0003731,Kavitha Shekar,F,40,9449972569,Kummarikunta,Chandur,Nalgonda,2026-06-09,FAC014,Skin complaint,Musculoskeletal,Assisted video,13,Yes,No,Yes,7,7.3,Telugu,Good,Completed
TC0004875,TEP0003731,Kavitha Shekar,F,42,9449972569,Kummarikunta,Chandur,Nalgonda,2026-07-15,FAC013,Headache,Hypertension,Video,23,No,No,Yes,7,6.5,Telugu,Good,Completed
TC0004876,TEP0003732,Kaveetha Das,F,55,9533203113,Nomula,Nakrekal,Nalgonda,2026-05-27,FAC017,Cough,Diabetes,Video,13,Yes,Yes,Yes,21,29.9,Telugu,Fair,Completed
TC0004877,TEP0003732,Kawitha Das,F,57,9533203113,Nomul,Nakrekal,Nalgonda,2026-07-05,FAC018,Abdominal discomfort,Dermatology,Video,16,No,No,No,,2.2,Telugu,Fair,Completed
TC0004878,TEP0003733,Mohan Das,M,57,+91-91064-46008,Gundlapally,Devarakonda,Nalgonda,2026-01-30,FAC010,Routine NCD review,Musculoskeletal,Assisted video,10,Yes,Yes,Yes,14,26.3,Telugu,Poor,Completed
TC0004879,TEP0003734,Rajesh Laxman,M,39,9985736910,Bhanur,Patancheru,Sangareddy,2026-02-21,FAC025,Abdominal discomfort,Gastrointestinal,Video,13,Yes,No,Yes,7,18.7,Telugu,Poor,Completed
TC0004880,TEP0003735,Kavitha Chary,F,65,+91-95205-95351,Kondamallepally,Devarakonda,Nalgonda,2026-05-05,FAC010,Skin complaint,Diabetes,Audio,17,Yes,No,No,,20.0,Telugu,Good,Completed
TC0004881,TEP0003735,Kavitha Chary,F,63,,Kondamallepally,Devarakonda,Nalgonda,2026-06-23,FAC012,Routine NCD review,Diabetes,Assisted video,11,Yes,Yes,Yes,21,19.6,Telugu,Fair,Completed
TC0004882,TEP0003735,Kavitha Chary,F,65,9520595351,Kondamallepally,Devarakonda,Nalgonda,2026-07-13,FAC011,Routine NCD review,Fever/Infection,Video,22,No,Yes,Yes,14,25.7,Telugu,Poor,Completed
TC0004883,TEP0003736,Santosh Naik,M,63,9657832894,Velpula,Midjil,Mahabubnagar,2026-06-24,FAC007,Cough,Diabetes,Assisted video,8,Yes,Yes,No,,17.9,Telugu,Poor,Completed
TC0004884,TEP0003737,Anjali Yadav,F,42,9925546707,Velpula,Midjil,Mahabubnagar,2026-03-15,FAC007,Body pain,Respiratory,Assisted video,24,Yes,No,Yes,7,17.9,Telugu,Fair,Completed
TC0004885,TEP0003738,Kawitha Mallaiah,F,40,9428059364,POLEPALLY,Jadcherla,Mahabubnagar,2026-08-10,FAC001,Body pain,Other,Video,24,Yes,No,Yes,30,25.4,Telugu,Good,Completed
TC0004886,TEP0003739,Raghav Naik,M,50,9931745669,Velpul,Midjil,Mahabubnagar,2026-04-09,FAC008,Fever,Diabetes,Audio,13,Yes,Yes,Yes,30,12.6,English,Poor,Completed
TC0004887,TEP0003740,Mohan Yadav,M,65,9172804404,RAJAPUR,Balanagar,Mahabubnagar,2026-02-11,FAC004,Cough,Dermatology,Video,8,Yes,No,Yes,21,13.9,Telugu,Poor,Completed
TC0004888,TEP0003741,Jyothi,F,32,9614660556,Nakrekal,Nakrekal,Nalgonda,2026-02-06,FAC016,Routine NCD review,Diabetes,Video,19,Yes,No,Yes,14,35.5,English,Poor,Completed
TC0004889,TEP0003741,Jyothi Kumar,F,32,9614660556,Nakrekal,Nakrekal,Nalgonda,2026-06-07,FAC018,Body pain,Dermatology,Assisted video,13,Yes,No,Yes,7,16.2,English,Fair,Completed
TC0004890,TEP0003742,Padma Goud,F,58,9579480173,Patancheru,Patancheru,Sangareddy,2026-05-01,FAC026,Abdominal discomfort,Dermatology,Assisted video,11,Yes,No,No,,23.1,Telugu,Good,Completed
TC0004891,TEP0003743,Sai Kumar,M,31,9403976740,Kondamallepally,Devarakonda,Nalgonda,2026-05-02,FAC011,Fever,Other,Assisted video,9,Yes,No,No,,25.7,Telugu,Poor,Completed
TC0004892,TEP0003743,Sai Kumar,M,34,9403976740,Kondamallepally,Devarakonda,Nalgonda,2026-06-08,FAC011,Cough,Musculoskeletal,Video,12,Yes,No,Yes,7,25.7,Telugu,Poor,Completed
TC0004893,TEP0003743,Sai Kumar,M,34,9403976740,Kondamallepally,Devarakonda,Nalgonda,2026-06-26,FAC012,Cough,Respiratory,Audio,21,Yes,No,Yes,14,19.6,Telugu,Poor,Completed
TC0004894,TEP0003744,Saritha Patel,F,27,9213316470,Kangti,Narayankhed,Sangareddy,2026-05-18,FAC020,Skin complaint,Hypertension,Audio,10,No,Yes,Yes,7,11.9,Telugu,Fair,Completed
TC0004895,TEP0003744,Saritha Patel,F,28,,Kangti,Narayankhed,Sangareddy,2026-07-09,FAC019,Skin complaint,Hypertension,Video,17,Yes,Yes,No,,20.3,Telugu,Good,Completed
TC0004896,TEP0003745,Rani Goud,F,63,9614142741,Manoor,Narayankhed,Sangareddy,2026-08-10,FAC019,Fever,Hypertension,Audio,23,Yes,Yes,Yes,21,33.3,Telugu,Good,Completed
TC0004897,TEP0003746,Praveen,M,48,,Nomula,Nakrekal,Nalgonda,2026-04-01,FAC018,Body pain,Diabetes,Video,16,Yes,Yes,Yes,7,2.2,Urdu,Fair,Completed
TC0004898,TEP0003747,Mounik Khan,F,51,9168656389,Narayankhed,Narayankhed,Sangareddy,2026-03-11,FAC019,Routine NCD review,Hypertension+Diabetes,Video,16,Yes,Yes,Yes,7,28.2,Telugu,Good,Completed
TC0004899,TEP0003748,Padma Mudiraj,F,62,9636168051,Gangapur,Jadcherla,Mahabubnagar,2026-07-19,FAC002,Fever,Other,Assisted video,8,No,Yes,Yes,21,38.9,Telugu,Fair,Completed
TC0004900,TEP0003749,Mounika Khan,F,41,+91-92571-36007,Manoor,Narayankhed,Sangareddy,2026-02-05,FAC021,Body pain,Respiratory,Audio,14,Yes,No,Yes,14,15.5,Telugu,Poor,Completed
TC0004901,TEP0003750,Anjali Mudiraj,F,46,9138270126,Mangalapall,Nakrekal,Nalgonda,2026-04-10,FAC018,Routine NCD review,Other,Assisted video,21,Yes,No,No,,35.0,Telugu,Poor,Completed
TC0004902,TEP0003751,Mahesh Khan,M,52,9378280996,Mangalapally,Nakrekal,Nalgonda,2026-06-06,FAC016,Dizziness,Other,Video,9,No,No,Yes,14,4.1,Telugu,Poor,Completed
TC0004903,TEP0003751,Mahesh Khan,M,51,9378280996,Mangalapally,Nakrekal,Nalgonda,2026-08-01,FAC018,Routine NCD review,Fever/Infection,Video,15,Yes,No,No,,35.0,Telugu,Poor,Completed
TC0004904,TEP0003752,Arun Goud,M,52,9023730305,Kallepally,Balanagar,Mahabubnagar,2026-05-17,FAC005,Body pain,Fever/Infection,Video,7,Yes,No,Yes,30,26.2,Urdu,Fair,Completed
TC0004905,TEP0003752,Arun Goud,M,52,9023730305,Kallepall,Balanagar,Mahabubnagar,2026-07-12,FAC005,Abdominal discomfort,Diabetes,Assisted video,7,No,No,No,,26.2,Urdu,Fair,Completed
TC0004906,TEP0003753,Praveen Shekar,M,43,,NARAYANKHED,Narayankhed,Sangareddy,2026-06-19,FAC019,Dizziness,Dermatology,Video,18,Yes,No,Yes,30,28.2,Telugu,Good,Completed
TC0004907,TEP0003753,Praveen Shekar,M,41,9639206656,Narayankhed,Narayankhed,Sangareddy,2026-07-25,FAC021,Dizziness,Dermatology,Assisted video,22,Yes,No,Yes,21,7.0,Telugu,Poor,Completed
TC0004908,TEP0003754,Sreenivas Yadav,M,46,9627443761,Balanagar,Balanagar,Mahabubnagar,2026-07-29,FAC004,Fever,Other,Assisted video,16,Yes,No,Yes,30,10.8,Telugu,Good,Completed
TC0004909,TEP0003755,Srinivas Reddy,M,57,9711201431,Kallepally,Balanagar,Mahabubnagar,2026-01-02,FAC005,Fever,Hypertension+Diabetes,Assisted video,21,Yes,Yes,No,,26.2,English,Good,Completed
TC0004910,TEP0003756,Kavitha Mallaiah,F,86,9808555189,Rajapur,Balanagar,Mahabubnagar,2026-06-17,FAC006,Body pain,Hypertension,Assisted video,9,Yes,No,Yes,14,8.7,Telugu,Good,Completed
TC0004911,TEP0003757,Harika Chary,F,86,9168553854,Peddadinne,Devarakonda,Nalgonda,2026-04-15,FAC010,Abdominal discomfort,Dermatology,Video,7,Yes,No,Yes,7,7.4,Telugu,Fair,Completed
TC0004912,TEP0003758,Raju Reddy,M,44,9286107551,Rajapur,Balanagar,Mahabubnagar,2026-01-26,FAC006,Dizziness,Diabetes,Audio,10,No,Yes,Yes,21,8.7,Telugu,Good,Completed
TC0004913,TEP0003758,Raju Reddy,M,41,+91-92861-07551,Rajapur,Balanagar,Mahabubnagar,2026-06-29,FAC006,Skin complaint,Hypertension+Diabetes,Assisted video,23,Yes,No,Yes,14,8.7,Telugu,Fair,Completed
TC0004914,TEP0003759,Anil Kumar,M,68,9561352108,Kondamallepally,Devarakonda,Nalgonda,2026-01-27,FAC010,Dizziness,Musculoskeletal,Assisted video,14,Yes,Yes,Yes,30,20.0,Telugu,Poor,Completed
TC0004915,TEP0003760,Ravi Mudiraj,M,58,9242060988,Vemula,Midjil,Mahabubnagar,2026-02-12,FAC007,Cough,Hypertension+Diabetes,Audio,12,No,Yes,Yes,30,25.7,Telugu,Fair,Completed
TC0004916,TEP0003761,Kavitha Basha,F,41,9108210701,Balanagar,Balanagar,Mahabubnagar,2026-07-14,FAC005,Skin complaint,Respiratory,Assisted video,24,Yes,No,Yes,14,10.4,Urdu,Good,Completed
TC0004917,TEP0003762,Jyothi Das,F,53,9643872072,Nomula,Nakrekal,Nalgonda,2026-05-22,FAC017,Dizziness,Fever/Infection,Assisted video,19,No,Yes,Yes,30,29.9,Telugu,Poor,Completed
TC0004918,TEP0003762,Jyoti Das,F,55,+91-96038-72072,Nomula,Nakrekal,Nalgonda,2026-06-20,FAC017,Routine NCD review,Dermatology,Audio,20,Yes,No,Yes,7,29.9,Telugu,Poor,Completed
TC0004919,TEP0003763,Naveen Kumar,M,47,+91-90447-91612,Gundlapally,Devarakonda,Nalgonda,2026-01-15,FAC011,Skin complaint,Fever/Infection,Assisted video,7,Yes,No,Yes,14,29.4,Telugu,Poor,Completed
TC0004920,TEP0003763,Naveen Kumar,M,49,9044791672,Gundlapally,Devarakonda,Nalgonda,2026-05-30,FAC012,Cough,Diabetes,Video,14,Yes,Yes,No,,25.4,Telugu,Fair,Completed
TC0004921,TEP0003764,Lakshmi Kumar,F,46,,Devarakonda,Devarakonda,Nalgonda,2026-02-15,FAC010,Body pain,Hypertension,Video,15,Yes,No,Yes,21,22.8,Telugu,Good,Completed
TC0004922,TEP0003765,Deepika Naik,F,72,9654013388,KOHIR,Zaheerabad,Sangareddy,2026-01-07,FAC022,Skin complaint,Dermatology,Video,7,Yes,No,Yes,7,3.6,Telugu,Poor,Completed
TC0004923,TEP0003766,Sai Reddy,M,39,9786169342,Narayankhe,Narayankhed,Sangareddy,2026-08-04,FAC019,Fever,Respiratory,Assisted video,22,No,No,No,,28.2,Telugu,Good,Completed
TC0004924,TEP0003767,Venkatesh Mudiraj,M,37,9085231699,Bangarigadda,Chandur,Nalgonda,2026-03-30,FAC015,Dizziness,Hypertension,Assisted video,20,Yes,No,No,,18.0,Telugu,Good,Completed
TC0004925,TEP0003768,Lakshmi Jangam,F,33,9132943716,Kummarikunta,Chandur,Nalgonda,2026-03-15,FAC013,Routine NCD review,Hypertension+Diabetes,Video,17,Yes,Yes,Yes,14,6.5,Telugu,Good,Completed
TC0004926,TEP0003768,Lakshmi Jangam,F,33,9132943716,Kummarikunta,Chandur,Nalgonda,2026-04-03,FAC015,Cough,Diabetes,Video,23,Yes,Yes,Yes,7,26.6,Telugu,Good,Completed
TC0004927,TEP0003769,Anitha Devi,F,27,9469722830,Badepally,Jadcherla,Mahabubnagar,2026-07-13,FAC001,Body pain,Respiratory,Assisted video,18,No,No,No,,11.4,Telugu,Fair,Completed
TC0004928,TEP0003770,Anitha Das,F,45,,Vemula,Midjil,Mahabubnagar,2026-01-07,FAC007,Routine NCD review,Hypertension+Diabetes,Video,7,No,No,Yes,30,25.7,English,Good,Completed
TC0004929,TEP0003771,Vinod Narsimha,M,29,+91-99296-21253,Manoor,Narayankhed,Sangareddy,2026-06-17,FAC021,Fever,Gastrointestinal,Assisted video,21,No,No,Yes,7,15.5,Telugu,Fair,Completed
TC0004930,TEP0003771,Vinod Narsimha,M,28,9929621253,Manoor,Narayankhed,Sangareddy,2026-07-08,FAC021,Fever,Respiratory,Video,22,Yes,Yes,Yes,14,15.5,Telugu,Poor,Completed
TC0004931,TEP0003772,Rajesh Yadav,M,38,9848157893,Rajapur,Balanagar,Mahabubnagar,2026-01-23,FAC004,Headache,Diabetes,Video,18,Yes,Yes,Yes,30,13.9,Urdu,Good,Completed
TC0004932,TEP0003773,Santosh Mallaiah,M,62,,Velpula,Midjil,Mahabubnagar,2026-01-25,FAC007,Skin complaint,Hypertension,Assisted video,7,Yes,Yes,No,,17.9,Telugu,Poor,Completed
TC0004933,TEP0003774,Sreelatha Kumar,F,41,9455869893,Kalher,Narayankhed,Sangareddy,2026-06-01,FAC021,Body pain,Respiratory,Assisted video,13,Yes,No,No,,22.9,Telugu,Fair,Completed
TC0004934,TEP0003774,Srilatha Kumar,F,43,9455869893,Kalher,Narayankhed,Sangareddy,2026-07-25,FAC020,Headache,Musculoskeletal,Assisted video,17,Yes,No,Yes,21,29.6,Telugu,Good,Completed
TC0004935,TEP0003775,Renuka Reddy,F,51,9973449406,KALLEPALLY,Balanagar,Mahabubnagar,2026-02-17,FAC004,Headache,Fever/Infection,Audio,11,Yes,Yes,Yes,14,26.4,Telugu,Fair,Completed
TC0004936,TEP0003776,Naresh Khan,M,46,,Zaheerabad,Zaheerabad,Sangareddy,2026-04-25,FAC024,Cough,Hypertension,Audio,7,Yes,Yes,No,,28.3,Telugu,Poor,Completed
TC0004937,TEP0003777,Bhavani Chary,F,33,9973447623,Bodajanampet,Balanagar,Mahabubnagar,2026-06-21,FAC006,Routine NCD review,Musculoskeletal,Video,23,Yes,Yes,Yes,7,33.3,Telugu,Poor,Completed
TC0004938,TEP0003777,Bhavani Chary,F,33,9973447623,Bodajanampet,Balanagar,Mahabubnagar,2026-08-14,FAC004,Headache,Gastrointestinal,Audio,21,Yes,No,No,,27.6,Telugu,Fair,Completed
TC0004939,TEP0003778,Padma Patel,F,52,9300990889,Polepally,Jadcherla,Mahabubnagar,2026-06-04,FAC002,Body pain,Respiratory,Assisted video,16,Yes,No,Yes,30,8.3,Telugu,Poor,Completed
TC0004940,TEP0003778,Padma Patel,F,50,+91-93009-90889,Polepally,Jadcherla,Mahabubnagar,2026-07-25,FAC002,Skin complaint,Musculoskeletal,Video,14,Yes,No,Yes,7,8.3,Telugu,Fair,Completed
TC0004941,TEP0003779,Raju Patel,M,84,9199322419,Jharasangam,Zaheerabad,Sangareddy,2026-03-13,FAC024,Cough,Hypertension+Diabetes,Video,19,Yes,Yes,No,,2.6,Telugu,Poor,Completed
TC0004942,TEP0003779,Raju Patel,M,84,9199322419,Jharasangam,Zaheerabad,Sangareddy,2026-04-24,FAC022,Headache,Hypertension+Diabetes,Assisted video,11,Yes,Yes,Yes,14,5.6,Telugu,Good,Completed
TC0004943,TEP0003780,Anjali Basha,F,59,9205473708,Bhanur,Patancheru,Sangareddy,2026-04-28,FAC025,Dizziness,Hypertension,Video,19,Yes,No,Yes,7,18.7,Telugu,Poor,Completed
TC0004944,TEP0003781,Renuka Das,F,60,9558931599,Zaheerabad,Zaheerabad,Sangareddy,2026-04-18,FAC023,Abdominal discomfort,Other,Audio,17,No,No,Yes,30,17.3,Telugu,Poor,Completed
TC0004945,TEP0003781,Renuka Das,F,58,9558931999,Zaheerabad,Zaheerabad,Sangareddy,2026-06-15,FAC023,Abdominal discomfort,Musculoskeletal,Audio,17,No,No,No,,17.3,Telugu,Fair,Completed
TC0004946,TEP0003782,Bhavani Jangam,F,75,,Kangti,Narayankhed,Sangareddy,2026-02-03,FAC020,Abdominal discomfort,Gastrointestinal,Video,9,Yes,Yes,Yes,21,11.9,Telugu,Fair,Completed
TC0004947,TEP0003783,Divya Laxman,F,81,9432859385,Kallepally,Balanagar,Mahabubnagar,2026-06-18,FAC005,Body pain,Other,Assisted video,20,Yes,No,Yes,30,26.2,Telugu,Good,Completed
TC0004948,TEP0003783,Divya Laxman,F,82,9432359385,Kallepally,Balanagar,Mahabubnagar,2026-07-22,FAC004,Cough,Dermatology,Assisted video,24,Yes,No,No,,26.4,Telugu,Good,Completed
TC0004949,TEP0003784,Anitha Naik,F,41,9377350008,Jharasangam,Zaheerabad,Sangareddy,2026-04-22,FAC024,Abdominal discomfort,Other,Assisted video,7,Yes,Yes,Yes,14,2.6,Telugu,Good,Completed
TC0004950,TEP0003784,Anita Naik,F,43,9377350008,JHARASANGAM,Zaheerabad,Sangareddy,2026-06-14,FAC023,Dizziness,Hypertension,Video,8,Yes,No,No,,18.7,Telugu,Fair,Completed
TC0004951,TEP0003784,Anitha Naik,F,42,9377350058,Jharasangam,Zaheerabad,Sangareddy,2026-08-04,FAC023,Routine NCD review,Hypertension,Audio,7,Yes,Yes,No,,18.7,Telugu,Poor,Completed
TC0004952,TEP0003785,Lalitha Jangam,F,42,9360788291,Peddadinne,Devarakonda,Nalgonda,2026-04-15,FAC012,Skin complaint,Gastrointestinal,Audio,24,No,No,Yes,21,6.6,Telugu,Fair,Completed
TC0004953,TEP0003786,Anjali sekar,F,52,9290187533,KONDAMALLEPALLY,Devarakonda,Nalgonda,2026-01-30,FAC010,Abdominal discomfort,Musculoskeletal,Audio,22,No,No,Yes,21,20.0,Telugu,Poor,Completed
TC0004954,TEP0003786,Anjali Shekar,F,49,+91-92901-87533,Kondamallepally,Devarakonda,Nalgonda,2026-03-23,FAC012,Dizziness,Musculoskeletal,Assisted video,13,No,Yes,Yes,30,19.6,Telugu,Good,Completed
TC0004955,TEP0003787,Sai Naik,M,49,9581364398,Velpula,Midjil,Mahabubnagar,2026-07-03,FAC008,Skin complaint,Dermatology,Video,15,Yes,No,Yes,30,12.6,Telugu,Fair,Completed
TC0004956,TEP0003788,Sai Goud,M,64,9604965484,Jharasangam,Zaheerabad,Sangareddy,2026-08-01,FAC022,Headache,Musculoskeletal,Assisted video,20,Yes,No,Yes,7,5.6,Telugu,Good,Completed
TC0004957,TEP0003789,Renuk Reddy,F,45,,Mogudampally,Zaheerabad,Sangareddy,2026-01-23,FAC024,Abdominal discomfort,Gastrointestinal,Video,22,Yes,No,Yes,21,16.8,Telugu,Good,Completed
TC0004958,TEP0003789,Renuka Reddy,F,47,+91-91395-02354,Mogudampally,Zaheerabad,Sangareddy,2026-05-14,FAC024,Cough,Dermatology,Assisted video,7,Yes,No,Yes,7,16.8,Telugu,Poor,Completed
TC0004959,TEP0003790,Anil Jangam,M,62,9870040252,Jharasangam,Zaheerabad,Sangareddy,2026-04-14,FAC023,Abdominal discomfort,Diabetes,Assisted video,17,No,No,Yes,30,18.7,Telugu,Fair,Completed
TC0004960,TEP0003791,Sai Rao,M,18,+91-97174-27147,Rajapur,Balanagar,Mahabubnagar,2026-03-14,FAC006,Headache,Other,Video,16,Yes,Yes,No,,8.7,English,Poor,Completed
TC0004961,TEP0003792,Lalitha Krishna,F,57,9009003720,Rajapur,Balanagar,Mahabubnagar,2026-05-04,FAC005,Routine NCD review,Diabetes,Video,23,Yes,No,Yes,14,12.6,Telugu,Poor,Completed
TC0004962,TEP0003793,Lakshmi Shekar,F,57,9811644807,Vemula,Midjil,Mahabubnagar,2026-07-24,FAC008,Fever,Musculoskeletal,Assisted video,9,No,Yes,Yes,14,22.2,Telugu,Good,Completed
TC0004963,TEP0003794,Bhavani Jangam,F,78,9004906859,Peddadinne,Devarakonda,Nalgonda,2026-06-14,FAC012,Skin complaint,Dermatology,Audio,13,No,Yes,Yes,7,6.6,Telugu,Good,Completed
TC0004964,TEP0003795,Raghav Kumar,M,37,+91-95506-77034,Narayankhed,Narayankhed,Sangareddy,2026-03-30,FAC021,Body pain,Other,Audio,17,Yes,No,No,,7.0,English,Poor,Completed
TC0004965,TEP0003796,Naresh Narsimha,M,59,9694693365,Gundlapally,Devarakonda,Nalgonda,2026-03-09,FAC010,Cough,Respiratory,Audio,13,Yes,No,No,,26.3,Urdu,Fair,Completed
TC0004966,TEP0003796,Naresh Narsimha,M,58,,Gundlapally,Devarakonda,Nalgonda,2026-05-12,FAC011,Abdominal discomfort,Other,Assisted video,13,Yes,No,Yes,21,29.4,Urdu,Poor,Completed
TC0004967,TEP0003797,Mohan Reddy,M,24,9846962858,Nomula,Nakrekal,Nalgonda,2026-05-10,FAC016,Cough,Other,Assisted video,24,Yes,Yes,No,,36.1,Urdu,Fair,Completed
TC0004968,TEP0003798,Praveen Laxman,M,37,9866510603,Midjil,Midjil,Mahabubnagar,2026-01-24,FAC007,Dizziness,Fever/Infection,Audio,14,Yes,No,Yes,7,7.6,Telugu,Poor,Completed
TC0004969,TEP0003798,Praveen Laxman,M,37,9866510603,MIDJIL,Midjil,Mahabubnagar,2026-07-05,FAC009,Body pain,Other,Video,20,Yes,No,No,,19.5,Telugu,Fair,Completed
TC0004970,TEP0003799,Naveen,M,31,9256756193,Kallepally,Balanagar,Mahabubnagar,2026-08-11,FAC006,Body pain,Fever/Infection,Video,9,Yes,Yes,Yes,7,35.4,Telugu,Good,Completed
TC0004971,TEP0003800,Padma Devi,F,41,+91-95622-64542,Indresham,Patancheru,Sangareddy,2026-04-27,FAC027,Skin complaint,Other,Video,12,No,No,Yes,21,22.3,Telugu,Good,Completed
TC0004972,TEP0003801,Rajesh Mallaiah,M,52,9402940959,Rajapur,Balanagar,Mahabubnagar,2026-02-19,FAC005,Fever,Respiratory,Audio,19,Yes,No,Yes,30,12.6,Telugu,Good,Completed
TC0004973,TEP0003802,Anitha Naik,F,56,9518293686,Jharasangam,Zaheerabad,Sangareddy,2026-04-30,FAC023,Cough,Diabetes,Assisted video,23,Yes,Yes,Yes,30,18.7,Telugu,Poor,Completed
TC0004974,TEP0003803,Kiran Yadav,M,80,9206689255,Bhanur,Patancheru,Sangareddy,2026-02-15,FAC025,Cough,Other,Audio,16,Yes,No,Yes,14,18.7,Telugu,Fair,Completed
TC0004975,TEP0003803,Kiran Yadav,M,80,9206689255,Bhanur,Patancheru,Sangareddy,2026-04-02,FAC026,Skin complaint,Fever/Infection,Audio,12,Yes,No,Yes,7,12.8,Telugu,Good,Completed
TC0004976,TEP0003804,Santosh Kumar,M,18,9570565587,Donur,Midjil,Mahabubnagar,2026-06-21,FAC007,Dizziness,Other,Audio,22,Yes,No,Yes,21,23.7,Telugu,Good,Completed
TC0004977,TEP0003805,Renuka Devi,F,74,+91-97897-87594,Velpula,Midjil,Mahabubnagar,2026-05-31,FAC009,Cough,Gastrointestinal,Audio,13,Yes,No,No,,4.2,Telugu,Poor,Completed
TC0004978,TEP0003806,Kavitha Mudiraj,F,54,9492231334,Jharasangam,Zaheerabad,Sangareddy,2026-06-20,FAC023,Dizziness,Gastrointestinal,Audio,8,No,Yes,Yes,21,18.7,Telugu,Poor,Completed
TC0004979,TEP0003806,Kavitha Mudiraj,F,55,9492231334,Jharasangam,Zaheerabad,Sangareddy,2026-08-12,FAC023,Fever,Dermatology,Audio,20,No,No,Yes,14,18.7,Telugu,Good,Completed
TC0004980,TEP0003807,Raju Rao,M,59,9725793882,Donur,Midjil,Mahabubnagar,2026-02-12,FAC007,Cough,Hypertension+Diabetes,Video,13,Yes,Yes,Yes,14,23.7,Telugu,Fair,Completed
TC0004981,TEP0003808,Rani Patel,F,52,+91-96350-62677,Midjil,Midjil,Mahabubnagar,2026-07-06,FAC009,Dizziness,Dermatology,Assisted video,19,No,No,No,,19.5,Telugu,Fair,Completed
TC0004982,TEP0003809,Rani Laxman,F,35,9723803999,Nomula,Nakrekal,Nalgonda,2026-02-25,FAC016,Dizziness,Hypertension,Assisted video,11,Yes,No,Yes,30,36.1,Urdu,Good,Completed
TC0004983,TEP0003810,Deepika Basha,F,45,9686180123,INDRESHAM,Patancheru,Sangareddy,2026-08-15,FAC026,Fever,Other,Audio,14,Yes,No,Yes,14,11.5,Telugu,Fair,Completed
TC0004984,TEP0003811,Arun Mallaiah,M,55,9119127850,Kohir,Zaheerabad,Sangareddy,2026-06-16,FAC024,Headache,Musculoskeletal,Assisted video,9,Yes,No,Yes,21,6.4,Telugu,Poor,Completed
TC0004985,TEP0003811,Arun Mallaiah,M,56,9119127850,Kohir,Zaheerabad,Sangareddy,2026-07-11,FAC022,Body pain,Gastrointestinal,Video,9,Yes,Yes,No,,3.6,Telugu,Fair,Completed
TC0004986,TEP0003812,Srinivas Reddy,M,63,+91-98079-83995,Ameenpur,Patancheru,Sangareddy,2026-08-09,FAC025,Dizziness,Gastrointestinal,Video,19,Yes,No,No,,13.0,Telugu,Fair,Completed
TC0004987,TEP0003813,Praveen Rao,M,72,9573389148,Bodajanampet,Balanagar,Mahabubnagar,2026-03-16,FAC005,Abdominal discomfort,Fever/Infection,Video,13,Yes,No,Yes,14,26.6,Telugu,Fair,Completed
TC0004988,TEP0003814,Sai Shekar,M,83,9646267546,Kummarikunta,Chandur,Nalgonda,2026-01-16,FAC014,Skin complaint,Dermatology,Assisted video,17,No,No,Yes,14,7.3,Telugu,Good,Completed
TC0004989,TEP0003815,Padma Goud,F,54,9409233859,Vemula,Midjil,Mahabubnagar,2026-04-02,FAC007,Body pain,Diabetes,Audio,8,No,Yes,Yes,7,25.7,Telugu,Good,Completed
TC0004990,TEP0003815,Padma Goud,F,52,9409233859,Vemula,Midjil,Mahabubnagar,2026-07-21,FAC009,Fever,Fever/Infection,Assisted video,11,Yes,No,No,,7.3,Telugu,Poor,Completed
TC0004991,TEP0003816,Nirmala Devi,F,55,9857320075,Ameenpur,Patancheru,Sangareddy,2026-07-14,FAC025,Headache,Hypertension+Diabetes,Audio,20,No,Yes,Yes,7,13.0,Telugu,Fair,Completed
TC0004992,TEP0003817,Harika Narsimha,F,54,9826156756,Kalher,Narayankhed,Sangareddy,2026-06-22,FAC019,Fever,Gastrointestinal,Audio,11,Yes,No,Yes,14,24.9,Urdu,Good,Completed
TC0004993,TEP0003817,Harika Narsimha,F,56,9826156756,Kalher,Narayankhed,Sangareddy,2026-07-18,FAC019,Body pain,Other,Video,13,No,Yes,No,,24.9,Urdu,Fair,Completed
TC0004994,TEP0003817,Harika Narsimha,F,57,9826156756,Kalher,Narayankhed,Sangareddy,2026-08-14,FAC021,Abdominal discomfort,Gastrointestinal,Audio,9,Yes,Yes,Yes,21,22.9,Urdu,Good,Completed
TC0004995,TEP0003818,Rajesh Reddy,M,79,,Balanagar,Balanagar,Mahabubnagar,2026-07-05,FAC006,Headache,Respiratory,Video,15,Yes,No,Yes,21,1.4,Telugu,Good,Completed
TC0004996,TEP0003818,Rjesh Reddy,M,76,9911869858,Balanaga,Balanagar,Mahabubnagar,2026-08-04,FAC004,Fever,Fever/Infection,Video,11,Yes,No,Yes,21,10.8,Telugu,Good,Completed
TC0004997,TEP0003819,Suresh Chary,M,68,9300144683,Kohir,Zaheerabad,Sangareddy,2026-05-30,FAC023,Skin complaint,Hypertension,Video,24,Yes,Yes,No,,15.7,Urdu,Fair,Completed
TC0004998,TEP0003819,Suresh Chary,M,68,9300144683,Kohir,Zaheerabad,Sangareddy,2026-07-23,FAC023,Dizziness,Hypertension,Audio,8,Yes,Yes,Yes,21,15.7,Urdu,Poor,Completed
TC0004999,TEP0003820,Raju Devi,M,67,9367611169,Ameenpur,Patancheru,Sangareddy,2026-06-30,FAC025,Skin complaint,Hypertension,Assisted video,24,Yes,Yes,Yes,14,13.0,Telugu,Fair,Completed
TC0005000,TEP0003821,Nirmala Reddy,F,79,9774732804,Devarakonda,Devarakonda,Nalgonda,2026-03-21,FAC010,Fever,Hypertension+Diabetes,Video,15,Yes,No,Yes,14,22.8,Telugu,Fair,Completed
TC0005001,TEP0003822,Divya Das,F,19,9846717024,Nomula,Nakrekal,Nalgonda,2026-07-30,FAC018,Cough,Fever/Infection,Video,23,Yes,No,Yes,14,2.2,Telugu,Good,Completed
TC0005002,TEP0003823,Shobha Das,F,50,+91-92402-70174,Indresham,Patancheru,Sangareddy,2026-07-22,FAC027,Fever,Dermatology,Audio,24,Yes,No,Yes,30,22.3,Telugu,Poor,Completed
TC0005003,TEP0003824,Deevya Devi,F,53,9272979944,Bodajanampet,Balanagar,Mahabubnagar,2026-03-18,FAC006,Abdominal discomfort,Other,Assisted video,8,No,No,Yes,7,33.3,Telugu,Poor,Completed
TC0005004,TEP0003825,Lalitha Das,F,41,9757722405,Kalher,Narayankhed,Sangareddy,2026-01-26,FAC021,Dizziness,Musculoskeletal,Audio,19,Yes,No,No,,22.9,Telugu,Good,Completed
TC0005005,TEP0003826,Santosh Narsimha,M,80,9750264122,Jharasangam,Zaheerabad,Sangareddy,2026-07-27,FAC023,Headache,Respiratory,Assisted video,10,Yes,Yes,No,,18.7,Telugu,Good,Completed
TC0005006,TEP0003827,Raghav Chary,M,58,9090020371,Patancheru,Patancheru,Sangareddy,2026-05-30,FAC025,Headache,Diabetes,Assisted video,20,No,Yes,No,,25.4,English,Good,Completed
TC0005007,TEP0003827,Raghav,M,56,+91-90900-20371,Patancheru,Patancheru,Sangareddy,2026-06-26,FAC027,Abdominal discomfort,Other,Assisted video,12,No,No,Yes,7,36.3,English,Good,Completed
TC0005008,TEP0003828,Swati Laxman,F,38,9110786888,Badepally,Jadcherla,Mahabubnagar,2026-01-02,FAC001,Headache,Hypertension,Assisted video,18,Yes,No,No,,11.4,Telugu,Good,Completed
TC0005009,TEP0003829,Ravi Rao,M,23,9276970865,Midjil,Midjil,Mahabubnagar,2026-03-01,FAC007,Skin complaint,Hypertension,Assisted video,14,No,Yes,Yes,21,7.6,Telugu,Fair,Completed
TC0005010,TEP0003830,Srilatha Reddy,F,40,9080908811,KALHER,Narayankhed,Sangareddy,2026-02-21,FAC021,Headache,Other,Audio,19,Yes,Yes,Yes,21,22.9,Telugu,Good,Completed
TC0005011,TEP0003831,Ravi Mudiraj,M,37,9704819228,Balanagar,Balanagar,Mahabubnagar,2026-06-29,FAC005,Headache,Respiratory,Audio,21,Yes,Yes,Yes,7,10.4,Urdu,Poor,Completed
TC0005012,TEP0003832,Kiran Naik,M,37,+91-99219-53039,BHANUR,Patancheru,Sangareddy,2026-04-05,FAC025,Routine NCD review,Fever/Infection,Video,22,No,No,Yes,21,18.7,Telugu,Poor,Completed
TC0005013,TEP0003833,Ravi Chary,M,52,9293609433,Badepally,Jadcherla,Mahabubnagar,2026-08-08,FAC003,Routine NCD review,Diabetes,Video,24,No,Yes,Yes,14,5.1,Telugu,Fair,Completed
TC0005014,TEP0003834,Rni Patel,F,42,9300210020,Mogudampalli,Zaheerabad,Sangareddy,2026-04-09,FAC022,Cough,Musculoskeletal,Video,21,No,No,Yes,14,13.2,Telugu,Good,Completed
TC0005015,TEP0003835,Bhavani Krishna,F,22,9245492426,Macharam,Jadcherla,Mahabubnagar,2026-08-07,FAC001,Body pain,Dermatology,Audio,17,No,Yes,No,,17.2,Urdu,Poor,Completed
TC0005016,TEP0003836,Srinivas Mallaiah,M,34,9745190389,Mogudampally,Zaheerabad,Sangareddy,2026-02-01,FAC024,Abdominal discomfort,Hypertension,Video,17,Yes,Yes,No,,16.8,Telugu,Good,Completed
TC0005017,TEP0003837,Nirmala Begum,F,36,9610503749,Kummarikunta,Chandur,Nalgonda,2026-04-13,FAC014,Cough,Musculoskeletal,Video,9,Yes,No,No,,7.3,Telugu,Fair,Completed
TC0005018,TEP0003837,Nirmala Begum,F,37,9610503749,Kummarikunta,Chandur,Nalgonda,2026-05-13,FAC015,Body pain,Hypertension,Video,10,Yes,No,No,,26.6,Telugu,Poor,Completed
TC0005019,TEP0003838,Mahesh Kumar,M,34,9015310440,Gundlapally,Devarakonda,Nalgonda,2026-04-06,FAC010,Routine NCD review,Other,Video,11,Yes,No,Yes,7,26.3,Telugu,Fair,Completed
TC0005020,TEP0003838,Mahesh Kumar,M,34,9025310440,GUNDLAPALLY,Devarakonda,Nalgonda,2026-06-13,FAC011,Headache,Other,Audio,9,Yes,No,No,,29.4,Telugu,Poor,Completed
TC0005021,TEP0003839,Srinivas Khan,M,54,9101134345,Patancheru,Patancheru,Sangareddy,2026-04-14,FAC027,Skin complaint,Musculoskeletal,Assisted video,17,Yes,No,No,,36.3,Telugu,Poor,Completed
TC0005022,TEP0003840,Sushma Kumar,F,62,9000145139,Rajapur,Balanagar,Mahabubnagar,2026-05-02,FAC006,Body pain,Other,Assisted video,8,Yes,No,Yes,14,8.7,Telugu,Fair,Completed
TC0005023,TEP0003841,Vinod Das,M,53,9534255044,Gundlapally,Devarakonda,Nalgonda,2026-08-02,FAC010,Dizziness,Respiratory,Video,17,Yes,No,No,,26.3,Telugu,Fair,Completed
TC0005024,TEP0003842,Arun Rao,M,56,9802119130,Kummarikunta,Chandur,Nalgonda,2026-05-30,FAC015,Abdominal discomfort,Hypertension+Diabetes,Audio,7,Yes,Yes,Yes,30,26.6,Telugu,Poor,Completed
TC0005025,TEP0003842,run Rao,M,55,9802119130,Kummarikunta,Chandur,Nalgonda,2026-07-17,FAC014,Fever,Diabetes,Video,24,Yes,Yes,No,,7.3,Telugu,Poor,Completed
TC0005026,TEP0003843,Raghav Rao,M,59,9633300728,Kohir,Zaheerabad,Sangareddy,2026-08-04,FAC023,Headache,Respiratory,Audio,11,Yes,No,Yes,7,15.7,Telugu,Poor,Completed
TC0005027,TEP0003844,Mahesh Begum,M,20,9891142146,Peddadinne,Devarakonda,Nalgonda,2026-07-30,FAC010,Routine NCD review,Gastrointestinal,Audio,15,Yes,No,No,,7.4,Telugu,Good,Completed
TC0005028,TEP0003845,Mohan Khan,M,38,9360700989,Bhanur,Patancheru,Sangareddy,2026-05-23,FAC026,Cough,Other,Video,20,No,No,Yes,14,12.8,Telugu,Good,Completed
TC0005029,TEP0003846,Venkatesh Devi,M,59,9228959902,Badepally,Jadcherla,Mahabubnagar,2026-06-06,FAC001,Routine NCD review,Hypertension,Assisted video,15,No,Yes,No,,11.4,Telugu,Fair,Completed
TC0005030,TEP0003846,Venkatesh Devi,M,62,9228959902,Badepally,Jadcherla,Mahabubnagar,2026-07-19,FAC002,Fever,Hypertension,Assisted video,24,Yes,Yes,Yes,21,19.9,Telugu,Good,Completed
TC0005031,TEP0003847,Naresh Laxman,M,55,9604327562,Jharasangam,Zaheerabad,Sangareddy,2026-07-27,FAC022,Routine NCD review,Dermatology,Assisted video,22,Yes,No,No,,5.6,Telugu,Fair,Completed
TC0005032,TEP0003848,Saritha Das,F,65,9012031678,Peddadinne,Devarakonda,Nalgonda,2026-02-02,FAC011,Cough,Musculoskeletal,Video,13,Yes,No,Yes,7,13.9,Telugu,Poor,Completed
TC0005033,TEP0003848,Saritha Das,F,66,9012031678,Peddadinn,Devarakonda,Nalgonda,2026-03-23,FAC010,Dizziness,Hypertension,Video,12,Yes,Yes,Yes,21,7.4,Telugu,Good,Completed
TC0005034,TEP0003849,Ramesh Begum,M,49,9569912980,Narayankhed,Narayankhed,Sangareddy,2026-03-04,FAC019,Abdominal discomfort,Other,Audio,23,Yes,No,Yes,7,28.2,Telugu,Poor,Completed
TC0005035,TEP0003850,Harika Reddy,F,53,9410062059,Marrur,Nakrekal,Nalgonda,2026-07-16,FAC016,Cough,Musculoskeletal,Audio,19,Yes,No,No,,36.5,Telugu,Fair,Completed
TC0005036,TEP0003851,Srilatha Chary,F,35,9244199517,Gundlapally,Devarakonda,Nalgonda,2026-03-27,FAC011,Fever,Other,Assisted video,22,Yes,Yes,No,,29.4,Telugu,Fair,Completed
TC0005037,TEP0003852,Jyothi Begum,F,18,9079298330,RAJAPUR,Balanagar,Mahabubnagar,2026-07-16,FAC006,Headache,Dermatology,Assisted video,7,Yes,No,No,,8.7,Telugu,Good,Completed
TC0005038,TEP0003853,Jyothi Krishna,F,48,,Midjil,Midjil,Mahabubnagar,2026-05-17,FAC009,Skin complaint,Other,Assisted video,18,Yes,No,No,,19.5,Telugu,Poor,Completed
TC0005039,TEP0003853,Jyothi Krishna,F,51,9763322869,Midjil,Midjil,Mahabubnagar,2026-07-13,FAC007,Cough,Hypertension,Video,24,No,No,Yes,7,7.6,Telugu,Good,Completed
TC0005040,TEP0003854,Deepika Khan,F,49,9656559188,Gundlapall,Devarakonda,Nalgonda,2026-05-19,FAC012,Skin complaint,Hypertension,Audio,18,No,Yes,Yes,14,25.4,Telugu,Good,Completed
TC0005041,TEP0003855,Vinod Das,M,61,9958637807,AMEENPUR,Patancheru,Sangareddy,2026-02-13,FAC027,Routine NCD review,Gastrointestinal,Video,10,Yes,No,Yes,7,27.9,Telugu,Fair,Completed
TC0005042,TEP0003856,Kiran Das,M,52,9822006158,Balanagar,Balanagar,Mahabubnagar,2026-07-03,FAC005,Skin complaint,Dermatology,Video,23,No,No,Yes,14,10.4,Telugu,Poor,Completed
TC0005043,TEP0003857,njali Laxman,F,71,9902504218,Gangapur,Jadcherla,Mahabubnagar,2026-02-14,FAC002,Cough,Dermatology,Assisted video,13,Yes,No,Yes,21,38.9,English,Good,Completed
TC0005044,TEP0003858,Nirmala Jangam,F,54,9732292786,Gundlapally,Devarakonda,Nalgonda,2026-08-13,FAC012,Body pain,Other,Video,16,No,Yes,No,,25.4,Telugu,Poor,Completed
TC0005045,TEP0003859,Kiran Mudiraj,M,41,9623370668,Macharam,Jadcherla,Mahabubnagar,2026-04-20,FAC001,Dizziness,Hypertension,Assisted video,17,Yes,No,No,,17.2,English,Good,Completed
TC0005046,TEP0003860,Padma,F,34,9242860625,Patancheru,Patancheru,Sangareddy,2026-02-12,FAC026,Fever,Other,Audio,24,Yes,No,Yes,7,23.1,Telugu,Fair,Completed
TC0005047,TEP0003860,Padma Yadav,F,33,9242860625,Patancheru,Patancheru,Sangareddy,2026-04-19,FAC026,Cough,Fever/Infection,Assisted video,13,Yes,No,Yes,30,23.1,Telugu,Fair,Completed
TC0005048,TEP0003861,Praveen Basha,M,45,9012256954,Chandur,Chandur,Nalgonda,2026-07-07,FAC013,Headache,Hypertension+Diabetes,Video,17,Yes,Yes,No,,21.3,Telugu,Good,Completed
TC0005049,TEP0003862,Nirmala Chary,F,31,9542505843,Nakrekal,Nakrekal,Nalgonda,2026-01-12,FAC018,Headache,Gastrointestinal,Video,7,Yes,Yes,No,,16.2,Telugu,Fair,Completed
TC0005050,TEP0003863,Shobha Reddy,F,68,,Devarakonda,Devarakonda,Nalgonda,2026-08-14,FAC010,Dizziness,Fever/Infection,Assisted video,20,Yes,No,Yes,7,22.8,Telugu,Fair,Completed
TC0005051,TEP0003864,Hareeka Rao,F,18,9507200194,Vemula,Midjil,Mahabubnagar,2026-03-13,FAC008,Routine NCD review,Respiratory,Assisted video,9,Yes,No,Yes,14,22.2,Telugu,Good,Completed
TC0005052,TEP0003865,Venkatesh Mudiraj,M,50,9664945114,Gundlapally,Devarakonda,Nalgonda,2026-05-06,FAC011,Dizziness,Musculoskeletal,Audio,22,No,No,Yes,14,29.4,Telugu,Poor,Completed
TC0005053,TEP0003865,Venkatesh Mudiraj,M,50,,Gundlapally,Devarakonda,Nalgonda,2026-05-31,FAC012,Dizziness,Hypertension,Assisted video,11,Yes,Yes,Yes,30,25.4,Telugu,Poor,Completed
TC0005054,TEP0003866,Bhavani Devi,F,24,9443043012,Manoor,Narayankhed,Sangareddy,2026-02-16,FAC021,Body pain,Dermatology,Audio,14,No,No,No,,15.5,Telugu,Poor,Completed
TC0005055,TEP0003866,Bhavani Devi,F,25,9443043012,Manoor,Narayankhed,Sangareddy,2026-04-13,FAC020,Abdominal discomfort,Other,Audio,13,Yes,No,Yes,14,21.7,Telugu,Good,Completed
TC0005056,TEP0003867,nil Basha,M,70,9816165478,DEVARAKONDA,Devarakonda,Nalgonda,2026-03-02,FAC012,Skin complaint,Hypertension,Audio,10,Yes,No,Yes,30,22.1,Telugu,Good,Completed
TC0005057,TEP0003868,Anil Naik,M,69,9913297664,Donur,Midjil,Mahabubnagar,2026-04-14,FAC008,Fever,Respiratory,Assisted video,7,Yes,No,No,,9.4,Telugu,Poor,Completed
TC0005058,TEP0003868,Anil Naik,M,68,9913295664,Donur,Midjil,Mahabubnagar,2026-05-08,FAC008,Skin complaint,Fever/Infection,Assisted video,7,Yes,Yes,No,,9.4,Telugu,Fair,Completed
TC0005059,TEP0003868,Anil Naik,M,68,9913295664,Donur,Midjil,Mahabubnagar,2026-07-01,FAC009,Abdominal discomfort,Dermatology,Video,16,Yes,No,Yes,21,14.1,Telugu,Fair,Completed
TC0005060,TEP0003869,Anil Reddy,M,48,9914486961,Chandur,Chandur,Nalgonda,2026-07-31,FAC015,Body pain,Diabetes,Audio,22,Yes,Yes,Yes,21,29.7,English,Good,Completed
TC0005061,TEP0003870,Shobha Kumar,F,21,9749849396,Nermata,Chandur,Nalgonda,2026-08-08,FAC014,Cough,Diabetes,Assisted video,17,No,Yes,Yes,30,19.2,Telugu,Good,Completed
TC0005062,TEP0003871,Padma Mallaiah,F,49,9559690796,Zaheerabad,Zaheerabad,Sangareddy,2026-06-20,FAC022,Dizziness,Gastrointestinal,Audio,13,No,No,Yes,21,25.3,Telugu,Good,Completed
TC0005063,TEP0003872,Anitha Naik,F,44,9566092025,Kangti,Narayankhed,Sangareddy,2026-02-28,FAC021,Headache,Diabetes,Audio,23,Yes,Yes,Yes,30,27.8,Telugu,Good,Completed
TC0005064,TEP0003873,Swathi Mudiraj,F,40,9971275654,Macharam,Jadcherla,Mahabubnagar,2026-05-19,FAC002,Body pain,Hypertension,Assisted video,20,Yes,No,No,,29.4,Telugu,Fair,Completed
TC0005065,TEP0003873,Swathi Mudiraj,F,40,9971275654,Macharam,Jadcherla,Mahabubnagar,2026-06-20,FAC003,Headache,Hypertension,Assisted video,13,Yes,No,Yes,14,12.8,Telugu,Good,Completed
TC0005066,TEP0003874,nil Mallaiah,M,57,9290800293,Manoor,Narayankhed,Sangareddy,2026-06-01,FAC019,Abdominal discomfort,Musculoskeletal,Audio,12,No,No,Yes,7,33.3,Telugu,Good,Completed
TC0005067,TEP0003875,Mohan Begum,M,57,9424173862,Kangti,Narayankhed,Sangareddy,2026-04-01,FAC019,Headache,Hypertension,Assisted video,14,No,No,Yes,30,20.3,Telugu,Poor,Completed
TC0005068,TEP0003876,Sushma Reddy,F,30,9820943448,Kallepally,Balanagar,Mahabubnagar,2026-03-16,FAC006,Body pain,Hypertension+Diabetes,Audio,10,Yes,Yes,Yes,30,35.4,Telugu,Fair,Completed
TC0005069,TEP0003876,Sushma Reddy,F,26,9890943448,Kallepalli,Balanagar,Mahabubnagar,2026-03-17,FAC006,Body pain,Other,Assisted video,20,Yes,No,Yes,30,35.4,Telugu,Good,Completed
TC0005070,TEP0003876,Sushma Reddy,F,28,9890943448,Kallepally,Balanagar,Mahabubnagar,2026-07-08,FAC004,Dizziness,Hypertension+Diabetes,Video,13,Yes,No,Yes,21,26.4,Telugu,Good,Completed
TC0005071,TEP0003877,Ravi Basha,M,32,9977555027,Narayankhed,Narayankhed,Sangareddy,2026-07-16,FAC021,Headache,Other,Audio,23,Yes,No,Yes,21,7.0,Telugu,Poor,Completed
TC0005072,TEP0003877,Ravi Basha,M,29,,NARAYANKHED,Narayankhed,Sangareddy,2026-08-03,FAC021,Fever,Other,Assisted video,7,Yes,Yes,No,,7.0,Telugu,Fair,Completed
TC0005073,TEP0003878,Mohan Jangam,M,58,9826001972,Mangalapally,Nakrekal,Nalgonda,2026-05-20,FAC016,Routine NCD review,Fever/Infection,Video,17,No,Yes,Yes,7,4.1,Telugu,Good,Completed
TC0005074,TEP0003878,Mohan Jangam,M,58,+91-98260-01972,Mangalapally,Nakrekal,Nalgonda,2026-05-25,FAC016,Fever,Fever/Infection,Assisted video,8,Yes,No,Yes,7,4.1,Telugu,Fair,Completed
TC0005075,TEP0003879,Shankar Naik,M,35,9194003088,INDRESHAM,Patancheru,Sangareddy,2026-04-25,FAC025,Dizziness,Diabetes,Audio,18,Yes,No,No,,19.2,Telugu,Fair,Completed
TC0005076,TEP0003880,Ramesh Kumar,M,45,+91-98602-00937,Mogudampally,Zaheerabad,Sangareddy,2026-04-25,FAC023,Dizziness,Fever/Infection,Audio,20,No,No,No,,22.3,Telugu,Good,Completed
TC0005077,TEP0003881,Swathi Devi,F,58,9874036671,Nermata,Chandur,Nalgonda,2026-07-20,FAC013,Cough,Dermatology,Assisted video,13,Yes,Yes,Yes,14,19.7,Telugu,Fair,Completed
TC0005078,TEP0003882,Kiran Patel,M,45,,Nermata,Chandur,Nalgonda,2026-07-17,FAC014,Dizziness,Diabetes,Assisted video,12,Yes,No,Yes,7,19.2,Telugu,Good,Completed
TC0005079,TEP0003883,Harika Narsimha,F,73,9160640205,Mangalapally,Nakrekal,Nalgonda,2026-08-14,FAC016,Abdominal discomfort,Hypertension,Video,22,Yes,No,Yes,21,4.1,Telugu,Poor,Completed
TC0005080,TEP0003884,Llitha Khan,F,47,9148265036,VELPULA,Midjil,Mahabubnagar,2026-07-30,FAC007,Skin complaint,Dermatology,Video,19,No,Yes,Yes,7,17.9,English,Fair,Completed
TC0005081,TEP0003885,Rawi Laxman,M,59,,Bhanur,Patancheru,Sangareddy,2026-01-25,FAC026,Abdominal discomfort,Gastrointestinal,Video,13,Yes,No,No,,12.8,Telugu,Good,Completed
TC0005082,TEP0003886,Srilatha Rao,F,40,9602716053,Zaheerabad,Zaheerabad,Sangareddy,2026-01-04,FAC023,Headache,Hypertension,Audio,20,No,No,Yes,21,17.3,Telugu,Good,Completed
TC0005083,TEP0003886,Srilatha Rao,F,40,9602716053,Zaheerabad,Zaheerabad,Sangareddy,2026-06-27,FAC023,Routine NCD review,Hypertension,Video,8,Yes,No,No,,17.3,Telugu,Good,Completed
TC0005084,TEP0003887,Kiran Naik,M,49,9140084354,Polepally,Jadcherla,Mahabubnagar,2026-01-15,FAC002,Body pain,Hypertension,Audio,13,Yes,Yes,Yes,30,8.3,Urdu,Fair,Completed
TC0005085,TEP0003888,Pravin Mallaiah,M,75,9776988209,Marrur,Nakrekal,Nalgonda,2026-08-11,FAC016,Skin complaint,Musculoskeletal,Audio,21,Yes,Yes,Yes,14,36.5,Telugu,Good,Completed
TC0005086,TEP0003889,Bhavani Kumar,F,66,9650905818,Bhanur,Patancheru,Sangareddy,2026-01-30,FAC027,Skin complaint,Diabetes,Video,23,Yes,Yes,Yes,7,18.4,English,Fair,Completed
TC0005087,TEP0003890,Padma Shekar,F,19,9134808485,Jharasangam,Zaheerabad,Sangareddy,2026-04-17,FAC023,Fever,Hypertension+Diabetes,Audio,23,No,Yes,No,,18.7,Urdu,Poor,Completed
TC0005088,TEP0003891,Padma Goud,F,35,9722056774,Bangarigadda,Chandur,Nalgonda,2026-08-11,FAC013,Headache,Diabetes,Assisted video,14,Yes,Yes,Yes,30,16.9,Telugu,Good,Completed
TC0005089,TEP0003892,Swathi Yadav,F,66,+91-91188-59467,Jharasangam,Zaheerabad,Sangareddy,2026-02-21,FAC023,Body pain,Fever/Infection,Video,11,Yes,No,Yes,21,18.7,Telugu,Fair,Completed
TC0005090,TEP0003893,Shankar Shekar,M,90,9183259127,Bangarigadda,Chandur,Nalgonda,2026-01-28,FAC014,Abdominal discomfort,Fever/Infection,Audio,20,No,No,No,,17.6,Telugu,Poor,Completed
TC0005091,TEP0003893,Shankar Shekar,M,86,9183259127,BANGARIGADDA,Chandur,Nalgonda,2026-07-16,FAC014,Routine NCD review,Musculoskeletal,Assisted video,11,Yes,Yes,Yes,14,17.6,Telugu,Poor,Completed
TC0005092,TEP0003894,Padma Mudiraj,F,27,9368838922,Peddadinne,Devarakonda,Nalgonda,2026-02-05,FAC012,Routine NCD review,Hypertension+Diabetes,Audio,8,Yes,No,No,,6.6,Urdu,Fair,Completed
TC0005093,TEP0003895,Rajesh Goud,M,57,,Macharam,Jadcherla,Mahabubnagar,2026-02-12,FAC001,Headache,Other,Video,22,Yes,No,No,,17.2,Telugu,Poor,Completed
TC0005094,TEP0003896,Shobha Krishna,F,55,9567395926,Vemula,Midjil,Mahabubnagar,2026-01-11,FAC007,Headache,Musculoskeletal,Video,24,Yes,No,Yes,14,25.7,Telugu,Good,Completed
TC0005095,TEP0003897,Deepik Devi,F,77,9277694510,Velpula,Midjil,Mahabubnagar,2026-07-01,FAC009,Cough,Fever/Infection,Audio,19,Yes,No,Yes,14,4.2,Telugu,Fair,Completed
TC0005096,TEP0003898,Srilatha Mallaiah,F,54,9929645718,Velpula,Midjil,Mahabubnagar,2026-03-21,FAC009,Skin complaint,Musculoskeletal,Assisted video,14,Yes,No,Yes,7,4.2,Telugu,Poor,Completed
TC0005097,TEP0003899,Kavitha Patel,F,47,9845049632,Midji,Midjil,Mahabubnagar,2026-07-21,FAC007,Headache,Fever/Infection,Audio,20,Yes,No,Yes,21,7.6,Telugu,Fair,Completed
TC0005098,TEP0003900,Anitha Patel,F,49,9273009268,Patancheru,Patancheru,Sangareddy,2026-07-12,FAC027,Cough,Musculoskeletal,Assisted video,14,Yes,No,Yes,14,36.3,Telugu,Poor,Completed
TC0005099,TEP0003901,Divya Das,F,23,9440082891,Indresham,Patancheru,Sangareddy,2026-03-29,FAC027,Skin complaint,Gastrointestinal,Assisted video,10,Yes,No,Yes,21,22.3,Telugu,Poor,Completed
TC0005100,TEP0003902,Deepik Rao,F,37,+91-93897-56773,Zaheerabad,Zaheerabad,Sangareddy,2026-01-19,FAC024,Body pain,Respiratory,Video,18,Yes,Yes,No,,28.3,Telugu,Good,Completed
TC0005101,TEP0003903,Suresh Naik,M,35,9608462196,Bhanur,Patancheru,Sangareddy,2026-01-05,FAC025,Body pain,Hypertension+Diabetes,Assisted video,21,No,No,Yes,14,18.7,Telugu,Good,Completed
TC0005102,TEP0003904,Swathi Mallaiah,F,49,,Midjil,Midjil,Mahabubnagar,2026-02-14,FAC008,Dizziness,Other,Video,21,No,Yes,Yes,14,11.3,Telugu,Fair,Completed
TC0005103,TEP0003905,Venkatesh Jangam,M,60,9987902684,Chandur,Chandur,Nalgonda,2026-06-14,FAC014,Cough,Gastrointestinal,Video,17,Yes,No,No,,20.6,Telugu,Poor,Completed
TC0005104,TEP0003906,Shankar,M,25,9487308759,Kallepally,Balanagar,Mahabubnagar,2026-05-04,FAC004,Abdominal discomfort,Musculoskeletal,Video,13,Yes,No,Yes,14,26.4,Telugu,Fair,Completed
TC0005105,TEP0003907,Ravi Jangam,M,28,9990760934,Nomula,Nakrekal,Nalgonda,2026-05-04,FAC017,Routine NCD review,Diabetes,Audio,7,Yes,No,Yes,30,29.9,Telugu,Good,Completed
TC0005106,TEP0003908,Saritha Shekar,F,44,9202794768,Kummarikunta,Chandur,Nalgonda,2026-07-29,FAC014,Body pain,Other,Video,23,Yes,No,Yes,21,7.3,Telugu,Good,Completed
TC0005107,TEP0003909,Jyothee Kumar,F,58,9749601452,Vemul,Midjil,Mahabubnagar,2026-05-17,FAC009,Body pain,Gastrointestinal,Audio,12,Yes,No,No,,7.3,English,Poor,Completed
TC0005108,TEP0003910,Shankar Chary,M,50,9665590742,Zaheerabad,Zaheerabad,Sangareddy,2026-08-15,FAC022,Routine NCD review,Diabetes,Video,7,No,No,Yes,30,25.3,Telugu,Fair,Completed
TC0005109,TEP0003911,Venkatesh Narsimha,M,78,+91-93359-24259,Vemula,Midjil,Mahabubnagar,2026-06-15,FAC009,Dizziness,Diabetes,Video,18,Yes,Yes,Yes,7,7.3,Telugu,Fair,Completed
TC0005110,TEP0003911,Venkatesh Narsimha,M,78,+91-93359-24259,Vemula,Midjil,Mahabubnagar,2026-08-05,FAC009,Routine NCD review,Other,Assisted video,15,No,No,Yes,7,7.3,Telugu,Good,Completed
TC0005111,TEP0003912,Mounika Basha,F,71,9616853650,Kummarikunta,Chandur,Nalgonda,2026-08-12,FAC013,Dizziness,Other,Audio,7,Yes,Yes,Yes,7,6.5,Telugu,Poor,Completed
TC0005112,TEP0003913,Divya Khan,F,37,9139056576,Peddadinne,Devarakonda,Nalgonda,2026-01-04,FAC011,Skin complaint,Gastrointestinal,Video,7,Yes,No,Yes,21,13.9,Urdu,Poor,Completed
TC0005113,TEP0003914,Bhavani Yadav,F,40,+91-95434-49364,Kondamallepally,Devarakonda,Nalgonda,2026-02-01,FAC010,Cough,Dermatology,Assisted video,20,Yes,Yes,No,,20.0,Telugu,Fair,Completed
TC0005114,TEP0003914,Bhavani Yadav,F,39,+91-95434-49364,Kondamallepally,Devarakonda,Nalgonda,2026-07-03,FAC010,Cough,Dermatology,Audio,17,Yes,No,No,,20.0,Telugu,Fair,Completed
TC0005115,TEP0003915,Srinivas Krishna,M,18,9770047975,Midjil,Midjil,Mahabubnagar,2026-03-21,FAC007,Cough,Fever/Infection,Assisted video,15,Yes,Yes,No,,7.6,Telugu,Good,Completed
TC0005116,TEP0003915,Srinivas,M,18,9370047975,Midjil,Midjil,Mahabubnagar,2026-05-15,FAC008,Routine NCD review,Respiratory,Assisted video,15,No,Yes,Yes,14,11.3,Telugu,Fair,Completed
TC0005117,TEP0003916,Mahesh Rao,M,28,+91-93851-33924,Kondamallepally,Devarakonda,Nalgonda,2026-01-17,FAC011,Routine NCD review,Fever/Infection,Assisted video,17,Yes,No,No,,25.7,English,Poor,Completed
TC0005118,TEP0003917,Deepika Patel,F,77,,Chandur,Chandur,Nalgonda,2026-01-10,FAC014,Skin complaint,Hypertension,Assisted video,22,Yes,Yes,Yes,7,20.6,Telugu,Fair,Completed
TC0005119,TEP0003917,Deepika Patel,F,77,9432421958,Chandur,Chandur,Nalgonda,2026-07-26,FAC013,Body pain,Diabetes,Video,13,Yes,Yes,Yes,21,21.3,Telugu,Fair,Completed
TC0005120,TEP0003918,Srinivas Kumar,M,65,9630323516,Nomula,Nakrekal,Nalgonda,2026-06-01,FAC017,Fever,Diabetes,Assisted video,15,Yes,Yes,Yes,30,29.9,Telugu,Poor,Completed
TC0005121,TEP0003919,Swathi Khan,F,18,9459859528,Donur,Midjil,Mahabubnagar,2026-05-31,FAC007,Routine NCD review,Diabetes,Assisted video,18,No,Yes,No,,23.7,Urdu,Poor,Completed
TC0005122,TEP0003920,Naresh Mallaiah,M,56,9386286923,Nomula,Nakrekal,Nalgonda,2026-07-25,FAC016,Skin complaint,Dermatology,Audio,15,Yes,No,Yes,21,36.1,Urdu,Poor,Completed
TC0005123,TEP0003921,Raju Yadav,M,64,9700513065,KOHIR,Zaheerabad,Sangareddy,2026-03-25,FAC023,Cough,Dermatology,Assisted video,14,Yes,No,Yes,7,15.7,Telugu,Fair,Completed
TC0005124,TEP0003922,Nirmala Mudiraj,F,37,9058840954,Mangalapally,Nakrekal,Nalgonda,2026-07-07,FAC017,Headache,Fever/Infection,Assisted video,23,No,No,Yes,7,21.1,Telugu,Poor,Completed
TC0005125,TEP0003923,Rajesh Khan,M,71,9613569399,Kalher,Narayankhed,Sangareddy,2026-03-20,FAC021,Skin complaint,Hypertension,Video,20,Yes,Yes,No,,22.9,Telugu,Poor,Completed
TC0005126,TEP0003924,Bhavanee Khan,F,46,9784517572,Chandur,Chandur,Nalgonda,2026-04-04,FAC015,Headache,Musculoskeletal,Assisted video,14,Yes,No,Yes,30,29.7,Telugu,Fair,Completed
TC0005127,TEP0003925,Padma Rao,F,34,9299063950,Indresha,Patancheru,Sangareddy,2026-04-20,FAC025,Skin complaint,Gastrointestinal,Video,10,Yes,No,No,,19.2,Urdu,Poor,Completed
TC0005128,TEP0003926,Sushma Shekar,F,26,9646952331,Bhanur,Patancheru,Sangareddy,2026-03-29,FAC025,Headache,Diabetes,Audio,18,Yes,Yes,Yes,14,18.7,Telugu,Good,Completed
TC0005129,TEP0003926,Sushma Shekar,F,28,9646952331,BHANUR,Patancheru,Sangareddy,2026-05-27,FAC027,Body pain,Diabetes,Video,13,Yes,Yes,Yes,14,18.4,Telugu,Fair,Completed
TC0005130,TEP0003927,Raju Rao,M,43,9042015846,Chandur,Chandur,Nalgonda,2026-07-28,FAC014,Abdominal discomfort,Diabetes,Assisted video,21,No,Yes,Yes,7,20.6,Telugu,Poor,Completed
TC0005131,TEP0003928,Raghav Naik,M,50,9976487286,Jharasangam,Zaheerabad,Sangareddy,2026-01-04,FAC022,Skin complaint,Hypertension+Diabetes,Video,13,Yes,Yes,Yes,30,5.6,Telugu,Fair,Completed
TC0005132,TEP0003929,Naveen Devi,M,57,9997005995,Jharasangam,Zaheerabad,Sangareddy,2026-05-02,FAC023,Fever,Respiratory,Assisted video,15,No,Yes,Yes,14,18.7,Telugu,Good,Completed
TC0005133,TEP0003930,Saritha Jangam,F,35,9288593055,Bangarigadda,Chandur,Nalgonda,2026-03-09,FAC015,Cough,Other,Assisted video,11,Yes,Yes,Yes,14,18.0,Telugu,Good,Completed
TC0005134,TEP0003931,Mahesh Mudiraj,M,54,9266004239,Marrur,Nakrekal,Nalgonda,2026-05-05,FAC016,Fever,Hypertension,Assisted video,23,Yes,No,No,,36.5,Telugu,Good,Completed
TC0005135,TEP0003932,Naresh Devi,M,47,9221477164,Rajapur,Balanagar,Mahabubnagar,2026-06-01,FAC005,Headache,Hypertension,Assisted video,21,Yes,Yes,Yes,14,12.6,Telugu,Good,Completed
TC0005136,TEP0003933,Venkatesh Begum,M,49,9412953620,Kummarikunta,Chandur,Nalgonda,2026-01-19,FAC013,Fever,Respiratory,Audio,23,Yes,Yes,Yes,14,6.5,Telugu,Good,Completed
TC0005137,TEP0003933,Venkatesh Begum,M,51,9412953620,Kummarikunta,Chandur,Nalgonda,2026-07-07,FAC013,Headache,Dermatology,Assisted video,9,Yes,No,Yes,14,6.5,Telugu,Good,Completed
TC0005138,TEP0003934,Venkatesh Reddy,M,62,9303727277,Bhanur,Patancheru,Sangareddy,2026-06-18,FAC025,Fever,Respiratory,Video,16,No,No,Yes,21,18.7,Telugu,Poor,Completed
TC0005139,TEP0003935,Shobha Mallaiah,F,56,9880942383,Kallepally,Balanagar,Mahabubnagar,2026-06-05,FAC005,Headache,Fever/Infection,Video,7,Yes,No,Yes,14,26.2,Telugu,Poor,Completed
TC0005140,TEP0003935,Shobha Mallaiah,F,58,9880902383,Kallepally,Balanagar,Mahabubnagar,2026-07-06,FAC006,Fever,Fever/Infection,Audio,10,Yes,Yes,Yes,7,35.4,Telugu,Good,Completed
TC0005141,TEP0003936,Lakshmi Jangam,F,64,9898508470,Velpula,Midjil,Mahabubnagar,2026-08-10,FAC008,Body pain,Hypertension,Audio,7,No,No,Yes,14,12.6,Telugu,Good,Completed
TC0005142,TEP0003937,Lakshmi Patel,F,83,9342780062,Bangarigadda,Chandur,Nalgonda,2026-03-26,FAC014,Fever,Other,Assisted video,23,Yes,Yes,No,,17.6,Telugu,Poor,Completed
TC0005143,TEP0003937,Lakshmi Patel,F,81,9342780062,Bangarigadda,Chandur,Nalgonda,2026-04-11,FAC013,Dizziness,Diabetes,Video,9,Yes,No,Yes,30,16.9,Telugu,Poor,Completed
TC0005144,TEP0003938,Mahesh Reddy,M,45,9597552440,Manoor,Narayankhed,Sangareddy,2026-01-03,FAC019,Skin complaint,Diabetes,Audio,22,No,Yes,Yes,14,33.3,Telugu,Poor,Completed
TC0005145,TEP0003939,Mohan Kumar,M,51,9658784281,Midjil,Midjil,Mahabubnagar,2026-06-06,FAC008,Body pain,Other,Video,23,Yes,No,Yes,14,11.3,Telugu,Fair,Completed
TC0005146,TEP0003939,Mohan Kumar,M,49,9658884281,Midjil,Midjil,Mahabubnagar,2026-07-30,FAC009,Body pain,Musculoskeletal,Audio,12,Yes,No,Yes,21,19.5,Telugu,Good,Completed
TC0005147,TEP0003940,Mounika Shekar,F,47,9637708889,Midjil,Midjil,Mahabubnagar,2026-06-17,FAC008,Body pain,Dermatology,Video,24,Yes,No,Yes,21,11.3,Telugu,Good,Completed
TC0005148,TEP0003941,Nirmala Chary,F,58,9549670805,Kallepally,Balanagar,Mahabubnagar,2026-05-11,FAC004,Abdominal discomfort,Other,Audio,17,No,No,Yes,7,26.4,Telugu,Good,Completed
TC0005149,TEP0003942,Swathi Begum,F,78,9604894286,Patancheru,Patancheru,Sangareddy,2026-06-01,FAC026,Skin complaint,Other,Video,10,Yes,Yes,No,,23.1,Urdu,Good,Completed
TC0005150,TEP0003943,Srilatha Devi,F,30,+91-93573-79580,Zaheerabad,Zaheerabad,Sangareddy,2026-07-30,FAC022,Body pain,Hypertension,Assisted video,11,Yes,Yes,Yes,7,25.3,Telugu,Good,Completed
TC0005151,TEP0003943,Srilatha Devi,F,30,9357379580,Zaheerabad,Zaheerabad,Sangareddy,2026-08-08,FAC022,Cough,Hypertension,Video,24,Yes,Yes,No,,25.3,Telugu,Good,Completed
TC0005152,TEP0003944,Sai Narsimha,M,33,9790433140,Zaheerabad,Zaheerabad,Sangareddy,2026-07-28,FAC023,Body pain,Hypertension,Video,17,Yes,No,No,,17.3,Telugu,Poor,Completed
TC0005153,TEP0003945,Rajesh Mallaiah,M,22,9741622239,Polepally,Jadcherla,Mahabubnagar,2026-04-03,FAC001,Fever,Dermatology,Video,7,Yes,No,Yes,21,25.4,Telugu,Fair,Completed
TC0005154,TEP0003946,Anjali Jangam,F,37,9725364744,Patancheru,Patancheru,Sangareddy,2026-05-16,FAC027,Abdominal discomfort,Fever/Infection,Assisted video,18,Yes,Yes,No,,36.3,Telugu,Good,Completed
TC0005155,TEP0003947,Saritha Begum,F,65,9804005094,KOHIR,Zaheerabad,Sangareddy,2026-02-20,FAC024,Body pain,Hypertension+Diabetes,Audio,18,No,No,Yes,14,6.4,Telugu,Good,Completed
TC0005156,TEP0003948,Rani Reddy,F,40,9094842766,Machara,Jadcherla,Mahabubnagar,2026-08-11,FAC002,Cough,Hypertension,Audio,17,Yes,Yes,No,,29.4,Urdu,Fair,Completed
TC0005157,TEP0003949,Raghav Shekar,M,64,,Indresham,Patancheru,Sangareddy,2026-05-14,FAC026,Cough,Dermatology,Assisted video,19,Yes,No,Yes,14,11.5,Telugu,Good,Completed
TC0005158,TEP0003950,Padma Kumar,F,71,9722846181,Kangti,Narayankhed,Sangareddy,2026-03-20,FAC019,Headache,Hypertension,Video,20,Yes,Yes,Yes,21,20.3,Telugu,Good,Completed
TC0005159,TEP0003951,Arun Devi,M,48,9847555571,Bhanur,Patancheru,Sangareddy,2026-06-04,FAC027,Dizziness,Hypertension,Assisted video,22,Yes,Yes,No,,18.4,Telugu,Poor,Completed
TC0005160,TEP0003952,Anil Yadav,M,29,+91-98527-02916,PEDDADINNE,Devarakonda,Nalgonda,2026-06-26,FAC011,Abdominal discomfort,Hypertension,Video,12,Yes,Yes,Yes,7,13.9,Telugu,Good,Completed
TC0005161,TEP0003953,Jyothi Mallaiah,F,61,9141247565,Kallepally,Balanagar,Mahabubnagar,2026-04-12,FAC006,Headache,Musculoskeletal,Audio,13,Yes,No,No,,35.4,Telugu,Fair,Completed
TC0005162,TEP0003954,Sushma Mallaiah,F,71,9810812751,Jharasangam,Zaheerabad,Sangareddy,2026-02-27,FAC022,Headache,Fever/Infection,Audio,23,Yes,No,Yes,14,5.6,Telugu,Fair,Completed
TC0005163,TEP0003954,Sushma Mallaiah,F,71,9810812751,Jharasangam,Zaheerabad,Sangareddy,2026-04-13,FAC023,Body pain,Fever/Infection,Assisted video,8,No,Yes,Yes,14,18.7,Telugu,Fair,Completed
TC0005164,TEP0003955,Kiran Naik,M,51,9694814424,Kangti,Narayankhed,Sangareddy,2026-03-06,FAC021,Skin complaint,Fever/Infection,Video,24,Yes,Yes,Yes,7,27.8,Telugu,Poor,Completed
TC0005165,TEP0003956,Anil Kumar,M,48,9953411106,Polepally,Jadcherla,Mahabubnagar,2026-07-22,FAC001,Fever,Fever/Infection,Audio,8,Yes,Yes,Yes,21,25.4,Telugu,Good,Completed
TC0005166,TEP0003957,Naveen Chary,M,36,9839981360,Nermata,Chandur,Nalgonda,2026-04-05,FAC013,Skin complaint,Musculoskeletal,Video,9,No,Yes,Yes,30,19.7,Telugu,Poor,Completed
TC0005167,TEP0003958,Vinod Chary,M,46,9947532649,Kummarikunta,Chandur,Nalgonda,2026-06-05,FAC013,Fever,Respiratory,Audio,17,Yes,No,Yes,21,6.5,Telugu,Poor,Completed
TC0005168,TEP0003959,Kiran Goud,M,51,9929357322,Marrur,Nakrekal,Nalgonda,2026-05-19,FAC018,Headache,Respiratory,Assisted video,17,Yes,No,Yes,21,6.7,Telugu,Good,Completed
TC0005169,TEP0003960,Naresh Laxman,M,55,9865087448,Nomula,Nakrekal,Nalgonda,2026-07-03,FAC018,Body pain,Other,Audio,23,Yes,No,Yes,30,2.2,Telugu,Fair,Completed
TC0005170,TEP0003961,Srilatha Goud,F,48,9722744459,Badepally,Jadcherla,Mahabubnagar,2026-03-17,FAC001,Abdominal discomfort,Other,Audio,11,Yes,Yes,Yes,14,11.4,Telugu,Fair,Completed
TC0005171,TEP0003962,Mohan Begum,M,33,+91-94862-04405,Badepally,Jadcherla,Mahabubnagar,2026-07-26,FAC001,Skin complaint,Other,Video,9,No,No,Yes,14,11.4,Telugu,Good,Completed
TC0005172,TEP0003963,Nirmala Basha,F,38,9708258818,Rajapur,Balanagar,Mahabubnagar,2026-02-17,FAC004,Routine NCD review,Dermatology,Assisted video,18,Yes,Yes,No,,13.9,Telugu,Fair,Completed
TC0005173,TEP0003964,Naveen Patel,M,66,,Kohir,Zaheerabad,Sangareddy,2026-06-23,FAC023,Fever,Gastrointestinal,Audio,18,No,No,Yes,7,15.7,Telugu,Good,Completed
TC0005174,TEP0003965,Saritha Khan,F,67,9095260879,Donur,Midjil,Mahabubnagar,2026-02-25,FAC008,Cough,Musculoskeletal,Audio,14,Yes,No,Yes,7,9.4,Telugu,Good,Completed
TC0005175,TEP0003966,Saritha Chary,F,55,9295519768,Manoor,Narayankhed,Sangareddy,2026-01-02,FAC019,Headache,Dermatology,Assisted video,10,Yes,No,No,,33.3,Telugu,Poor,Completed
TC0005176,TEP0003967,Mahesh Naik,M,35,9933621794,Kohir,Zaheerabad,Sangareddy,2026-08-12,FAC023,Headache,Diabetes,Video,7,Yes,No,No,,15.7,English,Good,Completed
TC0005177,TEP0003968,Rani Mallaiah,F,48,+91-92936-70493,Kalher,Narayankhed,Sangareddy,2026-02-22,FAC021,Fever,Musculoskeletal,Video,16,No,No,Yes,7,22.9,Telugu,Poor,Completed
TC0005178,TEP0003968,Rani Mallaiah,F,46,9293670493,Kalher,Narayankhed,Sangareddy,2026-05-06,FAC021,Cough,Hypertension,Video,12,Yes,No,Yes,14,22.9,Telugu,Fair,Completed
TC0005179,TEP0003969,Swathi Kumar,F,49,9262213655,Jharasangam,Zaheerabad,Sangareddy,2026-01-03,FAC023,Dizziness,Respiratory,Audio,10,No,Yes,Yes,7,18.7,Telugu,Poor,Completed
TC0005180,TEP0003970,Raju Krishna,M,62,9371812728,Vemul,Midjil,Mahabubnagar,2026-02-22,FAC007,Abdominal discomfort,Musculoskeletal,Audio,10,Yes,Yes,No,,25.7,Telugu,Good,Completed
TC0005181,TEP0003971,Ravi Goud,M,59,9205934366,Mangalapally,Nakrekal,Nalgonda,2026-01-20,FAC017,Skin complaint,Fever/Infection,Video,14,Yes,Yes,No,,21.1,Telugu,Fair,Completed
TC0005182,TEP0003972,Harika Mallaiah,F,25,,Marrur,Nakrekal,Nalgonda,2026-07-10,FAC016,Abdominal discomfort,Musculoskeletal,Video,9,Yes,Yes,Yes,21,36.5,English,Good,Completed
TC0005183,TEP0003973,Srilatha Jangam,F,58,,Kondamallepally,Devarakonda,Nalgonda,2026-05-18,FAC011,Abdominal discomfort,Diabetes,Video,13,Yes,No,No,,25.7,Telugu,Fair,Completed
TC0005184,TEP0003974,Deepika Yadav,F,81,,Velpula,Midjil,Mahabubnagar,2026-04-11,FAC008,Headache,Dermatology,Assisted video,22,Yes,No,No,,12.6,Telugu,Poor,Completed
TC0005185,TEP0003974,Deepika Yadav,F,79,9833938900,Velpula,Midjil,Mahabubnagar,2026-05-16,FAC008,Headache,Musculoskeletal,Audio,13,No,No,Yes,14,12.6,Telugu,Fair,Completed
TC0005186,TEP0003975,Divya Shekar,F,77,9067137295,Ameenpur,Patancheru,Sangareddy,2026-01-13,FAC027,Skin complaint,Fever/Infection,Audio,8,Yes,Yes,No,,27.9,Telugu,Fair,Completed
TC0005187,TEP0003975,Divya Shekar,F,79,9067137295,Ameenpur,Patancheru,Sangareddy,2026-06-06,FAC027,Dizziness,Hypertension,Audio,8,Yes,No,Yes,7,27.9,Telugu,Good,Completed
TC0005188,TEP0003976,Raghav Goud,M,35,9679735833,Marrur,Nakrekal,Nalgonda,2026-05-14,FAC018,Headache,Diabetes,Audio,22,Yes,No,No,,6.7,Telugu,Good,Completed
TC0005189,TEP0003976,Raghav Goud,M,37,9679735833,Marrur,Nakrekal,Nalgonda,2026-06-10,FAC016,Routine NCD review,Diabetes,Assisted video,10,No,Yes,Yes,30,36.5,Telugu,Fair,Completed
TC0005190,TEP0003977,Rajesh Mudiraj,M,48,9884500154,Indresham,Patancheru,Sangareddy,2026-04-23,FAC027,Routine NCD review,Diabetes,Video,16,Yes,No,Yes,30,22.3,Telugu,Good,Completed
TC0005191,TEP0003977,Rajesh Mudiraj,M,48,9884500154,Indresham,Patancheru,Sangareddy,2026-08-15,FAC027,Body pain,Hypertension+Diabetes,Audio,11,No,No,No,,22.3,Telugu,Good,Completed
TC0005192,TEP0003978,Sriniwas Yadav,M,48,,Ameenpur,Patancheru,Sangareddy,2026-08-06,FAC027,Cough,Fever/Infection,Audio,22,Yes,No,Yes,21,27.9,Telugu,Good,Completed
TC0005193,TEP0003979,Mohan Yadav,M,67,9366889760,Zaheerabad,Zaheerabad,Sangareddy,2026-08-03,FAC024,Routine NCD review,Gastrointestinal,Video,11,Yes,No,Yes,7,28.3,Urdu,Poor,Completed
TC0005194,TEP0003980,Lalitha Basha,F,49,9974978381,Manoor,Narayankhed,Sangareddy,2026-02-08,FAC020,Routine NCD review,Other,Audio,19,No,No,Yes,7,21.7,Telugu,Fair,Completed
TC0005195,TEP0003981,Ravi Jangam,M,31,9808389420,Chandur,Chandur,Nalgonda,2026-04-21,FAC013,Routine NCD review,Fever/Infection,Video,14,Yes,No,Yes,30,21.3,Telugu,Poor,Completed
TC0005196,TEP0003981,Ravi Jangam,M,33,9808389420,Chandu,Chandur,Nalgonda,2026-05-18,FAC015,Routine NCD review,Fever/Infection,Video,24,No,Yes,No,,29.7,Telugu,Fair,Completed
TC0005197,TEP0003982,Lalitha Chary,F,49,9410120185,Velpula,Midjil,Mahabubnagar,2026-08-12,FAC009,Skin complaint,Fever/Infection,Assisted video,7,Yes,No,Yes,21,4.2,Telugu,Fair,Completed
TC0005198,TEP0003983,Saritha Devi,F,71,+91-93455-93356,GUNDLAPALLY,Devarakonda,Nalgonda,2026-03-04,FAC011,Cough,Respiratory,Audio,13,Yes,No,Yes,21,29.4,Telugu,Fair,Completed
TC0005199,TEP0003984,Bhavani Das,F,47,9803239259,Rajapur,Balanagar,Mahabubnagar,2026-07-02,FAC005,Abdominal discomfort,Gastrointestinal,Video,13,Yes,No,Yes,14,12.6,Telugu,Poor,Completed
TC0005200,TEP0003985,Naresh Goud,M,68,+91-97362-25141,Chandur,Chandur,Nalgonda,2026-08-13,FAC015,Headache,Respiratory,Audio,14,Yes,No,No,,29.7,Telugu,Poor,Completed
TC0005201,TEP0003986,Renuka sekar,F,80,9264644288,Macharam,Jadcherla,Mahabubnagar,2026-06-22,FAC001,Fever,Hypertension,Audio,14,No,Yes,Yes,30,17.2,Telugu,Fair,Completed
TC0005202,TEP0003986,Renuka Shekar,F,80,9264644288,Macharam,Jadcherla,Mahabubnagar,2026-06-29,FAC003,Abdominal discomfort,Hypertension,Assisted video,19,Yes,No,No,,12.8,Telugu,Poor,Completed
TC0005203,TEP0003986,Renuka Shekar,F,82,9264644288,Macharam,Jadcherla,Mahabubnagar,2026-08-11,FAC003,Headache,Fever/Infection,Assisted video,18,Yes,No,Yes,30,12.8,Telugu,Fair,Completed
TC0005204,TEP0003987,Shobha Khan,F,38,9467653672,Balanagar,Balanagar,Mahabubnagar,2026-08-06,FAC005,Headache,Other,Assisted video,7,No,No,Yes,14,10.4,Urdu,Fair,Completed
TC0005205,TEP0003988,Anjali Begum,F,79,9918614296,Mangalapally,Nakrekal,Nalgonda,2026-08-06,FAC017,Cough,Respiratory,Assisted video,18,Yes,No,Yes,7,21.1,Telugu,Good,Completed
TC0005206,TEP0003989,Venkatesh,M,50,,Mangalapally,Nakrekal,Nalgonda,2026-02-04,FAC017,Body pain,Gastrointestinal,Audio,9,Yes,No,Yes,7,21.1,Telugu,Fair,Completed
TC0005207,TEP0003990,Sushma Reddy,F,35,,Rajapur,Balanagar,Mahabubnagar,2026-07-25,FAC004,Fever,Hypertension,Video,10,No,Yes,Yes,21,13.9,Telugu,Fair,Completed
TC0005208,TEP0003990,Susma Reddy,F,37,9509168266,Rajapur,Balanagar,Mahabubnagar,2026-08-12,FAC006,Routine NCD review,Fever/Infection,Assisted video,8,Yes,No,No,,8.7,Telugu,Fair,Completed
TC0005209,TEP0003991,Rajesh Mallaiah,M,31,9698296860,Narayankhed,Narayankhed,Sangareddy,2026-03-02,FAC021,Body pain,Diabetes,Video,7,No,Yes,Yes,30,7.0,Telugu,Good,Completed
TC0005210,TEP0003992,Rajesh Patel,M,26,9300319851,Kalher,Narayankhed,Sangareddy,2026-04-16,FAC020,Cough,Dermatology,Assisted video,15,Yes,No,Yes,21,29.6,Telugu,Good,Completed
TC0005211,TEP0003993,Suresh Mallaiah,M,41,9362552484,Bodajanampet,Balanagar,Mahabubnagar,2026-06-25,FAC006,Fever,Other,Audio,21,No,No,Yes,21,33.3,Telugu,Fair,Completed
TC0005212,TEP0003994,Srilatha Mallaiah,F,30,9574210969,Bangarigadda,Chandur,Nalgonda,2026-05-28,FAC014,Body pain,Hypertension+Diabetes,Video,24,Yes,Yes,No,,17.6,Telugu,Good,Completed
TC0005213,TEP0003995,Divya Jangam,F,51,9766289737,Zaheerabad,Zaheerabad,Sangareddy,2026-02-23,FAC024,Dizziness,Dermatology,Assisted video,14,Yes,Yes,Yes,30,28.3,Telugu,Poor,Completed
TC0005214,TEP0003995,Divya Jangam,F,51,,Zaheerabad,Zaheerabad,Sangareddy,2026-03-24,FAC023,Fever,Other,Audio,21,Yes,No,Yes,14,17.3,Telugu,Good,Completed
TC0005215,TEP0003996,Saritha Chary,F,40,9567368101,Mangalapally,Nakrekal,Nalgonda,2026-05-06,FAC016,Dizziness,Dermatology,Assisted video,17,Yes,No,Yes,14,4.1,English,Poor,Completed
TC0005216,TEP0003997,Srilatha Reddy,F,30,9172623848,Midjil,Midjil,Mahabubnagar,2026-02-22,FAC008,Fever,Respiratory,Audio,23,Yes,No,No,,11.3,Telugu,Fair,Completed
TC0005217,TEP0003998,Bhvani Devi,F,53,9822195754,Midjil,Midjil,Mahabubnagar,2026-01-11,FAC008,Dizziness,Other,Assisted video,21,Yes,Yes,Yes,14,11.3,Telugu,Fair,Completed
TC0005218,TEP0003999,Praveen Jangam,M,68,9037126948,Kummarikunta,Chandur,Nalgonda,2026-03-22,FAC013,Skin complaint,Other,Assisted video,21,No,No,No,,6.5,Telugu,Fair,Completed
TC0005219,TEP0004000,Srilatha Devi,F,40,9538126322,Devarakonda,Devarakonda,Nalgonda,2026-07-28,FAC011,Fever,Fever/Infection,Audio,23,Yes,Yes,Yes,14,29.2,Telugu,Good,Completed
TC0005220,TEP0004000,Srilatha Devi,F,41,9538126322,Devarakonda,Devarakonda,Nalgonda,2026-08-09,FAC010,Skin complaint,Musculoskeletal,Assisted video,23,Yes,No,Yes,30,22.8,Telugu,Fair,Completed
TC0005221,TEP0004001,Lakshmi Reddy,F,59,+91-90255-98456,Devarakonda,Devarakonda,Nalgonda,2026-04-07,FAC012,Fever,Hypertension,Assisted video,23,Yes,No,Yes,30,22.1,Telugu,Poor,Completed
TC0005222,TEP0004002,Rni Naik,F,54,9314360614,Manoor,Narayankhed,Sangareddy,2026-07-27,FAC021,Abdominal discomfort,Musculoskeletal,Video,16,Yes,No,Yes,21,15.5,Telugu,Fair,Completed
TC0005223,TEP0004003,Harika Patel,F,66,+91-91695-23660,Nermata,Chandur,Nalgonda,2026-05-18,FAC013,Routine NCD review,Respiratory,Assisted video,20,Yes,No,No,,19.7,Telugu,Poor,Completed
TC0005224,TEP0004004,Saritha Narsimha,F,66,9350689044,Balanagar,Balanagar,Mahabubnagar,2026-03-13,FAC004,Headache,Other,Assisted video,24,Yes,No,No,,10.8,Telugu,Fair,Completed
TC0005225,TEP0004005,Sai Jangam,M,89,9629713899,MANOOR,Narayankhed,Sangareddy,2026-05-03,FAC020,Cough,Fever/Infection,Assisted video,20,Yes,Yes,Yes,30,21.7,Telugu,Fair,Completed
TC0005226,TEP0004006,Kavitha Mallaiah,F,30,9750184249,Indresham,Patancheru,Sangareddy,2026-05-22,FAC027,Body pain,Gastrointestinal,Video,16,Yes,No,Yes,21,22.3,Telugu,Fair,Completed
TC0005227,TEP0004006,Kaveetha Mallaiah,F,31,9750184249,INDRESHAM,Patancheru,Sangareddy,2026-06-21,FAC025,Abdominal discomfort,Fever/Infection,Assisted video,17,Yes,No,No,,19.2,Telugu,Poor,Completed
TC0005228,TEP0004007,Bhavani Begum,F,23,,Velpula,Midjil,Mahabubnagar,2026-02-22,FAC009,Body pain,Hypertension,Audio,23,Yes,Yes,No,,4.2,Telugu,Poor,Completed
TC0005229,TEP0004008,Deepika Laxman,F,58,9656201031,Rajapur,Balanagar,Mahabubnagar,2026-05-23,FAC004,Routine NCD review,Hypertension,Video,22,Yes,No,No,,13.9,Telugu,Fair,Completed
TC0005230,TEP0004008,Deepika Laxman,F,58,+91-96562-01031,Rajapur,Balanagar,Mahabubnagar,2026-07-20,FAC006,Cough,Hypertension+Diabetes,Video,17,No,No,Yes,30,8.7,Telugu,Good,Completed
TC0005231,TEP0004009,Padma Patel,F,67,9322550124,Manoor,Narayankhed,Sangareddy,2026-02-15,FAC021,Skin complaint,Fever/Infection,Assisted video,22,Yes,No,No,,15.5,Telugu,Fair,Completed
TC0005232,TEP0004009,Padma Patel,F,68,9322550124,Manoor,Narayankhed,Sangareddy,2026-05-24,FAC021,Routine NCD review,Fever/Infection,Audio,15,Yes,No,Yes,21,15.5,Telugu,Poor,Completed
TC0005233,TEP0004010,Raju Jangam,M,60,9149446925,Narayankhed,Narayankhed,Sangareddy,2026-05-22,FAC020,Dizziness,Fever/Infection,Video,16,No,No,No,,23.7,Telugu,Good,Completed
TC0005234,TEP0004011,Praveen Rao,M,75,9365883330,Bodajanampet,Balanagar,Mahabubnagar,2026-01-02,FAC006,Headache,Fever/Infection,Assisted video,18,Yes,No,Yes,30,33.3,Telugu,Poor,Completed
TC0005235,TEP0004012,Santosh Laxman,M,60,9998893359,MOGUDAMPALLY,Zaheerabad,Sangareddy,2026-03-24,FAC024,Body pain,Fever/Infection,Video,14,Yes,No,Yes,21,16.8,Telugu,Fair,Completed
TC0005236,TEP0004013,Santosh Mudeeraj,M,32,9915405993,Peddadinne,Devarakonda,Nalgonda,2026-04-17,FAC010,Cough,Hypertension+Diabetes,Video,23,Yes,Yes,Yes,14,7.4,Telugu,Fair,Completed
TC0005237,TEP0004013,Santosh Mudiraj,M,32,9915405993,Peddadinne,Devarakonda,Nalgonda,2026-07-14,FAC012,Routine NCD review,Diabetes,Video,24,Yes,Yes,No,,6.6,Telugu,Fair,Completed
TC0005238,TEP0004014,Mounika Naik,F,51,9731499115,Patancheru,Patancheru,Sangareddy,2026-02-12,FAC026,Abdominal discomfort,Hypertension+Diabetes,Video,24,Yes,Yes,Yes,7,23.1,Telugu,Good,Completed
TC0005239,TEP0004014,Mounika Naik,F,48,+91-97314-99115,Patancheru,Patancheru,Sangareddy,2026-08-13,FAC026,Routine NCD review,Hypertension+Diabetes,Assisted video,7,No,No,Yes,7,23.1,Telugu,Poor,Completed
TC0005240,TEP0004015,Nirmala Jangam,F,57,9085674697,Nakrekal,Nakrekal,Nalgonda,2026-04-15,FAC018,Abdominal discomfort,Diabetes,Audio,21,No,No,No,,16.2,Telugu,Good,Completed
TC0005241,TEP0004016,Bhavani Laxman,F,54,,Mogudampally,Zaheerabad,Sangareddy,2026-01-23,FAC023,Fever,Hypertension+Diabetes,Video,16,Yes,Yes,Yes,14,22.3,Telugu,Good,Completed
TC0005242,TEP0004016,Bhavani Laxman,F,52,9805956460,Mogudampally,Zaheerabad,Sangareddy,2026-04-15,FAC023,Skin complaint,Hypertension+Diabetes,Assisted video,14,Yes,No,Yes,7,22.3,Telugu,Fair,Completed
TC0005243,TEP0004017,Srilatha Naik,F,47,9890504957,Bodajanampet,Balanagar,Mahabubnagar,2026-03-06,FAC006,Abdominal discomfort,Hypertension+Diabetes,Assisted video,24,Yes,No,No,,33.3,Telugu,Poor,Completed
TC0005244,TEP0004018,Raju Laxman,M,41,+91-92733-74596,Kangti,Narayankhed,Sangareddy,2026-02-19,FAC019,Dizziness,Fever/Infection,Assisted video,13,Yes,No,No,,20.3,Telugu,Good,Completed
TC0005245,TEP0004019,Lalitha Goud,F,39,9724540480,BODAJANAMPET,Balanagar,Mahabubnagar,2026-02-20,FAC006,Skin complaint,Other,Assisted video,22,No,Yes,No,,33.3,Urdu,Good,Completed
TC0005246,TEP0004020,Harika Khan,F,31,9710659066,Mogudampally,Zaheerabad,Sangareddy,2026-05-27,FAC022,Dizziness,Dermatology,Audio,11,Yes,No,No,,13.2,Telugu,Good,Completed
TC0005247,TEP0004021,Shobha Khan,F,84,9343728476,Kangti,Narayankhed,Sangareddy,2026-05-14,FAC021,Routine NCD review,Other,Assisted video,8,No,No,Yes,14,27.8,Telugu,Good,Completed
TC0005248,TEP0004021,Shobha Khan,F,84,+91-93437-28476,Kangti,Narayankhed,Sangareddy,2026-06-18,FAC021,Headache,Fever/Infection,Video,12,Yes,No,Yes,7,27.8,Telugu,Poor,Completed
TC0005249,TEP0004022,Suresh Jangam,M,59,+91-97963-57551,Chandu,Chandur,Nalgonda,2026-04-05,FAC013,Abdominal discomfort,Respiratory,Audio,10,Yes,No,Yes,7,21.3,English,Good,Completed
TC0005250,TEP0004023,Lalitha Krishna,F,45,9803794573,Vemula,Midjil,Mahabubnagar,2026-07-16,FAC009,Routine NCD review,Fever/Infection,Assisted video,23,Yes,No,Yes,7,7.3,Telugu,Poor,Completed
TC0005251,TEP0004024,Shankar Kumar,M,38,9090175317,Gundlapally,Devarakonda,Nalgonda,2026-04-17,FAC012,Skin complaint,Hypertension,Assisted video,10,No,Yes,Yes,21,25.4,Telugu,Fair,Completed
TC0005252,TEP0004025,Vinod Laxman,M,80,9869008976,Peddadinne,Devarakonda,Nalgonda,2026-08-07,FAC012,Routine NCD review,Other,Audio,24,Yes,No,Yes,30,6.6,Telugu,Fair,Completed
TC0005253,TEP0004026,Arun Yadav,M,36,9316073034,Mogudampally,Zaheerabad,Sangareddy,2026-03-18,FAC023,Dizziness,Hypertension,Audio,13,Yes,No,Yes,14,22.3,Telugu,Poor,Completed
TC0005254,TEP0004027,Sntosh Rao,M,27,+91-99260-02438,INDRESHAM,Patancheru,Sangareddy,2026-06-16,FAC027,Cough,Dermatology,Video,10,Yes,Yes,No,,22.3,Telugu,Poor,Completed
TC0005255,TEP0004028,Anitha Yadav,F,27,9776328910,Macharam,Jadcherla,Mahabubnagar,2026-07-29,FAC003,Headache,Diabetes,Assisted video,20,Yes,Yes,Yes,7,12.8,Telugu,Poor,Completed
TC0005256,TEP0004029,Saritha Shekar,F,30,9315933056,Kondamallepally,Devarakonda,Nalgonda,2026-05-09,FAC010,Body pain,Hypertension,Video,22,No,No,No,,20.0,Telugu,Good,Completed
TC0005257,TEP0004030,Santosh Laxman,M,53,9371576982,Kummarikunta,Chandur,Nalgonda,2026-03-18,FAC015,Routine NCD review,Dermatology,Audio,13,Yes,No,Yes,14,26.6,Telugu,Poor,Completed
TC0005258,TEP0004030,Santosh Laxman,M,53,9371576982,Kummarikunta,Chandur,Nalgonda,2026-08-09,FAC015,Routine NCD review,Gastrointestinal,Audio,19,Yes,No,No,,26.6,Telugu,Good,Completed
TC0005259,TEP0004031,Srilatha Yadav,F,44,9254089288,Chandur,Chandur,Nalgonda,2026-07-22,FAC014,Routine NCD review,Respiratory,Assisted video,10,Yes,No,Yes,7,20.6,Telugu,Fair,Completed
TC0005260,TEP0004032,Padma Krishna,F,58,9126485599,Nermata,Chandur,Nalgonda,2026-04-12,FAC014,Fever,Fever/Infection,Assisted video,22,Yes,No,Yes,21,19.2,Telugu,Fair,Completed
TC0005261,TEP0004033,Kavitha Krishna,F,54,9262080910,Kallepally,Balanagar,Mahabubnagar,2026-08-03,FAC006,Dizziness,Diabetes,Assisted video,7,Yes,Yes,Yes,30,35.4,Telugu,Good,Completed
TC0005262,TEP0004034,Raju Kumar,M,66,+91-93380-28564,Nomula,Nakrekal,Nalgonda,2026-04-10,FAC018,Abdominal discomfort,Hypertension,Audio,21,Yes,No,Yes,7,2.2,Telugu,Poor,Completed
TC0005263,TEP0004035,Ramesh Reddy,M,55,9233040653,Indresham,Patancheru,Sangareddy,2026-06-03,FAC027,Body pain,Other,Video,13,Yes,Yes,Yes,14,22.3,Telugu,Fair,Completed
TC0005264,TEP0004036,Saritha Goud,F,51,9700729259,Kohir,Zaheerabad,Sangareddy,2026-04-14,FAC024,Cough,Hypertension+Diabetes,Assisted video,16,Yes,Yes,Yes,21,6.4,Telugu,Poor,Completed
TC0005265,TEP0004037,Rani Das,F,37,,Jharasangam,Zaheerabad,Sangareddy,2026-05-07,FAC024,Abdominal discomfort,Hypertension+Diabetes,Video,15,Yes,No,Yes,7,2.6,Telugu,Fair,Completed
TC0005266,TEP0004038,Bhavani Rao,F,45,9605132981,Bhanur,Patancheru,Sangareddy,2026-01-08,FAC025,Routine NCD review,Gastrointestinal,Audio,24,No,Yes,Yes,7,18.7,Telugu,Poor,Completed
TC0005267,TEP0004039,Raghav Naik,M,30,+91-91555-96289,Manoor,Narayankhed,Sangareddy,2026-01-17,FAC020,Dizziness,Hypertension,Assisted video,18,No,Yes,Yes,14,21.7,Telugu,Good,Completed
TC0005268,TEP0004040,Rmesh Naik,M,38,9191715191,Donur,Midjil,Mahabubnagar,2026-05-20,FAC008,Skin complaint,Dermatology,Assisted video,10,Yes,No,Yes,21,9.4,Telugu,Poor,Completed
TC0005269,TEP0004041,Ramesh Patel,M,65,9689836945,Peddadinne,Devarakonda,Nalgonda,2026-02-05,FAC012,Body pain,Hypertension+Diabetes,Assisted video,19,No,Yes,No,,6.6,Telugu,Poor,Completed
TC0005270,TEP0004042,Naresh Jangam,M,55,,Patancheru,Patancheru,Sangareddy,2026-07-05,FAC025,Headache,Musculoskeletal,Audio,13,No,No,No,,25.4,Urdu,Good,Completed
TC0005271,TEP0004043,Saritha Krishna,F,39,9645126463,Zaheerabad,Zaheerabad,Sangareddy,2026-05-09,FAC023,Cough,Dermatology,Audio,12,Yes,No,Yes,14,17.3,Telugu,Good,Completed
TC0005272,TEP0004043,Saritha,F,39,9645126463,Zaheerabad,Zaheerabad,Sangareddy,2026-06-28,FAC023,Headache,Respiratory,Video,18,Yes,Yes,No,,17.3,Telugu,Good,Completed
TC0005273,TEP0004044,Srilatha,F,46,9640951275,Manoor,Narayankhed,Sangareddy,2026-06-10,FAC019,Fever,Other,Audio,23,No,No,Yes,7,33.3,Telugu,Good,Completed
TC0005274,TEP0004044,Srilatha Naik,F,46,9640951275,Manoor,Narayankhed,Sangareddy,2026-08-03,FAC021,Routine NCD review,Hypertension,Assisted video,8,Yes,No,Yes,14,15.5,Telugu,Poor,Completed
TC0005275,TEP0004045,Suresh Naik,M,34,9606083424,Narayankhed,Narayankhed,Sangareddy,2026-06-03,FAC021,Routine NCD review,Fever/Infection,Assisted video,11,Yes,No,Yes,7,7.0,Telugu,Poor,Completed
TC0005276,TEP0004045,Suresh Naik,M,32,9606083424,NARAYANKHED,Narayankhed,Sangareddy,2026-07-27,FAC020,Body pain,Fever/Infection,Video,8,Yes,No,Yes,30,23.7,Telugu,Fair,Completed
TC0005277,TEP0004046,Lalitha Krishna,F,50,9201884535,Rajapur,Balanagar,Mahabubnagar,2026-02-06,FAC005,Skin complaint,Respiratory,Assisted video,8,No,Yes,Yes,7,12.6,Telugu,Good,Completed
TC0005278,TEP0004047,Padma Das,F,47,9240604008,Nakrekal,Nakrekal,Nalgonda,2026-01-23,FAC016,Skin complaint,Diabetes,Assisted video,21,No,No,Yes,21,35.5,Telugu,Good,Completed
TC0005279,TEP0004048,Bhavani Naik,F,33,9529175050,Bodajanampet,Balanagar,Mahabubnagar,2026-07-15,FAC004,Skin complaint,Respiratory,Audio,9,Yes,Yes,No,,27.6,Telugu,Poor,Completed
TC0005280,TEP0004049,Ramesh Narsimha,M,33,+91-98246-95499,Chandur,Chandur,Nalgonda,2026-07-24,FAC015,Dizziness,Diabetes,Assisted video,21,No,Yes,No,,29.7,Telugu,Good,Completed
TC0005281,TEP0004050,Harika Goud,F,41,9015202000,Kallepally,Balanagar,Mahabubnagar,2026-01-22,FAC005,Fever,Respiratory,Audio,18,No,No,Yes,21,26.2,Telugu,Fair,Completed
TC0005282,TEP0004051,Padma Jangam,F,68,9548718216,Bodajanampet,Balanagar,Mahabubnagar,2026-04-16,FAC004,Abdominal discomfort,Other,Audio,16,Yes,No,Yes,30,27.6,Telugu,Good,Completed
TC0005283,TEP0004051,Padma Jangam,F,67,9548718216,Bodajanampet,Balanagar,Mahabubnagar,2026-06-13,FAC004,Headache,Gastrointestinal,Assisted video,14,Yes,No,Yes,14,27.6,Telugu,Poor,Completed
TC0005284,TEP0004052,Vinod Begum,M,55,,Kohir,Zaheerabad,Sangareddy,2026-01-12,FAC023,Headache,Other,Video,21,No,No,No,,15.7,English,Fair,Completed
TC0005285,TEP0004052,Vinod Begum,M,57,9565083561,Kohir,Zaheerabad,Sangareddy,2026-04-20,FAC024,Body pain,Dermatology,Video,13,Yes,No,Yes,21,6.4,English,Fair,Completed
TC0005286,TEP0004053,Jyothi Naik,F,54,9009676100,Mangalapally,Nakrekal,Nalgonda,2026-01-12,FAC017,Fever,Fever/Infection,Video,14,Yes,Yes,No,,21.1,Telugu,Good,Completed
TC0005287,TEP0004054,Renuka Narsimha,F,35,9898761728,Narayankhed,Narayankhed,Sangareddy,2026-06-18,FAC020,Skin complaint,Other,Assisted video,16,Yes,No,No,,23.7,Telugu,Fair,Completed
TC0005288,TEP0004055,Anjali Reddy,F,41,9932526394,Peddadinne,Devarakonda,Nalgonda,2026-04-13,FAC012,Body pain,Hypertension,Audio,20,Yes,No,No,,6.6,Telugu,Poor,Completed
TC0005289,TEP0004055,Anjali Reddy,F,41,9932526394,Peddadinne,Devarakonda,Nalgonda,2026-06-01,FAC010,Fever,Other,Audio,24,Yes,No,Yes,21,7.4,Telugu,Good,Completed
TC0005290,TEP0004056,Ramesh Chary,M,49,9763733174,Polepally,Jadcherla,Mahabubnagar,2026-06-08,FAC002,Routine NCD review,Hypertension+Diabetes,Assisted video,9,Yes,Yes,Yes,30,8.3,Telugu,Good,Completed
TC0005291,TEP0004057,Padma Das,F,53,9097814593,Nomula,Nakrekal,Nalgonda,2026-06-08,FAC018,Cough,Fever/Infection,Assisted video,19,Yes,No,Yes,14,2.2,Telugu,Fair,Completed
TC0005292,TEP0004058,Lalitha Mudiraj,F,28,9072596374,Gundlapally,Devarakonda,Nalgonda,2026-06-09,FAC012,Routine NCD review,Diabetes,Video,20,No,Yes,Yes,14,25.4,Telugu,Poor,Completed
TC0005293,TEP0004059,Harika Naik,F,25,9463034721,GUNDLAPALLY,Devarakonda,Nalgonda,2026-01-29,FAC011,Skin complaint,Hypertension,Video,23,Yes,Yes,Yes,14,29.4,Telugu,Good,Completed
TC0005294,TEP0004059,Harika Naik,F,26,9463034721,Gundlapally,Devarakonda,Nalgonda,2026-06-04,FAC010,Body pain,Hypertension,Assisted video,16,Yes,Yes,Yes,30,26.3,Telugu,Fair,Completed
TC0005295,TEP0004060,Lakshmi Jangam,F,58,9560806159,Kohir,Zaheerabad,Sangareddy,2026-01-28,FAC024,Abdominal discomfort,Other,Assisted video,16,Yes,Yes,Yes,30,6.4,Telugu,Fair,Completed
TC0005296,TEP0004060,Lakshmi Jangam,F,58,9360806159,Kohir,Zaheerabad,Sangareddy,2026-05-13,FAC022,Fever,Hypertension,Assisted video,13,No,Yes,Yes,14,3.6,Telugu,Fair,Completed
TC0005297,TEP0004061,Venkatesh Das,M,63,9563538336,Polepally,Jadcherla,Mahabubnagar,2026-08-12,FAC002,Cough,Hypertension,Video,17,No,No,Yes,21,8.3,Telugu,Fair,Completed
TC0005298,TEP0004062,Nirmala Begum,F,57,9767063347,Vemula,Midjil,Mahabubnagar,2026-02-17,FAC008,Fever,Hypertension,Assisted video,7,Yes,No,Yes,14,22.2,Telugu,Fair,Completed
TC0005299,TEP0004063,Bhavani Mudiraj,F,45,9891286726,Chandur,Chandur,Nalgonda,2026-07-03,FAC014,Fever,Diabetes,Audio,22,Yes,Yes,Yes,7,20.6,Telugu,Fair,Completed
TC0005300,TEP0004063,Bhavani Mudiraj,F,45,9891286726,CHANDUR,Chandur,Nalgonda,2026-08-07,FAC014,Headache,Diabetes,Audio,23,No,Yes,Yes,14,20.6,Telugu,Poor,Completed
TC0005301,TEP0004064,Ravee Das,M,33,9462254190,Gundlapally,Devarakonda,Nalgonda,2026-04-01,FAC011,Cough,Other,Assisted video,12,Yes,Yes,Yes,21,29.4,Telugu,Fair,Completed
TC0005302,TEP0004065,Harika Goud,F,39,9603938999,Kallepally,Balanagar,Mahabubnagar,2026-07-30,FAC006,Fever,Other,Assisted video,14,Yes,No,Yes,14,35.4,Telugu,Fair,Completed
TC0005303,TEP0004066,Nirmala Devi,F,79,9554267983,Mogudampally,Zaheerabad,Sangareddy,2026-03-29,FAC024,Skin complaint,Other,Assisted video,17,Yes,No,No,,16.8,Telugu,Good,Completed
TC0005304,TEP0004066,Nirmala Devi,F,77,,Mogudampally,Zaheerabad,Sangareddy,2026-06-25,FAC022,Abdominal discomfort,Diabetes,Assisted video,19,Yes,Yes,Yes,14,13.2,Telugu,Good,Completed
TC0005305,TEP0004067,Anil Begum,M,30,,Rajapur,Balanagar,Mahabubnagar,2026-07-14,FAC004,Cough,Diabetes,Assisted video,12,No,Yes,Yes,7,13.9,Telugu,Poor,Completed
TC0005306,TEP0004067,Anil Begum,M,29,9667385000,Rajapur,Balanagar,Mahabubnagar,2026-07-15,FAC005,Abdominal discomfort,Diabetes,Assisted video,18,Yes,No,No,,12.6,Telugu,Fair,Completed
TC0005307,TEP0004068,Srinivas Chary,M,56,9285317717,Nermata,Chandur,Nalgonda,2026-04-27,FAC015,Fever,Hypertension+Diabetes,Video,19,Yes,Yes,Yes,14,22.4,Telugu,Poor,Completed
TC0005308,TEP0004069,Rani Patel,F,68,9106904063,Zaheerabad,Zaheerabad,Sangareddy,2026-02-11,FAC024,Dizziness,Other,Video,17,Yes,No,No,,28.3,Telugu,Poor,Completed
TC0005309,TEP0004069,Rani Patel,F,70,9106904063,Zaheerabad,Zaheerabad,Sangareddy,2026-03-02,FAC023,Headache,Hypertension,Audio,23,Yes,No,Yes,21,17.3,Telugu,Good,Completed
TC0005310,TEP0004070,Divya Jangam,F,68,9300637569,Macharam,Jadcherla,Mahabubnagar,2026-04-13,FAC003,Cough,Diabetes,Video,21,Yes,Yes,Yes,7,12.8,Telugu,Poor,Completed
TC0005311,TEP0004071,Srinivas Naik,M,67,,Polepally,Jadcherla,Mahabubnagar,2026-01-09,FAC002,Skin complaint,Other,Audio,16,Yes,Yes,Yes,14,8.3,Telugu,Good,Completed
TC0005312,TEP0004072,Naveen Khan,M,83,9759420311,KALLEPALLY,Balanagar,Mahabubnagar,2026-05-24,FAC004,Dizziness,Hypertension,Audio,13,Yes,No,Yes,14,26.4,Urdu,Fair,Completed
TC0005313,TEP0004073,Deepika Narsimha,F,47,9993692692,Polepally,Jadcherla,Mahabubnagar,2026-07-11,FAC002,Abdominal discomfort,Hypertension,Audio,18,Yes,Yes,Yes,14,8.3,English,Good,Completed
TC0005314,TEP0004073,Deepika Narsimha,F,48,+91-99936-92692,Polepally,Jadcherla,Mahabubnagar,2026-08-04,FAC002,Dizziness,Hypertension,Video,14,Yes,Yes,Yes,14,8.3,English,Poor,Completed
TC0005315,TEP0004074,Padma Rao,F,45,9313549051,Mangalapally,Nakrekal,Nalgonda,2026-08-04,FAC016,Headache,Musculoskeletal,Video,14,No,No,No,,4.1,Telugu,Good,Completed
TC0005316,TEP0004075,Mahesh Naik,M,35,9717220141,Balanagar,Balanagar,Mahabubnagar,2026-03-25,FAC006,Cough,Musculoskeletal,Assisted video,7,Yes,Yes,Yes,30,1.4,Telugu,Fair,Completed
TC0005317,TEP0004075,Mahesh Naik,M,36,+91-97172-20141,Balanagar,Balanagar,Mahabubnagar,2026-04-30,FAC005,Cough,Respiratory,Assisted video,9,Yes,No,Yes,21,10.4,Telugu,Fair,Completed
TC0005318,TEP0004076,Anitha Goud,F,72,9010284198,Kalhe,Narayankhed,Sangareddy,2026-05-26,FAC021,Headache,Other,Video,10,No,No,No,,22.9,Telugu,Fair,Completed
TC0005319,TEP0004077,Lalitha Krishna,F,70,9333913589,PATANCHERU,Patancheru,Sangareddy,2026-05-03,FAC025,Fever,Hypertension+Diabetes,Video,18,No,No,Yes,14,25.4,Telugu,Poor,Completed
TC0005320,TEP0004077,Lalitha Krishna,F,68,9333919589,Patancheru,Patancheru,Sangareddy,2026-06-23,FAC027,Fever,Hypertension+Diabetes,Audio,14,Yes,No,Yes,7,36.3,Telugu,Fair,Completed
TC0005321,TEP0004078,Divya Jangam,F,68,9921322270,Patancheru,Patancheru,Sangareddy,2026-06-29,FAC025,Fever,Other,Video,18,Yes,No,Yes,30,25.4,Telugu,Fair,Completed
TC0005322,TEP0004079,Ramesh Khan,M,29,9847573786,Gundlapally,Devarakonda,Nalgonda,2026-03-27,FAC012,Dizziness,Gastrointestinal,Assisted video,8,Yes,No,Yes,14,25.4,Telugu,Good,Completed
TC0005323,TEP0004080,Jyothi Shekar,F,83,9331026914,Nakrekal,Nakrekal,Nalgonda,2026-06-19,FAC017,Skin complaint,Gastrointestinal,Video,15,Yes,No,Yes,7,36.5,Telugu,Poor,Completed
TC0005324,TEP0004081,Anitha Jangam,F,85,9196940657,Mogudampally,Zaheerabad,Sangareddy,2026-02-28,FAC022,Headache,Hypertension,Assisted video,22,Yes,Yes,No,,13.2,Telugu,Poor,Completed
TC0005325,TEP0004082,Mahesh Basha,M,18,,Gangapur,Jadcherla,Mahabubnagar,2026-04-19,FAC003,Headache,Musculoskeletal,Video,10,Yes,No,No,,26.4,Telugu,Good,Completed
TC0005326,TEP0004083,Harika Laxman,F,52,+91-91864-69485,Polepally,Jadcherla,Mahabubnagar,2026-04-03,FAC002,Headache,Dermatology,Audio,21,Yes,No,No,,8.3,Telugu,Poor,Completed
TC0005327,TEP0004084,Harika Basha,F,61,9856892290,Rajapur,Balanagar,Mahabubnagar,2026-07-21,FAC005,Skin complaint,Hypertension+Diabetes,Assisted video,20,Yes,Yes,Yes,30,12.6,Telugu,Good,Completed
TC0005328,TEP0004085,Anjali Chary,F,55,9712962479,PEDDADINNE,Devarakonda,Nalgonda,2026-01-31,FAC011,Dizziness,Other,Assisted video,16,Yes,No,Yes,14,13.9,Telugu,Fair,Completed
TC0005329,TEP0004086,Kavitha Shekar,F,58,9335512812,Nermata,Chandur,Nalgonda,2026-08-15,FAC015,Body pain,Respiratory,Video,11,Yes,Yes,Yes,7,22.4,Telugu,Fair,Completed
TC0005330,TEP0004087,Jyothi Basha,F,35,9974449673,Devarakonda,Devarakonda,Nalgonda,2026-05-18,FAC010,Routine NCD review,Gastrointestinal,Assisted video,8,Yes,Yes,Yes,30,22.8,Telugu,Fair,Completed
TC0005331,TEP0004088,Mounika Shekar,F,51,9955631143,Polepally,Jadcherla,Mahabubnagar,2026-06-27,FAC003,Routine NCD review,Diabetes,Assisted video,10,No,Yes,Yes,14,21.0,Urdu,Good,Completed
TC0005332,TEP0004089,Saritha Patel,F,51,9324910540,Zaheerabad,Zaheerabad,Sangareddy,2026-03-03,FAC022,Body pain,Dermatology,Video,21,Yes,No,No,,25.3,Urdu,Fair,Completed
TC0005333,TEP0004090,Shankar Narsimha,M,45,9031886662,POLEPALLY,Jadcherla,Mahabubnagar,2026-05-26,FAC002,Cough,Diabetes,Assisted video,20,Yes,No,Yes,14,8.3,Telugu,Fair,Completed
TC0005334,TEP0004091,Santosh Kumar,M,48,9015910269,Peddadinne,Devarakonda,Nalgonda,2026-06-24,FAC011,Dizziness,Gastrointestinal,Video,19,Yes,No,Yes,21,13.9,Telugu,Poor,Completed
TC0005335,TEP0004091,Santosh Kumar,M,46,9015910269,Peddadinne,Devarakonda,Nalgonda,2026-08-06,FAC010,Fever,Gastrointestinal,Assisted video,23,Yes,No,Yes,7,7.4,Telugu,Poor,Completed
TC0005336,TEP0004092,Arun Reddy,M,42,9347085964,Donur,Midjil,Mahabubnagar,2026-08-06,FAC008,Body pain,Hypertension,Assisted video,15,Yes,No,Yes,7,9.4,Telugu,Poor,Completed
TC0005337,TEP0004093,Srinivas Laxman,M,59,9558904041,Velpula,Midjil,Mahabubnagar,2026-07-03,FAC009,Cough,Hypertension+Diabetes,Video,22,Yes,Yes,Yes,14,4.2,Telugu,Fair,Completed
TC0005338,TEP0004094,Kavitha Shekar,F,60,9638883925,Kummarikunta,Chandur,Nalgonda,2026-03-09,FAC014,Cough,Fever/Infection,Audio,16,Yes,Yes,Yes,30,7.3,Telugu,Poor,Completed
TC0005339,TEP0004095,Mounika Shekar,F,32,9535266596,BADEPALLY,Jadcherla,Mahabubnagar,2026-01-03,FAC003,Skin complaint,Respiratory,Video,18,Yes,No,Yes,14,5.1,Telugu,Good,Completed
TC0005340,TEP0004096,Naresh Mudiraj,M,36,,Mangalapally,Nakrekal,Nalgonda,2026-06-12,FAC017,Dizziness,Hypertension,Assisted video,21,No,No,No,,21.1,Telugu,Poor,Completed
TC0005341,TEP0004097,Mohan Reddy,M,69,9244658253,Gundlapally,Devarakonda,Nalgonda,2026-04-08,FAC012,Abdominal discomfort,Dermatology,Video,8,No,Yes,No,,25.4,Telugu,Poor,Completed
TC0005342,TEP0004097,Mohan Reddy,M,70,9244658253,GUNDLAPALLY,Devarakonda,Nalgonda,2026-05-19,FAC011,Cough,Fever/Infection,Assisted video,7,Yes,No,No,,29.4,Telugu,Poor,Completed
TC0005343,TEP0004098,Sushma Rao,F,63,9042709864,Bhanur,Patancheru,Sangareddy,2026-01-06,FAC027,Abdominal discomfort,Dermatology,Assisted video,15,Yes,No,Yes,7,18.4,Telugu,Poor,Completed
TC0005344,TEP0004098,Sushma Rao,F,63,9042709864,Bhanur,Patancheru,Sangareddy,2026-02-15,FAC025,Cough,Other,Assisted video,13,Yes,No,Yes,21,18.7,Telugu,Good,Completed
TC0005345,TEP0004099,Santos Naik,M,33,9942734528,Balanagar,Balanagar,Mahabubnagar,2026-02-01,FAC005,Fever,Respiratory,Video,24,Yes,Yes,No,,10.4,Telugu,Fair,Completed
TC0005346,TEP0004100,Kavita Mudiraj,F,62,9755392834,Zaheerabad,Zaheerabad,Sangareddy,2026-05-23,FAC024,Routine NCD review,Respiratory,Video,20,Yes,Yes,No,,28.3,Urdu,Fair,Completed
TC0005347,TEP0004100,Kavitha Mudiraj,F,62,9755392834,Zaheerabad,Zaheerabad,Sangareddy,2026-06-25,FAC023,Body pain,Dermatology,Audio,9,Yes,Yes,No,,17.3,Urdu,Good,Completed
TC0005348,TEP0004100,Kavitha Mudiraj,F,60,9755392834,Zaheerabad,Zaheerabad,Sangareddy,2026-07-25,FAC022,Body pain,Other,Video,19,Yes,No,Yes,30,25.3,Urdu,Good,Completed
TC0005349,TEP0004101,Lakshmi Begum,F,68,9149950410,Balanagar,Balanagar,Mahabubnagar,2026-06-25,FAC004,Headache,Gastrointestinal,Audio,17,No,Yes,No,,10.8,Telugu,Poor,Completed
TC0005350,TEP0004102,Kiran Laxman,M,61,9198161605,Kondamallepally,Devarakonda,Nalgonda,2026-06-21,FAC011,Body pain,Musculoskeletal,Assisted video,15,Yes,No,Yes,30,25.7,Telugu,Poor,Completed
TC0005351,TEP0004103,Anjali Patel,F,47,,Velpula,Midjil,Mahabubnagar,2026-02-05,FAC007,Skin complaint,Fever/Infection,Video,23,Yes,No,No,,17.9,Telugu,Fair,Completed
TC0005352,TEP0004104,Anil Goud,M,43,,Chandur,Chandur,Nalgonda,2026-05-28,FAC014,Abdominal discomfort,Hypertension,Audio,17,Yes,No,Yes,14,20.6,Telugu,Fair,Completed
TC0005353,TEP0004105,Mahes Devi,M,47,9296398546,Ameenpur,Patancheru,Sangareddy,2026-06-07,FAC026,Cough,Other,Video,14,Yes,No,Yes,30,9.7,Telugu,Good,Completed
TC0005354,TEP0004106,Deepika Jangam,F,44,9826421940,Nakrekal,Nakrekal,Nalgonda,2026-07-03,FAC018,Cough,Diabetes,Video,16,No,No,No,,16.2,Telugu,Fair,Completed
TC0005355,TEP0004106,Deepika Jangam,F,44,9826421940,Nakrekal,Nakrekal,Nalgonda,2026-08-06,FAC018,Routine NCD review,Fever/Infection,Assisted video,12,Yes,No,Yes,14,16.2,Telugu,Fair,Completed
TC0005356,TEP0004107,winod Das,M,61,9827957775,Kalher,Narayankhed,Sangareddy,2026-03-04,FAC021,Headache,Fever/Infection,Video,22,Yes,No,Yes,14,22.9,Telugu,Poor,Completed
TC0005357,TEP0004108,Anjali Mudiraj,F,19,9892533935,Peddadinne,Devarakonda,Nalgonda,2026-02-10,FAC010,Abdominal discomfort,Hypertension,Video,8,Yes,No,No,,7.4,Telugu,Fair,Completed
TC0005358,TEP0004109,Harika Mudiraj,F,36,,Nomula,Nakrekal,Nalgonda,2026-04-05,FAC018,Abdominal discomfort,Fever/Infection,Video,12,Yes,Yes,Yes,14,2.2,Telugu,Poor,Completed
TC0005359,TEP0004110,Nares Begum,M,34,9490307198,Kallepally,Balanagar,Mahabubnagar,2026-04-29,FAC004,Abdominal discomfort,Diabetes,Audio,7,Yes,No,No,,26.4,Telugu,Poor,Completed
TC0005360,TEP0004111,Praveen Naik,M,42,9297612352,Marrur,Nakrekal,Nalgonda,2026-04-26,FAC018,Body pain,Musculoskeletal,Assisted video,24,Yes,Yes,No,,6.7,Telugu,Fair,Completed
TC0005361,TEP0004112,Venkatesh Rao,M,37,,Kohir,Zaheerabad,Sangareddy,2026-03-13,FAC023,Dizziness,Fever/Infection,Video,19,Yes,Yes,Yes,7,15.7,Telugu,Fair,Completed
TC0005362,TEP0004113,Srilatha Mudiraj,F,37,9820420382,Bhanur,Patancheru,Sangareddy,2026-07-29,FAC026,Skin complaint,Respiratory,Video,16,No,No,No,,12.8,Telugu,Fair,Completed
TC0005363,TEP0004114,Santosh Rao,M,29,9073854472,Mogudampally,Zaheerabad,Sangareddy,2026-08-04,FAC024,Fever,Fever/Infection,Assisted video,24,Yes,No,Yes,14,16.8,Telugu,Good,Completed
TC0005364,TEP0004115,Shankar Reddy,M,37,9217065755,Devarakonda,Devarakonda,Nalgonda,2026-08-09,FAC012,Headache,Other,Assisted video,17,Yes,No,Yes,21,22.1,Telugu,Fair,Completed
TC0005365,TEP0004115,Shankar Reddy,M,39,,Devarakonda,Devarakonda,Nalgonda,2026-08-13,FAC012,Routine NCD review,Musculoskeletal,Assisted video,22,Yes,No,Yes,30,22.1,Telugu,Fair,Completed
TC0005366,TEP0004116,Raju Yadav,M,70,9863407122,Patancheru,Patancheru,Sangareddy,2026-08-01,FAC026,Dizziness,Other,Video,13,Yes,No,No,,23.1,Urdu,Good,Completed
TC0005367,TEP0004117,Deepika Goud,F,36,+91-99077-13939,Midjil,Midjil,Mahabubnagar,2026-01-13,FAC009,Body pain,Other,Assisted video,8,No,Yes,Yes,30,19.5,Telugu,Poor,Completed
TC0005368,TEP0004117,Deepika Goud,F,35,9907713939,Midjil,Midjil,Mahabubnagar,2026-05-18,FAC008,Fever,Hypertension,Assisted video,11,Yes,No,Yes,21,11.3,Telugu,Good,Completed
TC0005369,TEP0004118,Saritha Khan,F,52,9389000420,Marrur,Nakrekal,Nalgonda,2026-03-08,FAC018,Abdominal discomfort,Musculoskeletal,Video,16,Yes,No,No,,6.7,Telugu,Fair,Completed
TC0005370,TEP0004119,Sai Patel,M,40,9874864358,Mogudampally,Zaheerabad,Sangareddy,2026-05-13,FAC023,Dizziness,Musculoskeletal,Video,17,Yes,No,Yes,21,22.3,Telugu,Good,Completed
TC0005371,TEP0004120,Saritha Shekar,F,67,9348076844,Bodajanampet,Balanagar,Mahabubnagar,2026-08-11,FAC004,Abdominal discomfort,Hypertension,Audio,8,Yes,No,Yes,30,27.6,Telugu,Poor,Completed
TC0005372,TEP0004121,Ranee Mudiraj,F,57,9119855267,Polepall,Jadcherla,Mahabubnagar,2026-06-23,FAC002,Body pain,Hypertension,Video,21,Yes,Yes,Yes,14,8.3,Telugu,Poor,Completed
TC0005373,TEP0004122,Renuka Yadav,F,58,9912464801,Machara,Jadcherla,Mahabubnagar,2026-01-27,FAC001,Skin complaint,Hypertension+Diabetes,Assisted video,24,No,No,Yes,7,17.2,Telugu,Good,Completed
TC0005374,TEP0004123,Srilatha Khan,F,77,9653313963,Devarakonda,Devarakonda,Nalgonda,2026-01-03,FAC012,Body pain,Diabetes,Assisted video,15,Yes,No,Yes,21,22.1,Telugu,Poor,Completed
TC0005375,TEP0004124,Suresh Das,M,39,9893627488,Marrur,Nakrekal,Nalgonda,2026-06-05,FAC018,Body pain,Hypertension,Audio,18,Yes,Yes,Yes,21,6.7,Telugu,Fair,Completed
TC0005376,TEP0004125,Vinod Chary,M,28,9369614662,Polepally,Jadcherla,Mahabubnagar,2026-07-27,FAC003,Body pain,Hypertension,Audio,13,Yes,Yes,Yes,21,21.0,Telugu,Poor,Completed
TC0005377,TEP0004125,Vinod Chary,M,30,9369614662,Polepally,Jadcherla,Mahabubnagar,2026-08-15,FAC001,Routine NCD review,Hypertension,Audio,11,Yes,No,No,,25.4,Telugu,Poor,Completed
TC0005378,TEP0004126,Jyothi Laxman,F,42,+91-98067-44992,Gundlapally,Devarakonda,Nalgonda,2026-06-09,FAC011,Dizziness,Hypertension,Assisted video,12,Yes,No,Yes,14,29.4,Telugu,Good,Completed
TC0005379,TEP0004127,Ravi Khan,M,37,,Patancheru,Patancheru,Sangareddy,2026-04-10,FAC027,Skin complaint,Gastrointestinal,Assisted video,7,Yes,No,Yes,21,36.3,Telugu,Good,Completed
TC0005380,TEP0004128,Lalitha Krishna,F,54,9009315373,CHANDUR,Chandur,Nalgonda,2026-01-09,FAC014,Cough,Gastrointestinal,Video,24,Yes,Yes,Yes,14,20.6,Telugu,Fair,Completed
TC0005381,TEP0004129,Shankar Kumar,M,31,9520917054,Vemula,Midjil,Mahabubnagar,2026-05-18,FAC007,Headache,Other,Audio,22,Yes,Yes,Yes,21,25.7,Telugu,Poor,Completed
TC0005382,TEP0004130,Divya Mallaiah,F,52,9682334171,Gangapur,Jadcherla,Mahabubnagar,2026-04-08,FAC003,Body pain,Musculoskeletal,Assisted video,22,Yes,No,Yes,7,26.4,Telugu,Good,Completed
TC0005383,TEP0004130,Divya Mallaiah,F,54,9682334171,Gangapur,Jadcherla,Mahabubnagar,2026-05-29,FAC003,Headache,Hypertension,Audio,21,Yes,Yes,Yes,30,26.4,Telugu,Poor,Completed
TC0005384,TEP0004131,Mounik Reddy,F,24,+91-96468-70332,Gundlapally,Devarakonda,Nalgonda,2026-03-31,FAC011,Dizziness,Dermatology,Assisted video,9,Yes,No,Yes,14,29.4,Telugu,Poor,Completed
TC0005385,TEP0004131,Mounika Reddy,F,26,9646870332,Gundlapally,Devarakonda,Nalgonda,2026-05-19,FAC011,Fever,Musculoskeletal,Video,20,Yes,No,Yes,7,29.4,Telugu,Poor,Completed
TC0005386,TEP0004132,Anitha Shekar,F,48,9232230248,Vemula,Midjil,Mahabubnagar,2026-06-10,FAC007,Dizziness,Fever/Infection,Video,9,Yes,No,Yes,14,25.7,Telugu,Good,Completed
TC0005387,TEP0004133,Sai Chary,M,69,9199157442,Bhanur,Patancheru,Sangareddy,2026-08-04,FAC026,Abdominal discomfort,Musculoskeletal,Video,10,Yes,Yes,Yes,30,12.8,Telugu,Good,Completed
TC0005388,TEP0004134,Srilatha Reddy,F,41,9547701797,Gundlapally,Devarakonda,Nalgonda,2026-01-12,FAC010,Abdominal discomfort,Hypertension,Video,12,Yes,No,Yes,30,26.3,Telugu,Good,Completed
TC0005389,TEP0004135,Nveen Laxman,M,47,9825130292,Kondamallepally,Devarakonda,Nalgonda,2026-02-24,FAC012,Skin complaint,Hypertension,Assisted video,15,Yes,No,Yes,7,19.6,Telugu,Fair,Completed
TC0005390,TEP0004135,Naveen Laxman,M,43,9825130292,Kondamallepally,Devarakonda,Nalgonda,2026-08-06,FAC010,Skin complaint,Hypertension+Diabetes,Audio,15,Yes,No,No,,20.0,Telugu,Fair,Completed
TC0005391,TEP0004136,Ramesh Krishna,M,42,+91-94983-21660,Bhanur,Patancheru,Sangareddy,2026-08-08,FAC027,Routine NCD review,Respiratory,Video,14,Yes,No,Yes,21,18.4,Telugu,Fair,Completed
TC0005392,TEP0004137,Kavitha Khan,F,46,9978489165,PEDDADINNE,Devarakonda,Nalgonda,2026-01-05,FAC011,Body pain,Diabetes,Audio,19,No,Yes,No,,13.9,Telugu,Fair,Completed
TC0005393,TEP0004137,Kavitha Khan,F,47,,Peddadinne,Devarakonda,Nalgonda,2026-02-05,FAC011,Cough,Diabetes,Audio,18,Yes,No,Yes,7,13.9,Telugu,Good,Completed
TC0005394,TEP0004138,Lalitha Begum,F,58,9839160591,Ameenpur,Patancheru,Sangareddy,2026-03-15,FAC025,Fever,Diabetes,Assisted video,24,Yes,Yes,Yes,7,13.0,Urdu,Poor,Completed
TC0005395,TEP0004138,Lalitha Begum,F,58,9839160591,Ameenpur,Patancheru,Sangareddy,2026-03-22,FAC026,Headache,Dermatology,Audio,22,No,Yes,Yes,21,9.7,Urdu,Fair,Completed
TC0005396,TEP0004138,Lalitha Begum,F,58,9839160591,Ameenpur,Patancheru,Sangareddy,2026-05-17,FAC027,Abdominal discomfort,Diabetes,Audio,9,No,No,Yes,30,27.9,Urdu,Fair,Completed
TC0005397,TEP0004139,Mouneeka Naik,F,53,9884894836,Gundlapall,Devarakonda,Nalgonda,2026-07-28,FAC012,Headache,Dermatology,Video,19,Yes,No,Yes,7,25.4,Telugu,Poor,Completed
TC0005398,TEP0004140,Divya Goud,F,45,9005097585,Polepally,Jadcherla,Mahabubnagar,2026-06-20,FAC003,Routine NCD review,Fever/Infection,Video,23,Yes,No,Yes,30,21.0,Telugu,Poor,Completed
TC0005399,TEP0004140,Divya Goud,F,46,9005497585,Polepally,Jadcherla,Mahabubnagar,2026-07-30,FAC002,Cough,Dermatology,Video,12,Yes,Yes,Yes,21,8.3,Telugu,Fair,Completed
TC0005400,TEP0004141,Srilatha Jangam,F,57,9503589303,Indresham,Patancheru,Sangareddy,2026-06-20,FAC026,Routine NCD review,Hypertension,Video,9,Yes,Yes,Yes,7,11.5,Telugu,Fair,Completed
TC0005401,TEP0004142,Suresh Narsimha,M,60,+91-99236-39459,Velpula,Midjil,Mahabubnagar,2026-01-03,FAC009,Skin complaint,Hypertension,Assisted video,24,No,No,Yes,14,4.2,Telugu,Fair,Completed
TC0005402,TEP0004143,Jyothi Naik,F,51,9279694678,Kalher,Narayankhed,Sangareddy,2026-01-14,FAC020,Routine NCD review,Other,Assisted video,18,Yes,No,Yes,30,29.6,Telugu,Poor,Completed
TC0005403,TEP0004143,Jyothi Naik,F,51,9279694678,Kalher,Narayankhed,Sangareddy,2026-05-17,FAC019,Routine NCD review,Gastrointestinal,Video,12,Yes,No,No,,24.9,Telugu,Fair,Completed
TC0005404,TEP0004144,Jyothi Narsimha,F,51,9644525203,Indresham,Patancheru,Sangareddy,2026-07-22,FAC027,Body pain,Musculoskeletal,Audio,22,Yes,No,Yes,21,22.3,Telugu,Fair,Completed
TC0005405,TEP0004145,Anitha Yadaw,F,38,9435798693,Kummarikunta,Chandur,Nalgonda,2026-06-01,FAC013,Body pain,Dermatology,Audio,23,Yes,No,Yes,30,6.5,Telugu,Good,Completed
TC0005406,TEP0004146,Divya Goud,F,18,9861937998,KOHIR,Zaheerabad,Sangareddy,2026-03-07,FAC022,Cough,Dermatology,Audio,24,Yes,No,Yes,30,3.6,Telugu,Fair,Completed
TC0005407,TEP0004147,Renuka Goud,F,28,9439358420,Devarakonda,Devarakonda,Nalgonda,2026-08-01,FAC012,Headache,Fever/Infection,Video,18,Yes,No,Yes,30,22.1,Telugu,Good,Completed
TC0005408,TEP0004148,Santosh Rao,M,40,9978528819,Velpula,Midjil,Mahabubnagar,2026-07-28,FAC009,Body pain,Dermatology,Video,13,Yes,Yes,No,,4.2,Telugu,Good,Completed
TC0005409,TEP0004149,Kavitha Jangam,F,57,+91-97916-66556,Peddadinne,Devarakonda,Nalgonda,2026-06-24,FAC012,Body pain,Other,Video,24,No,Yes,No,,6.6,Urdu,Fair,Completed
TC0005410,TEP0004150,Praveen Krishna,M,68,9114923740,Jharasangam,Zaheerabad,Sangareddy,2026-06-12,FAC022,Fever,Other,Assisted video,24,Yes,No,Yes,14,5.6,Telugu,Good,Completed
TC0005411,TEP0004151,Renuka Patel,F,65,+91-95901-77156,Polepally,Jadcherla,Mahabubnagar,2026-05-19,FAC003,Abdominal discomfort,Hypertension,Audio,19,No,No,Yes,14,21.0,Telugu,Poor,Completed
TC0005412,TEP0004152,Saritha Shekar,F,38,9296282320,Manoor,Narayankhed,Sangareddy,2026-07-16,FAC020,Headache,Hypertension+Diabetes,Assisted video,8,Yes,No,No,,21.7,Telugu,Good,Completed
TC0005413,TEP0004153,Raghav Chary,M,39,9339031550,Narayankhed,Narayankhed,Sangareddy,2026-01-01,FAC021,Abdominal discomfort,Diabetes,Assisted video,21,Yes,No,Yes,21,7.0,Telugu,Good,Completed
TC0005414,TEP0004154,Ramesh Narsimha,M,36,9522201824,Kondamallepalli,Devarakonda,Nalgonda,2026-06-03,FAC011,Abdominal discomfort,Musculoskeletal,Assisted video,14,Yes,No,Yes,30,25.7,Telugu,Good,Completed
TC0005415,TEP0004154,Ramesh Narsimha,M,38,+91-95222-01824,Kondamallepally,Devarakonda,Nalgonda,2026-08-02,FAC010,Headache,Fever/Infection,Audio,11,Yes,No,Yes,7,20.0,Telugu,Good,Completed
TC0005416,TEP0004155,Pdma Yadav,F,37,9396191495,Kondamallepally,Devarakonda,Nalgonda,2026-05-09,FAC010,Routine NCD review,Gastrointestinal,Video,16,Yes,Yes,Yes,30,20.0,Telugu,Poor,Completed
TC0005417,TEP0004155,Padma,F,36,,Kondamallepally,Devarakonda,Nalgonda,2026-06-15,FAC010,Routine NCD review,Dermatology,Assisted video,7,No,No,Yes,7,20.0,Telugu,Fair,Completed
TC0005418,TEP0004156,Bhavani Laxman,F,54,+91-99127-82456,KUMMARIKUNTA,Chandur,Nalgonda,2026-08-02,FAC015,Dizziness,Diabetes,Assisted video,8,Yes,No,Yes,7,26.6,Telugu,Poor,Completed
TC0005419,TEP0004157,Naresh Devi,M,18,9392968907,Kondamallepally,Devarakonda,Nalgonda,2026-03-09,FAC010,Skin complaint,Other,Assisted video,9,Yes,No,Yes,14,20.0,Telugu,Poor,Completed
TC0005420,TEP0004158,Renuka Chary,F,55,9078937726,Kohir,Zaheerabad,Sangareddy,2026-07-22,FAC023,Abdominal discomfort,Fever/Infection,Assisted video,20,Yes,Yes,No,,15.7,Telugu,Poor,Completed
TC0005421,TEP0004159,Mohan sekar,M,39,9660999246,Polepally,Jadcherla,Mahabubnagar,2026-05-30,FAC002,Routine NCD review,Hypertension+Diabetes,Video,18,No,No,No,,8.3,Urdu,Good,Completed
TC0005422,TEP0004160,Naveen Yadav,M,35,9917104543,Gangapur,Jadcherla,Mahabubnagar,2026-06-19,FAC003,Fever,Respiratory,Assisted video,17,Yes,No,Yes,21,26.4,Urdu,Poor,Completed
TC0005423,TEP0004161,Rani Goud,F,20,+91-91022-36761,CHANDUR,Chandur,Nalgonda,2026-05-31,FAC014,Skin complaint,Other,Assisted video,15,Yes,No,Yes,14,20.6,Telugu,Poor,Completed
TC0005424,TEP0004162,Raghav Chary,M,57,,Balanagar,Balanagar,Mahabubnagar,2026-04-08,FAC006,Routine NCD review,Respiratory,Audio,24,No,No,Yes,30,1.4,Telugu,Poor,Completed
TC0005425,TEP0004162,Raghav Chary,M,57,9494961217,Balanagar,Balanagar,Mahabubnagar,2026-05-04,FAC006,Routine NCD review,Other,Audio,21,Yes,No,Yes,21,1.4,Telugu,Fair,Completed
TC0005426,TEP0004163,Padma Devi,F,66,,Devarakonda,Devarakonda,Nalgonda,2026-02-05,FAC011,Headache,Hypertension,Audio,22,Yes,Yes,Yes,30,29.2,Telugu,Fair,Completed
TC0005427,TEP0004164,Sushma Chary,F,49,9419290967,Indresham,Patancheru,Sangareddy,2026-08-01,FAC025,Fever,Respiratory,Video,24,Yes,No,Yes,21,19.2,Telugu,Fair,Completed
TC0005428,TEP0004165,Praveen Mudiraj,M,56,9822554133,Kangti,Narayankhed,Sangareddy,2026-07-25,FAC019,Skin complaint,Diabetes,Video,14,Yes,Yes,Yes,14,20.3,English,Poor,Completed
TC0005429,TEP0004166,Naveen Goud,M,45,9415483159,Mogudampally,Zaheerabad,Sangareddy,2026-04-15,FAC024,Dizziness,Gastrointestinal,Assisted video,14,No,No,Yes,7,16.8,Telugu,Good,Completed
TC0005430,TEP0004167,Naveen Das,M,33,9539166655,POLEPALLY,Jadcherla,Mahabubnagar,2026-02-16,FAC002,Abdominal discomfort,Hypertension,Video,20,Yes,No,No,,8.3,Telugu,Poor,Completed
TC0005431,TEP0004168,Lakshmi Goud,F,50,+91-93050-18004,Kummarikunta,Chandur,Nalgonda,2026-01-08,FAC013,Routine NCD review,Other,Assisted video,12,No,No,No,,6.5,Telugu,Fair,Completed
TC0005432,TEP0004169,Nirmala Laxman,F,72,9791081715,Midjil,Midjil,Mahabubnagar,2026-07-30,FAC009,Fever,Hypertension,Video,9,Yes,No,No,,19.5,Telugu,Good,Completed
TC0005433,TEP0004170,Naresh Kumar,M,60,9702020481,Rajapur,Balanagar,Mahabubnagar,2026-06-30,FAC004,Abdominal discomfort,Diabetes,Assisted video,8,No,Yes,Yes,30,13.9,Telugu,Good,Completed
TC0005434,TEP0004170,Naresh Kumar,M,59,9702020481,Rajapur,Balanagar,Mahabubnagar,2026-07-20,FAC004,Cough,Fever/Infection,Audio,22,Yes,Yes,Yes,7,13.9,Telugu,Good,Completed
TC0005435,TEP0004171,Suresh Das,M,36,9068888349,MIDJIL,Midjil,Mahabubnagar,2026-02-14,FAC008,Routine NCD review,Diabetes,Assisted video,8,Yes,Yes,Yes,7,11.3,Telugu,Fair,Completed
TC0005436,TEP0004171,Suresh Das,M,37,9068888399,Midjil,Midjil,Mahabubnagar,2026-06-12,FAC008,Fever,Other,Video,16,Yes,No,No,,11.3,Telugu,Good,Completed
TC0005437,TEP0004172,Renuka Shekar,F,67,9562067034,Devarakonda,Devarakonda,Nalgonda,2026-06-22,FAC011,Abdominal discomfort,Musculoskeletal,Audio,10,Yes,No,Yes,21,29.2,Telugu,Good,Completed
TC0005438,TEP0004172,Renuka Shekar,F,66,9562067064,Devarakonda,Devarakonda,Nalgonda,2026-07-30,FAC012,Fever,Fever/Infection,Audio,16,Yes,No,Yes,7,22.1,Telugu,Good,Completed
TC0005439,TEP0004173,Lalitha Patel,F,40,9391355872,Velpula,Midjil,Mahabubnagar,2026-07-18,FAC008,Cough,Hypertension,Assisted video,13,No,No,Yes,14,12.6,Telugu,Good,Completed
TC0005440,TEP0004174,Anitha Krishna,F,51,9277218538,Kangti,Narayankhed,Sangareddy,2026-06-23,FAC020,Routine NCD review,Fever/Infection,Assisted video,12,Yes,No,No,,11.9,Urdu,Fair,Completed
TC0005441,TEP0004175,Santosh Rao,M,66,9038355817,Kohir,Zaheerabad,Sangareddy,2026-04-14,FAC022,Fever,Other,Audio,20,No,No,Yes,21,3.6,Telugu,Fair,Completed
TC0005442,TEP0004176,Raghav Naik,M,61,9575332550,Marrur,Nakrekal,Nalgonda,2026-04-05,FAC018,Headache,Musculoskeletal,Audio,23,Yes,No,No,,6.7,Telugu,Fair,Completed
TC0005443,TEP0004176,Raghav Naik,M,61,+91-95753-32550,Marrur,Nakrekal,Nalgonda,2026-04-28,FAC018,Dizziness,Hypertension,Audio,9,Yes,No,Yes,7,6.7,Telugu,Fair,Completed
TC0005444,TEP0004176,Raghav Naik,M,63,9575332550,Marrur,Nakrekal,Nalgonda,2026-06-27,FAC017,Headache,Hypertension,Assisted video,22,Yes,No,Yes,30,25.8,Telugu,Fair,Completed
TC0005445,TEP0004177,Naresh Begum,M,39,9638820582,Kangti,Narayankhed,Sangareddy,2026-06-28,FAC020,Abdominal discomfort,Diabetes,Assisted video,21,Yes,No,No,,11.9,Telugu,Good,Completed
TC0005446,TEP0004178,Ramesh Chary,M,48,9479846806,Gangapur,Jadcherla,Mahabubnagar,2026-06-09,FAC002,Body pain,Respiratory,Audio,12,Yes,Yes,Yes,21,38.9,Telugu,Fair,Completed
TC0005447,TEP0004179,Deepika Narsimha,F,18,9549596363,Mogudampally,Zaheerabad,Sangareddy,2026-07-21,FAC022,Fever,Musculoskeletal,Assisted video,17,No,No,Yes,7,13.2,Telugu,Good,Completed
TC0005448,TEP0004180,Naresh Mallaiah,M,44,9154018507,Polepally,Jadcherla,Mahabubnagar,2026-06-16,FAC002,Headache,Hypertension,Assisted video,7,Yes,No,Yes,30,8.3,Telugu,Fair,Completed
TC0005449,TEP0004180,Naresh Mallaiah,M,44,9154018507,Polepally,Jadcherla,Mahabubnagar,2026-08-13,FAC001,Skin complaint,Hypertension,Assisted video,14,Yes,Yes,Yes,21,25.4,Telugu,Poor,Completed
TC0005450,TEP0004181,Arun Basha,M,77,9168404922,Zaheerabad,Zaheerabad,Sangareddy,2026-04-02,FAC024,Routine NCD review,Diabetes,Video,19,Yes,No,Yes,21,28.3,Telugu,Good,Completed
TC0005451,TEP0004181,Arun Basha,M,76,+91-91684-04922,Zaheerabad,Zaheerabad,Sangareddy,2026-06-11,FAC022,Headache,Dermatology,Video,17,Yes,No,No,,25.3,Telugu,Fair,Completed
TC0005452,TEP0004182,Suresh,M,59,9315470111,Indresham,Patancheru,Sangareddy,2026-03-31,FAC025,Skin complaint,Dermatology,Video,12,Yes,No,Yes,30,19.2,Telugu,Good,Completed
TC0005453,TEP0004183,Ramesh Das,M,54,9742961539,Kohir,Zaheerabad,Sangareddy,2026-07-27,FAC024,Skin complaint,Hypertension,Audio,7,No,Yes,Yes,30,6.4,Telugu,Poor,Completed
TC0005454,TEP0004184,Naresh Yadav,M,35,9235667162,Polepally,Jadcherla,Mahabubnagar,2026-06-23,FAC001,Abdominal discomfort,Musculoskeletal,Assisted video,8,Yes,No,No,,25.4,Telugu,Poor,Completed
TC0005455,TEP0004185,Ravi Naik,M,73,9341776266,Nomula,Nakrekal,Nalgonda,2026-04-15,FAC016,Dizziness,Gastrointestinal,Video,7,Yes,Yes,Yes,7,36.1,Telugu,Fair,Completed
TC0005456,TEP0004185,Rvi Naik,M,72,9341776266,Nomula,Nakrekal,Nalgonda,2026-05-12,FAC018,Body pain,Musculoskeletal,Audio,11,Yes,No,No,,2.2,Telugu,Good,Completed
TC0005457,TEP0004185,Ravi Naik,M,71,9341776266,Nomula,Nakrekal,Nalgonda,2026-08-08,FAC017,Skin complaint,Dermatology,Assisted video,22,Yes,No,No,,29.9,Telugu,Poor,Completed
TC0005458,TEP0004186,Ramesh Krishna,M,18,9565490298,Kalher,Narayankhed,Sangareddy,2026-02-25,FAC021,Skin complaint,Hypertension+Diabetes,Assisted video,18,No,Yes,Yes,21,22.9,Telugu,Poor,Completed
TC0005459,TEP0004187,Jyothi Mallaiah,F,44,9487219051,Jharasangam,Zaheerabad,Sangareddy,2026-08-04,FAC023,Headache,Dermatology,Assisted video,20,No,Yes,Yes,14,18.7,Telugu,Good,Completed
TC0005460,TEP0004188,Srinivas Krishna,M,53,9435327711,Vemula,Midjil,Mahabubnagar,2026-03-06,FAC008,Fever,Gastrointestinal,Audio,17,Yes,No,Yes,21,22.2,English,Poor,Completed
TC0005461,TEP0004189,Nirmala Narsimha,F,68,9940865625,Nermata,Chandur,Nalgonda,2026-04-07,FAC014,Headache,Fever/Infection,Assisted video,16,Yes,Yes,Yes,7,19.2,Telugu,Good,Completed
TC0005462,TEP0004189,Nirmala Narsimha,F,68,+91-99408-65625,Nermata,Chandur,Nalgonda,2026-05-10,FAC015,Fever,Respiratory,Video,10,Yes,No,Yes,21,22.4,Telugu,Poor,Completed
TC0005463,TEP0004189,Nirmala Narsimha,F,68,9940865625,Nermata,Chandur,Nalgonda,2026-06-14,FAC014,Headache,Respiratory,Video,20,No,No,Yes,14,19.2,Telugu,Fair,Completed
TC0005464,TEP0004190,Padma Narsimha,F,49,9117116338,KOHIR,Zaheerabad,Sangareddy,2026-08-11,FAC024,Cough,Musculoskeletal,Assisted video,23,Yes,No,Yes,30,6.4,Telugu,Good,Completed
TC0005465,TEP0004191,Venkatesh Yadav,M,38,9048076017,Midjil,Midjil,Mahabubnagar,2026-08-12,FAC007,Cough,Hypertension+Diabetes,Video,13,No,No,Yes,21,7.6,Telugu,Poor,Completed
TC0005466,TEP0004192,Raghav Chary,M,60,9900700991,Devarakonda,Devarakonda,Nalgonda,2026-01-09,FAC010,Abdominal discomfort,Other,Video,10,No,Yes,No,,22.8,Telugu,Good,Completed
TC0005467,TEP0004193,Shobha Krishna,F,40,9326186915,Nakrekal,Nakrekal,Nalgonda,2026-07-07,FAC017,Routine NCD review,Diabetes,Audio,8,Yes,No,No,,36.5,Telugu,Good,Completed
TC0005468,TEP0004194,Deepika Goud,F,68,9862190255,Polepally,Jadcherla,Mahabubnagar,2026-05-16,FAC002,Headache,Musculoskeletal,Audio,16,No,No,Yes,7,8.3,Telugu,Good,Completed
TC0005469,TEP0004194,Deepika Goud,F,67,9862190255,Polepally,Jadcherla,Mahabubnagar,2026-07-02,FAC002,Dizziness,Dermatology,Assisted video,21,No,No,Yes,14,8.3,Telugu,Poor,Completed
TC0005470,TEP0004195,Raghav Goud,M,26,9640744692,Nermata,Chandur,Nalgonda,2026-05-27,FAC014,Headache,Musculoskeletal,Assisted video,12,Yes,No,Yes,21,19.2,Telugu,Good,Completed
TC0005471,TEP0004196,Padma Chary,F,41,,Devarakonda,Devarakonda,Nalgonda,2026-02-19,FAC011,Fever,Diabetes,Video,7,Yes,No,No,,29.2,Telugu,Good,Completed
TC0005472,TEP0004197,Sushma Kumar,F,39,9096222388,Zaheerabad,Zaheerabad,Sangareddy,2026-07-14,FAC023,Headache,Respiratory,Audio,8,Yes,No,No,,17.3,Telugu,Good,Completed
TC0005473,TEP0004198,Anitha Narsimha,F,44,9092872368,Midjil,Midjil,Mahabubnagar,2026-06-18,FAC009,Dizziness,Hypertension,Audio,21,Yes,No,Yes,7,19.5,Telugu,Poor,Completed
TC0005474,TEP0004199,Vinod Basha,M,45,9392185915,Manoor,Narayankhed,Sangareddy,2026-02-04,FAC021,Dizziness,Hypertension+Diabetes,Video,14,Yes,Yes,No,,15.5,Telugu,Poor,Completed
TC0005475,TEP0004200,Shobha Yadav,F,41,9685969669,VELPULA,Midjil,Mahabubnagar,2026-06-25,FAC007,Headache,Diabetes,Video,13,Yes,Yes,Yes,7,17.9,Telugu,Poor,Completed
TC0005476,TEP0004201,Kavitha Goud,F,57,9212790938,Nakrekal,Nakrekal,Nalgonda,2026-07-16,FAC016,Fever,Gastrointestinal,Video,8,No,No,Yes,14,35.5,Telugu,Good,Completed
TC0005477,TEP0004202,Shankar Rao,M,28,9101709206,Badepally,Jadcherla,Mahabubnagar,2026-05-07,FAC002,Cough,Gastrointestinal,Audio,10,Yes,No,No,,19.9,Telugu,Fair,Completed
TC0005478,TEP0004203,Lkshmi Mallaiah,F,42,9006356170,Devarakonda,Devarakonda,Nalgonda,2026-07-17,FAC010,Cough,Hypertension,Audio,12,Yes,Yes,No,,22.8,Telugu,Good,Completed
TC0005479,TEP0004203,Lakshmi Mallaiah,F,43,9006356170,Devarakond,Devarakonda,Nalgonda,2026-07-25,FAC010,Fever,Hypertension+Diabetes,Assisted video,18,Yes,Yes,Yes,14,22.8,Telugu,Good,Completed
TC0005480,TEP0004204,Bhavani Kumar,F,59,9939117840,Bodajanampet,Balanagar,Mahabubnagar,2026-08-11,FAC005,Cough,Hypertension,Video,9,Yes,No,Yes,21,26.6,Telugu,Good,Completed
TC0005481,TEP0004205,Deepika Khan,F,49,9246556976,Manoor,Narayankhed,Sangareddy,2026-02-01,FAC019,Routine NCD review,Respiratory,Audio,20,Yes,No,Yes,7,33.3,Telugu,Poor,Completed
TC0005482,TEP0004206,Naresh Khan,M,53,+91-95430-46469,Bodajanampet,Balanagar,Mahabubnagar,2026-05-12,FAC005,Headache,Dermatology,Assisted video,16,Yes,Yes,No,,26.6,Telugu,Good,Completed
TC0005483,TEP0004207,Rajesh Naik,M,47,9617626215,Kohir,Zaheerabad,Sangareddy,2026-02-27,FAC023,Routine NCD review,Diabetes,Audio,10,Yes,Yes,No,,15.7,English,Poor,Completed
TC0005484,TEP0004208,Srilatha Basha,F,36,9536352628,Macharam,Jadcherla,Mahabubnagar,2026-06-26,FAC003,Dizziness,Hypertension+Diabetes,Audio,15,Yes,No,Yes,14,12.8,Urdu,Good,Completed
TC0005485,TEP0004209,Santosh Laxman,M,67,9535622214,MANGALAPALLY,Nakrekal,Nalgonda,2026-06-11,FAC018,Routine NCD review,Musculoskeletal,Assisted video,19,No,Yes,No,,35.0,English,Good,Completed
TC0005486,TEP0004210,Anitha Reddy,F,48,9459415575,Devarakonda,Devarakonda,Nalgonda,2026-06-06,FAC012,Cough,Dermatology,Audio,23,Yes,No,Yes,7,22.1,Telugu,Poor,Completed
TC0005487,TEP0004211,Kiran Shekar,M,72,9761202805,Macharam,Jadcherla,Mahabubnagar,2026-07-29,FAC003,Dizziness,Other,Audio,18,Yes,No,No,,12.8,Telugu,Fair,Completed
TC0005488,TEP0004212,Anitha Reddy,F,63,9262831838,Bangarigadda,Chandur,Nalgonda,2026-05-01,FAC014,Skin complaint,Other,Assisted video,17,Yes,No,No,,17.6,Telugu,Good,Completed
TC0005489,TEP0004212,Anitha Reddy,F,63,9262831838,Bangarigadda,Chandur,Nalgonda,2026-05-09,FAC015,Headache,Fever/Infection,Audio,11,Yes,No,Yes,21,18.0,Telugu,Good,Completed
TC0005490,TEP0004213,Anjali Mudiraj,F,29,,KALLEPALLY,Balanagar,Mahabubnagar,2026-06-24,FAC005,Routine NCD review,Other,Video,12,Yes,Yes,No,,26.2,Telugu,Good,Completed
TC0005491,TEP0004214,Divya Mudiraj,F,46,9230315229,Gangapur,Jadcherla,Mahabubnagar,2026-02-22,FAC003,Fever,Fever/Infection,Audio,16,No,Yes,Yes,21,26.4,Telugu,Fair,Completed
TC0005492,TEP0004214,Divya Mudiraj,F,44,9230715229,Gangapur,Jadcherla,Mahabubnagar,2026-08-13,FAC002,Skin complaint,Other,Video,20,Yes,No,Yes,30,38.9,Telugu,Good,Completed
TC0005493,TEP0004215,Srinivas Reddy,M,40,9094075458,Mangalapally,Nakrekal,Nalgonda,2026-02-10,FAC017,Skin complaint,Other,Video,21,No,No,No,,21.1,Telugu,Poor,Completed
TC0005494,TEP0004215,Srinivas Reddy,M,40,+91-90943-75458,Mangalapally,Nakrekal,Nalgonda,2026-04-07,FAC018,Abdominal discomfort,Gastrointestinal,Audio,12,Yes,No,No,,35.0,Telugu,Fair,Completed
TC0005495,TEP0004216,Arun Goud,M,48,9476883978,Midjil,Midjil,Mahabubnagar,2026-01-28,FAC008,Abdominal discomfort,Diabetes,Video,18,No,Yes,Yes,7,11.3,Telugu,Poor,Completed
TC0005496,TEP0004217,Padma Laxman,F,51,9998026459,Ameenpur,Patancheru,Sangareddy,2026-06-01,FAC027,Dizziness,Hypertension,Audio,19,Yes,Yes,No,,27.9,Telugu,Poor,Completed
TC0005497,TEP0004217,Padma Laxman,F,52,9998026459,Ameenpur,Patancheru,Sangareddy,2026-07-03,FAC025,Dizziness,Hypertension,Assisted video,19,Yes,Yes,No,,13.0,Telugu,Good,Completed
TC0005498,TEP0004218,Shankar Das,M,23,9837557320,Macharam,Jadcherla,Mahabubnagar,2026-03-30,FAC003,Abdominal discomfort,Respiratory,Video,8,Yes,No,No,,12.8,Telugu,Poor,Completed
TC0005499,TEP0004218,Shankar Das,M,24,9837557320,Machara,Jadcherla,Mahabubnagar,2026-08-07,FAC002,Body pain,Gastrointestinal,Audio,21,Yes,No,No,,29.4,Telugu,Fair,Completed
TC0005500,TEP0004219,njali Basha,F,43,9055310237,Macharam,Jadcherla,Mahabubnagar,2026-05-14,FAC003,Routine NCD review,Other,Video,12,No,No,Yes,7,12.8,Telugu,Fair,Completed
TC0005501,TEP0004220,Arun Mallaiah,M,59,9020205024,Kohir,Zaheerabad,Sangareddy,2026-06-08,FAC022,Dizziness,Other,Assisted video,19,Yes,No,No,,3.6,English,Fair,Completed
TC0005502,TEP0004221,Sai Chary,M,68,9649390174,Midjil,Midjil,Mahabubnagar,2026-01-14,FAC009,Abdominal discomfort,Musculoskeletal,Audio,11,Yes,No,No,,19.5,Telugu,Poor,Completed
TC0005503,TEP0004221,Sai Chary,M,68,9649399174,Midjil,Midjil,Mahabubnagar,2026-06-23,FAC008,Abdominal discomfort,Respiratory,Video,20,Yes,No,Yes,14,11.3,Telugu,Fair,Completed
TC0005504,TEP0004222,Bhavani Patel,F,34,9684689365,Donur,Midjil,Mahabubnagar,2026-01-22,FAC007,Skin complaint,Dermatology,Video,16,Yes,No,Yes,30,23.7,Telugu,Poor,Completed
TC0005505,TEP0004223,Shankar Khan,M,41,9518580885,Kohir,Zaheerabad,Sangareddy,2026-07-08,FAC022,Fever,Fever/Infection,Audio,7,Yes,No,Yes,7,3.6,Telugu,Fair,Completed
TC0005506,TEP0004224,Saritha Krishna,F,48,,Bodajanampet,Balanagar,Mahabubnagar,2026-01-02,FAC004,Body pain,Gastrointestinal,Video,19,No,No,Yes,21,27.6,Telugu,Good,Completed
TC0005507,TEP0004225,Swati Reddy,F,37,+91-97925-23475,Mangalapally,Nakrekal,Nalgonda,2026-03-29,FAC018,Cough,Dermatology,Assisted video,20,Yes,No,Yes,21,35.0,Telugu,Fair,Completed
TC0005508,TEP0004225,Swathi Reddy,F,33,9792523475,Mangalapally,Nakrekal,Nalgonda,2026-04-30,FAC016,Dizziness,Musculoskeletal,Video,22,Yes,No,Yes,30,4.1,Telugu,Fair,Completed
TC0005509,TEP0004226,Mahesh Das,M,35,,Gundlapally,Devarakonda,Nalgonda,2026-03-17,FAC012,Body pain,Other,Video,7,Yes,Yes,Yes,7,25.4,Telugu,Good,Completed
TC0005510,TEP0004227,Navin Rao,M,30,9686528125,Ameenpu,Patancheru,Sangareddy,2026-05-29,FAC026,Fever,Fever/Infection,Video,18,Yes,No,No,,9.7,Telugu,Fair,Completed
TC0005511,TEP0004228,Vinod Reddy,M,68,9885587792,Velpula,Midjil,Mahabubnagar,2026-05-03,FAC007,Headache,Hypertension,Video,24,No,Yes,No,,17.9,Urdu,Good,Completed
TC0005512,TEP0004228,Vinod Reddy,M,66,9885587792,Velpula,Midjil,Mahabubnagar,2026-06-13,FAC008,Routine NCD review,Hypertension,Assisted video,23,Yes,Yes,No,,12.6,Urdu,Fair,Completed
TC0005513,TEP0004229,Divya Yadav,F,40,,Kohir,Zaheerabad,Sangareddy,2026-02-22,FAC023,Headache,Diabetes,Video,7,Yes,Yes,Yes,7,15.7,Telugu,Good,Completed
TC0005514,TEP0004230,Shankar Krishna,M,81,9272931494,Narayankhe,Narayankhed,Sangareddy,2026-04-01,FAC020,Abdominal discomfort,Diabetes,Assisted video,15,No,No,Yes,7,23.7,Telugu,Good,Completed
TC0005515,TEP0004230,Shankar Krishna,M,80,9272931494,Narayankhed,Narayankhed,Sangareddy,2026-06-28,FAC020,Body pain,Diabetes,Video,14,Yes,Yes,No,,23.7,Telugu,Fair,Completed
TC0005516,TEP0004231,Anjali Krishna,F,66,9175074132,Kondamallepalli,Devarakonda,Nalgonda,2026-02-22,FAC012,Fever,Fever/Infection,Video,21,No,No,No,,19.6,Telugu,Poor,Completed
